# Step Strain Stress Density
1 0.000000e+00 0.000000e+00 9.555492e+09 
2 0.000000e+00 0.000000e+00 9.555492e+09 
3 0.000000e+00 0.000000e+00 9.555493e+09 
4 0.000000e+00 0.000000e+00 9.555493e+09 
5 0.000000e+00 0.000000e+00 9.555493e+09 
6 0.000000e+00 0.000000e+00 9.555493e+09 
7 0.000000e+00 0.000000e+00 9.555493e+09 
8 0.000000e+00 0.000000e+00 9.555493e+09 
9 0.000000e+00 0.000000e+00 9.555493e+09 
10 0.000000e+00 0.000000e+00 9.555493e+09 
11 0.000000e+00 0.000000e+00 9.555493e+09 
12 0.000000e+00 0.000000e+00 9.555493e+09 
13 0.000000e+00 0.000000e+00 9.555493e+09 
14 0.000000e+00 0.000000e+00 9.555493e+09 
15 0.000000e+00 0.000000e+00 9.555493e+09 
16 0.000000e+00 0.000000e+00 9.555494e+09 
17 0.000000e+00 0.000000e+00 9.555494e+09 
18 0.000000e+00 0.000000e+00 9.555495e+09 
19 0.000000e+00 0.000000e+00 9.555495e+09 
20 0.000000e+00 0.000000e+00 9.555496e+09 
21 0.000000e+00 0.000000e+00 9.555498e+09 
22 0.000000e+00 0.000000e+00 9.555500e+09 
23 0.000000e+00 0.000000e+00 9.555503e+09 
24 0.000000e+00 0.000000e+00 9.555508e+09 
25 0.000000e+00 0.000000e+00 9.555519e+09 
26 0.000000e+00 0.000000e+00 9.555535e+09 
27 0.000000e+00 0.000000e+00 9.555559e+09 
28 0.000000e+00 0.000000e+00 9.555590e+09 
29 0.000000e+00 0.000000e+00 9.555661e+09 
30 0.000000e+00 0.000000e+00 9.555791e+09 
31 0.000000e+00 0.000000e+00 9.555999e+09 
32 0.000000e+00 0.000000e+00 9.556331e+09 
33 0.000000e+00 0.000000e+00 9.556857e+09 
34 0.000000e+00 0.000000e+00 9.558715e+09 
35 0.000000e+00 0.000000e+00 9.564895e+09 
36 0.000000e+00 0.000000e+00 9.586120e+09 
37 0.000000e+00 0.000000e+00 9.555891e+09 
38 0.000000e+00 0.000000e+00 9.555675e+09 
39 0.000000e+00 0.000000e+00 9.555603e+09 
40 0.000000e+00 0.000000e+00 9.555656e+09 
41 0.000000e+00 0.000000e+00 9.555675e+09 
42 0.000000e+00 0.000000e+00 9.555712e+09 
43 0.000000e+00 0.000000e+00 9.555502e+09 
44 0.000000e+00 0.000000e+00 9.555563e+09 
45 0.000000e+00 0.000000e+00 9.555504e+09 
46 0.000000e+00 0.000000e+00 9.555493e+09 
47 0.000000e+00 0.000000e+00 9.555504e+09 
48 0.000000e+00 0.000000e+00 9.555521e+09 
49 0.000000e+00 0.000000e+00 9.555977e+09 
50 0.000000e+00 0.000000e+00 9.555497e+09 
51 0.000000e+00 0.000000e+00 9.555528e+09 
52 0.000000e+00 0.000000e+00 9.555496e+09 
53 0.000000e+00 0.000000e+00 9.555526e+09 
54 0.000000e+00 0.000000e+00 9.555494e+09 
55 0.000000e+00 0.000000e+00 9.555517e+09 
56 0.000000e+00 0.000000e+00 9.555493e+09 
57 0.000000e+00 0.000000e+00 9.555496e+09 
58 0.000000e+00 0.000000e+00 9.555579e+09 
59 0.000000e+00 0.000000e+00 9.555493e+09 
60 0.000000e+00 0.000000e+00 9.555495e+09 
61 0.000000e+00 0.000000e+00 9.555493e+09 
62 0.000000e+00 0.000000e+00 9.555496e+09 
63 0.000000e+00 0.000000e+00 9.555499e+09 
64 0.000000e+00 0.000000e+00 9.555493e+09 
65 0.000000e+00 0.000000e+00 9.555521e+09 
66 0.000000e+00 0.000000e+00 9.555509e+09 
67 0.000000e+00 0.000000e+00 9.555503e+09 
68 0.000000e+00 0.000000e+00 9.555638e+09 
69 0.000000e+00 0.000000e+00 9.555549e+09 
70 0.000000e+00 0.000000e+00 9.555493e+09 
71 0.000000e+00 0.000000e+00 9.555493e+09 
72 0.000000e+00 0.000000e+00 9.555493e+09 
73 0.000000e+00 0.000000e+00 9.555495e+09 
74 0.000000e+00 0.000000e+00 9.555495e+09 
75 0.000000e+00 0.000000e+00 9.555493e+09 
76 0.000000e+00 0.000000e+00 9.555496e+09 
77 0.000000e+00 0.000000e+00 9.555690e+09 
78 0.000000e+00 0.000000e+00 9.555493e+09 
79 0.000000e+00 0.000000e+00 9.555493e+09 
80 0.000000e+00 0.000000e+00 9.555493e+09 
81 0.000000e+00 0.000000e+00 9.555493e+09 
82 0.000000e+00 0.000000e+00 9.555494e+09 
83 0.000000e+00 0.000000e+00 9.555506e+09 
84 0.000000e+00 0.000000e+00 9.555494e+09 
85 0.000000e+00 0.000000e+00 9.555494e+09 
86 0.000000e+00 0.000000e+00 9.555505e+09 
87 0.000000e+00 0.000000e+00 9.555493e+09 
88 0.000000e+00 0.000000e+00 9.555499e+09 
89 0.000000e+00 0.000000e+00 9.555495e+09 
90 0.000000e+00 0.000000e+00 9.555493e+09 
91 0.000000e+00 0.000000e+00 9.555517e+09 
92 0.000000e+00 0.000000e+00 9.555501e+09 
93 0.000000e+00 0.000000e+00 9.555493e+09 
94 0.000000e+00 0.000000e+00 9.555493e+09 
95 0.000000e+00 0.000000e+00 9.555494e+09 
96 0.000000e+00 0.000000e+00 9.555508e+09 
97 0.000000e+00 0.000000e+00 9.555494e+09 
98 0.000000e+00 0.000000e+00 9.555494e+09 
99 0.000000e+00 0.000000e+00 9.555495e+09 
100 0.000000e+00 0.000000e+00 9.555495e+09 
101 0.000000e+00 0.000000e+00 9.555493e+09 
102 0.000000e+00 0.000000e+00 9.555546e+09 
103 0.000000e+00 0.000000e+00 9.555495e+09 
104 0.000000e+00 0.000000e+00 9.555493e+09 
105 0.000000e+00 0.000000e+00 9.555494e+09 
106 0.000000e+00 0.000000e+00 9.555496e+09 
107 0.000000e+00 0.000000e+00 9.555494e+09 
108 0.000000e+00 0.000000e+00 9.555494e+09 
109 0.000000e+00 0.000000e+00 9.555503e+09 
110 0.000000e+00 0.000000e+00 9.555493e+09 
111 0.000000e+00 0.000000e+00 9.555582e+09 
112 0.000000e+00 0.000000e+00 9.555493e+09 
113 0.000000e+00 0.000000e+00 9.555496e+09 
114 0.000000e+00 0.000000e+00 9.555493e+09 
115 0.000000e+00 0.000000e+00 9.555493e+09 
116 0.000000e+00 0.000000e+00 9.555494e+09 
117 0.000000e+00 0.000000e+00 9.555495e+09 
118 0.000000e+00 0.000000e+00 9.555497e+09 
119 0.000000e+00 0.000000e+00 9.555496e+09 
120 0.000000e+00 0.000000e+00 9.555496e+09 
121 0.000000e+00 0.000000e+00 9.555493e+09 
122 0.000000e+00 0.000000e+00 9.555495e+09 
123 0.000000e+00 0.000000e+00 9.555495e+09 
124 0.000000e+00 0.000000e+00 9.555493e+09 
125 0.000000e+00 0.000000e+00 9.555501e+09 
126 0.000000e+00 0.000000e+00 9.555493e+09 
127 0.000000e+00 0.000000e+00 9.555510e+09 
128 0.000000e+00 0.000000e+00 9.555494e+09 
129 0.000000e+00 0.000000e+00 9.555493e+09 
130 0.000000e+00 0.000000e+00 9.555493e+09 
131 0.000000e+00 0.000000e+00 9.555494e+09 
132 0.000000e+00 0.000000e+00 9.555493e+09 
133 0.000000e+00 0.000000e+00 9.555494e+09 
134 0.000000e+00 0.000000e+00 9.555507e+09 
135 0.000000e+00 0.000000e+00 9.555493e+09 
136 0.000000e+00 0.000000e+00 9.555493e+09 
137 0.000000e+00 0.000000e+00 9.555494e+09 
138 0.000000e+00 0.000000e+00 9.555493e+09 
139 0.000000e+00 0.000000e+00 9.555513e+09 
140 0.000000e+00 0.000000e+00 9.555503e+09 
141 0.000000e+00 0.000000e+00 9.555498e+09 
142 0.000000e+00 0.000000e+00 9.555493e+09 
143 0.000000e+00 0.000000e+00 9.555494e+09 
144 0.000000e+00 0.000000e+00 9.555499e+09 
145 0.000000e+00 0.000000e+00 9.555625e+09 
146 0.000000e+00 0.000000e+00 9.555581e+09 
147 0.000000e+00 0.000000e+00 9.555497e+09 
148 0.000000e+00 0.000000e+00 9.555514e+09 
149 0.000000e+00 0.000000e+00 9.555501e+09 
150 0.000000e+00 0.000000e+00 9.555496e+09 
151 0.000000e+00 0.000000e+00 9.555495e+09 
152 0.000000e+00 0.000000e+00 9.555518e+09 
153 0.000000e+00 0.000000e+00 9.555496e+09 
154 0.000000e+00 0.000000e+00 9.555494e+09 
155 0.000000e+00 0.000000e+00 9.555503e+09 
156 0.000000e+00 0.000000e+00 9.555493e+09 
157 0.000000e+00 0.000000e+00 9.555509e+09 
158 0.000000e+00 0.000000e+00 9.555493e+09 
159 0.000000e+00 0.000000e+00 9.555509e+09 
160 0.000000e+00 0.000000e+00 9.555518e+09 
161 0.000000e+00 0.000000e+00 9.555497e+09 
162 0.000000e+00 0.000000e+00 9.555498e+09 
163 0.000000e+00 0.000000e+00 9.555494e+09 
164 0.000000e+00 0.000000e+00 9.555493e+09 
165 0.000000e+00 0.000000e+00 9.555494e+09 
166 0.000000e+00 0.000000e+00 9.555493e+09 
167 0.000000e+00 0.000000e+00 9.555494e+09 
168 0.000000e+00 0.000000e+00 9.555499e+09 
169 0.000000e+00 0.000000e+00 9.555495e+09 
170 0.000000e+00 0.000000e+00 9.555498e+09 
171 0.000000e+00 0.000000e+00 9.555496e+09 
172 0.000000e+00 0.000000e+00 9.555495e+09 
173 0.000000e+00 0.000000e+00 9.555497e+09 
174 0.000000e+00 0.000000e+00 9.555499e+09 
175 0.000000e+00 0.000000e+00 9.555496e+09 
176 0.000000e+00 0.000000e+00 9.555495e+09 
177 0.000000e+00 0.000000e+00 9.555499e+09 
178 0.000000e+00 0.000000e+00 9.555508e+09 
179 0.000000e+00 0.000000e+00 9.555741e+09 
180 0.000000e+00 0.000000e+00 9.555493e+09 
181 0.000000e+00 0.000000e+00 9.555509e+09 
182 0.000000e+00 0.000000e+00 9.555494e+09 
183 0.000000e+00 0.000000e+00 9.555496e+09 
184 0.000000e+00 0.000000e+00 9.555494e+09 
185 0.000000e+00 0.000000e+00 9.555500e+09 
186 0.000000e+00 0.000000e+00 9.555494e+09 
187 0.000000e+00 0.000000e+00 9.555558e+09 
188 0.000000e+00 0.000000e+00 9.555530e+09 
189 0.000000e+00 0.000000e+00 9.555510e+09 
190 0.000000e+00 0.000000e+00 9.555506e+09 
191 0.000000e+00 0.000000e+00 9.555493e+09 
192 0.000000e+00 0.000000e+00 9.555497e+09 
193 0.000000e+00 0.000000e+00 9.555505e+09 
194 0.000000e+00 0.000000e+00 9.555493e+09 
195 0.000000e+00 0.000000e+00 9.555500e+09 
196 0.000000e+00 0.000000e+00 9.555540e+09 
197 0.000000e+00 0.000000e+00 9.555493e+09 
198 0.000000e+00 0.000000e+00 9.555495e+09 
199 0.000000e+00 0.000000e+00 9.555495e+09 
200 0.000000e+00 0.000000e+00 9.555527e+09 
201 0.000000e+00 0.000000e+00 9.555512e+09 
202 0.000000e+00 0.000000e+00 9.555493e+09 
203 0.000000e+00 0.000000e+00 9.555501e+09 
204 0.000000e+00 0.000000e+00 9.555545e+09 
205 0.000000e+00 0.000000e+00 9.555948e+09 
206 0.000000e+00 0.000000e+00 9.555540e+09 
207 0.000000e+00 0.000000e+00 9.555507e+09 
208 0.000000e+00 0.000000e+00 9.555509e+09 
209 0.000000e+00 0.000000e+00 9.555503e+09 
210 0.000000e+00 0.000000e+00 9.555506e+09 
211 0.000000e+00 0.000000e+00 9.555493e+09 
212 0.000000e+00 0.000000e+00 9.555493e+09 
213 0.000000e+00 0.000000e+00 9.555514e+09 
214 0.000000e+00 0.000000e+00 9.567195e+09 
215 0.000000e+00 0.000000e+00 9.555496e+09 
216 0.000000e+00 0.000000e+00 9.555534e+09 
217 0.000000e+00 0.000000e+00 9.555500e+09 
218 0.000000e+00 0.000000e+00 9.555495e+09 
219 0.000000e+00 0.000000e+00 9.555496e+09 
220 0.000000e+00 0.000000e+00 9.555493e+09 
221 0.000000e+00 0.000000e+00 9.555495e+09 
222 0.000000e+00 0.000000e+00 9.555498e+09 
223 0.000000e+00 0.000000e+00 9.555493e+09 
224 0.000000e+00 0.000000e+00 9.555493e+09 
225 0.000000e+00 0.000000e+00 9.555494e+09 
226 0.000000e+00 0.000000e+00 9.555493e+09 
227 0.000000e+00 0.000000e+00 9.555494e+09 
228 0.000000e+00 0.000000e+00 9.555493e+09 
229 0.000000e+00 0.000000e+00 9.555493e+09 
230 0.000000e+00 0.000000e+00 9.555498e+09 
231 0.000000e+00 0.000000e+00 9.555493e+09 
232 0.000000e+00 0.000000e+00 9.555494e+09 
233 0.000000e+00 0.000000e+00 9.555529e+09 
234 0.000000e+00 0.000000e+00 9.555523e+09 
235 0.000000e+00 0.000000e+00 9.555495e+09 
236 0.000000e+00 0.000000e+00 9.555494e+09 
237 0.000000e+00 0.000000e+00 9.555495e+09 
238 0.000000e+00 0.000000e+00 9.555501e+09 
239 0.000000e+00 0.000000e+00 9.555736e+09 
240 0.000000e+00 0.000000e+00 9.555541e+09 
241 0.000000e+00 0.000000e+00 9.555493e+09 
242 0.000000e+00 0.000000e+00 9.555496e+09 
243 0.000000e+00 0.000000e+00 9.555494e+09 
244 0.000000e+00 0.000000e+00 9.556355e+09 
245 0.000000e+00 0.000000e+00 9.555494e+09 
246 0.000000e+00 0.000000e+00 9.555500e+09 
247 0.000000e+00 0.000000e+00 9.555505e+09 
248 0.000000e+00 0.000000e+00 9.555496e+09 
249 0.000000e+00 0.000000e+00 9.555495e+09 
250 0.000000e+00 0.000000e+00 9.555495e+09 
251 0.000000e+00 0.000000e+00 9.555496e+09 
252 0.000000e+00 0.000000e+00 9.555495e+09 
253 0.000000e+00 0.000000e+00 9.555496e+09 
254 0.000000e+00 0.000000e+00 9.555520e+09 
255 0.000000e+00 0.000000e+00 9.555501e+09 
256 0.000000e+00 0.000000e+00 9.555493e+09 
257 0.000000e+00 0.000000e+00 9.555502e+09 
258 0.000000e+00 0.000000e+00 9.555565e+09 
259 0.000000e+00 0.000000e+00 9.555494e+09 
260 0.000000e+00 0.000000e+00 9.555494e+09 
261 0.000000e+00 0.000000e+00 9.555497e+09 
262 0.000000e+00 0.000000e+00 9.555493e+09 
263 0.000000e+00 0.000000e+00 9.555493e+09 
264 0.000000e+00 0.000000e+00 9.555494e+09 
265 0.000000e+00 0.000000e+00 9.555493e+09 
266 0.000000e+00 0.000000e+00 9.555493e+09 
267 0.000000e+00 0.000000e+00 9.555493e+09 
268 0.000000e+00 0.000000e+00 9.555493e+09 
269 0.000000e+00 0.000000e+00 9.555493e+09 
270 0.000000e+00 0.000000e+00 9.555493e+09 
271 0.000000e+00 0.000000e+00 9.555493e+09 
272 0.000000e+00 0.000000e+00 9.555503e+09 
273 0.000000e+00 0.000000e+00 9.555506e+09 
274 0.000000e+00 0.000000e+00 9.555504e+09 
275 0.000000e+00 0.000000e+00 9.555494e+09 
276 0.000000e+00 0.000000e+00 9.555494e+09 
277 0.000000e+00 0.000000e+00 9.555493e+09 
278 0.000000e+00 0.000000e+00 9.555518e+09 
279 0.000000e+00 0.000000e+00 9.555631e+09 
280 0.000000e+00 0.000000e+00 9.555506e+09 
281 0.000000e+00 0.000000e+00 9.555496e+09 
282 0.000000e+00 0.000000e+00 9.555501e+09 
283 0.000000e+00 0.000000e+00 9.555495e+09 
284 0.000000e+00 0.000000e+00 9.555493e+09 
285 0.000000e+00 0.000000e+00 9.555493e+09 
286 0.000000e+00 0.000000e+00 9.555493e+09 
287 0.000000e+00 0.000000e+00 9.555505e+09 
288 0.000000e+00 0.000000e+00 9.555537e+09 
289 0.000000e+00 0.000000e+00 9.555493e+09 
290 0.000000e+00 0.000000e+00 9.555497e+09 
291 0.000000e+00 0.000000e+00 9.555495e+09 
292 0.000000e+00 0.000000e+00 9.555494e+09 
293 0.000000e+00 0.000000e+00 9.555499e+09 
294 0.000000e+00 0.000000e+00 9.555520e+09 
295 0.000000e+00 0.000000e+00 9.555494e+09 
296 0.000000e+00 0.000000e+00 9.555504e+09 
297 0.000000e+00 0.000000e+00 9.555493e+09 
298 0.000000e+00 0.000000e+00 9.555493e+09 
299 0.000000e+00 0.000000e+00 9.555493e+09 
300 0.000000e+00 0.000000e+00 9.555493e+09 
301 0.000000e+00 0.000000e+00 9.555493e+09 
302 0.000000e+00 0.000000e+00 9.555493e+09 
303 0.000000e+00 0.000000e+00 9.555494e+09 
304 0.000000e+00 0.000000e+00 9.555495e+09 
305 0.000000e+00 0.000000e+00 9.555494e+09 
306 0.000000e+00 0.000000e+00 9.555493e+09 
307 0.000000e+00 0.000000e+00 9.555494e+09 
308 0.000000e+00 0.000000e+00 9.555493e+09 
309 0.000000e+00 0.000000e+00 9.555493e+09 
310 0.000000e+00 0.000000e+00 9.555494e+09 
311 0.000000e+00 0.000000e+00 9.555493e+09 
312 0.000000e+00 0.000000e+00 9.555550e+09 
313 0.000000e+00 0.000000e+00 9.555496e+09 
314 0.000000e+00 0.000000e+00 9.555497e+09 
315 0.000000e+00 0.000000e+00 9.555567e+09 
316 0.000000e+00 0.000000e+00 9.555498e+09 
317 0.000000e+00 0.000000e+00 9.555496e+09 
318 0.000000e+00 0.000000e+00 9.555500e+09 
319 0.000000e+00 0.000000e+00 9.555495e+09 
320 0.000000e+00 0.000000e+00 9.555494e+09 
321 0.000000e+00 0.000000e+00 9.555494e+09 
322 0.000000e+00 0.000000e+00 9.555493e+09 
323 0.000000e+00 0.000000e+00 9.555508e+09 
324 0.000000e+00 0.000000e+00 9.555494e+09 
325 0.000000e+00 0.000000e+00 9.555493e+09 
326 0.000000e+00 0.000000e+00 9.555496e+09 
327 0.000000e+00 0.000000e+00 9.555493e+09 
328 0.000000e+00 0.000000e+00 9.555509e+09 
329 0.000000e+00 0.000000e+00 9.555498e+09 
330 0.000000e+00 0.000000e+00 9.555495e+09 
331 0.000000e+00 0.000000e+00 9.555535e+09 
332 0.000000e+00 0.000000e+00 9.555494e+09 
333 0.000000e+00 0.000000e+00 9.555505e+09 
334 0.000000e+00 0.000000e+00 9.555518e+09 
335 0.000000e+00 0.000000e+00 9.555501e+09 
336 0.000000e+00 0.000000e+00 9.555501e+09 
337 0.000000e+00 0.000000e+00 9.555494e+09 
338 0.000000e+00 0.000000e+00 9.555498e+09 
339 0.000000e+00 0.000000e+00 9.555498e+09 
340 0.000000e+00 0.000000e+00 9.555496e+09 
341 0.000000e+00 0.000000e+00 9.555494e+09 
342 0.000000e+00 0.000000e+00 9.555501e+09 
343 0.000000e+00 0.000000e+00 9.555493e+09 
344 0.000000e+00 0.000000e+00 9.555494e+09 
345 0.000000e+00 0.000000e+00 9.555599e+09 
346 0.000000e+00 0.000000e+00 9.555495e+09 
347 0.000000e+00 0.000000e+00 9.555496e+09 
348 0.000000e+00 0.000000e+00 9.555493e+09 
349 0.000000e+00 0.000000e+00 9.555507e+09 
350 0.000000e+00 0.000000e+00 9.555507e+09 
351 0.000000e+00 0.000000e+00 9.555594e+09 
352 0.000000e+00 0.000000e+00 9.555497e+09 
353 0.000000e+00 0.000000e+00 9.555493e+09 
354 0.000000e+00 0.000000e+00 9.555495e+09 
355 0.000000e+00 0.000000e+00 9.555501e+09 
356 0.000000e+00 0.000000e+00 9.555509e+09 
357 0.000000e+00 0.000000e+00 9.555514e+09 
358 0.000000e+00 0.000000e+00 9.555494e+09 
359 0.000000e+00 0.000000e+00 9.555509e+09 
360 0.000000e+00 0.000000e+00 9.555499e+09 
361 0.000000e+00 0.000000e+00 9.555713e+09 
362 0.000000e+00 0.000000e+00 9.555494e+09 
363 0.000000e+00 0.000000e+00 9.555713e+09 
364 0.000000e+00 0.000000e+00 9.555496e+09 
365 0.000000e+00 0.000000e+00 9.555493e+09 
366 0.000000e+00 0.000000e+00 9.555493e+09 
367 0.000000e+00 0.000000e+00 9.555513e+09 
368 0.000000e+00 0.000000e+00 9.555496e+09 
369 0.000000e+00 0.000000e+00 9.555494e+09 
370 0.000000e+00 0.000000e+00 9.555495e+09 
371 0.000000e+00 0.000000e+00 9.555493e+09 
372 0.000000e+00 0.000000e+00 9.555496e+09 
373 0.000000e+00 0.000000e+00 9.555493e+09 
374 0.000000e+00 0.000000e+00 9.555496e+09 
375 0.000000e+00 0.000000e+00 9.555494e+09 
376 0.000000e+00 0.000000e+00 9.555493e+09 
377 0.000000e+00 0.000000e+00 9.555493e+09 
378 0.000000e+00 0.000000e+00 9.555493e+09 
379 0.000000e+00 0.000000e+00 9.555500e+09 
380 0.000000e+00 0.000000e+00 9.555494e+09 
381 0.000000e+00 0.000000e+00 9.555514e+09 
382 0.000000e+00 0.000000e+00 9.555493e+09 
383 0.000000e+00 0.000000e+00 9.555500e+09 
384 0.000000e+00 0.000000e+00 9.555493e+09 
385 0.000000e+00 0.000000e+00 9.555494e+09 
386 0.000000e+00 0.000000e+00 9.555584e+09 
387 0.000000e+00 0.000000e+00 9.555504e+09 
388 0.000000e+00 0.000000e+00 9.555494e+09 
389 0.000000e+00 0.000000e+00 9.555496e+09 
390 0.000000e+00 0.000000e+00 9.555520e+09 
391 0.000000e+00 0.000000e+00 9.555494e+09 
392 0.000000e+00 0.000000e+00 9.555493e+09 
393 0.000000e+00 0.000000e+00 9.555494e+09 
394 0.000000e+00 0.000000e+00 9.555493e+09 
395 0.000000e+00 0.000000e+00 9.555495e+09 
396 0.000000e+00 0.000000e+00 9.555493e+09 
397 0.000000e+00 0.000000e+00 9.555496e+09 
398 0.000000e+00 0.000000e+00 9.555520e+09 
399 0.000000e+00 0.000000e+00 9.555493e+09 
400 0.000000e+00 0.000000e+00 9.555497e+09 
401 0.000000e+00 0.000000e+00 9.555495e+09 
402 0.000000e+00 0.000000e+00 9.555496e+09 
403 0.000000e+00 0.000000e+00 9.555496e+09 
404 0.000000e+00 0.000000e+00 9.555494e+09 
405 0.000000e+00 0.000000e+00 9.555495e+09 
406 0.000000e+00 0.000000e+00 9.555493e+09 
407 0.000000e+00 0.000000e+00 9.555493e+09 
408 0.000000e+00 0.000000e+00 9.555493e+09 
409 0.000000e+00 0.000000e+00 9.555506e+09 
410 0.000000e+00 0.000000e+00 9.555493e+09 
411 0.000000e+00 0.000000e+00 9.555494e+09 
412 0.000000e+00 0.000000e+00 9.555493e+09 
413 0.000000e+00 0.000000e+00 9.555493e+09 
414 0.000000e+00 0.000000e+00 9.555493e+09 
415 0.000000e+00 0.000000e+00 9.555496e+09 
416 0.000000e+00 0.000000e+00 9.555495e+09 
417 0.000000e+00 0.000000e+00 9.555500e+09 
418 0.000000e+00 0.000000e+00 9.555495e+09 
419 0.000000e+00 0.000000e+00 9.555493e+09 
420 0.000000e+00 0.000000e+00 9.555493e+09 
421 0.000000e+00 0.000000e+00 9.555493e+09 
422 0.000000e+00 0.000000e+00 9.555494e+09 
423 0.000000e+00 0.000000e+00 9.555509e+09 
424 0.000000e+00 0.000000e+00 9.555494e+09 
425 0.000000e+00 0.000000e+00 9.555497e+09 
426 0.000000e+00 0.000000e+00 9.555493e+09 
427 0.000000e+00 0.000000e+00 9.555493e+09 
428 0.000000e+00 0.000000e+00 9.555502e+09 
429 0.000000e+00 0.000000e+00 9.555493e+09 
430 0.000000e+00 0.000000e+00 9.555494e+09 
431 0.000000e+00 0.000000e+00 9.555494e+09 
432 0.000000e+00 0.000000e+00 9.555496e+09 
433 0.000000e+00 0.000000e+00 9.555494e+09 
434 0.000000e+00 0.000000e+00 9.555495e+09 
435 0.000000e+00 0.000000e+00 9.555663e+09 
436 0.000000e+00 0.000000e+00 9.555536e+09 
437 0.000000e+00 0.000000e+00 9.555501e+09 
438 0.000000e+00 0.000000e+00 9.555578e+09 
439 0.000000e+00 0.000000e+00 9.555494e+09 
440 0.000000e+00 0.000000e+00 9.555494e+09 
441 0.000000e+00 0.000000e+00 9.555494e+09 
442 0.000000e+00 0.000000e+00 9.555493e+09 
443 0.000000e+00 0.000000e+00 9.555499e+09 
444 0.000000e+00 0.000000e+00 9.555494e+09 
445 0.000000e+00 0.000000e+00 9.555496e+09 
446 0.000000e+00 0.000000e+00 9.555510e+09 
447 0.000000e+00 0.000000e+00 9.555494e+09 
448 0.000000e+00 0.000000e+00 9.555520e+09 
449 0.000000e+00 0.000000e+00 9.555502e+09 
450 0.000000e+00 0.000000e+00 9.555512e+09 
451 0.000000e+00 0.000000e+00 9.555498e+09 
452 0.000000e+00 0.000000e+00 9.555493e+09 
453 0.000000e+00 0.000000e+00 9.555494e+09 
454 0.000000e+00 0.000000e+00 9.555504e+09 
455 0.000000e+00 0.000000e+00 9.555536e+09 
456 0.000000e+00 0.000000e+00 9.555494e+09 
457 0.000000e+00 0.000000e+00 9.555499e+09 
458 0.000000e+00 0.000000e+00 9.555503e+09 
459 0.000000e+00 0.000000e+00 9.555508e+09 
460 0.000000e+00 0.000000e+00 9.555513e+09 
461 0.000000e+00 0.000000e+00 9.555517e+09 
462 0.000000e+00 0.000000e+00 9.555494e+09 
463 0.000000e+00 0.000000e+00 9.555506e+09 
464 0.000000e+00 0.000000e+00 9.555511e+09 
465 0.000000e+00 0.000000e+00 9.555538e+09 
466 0.000000e+00 0.000000e+00 9.555497e+09 
467 0.000000e+00 0.000000e+00 9.555553e+09 
468 0.000000e+00 0.000000e+00 9.555517e+09 
469 0.000000e+00 0.000000e+00 9.555494e+09 
470 0.000000e+00 0.000000e+00 9.555494e+09 
471 0.000000e+00 0.000000e+00 9.555493e+09 
472 0.000000e+00 0.000000e+00 9.555514e+09 
473 0.000000e+00 0.000000e+00 9.555510e+09 
474 0.000000e+00 0.000000e+00 9.555493e+09 
475 0.000000e+00 0.000000e+00 9.555498e+09 
476 0.000000e+00 0.000000e+00 9.555534e+09 
477 0.000000e+00 0.000000e+00 9.555536e+09 
478 0.000000e+00 0.000000e+00 9.555499e+09 
479 0.000000e+00 0.000000e+00 9.555498e+09 
480 0.000000e+00 0.000000e+00 9.555493e+09 
481 0.000000e+00 0.000000e+00 9.555494e+09 
482 0.000000e+00 0.000000e+00 9.555493e+09 
483 0.000000e+00 0.000000e+00 9.555493e+09 
484 0.000000e+00 0.000000e+00 9.555493e+09 
485 0.000000e+00 0.000000e+00 9.555515e+09 
486 0.000000e+00 0.000000e+00 9.555496e+09 
487 0.000000e+00 0.000000e+00 9.555493e+09 
488 0.000000e+00 0.000000e+00 9.555494e+09 
489 0.000000e+00 0.000000e+00 9.555497e+09 
490 0.000000e+00 0.000000e+00 9.555495e+09 
491 0.000000e+00 0.000000e+00 9.555493e+09 
492 0.000000e+00 0.000000e+00 9.555496e+09 
493 0.000000e+00 0.000000e+00 9.555493e+09 
494 0.000000e+00 0.000000e+00 9.555493e+09 
495 0.000000e+00 0.000000e+00 9.555494e+09 
496 0.000000e+00 0.000000e+00 9.555497e+09 
497 0.000000e+00 0.000000e+00 9.555496e+09 
498 0.000000e+00 0.000000e+00 9.555524e+09 
499 0.000000e+00 0.000000e+00 9.555493e+09 
500 0.000000e+00 0.000000e+00 9.555504e+09 
501 0.000000e+00 0.000000e+00 9.555497e+09 
502 0.000000e+00 0.000000e+00 9.555494e+09 
503 0.000000e+00 0.000000e+00 9.555499e+09 
504 0.000000e+00 0.000000e+00 9.555502e+09 
505 0.000000e+00 0.000000e+00 9.555494e+09 
506 0.000000e+00 0.000000e+00 9.555497e+09 
507 0.000000e+00 0.000000e+00 9.555499e+09 
508 0.000000e+00 0.000000e+00 9.555493e+09 
509 0.000000e+00 0.000000e+00 9.555497e+09 
510 0.000000e+00 0.000000e+00 9.555494e+09 
511 0.000000e+00 0.000000e+00 9.555494e+09 
512 0.000000e+00 0.000000e+00 9.555496e+09 
513 0.000000e+00 0.000000e+00 9.555494e+09 
514 0.000000e+00 0.000000e+00 9.555494e+09 
515 0.000000e+00 0.000000e+00 9.555494e+09 
516 0.000000e+00 0.000000e+00 9.555498e+09 
517 0.000000e+00 0.000000e+00 9.555494e+09 
518 0.000000e+00 0.000000e+00 9.555494e+09 
519 0.000000e+00 0.000000e+00 9.555494e+09 
520 0.000000e+00 0.000000e+00 9.555493e+09 
521 0.000000e+00 0.000000e+00 9.555493e+09 
522 0.000000e+00 0.000000e+00 9.555495e+09 
523 0.000000e+00 0.000000e+00 9.555929e+09 
524 0.000000e+00 0.000000e+00 9.555508e+09 
525 0.000000e+00 0.000000e+00 9.555493e+09 
526 0.000000e+00 0.000000e+00 9.555493e+09 
527 0.000000e+00 0.000000e+00 9.555503e+09 
528 0.000000e+00 0.000000e+00 9.555501e+09 
529 0.000000e+00 0.000000e+00 9.555540e+09 
530 0.000000e+00 0.000000e+00 9.558239e+09 
531 0.000000e+00 0.000000e+00 9.555578e+09 
532 0.000000e+00 0.000000e+00 9.555494e+09 
533 0.000000e+00 0.000000e+00 9.555501e+09 
534 0.000000e+00 0.000000e+00 9.555497e+09 
535 0.000000e+00 0.000000e+00 9.555493e+09 
536 0.000000e+00 0.000000e+00 9.555495e+09 
537 0.000000e+00 0.000000e+00 9.555494e+09 
538 0.000000e+00 0.000000e+00 9.555495e+09 
539 0.000000e+00 0.000000e+00 9.555493e+09 
540 0.000000e+00 0.000000e+00 9.555494e+09 
541 0.000000e+00 0.000000e+00 9.555495e+09 
542 0.000000e+00 0.000000e+00 9.555510e+09 
543 0.000000e+00 0.000000e+00 9.555493e+09 
544 0.000000e+00 0.000000e+00 9.555505e+09 
545 0.000000e+00 0.000000e+00 9.555493e+09 
546 0.000000e+00 0.000000e+00 9.555494e+09 
547 0.000000e+00 0.000000e+00 9.555526e+09 
548 0.000000e+00 0.000000e+00 9.556003e+09 
549 0.000000e+00 0.000000e+00 9.555499e+09 
550 0.000000e+00 0.000000e+00 9.555525e+09 
551 0.000000e+00 0.000000e+00 9.555495e+09 
552 0.000000e+00 0.000000e+00 9.555497e+09 
553 0.000000e+00 0.000000e+00 9.555503e+09 
554 0.000000e+00 0.000000e+00 9.556749e+09 
555 0.000000e+00 0.000000e+00 9.555497e+09 
556 0.000000e+00 0.000000e+00 9.555493e+09 
557 0.000000e+00 0.000000e+00 9.555493e+09 
558 0.000000e+00 0.000000e+00 9.555496e+09 
559 0.000000e+00 0.000000e+00 9.555503e+09 
560 0.000000e+00 0.000000e+00 9.555504e+09 
561 0.000000e+00 0.000000e+00 9.555537e+09 
562 0.000000e+00 0.000000e+00 9.555497e+09 
563 0.000000e+00 0.000000e+00 9.555493e+09 
564 0.000000e+00 0.000000e+00 9.555555e+09 
565 0.000000e+00 0.000000e+00 9.555535e+09 
566 0.000000e+00 0.000000e+00 9.555512e+09 
567 0.000000e+00 0.000000e+00 9.555495e+09 
568 0.000000e+00 0.000000e+00 9.555493e+09 
569 0.000000e+00 0.000000e+00 9.555496e+09 
570 0.000000e+00 0.000000e+00 9.555494e+09 
571 0.000000e+00 0.000000e+00 9.555494e+09 
572 0.000000e+00 0.000000e+00 9.555537e+09 
573 0.000000e+00 0.000000e+00 9.555497e+09 
574 0.000000e+00 0.000000e+00 9.555497e+09 
575 0.000000e+00 0.000000e+00 9.555494e+09 
576 0.000000e+00 0.000000e+00 9.555970e+09 
577 0.000000e+00 0.000000e+00 9.555494e+09 
578 0.000000e+00 0.000000e+00 9.555495e+09 
579 0.000000e+00 0.000000e+00 9.555500e+09 
580 0.000000e+00 0.000000e+00 9.555494e+09 
581 0.000000e+00 0.000000e+00 9.555493e+09 
582 0.000000e+00 0.000000e+00 9.555516e+09 
583 0.000000e+00 0.000000e+00 9.555493e+09 
584 0.000000e+00 0.000000e+00 9.555504e+09 
585 0.000000e+00 0.000000e+00 9.555497e+09 
586 0.000000e+00 0.000000e+00 9.555493e+09 
587 0.000000e+00 0.000000e+00 9.555498e+09 
588 0.000000e+00 0.000000e+00 9.555509e+09 
589 0.000000e+00 0.000000e+00 9.555499e+09 
590 0.000000e+00 0.000000e+00 9.555520e+09 
591 0.000000e+00 0.000000e+00 9.555494e+09 
592 0.000000e+00 0.000000e+00 9.555496e+09 
593 0.000000e+00 0.000000e+00 9.555525e+09 
594 0.000000e+00 0.000000e+00 9.555517e+09 
595 0.000000e+00 0.000000e+00 9.555753e+09 
596 0.000000e+00 0.000000e+00 9.555500e+09 
597 0.000000e+00 0.000000e+00 9.555511e+09 
598 0.000000e+00 0.000000e+00 9.555496e+09 
599 0.000000e+00 0.000000e+00 9.555511e+09 
600 0.000000e+00 0.000000e+00 9.555499e+09 
601 0.000000e+00 0.000000e+00 9.555493e+09 
602 0.000000e+00 0.000000e+00 9.555506e+09 
603 0.000000e+00 0.000000e+00 9.555497e+09 
604 0.000000e+00 0.000000e+00 9.555494e+09 
605 0.000000e+00 0.000000e+00 9.555493e+09 
606 0.000000e+00 0.000000e+00 9.555493e+09 
607 0.000000e+00 0.000000e+00 9.555494e+09 
608 0.000000e+00 0.000000e+00 9.555496e+09 
609 0.000000e+00 0.000000e+00 9.555493e+09 
610 0.000000e+00 0.000000e+00 9.555497e+09 
611 0.000000e+00 0.000000e+00 9.555493e+09 
612 0.000000e+00 0.000000e+00 9.555498e+09 
613 0.000000e+00 0.000000e+00 9.555495e+09 
614 0.000000e+00 0.000000e+00 9.555493e+09 
615 0.000000e+00 0.000000e+00 9.555493e+09 
616 0.000000e+00 0.000000e+00 9.555497e+09 
617 0.000000e+00 0.000000e+00 9.555495e+09 
618 0.000000e+00 0.000000e+00 9.555494e+09 
619 0.000000e+00 0.000000e+00 9.555501e+09 
620 0.000000e+00 0.000000e+00 9.555494e+09 
621 0.000000e+00 0.000000e+00 9.555494e+09 
622 0.000000e+00 0.000000e+00 9.555559e+09 
623 0.000000e+00 0.000000e+00 9.555512e+09 
624 0.000000e+00 0.000000e+00 9.555521e+09 
625 0.000000e+00 0.000000e+00 9.555493e+09 
626 0.000000e+00 0.000000e+00 9.555493e+09 
627 0.000000e+00 0.000000e+00 9.555502e+09 
628 0.000000e+00 0.000000e+00 9.555493e+09 
629 0.000000e+00 0.000000e+00 9.555731e+09 
630 0.000000e+00 0.000000e+00 9.555498e+09 
631 0.000000e+00 0.000000e+00 9.555497e+09 
632 0.000000e+00 0.000000e+00 9.555511e+09 
633 0.000000e+00 0.000000e+00 9.566066e+09 
634 0.000000e+00 0.000000e+00 9.555930e+09 
635 0.000000e+00 0.000000e+00 9.555512e+09 
636 0.000000e+00 0.000000e+00 9.555508e+09 
637 0.000000e+00 0.000000e+00 9.555494e+09 
638 0.000000e+00 0.000000e+00 9.555496e+09 
639 0.000000e+00 0.000000e+00 9.555494e+09 
640 0.000000e+00 0.000000e+00 9.555494e+09 
641 0.000000e+00 0.000000e+00 9.555501e+09 
642 0.000000e+00 0.000000e+00 9.555499e+09 
643 0.000000e+00 0.000000e+00 9.555494e+09 
644 0.000000e+00 0.000000e+00 9.555495e+09 
645 0.000000e+00 0.000000e+00 9.555499e+09 
646 0.000000e+00 0.000000e+00 9.555519e+09 
647 0.000000e+00 0.000000e+00 9.555494e+09 
648 0.000000e+00 0.000000e+00 9.555494e+09 
649 0.000000e+00 0.000000e+00 9.555494e+09 
650 0.000000e+00 0.000000e+00 9.555493e+09 
651 0.000000e+00 0.000000e+00 9.555493e+09 
652 0.000000e+00 0.000000e+00 9.555496e+09 
653 0.000000e+00 0.000000e+00 9.555500e+09 
654 0.000000e+00 0.000000e+00 9.555509e+09 
655 0.000000e+00 0.000000e+00 9.555493e+09 
656 0.000000e+00 0.000000e+00 9.555494e+09 
657 0.000000e+00 0.000000e+00 9.555494e+09 
658 0.000000e+00 0.000000e+00 9.555494e+09 
659 0.000000e+00 0.000000e+00 9.555493e+09 
660 0.000000e+00 0.000000e+00 9.555493e+09 
661 0.000000e+00 0.000000e+00 9.555505e+09 
662 0.000000e+00 0.000000e+00 9.555501e+09 
663 0.000000e+00 0.000000e+00 9.555493e+09 
664 0.000000e+00 0.000000e+00 9.555493e+09 
665 0.000000e+00 0.000000e+00 9.555496e+09 
666 0.000000e+00 0.000000e+00 9.555493e+09 
667 0.000000e+00 0.000000e+00 9.555596e+09 
668 0.000000e+00 0.000000e+00 9.555493e+09 
669 0.000000e+00 0.000000e+00 9.555494e+09 
670 0.000000e+00 0.000000e+00 9.555507e+09 
671 0.000000e+00 0.000000e+00 9.555508e+09 
672 0.000000e+00 0.000000e+00 9.555493e+09 
673 0.000000e+00 0.000000e+00 9.555493e+09 
674 0.000000e+00 0.000000e+00 9.555493e+09 
675 0.000000e+00 0.000000e+00 9.555495e+09 
676 0.000000e+00 0.000000e+00 9.555493e+09 
677 0.000000e+00 0.000000e+00 9.555493e+09 
678 0.000000e+00 0.000000e+00 9.555494e+09 
679 0.000000e+00 0.000000e+00 9.555512e+09 
680 0.000000e+00 0.000000e+00 9.555495e+09 
681 0.000000e+00 0.000000e+00 9.555496e+09 
682 0.000000e+00 0.000000e+00 9.555494e+09 
683 0.000000e+00 0.000000e+00 9.555495e+09 
684 0.000000e+00 0.000000e+00 9.555511e+09 
685 0.000000e+00 0.000000e+00 9.555495e+09 
686 0.000000e+00 0.000000e+00 9.555501e+09 
687 0.000000e+00 0.000000e+00 9.555502e+09 
688 0.000000e+00 0.000000e+00 9.556293e+09 
689 0.000000e+00 0.000000e+00 9.555498e+09 
690 0.000000e+00 0.000000e+00 9.555494e+09 
691 0.000000e+00 0.000000e+00 9.555495e+09 
692 0.000000e+00 0.000000e+00 9.555532e+09 
693 0.000000e+00 0.000000e+00 9.555493e+09 
694 0.000000e+00 0.000000e+00 9.555494e+09 
695 0.000000e+00 0.000000e+00 9.555493e+09 
696 0.000000e+00 0.000000e+00 9.555505e+09 
697 0.000000e+00 0.000000e+00 9.555516e+09 
698 0.000000e+00 0.000000e+00 9.555640e+09 
699 0.000000e+00 0.000000e+00 9.555496e+09 
700 0.000000e+00 0.000000e+00 9.555973e+09 
701 0.000000e+00 0.000000e+00 9.555519e+09 
702 0.000000e+00 0.000000e+00 9.555495e+09 
703 0.000000e+00 0.000000e+00 9.555494e+09 
704 0.000000e+00 0.000000e+00 9.555562e+09 
705 0.000000e+00 0.000000e+00 9.555583e+09 
706 0.000000e+00 0.000000e+00 9.555503e+09 
707 0.000000e+00 0.000000e+00 9.555495e+09 
708 0.000000e+00 0.000000e+00 9.555494e+09 
709 0.000000e+00 0.000000e+00 9.555493e+09 
710 0.000000e+00 0.000000e+00 9.555507e+09 
711 0.000000e+00 0.000000e+00 9.555494e+09 
712 0.000000e+00 0.000000e+00 9.555515e+09 
713 0.000000e+00 0.000000e+00 9.555504e+09 
714 0.000000e+00 0.000000e+00 9.555494e+09 
715 0.000000e+00 0.000000e+00 9.555515e+09 
716 0.000000e+00 0.000000e+00 9.555493e+09 
717 0.000000e+00 0.000000e+00 9.555493e+09 
718 0.000000e+00 0.000000e+00 9.555528e+09 
719 0.000000e+00 0.000000e+00 9.555498e+09 
720 0.000000e+00 0.000000e+00 9.555502e+09 
721 0.000000e+00 0.000000e+00 9.555496e+09 
722 0.000000e+00 0.000000e+00 9.555497e+09 
723 0.000000e+00 0.000000e+00 9.555499e+09 
724 0.000000e+00 0.000000e+00 9.555497e+09 
725 0.000000e+00 0.000000e+00 9.555496e+09 
726 0.000000e+00 0.000000e+00 9.555494e+09 
727 0.000000e+00 0.000000e+00 9.555498e+09 
728 0.000000e+00 0.000000e+00 9.555494e+09 
729 0.000000e+00 0.000000e+00 9.555494e+09 
730 0.000000e+00 0.000000e+00 9.555493e+09 
731 0.000000e+00 0.000000e+00 9.555499e+09 
732 0.000000e+00 0.000000e+00 9.555493e+09 
733 0.000000e+00 0.000000e+00 9.555493e+09 
734 0.000000e+00 0.000000e+00 9.555493e+09 
735 0.000000e+00 0.000000e+00 9.555493e+09 
736 0.000000e+00 0.000000e+00 9.555495e+09 
737 0.000000e+00 0.000000e+00 9.555495e+09 
738 0.000000e+00 0.000000e+00 9.555494e+09 
739 0.000000e+00 0.000000e+00 9.555629e+09 
740 0.000000e+00 0.000000e+00 9.555495e+09 
741 0.000000e+00 0.000000e+00 9.555493e+09 
742 0.000000e+00 0.000000e+00 9.555494e+09 
743 0.000000e+00 0.000000e+00 9.555493e+09 
744 0.000000e+00 0.000000e+00 9.555493e+09 
745 0.000000e+00 0.000000e+00 9.555494e+09 
746 0.000000e+00 0.000000e+00 9.555496e+09 
747 0.000000e+00 0.000000e+00 9.555493e+09 
748 0.000000e+00 0.000000e+00 9.555503e+09 
749 0.000000e+00 0.000000e+00 9.555494e+09 
750 0.000000e+00 0.000000e+00 9.555496e+09 
751 0.000000e+00 0.000000e+00 9.555496e+09 
752 0.000000e+00 0.000000e+00 9.555497e+09 
753 0.000000e+00 0.000000e+00 9.555496e+09 
754 0.000000e+00 0.000000e+00 9.555494e+09 
755 0.000000e+00 0.000000e+00 9.555493e+09 
756 0.000000e+00 0.000000e+00 9.555496e+09 
757 0.000000e+00 0.000000e+00 9.555502e+09 
758 0.000000e+00 0.000000e+00 9.555494e+09 
759 0.000000e+00 0.000000e+00 9.555495e+09 
760 0.000000e+00 0.000000e+00 9.555493e+09 
761 0.000000e+00 0.000000e+00 9.555494e+09 
762 0.000000e+00 0.000000e+00 9.555494e+09 
763 0.000000e+00 0.000000e+00 9.555494e+09 
764 0.000000e+00 0.000000e+00 9.555493e+09 
765 0.000000e+00 0.000000e+00 9.555494e+09 
766 0.000000e+00 0.000000e+00 9.555503e+09 
767 0.000000e+00 0.000000e+00 9.555494e+09 
768 0.000000e+00 0.000000e+00 9.555494e+09 
769 0.000000e+00 0.000000e+00 9.555493e+09 
770 0.000000e+00 0.000000e+00 9.555493e+09 
771 0.000000e+00 0.000000e+00 9.555493e+09 
772 0.000000e+00 0.000000e+00 9.555494e+09 
773 0.000000e+00 0.000000e+00 9.555497e+09 
774 0.000000e+00 0.000000e+00 9.555495e+09 
775 0.000000e+00 0.000000e+00 9.555509e+09 
776 0.000000e+00 0.000000e+00 9.555576e+09 
777 0.000000e+00 0.000000e+00 9.555494e+09 
778 0.000000e+00 0.000000e+00 9.555493e+09 
779 0.000000e+00 0.000000e+00 9.555494e+09 
780 0.000000e+00 0.000000e+00 9.555494e+09 
781 0.000000e+00 0.000000e+00 9.555494e+09 
782 0.000000e+00 0.000000e+00 9.555494e+09 
783 0.000000e+00 0.000000e+00 9.555495e+09 
784 0.000000e+00 0.000000e+00 9.555494e+09 
785 0.000000e+00 0.000000e+00 9.555494e+09 
786 0.000000e+00 0.000000e+00 9.555494e+09 
787 0.000000e+00 0.000000e+00 9.555494e+09 
788 0.000000e+00 0.000000e+00 9.555494e+09 
789 0.000000e+00 0.000000e+00 9.555493e+09 
790 0.000000e+00 0.000000e+00 9.555494e+09 
791 0.000000e+00 0.000000e+00 9.555502e+09 
792 0.000000e+00 0.000000e+00 9.555494e+09 
793 0.000000e+00 0.000000e+00 9.555494e+09 
794 0.000000e+00 0.000000e+00 9.555493e+09 
795 0.000000e+00 0.000000e+00 9.555495e+09 
796 0.000000e+00 0.000000e+00 9.555497e+09 
797 0.000000e+00 0.000000e+00 9.555520e+09 
798 0.000000e+00 0.000000e+00 9.555494e+09 
799 0.000000e+00 0.000000e+00 9.555494e+09 
800 0.000000e+00 0.000000e+00 9.555497e+09 
801 0.000000e+00 0.000000e+00 9.555493e+09 
802 0.000000e+00 0.000000e+00 9.555495e+09 
803 0.000000e+00 0.000000e+00 9.555493e+09 
804 0.000000e+00 0.000000e+00 9.555494e+09 
805 0.000000e+00 0.000000e+00 9.555493e+09 
806 0.000000e+00 0.000000e+00 9.555519e+09 
807 0.000000e+00 0.000000e+00 9.555495e+09 
808 0.000000e+00 0.000000e+00 9.555504e+09 
809 0.000000e+00 0.000000e+00 9.555494e+09 
810 0.000000e+00 0.000000e+00 9.555493e+09 
811 0.000000e+00 0.000000e+00 9.555502e+09 
812 0.000000e+00 0.000000e+00 9.555494e+09 
813 0.000000e+00 0.000000e+00 9.555497e+09 
814 0.000000e+00 0.000000e+00 9.555495e+09 
815 0.000000e+00 0.000000e+00 9.555493e+09 
816 0.000000e+00 0.000000e+00 9.555493e+09 
817 0.000000e+00 0.000000e+00 9.555503e+09 
818 0.000000e+00 0.000000e+00 9.555496e+09 
819 0.000000e+00 0.000000e+00 9.555498e+09 
820 0.000000e+00 0.000000e+00 9.555494e+09 
821 0.000000e+00 0.000000e+00 9.555535e+09 
822 0.000000e+00 0.000000e+00 9.555496e+09 
823 0.000000e+00 0.000000e+00 9.555527e+09 
824 0.000000e+00 0.000000e+00 9.555493e+09 
825 0.000000e+00 0.000000e+00 9.555496e+09 
826 0.000000e+00 0.000000e+00 9.555936e+09 
827 0.000000e+00 0.000000e+00 9.555528e+09 
828 0.000000e+00 0.000000e+00 9.555502e+09 
829 0.000000e+00 0.000000e+00 9.555493e+09 
830 0.000000e+00 0.000000e+00 9.555500e+09 
831 0.000000e+00 0.000000e+00 9.555521e+09 
832 0.000000e+00 0.000000e+00 9.555550e+09 
833 0.000000e+00 0.000000e+00 9.555543e+09 
834 0.000000e+00 0.000000e+00 9.555494e+09 
835 0.000000e+00 0.000000e+00 9.555494e+09 
836 0.000000e+00 0.000000e+00 9.555500e+09 
837 0.000000e+00 0.000000e+00 9.555496e+09 
838 0.000000e+00 0.000000e+00 9.555586e+09 
839 0.000000e+00 0.000000e+00 9.555493e+09 
840 0.000000e+00 0.000000e+00 9.555496e+09 
841 0.000000e+00 0.000000e+00 9.555494e+09 
842 0.000000e+00 0.000000e+00 9.555815e+09 
843 0.000000e+00 0.000000e+00 9.555493e+09 
844 0.000000e+00 0.000000e+00 9.555498e+09 
845 0.000000e+00 0.000000e+00 9.555493e+09 
846 0.000000e+00 0.000000e+00 9.555495e+09 
847 0.000000e+00 0.000000e+00 9.555494e+09 
848 0.000000e+00 0.000000e+00 9.555502e+09 
849 0.000000e+00 0.000000e+00 9.555496e+09 
850 0.000000e+00 0.000000e+00 9.555495e+09 
851 0.000000e+00 0.000000e+00 9.555494e+09 
852 0.000000e+00 0.000000e+00 9.555500e+09 
853 0.000000e+00 0.000000e+00 9.555496e+09 
854 0.000000e+00 0.000000e+00 9.555494e+09 
855 0.000000e+00 0.000000e+00 9.555493e+09 
856 0.000000e+00 0.000000e+00 9.555494e+09 
857 0.000000e+00 0.000000e+00 9.555493e+09 
858 0.000000e+00 0.000000e+00 9.555496e+09 
859 0.000000e+00 0.000000e+00 9.555497e+09 
860 0.000000e+00 0.000000e+00 9.555493e+09 
861 0.000000e+00 0.000000e+00 9.555495e+09 
862 0.000000e+00 0.000000e+00 9.555503e+09 
863 0.000000e+00 0.000000e+00 9.555493e+09 
864 0.000000e+00 0.000000e+00 9.555502e+09 
865 0.000000e+00 0.000000e+00 9.555503e+09 
866 0.000000e+00 0.000000e+00 9.555495e+09 
867 0.000000e+00 0.000000e+00 9.555495e+09 
868 0.000000e+00 0.000000e+00 9.555494e+09 
869 0.000000e+00 0.000000e+00 9.555494e+09 
870 0.000000e+00 0.000000e+00 9.555499e+09 
871 0.000000e+00 0.000000e+00 9.555494e+09 
872 0.000000e+00 0.000000e+00 9.555493e+09 
873 0.000000e+00 0.000000e+00 9.555493e+09 
874 0.000000e+00 0.000000e+00 9.555496e+09 
875 0.000000e+00 0.000000e+00 9.555494e+09 
876 0.000000e+00 0.000000e+00 9.555495e+09 
877 0.000000e+00 0.000000e+00 9.555494e+09 
878 0.000000e+00 0.000000e+00 9.555562e+09 
879 0.000000e+00 0.000000e+00 9.555509e+09 
880 0.000000e+00 0.000000e+00 9.555493e+09 
881 0.000000e+00 0.000000e+00 9.555496e+09 
882 0.000000e+00 0.000000e+00 9.555493e+09 
883 0.000000e+00 0.000000e+00 9.555496e+09 
884 0.000000e+00 0.000000e+00 9.555493e+09 
885 0.000000e+00 0.000000e+00 9.555494e+09 
886 0.000000e+00 0.000000e+00 9.555494e+09 
887 0.000000e+00 0.000000e+00 9.555493e+09 
888 0.000000e+00 0.000000e+00 9.555493e+09 
889 0.000000e+00 0.000000e+00 9.555494e+09 
890 0.000000e+00 0.000000e+00 9.555494e+09 
891 0.000000e+00 0.000000e+00 9.555495e+09 
892 0.000000e+00 0.000000e+00 9.555493e+09 
893 0.000000e+00 0.000000e+00 9.555493e+09 
894 0.000000e+00 0.000000e+00 9.555494e+09 
895 0.000000e+00 0.000000e+00 9.555494e+09 
896 0.000000e+00 0.000000e+00 9.555495e+09 
897 0.000000e+00 0.000000e+00 9.555498e+09 
898 0.000000e+00 0.000000e+00 9.555501e+09 
899 0.000000e+00 0.000000e+00 9.555495e+09 
900 0.000000e+00 0.000000e+00 9.555493e+09 
901 0.000000e+00 0.000000e+00 9.555493e+09 
902 0.000000e+00 0.000000e+00 9.555497e+09 
903 0.000000e+00 0.000000e+00 9.555508e+09 
904 0.000000e+00 0.000000e+00 9.555494e+09 
905 0.000000e+00 0.000000e+00 9.555494e+09 
906 0.000000e+00 0.000000e+00 9.555496e+09 
907 0.000000e+00 0.000000e+00 9.555493e+09 
908 0.000000e+00 0.000000e+00 9.555494e+09 
909 0.000000e+00 0.000000e+00 9.555496e+09 
910 0.000000e+00 0.000000e+00 9.555497e+09 
911 0.000000e+00 0.000000e+00 9.555495e+09 
912 0.000000e+00 0.000000e+00 9.555494e+09 
913 0.000000e+00 0.000000e+00 9.555494e+09 
914 0.000000e+00 0.000000e+00 9.555493e+09 
915 0.000000e+00 0.000000e+00 9.555494e+09 
916 0.000000e+00 0.000000e+00 9.555494e+09 
917 0.000000e+00 0.000000e+00 9.555495e+09 
918 0.000000e+00 0.000000e+00 9.555493e+09 
919 0.000000e+00 0.000000e+00 9.555494e+09 
920 0.000000e+00 0.000000e+00 9.555495e+09 
921 0.000000e+00 0.000000e+00 9.555494e+09 
922 0.000000e+00 0.000000e+00 9.555493e+09 
923 0.000000e+00 0.000000e+00 9.556076e+09 
924 0.000000e+00 0.000000e+00 9.555501e+09 
925 0.000000e+00 0.000000e+00 9.555493e+09 
926 0.000000e+00 0.000000e+00 9.555610e+09 
927 0.000000e+00 0.000000e+00 9.555495e+09 
928 0.000000e+00 0.000000e+00 9.555495e+09 
929 0.000000e+00 0.000000e+00 9.555496e+09 
930 0.000000e+00 0.000000e+00 9.555493e+09 
931 0.000000e+00 0.000000e+00 9.555493e+09 
932 0.000000e+00 0.000000e+00 9.555493e+09 
933 0.000000e+00 0.000000e+00 9.555493e+09 
934 0.000000e+00 0.000000e+00 9.555496e+09 
935 0.000000e+00 0.000000e+00 9.555493e+09 
936 0.000000e+00 0.000000e+00 9.555528e+09 
937 0.000000e+00 0.000000e+00 9.555520e+09 
938 0.000000e+00 0.000000e+00 9.555494e+09 
939 0.000000e+00 0.000000e+00 9.555496e+09 
940 0.000000e+00 0.000000e+00 9.555496e+09 
941 0.000000e+00 0.000000e+00 9.555520e+09 
942 0.000000e+00 0.000000e+00 9.555494e+09 
943 0.000000e+00 0.000000e+00 9.555493e+09 
944 0.000000e+00 0.000000e+00 9.555495e+09 
945 0.000000e+00 0.000000e+00 9.555495e+09 
946 0.000000e+00 0.000000e+00 9.555493e+09 
947 0.000000e+00 0.000000e+00 9.555494e+09 
948 0.000000e+00 0.000000e+00 9.555503e+09 
949 0.000000e+00 0.000000e+00 9.555494e+09 
950 0.000000e+00 0.000000e+00 9.556056e+09 
951 0.000000e+00 0.000000e+00 9.555495e+09 
952 0.000000e+00 0.000000e+00 9.555541e+09 
953 0.000000e+00 0.000000e+00 9.555537e+09 
954 0.000000e+00 0.000000e+00 9.555562e+09 
955 0.000000e+00 0.000000e+00 9.555500e+09 
956 0.000000e+00 0.000000e+00 9.555494e+09 
957 0.000000e+00 0.000000e+00 9.555554e+09 
958 0.000000e+00 0.000000e+00 9.555494e+09 
959 0.000000e+00 0.000000e+00 9.555592e+09 
960 0.000000e+00 0.000000e+00 9.555495e+09 
961 0.000000e+00 0.000000e+00 9.555493e+09 
962 0.000000e+00 0.000000e+00 9.555539e+09 
963 0.000000e+00 0.000000e+00 9.555494e+09 
964 0.000000e+00 0.000000e+00 9.556143e+09 
965 0.000000e+00 0.000000e+00 9.555498e+09 
966 0.000000e+00 0.000000e+00 9.555496e+09 
967 0.000000e+00 0.000000e+00 9.555506e+09 
968 0.000000e+00 0.000000e+00 9.555496e+09 
969 0.000000e+00 0.000000e+00 9.555493e+09 
970 0.000000e+00 0.000000e+00 9.555511e+09 
971 0.000000e+00 0.000000e+00 9.555493e+09 
972 0.000000e+00 0.000000e+00 9.555493e+09 
973 0.000000e+00 0.000000e+00 9.555791e+09 
974 0.000000e+00 0.000000e+00 9.555497e+09 
975 0.000000e+00 0.000000e+00 9.555493e+09 
976 0.000000e+00 0.000000e+00 9.555493e+09 
977 0.000000e+00 0.000000e+00 9.555493e+09 
978 0.000000e+00 0.000000e+00 9.555493e+09 
979 0.000000e+00 0.000000e+00 9.555513e+09 
980 0.000000e+00 0.000000e+00 9.555493e+09 
981 0.000000e+00 0.000000e+00 9.555493e+09 
982 0.000000e+00 0.000000e+00 9.555496e+09 
983 0.000000e+00 0.000000e+00 9.555496e+09 
984 0.000000e+00 0.000000e+00 9.555496e+09 
985 0.000000e+00 0.000000e+00 9.555498e+09 
986 0.000000e+00 0.000000e+00 9.555529e+09 
987 0.000000e+00 0.000000e+00 9.555522e+09 
988 0.000000e+00 0.000000e+00 9.555493e+09 
989 0.000000e+00 0.000000e+00 9.555501e+09 
990 0.000000e+00 0.000000e+00 9.555493e+09 
991 0.000000e+00 0.000000e+00 9.555499e+09 
992 0.000000e+00 0.000000e+00 9.555493e+09 
993 0.000000e+00 0.000000e+00 9.555495e+09 
994 0.000000e+00 0.000000e+00 9.555495e+09 
995 0.000000e+00 0.000000e+00 9.555493e+09 
996 0.000000e+00 0.000000e+00 9.555495e+09 
997 0.000000e+00 0.000000e+00 9.555493e+09 
998 0.000000e+00 0.000000e+00 9.555494e+09 
999 0.000000e+00 0.000000e+00 9.555496e+09 
1000 0.000000e+00 0.000000e+00 9.555497e+09 
1001 0.000000e+00 0.000000e+00 9.555493e+09 
1002 0.000000e+00 0.000000e+00 9.555494e+09 
1003 0.000000e+00 0.000000e+00 9.555493e+09 
1004 0.000000e+00 0.000000e+00 9.555509e+09 
1005 0.000000e+00 0.000000e+00 9.555498e+09 
1006 0.000000e+00 0.000000e+00 9.555494e+09 
1007 0.000000e+00 0.000000e+00 9.555495e+09 
1008 0.000000e+00 0.000000e+00 9.555494e+09 
1009 0.000000e+00 0.000000e+00 9.555494e+09 
1010 0.000000e+00 0.000000e+00 9.555493e+09 
1011 0.000000e+00 0.000000e+00 9.555494e+09 
1012 0.000000e+00 0.000000e+00 9.555500e+09 
1013 0.000000e+00 0.000000e+00 9.555494e+09 
1014 0.000000e+00 0.000000e+00 9.555494e+09 
1015 0.000000e+00 0.000000e+00 9.555495e+09 
1016 0.000000e+00 0.000000e+00 9.555494e+09 
1017 0.000000e+00 0.000000e+00 9.555527e+09 
1018 0.000000e+00 0.000000e+00 9.555494e+09 
1019 0.000000e+00 0.000000e+00 9.555494e+09 
1020 0.000000e+00 0.000000e+00 9.555493e+09 
1021 0.000000e+00 0.000000e+00 9.555494e+09 
1022 0.000000e+00 0.000000e+00 9.555496e+09 
1023 0.000000e+00 0.000000e+00 9.555498e+09 
1024 0.000000e+00 0.000000e+00 9.555493e+09 
1025 0.000000e+00 0.000000e+00 9.555502e+09 
1026 0.000000e+00 0.000000e+00 9.555504e+09 
1027 0.000000e+00 0.000000e+00 9.555493e+09 
1028 0.000000e+00 0.000000e+00 9.555500e+09 
1029 0.000000e+00 0.000000e+00 9.555503e+09 
1030 0.000000e+00 0.000000e+00 9.555503e+09 
1031 0.000000e+00 0.000000e+00 9.555516e+09 
1032 0.000000e+00 0.000000e+00 9.555493e+09 
1033 0.000000e+00 0.000000e+00 9.555512e+09 
1034 0.000000e+00 0.000000e+00 9.555494e+09 
1035 0.000000e+00 0.000000e+00 9.555509e+09 
1036 0.000000e+00 0.000000e+00 9.555496e+09 
1037 0.000000e+00 0.000000e+00 9.555494e+09 
1038 0.000000e+00 0.000000e+00 9.555497e+09 
1039 0.000000e+00 0.000000e+00 9.555493e+09 
1040 0.000000e+00 0.000000e+00 9.555493e+09 
1041 0.000000e+00 0.000000e+00 9.555493e+09 
1042 0.000000e+00 0.000000e+00 9.555493e+09 
1043 0.000000e+00 0.000000e+00 9.555493e+09 
1044 0.000000e+00 0.000000e+00 9.555493e+09 
1045 0.000000e+00 0.000000e+00 9.555769e+09 
1046 0.000000e+00 0.000000e+00 9.555493e+09 
1047 0.000000e+00 0.000000e+00 9.555496e+09 
1048 0.000000e+00 0.000000e+00 9.555511e+09 
1049 0.000000e+00 0.000000e+00 9.555493e+09 
1050 0.000000e+00 0.000000e+00 9.555494e+09 
1051 0.000000e+00 0.000000e+00 9.555544e+09 
1052 0.000000e+00 0.000000e+00 9.555500e+09 
1053 0.000000e+00 0.000000e+00 9.555493e+09 
1054 0.000000e+00 0.000000e+00 9.555493e+09 
1055 0.000000e+00 0.000000e+00 9.555502e+09 
1056 0.000000e+00 0.000000e+00 9.555508e+09 
1057 0.000000e+00 0.000000e+00 9.555493e+09 
1058 0.000000e+00 0.000000e+00 9.555494e+09 
1059 0.000000e+00 0.000000e+00 9.555495e+09 
1060 0.000000e+00 0.000000e+00 9.555494e+09 
1061 0.000000e+00 0.000000e+00 9.555493e+09 
1062 0.000000e+00 0.000000e+00 9.555494e+09 
1063 0.000000e+00 0.000000e+00 9.555823e+09 
1064 0.000000e+00 0.000000e+00 9.555513e+09 
1065 0.000000e+00 0.000000e+00 9.555493e+09 
1066 0.000000e+00 0.000000e+00 9.555493e+09 
1067 0.000000e+00 0.000000e+00 9.555495e+09 
1068 0.000000e+00 0.000000e+00 9.555513e+09 
1069 0.000000e+00 0.000000e+00 9.555493e+09 
1070 0.000000e+00 0.000000e+00 9.555493e+09 
1071 0.000000e+00 0.000000e+00 9.555504e+09 
1072 0.000000e+00 0.000000e+00 9.555504e+09 
1073 0.000000e+00 0.000000e+00 9.555501e+09 
1074 0.000000e+00 0.000000e+00 9.555494e+09 
1075 0.000000e+00 0.000000e+00 9.555495e+09 
1076 0.000000e+00 0.000000e+00 9.555493e+09 
1077 0.000000e+00 0.000000e+00 9.555534e+09 
1078 0.000000e+00 0.000000e+00 9.555493e+09 
1079 0.000000e+00 0.000000e+00 9.555493e+09 
1080 0.000000e+00 0.000000e+00 9.555493e+09 
1081 0.000000e+00 0.000000e+00 9.555494e+09 
1082 0.000000e+00 0.000000e+00 9.555493e+09 
1083 0.000000e+00 0.000000e+00 9.555493e+09 
1084 0.000000e+00 0.000000e+00 9.555757e+09 
1085 0.000000e+00 0.000000e+00 9.555495e+09 
1086 0.000000e+00 0.000000e+00 9.555502e+09 
1087 0.000000e+00 0.000000e+00 9.555493e+09 
1088 0.000000e+00 0.000000e+00 9.555494e+09 
1089 0.000000e+00 0.000000e+00 9.555495e+09 
1090 0.000000e+00 0.000000e+00 9.555676e+09 
1091 0.000000e+00 0.000000e+00 9.555497e+09 
1092 0.000000e+00 0.000000e+00 9.555497e+09 
1093 0.000000e+00 0.000000e+00 9.555502e+09 
1094 0.000000e+00 0.000000e+00 9.555498e+09 
1095 0.000000e+00 0.000000e+00 9.555498e+09 
1096 0.000000e+00 0.000000e+00 9.555493e+09 
1097 0.000000e+00 0.000000e+00 9.555495e+09 
1098 0.000000e+00 0.000000e+00 9.555493e+09 
1099 0.000000e+00 0.000000e+00 9.555497e+09 
1100 0.000000e+00 0.000000e+00 9.555494e+09 
1101 0.000000e+00 0.000000e+00 9.555494e+09 
1102 0.000000e+00 0.000000e+00 9.555494e+09 
1103 0.000000e+00 0.000000e+00 9.555508e+09 
1104 0.000000e+00 0.000000e+00 9.555494e+09 
1105 0.000000e+00 0.000000e+00 9.555493e+09 
1106 0.000000e+00 0.000000e+00 9.555493e+09 
1107 0.000000e+00 0.000000e+00 9.555494e+09 
1108 0.000000e+00 0.000000e+00 9.555493e+09 
1109 0.000000e+00 0.000000e+00 9.555494e+09 
1110 0.000000e+00 0.000000e+00 9.555493e+09 
1111 0.000000e+00 0.000000e+00 9.555494e+09 
1112 0.000000e+00 0.000000e+00 9.555495e+09 
1113 0.000000e+00 0.000000e+00 9.555494e+09 
1114 0.000000e+00 0.000000e+00 9.555493e+09 
1115 0.000000e+00 0.000000e+00 9.555493e+09 
1116 0.000000e+00 0.000000e+00 9.555494e+09 
1117 0.000000e+00 0.000000e+00 9.555494e+09 
1118 0.000000e+00 0.000000e+00 9.555500e+09 
1119 0.000000e+00 0.000000e+00 9.555497e+09 
1120 0.000000e+00 0.000000e+00 9.555504e+09 
1121 0.000000e+00 0.000000e+00 9.555493e+09 
1122 0.000000e+00 0.000000e+00 9.555494e+09 
1123 0.000000e+00 0.000000e+00 9.555494e+09 
1124 0.000000e+00 0.000000e+00 9.555493e+09 
1125 0.000000e+00 0.000000e+00 9.555494e+09 
1126 0.000000e+00 0.000000e+00 9.555522e+09 
1127 0.000000e+00 0.000000e+00 9.555556e+09 
1128 0.000000e+00 0.000000e+00 9.555516e+09 
1129 0.000000e+00 0.000000e+00 9.555510e+09 
1130 0.000000e+00 0.000000e+00 9.555497e+09 
1131 0.000000e+00 0.000000e+00 9.555502e+09 
1132 0.000000e+00 0.000000e+00 9.555500e+09 
1133 0.000000e+00 0.000000e+00 9.555517e+09 
1134 0.000000e+00 0.000000e+00 9.555495e+09 
1135 0.000000e+00 0.000000e+00 9.555493e+09 
1136 0.000000e+00 0.000000e+00 9.556190e+09 
1137 0.000000e+00 0.000000e+00 9.555498e+09 
1138 0.000000e+00 0.000000e+00 9.555503e+09 
1139 0.000000e+00 0.000000e+00 9.555575e+09 
1140 0.000000e+00 0.000000e+00 9.555496e+09 
1141 0.000000e+00 0.000000e+00 9.555495e+09 
1142 0.000000e+00 0.000000e+00 9.555495e+09 
1143 0.000000e+00 0.000000e+00 9.555578e+09 
1144 0.000000e+00 0.000000e+00 9.555505e+09 
1145 0.000000e+00 0.000000e+00 9.555740e+09 
1146 0.000000e+00 0.000000e+00 9.555510e+09 
1147 0.000000e+00 0.000000e+00 9.555493e+09 
1148 0.000000e+00 0.000000e+00 9.555551e+09 
1149 0.000000e+00 0.000000e+00 9.555495e+09 
1150 0.000000e+00 0.000000e+00 9.555495e+09 
1151 0.000000e+00 0.000000e+00 9.555510e+09 
1152 0.000000e+00 0.000000e+00 9.555502e+09 
1153 0.000000e+00 0.000000e+00 9.555496e+09 
1154 0.000000e+00 0.000000e+00 9.555494e+09 
1155 0.000000e+00 0.000000e+00 9.555504e+09 
1156 0.000000e+00 0.000000e+00 9.555494e+09 
1157 0.000000e+00 0.000000e+00 9.555493e+09 
1158 0.000000e+00 0.000000e+00 9.555503e+09 
1159 0.000000e+00 0.000000e+00 9.555493e+09 
1160 0.000000e+00 0.000000e+00 9.555493e+09 
1161 0.000000e+00 0.000000e+00 9.555496e+09 
1162 0.000000e+00 0.000000e+00 9.555493e+09 
1163 0.000000e+00 0.000000e+00 9.555517e+09 
1164 0.000000e+00 0.000000e+00 9.555494e+09 
1165 0.000000e+00 0.000000e+00 9.555497e+09 
1166 0.000000e+00 0.000000e+00 9.555503e+09 
1167 0.000000e+00 0.000000e+00 9.555498e+09 
1168 0.000000e+00 0.000000e+00 9.555493e+09 
1169 0.000000e+00 0.000000e+00 9.555496e+09 
1170 0.000000e+00 0.000000e+00 9.555498e+09 
1171 0.000000e+00 0.000000e+00 9.555503e+09 
1172 0.000000e+00 0.000000e+00 9.555496e+09 
1173 0.000000e+00 0.000000e+00 9.555496e+09 
1174 0.000000e+00 0.000000e+00 9.555501e+09 
1175 0.000000e+00 0.000000e+00 9.555498e+09 
1176 0.000000e+00 0.000000e+00 9.555496e+09 
1177 0.000000e+00 0.000000e+00 9.555495e+09 
1178 0.000000e+00 0.000000e+00 9.555497e+09 
1179 0.000000e+00 0.000000e+00 9.555494e+09 
1180 0.000000e+00 0.000000e+00 9.555494e+09 
1181 0.000000e+00 0.000000e+00 9.555500e+09 
1182 0.000000e+00 0.000000e+00 9.555494e+09 
1183 0.000000e+00 0.000000e+00 9.555494e+09 
1184 0.000000e+00 0.000000e+00 9.555494e+09 
1185 0.000000e+00 0.000000e+00 9.555493e+09 
1186 0.000000e+00 0.000000e+00 9.555497e+09 
1187 0.000000e+00 0.000000e+00 9.555494e+09 
1188 0.000000e+00 0.000000e+00 9.555493e+09 
1189 0.000000e+00 0.000000e+00 9.555513e+09 
1190 0.000000e+00 0.000000e+00 9.555494e+09 
1191 0.000000e+00 0.000000e+00 9.555496e+09 
1192 0.000000e+00 0.000000e+00 9.555494e+09 
1193 0.000000e+00 0.000000e+00 9.555500e+09 
1194 0.000000e+00 0.000000e+00 9.555493e+09 
1195 0.000000e+00 0.000000e+00 9.555502e+09 
1196 0.000000e+00 0.000000e+00 9.555494e+09 
1197 0.000000e+00 0.000000e+00 9.555499e+09 
1198 0.000000e+00 0.000000e+00 9.555495e+09 
1199 0.000000e+00 0.000000e+00 9.555493e+09 
1200 0.000000e+00 0.000000e+00 9.555495e+09 
1201 0.000000e+00 0.000000e+00 9.555494e+09 
1202 0.000000e+00 0.000000e+00 9.555494e+09 
1203 0.000000e+00 0.000000e+00 9.555496e+09 
1204 0.000000e+00 0.000000e+00 9.555494e+09 
1205 0.000000e+00 0.000000e+00 9.555494e+09 
1206 0.000000e+00 0.000000e+00 9.555528e+09 
1207 0.000000e+00 0.000000e+00 9.555499e+09 
1208 0.000000e+00 0.000000e+00 9.555493e+09 
1209 0.000000e+00 0.000000e+00 9.555493e+09 
1210 0.000000e+00 0.000000e+00 9.555495e+09 
1211 0.000000e+00 0.000000e+00 9.555497e+09 
1212 0.000000e+00 0.000000e+00 9.555494e+09 
1213 0.000000e+00 0.000000e+00 9.555520e+09 
1214 0.000000e+00 0.000000e+00 9.555584e+09 
1215 0.000000e+00 0.000000e+00 9.555666e+09 
1216 0.000000e+00 0.000000e+00 9.555523e+09 
1217 0.000000e+00 0.000000e+00 9.555495e+09 
1218 0.000000e+00 0.000000e+00 9.555502e+09 
1219 0.000000e+00 0.000000e+00 9.555493e+09 
1220 0.000000e+00 0.000000e+00 9.555496e+09 
1221 0.000000e+00 0.000000e+00 9.555497e+09 
1222 0.000000e+00 0.000000e+00 9.555496e+09 
1223 0.000000e+00 0.000000e+00 9.555496e+09 
1224 0.000000e+00 0.000000e+00 9.555497e+09 
1225 0.000000e+00 0.000000e+00 9.555494e+09 
1226 0.000000e+00 0.000000e+00 9.555494e+09 
1227 0.000000e+00 0.000000e+00 9.555493e+09 
1228 0.000000e+00 0.000000e+00 9.555496e+09 
1229 0.000000e+00 0.000000e+00 9.555493e+09 
1230 0.000000e+00 0.000000e+00 9.555498e+09 
1231 0.000000e+00 0.000000e+00 9.555498e+09 
1232 0.000000e+00 0.000000e+00 9.555504e+09 
1233 0.000000e+00 0.000000e+00 9.555495e+09 
1234 0.000000e+00 0.000000e+00 9.555495e+09 
1235 0.000000e+00 0.000000e+00 9.555498e+09 
1236 0.000000e+00 0.000000e+00 9.555494e+09 
1237 0.000000e+00 0.000000e+00 9.555496e+09 
1238 0.000000e+00 0.000000e+00 9.555495e+09 
1239 0.000000e+00 0.000000e+00 9.555526e+09 
1240 0.000000e+00 0.000000e+00 9.555513e+09 
1241 0.000000e+00 0.000000e+00 9.555493e+09 
1242 0.000000e+00 0.000000e+00 9.555496e+09 
1243 0.000000e+00 0.000000e+00 9.555493e+09 
1244 0.000000e+00 0.000000e+00 9.555521e+09 
1245 0.000000e+00 0.000000e+00 9.555494e+09 
1246 0.000000e+00 0.000000e+00 9.555495e+09 
1247 0.000000e+00 0.000000e+00 9.555493e+09 
1248 0.000000e+00 0.000000e+00 9.555494e+09 
1249 0.000000e+00 0.000000e+00 9.555593e+09 
1250 0.000000e+00 0.000000e+00 9.555506e+09 
1251 0.000000e+00 0.000000e+00 9.555493e+09 
1252 0.000000e+00 0.000000e+00 9.555493e+09 
1253 0.000000e+00 0.000000e+00 9.555493e+09 
1254 0.000000e+00 0.000000e+00 9.555494e+09 
1255 0.000000e+00 0.000000e+00 9.555493e+09 
1256 0.000000e+00 0.000000e+00 9.555494e+09 
1257 0.000000e+00 0.000000e+00 9.555493e+09 
1258 0.000000e+00 0.000000e+00 9.555517e+09 
1259 0.000000e+00 0.000000e+00 9.555494e+09 
1260 0.000000e+00 0.000000e+00 9.555495e+09 
1261 0.000000e+00 0.000000e+00 9.555497e+09 
1262 0.000000e+00 0.000000e+00 9.555494e+09 
1263 0.000000e+00 0.000000e+00 9.555549e+09 
1264 0.000000e+00 0.000000e+00 9.555657e+09 
1265 0.000000e+00 0.000000e+00 9.555501e+09 
1266 0.000000e+00 0.000000e+00 9.555497e+09 
1267 0.000000e+00 0.000000e+00 9.555493e+09 
1268 0.000000e+00 0.000000e+00 9.555498e+09 
1269 0.000000e+00 0.000000e+00 9.555511e+09 
1270 0.000000e+00 0.000000e+00 9.555493e+09 
1271 0.000000e+00 0.000000e+00 9.555502e+09 
1272 0.000000e+00 0.000000e+00 9.555493e+09 
1273 0.000000e+00 0.000000e+00 9.555493e+09 
1274 0.000000e+00 0.000000e+00 9.555494e+09 
1275 0.000000e+00 0.000000e+00 9.555550e+09 
1276 0.000000e+00 0.000000e+00 9.555494e+09 
1277 0.000000e+00 0.000000e+00 9.555497e+09 
1278 0.000000e+00 0.000000e+00 9.555493e+09 
1279 0.000000e+00 0.000000e+00 9.555515e+09 
1280 0.000000e+00 0.000000e+00 9.555493e+09 
1281 0.000000e+00 0.000000e+00 9.555525e+09 
1282 0.000000e+00 0.000000e+00 9.555493e+09 
1283 0.000000e+00 0.000000e+00 9.555499e+09 
1284 0.000000e+00 0.000000e+00 9.555504e+09 
1285 0.000000e+00 0.000000e+00 9.555493e+09 
1286 0.000000e+00 0.000000e+00 9.555502e+09 
1287 0.000000e+00 0.000000e+00 9.555493e+09 
1288 0.000000e+00 0.000000e+00 9.555505e+09 
1289 0.000000e+00 0.000000e+00 9.555493e+09 
1290 0.000000e+00 0.000000e+00 9.555494e+09 
1291 0.000000e+00 0.000000e+00 9.555496e+09 
1292 0.000000e+00 0.000000e+00 9.555496e+09 
1293 0.000000e+00 0.000000e+00 9.555500e+09 
1294 0.000000e+00 0.000000e+00 9.555493e+09 
1295 0.000000e+00 0.000000e+00 9.555493e+09 
1296 0.000000e+00 0.000000e+00 9.555494e+09 
1297 0.000000e+00 0.000000e+00 9.555498e+09 
1298 0.000000e+00 0.000000e+00 9.555497e+09 
1299 0.000000e+00 0.000000e+00 9.555498e+09 
1300 0.000000e+00 0.000000e+00 9.555494e+09 
1301 0.000000e+00 0.000000e+00 9.555495e+09 
1302 0.000000e+00 0.000000e+00 9.555496e+09 
1303 0.000000e+00 0.000000e+00 9.555497e+09 
1304 0.000000e+00 0.000000e+00 9.555499e+09 
1305 0.000000e+00 0.000000e+00 9.555496e+09 
1306 0.000000e+00 0.000000e+00 9.555493e+09 
1307 0.000000e+00 0.000000e+00 9.555506e+09 
1308 0.000000e+00 0.000000e+00 9.555494e+09 
1309 0.000000e+00 0.000000e+00 9.555494e+09 
1310 0.000000e+00 0.000000e+00 9.555495e+09 
1311 0.000000e+00 0.000000e+00 9.555493e+09 
1312 0.000000e+00 0.000000e+00 9.555509e+09 
1313 0.000000e+00 0.000000e+00 9.555496e+09 
1314 0.000000e+00 0.000000e+00 9.555503e+09 
1315 0.000000e+00 0.000000e+00 9.555495e+09 
1316 0.000000e+00 0.000000e+00 9.555496e+09 
1317 0.000000e+00 0.000000e+00 9.555640e+09 
1318 0.000000e+00 0.000000e+00 9.556302e+09 
1319 0.000000e+00 0.000000e+00 9.555495e+09 
1320 0.000000e+00 0.000000e+00 9.555496e+09 
1321 0.000000e+00 0.000000e+00 9.555494e+09 
1322 0.000000e+00 0.000000e+00 9.555494e+09 
1323 0.000000e+00 0.000000e+00 9.555497e+09 
1324 0.000000e+00 0.000000e+00 9.555494e+09 
1325 0.000000e+00 0.000000e+00 9.555501e+09 
1326 0.000000e+00 0.000000e+00 9.555495e+09 
1327 0.000000e+00 0.000000e+00 9.555506e+09 
1328 0.000000e+00 0.000000e+00 9.555505e+09 
1329 0.000000e+00 0.000000e+00 9.555497e+09 
1330 0.000000e+00 0.000000e+00 9.555495e+09 
1331 0.000000e+00 0.000000e+00 9.555493e+09 
1332 0.000000e+00 0.000000e+00 9.555493e+09 
1333 0.000000e+00 0.000000e+00 9.555495e+09 
1334 0.000000e+00 0.000000e+00 9.557897e+09 
1335 0.000000e+00 0.000000e+00 9.555501e+09 
1336 0.000000e+00 0.000000e+00 9.555519e+09 
1337 0.000000e+00 0.000000e+00 9.555569e+09 
1338 0.000000e+00 0.000000e+00 9.555496e+09 
1339 0.000000e+00 0.000000e+00 9.555494e+09 
1340 0.000000e+00 0.000000e+00 9.555549e+09 
1341 0.000000e+00 0.000000e+00 9.555493e+09 
1342 0.000000e+00 0.000000e+00 9.555522e+09 
1343 0.000000e+00 0.000000e+00 9.555531e+09 
1344 0.000000e+00 0.000000e+00 9.555570e+09 
1345 0.000000e+00 0.000000e+00 9.555527e+09 
1346 0.000000e+00 0.000000e+00 9.555505e+09 
1347 0.000000e+00 0.000000e+00 9.555494e+09 
1348 0.000000e+00 0.000000e+00 9.555493e+09 
1349 0.000000e+00 0.000000e+00 9.555499e+09 
1350 0.000000e+00 0.000000e+00 9.555495e+09 
1351 0.000000e+00 0.000000e+00 9.555508e+09 
1352 0.000000e+00 0.000000e+00 9.555497e+09 
1353 0.000000e+00 0.000000e+00 9.555493e+09 
1354 0.000000e+00 0.000000e+00 9.555500e+09 
1355 0.000000e+00 0.000000e+00 9.555497e+09 
1356 0.000000e+00 0.000000e+00 9.555494e+09 
1357 0.000000e+00 0.000000e+00 9.555496e+09 
1358 0.000000e+00 0.000000e+00 9.555495e+09 
1359 0.000000e+00 0.000000e+00 9.555493e+09 
1360 0.000000e+00 0.000000e+00 9.555493e+09 
1361 0.000000e+00 0.000000e+00 9.555573e+09 
1362 0.000000e+00 0.000000e+00 9.555496e+09 
1363 0.000000e+00 0.000000e+00 9.555493e+09 
1364 0.000000e+00 0.000000e+00 9.555493e+09 
1365 0.000000e+00 0.000000e+00 9.555506e+09 
1366 0.000000e+00 0.000000e+00 9.555496e+09 
1367 0.000000e+00 0.000000e+00 9.555495e+09 
1368 0.000000e+00 0.000000e+00 9.555495e+09 
1369 0.000000e+00 0.000000e+00 9.555494e+09 
1370 0.000000e+00 0.000000e+00 9.555494e+09 
1371 0.000000e+00 0.000000e+00 9.555826e+09 
1372 0.000000e+00 0.000000e+00 9.555493e+09 
1373 0.000000e+00 0.000000e+00 9.555618e+09 
1374 0.000000e+00 0.000000e+00 9.555495e+09 
1375 0.000000e+00 0.000000e+00 9.555535e+09 
1376 0.000000e+00 0.000000e+00 9.555493e+09 
1377 0.000000e+00 0.000000e+00 9.555494e+09 
1378 0.000000e+00 0.000000e+00 9.555517e+09 
1379 0.000000e+00 0.000000e+00 9.555602e+09 
1380 0.000000e+00 0.000000e+00 9.555493e+09 
1381 0.000000e+00 0.000000e+00 9.555493e+09 
1382 0.000000e+00 0.000000e+00 9.555559e+09 
1383 0.000000e+00 0.000000e+00 9.555496e+09 
1384 0.000000e+00 0.000000e+00 9.555534e+09 
1385 0.000000e+00 0.000000e+00 9.555496e+09 
1386 0.000000e+00 0.000000e+00 9.555494e+09 
1387 0.000000e+00 0.000000e+00 9.555498e+09 
1388 0.000000e+00 0.000000e+00 9.555494e+09 
1389 0.000000e+00 0.000000e+00 9.555493e+09 
1390 0.000000e+00 0.000000e+00 9.555499e+09 
1391 0.000000e+00 0.000000e+00 9.555493e+09 
1392 0.000000e+00 0.000000e+00 9.555496e+09 
1393 0.000000e+00 0.000000e+00 9.555493e+09 
1394 0.000000e+00 0.000000e+00 9.555515e+09 
1395 0.000000e+00 0.000000e+00 9.555507e+09 
1396 0.000000e+00 0.000000e+00 9.555498e+09 
1397 0.000000e+00 0.000000e+00 9.555494e+09 
1398 0.000000e+00 0.000000e+00 9.555583e+09 
1399 0.000000e+00 0.000000e+00 9.555496e+09 
1400 0.000000e+00 0.000000e+00 9.555509e+09 
1401 0.000000e+00 0.000000e+00 9.555514e+09 
1402 0.000000e+00 0.000000e+00 9.555493e+09 
1403 0.000000e+00 0.000000e+00 9.555493e+09 
1404 0.000000e+00 0.000000e+00 9.555504e+09 
1405 0.000000e+00 0.000000e+00 9.555498e+09 
1406 0.000000e+00 0.000000e+00 9.555503e+09 
1407 0.000000e+00 0.000000e+00 9.555498e+09 
1408 0.000000e+00 0.000000e+00 9.555498e+09 
1409 0.000000e+00 0.000000e+00 9.555493e+09 
1410 0.000000e+00 0.000000e+00 9.555493e+09 
1411 0.000000e+00 0.000000e+00 9.555493e+09 
1412 0.000000e+00 0.000000e+00 9.555502e+09 
1413 0.000000e+00 0.000000e+00 9.555498e+09 
1414 0.000000e+00 0.000000e+00 9.555493e+09 
1415 0.000000e+00 0.000000e+00 9.555493e+09 
1416 0.000000e+00 0.000000e+00 9.555495e+09 
1417 0.000000e+00 0.000000e+00 9.555508e+09 
1418 0.000000e+00 0.000000e+00 9.555493e+09 
1419 0.000000e+00 0.000000e+00 9.555494e+09 
1420 0.000000e+00 0.000000e+00 9.555494e+09 
1421 0.000000e+00 0.000000e+00 9.555494e+09 
1422 0.000000e+00 0.000000e+00 9.555495e+09 
1423 0.000000e+00 0.000000e+00 9.555501e+09 
1424 0.000000e+00 0.000000e+00 9.555493e+09 
1425 0.000000e+00 0.000000e+00 9.555496e+09 
1426 0.000000e+00 0.000000e+00 9.555496e+09 
1427 0.000000e+00 0.000000e+00 9.555493e+09 
1428 0.000000e+00 0.000000e+00 9.555494e+09 
1429 0.000000e+00 0.000000e+00 9.555493e+09 
1430 0.000000e+00 0.000000e+00 9.555495e+09 
1431 0.000000e+00 0.000000e+00 9.555493e+09 
1432 0.000000e+00 0.000000e+00 9.555493e+09 
1433 0.000000e+00 0.000000e+00 9.555496e+09 
1434 0.000000e+00 0.000000e+00 9.555496e+09 
1435 0.000000e+00 0.000000e+00 9.555498e+09 
1436 0.000000e+00 0.000000e+00 9.555493e+09 
1437 0.000000e+00 0.000000e+00 9.555493e+09 
1438 0.000000e+00 0.000000e+00 9.555494e+09 
1439 0.000000e+00 0.000000e+00 9.555493e+09 
1440 0.000000e+00 0.000000e+00 9.555495e+09 
1441 0.000000e+00 0.000000e+00 9.555522e+09 
1442 0.000000e+00 0.000000e+00 9.555493e+09 
1443 0.000000e+00 0.000000e+00 9.555495e+09 
1444 0.000000e+00 0.000000e+00 9.555496e+09 
1445 0.000000e+00 0.000000e+00 9.555494e+09 
1446 0.000000e+00 0.000000e+00 9.555494e+09 
1447 0.000000e+00 0.000000e+00 9.555500e+09 
1448 0.000000e+00 0.000000e+00 9.555495e+09 
1449 0.000000e+00 0.000000e+00 9.555499e+09 
1450 0.000000e+00 0.000000e+00 9.555498e+09 
1451 0.000000e+00 0.000000e+00 9.556670e+09 
1452 0.000000e+00 0.000000e+00 9.555496e+09 
1453 0.000000e+00 0.000000e+00 9.555501e+09 
1454 0.000000e+00 0.000000e+00 9.555493e+09 
1455 0.000000e+00 0.000000e+00 9.555494e+09 
1456 0.000000e+00 0.000000e+00 9.555495e+09 
1457 0.000000e+00 0.000000e+00 9.555493e+09 
1458 0.000000e+00 0.000000e+00 9.555495e+09 
1459 0.000000e+00 0.000000e+00 9.555493e+09 
1460 0.000000e+00 0.000000e+00 9.555493e+09 
1461 0.000000e+00 0.000000e+00 9.555517e+09 
1462 0.000000e+00 0.000000e+00 9.555493e+09 
1463 0.000000e+00 0.000000e+00 9.555493e+09 
1464 0.000000e+00 0.000000e+00 9.555598e+09 
1465 0.000000e+00 0.000000e+00 9.555510e+09 
1466 0.000000e+00 0.000000e+00 9.555494e+09 
1467 0.000000e+00 0.000000e+00 9.555501e+09 
1468 0.000000e+00 0.000000e+00 9.555769e+09 
1469 0.000000e+00 0.000000e+00 9.555987e+09 
1470 0.000000e+00 0.000000e+00 9.555506e+09 
1471 0.000000e+00 0.000000e+00 9.555498e+09 
1472 0.000000e+00 0.000000e+00 9.555501e+09 
1473 0.000000e+00 0.000000e+00 9.555494e+09 
1474 0.000000e+00 0.000000e+00 9.555496e+09 
1475 0.000000e+00 0.000000e+00 9.555493e+09 
1476 0.000000e+00 0.000000e+00 9.555496e+09 
1477 0.000000e+00 0.000000e+00 9.555497e+09 
1478 0.000000e+00 0.000000e+00 9.555493e+09 
1479 0.000000e+00 0.000000e+00 9.555494e+09 
1480 0.000000e+00 0.000000e+00 9.555493e+09 
1481 0.000000e+00 0.000000e+00 9.555496e+09 
1482 0.000000e+00 0.000000e+00 9.555516e+09 
1483 0.000000e+00 0.000000e+00 9.555494e+09 
1484 0.000000e+00 0.000000e+00 9.555493e+09 
1485 0.000000e+00 0.000000e+00 9.555493e+09 
1486 0.000000e+00 0.000000e+00 9.555494e+09 
1487 0.000000e+00 0.000000e+00 9.555493e+09 
1488 0.000000e+00 0.000000e+00 9.555494e+09 
1489 0.000000e+00 0.000000e+00 9.555496e+09 
1490 0.000000e+00 0.000000e+00 9.555503e+09 
1491 0.000000e+00 0.000000e+00 9.555506e+09 
1492 0.000000e+00 0.000000e+00 9.555493e+09 
1493 0.000000e+00 0.000000e+00 9.555506e+09 
1494 0.000000e+00 0.000000e+00 9.555494e+09 
1495 0.000000e+00 0.000000e+00 9.555496e+09 
1496 0.000000e+00 0.000000e+00 9.555502e+09 
1497 0.000000e+00 0.000000e+00 9.555501e+09 
1498 0.000000e+00 0.000000e+00 9.555507e+09 
1499 0.000000e+00 0.000000e+00 9.555494e+09 
1500 0.000000e+00 0.000000e+00 9.555497e+09 
1501 0.000000e+00 0.000000e+00 9.555494e+09 
1502 0.000000e+00 0.000000e+00 9.555494e+09 
1503 0.000000e+00 0.000000e+00 9.555497e+09 
1504 0.000000e+00 0.000000e+00 9.555494e+09 
1505 0.000000e+00 0.000000e+00 9.555494e+09 
1506 0.000000e+00 0.000000e+00 9.555493e+09 
1507 0.000000e+00 0.000000e+00 9.555496e+09 
1508 0.000000e+00 0.000000e+00 9.555494e+09 
1509 0.000000e+00 0.000000e+00 9.555494e+09 
1510 0.000000e+00 0.000000e+00 9.555493e+09 
1511 0.000000e+00 0.000000e+00 9.555495e+09 
1512 0.000000e+00 0.000000e+00 9.555494e+09 
1513 0.000000e+00 0.000000e+00 9.555494e+09 
1514 0.000000e+00 0.000000e+00 9.555495e+09 
1515 0.000000e+00 0.000000e+00 9.555493e+09 
1516 0.000000e+00 0.000000e+00 9.555496e+09 
1517 0.000000e+00 0.000000e+00 9.555493e+09 
1518 0.000000e+00 0.000000e+00 9.555493e+09 
1519 0.000000e+00 0.000000e+00 9.555494e+09 
1520 0.000000e+00 0.000000e+00 9.555496e+09 
1521 0.000000e+00 0.000000e+00 9.555499e+09 
1522 0.000000e+00 0.000000e+00 9.555498e+09 
1523 0.000000e+00 0.000000e+00 9.555496e+09 
1524 0.000000e+00 0.000000e+00 9.555500e+09 
1525 0.000000e+00 0.000000e+00 9.555514e+09 
1526 0.000000e+00 0.000000e+00 9.555493e+09 
1527 0.000000e+00 0.000000e+00 9.555496e+09 
1528 0.000000e+00 0.000000e+00 9.555494e+09 
1529 0.000000e+00 0.000000e+00 9.555494e+09 
1530 0.000000e+00 0.000000e+00 9.555525e+09 
1531 0.000000e+00 0.000000e+00 9.555495e+09 
1532 0.000000e+00 0.000000e+00 9.555494e+09 
1533 0.000000e+00 0.000000e+00 9.555494e+09 
1534 0.000000e+00 0.000000e+00 9.555493e+09 
1535 0.000000e+00 0.000000e+00 9.555493e+09 
1536 0.000000e+00 0.000000e+00 9.555493e+09 
1537 0.000000e+00 0.000000e+00 9.555493e+09 
1538 0.000000e+00 0.000000e+00 9.555497e+09 
1539 0.000000e+00 0.000000e+00 9.555494e+09 
1540 0.000000e+00 0.000000e+00 9.555494e+09 
1541 0.000000e+00 0.000000e+00 9.555496e+09 
1542 0.000000e+00 0.000000e+00 9.555495e+09 
1543 0.000000e+00 0.000000e+00 9.555493e+09 
1544 0.000000e+00 0.000000e+00 9.555493e+09 
1545 0.000000e+00 0.000000e+00 9.555493e+09 
1546 0.000000e+00 0.000000e+00 9.555498e+09 
1547 0.000000e+00 0.000000e+00 9.555494e+09 
1548 0.000000e+00 0.000000e+00 9.555493e+09 
1549 0.000000e+00 0.000000e+00 9.555499e+09 
1550 0.000000e+00 0.000000e+00 9.555534e+09 
1551 0.000000e+00 0.000000e+00 9.555498e+09 
1552 0.000000e+00 0.000000e+00 9.555499e+09 
1553 0.000000e+00 0.000000e+00 9.555500e+09 
1554 0.000000e+00 0.000000e+00 9.555494e+09 
1555 0.000000e+00 0.000000e+00 9.555497e+09 
1556 0.000000e+00 0.000000e+00 9.555507e+09 
1557 0.000000e+00 0.000000e+00 9.555493e+09 
1558 0.000000e+00 0.000000e+00 9.555516e+09 
1559 0.000000e+00 0.000000e+00 9.555507e+09 
1560 0.000000e+00 0.000000e+00 9.555499e+09 
1561 0.000000e+00 0.000000e+00 9.555493e+09 
1562 0.000000e+00 0.000000e+00 9.555656e+09 
1563 0.000000e+00 0.000000e+00 9.555494e+09 
1564 0.000000e+00 0.000000e+00 9.555500e+09 
1565 0.000000e+00 0.000000e+00 9.555495e+09 
1566 0.000000e+00 0.000000e+00 9.555495e+09 
1567 0.000000e+00 0.000000e+00 9.555494e+09 
1568 0.000000e+00 0.000000e+00 9.555494e+09 
1569 0.000000e+00 0.000000e+00 9.555493e+09 
1570 0.000000e+00 0.000000e+00 9.555493e+09 
1571 0.000000e+00 0.000000e+00 9.555494e+09 
1572 0.000000e+00 0.000000e+00 9.555497e+09 
1573 0.000000e+00 0.000000e+00 9.555493e+09 
1574 0.000000e+00 0.000000e+00 9.555493e+09 
1575 0.000000e+00 0.000000e+00 9.555493e+09 
1576 0.000000e+00 0.000000e+00 9.555531e+09 
1577 0.000000e+00 0.000000e+00 9.555502e+09 
1578 0.000000e+00 0.000000e+00 9.555493e+09 
1579 0.000000e+00 0.000000e+00 9.555499e+09 
1580 0.000000e+00 0.000000e+00 9.555493e+09 
1581 0.000000e+00 0.000000e+00 9.555493e+09 
1582 0.000000e+00 0.000000e+00 9.555493e+09 
1583 0.000000e+00 0.000000e+00 9.555494e+09 
1584 0.000000e+00 0.000000e+00 9.555493e+09 
1585 0.000000e+00 0.000000e+00 9.555493e+09 
1586 0.000000e+00 0.000000e+00 9.555493e+09 
1587 0.000000e+00 0.000000e+00 9.555494e+09 
1588 0.000000e+00 0.000000e+00 9.555498e+09 
1589 0.000000e+00 0.000000e+00 9.555493e+09 
1590 0.000000e+00 0.000000e+00 9.555507e+09 
1591 0.000000e+00 0.000000e+00 9.555493e+09 
1592 0.000000e+00 0.000000e+00 9.555496e+09 
1593 0.000000e+00 0.000000e+00 9.555495e+09 
1594 0.000000e+00 0.000000e+00 9.555493e+09 
1595 0.000000e+00 0.000000e+00 9.555493e+09 
1596 0.000000e+00 0.000000e+00 9.555497e+09 
1597 0.000000e+00 0.000000e+00 9.555494e+09 
1598 0.000000e+00 0.000000e+00 9.555495e+09 
1599 0.000000e+00 0.000000e+00 9.555499e+09 
1600 0.000000e+00 0.000000e+00 9.555533e+09 
1601 0.000000e+00 0.000000e+00 9.555493e+09 
1602 0.000000e+00 0.000000e+00 9.555494e+09 
1603 0.000000e+00 0.000000e+00 9.555496e+09 
1604 0.000000e+00 0.000000e+00 9.555497e+09 
1605 0.000000e+00 0.000000e+00 9.555494e+09 
1606 0.000000e+00 0.000000e+00 9.555496e+09 
1607 0.000000e+00 0.000000e+00 9.555495e+09 
1608 0.000000e+00 0.000000e+00 9.555493e+09 
1609 0.000000e+00 0.000000e+00 9.555501e+09 
1610 0.000000e+00 0.000000e+00 9.555495e+09 
1611 0.000000e+00 0.000000e+00 9.555493e+09 
1612 0.000000e+00 0.000000e+00 9.555495e+09 
1613 0.000000e+00 0.000000e+00 9.555496e+09 
1614 0.000000e+00 0.000000e+00 9.555493e+09 
1615 0.000000e+00 0.000000e+00 9.555505e+09 
1616 0.000000e+00 0.000000e+00 9.555495e+09 
1617 0.000000e+00 0.000000e+00 9.555493e+09 
1618 0.000000e+00 0.000000e+00 9.555495e+09 
1619 0.000000e+00 0.000000e+00 9.555495e+09 
1620 0.000000e+00 0.000000e+00 9.555499e+09 
1621 0.000000e+00 0.000000e+00 9.555494e+09 
1622 0.000000e+00 0.000000e+00 9.555493e+09 
1623 0.000000e+00 0.000000e+00 9.555494e+09 
1624 0.000000e+00 0.000000e+00 9.555507e+09 
1625 0.000000e+00 0.000000e+00 9.555495e+09 
1626 0.000000e+00 0.000000e+00 9.555494e+09 
1627 0.000000e+00 0.000000e+00 9.555494e+09 
1628 0.000000e+00 0.000000e+00 9.555495e+09 
1629 0.000000e+00 0.000000e+00 9.555497e+09 
1630 0.000000e+00 0.000000e+00 9.555497e+09 
1631 0.000000e+00 0.000000e+00 9.555498e+09 
1632 0.000000e+00 0.000000e+00 9.555496e+09 
1633 0.000000e+00 0.000000e+00 9.555520e+09 
1634 0.000000e+00 0.000000e+00 9.555494e+09 
1635 0.000000e+00 0.000000e+00 9.555494e+09 
1636 0.000000e+00 0.000000e+00 9.555493e+09 
1637 0.000000e+00 0.000000e+00 9.555494e+09 
1638 0.000000e+00 0.000000e+00 9.555498e+09 
1639 0.000000e+00 0.000000e+00 9.555493e+09 
1640 0.000000e+00 0.000000e+00 9.555493e+09 
1641 0.000000e+00 0.000000e+00 9.555495e+09 
1642 0.000000e+00 0.000000e+00 9.555512e+09 
1643 0.000000e+00 0.000000e+00 9.555499e+09 
1644 0.000000e+00 0.000000e+00 9.555503e+09 
1645 0.000000e+00 0.000000e+00 9.555496e+09 
1646 0.000000e+00 0.000000e+00 9.556339e+09 
1647 0.000000e+00 0.000000e+00 9.555493e+09 
1648 0.000000e+00 0.000000e+00 9.555521e+09 
1649 0.000000e+00 0.000000e+00 9.555512e+09 
1650 0.000000e+00 0.000000e+00 9.555502e+09 
1651 0.000000e+00 0.000000e+00 9.555496e+09 
1652 0.000000e+00 0.000000e+00 9.555493e+09 
1653 0.000000e+00 0.000000e+00 9.555517e+09 
1654 0.000000e+00 0.000000e+00 9.555519e+09 
1655 0.000000e+00 0.000000e+00 9.555495e+09 
1656 0.000000e+00 0.000000e+00 9.555501e+09 
1657 0.000000e+00 0.000000e+00 9.555493e+09 
1658 0.000000e+00 0.000000e+00 9.555495e+09 
1659 0.000000e+00 0.000000e+00 9.555498e+09 
1660 0.000000e+00 0.000000e+00 9.555495e+09 
1661 0.000000e+00 0.000000e+00 9.555500e+09 
1662 0.000000e+00 0.000000e+00 9.555509e+09 
1663 0.000000e+00 0.000000e+00 9.555496e+09 
1664 0.000000e+00 0.000000e+00 9.555493e+09 
1665 0.000000e+00 0.000000e+00 9.555502e+09 
1666 0.000000e+00 0.000000e+00 9.555496e+09 
1667 0.000000e+00 0.000000e+00 9.555500e+09 
1668 0.000000e+00 0.000000e+00 9.555507e+09 
1669 0.000000e+00 0.000000e+00 9.555494e+09 
1670 0.000000e+00 0.000000e+00 9.555513e+09 
1671 0.000000e+00 0.000000e+00 9.555505e+09 
1672 0.000000e+00 0.000000e+00 9.555493e+09 
1673 0.000000e+00 0.000000e+00 9.555504e+09 
1674 0.000000e+00 0.000000e+00 9.555494e+09 
1675 0.000000e+00 0.000000e+00 9.555505e+09 
1676 0.000000e+00 0.000000e+00 9.555536e+09 
1677 0.000000e+00 0.000000e+00 9.555508e+09 
1678 0.000000e+00 0.000000e+00 9.555493e+09 
1679 0.000000e+00 0.000000e+00 9.555526e+09 
1680 0.000000e+00 0.000000e+00 9.555496e+09 
1681 0.000000e+00 0.000000e+00 9.555522e+09 
1682 0.000000e+00 0.000000e+00 9.555493e+09 
1683 0.000000e+00 0.000000e+00 9.555493e+09 
1684 0.000000e+00 0.000000e+00 9.555497e+09 
1685 0.000000e+00 0.000000e+00 9.555495e+09 
1686 0.000000e+00 0.000000e+00 9.555493e+09 
1687 0.000000e+00 0.000000e+00 9.555493e+09 
1688 0.000000e+00 0.000000e+00 9.555502e+09 
1689 0.000000e+00 0.000000e+00 9.555498e+09 
1690 0.000000e+00 0.000000e+00 9.555493e+09 
1691 0.000000e+00 0.000000e+00 9.555493e+09 
1692 0.000000e+00 0.000000e+00 9.555540e+09 
1693 0.000000e+00 0.000000e+00 9.555498e+09 
1694 0.000000e+00 0.000000e+00 9.555493e+09 
1695 0.000000e+00 0.000000e+00 9.555498e+09 
1696 0.000000e+00 0.000000e+00 9.555501e+09 
1697 0.000000e+00 0.000000e+00 9.555499e+09 
1698 0.000000e+00 0.000000e+00 9.555532e+09 
1699 0.000000e+00 0.000000e+00 9.555495e+09 
1700 0.000000e+00 0.000000e+00 9.555494e+09 
1701 0.000000e+00 0.000000e+00 9.555504e+09 
1702 0.000000e+00 0.000000e+00 9.555497e+09 
1703 0.000000e+00 0.000000e+00 9.555515e+09 
1704 0.000000e+00 0.000000e+00 9.555498e+09 
1705 0.000000e+00 0.000000e+00 9.555493e+09 
1706 0.000000e+00 0.000000e+00 9.555493e+09 
1707 0.000000e+00 0.000000e+00 9.555494e+09 
1708 0.000000e+00 0.000000e+00 9.555493e+09 
1709 0.000000e+00 0.000000e+00 9.555494e+09 
1710 0.000000e+00 0.000000e+00 9.555501e+09 
1711 0.000000e+00 0.000000e+00 9.555494e+09 
1712 0.000000e+00 0.000000e+00 9.555502e+09 
1713 0.000000e+00 0.000000e+00 9.555498e+09 
1714 0.000000e+00 0.000000e+00 9.555494e+09 
1715 0.000000e+00 0.000000e+00 9.555498e+09 
1716 0.000000e+00 0.000000e+00 9.555493e+09 
1717 0.000000e+00 0.000000e+00 9.555493e+09 
1718 0.000000e+00 0.000000e+00 9.555498e+09 
1719 0.000000e+00 0.000000e+00 9.555496e+09 
1720 0.000000e+00 0.000000e+00 9.555498e+09 
1721 0.000000e+00 0.000000e+00 9.555496e+09 
1722 0.000000e+00 0.000000e+00 9.555495e+09 
1723 0.000000e+00 0.000000e+00 9.555493e+09 
1724 0.000000e+00 0.000000e+00 9.555493e+09 
1725 0.000000e+00 0.000000e+00 9.555495e+09 
1726 0.000000e+00 0.000000e+00 9.555495e+09 
1727 0.000000e+00 0.000000e+00 9.555497e+09 
1728 0.000000e+00 0.000000e+00 9.555501e+09 
1729 0.000000e+00 0.000000e+00 9.555835e+09 
1730 0.000000e+00 0.000000e+00 9.555514e+09 
1731 0.000000e+00 0.000000e+00 9.555494e+09 
1732 0.000000e+00 0.000000e+00 9.555497e+09 
1733 0.000000e+00 0.000000e+00 9.555493e+09 
1734 0.000000e+00 0.000000e+00 9.555493e+09 
1735 0.000000e+00 0.000000e+00 9.555566e+09 
1736 0.000000e+00 0.000000e+00 9.555494e+09 
1737 0.000000e+00 0.000000e+00 9.555498e+09 
1738 0.000000e+00 0.000000e+00 9.555500e+09 
1739 0.000000e+00 0.000000e+00 9.555494e+09 
1740 0.000000e+00 0.000000e+00 9.555494e+09 
1741 0.000000e+00 0.000000e+00 9.555493e+09 
1742 0.000000e+00 0.000000e+00 9.555494e+09 
1743 0.000000e+00 0.000000e+00 9.555768e+09 
1744 0.000000e+00 0.000000e+00 9.555495e+09 
1745 0.000000e+00 0.000000e+00 9.555699e+09 
1746 0.000000e+00 0.000000e+00 9.555494e+09 
1747 0.000000e+00 0.000000e+00 9.555494e+09 
1748 0.000000e+00 0.000000e+00 9.555493e+09 
1749 0.000000e+00 0.000000e+00 9.555495e+09 
1750 0.000000e+00 0.000000e+00 9.555493e+09 
1751 0.000000e+00 0.000000e+00 9.555493e+09 
1752 0.000000e+00 0.000000e+00 9.555493e+09 
1753 0.000000e+00 0.000000e+00 9.555493e+09 
1754 0.000000e+00 0.000000e+00 9.555495e+09 
1755 0.000000e+00 0.000000e+00 9.555493e+09 
1756 0.000000e+00 0.000000e+00 9.555493e+09 
1757 0.000000e+00 0.000000e+00 9.555493e+09 
1758 0.000000e+00 0.000000e+00 9.555494e+09 
1759 0.000000e+00 0.000000e+00 9.555496e+09 
1760 0.000000e+00 0.000000e+00 9.555494e+09 
1761 0.000000e+00 0.000000e+00 9.555493e+09 
1762 0.000000e+00 0.000000e+00 9.555494e+09 
1763 0.000000e+00 0.000000e+00 9.555512e+09 
1764 0.000000e+00 0.000000e+00 9.555497e+09 
1765 0.000000e+00 0.000000e+00 9.555500e+09 
1766 0.000000e+00 0.000000e+00 9.555499e+09 
1767 0.000000e+00 0.000000e+00 9.555497e+09 
1768 0.000000e+00 0.000000e+00 9.555498e+09 
1769 0.000000e+00 0.000000e+00 9.555494e+09 
1770 0.000000e+00 0.000000e+00 9.555494e+09 
1771 0.000000e+00 0.000000e+00 9.555494e+09 
1772 0.000000e+00 0.000000e+00 9.555495e+09 
1773 0.000000e+00 0.000000e+00 9.555493e+09 
1774 0.000000e+00 0.000000e+00 9.555504e+09 
1775 0.000000e+00 0.000000e+00 9.555502e+09 
1776 0.000000e+00 0.000000e+00 9.555493e+09 
1777 0.000000e+00 0.000000e+00 9.555499e+09 
1778 0.000000e+00 0.000000e+00 9.555494e+09 
1779 0.000000e+00 0.000000e+00 9.555502e+09 
1780 0.000000e+00 0.000000e+00 9.555493e+09 
1781 0.000000e+00 0.000000e+00 9.555495e+09 
1782 0.000000e+00 0.000000e+00 9.555799e+09 
1783 0.000000e+00 0.000000e+00 9.555588e+09 
1784 0.000000e+00 0.000000e+00 9.555493e+09 
1785 0.000000e+00 0.000000e+00 9.555497e+09 
1786 0.000000e+00 0.000000e+00 9.555499e+09 
1787 0.000000e+00 0.000000e+00 9.555493e+09 
1788 0.000000e+00 0.000000e+00 9.555508e+09 
1789 0.000000e+00 0.000000e+00 9.555508e+09 
1790 0.000000e+00 0.000000e+00 9.555507e+09 
1791 0.000000e+00 0.000000e+00 9.555503e+09 
1792 0.000000e+00 0.000000e+00 9.555494e+09 
1793 0.000000e+00 0.000000e+00 9.555498e+09 
1794 0.000000e+00 0.000000e+00 9.555505e+09 
1795 0.000000e+00 0.000000e+00 9.555493e+09 
1796 0.000000e+00 0.000000e+00 9.555586e+09 
1797 0.000000e+00 0.000000e+00 9.555495e+09 
1798 0.000000e+00 0.000000e+00 9.555603e+09 
1799 0.000000e+00 0.000000e+00 9.555573e+09 
1800 0.000000e+00 0.000000e+00 9.555495e+09 
1801 0.000000e+00 0.000000e+00 9.555511e+09 
1802 0.000000e+00 0.000000e+00 9.555990e+09 
1803 0.000000e+00 0.000000e+00 9.555514e+09 
1804 0.000000e+00 0.000000e+00 9.555494e+09 
1805 0.000000e+00 0.000000e+00 9.555498e+09 
1806 0.000000e+00 0.000000e+00 9.555505e+09 
1807 0.000000e+00 0.000000e+00 9.555495e+09 
1808 0.000000e+00 0.000000e+00 9.555693e+09 
1809 0.000000e+00 0.000000e+00 9.555507e+09 
1810 0.000000e+00 0.000000e+00 9.555532e+09 
1811 0.000000e+00 0.000000e+00 9.555493e+09 
1812 0.000000e+00 0.000000e+00 9.555494e+09 
1813 0.000000e+00 0.000000e+00 9.555499e+09 
1814 0.000000e+00 0.000000e+00 9.555493e+09 
1815 0.000000e+00 0.000000e+00 9.555493e+09 
1816 0.000000e+00 0.000000e+00 9.555493e+09 
1817 0.000000e+00 0.000000e+00 9.555494e+09 
1818 0.000000e+00 0.000000e+00 9.555494e+09 
1819 0.000000e+00 0.000000e+00 9.555503e+09 
1820 0.000000e+00 0.000000e+00 9.555497e+09 
1821 0.000000e+00 0.000000e+00 9.555495e+09 
1822 0.000000e+00 0.000000e+00 9.555495e+09 
1823 0.000000e+00 0.000000e+00 9.555496e+09 
1824 0.000000e+00 0.000000e+00 9.555493e+09 
1825 0.000000e+00 0.000000e+00 9.555494e+09 
1826 0.000000e+00 0.000000e+00 9.555493e+09 
1827 0.000000e+00 0.000000e+00 9.555494e+09 
1828 0.000000e+00 0.000000e+00 9.555493e+09 
1829 0.000000e+00 0.000000e+00 9.555495e+09 
1830 0.000000e+00 0.000000e+00 9.555494e+09 
1831 0.000000e+00 0.000000e+00 9.555507e+09 
1832 0.000000e+00 0.000000e+00 9.555564e+09 
1833 0.000000e+00 0.000000e+00 9.555537e+09 
1834 0.000000e+00 0.000000e+00 9.555494e+09 
1835 0.000000e+00 0.000000e+00 9.555496e+09 
1836 0.000000e+00 0.000000e+00 9.555495e+09 
1837 0.000000e+00 0.000000e+00 9.555505e+09 
1838 0.000000e+00 0.000000e+00 9.555494e+09 
1839 0.000000e+00 0.000000e+00 9.555495e+09 
1840 0.000000e+00 0.000000e+00 9.555496e+09 
1841 0.000000e+00 0.000000e+00 9.555494e+09 
1842 0.000000e+00 0.000000e+00 9.555493e+09 
1843 0.000000e+00 0.000000e+00 9.555498e+09 
1844 0.000000e+00 0.000000e+00 9.555496e+09 
1845 0.000000e+00 0.000000e+00 9.555497e+09 
1846 0.000000e+00 0.000000e+00 9.555516e+09 
1847 0.000000e+00 0.000000e+00 9.555499e+09 
1848 0.000000e+00 0.000000e+00 9.555494e+09 
1849 0.000000e+00 0.000000e+00 9.555493e+09 
1850 0.000000e+00 0.000000e+00 9.555494e+09 
1851 0.000000e+00 0.000000e+00 9.555493e+09 
1852 0.000000e+00 0.000000e+00 9.555502e+09 
1853 0.000000e+00 0.000000e+00 9.555495e+09 
1854 0.000000e+00 0.000000e+00 9.555493e+09 
1855 0.000000e+00 0.000000e+00 9.555497e+09 
1856 0.000000e+00 0.000000e+00 9.555493e+09 
1857 0.000000e+00 0.000000e+00 9.555496e+09 
1858 0.000000e+00 0.000000e+00 9.555494e+09 
1859 0.000000e+00 0.000000e+00 9.555496e+09 
1860 0.000000e+00 0.000000e+00 9.555494e+09 
1861 0.000000e+00 0.000000e+00 9.555495e+09 
1862 0.000000e+00 0.000000e+00 9.555508e+09 
1863 0.000000e+00 0.000000e+00 9.555496e+09 
1864 0.000000e+00 0.000000e+00 9.555493e+09 
1865 0.000000e+00 0.000000e+00 9.555493e+09 
1866 0.000000e+00 0.000000e+00 9.555493e+09 
1867 0.000000e+00 0.000000e+00 9.555500e+09 
1868 0.000000e+00 0.000000e+00 9.555493e+09 
1869 0.000000e+00 0.000000e+00 9.555493e+09 
1870 0.000000e+00 0.000000e+00 9.555495e+09 
1871 0.000000e+00 0.000000e+00 9.555494e+09 
1872 0.000000e+00 0.000000e+00 9.555494e+09 
1873 0.000000e+00 0.000000e+00 9.555501e+09 
1874 0.000000e+00 0.000000e+00 9.555497e+09 
1875 0.000000e+00 0.000000e+00 9.555503e+09 
1876 0.000000e+00 0.000000e+00 9.555496e+09 
1877 0.000000e+00 0.000000e+00 9.555493e+09 
1878 0.000000e+00 0.000000e+00 9.555493e+09 
1879 0.000000e+00 0.000000e+00 9.555498e+09 
1880 0.000000e+00 0.000000e+00 9.555494e+09 
1881 0.000000e+00 0.000000e+00 9.555496e+09 
1882 0.000000e+00 0.000000e+00 9.555493e+09 
1883 0.000000e+00 0.000000e+00 9.555493e+09 
1884 0.000000e+00 0.000000e+00 9.555496e+09 
1885 0.000000e+00 0.000000e+00 9.555494e+09 
1886 0.000000e+00 0.000000e+00 9.555505e+09 
1887 0.000000e+00 0.000000e+00 9.555502e+09 
1888 0.000000e+00 0.000000e+00 9.555493e+09 
1889 0.000000e+00 0.000000e+00 9.555493e+09 
1890 0.000000e+00 0.000000e+00 9.555494e+09 
1891 0.000000e+00 0.000000e+00 9.555493e+09 
1892 0.000000e+00 0.000000e+00 9.555495e+09 
1893 0.000000e+00 0.000000e+00 9.555493e+09 
1894 0.000000e+00 0.000000e+00 9.555494e+09 
1895 0.000000e+00 0.000000e+00 9.555494e+09 
1896 0.000000e+00 0.000000e+00 9.555498e+09 
1897 0.000000e+00 0.000000e+00 9.555493e+09 
1898 0.000000e+00 0.000000e+00 9.555493e+09 
1899 0.000000e+00 0.000000e+00 9.555498e+09 
1900 0.000000e+00 0.000000e+00 9.555497e+09 
1901 0.000000e+00 0.000000e+00 9.555500e+09 
1902 0.000000e+00 0.000000e+00 9.555493e+09 
1903 0.000000e+00 0.000000e+00 9.555493e+09 
1904 0.000000e+00 0.000000e+00 9.555494e+09 
1905 0.000000e+00 0.000000e+00 9.555493e+09 
1906 0.000000e+00 0.000000e+00 9.555530e+09 
1907 0.000000e+00 0.000000e+00 9.555498e+09 
1908 0.000000e+00 0.000000e+00 9.555585e+09 
1909 0.000000e+00 0.000000e+00 9.555502e+09 
1910 0.000000e+00 0.000000e+00 9.555496e+09 
1911 0.000000e+00 0.000000e+00 9.555498e+09 
1912 0.000000e+00 0.000000e+00 9.555494e+09 
1913 0.000000e+00 0.000000e+00 9.555502e+09 
1914 0.000000e+00 0.000000e+00 9.555493e+09 
1915 0.000000e+00 0.000000e+00 9.555498e+09 
1916 0.000000e+00 0.000000e+00 9.555494e+09 
1917 0.000000e+00 0.000000e+00 9.555493e+09 
1918 0.000000e+00 0.000000e+00 9.555494e+09 
1919 0.000000e+00 0.000000e+00 9.555500e+09 
1920 0.000000e+00 0.000000e+00 9.555493e+09 
1921 0.000000e+00 0.000000e+00 9.555493e+09 
1922 0.000000e+00 0.000000e+00 9.555493e+09 
1923 0.000000e+00 0.000000e+00 9.555493e+09 
1924 0.000000e+00 0.000000e+00 9.555493e+09 
1925 0.000000e+00 0.000000e+00 9.555494e+09 
1926 0.000000e+00 0.000000e+00 9.555493e+09 
1927 0.000000e+00 0.000000e+00 9.555493e+09 
1928 0.000000e+00 0.000000e+00 9.555532e+09 
1929 0.000000e+00 0.000000e+00 9.555493e+09 
1930 0.000000e+00 0.000000e+00 9.555513e+09 
1931 0.000000e+00 0.000000e+00 9.555495e+09 
1932 0.000000e+00 0.000000e+00 9.555495e+09 
1933 0.000000e+00 0.000000e+00 9.555501e+09 
1934 0.000000e+00 0.000000e+00 9.555494e+09 
1935 0.000000e+00 0.000000e+00 9.555494e+09 
1936 0.000000e+00 0.000000e+00 9.555514e+09 
1937 0.000000e+00 0.000000e+00 9.555493e+09 
1938 0.000000e+00 0.000000e+00 9.555497e+09 
1939 0.000000e+00 0.000000e+00 9.555500e+09 
1940 0.000000e+00 0.000000e+00 9.555523e+09 
1941 0.000000e+00 0.000000e+00 9.555493e+09 
1942 0.000000e+00 0.000000e+00 9.555493e+09 
1943 0.000000e+00 0.000000e+00 9.555512e+09 
1944 0.000000e+00 0.000000e+00 9.555656e+09 
1945 0.000000e+00 0.000000e+00 9.555564e+09 
1946 0.000000e+00 0.000000e+00 9.555501e+09 
1947 0.000000e+00 0.000000e+00 9.555678e+09 
1948 0.000000e+00 0.000000e+00 9.555509e+09 
1949 0.000000e+00 0.000000e+00 9.555495e+09 
1950 0.000000e+00 0.000000e+00 9.555495e+09 
1951 0.000000e+00 0.000000e+00 9.555529e+09 
1952 0.000000e+00 0.000000e+00 9.555496e+09 
1953 0.000000e+00 0.000000e+00 9.555493e+09 
1954 0.000000e+00 0.000000e+00 9.555493e+09 
1955 0.000000e+00 0.000000e+00 9.555493e+09 
1956 0.000000e+00 0.000000e+00 9.555493e+09 
1957 0.000000e+00 0.000000e+00 9.555493e+09 
1958 0.000000e+00 0.000000e+00 9.555570e+09 
1959 0.000000e+00 0.000000e+00 9.555499e+09 
1960 0.000000e+00 0.000000e+00 9.555493e+09 
1961 0.000000e+00 0.000000e+00 9.555499e+09 
1962 0.000000e+00 0.000000e+00 9.555493e+09 
1963 0.000000e+00 0.000000e+00 9.555493e+09 
1964 0.000000e+00 0.000000e+00 9.555515e+09 
1965 0.000000e+00 0.000000e+00 9.555493e+09 
1966 0.000000e+00 0.000000e+00 9.555499e+09 
1967 0.000000e+00 0.000000e+00 9.555494e+09 
1968 0.000000e+00 0.000000e+00 9.555496e+09 
1969 0.000000e+00 0.000000e+00 9.555494e+09 
1970 0.000000e+00 0.000000e+00 9.555496e+09 
1971 0.000000e+00 0.000000e+00 9.555493e+09 
1972 0.000000e+00 0.000000e+00 9.555515e+09 
1973 0.000000e+00 0.000000e+00 9.555526e+09 
1974 0.000000e+00 0.000000e+00 9.555494e+09 
1975 0.000000e+00 0.000000e+00 9.555537e+09 
1976 0.000000e+00 0.000000e+00 9.555555e+09 
1977 0.000000e+00 0.000000e+00 9.555549e+09 
1978 0.000000e+00 0.000000e+00 9.555499e+09 
1979 0.000000e+00 0.000000e+00 9.556259e+09 
1980 0.000000e+00 0.000000e+00 9.555495e+09 
1981 0.000000e+00 0.000000e+00 9.555494e+09 
1982 0.000000e+00 0.000000e+00 9.555505e+09 
1983 0.000000e+00 0.000000e+00 9.555495e+09 
1984 0.000000e+00 0.000000e+00 9.555495e+09 
1985 0.000000e+00 0.000000e+00 9.555495e+09 
1986 0.000000e+00 0.000000e+00 9.555497e+09 
1987 0.000000e+00 0.000000e+00 9.555493e+09 
1988 0.000000e+00 0.000000e+00 9.555494e+09 
1989 0.000000e+00 0.000000e+00 9.555501e+09 
1990 0.000000e+00 0.000000e+00 9.555494e+09 
1991 0.000000e+00 0.000000e+00 9.555493e+09 
1992 0.000000e+00 0.000000e+00 9.555493e+09 
1993 0.000000e+00 0.000000e+00 9.555493e+09 
1994 0.000000e+00 0.000000e+00 9.555494e+09 
1995 0.000000e+00 0.000000e+00 9.555493e+09 
1996 0.000000e+00 0.000000e+00 9.555513e+09 
1997 0.000000e+00 0.000000e+00 9.555503e+09 
1998 0.000000e+00 0.000000e+00 9.555503e+09 
1999 0.000000e+00 0.000000e+00 9.555495e+09 
2000 0.000000e+00 0.000000e+00 9.555494e+09 
2001 0.000000e+00 0.000000e+00 9.555506e+09 
2002 0.000000e+00 0.000000e+00 9.555497e+09 
2003 0.000000e+00 0.000000e+00 9.555504e+09 
2004 0.000000e+00 0.000000e+00 9.555494e+09 
2005 0.000000e+00 0.000000e+00 9.555494e+09 
2006 0.000000e+00 0.000000e+00 9.555495e+09 
2007 0.000000e+00 0.000000e+00 9.555495e+09 
2008 0.000000e+00 0.000000e+00 9.555498e+09 
2009 0.000000e+00 0.000000e+00 9.555493e+09 
2010 0.000000e+00 0.000000e+00 9.555493e+09 
2011 0.000000e+00 0.000000e+00 9.555493e+09 
2012 0.000000e+00 0.000000e+00 9.555494e+09 
2013 0.000000e+00 0.000000e+00 9.555494e+09 
2014 0.000000e+00 0.000000e+00 9.555494e+09 
2015 0.000000e+00 0.000000e+00 9.555494e+09 
2016 0.000000e+00 0.000000e+00 9.555515e+09 
2017 0.000000e+00 0.000000e+00 9.555496e+09 
2018 0.000000e+00 0.000000e+00 9.555493e+09 
2019 0.000000e+00 0.000000e+00 9.555493e+09 
2020 0.000000e+00 0.000000e+00 9.555493e+09 
2021 0.000000e+00 0.000000e+00 9.555493e+09 
2022 0.000000e+00 0.000000e+00 9.555496e+09 
2023 0.000000e+00 0.000000e+00 9.555493e+09 
2024 0.000000e+00 0.000000e+00 9.555493e+09 
2025 0.000000e+00 0.000000e+00 9.555509e+09 
2026 0.000000e+00 0.000000e+00 9.555608e+09 
2027 0.000000e+00 0.000000e+00 9.555515e+09 
2028 0.000000e+00 0.000000e+00 9.555494e+09 
2029 0.000000e+00 0.000000e+00 9.555494e+09 
2030 0.000000e+00 0.000000e+00 9.555496e+09 
2031 0.000000e+00 0.000000e+00 9.555494e+09 
2032 0.000000e+00 0.000000e+00 9.555495e+09 
2033 0.000000e+00 0.000000e+00 9.555535e+09 
2034 0.000000e+00 0.000000e+00 9.555494e+09 
2035 0.000000e+00 0.000000e+00 9.555494e+09 
2036 0.000000e+00 0.000000e+00 9.555495e+09 
2037 0.000000e+00 0.000000e+00 9.555494e+09 
2038 0.000000e+00 0.000000e+00 9.555495e+09 
2039 0.000000e+00 0.000000e+00 9.555495e+09 
2040 0.000000e+00 0.000000e+00 9.555519e+09 
2041 0.000000e+00 0.000000e+00 9.555505e+09 
2042 0.000000e+00 0.000000e+00 9.555493e+09 
2043 0.000000e+00 0.000000e+00 9.555496e+09 
2044 0.000000e+00 0.000000e+00 9.555493e+09 
2045 0.000000e+00 0.000000e+00 9.555494e+09 
2046 0.000000e+00 0.000000e+00 9.555494e+09 
2047 0.000000e+00 0.000000e+00 9.555495e+09 
2048 0.000000e+00 0.000000e+00 9.555493e+09 
2049 0.000000e+00 0.000000e+00 9.555494e+09 
2050 0.000000e+00 0.000000e+00 9.555493e+09 
2051 0.000000e+00 0.000000e+00 9.555495e+09 
2052 0.000000e+00 0.000000e+00 9.555496e+09 
2053 0.000000e+00 0.000000e+00 9.555494e+09 
2054 0.000000e+00 0.000000e+00 9.555495e+09 
2055 0.000000e+00 0.000000e+00 9.555495e+09 
2056 0.000000e+00 0.000000e+00 9.555493e+09 
2057 0.000000e+00 0.000000e+00 9.555496e+09 
2058 0.000000e+00 0.000000e+00 9.555493e+09 
2059 0.000000e+00 0.000000e+00 9.555497e+09 
2060 0.000000e+00 0.000000e+00 9.555509e+09 
2061 0.000000e+00 0.000000e+00 9.555500e+09 
2062 0.000000e+00 0.000000e+00 9.555500e+09 
2063 0.000000e+00 0.000000e+00 9.555561e+09 
2064 0.000000e+00 0.000000e+00 9.555495e+09 
2065 0.000000e+00 0.000000e+00 9.555494e+09 
2066 0.000000e+00 0.000000e+00 9.555495e+09 
2067 0.000000e+00 0.000000e+00 9.555499e+09 
2068 0.000000e+00 0.000000e+00 9.555494e+09 
2069 0.000000e+00 0.000000e+00 9.555493e+09 
2070 0.000000e+00 0.000000e+00 9.555496e+09 
2071 0.000000e+00 0.000000e+00 9.555496e+09 
2072 0.000000e+00 0.000000e+00 9.555496e+09 
2073 0.000000e+00 0.000000e+00 9.555495e+09 
2074 0.000000e+00 0.000000e+00 9.555493e+09 
2075 0.000000e+00 0.000000e+00 9.555501e+09 
2076 0.000000e+00 0.000000e+00 9.555495e+09 
2077 0.000000e+00 0.000000e+00 9.555493e+09 
2078 0.000000e+00 0.000000e+00 9.555493e+09 
2079 0.000000e+00 0.000000e+00 9.555493e+09 
2080 0.000000e+00 0.000000e+00 9.555494e+09 
2081 0.000000e+00 0.000000e+00 9.555498e+09 
2082 0.000000e+00 0.000000e+00 9.555502e+09 
2083 0.000000e+00 0.000000e+00 9.555572e+09 
2084 0.000000e+00 0.000000e+00 9.555494e+09 
2085 0.000000e+00 0.000000e+00 9.555495e+09 
2086 0.000000e+00 0.000000e+00 9.555497e+09 
2087 0.000000e+00 0.000000e+00 9.555498e+09 
2088 0.000000e+00 0.000000e+00 9.555494e+09 
2089 0.000000e+00 0.000000e+00 9.555493e+09 
2090 0.000000e+00 0.000000e+00 9.555493e+09 
2091 0.000000e+00 0.000000e+00 9.555494e+09 
2092 0.000000e+00 0.000000e+00 9.555494e+09 
2093 0.000000e+00 0.000000e+00 9.555520e+09 
2094 0.000000e+00 0.000000e+00 9.555528e+09 
2095 0.000000e+00 0.000000e+00 9.555493e+09 
2096 0.000000e+00 0.000000e+00 9.555493e+09 
2097 0.000000e+00 0.000000e+00 9.555498e+09 
2098 0.000000e+00 0.000000e+00 9.555554e+09 
2099 0.000000e+00 0.000000e+00 9.555960e+09 
2100 0.000000e+00 0.000000e+00 9.555495e+09 
2101 0.000000e+00 0.000000e+00 9.555496e+09 
2102 0.000000e+00 0.000000e+00 9.555497e+09 
2103 0.000000e+00 0.000000e+00 9.555493e+09 
2104 0.000000e+00 0.000000e+00 9.555494e+09 
2105 0.000000e+00 0.000000e+00 9.555507e+09 
2106 0.000000e+00 0.000000e+00 9.555595e+09 
2107 0.000000e+00 0.000000e+00 9.555518e+09 
2108 0.000000e+00 0.000000e+00 9.555493e+09 
2109 0.000000e+00 0.000000e+00 9.555499e+09 
2110 0.000000e+00 0.000000e+00 9.555494e+09 
2111 0.000000e+00 0.000000e+00 9.555494e+09 
2112 0.000000e+00 0.000000e+00 9.555494e+09 
2113 0.000000e+00 0.000000e+00 9.555493e+09 
2114 0.000000e+00 0.000000e+00 9.555494e+09 
2115 0.000000e+00 0.000000e+00 9.555494e+09 
2116 0.000000e+00 0.000000e+00 9.555497e+09 
2117 0.000000e+00 0.000000e+00 9.555527e+09 
2118 0.000000e+00 0.000000e+00 9.555501e+09 
2119 0.000000e+00 0.000000e+00 9.555506e+09 
2120 0.000000e+00 0.000000e+00 9.555494e+09 
2121 0.000000e+00 0.000000e+00 9.555499e+09 
2122 0.000000e+00 0.000000e+00 9.555495e+09 
2123 0.000000e+00 0.000000e+00 9.555493e+09 
2124 0.000000e+00 0.000000e+00 9.555493e+09 
2125 0.000000e+00 0.000000e+00 9.555496e+09 
2126 0.000000e+00 0.000000e+00 9.555495e+09 
2127 0.000000e+00 0.000000e+00 9.555493e+09 
2128 0.000000e+00 0.000000e+00 9.555493e+09 
2129 0.000000e+00 0.000000e+00 9.555494e+09 
2130 0.000000e+00 0.000000e+00 9.555499e+09 
2131 0.000000e+00 0.000000e+00 9.555496e+09 
2132 0.000000e+00 0.000000e+00 9.555494e+09 
2133 0.000000e+00 0.000000e+00 9.555493e+09 
2134 0.000000e+00 0.000000e+00 9.555493e+09 
2135 0.000000e+00 0.000000e+00 9.555552e+09 
2136 0.000000e+00 0.000000e+00 9.555498e+09 
2137 0.000000e+00 0.000000e+00 9.555494e+09 
2138 0.000000e+00 0.000000e+00 9.555493e+09 
2139 0.000000e+00 0.000000e+00 9.555493e+09 
2140 0.000000e+00 0.000000e+00 9.555493e+09 
2141 0.000000e+00 0.000000e+00 9.555495e+09 
2142 0.000000e+00 0.000000e+00 9.555493e+09 
2143 0.000000e+00 0.000000e+00 9.555502e+09 
2144 0.000000e+00 0.000000e+00 9.555503e+09 
2145 0.000000e+00 0.000000e+00 9.555496e+09 
2146 0.000000e+00 0.000000e+00 9.555493e+09 
2147 0.000000e+00 0.000000e+00 9.555495e+09 
2148 0.000000e+00 0.000000e+00 9.555495e+09 
2149 0.000000e+00 0.000000e+00 9.555494e+09 
2150 0.000000e+00 0.000000e+00 9.555494e+09 
2151 0.000000e+00 0.000000e+00 9.555493e+09 
2152 0.000000e+00 0.000000e+00 9.555493e+09 
2153 0.000000e+00 0.000000e+00 9.555495e+09 
2154 0.000000e+00 0.000000e+00 9.555496e+09 
2155 0.000000e+00 0.000000e+00 9.555496e+09 
2156 0.000000e+00 0.000000e+00 9.555493e+09 
2157 0.000000e+00 0.000000e+00 9.555495e+09 
2158 0.000000e+00 0.000000e+00 9.555496e+09 
2159 0.000000e+00 0.000000e+00 9.555495e+09 
2160 0.000000e+00 0.000000e+00 9.555501e+09 
2161 0.000000e+00 0.000000e+00 9.555500e+09 
2162 0.000000e+00 0.000000e+00 9.555494e+09 
2163 0.000000e+00 0.000000e+00 9.555500e+09 
2164 0.000000e+00 0.000000e+00 9.555497e+09 
2165 0.000000e+00 0.000000e+00 9.555496e+09 
2166 0.000000e+00 0.000000e+00 9.555493e+09 
2167 0.000000e+00 0.000000e+00 9.555493e+09 
2168 0.000000e+00 0.000000e+00 9.555496e+09 
2169 0.000000e+00 0.000000e+00 9.555504e+09 
2170 0.000000e+00 0.000000e+00 9.555495e+09 
2171 0.000000e+00 0.000000e+00 9.555493e+09 
2172 0.000000e+00 0.000000e+00 9.555500e+09 
2173 0.000000e+00 0.000000e+00 9.555493e+09 
2174 0.000000e+00 0.000000e+00 9.555495e+09 
2175 0.000000e+00 0.000000e+00 9.555493e+09 
2176 0.000000e+00 0.000000e+00 9.574358e+09 
2177 0.000000e+00 0.000000e+00 9.555565e+09 
2178 0.000000e+00 0.000000e+00 9.555497e+09 
2179 0.000000e+00 0.000000e+00 9.555500e+09 
2180 0.000000e+00 0.000000e+00 9.555509e+09 
2181 0.000000e+00 0.000000e+00 9.555543e+09 
2182 0.000000e+00 0.000000e+00 9.555498e+09 
2183 0.000000e+00 0.000000e+00 9.555501e+09 
2184 0.000000e+00 0.000000e+00 9.555514e+09 
2185 0.000000e+00 0.000000e+00 9.555501e+09 
2186 0.000000e+00 0.000000e+00 9.559618e+09 
2187 0.000000e+00 0.000000e+00 9.555499e+09 
2188 0.000000e+00 0.000000e+00 9.555505e+09 
2189 0.000000e+00 0.000000e+00 9.555496e+09 
2190 0.000000e+00 0.000000e+00 9.555496e+09 
2191 0.000000e+00 0.000000e+00 9.555494e+09 
2192 0.000000e+00 0.000000e+00 9.555493e+09 
2193 0.000000e+00 0.000000e+00 9.555494e+09 
2194 0.000000e+00 0.000000e+00 9.555499e+09 
2195 0.000000e+00 0.000000e+00 9.555496e+09 
2196 0.000000e+00 0.000000e+00 9.555495e+09 
2197 0.000000e+00 0.000000e+00 9.555499e+09 
2198 0.000000e+00 0.000000e+00 9.555493e+09 
2199 0.000000e+00 0.000000e+00 9.556484e+09 
2200 0.000000e+00 0.000000e+00 9.555493e+09 
2201 0.000000e+00 0.000000e+00 9.559252e+09 
2202 0.000000e+00 0.000000e+00 9.555502e+09 
2203 0.000000e+00 0.000000e+00 9.555493e+09 
2204 0.000000e+00 0.000000e+00 9.555508e+09 
2205 0.000000e+00 0.000000e+00 9.555567e+09 
2206 0.000000e+00 0.000000e+00 9.555503e+09 
2207 0.000000e+00 0.000000e+00 9.555495e+09 
2208 0.000000e+00 0.000000e+00 9.555497e+09 
2209 0.000000e+00 0.000000e+00 9.555493e+09 
2210 0.000000e+00 0.000000e+00 9.555493e+09 
2211 0.000000e+00 0.000000e+00 9.555499e+09 
2212 0.000000e+00 0.000000e+00 9.555661e+09 
2213 0.000000e+00 0.000000e+00 9.555493e+09 
2214 0.000000e+00 0.000000e+00 9.555493e+09 
2215 0.000000e+00 0.000000e+00 9.555493e+09 
2216 0.000000e+00 0.000000e+00 9.555511e+09 
2217 0.000000e+00 0.000000e+00 9.555497e+09 
2218 0.000000e+00 0.000000e+00 9.555493e+09 
2219 0.000000e+00 0.000000e+00 9.555493e+09 
2220 0.000000e+00 0.000000e+00 9.555493e+09 
2221 0.000000e+00 0.000000e+00 9.555495e+09 
2222 0.000000e+00 0.000000e+00 9.555493e+09 
2223 0.000000e+00 0.000000e+00 9.555493e+09 
2224 0.000000e+00 0.000000e+00 9.555493e+09 
2225 0.000000e+00 0.000000e+00 9.555494e+09 
2226 0.000000e+00 0.000000e+00 9.555495e+09 
2227 0.000000e+00 0.000000e+00 9.555493e+09 
2228 0.000000e+00 0.000000e+00 9.555493e+09 
2229 0.000000e+00 0.000000e+00 9.555496e+09 
2230 0.000000e+00 0.000000e+00 9.555495e+09 
2231 0.000000e+00 0.000000e+00 9.555494e+09 
2232 0.000000e+00 0.000000e+00 9.555494e+09 
2233 0.000000e+00 0.000000e+00 9.555502e+09 
2234 0.000000e+00 0.000000e+00 9.555584e+09 
2235 0.000000e+00 0.000000e+00 9.555495e+09 
2236 0.000000e+00 0.000000e+00 9.555513e+09 
2237 0.000000e+00 0.000000e+00 9.555494e+09 
2238 0.000000e+00 0.000000e+00 9.555513e+09 
2239 0.000000e+00 0.000000e+00 9.555516e+09 
2240 0.000000e+00 0.000000e+00 9.555494e+09 
2241 0.000000e+00 0.000000e+00 9.555494e+09 
2242 0.000000e+00 0.000000e+00 9.555494e+09 
2243 0.000000e+00 0.000000e+00 9.555495e+09 
2244 0.000000e+00 0.000000e+00 9.555502e+09 
2245 0.000000e+00 0.000000e+00 9.555528e+09 
2246 0.000000e+00 0.000000e+00 9.555687e+09 
2247 0.000000e+00 0.000000e+00 9.555498e+09 
2248 0.000000e+00 0.000000e+00 9.555494e+09 
2249 0.000000e+00 0.000000e+00 9.555493e+09 
2250 0.000000e+00 0.000000e+00 9.555499e+09 
2251 0.000000e+00 0.000000e+00 9.555493e+09 
2252 0.000000e+00 0.000000e+00 9.555496e+09 
2253 0.000000e+00 0.000000e+00 9.555547e+09 
2254 0.000000e+00 0.000000e+00 9.555494e+09 
2255 0.000000e+00 0.000000e+00 9.555494e+09 
2256 0.000000e+00 0.000000e+00 9.555496e+09 
2257 0.000000e+00 0.000000e+00 9.555493e+09 
2258 0.000000e+00 0.000000e+00 9.555493e+09 
2259 0.000000e+00 0.000000e+00 9.555494e+09 
2260 0.000000e+00 0.000000e+00 9.555493e+09 
2261 0.000000e+00 0.000000e+00 9.555493e+09 
2262 0.000000e+00 0.000000e+00 9.555493e+09 
2263 0.000000e+00 0.000000e+00 9.555493e+09 
2264 0.000000e+00 0.000000e+00 9.555508e+09 
2265 0.000000e+00 0.000000e+00 9.555498e+09 
2266 0.000000e+00 0.000000e+00 9.555494e+09 
2267 0.000000e+00 0.000000e+00 9.555493e+09 
2268 0.000000e+00 0.000000e+00 9.555497e+09 
2269 0.000000e+00 0.000000e+00 9.555497e+09 
2270 0.000000e+00 0.000000e+00 9.555504e+09 
2271 0.000000e+00 0.000000e+00 9.555495e+09 
2272 0.000000e+00 0.000000e+00 9.555496e+09 
2273 0.000000e+00 0.000000e+00 9.555493e+09 
2274 0.000000e+00 0.000000e+00 9.555495e+09 
2275 0.000000e+00 0.000000e+00 9.555495e+09 
2276 0.000000e+00 0.000000e+00 9.555495e+09 
2277 0.000000e+00 0.000000e+00 9.555495e+09 
2278 0.000000e+00 0.000000e+00 9.555516e+09 
2279 0.000000e+00 0.000000e+00 9.555494e+09 
2280 0.000000e+00 0.000000e+00 9.555495e+09 
2281 0.000000e+00 0.000000e+00 9.555493e+09 
2282 0.000000e+00 0.000000e+00 9.555493e+09 
2283 0.000000e+00 0.000000e+00 9.555511e+09 
2284 0.000000e+00 0.000000e+00 9.555496e+09 
2285 0.000000e+00 0.000000e+00 9.555494e+09 
2286 0.000000e+00 0.000000e+00 9.555495e+09 
2287 0.000000e+00 0.000000e+00 9.555493e+09 
2288 0.000000e+00 0.000000e+00 9.555494e+09 
2289 0.000000e+00 0.000000e+00 9.555506e+09 
2290 0.000000e+00 0.000000e+00 9.555493e+09 
2291 0.000000e+00 0.000000e+00 9.555495e+09 
2292 0.000000e+00 0.000000e+00 9.555696e+09 
2293 0.000000e+00 0.000000e+00 9.555521e+09 
2294 0.000000e+00 0.000000e+00 9.555494e+09 
2295 0.000000e+00 0.000000e+00 9.555521e+09 
2296 0.000000e+00 0.000000e+00 9.555526e+09 
2297 0.000000e+00 0.000000e+00 9.555593e+09 
2298 0.000000e+00 0.000000e+00 9.555495e+09 
2299 0.000000e+00 0.000000e+00 9.555501e+09 
2300 0.000000e+00 0.000000e+00 9.555500e+09 
2301 0.000000e+00 0.000000e+00 9.555494e+09 
2302 0.000000e+00 0.000000e+00 9.555497e+09 
2303 0.000000e+00 0.000000e+00 9.555519e+09 
2304 0.000000e+00 0.000000e+00 9.555494e+09 
2305 0.000000e+00 0.000000e+00 9.555506e+09 
2306 0.000000e+00 0.000000e+00 9.555493e+09 
2307 0.000000e+00 0.000000e+00 9.555493e+09 
2308 0.000000e+00 0.000000e+00 9.555494e+09 
2309 0.000000e+00 0.000000e+00 9.555507e+09 
2310 0.000000e+00 0.000000e+00 9.555493e+09 
2311 0.000000e+00 0.000000e+00 9.555493e+09 
2312 0.000000e+00 0.000000e+00 9.555494e+09 
2313 0.000000e+00 0.000000e+00 9.555494e+09 
2314 0.000000e+00 0.000000e+00 9.555513e+09 
2315 0.000000e+00 0.000000e+00 9.555493e+09 
2316 0.000000e+00 0.000000e+00 9.555717e+09 
2317 0.000000e+00 0.000000e+00 9.555499e+09 
2318 0.000000e+00 0.000000e+00 9.555494e+09 
2319 0.000000e+00 0.000000e+00 9.555493e+09 
2320 0.000000e+00 0.000000e+00 9.555493e+09 
2321 0.000000e+00 0.000000e+00 9.555493e+09 
2322 0.000000e+00 0.000000e+00 9.555525e+09 
2323 0.000000e+00 0.000000e+00 9.555495e+09 
2324 0.000000e+00 0.000000e+00 9.555495e+09 
2325 0.000000e+00 0.000000e+00 9.555495e+09 
2326 0.000000e+00 0.000000e+00 9.555495e+09 
2327 0.000000e+00 0.000000e+00 9.555496e+09 
2328 0.000000e+00 0.000000e+00 9.555493e+09 
2329 0.000000e+00 0.000000e+00 9.555495e+09 
2330 0.000000e+00 0.000000e+00 9.555507e+09 
2331 0.000000e+00 0.000000e+00 9.555508e+09 
2332 0.000000e+00 0.000000e+00 9.555505e+09 
2333 0.000000e+00 0.000000e+00 9.555498e+09 
2334 0.000000e+00 0.000000e+00 9.555493e+09 
2335 0.000000e+00 0.000000e+00 9.555493e+09 
2336 0.000000e+00 0.000000e+00 9.555494e+09 
2337 0.000000e+00 0.000000e+00 9.555496e+09 
2338 0.000000e+00 0.000000e+00 9.555495e+09 
2339 0.000000e+00 0.000000e+00 9.555504e+09 
2340 0.000000e+00 0.000000e+00 9.555516e+09 
2341 0.000000e+00 0.000000e+00 9.555493e+09 
2342 0.000000e+00 0.000000e+00 9.555493e+09 
2343 0.000000e+00 0.000000e+00 9.555500e+09 
2344 0.000000e+00 0.000000e+00 9.555504e+09 
2345 0.000000e+00 0.000000e+00 9.555495e+09 
2346 0.000000e+00 0.000000e+00 9.555495e+09 
2347 0.000000e+00 0.000000e+00 9.555493e+09 
2348 0.000000e+00 0.000000e+00 9.555567e+09 
2349 0.000000e+00 0.000000e+00 9.555497e+09 
2350 0.000000e+00 0.000000e+00 9.555502e+09 
2351 0.000000e+00 0.000000e+00 9.555493e+09 
2352 0.000000e+00 0.000000e+00 9.555580e+09 
2353 0.000000e+00 0.000000e+00 9.555495e+09 
2354 0.000000e+00 0.000000e+00 9.555499e+09 
2355 0.000000e+00 0.000000e+00 9.555493e+09 
2356 0.000000e+00 0.000000e+00 9.555535e+09 
2357 0.000000e+00 0.000000e+00 9.555499e+09 
2358 0.000000e+00 0.000000e+00 9.555496e+09 
2359 0.000000e+00 0.000000e+00 9.555494e+09 
2360 0.000000e+00 0.000000e+00 9.555493e+09 
2361 0.000000e+00 0.000000e+00 9.555494e+09 
2362 0.000000e+00 0.000000e+00 9.555502e+09 
2363 0.000000e+00 0.000000e+00 9.555495e+09 
2364 0.000000e+00 0.000000e+00 9.555494e+09 
2365 0.000000e+00 0.000000e+00 9.555494e+09 
2366 0.000000e+00 0.000000e+00 9.555519e+09 
2367 0.000000e+00 0.000000e+00 9.555502e+09 
2368 0.000000e+00 0.000000e+00 9.555503e+09 
2369 0.000000e+00 0.000000e+00 9.555493e+09 
2370 0.000000e+00 0.000000e+00 9.555497e+09 
2371 0.000000e+00 0.000000e+00 9.556000e+09 
2372 0.000000e+00 0.000000e+00 9.555495e+09 
2373 0.000000e+00 0.000000e+00 9.555507e+09 
2374 0.000000e+00 0.000000e+00 9.555514e+09 
2375 0.000000e+00 0.000000e+00 9.555493e+09 
2376 0.000000e+00 0.000000e+00 9.555494e+09 
2377 0.000000e+00 0.000000e+00 9.555494e+09 
2378 0.000000e+00 0.000000e+00 9.555509e+09 
2379 0.000000e+00 0.000000e+00 9.555500e+09 
2380 0.000000e+00 0.000000e+00 9.555494e+09 
2381 0.000000e+00 0.000000e+00 9.555493e+09 
2382 0.000000e+00 0.000000e+00 9.555494e+09 
2383 0.000000e+00 0.000000e+00 9.555493e+09 
2384 0.000000e+00 0.000000e+00 9.555493e+09 
2385 0.000000e+00 0.000000e+00 9.555498e+09 
2386 0.000000e+00 0.000000e+00 9.555499e+09 
2387 0.000000e+00 0.000000e+00 9.555544e+09 
2388 0.000000e+00 0.000000e+00 9.555497e+09 
2389 0.000000e+00 0.000000e+00 9.555503e+09 
2390 0.000000e+00 0.000000e+00 9.555495e+09 
2391 0.000000e+00 0.000000e+00 9.555508e+09 
2392 0.000000e+00 0.000000e+00 9.555501e+09 
2393 0.000000e+00 0.000000e+00 9.555504e+09 
2394 0.000000e+00 0.000000e+00 9.555495e+09 
2395 0.000000e+00 0.000000e+00 9.555494e+09 
2396 0.000000e+00 0.000000e+00 9.555550e+09 
2397 0.000000e+00 0.000000e+00 9.555598e+09 
2398 0.000000e+00 0.000000e+00 9.555502e+09 
2399 0.000000e+00 0.000000e+00 9.555496e+09 
2400 0.000000e+00 0.000000e+00 9.555494e+09 
2401 0.000000e+00 0.000000e+00 9.555496e+09 
2402 0.000000e+00 0.000000e+00 9.555517e+09 
2403 0.000000e+00 0.000000e+00 9.555493e+09 
2404 0.000000e+00 0.000000e+00 9.555516e+09 
2405 0.000000e+00 0.000000e+00 9.555493e+09 
2406 0.000000e+00 0.000000e+00 9.555493e+09 
2407 0.000000e+00 0.000000e+00 9.555493e+09 
2408 0.000000e+00 0.000000e+00 9.555510e+09 
2409 0.000000e+00 0.000000e+00 9.555494e+09 
2410 0.000000e+00 0.000000e+00 9.555502e+09 
2411 0.000000e+00 0.000000e+00 9.555494e+09 
2412 0.000000e+00 0.000000e+00 9.555553e+09 
2413 0.000000e+00 0.000000e+00 9.555497e+09 
2414 0.000000e+00 0.000000e+00 9.555493e+09 
2415 0.000000e+00 0.000000e+00 9.555499e+09 
2416 0.000000e+00 0.000000e+00 9.555493e+09 
2417 0.000000e+00 0.000000e+00 9.555530e+09 
2418 0.000000e+00 0.000000e+00 9.555502e+09 
2419 0.000000e+00 0.000000e+00 9.555495e+09 
2420 0.000000e+00 0.000000e+00 9.555495e+09 
2421 0.000000e+00 0.000000e+00 9.555493e+09 
2422 0.000000e+00 0.000000e+00 9.555503e+09 
2423 0.000000e+00 0.000000e+00 9.555495e+09 
2424 0.000000e+00 0.000000e+00 9.555494e+09 
2425 0.000000e+00 0.000000e+00 9.555493e+09 
2426 0.000000e+00 0.000000e+00 9.555494e+09 
2427 0.000000e+00 0.000000e+00 9.555494e+09 
2428 0.000000e+00 0.000000e+00 9.555495e+09 
2429 0.000000e+00 0.000000e+00 9.555495e+09 
2430 0.000000e+00 0.000000e+00 9.555494e+09 
2431 0.000000e+00 0.000000e+00 9.555493e+09 
2432 0.000000e+00 0.000000e+00 9.555493e+09 
2433 0.000000e+00 0.000000e+00 9.555495e+09 
2434 0.000000e+00 0.000000e+00 9.555493e+09 
2435 0.000000e+00 0.000000e+00 9.555493e+09 
2436 0.000000e+00 0.000000e+00 9.555493e+09 
2437 0.000000e+00 0.000000e+00 9.555498e+09 
2438 0.000000e+00 0.000000e+00 9.555493e+09 
2439 0.000000e+00 0.000000e+00 9.555496e+09 
2440 0.000000e+00 0.000000e+00 9.555495e+09 
2441 0.000000e+00 0.000000e+00 9.555494e+09 
2442 0.000000e+00 0.000000e+00 9.555502e+09 
2443 0.000000e+00 0.000000e+00 9.555494e+09 
2444 0.000000e+00 0.000000e+00 9.555496e+09 
2445 0.000000e+00 0.000000e+00 9.555493e+09 
2446 0.000000e+00 0.000000e+00 9.555615e+09 
2447 0.000000e+00 0.000000e+00 9.555517e+09 
2448 0.000000e+00 0.000000e+00 9.555532e+09 
2449 0.000000e+00 0.000000e+00 9.555495e+09 
2450 0.000000e+00 0.000000e+00 9.555499e+09 
2451 0.000000e+00 0.000000e+00 9.555494e+09 
2452 0.000000e+00 0.000000e+00 9.555493e+09 
2453 0.000000e+00 0.000000e+00 9.555494e+09 
2454 0.000000e+00 0.000000e+00 9.555493e+09 
2455 0.000000e+00 0.000000e+00 9.555493e+09 
2456 0.000000e+00 0.000000e+00 9.555496e+09 
2457 0.000000e+00 0.000000e+00 9.555495e+09 
2458 0.000000e+00 0.000000e+00 9.555493e+09 
2459 0.000000e+00 0.000000e+00 9.555494e+09 
2460 0.000000e+00 0.000000e+00 9.555496e+09 
2461 0.000000e+00 0.000000e+00 9.555740e+09 
2462 0.000000e+00 0.000000e+00 9.555493e+09 
2463 0.000000e+00 0.000000e+00 9.555493e+09 
2464 0.000000e+00 0.000000e+00 9.555613e+09 
2465 0.000000e+00 0.000000e+00 9.555498e+09 
2466 0.000000e+00 0.000000e+00 9.555493e+09 
2467 0.000000e+00 0.000000e+00 9.555746e+09 
2468 0.000000e+00 0.000000e+00 9.555493e+09 
2469 0.000000e+00 0.000000e+00 9.555498e+09 
2470 0.000000e+00 0.000000e+00 9.555502e+09 
2471 0.000000e+00 0.000000e+00 9.555493e+09 
2472 0.000000e+00 0.000000e+00 9.555519e+09 
2473 0.000000e+00 0.000000e+00 9.555507e+09 
2474 0.000000e+00 0.000000e+00 9.558910e+09 
2475 0.000000e+00 0.000000e+00 9.555493e+09 
2476 0.000000e+00 0.000000e+00 9.555495e+09 
2477 0.000000e+00 0.000000e+00 9.555493e+09 
2478 0.000000e+00 0.000000e+00 9.555498e+09 
2479 0.000000e+00 0.000000e+00 9.555494e+09 
2480 0.000000e+00 0.000000e+00 9.555504e+09 
2481 0.000000e+00 0.000000e+00 9.555494e+09 
2482 0.000000e+00 0.000000e+00 9.555494e+09 
2483 0.000000e+00 0.000000e+00 9.555495e+09 
2484 0.000000e+00 0.000000e+00 9.555498e+09 
2485 0.000000e+00 0.000000e+00 9.555494e+09 
2486 0.000000e+00 0.000000e+00 9.555493e+09 
2487 0.000000e+00 0.000000e+00 9.555494e+09 
2488 0.000000e+00 0.000000e+00 9.555534e+09 
2489 0.000000e+00 0.000000e+00 9.556426e+09 
2490 0.000000e+00 0.000000e+00 9.555495e+09 
2491 0.000000e+00 0.000000e+00 9.555499e+09 
2492 0.000000e+00 0.000000e+00 9.555493e+09 
2493 0.000000e+00 0.000000e+00 9.555499e+09 
2494 0.000000e+00 0.000000e+00 9.555510e+09 
2495 0.000000e+00 0.000000e+00 9.555548e+09 
2496 0.000000e+00 0.000000e+00 9.555493e+09 
2497 0.000000e+00 0.000000e+00 9.555632e+09 
2498 0.000000e+00 0.000000e+00 9.555493e+09 
2499 0.000000e+00 0.000000e+00 9.555500e+09 
2500 0.000000e+00 0.000000e+00 9.555493e+09 
2501 0.000000e+00 0.000000e+00 9.555494e+09 
2502 0.000000e+00 0.000000e+00 9.555495e+09 
2503 0.000000e+00 0.000000e+00 9.555509e+09 
2504 0.000000e+00 0.000000e+00 9.555502e+09 
2505 0.000000e+00 0.000000e+00 9.555494e+09 
2506 0.000000e+00 0.000000e+00 9.555524e+09 
2507 0.000000e+00 0.000000e+00 9.555496e+09 
2508 0.000000e+00 0.000000e+00 9.555499e+09 
2509 0.000000e+00 0.000000e+00 9.555494e+09 
2510 0.000000e+00 0.000000e+00 9.555494e+09 
2511 0.000000e+00 0.000000e+00 9.555494e+09 
2512 0.000000e+00 0.000000e+00 9.555499e+09 
2513 0.000000e+00 0.000000e+00 9.555493e+09 
2514 0.000000e+00 0.000000e+00 9.555493e+09 
2515 0.000000e+00 0.000000e+00 9.555493e+09 
2516 0.000000e+00 0.000000e+00 9.555494e+09 
2517 0.000000e+00 0.000000e+00 9.555494e+09 
2518 0.000000e+00 0.000000e+00 9.555494e+09 
2519 0.000000e+00 0.000000e+00 9.555493e+09 
2520 0.000000e+00 0.000000e+00 9.555493e+09 
2521 0.000000e+00 0.000000e+00 9.555496e+09 
2522 0.000000e+00 0.000000e+00 9.555511e+09 
2523 0.000000e+00 0.000000e+00 9.555495e+09 
2524 0.000000e+00 0.000000e+00 9.555493e+09 
2525 0.000000e+00 0.000000e+00 9.555494e+09 
2526 0.000000e+00 0.000000e+00 9.555553e+09 
2527 0.000000e+00 0.000000e+00 9.555493e+09 
2528 0.000000e+00 0.000000e+00 9.555517e+09 
2529 0.000000e+00 0.000000e+00 9.555493e+09 
2530 0.000000e+00 0.000000e+00 9.555498e+09 
2531 0.000000e+00 0.000000e+00 9.555496e+09 
2532 0.000000e+00 0.000000e+00 9.555543e+09 
2533 0.000000e+00 0.000000e+00 9.555493e+09 
2534 0.000000e+00 0.000000e+00 9.555493e+09 
2535 0.000000e+00 0.000000e+00 9.555495e+09 
2536 0.000000e+00 0.000000e+00 9.555494e+09 
2537 0.000000e+00 0.000000e+00 9.555507e+09 
2538 0.000000e+00 0.000000e+00 9.555496e+09 
2539 0.000000e+00 0.000000e+00 9.555494e+09 
2540 0.000000e+00 0.000000e+00 9.555494e+09 
2541 0.000000e+00 0.000000e+00 9.555493e+09 
2542 0.000000e+00 0.000000e+00 9.555494e+09 
2543 0.000000e+00 0.000000e+00 9.555496e+09 
2544 0.000000e+00 0.000000e+00 9.555493e+09 
2545 0.000000e+00 0.000000e+00 9.555494e+09 
2546 0.000000e+00 0.000000e+00 9.555496e+09 
2547 0.000000e+00 0.000000e+00 9.555504e+09 
2548 0.000000e+00 0.000000e+00 9.555497e+09 
2549 0.000000e+00 0.000000e+00 9.555493e+09 
2550 0.000000e+00 0.000000e+00 9.555496e+09 
2551 0.000000e+00 0.000000e+00 9.555495e+09 
2552 0.000000e+00 0.000000e+00 9.555496e+09 
2553 0.000000e+00 0.000000e+00 9.555494e+09 
2554 0.000000e+00 0.000000e+00 9.555494e+09 
2555 0.000000e+00 0.000000e+00 9.555496e+09 
2556 0.000000e+00 0.000000e+00 9.555493e+09 
2557 0.000000e+00 0.000000e+00 9.555531e+09 
2558 0.000000e+00 0.000000e+00 9.555494e+09 
2559 0.000000e+00 0.000000e+00 9.555495e+09 
2560 0.000000e+00 0.000000e+00 9.555538e+09 
2561 0.000000e+00 0.000000e+00 9.555493e+09 
2562 0.000000e+00 0.000000e+00 9.555516e+09 
2563 0.000000e+00 0.000000e+00 9.555498e+09 
2564 0.000000e+00 0.000000e+00 9.555496e+09 
2565 0.000000e+00 0.000000e+00 9.555493e+09 
2566 0.000000e+00 0.000000e+00 9.555494e+09 
2567 0.000000e+00 0.000000e+00 9.555497e+09 
2568 0.000000e+00 0.000000e+00 9.555508e+09 
2569 0.000000e+00 0.000000e+00 9.555496e+09 
2570 0.000000e+00 0.000000e+00 9.555527e+09 
2571 0.000000e+00 0.000000e+00 9.555496e+09 
2572 0.000000e+00 0.000000e+00 9.555494e+09 
2573 0.000000e+00 0.000000e+00 9.555493e+09 
2574 0.000000e+00 0.000000e+00 9.555493e+09 
2575 0.000000e+00 0.000000e+00 9.555612e+09 
2576 0.000000e+00 0.000000e+00 9.555706e+09 
2577 0.000000e+00 0.000000e+00 9.555497e+09 
2578 0.000000e+00 0.000000e+00 9.555493e+09 
2579 0.000000e+00 0.000000e+00 9.555494e+09 
2580 0.000000e+00 0.000000e+00 9.555493e+09 
2581 0.000000e+00 0.000000e+00 9.555502e+09 
2582 0.000000e+00 0.000000e+00 9.555493e+09 
2583 0.000000e+00 0.000000e+00 9.555496e+09 
2584 0.000000e+00 0.000000e+00 9.555493e+09 
2585 0.000000e+00 0.000000e+00 9.555493e+09 
2586 0.000000e+00 0.000000e+00 9.555496e+09 
2587 0.000000e+00 0.000000e+00 9.555493e+09 
2588 0.000000e+00 0.000000e+00 9.555493e+09 
2589 0.000000e+00 0.000000e+00 9.555493e+09 
2590 0.000000e+00 0.000000e+00 9.555498e+09 
2591 0.000000e+00 0.000000e+00 9.555493e+09 
2592 0.000000e+00 0.000000e+00 9.555494e+09 
2593 0.000000e+00 0.000000e+00 9.555493e+09 
2594 0.000000e+00 0.000000e+00 9.555493e+09 
2595 0.000000e+00 0.000000e+00 9.555495e+09 
2596 0.000000e+00 0.000000e+00 9.555497e+09 
2597 0.000000e+00 0.000000e+00 9.555493e+09 
2598 0.000000e+00 0.000000e+00 9.555494e+09 
2599 0.000000e+00 0.000000e+00 9.555493e+09 
2600 0.000000e+00 0.000000e+00 9.555499e+09 
2601 0.000000e+00 0.000000e+00 9.555493e+09 
2602 0.000000e+00 0.000000e+00 9.555495e+09 
2603 0.000000e+00 0.000000e+00 9.555493e+09 
2604 0.000000e+00 0.000000e+00 9.555494e+09 
2605 0.000000e+00 0.000000e+00 9.555494e+09 
2606 0.000000e+00 0.000000e+00 9.555499e+09 
2607 0.000000e+00 0.000000e+00 9.555497e+09 
2608 0.000000e+00 0.000000e+00 9.555493e+09 
2609 0.000000e+00 0.000000e+00 9.555619e+09 
2610 0.000000e+00 0.000000e+00 9.555594e+09 
2611 0.000000e+00 0.000000e+00 9.555494e+09 
2612 0.000000e+00 0.000000e+00 9.555494e+09 
2613 0.000000e+00 0.000000e+00 9.555493e+09 
2614 0.000000e+00 0.000000e+00 9.555494e+09 
2615 0.000000e+00 0.000000e+00 9.555494e+09 
2616 0.000000e+00 0.000000e+00 9.555500e+09 
2617 0.000000e+00 0.000000e+00 9.555494e+09 
2618 0.000000e+00 0.000000e+00 9.555495e+09 
2619 0.000000e+00 0.000000e+00 9.555494e+09 
2620 0.000000e+00 0.000000e+00 9.555494e+09 
2621 0.000000e+00 0.000000e+00 9.555503e+09 
2622 0.000000e+00 0.000000e+00 9.555494e+09 
2623 0.000000e+00 0.000000e+00 9.555520e+09 
2624 0.000000e+00 0.000000e+00 9.555496e+09 
2625 0.000000e+00 0.000000e+00 9.555493e+09 
2626 0.000000e+00 0.000000e+00 9.555500e+09 
2627 0.000000e+00 0.000000e+00 9.555493e+09 
2628 0.000000e+00 0.000000e+00 9.555507e+09 
2629 0.000000e+00 0.000000e+00 9.555494e+09 
2630 0.000000e+00 0.000000e+00 9.555498e+09 
2631 0.000000e+00 0.000000e+00 9.555496e+09 
2632 0.000000e+00 0.000000e+00 9.555493e+09 
2633 0.000000e+00 0.000000e+00 9.555512e+09 
2634 0.000000e+00 0.000000e+00 9.555493e+09 
2635 0.000000e+00 0.000000e+00 9.555501e+09 
2636 0.000000e+00 0.000000e+00 9.555504e+09 
2637 0.000000e+00 0.000000e+00 9.555493e+09 
2638 0.000000e+00 0.000000e+00 9.555493e+09 
2639 0.000000e+00 0.000000e+00 9.555496e+09 
2640 0.000000e+00 0.000000e+00 9.555497e+09 
2641 0.000000e+00 0.000000e+00 9.555500e+09 
2642 0.000000e+00 0.000000e+00 9.555495e+09 
2643 0.000000e+00 0.000000e+00 9.555499e+09 
2644 0.000000e+00 0.000000e+00 9.555503e+09 
2645 0.000000e+00 0.000000e+00 9.555498e+09 
2646 0.000000e+00 0.000000e+00 9.555497e+09 
2647 0.000000e+00 0.000000e+00 9.555494e+09 
2648 0.000000e+00 0.000000e+00 9.555493e+09 
2649 0.000000e+00 0.000000e+00 9.555494e+09 
2650 0.000000e+00 0.000000e+00 9.555514e+09 
2651 0.000000e+00 0.000000e+00 9.555501e+09 
2652 0.000000e+00 0.000000e+00 9.555494e+09 
2653 0.000000e+00 0.000000e+00 9.555494e+09 
2654 0.000000e+00 0.000000e+00 9.555506e+09 
2655 0.000000e+00 0.000000e+00 9.555502e+09 
2656 0.000000e+00 0.000000e+00 9.555495e+09 
2657 0.000000e+00 0.000000e+00 9.555495e+09 
2658 0.000000e+00 0.000000e+00 9.555493e+09 
2659 0.000000e+00 0.000000e+00 9.555493e+09 
2660 0.000000e+00 0.000000e+00 9.555494e+09 
2661 0.000000e+00 0.000000e+00 9.555493e+09 
2662 0.000000e+00 0.000000e+00 9.555494e+09 
2663 0.000000e+00 0.000000e+00 9.555493e+09 
2664 0.000000e+00 0.000000e+00 9.555494e+09 
2665 0.000000e+00 0.000000e+00 9.555498e+09 
2666 0.000000e+00 0.000000e+00 9.555493e+09 
2667 0.000000e+00 0.000000e+00 9.555502e+09 
2668 0.000000e+00 0.000000e+00 9.555494e+09 
2669 0.000000e+00 0.000000e+00 9.555493e+09 
2670 0.000000e+00 0.000000e+00 9.555496e+09 
2671 0.000000e+00 0.000000e+00 9.555494e+09 
2672 0.000000e+00 0.000000e+00 9.555527e+09 
2673 0.000000e+00 0.000000e+00 9.555589e+09 
2674 0.000000e+00 0.000000e+00 9.555499e+09 
2675 0.000000e+00 0.000000e+00 9.555497e+09 
2676 0.000000e+00 0.000000e+00 9.555493e+09 
2677 0.000000e+00 0.000000e+00 9.555510e+09 
2678 0.000000e+00 0.000000e+00 9.555493e+09 
2679 0.000000e+00 0.000000e+00 9.555493e+09 
2680 0.000000e+00 0.000000e+00 9.555497e+09 
2681 0.000000e+00 0.000000e+00 9.555493e+09 
2682 0.000000e+00 0.000000e+00 9.555494e+09 
2683 0.000000e+00 0.000000e+00 9.555505e+09 
2684 0.000000e+00 0.000000e+00 9.555494e+09 
2685 0.000000e+00 0.000000e+00 9.555495e+09 
2686 0.000000e+00 0.000000e+00 9.555493e+09 
2687 0.000000e+00 0.000000e+00 9.555537e+09 
2688 0.000000e+00 0.000000e+00 9.555499e+09 
2689 0.000000e+00 0.000000e+00 9.555532e+09 
2690 0.000000e+00 0.000000e+00 9.555496e+09 
2691 0.000000e+00 0.000000e+00 9.555495e+09 
2692 0.000000e+00 0.000000e+00 9.555493e+09 
2693 0.000000e+00 0.000000e+00 9.555504e+09 
2694 0.000000e+00 0.000000e+00 9.555495e+09 
2695 0.000000e+00 0.000000e+00 9.555496e+09 
2696 0.000000e+00 0.000000e+00 9.555495e+09 
2697 0.000000e+00 0.000000e+00 9.555494e+09 
2698 0.000000e+00 0.000000e+00 9.555493e+09 
2699 0.000000e+00 0.000000e+00 9.555493e+09 
2700 0.000000e+00 0.000000e+00 9.555494e+09 
2701 0.000000e+00 0.000000e+00 9.555494e+09 
2702 0.000000e+00 0.000000e+00 9.555494e+09 
2703 0.000000e+00 0.000000e+00 9.555493e+09 
2704 0.000000e+00 0.000000e+00 9.555493e+09 
2705 0.000000e+00 0.000000e+00 9.555493e+09 
2706 0.000000e+00 0.000000e+00 9.555493e+09 
2707 0.000000e+00 0.000000e+00 9.555504e+09 
2708 0.000000e+00 0.000000e+00 9.555538e+09 
2709 0.000000e+00 0.000000e+00 9.555494e+09 
2710 0.000000e+00 0.000000e+00 9.555493e+09 
2711 0.000000e+00 0.000000e+00 9.555496e+09 
2712 0.000000e+00 0.000000e+00 9.555493e+09 
2713 0.000000e+00 0.000000e+00 9.555495e+09 
2714 0.000000e+00 0.000000e+00 9.555496e+09 
2715 0.000000e+00 0.000000e+00 9.555494e+09 
2716 0.000000e+00 0.000000e+00 9.555505e+09 
2717 0.000000e+00 0.000000e+00 9.555513e+09 
2718 0.000000e+00 0.000000e+00 9.555497e+09 
2719 0.000000e+00 0.000000e+00 9.555501e+09 
2720 0.000000e+00 0.000000e+00 9.555497e+09 
2721 0.000000e+00 0.000000e+00 9.555493e+09 
2722 0.000000e+00 0.000000e+00 9.555493e+09 
2723 0.000000e+00 0.000000e+00 9.555504e+09 
2724 0.000000e+00 0.000000e+00 9.555498e+09 
2725 0.000000e+00 0.000000e+00 9.555508e+09 
2726 0.000000e+00 0.000000e+00 9.555493e+09 
2727 0.000000e+00 0.000000e+00 9.555499e+09 
2728 0.000000e+00 0.000000e+00 9.555495e+09 
2729 0.000000e+00 0.000000e+00 9.555495e+09 
2730 0.000000e+00 0.000000e+00 9.555494e+09 
2731 0.000000e+00 0.000000e+00 9.555496e+09 
2732 0.000000e+00 0.000000e+00 9.555498e+09 
2733 0.000000e+00 0.000000e+00 9.555498e+09 
2734 0.000000e+00 0.000000e+00 9.555494e+09 
2735 0.000000e+00 0.000000e+00 9.555497e+09 
2736 0.000000e+00 0.000000e+00 9.555493e+09 
2737 0.000000e+00 0.000000e+00 9.555499e+09 
2738 0.000000e+00 0.000000e+00 9.555494e+09 
2739 0.000000e+00 0.000000e+00 9.555496e+09 
2740 0.000000e+00 0.000000e+00 9.555511e+09 
2741 0.000000e+00 0.000000e+00 9.555516e+09 
2742 0.000000e+00 0.000000e+00 9.555493e+09 
2743 0.000000e+00 0.000000e+00 9.555663e+09 
2744 0.000000e+00 0.000000e+00 9.555498e+09 
2745 0.000000e+00 0.000000e+00 9.555500e+09 
2746 0.000000e+00 0.000000e+00 9.555493e+09 
2747 0.000000e+00 0.000000e+00 9.555496e+09 
2748 0.000000e+00 0.000000e+00 9.555504e+09 
2749 0.000000e+00 0.000000e+00 9.555529e+09 
2750 0.000000e+00 0.000000e+00 9.555499e+09 
2751 0.000000e+00 0.000000e+00 9.555528e+09 
2752 0.000000e+00 0.000000e+00 9.555496e+09 
2753 0.000000e+00 0.000000e+00 9.555493e+09 
2754 0.000000e+00 0.000000e+00 9.555494e+09 
2755 0.000000e+00 0.000000e+00 9.555495e+09 
2756 0.000000e+00 0.000000e+00 9.555501e+09 
2757 0.000000e+00 0.000000e+00 9.555498e+09 
2758 0.000000e+00 0.000000e+00 9.555495e+09 
2759 0.000000e+00 0.000000e+00 9.555493e+09 
2760 0.000000e+00 0.000000e+00 9.555494e+09 
2761 0.000000e+00 0.000000e+00 9.555493e+09 
2762 0.000000e+00 0.000000e+00 9.555583e+09 
2763 0.000000e+00 0.000000e+00 9.555501e+09 
2764 0.000000e+00 0.000000e+00 9.555493e+09 
2765 0.000000e+00 0.000000e+00 9.555518e+09 
2766 0.000000e+00 0.000000e+00 9.555501e+09 
2767 0.000000e+00 0.000000e+00 9.555493e+09 
2768 0.000000e+00 0.000000e+00 9.555612e+09 
2769 0.000000e+00 0.000000e+00 9.555495e+09 
2770 0.000000e+00 0.000000e+00 9.555497e+09 
2771 0.000000e+00 0.000000e+00 9.555504e+09 
2772 0.000000e+00 0.000000e+00 9.555511e+09 
2773 0.000000e+00 0.000000e+00 9.555511e+09 
2774 0.000000e+00 0.000000e+00 9.555519e+09 
2775 0.000000e+00 0.000000e+00 9.555502e+09 
2776 0.000000e+00 0.000000e+00 9.555495e+09 
2777 0.000000e+00 0.000000e+00 9.555503e+09 
2778 0.000000e+00 0.000000e+00 9.555493e+09 
2779 0.000000e+00 0.000000e+00 9.555494e+09 
2780 0.000000e+00 0.000000e+00 9.555494e+09 
2781 0.000000e+00 0.000000e+00 9.555494e+09 
2782 0.000000e+00 0.000000e+00 9.555493e+09 
2783 0.000000e+00 0.000000e+00 9.555524e+09 
2784 0.000000e+00 0.000000e+00 9.555507e+09 
2785 0.000000e+00 0.000000e+00 9.555499e+09 
2786 0.000000e+00 0.000000e+00 9.555494e+09 
2787 0.000000e+00 0.000000e+00 9.555497e+09 
2788 0.000000e+00 0.000000e+00 9.555493e+09 
2789 0.000000e+00 0.000000e+00 9.555498e+09 
2790 0.000000e+00 0.000000e+00 9.555498e+09 
2791 0.000000e+00 0.000000e+00 9.555507e+09 
2792 0.000000e+00 0.000000e+00 9.555494e+09 
2793 0.000000e+00 0.000000e+00 9.555497e+09 
2794 0.000000e+00 0.000000e+00 9.555494e+09 
2795 0.000000e+00 0.000000e+00 9.555493e+09 
2796 0.000000e+00 0.000000e+00 9.555499e+09 
2797 0.000000e+00 0.000000e+00 9.555493e+09 
2798 0.000000e+00 0.000000e+00 9.555493e+09 
2799 0.000000e+00 0.000000e+00 9.555494e+09 
2800 0.000000e+00 0.000000e+00 9.555494e+09 
2801 0.000000e+00 0.000000e+00 9.555493e+09 
2802 0.000000e+00 0.000000e+00 9.555509e+09 
2803 0.000000e+00 0.000000e+00 9.555496e+09 
2804 0.000000e+00 0.000000e+00 9.555494e+09 
2805 0.000000e+00 0.000000e+00 9.555493e+09 
2806 0.000000e+00 0.000000e+00 9.555499e+09 
2807 0.000000e+00 0.000000e+00 9.555509e+09 
2808 0.000000e+00 0.000000e+00 9.555496e+09 
2809 0.000000e+00 0.000000e+00 9.555497e+09 
2810 0.000000e+00 0.000000e+00 9.555514e+09 
2811 0.000000e+00 0.000000e+00 9.555494e+09 
2812 0.000000e+00 0.000000e+00 9.555495e+09 
2813 0.000000e+00 0.000000e+00 9.555494e+09 
2814 0.000000e+00 0.000000e+00 9.555493e+09 
2815 0.000000e+00 0.000000e+00 9.555496e+09 
2816 0.000000e+00 0.000000e+00 9.555501e+09 
2817 0.000000e+00 0.000000e+00 9.555493e+09 
2818 0.000000e+00 0.000000e+00 9.555501e+09 
2819 0.000000e+00 0.000000e+00 9.555510e+09 
2820 0.000000e+00 0.000000e+00 9.555494e+09 
2821 0.000000e+00 0.000000e+00 9.555493e+09 
2822 0.000000e+00 0.000000e+00 9.555550e+09 
2823 0.000000e+00 0.000000e+00 9.555500e+09 
2824 0.000000e+00 0.000000e+00 9.555493e+09 
2825 0.000000e+00 0.000000e+00 9.555493e+09 
2826 0.000000e+00 0.000000e+00 9.555494e+09 
2827 0.000000e+00 0.000000e+00 9.555496e+09 
2828 0.000000e+00 0.000000e+00 9.555493e+09 
2829 0.000000e+00 0.000000e+00 9.555494e+09 
2830 0.000000e+00 0.000000e+00 9.555493e+09 
2831 0.000000e+00 0.000000e+00 9.555493e+09 
2832 0.000000e+00 0.000000e+00 9.555500e+09 
2833 0.000000e+00 0.000000e+00 9.555495e+09 
2834 0.000000e+00 0.000000e+00 9.555496e+09 
2835 0.000000e+00 0.000000e+00 9.555493e+09 
2836 0.000000e+00 0.000000e+00 9.555530e+09 
2837 0.000000e+00 0.000000e+00 9.555496e+09 
2838 0.000000e+00 0.000000e+00 9.555495e+09 
2839 0.000000e+00 0.000000e+00 9.555526e+09 
2840 0.000000e+00 0.000000e+00 9.555493e+09 
2841 0.000000e+00 0.000000e+00 9.555493e+09 
2842 0.000000e+00 0.000000e+00 9.555494e+09 
2843 0.000000e+00 0.000000e+00 9.555493e+09 
2844 0.000000e+00 0.000000e+00 9.555494e+09 
2845 0.000000e+00 0.000000e+00 9.555494e+09 
2846 0.000000e+00 0.000000e+00 9.555496e+09 
2847 0.000000e+00 0.000000e+00 9.555494e+09 
2848 0.000000e+00 0.000000e+00 9.555505e+09 
2849 0.000000e+00 0.000000e+00 9.555496e+09 
2850 0.000000e+00 0.000000e+00 9.555493e+09 
2851 0.000000e+00 0.000000e+00 9.555496e+09 
2852 0.000000e+00 0.000000e+00 9.555493e+09 
2853 0.000000e+00 0.000000e+00 9.555493e+09 
2854 0.000000e+00 0.000000e+00 9.555494e+09 
2855 0.000000e+00 0.000000e+00 9.555494e+09 
2856 0.000000e+00 0.000000e+00 9.555494e+09 
2857 0.000000e+00 0.000000e+00 9.555494e+09 
2858 0.000000e+00 0.000000e+00 9.555493e+09 
2859 0.000000e+00 0.000000e+00 9.555497e+09 
2860 0.000000e+00 0.000000e+00 9.555494e+09 
2861 0.000000e+00 0.000000e+00 9.555493e+09 
2862 0.000000e+00 0.000000e+00 9.555493e+09 
2863 0.000000e+00 0.000000e+00 9.555494e+09 
2864 0.000000e+00 0.000000e+00 9.555496e+09 
2865 0.000000e+00 0.000000e+00 9.555493e+09 
2866 0.000000e+00 0.000000e+00 9.555494e+09 
2867 0.000000e+00 0.000000e+00 9.555495e+09 
2868 0.000000e+00 0.000000e+00 9.555494e+09 
2869 0.000000e+00 0.000000e+00 9.555512e+09 
2870 0.000000e+00 0.000000e+00 9.555493e+09 
2871 0.000000e+00 0.000000e+00 9.555495e+09 
2872 0.000000e+00 0.000000e+00 9.555494e+09 
2873 0.000000e+00 0.000000e+00 9.555493e+09 
2874 0.000000e+00 0.000000e+00 9.555494e+09 
2875 0.000000e+00 0.000000e+00 9.555496e+09 
2876 0.000000e+00 0.000000e+00 9.555524e+09 
2877 0.000000e+00 0.000000e+00 9.555503e+09 
2878 0.000000e+00 0.000000e+00 9.555498e+09 
2879 0.000000e+00 0.000000e+00 9.555495e+09 
2880 0.000000e+00 0.000000e+00 9.555494e+09 
2881 0.000000e+00 0.000000e+00 9.555493e+09 
2882 0.000000e+00 0.000000e+00 9.555496e+09 
2883 0.000000e+00 0.000000e+00 9.555499e+09 
2884 0.000000e+00 0.000000e+00 9.555493e+09 
2885 0.000000e+00 0.000000e+00 9.555494e+09 
2886 0.000000e+00 0.000000e+00 9.555496e+09 
2887 0.000000e+00 0.000000e+00 9.555493e+09 
2888 0.000000e+00 0.000000e+00 9.555510e+09 
2889 0.000000e+00 0.000000e+00 9.555494e+09 
2890 0.000000e+00 0.000000e+00 9.555493e+09 
2891 0.000000e+00 0.000000e+00 9.555497e+09 
2892 0.000000e+00 0.000000e+00 9.555507e+09 
2893 0.000000e+00 0.000000e+00 9.555495e+09 
2894 0.000000e+00 0.000000e+00 9.555494e+09 
2895 0.000000e+00 0.000000e+00 9.555499e+09 
2896 0.000000e+00 0.000000e+00 9.555493e+09 
2897 0.000000e+00 0.000000e+00 9.555502e+09 
2898 0.000000e+00 0.000000e+00 9.555493e+09 
2899 0.000000e+00 0.000000e+00 9.555496e+09 
2900 0.000000e+00 0.000000e+00 9.555496e+09 
2901 0.000000e+00 0.000000e+00 9.555497e+09 
2902 0.000000e+00 0.000000e+00 9.555506e+09 
2903 0.000000e+00 0.000000e+00 9.555496e+09 
2904 0.000000e+00 0.000000e+00 9.555493e+09 
2905 0.000000e+00 0.000000e+00 9.555494e+09 
2906 0.000000e+00 0.000000e+00 9.555493e+09 
2907 0.000000e+00 0.000000e+00 9.555499e+09 
2908 0.000000e+00 0.000000e+00 9.555638e+09 
2909 0.000000e+00 0.000000e+00 9.555497e+09 
2910 0.000000e+00 0.000000e+00 9.555493e+09 
2911 0.000000e+00 0.000000e+00 9.555531e+09 
2912 0.000000e+00 0.000000e+00 9.555493e+09 
2913 0.000000e+00 0.000000e+00 9.555496e+09 
2914 0.000000e+00 0.000000e+00 9.555493e+09 
2915 0.000000e+00 0.000000e+00 9.555496e+09 
2916 0.000000e+00 0.000000e+00 9.555495e+09 
2917 0.000000e+00 0.000000e+00 9.555739e+09 
2918 0.000000e+00 0.000000e+00 9.555494e+09 
2919 0.000000e+00 0.000000e+00 9.555494e+09 
2920 0.000000e+00 0.000000e+00 9.555493e+09 
2921 0.000000e+00 0.000000e+00 9.555493e+09 
2922 0.000000e+00 0.000000e+00 9.555503e+09 
2923 0.000000e+00 0.000000e+00 9.555512e+09 
2924 0.000000e+00 0.000000e+00 9.555496e+09 
2925 0.000000e+00 0.000000e+00 9.555510e+09 
2926 0.000000e+00 0.000000e+00 9.555497e+09 
2927 0.000000e+00 0.000000e+00 9.555494e+09 
2928 0.000000e+00 0.000000e+00 9.555493e+09 
2929 0.000000e+00 0.000000e+00 9.555500e+09 
2930 0.000000e+00 0.000000e+00 9.555493e+09 
2931 0.000000e+00 0.000000e+00 9.555510e+09 
2932 0.000000e+00 0.000000e+00 9.555501e+09 
2933 0.000000e+00 0.000000e+00 9.555493e+09 
2934 0.000000e+00 0.000000e+00 9.555506e+09 
2935 0.000000e+00 0.000000e+00 9.555494e+09 
2936 0.000000e+00 0.000000e+00 9.555497e+09 
2937 0.000000e+00 0.000000e+00 9.555493e+09 
2938 0.000000e+00 0.000000e+00 9.555494e+09 
2939 0.000000e+00 0.000000e+00 9.555500e+09 
2940 0.000000e+00 0.000000e+00 9.555493e+09 
2941 0.000000e+00 0.000000e+00 9.555494e+09 
2942 0.000000e+00 0.000000e+00 9.555507e+09 
2943 0.000000e+00 0.000000e+00 9.555501e+09 
2944 0.000000e+00 0.000000e+00 9.555493e+09 
2945 0.000000e+00 0.000000e+00 9.555495e+09 
2946 0.000000e+00 0.000000e+00 9.555496e+09 
2947 0.000000e+00 0.000000e+00 9.555503e+09 
2948 0.000000e+00 0.000000e+00 9.555494e+09 
2949 0.000000e+00 0.000000e+00 9.555580e+09 
2950 0.000000e+00 0.000000e+00 9.555514e+09 
2951 0.000000e+00 0.000000e+00 9.555520e+09 
2952 0.000000e+00 0.000000e+00 9.555535e+09 
2953 0.000000e+00 0.000000e+00 9.555493e+09 
2954 0.000000e+00 0.000000e+00 9.555545e+09 
2955 0.000000e+00 0.000000e+00 9.555508e+09 
2956 0.000000e+00 0.000000e+00 9.555501e+09 
2957 0.000000e+00 0.000000e+00 9.555502e+09 
2958 0.000000e+00 0.000000e+00 9.555493e+09 
2959 0.000000e+00 0.000000e+00 9.555493e+09 
2960 0.000000e+00 0.000000e+00 9.555513e+09 
2961 0.000000e+00 0.000000e+00 9.555493e+09 
2962 0.000000e+00 0.000000e+00 9.555494e+09 
2963 0.000000e+00 0.000000e+00 9.555524e+09 
2964 0.000000e+00 0.000000e+00 9.555493e+09 
2965 0.000000e+00 0.000000e+00 9.555493e+09 
2966 0.000000e+00 0.000000e+00 9.555505e+09 
2967 0.000000e+00 0.000000e+00 9.555502e+09 
2968 0.000000e+00 0.000000e+00 9.555493e+09 
2969 0.000000e+00 0.000000e+00 9.555493e+09 
2970 0.000000e+00 0.000000e+00 9.555497e+09 
2971 0.000000e+00 0.000000e+00 9.555493e+09 
2972 0.000000e+00 0.000000e+00 9.555493e+09 
2973 0.000000e+00 0.000000e+00 9.555493e+09 
2974 0.000000e+00 0.000000e+00 9.555494e+09 
2975 0.000000e+00 0.000000e+00 9.555494e+09 
2976 0.000000e+00 0.000000e+00 9.555513e+09 
2977 0.000000e+00 0.000000e+00 9.555493e+09 
2978 0.000000e+00 0.000000e+00 9.555501e+09 
2979 0.000000e+00 0.000000e+00 9.555505e+09 
2980 0.000000e+00 0.000000e+00 9.555494e+09 
2981 0.000000e+00 0.000000e+00 9.555504e+09 
2982 0.000000e+00 0.000000e+00 9.555493e+09 
2983 0.000000e+00 0.000000e+00 9.555493e+09 
2984 0.000000e+00 0.000000e+00 9.555493e+09 
2985 0.000000e+00 0.000000e+00 9.555496e+09 
2986 0.000000e+00 0.000000e+00 9.555493e+09 
2987 0.000000e+00 0.000000e+00 9.555493e+09 
2988 0.000000e+00 0.000000e+00 9.555494e+09 
2989 0.000000e+00 0.000000e+00 9.555493e+09 
2990 0.000000e+00 0.000000e+00 9.555496e+09 
2991 0.000000e+00 0.000000e+00 9.555496e+09 
2992 0.000000e+00 0.000000e+00 9.555493e+09 
2993 0.000000e+00 0.000000e+00 9.555493e+09 
2994 0.000000e+00 0.000000e+00 9.555493e+09 
2995 0.000000e+00 0.000000e+00 9.555494e+09 
2996 0.000000e+00 0.000000e+00 9.555493e+09 
2997 0.000000e+00 0.000000e+00 9.555510e+09 
2998 0.000000e+00 0.000000e+00 9.555504e+09 
2999 0.000000e+00 0.000000e+00 9.555508e+09 
3000 0.000000e+00 0.000000e+00 9.555493e+09 
3001 0.000000e+00 0.000000e+00 9.555493e+09 
3002 0.000000e+00 0.000000e+00 9.556683e+09 
3003 0.000000e+00 0.000000e+00 9.555505e+09 
3004 0.000000e+00 0.000000e+00 9.555493e+09 
3005 0.000000e+00 0.000000e+00 9.555500e+09 
3006 0.000000e+00 0.000000e+00 9.555519e+09 
3007 0.000000e+00 0.000000e+00 9.555500e+09 
3008 0.000000e+00 0.000000e+00 9.555500e+09 
3009 0.000000e+00 0.000000e+00 9.555494e+09 
3010 0.000000e+00 0.000000e+00 9.555494e+09 
3011 0.000000e+00 0.000000e+00 9.555493e+09 
3012 0.000000e+00 0.000000e+00 9.555495e+09 
3013 0.000000e+00 0.000000e+00 9.555496e+09 
3014 0.000000e+00 0.000000e+00 9.555494e+09 
3015 0.000000e+00 0.000000e+00 9.555500e+09 
3016 0.000000e+00 0.000000e+00 9.555494e+09 
3017 0.000000e+00 0.000000e+00 9.555493e+09 
3018 0.000000e+00 0.000000e+00 9.555494e+09 
3019 0.000000e+00 0.000000e+00 9.555495e+09 
3020 0.000000e+00 0.000000e+00 9.555495e+09 
3021 0.000000e+00 0.000000e+00 9.555494e+09 
3022 0.000000e+00 0.000000e+00 9.555493e+09 
3023 0.000000e+00 0.000000e+00 9.555493e+09 
3024 0.000000e+00 0.000000e+00 9.555494e+09 
3025 0.000000e+00 0.000000e+00 9.555493e+09 
3026 0.000000e+00 0.000000e+00 9.555493e+09 
3027 0.000000e+00 0.000000e+00 9.555506e+09 
3028 0.000000e+00 0.000000e+00 9.555498e+09 
3029 0.000000e+00 0.000000e+00 9.555495e+09 
3030 0.000000e+00 0.000000e+00 9.555494e+09 
3031 0.000000e+00 0.000000e+00 9.555522e+09 
3032 0.000000e+00 0.000000e+00 9.555495e+09 
3033 0.000000e+00 0.000000e+00 9.555493e+09 
3034 0.000000e+00 0.000000e+00 9.555496e+09 
3035 0.000000e+00 0.000000e+00 9.555495e+09 
3036 0.000000e+00 0.000000e+00 9.555493e+09 
3037 0.000000e+00 0.000000e+00 9.555494e+09 
3038 0.000000e+00 0.000000e+00 9.555495e+09 
3039 0.000000e+00 0.000000e+00 9.555496e+09 
3040 0.000000e+00 0.000000e+00 9.555497e+09 
3041 0.000000e+00 0.000000e+00 9.555493e+09 
3042 0.000000e+00 0.000000e+00 9.555541e+09 
3043 0.000000e+00 0.000000e+00 9.555494e+09 
3044 0.000000e+00 0.000000e+00 9.555512e+09 
3045 0.000000e+00 0.000000e+00 9.555494e+09 
3046 0.000000e+00 0.000000e+00 9.555494e+09 
3047 0.000000e+00 0.000000e+00 9.555494e+09 
3048 0.000000e+00 0.000000e+00 9.555493e+09 
3049 0.000000e+00 0.000000e+00 9.555495e+09 
3050 0.000000e+00 0.000000e+00 9.555500e+09 
3051 0.000000e+00 0.000000e+00 9.555493e+09 
3052 0.000000e+00 0.000000e+00 9.555493e+09 
3053 0.000000e+00 0.000000e+00 9.555493e+09 
3054 0.000000e+00 0.000000e+00 9.555495e+09 
3055 0.000000e+00 0.000000e+00 9.555494e+09 
3056 0.000000e+00 0.000000e+00 9.555493e+09 
3057 0.000000e+00 0.000000e+00 9.555498e+09 
3058 0.000000e+00 0.000000e+00 9.555493e+09 
3059 0.000000e+00 0.000000e+00 9.555514e+09 
3060 0.000000e+00 0.000000e+00 9.555505e+09 
3061 0.000000e+00 0.000000e+00 9.555493e+09 
3062 0.000000e+00 0.000000e+00 9.555501e+09 
3063 0.000000e+00 0.000000e+00 9.556791e+09 
3064 0.000000e+00 0.000000e+00 9.555509e+09 
3065 0.000000e+00 0.000000e+00 9.555493e+09 
3066 0.000000e+00 0.000000e+00 9.555499e+09 
3067 0.000000e+00 0.000000e+00 9.555495e+09 
3068 0.000000e+00 0.000000e+00 9.555499e+09 
3069 0.000000e+00 0.000000e+00 9.555494e+09 
3070 0.000000e+00 0.000000e+00 9.555493e+09 
3071 0.000000e+00 0.000000e+00 9.555529e+09 
3072 0.000000e+00 0.000000e+00 9.555498e+09 
3073 0.000000e+00 0.000000e+00 9.555497e+09 
3074 0.000000e+00 0.000000e+00 9.555496e+09 
3075 0.000000e+00 0.000000e+00 9.555493e+09 
3076 0.000000e+00 0.000000e+00 9.555496e+09 
3077 0.000000e+00 0.000000e+00 9.555495e+09 
3078 0.000000e+00 0.000000e+00 9.555496e+09 
3079 0.000000e+00 0.000000e+00 9.555508e+09 
3080 0.000000e+00 0.000000e+00 9.555494e+09 
3081 0.000000e+00 0.000000e+00 9.555494e+09 
3082 0.000000e+00 0.000000e+00 9.555496e+09 
3083 0.000000e+00 0.000000e+00 9.555493e+09 
3084 0.000000e+00 0.000000e+00 9.555505e+09 
3085 0.000000e+00 0.000000e+00 9.555493e+09 
3086 0.000000e+00 0.000000e+00 9.555495e+09 
3087 0.000000e+00 0.000000e+00 9.555496e+09 
3088 0.000000e+00 0.000000e+00 9.555493e+09 
3089 0.000000e+00 0.000000e+00 9.555494e+09 
3090 0.000000e+00 0.000000e+00 9.555493e+09 
3091 0.000000e+00 0.000000e+00 9.555495e+09 
3092 0.000000e+00 0.000000e+00 9.555493e+09 
3093 0.000000e+00 0.000000e+00 9.555493e+09 
3094 0.000000e+00 0.000000e+00 9.555493e+09 
3095 0.000000e+00 0.000000e+00 9.555503e+09 
3096 0.000000e+00 0.000000e+00 9.555496e+09 
3097 0.000000e+00 0.000000e+00 9.555493e+09 
3098 0.000000e+00 0.000000e+00 9.555496e+09 
3099 0.000000e+00 0.000000e+00 9.555493e+09 
3100 0.000000e+00 0.000000e+00 9.555498e+09 
3101 0.000000e+00 0.000000e+00 9.555493e+09 
3102 0.000000e+00 0.000000e+00 9.555496e+09 
3103 0.000000e+00 0.000000e+00 9.555494e+09 
3104 0.000000e+00 0.000000e+00 9.555495e+09 
3105 0.000000e+00 0.000000e+00 9.555496e+09 
3106 0.000000e+00 0.000000e+00 9.555504e+09 
3107 0.000000e+00 0.000000e+00 9.555494e+09 
3108 0.000000e+00 0.000000e+00 9.555583e+09 
3109 0.000000e+00 0.000000e+00 9.555511e+09 
3110 0.000000e+00 0.000000e+00 9.555493e+09 
3111 0.000000e+00 0.000000e+00 9.555507e+09 
3112 0.000000e+00 0.000000e+00 9.555493e+09 
3113 0.000000e+00 0.000000e+00 9.555516e+09 
3114 0.000000e+00 0.000000e+00 9.555513e+09 
3115 0.000000e+00 0.000000e+00 9.555497e+09 
3116 0.000000e+00 0.000000e+00 9.555500e+09 
3117 0.000000e+00 0.000000e+00 9.555494e+09 
3118 0.000000e+00 0.000000e+00 9.555493e+09 
3119 0.000000e+00 0.000000e+00 9.555496e+09 
3120 0.000000e+00 0.000000e+00 9.555494e+09 
3121 0.000000e+00 0.000000e+00 9.555494e+09 
3122 0.000000e+00 0.000000e+00 9.555526e+09 
3123 0.000000e+00 0.000000e+00 9.555493e+09 
3124 0.000000e+00 0.000000e+00 9.555494e+09 
3125 0.000000e+00 0.000000e+00 9.555502e+09 
3126 0.000000e+00 0.000000e+00 9.555495e+09 
3127 0.000000e+00 0.000000e+00 9.555493e+09 
3128 0.000000e+00 0.000000e+00 9.555496e+09 
3129 0.000000e+00 0.000000e+00 9.555495e+09 
3130 0.000000e+00 0.000000e+00 9.555650e+09 
3131 0.000000e+00 0.000000e+00 9.555523e+09 
3132 0.000000e+00 0.000000e+00 9.555493e+09 
3133 0.000000e+00 0.000000e+00 9.555496e+09 
3134 0.000000e+00 0.000000e+00 9.555494e+09 
3135 0.000000e+00 0.000000e+00 9.555497e+09 
3136 0.000000e+00 0.000000e+00 9.555495e+09 
3137 0.000000e+00 0.000000e+00 9.555493e+09 
3138 0.000000e+00 0.000000e+00 9.555493e+09 
3139 0.000000e+00 0.000000e+00 9.555493e+09 
3140 0.000000e+00 0.000000e+00 9.555529e+09 
3141 0.000000e+00 0.000000e+00 9.555493e+09 
3142 0.000000e+00 0.000000e+00 9.555502e+09 
3143 0.000000e+00 0.000000e+00 9.555495e+09 
3144 0.000000e+00 0.000000e+00 9.555499e+09 
3145 0.000000e+00 0.000000e+00 9.555493e+09 
3146 0.000000e+00 0.000000e+00 9.555493e+09 
3147 0.000000e+00 0.000000e+00 9.556226e+09 
3148 0.000000e+00 0.000000e+00 9.555493e+09 
3149 0.000000e+00 0.000000e+00 9.555496e+09 
3150 0.000000e+00 0.000000e+00 9.556053e+09 
3151 0.000000e+00 0.000000e+00 9.555495e+09 
3152 0.000000e+00 0.000000e+00 9.555495e+09 
3153 0.000000e+00 0.000000e+00 9.555493e+09 
3154 0.000000e+00 0.000000e+00 9.555497e+09 
3155 0.000000e+00 0.000000e+00 9.555497e+09 
3156 0.000000e+00 0.000000e+00 9.555494e+09 
3157 0.000000e+00 0.000000e+00 9.555495e+09 
3158 0.000000e+00 0.000000e+00 9.555493e+09 
3159 0.000000e+00 0.000000e+00 9.555493e+09 
3160 0.000000e+00 0.000000e+00 9.555495e+09 
3161 0.000000e+00 0.000000e+00 9.555496e+09 
3162 0.000000e+00 0.000000e+00 9.555496e+09 
3163 0.000000e+00 0.000000e+00 9.555497e+09 
3164 0.000000e+00 0.000000e+00 9.555494e+09 
3165 0.000000e+00 0.000000e+00 9.555592e+09 
3166 0.000000e+00 0.000000e+00 9.555497e+09 
3167 0.000000e+00 0.000000e+00 9.555499e+09 
3168 0.000000e+00 0.000000e+00 9.555494e+09 
3169 0.000000e+00 0.000000e+00 9.555498e+09 
3170 0.000000e+00 0.000000e+00 9.555495e+09 
3171 0.000000e+00 0.000000e+00 9.555493e+09 
3172 0.000000e+00 0.000000e+00 9.555498e+09 
3173 0.000000e+00 0.000000e+00 9.555493e+09 
3174 0.000000e+00 0.000000e+00 9.555493e+09 
3175 0.000000e+00 0.000000e+00 9.555494e+09 
3176 0.000000e+00 0.000000e+00 9.555493e+09 
3177 0.000000e+00 0.000000e+00 9.555502e+09 
3178 0.000000e+00 0.000000e+00 9.555503e+09 
3179 0.000000e+00 0.000000e+00 9.555493e+09 
3180 0.000000e+00 0.000000e+00 9.555493e+09 
3181 0.000000e+00 0.000000e+00 9.555494e+09 
3182 0.000000e+00 0.000000e+00 9.555504e+09 
3183 0.000000e+00 0.000000e+00 9.555493e+09 
3184 0.000000e+00 0.000000e+00 9.555501e+09 
3185 0.000000e+00 0.000000e+00 9.555495e+09 
3186 0.000000e+00 0.000000e+00 9.555493e+09 
3187 0.000000e+00 0.000000e+00 9.555493e+09 
3188 0.000000e+00 0.000000e+00 9.555493e+09 
3189 0.000000e+00 0.000000e+00 9.555495e+09 
3190 0.000000e+00 0.000000e+00 9.555498e+09 
3191 0.000000e+00 0.000000e+00 9.555494e+09 
3192 0.000000e+00 0.000000e+00 9.555494e+09 
3193 0.000000e+00 0.000000e+00 9.555493e+09 
3194 0.000000e+00 0.000000e+00 9.555493e+09 
3195 0.000000e+00 0.000000e+00 9.555495e+09 
3196 0.000000e+00 0.000000e+00 9.555493e+09 
3197 0.000000e+00 0.000000e+00 9.555495e+09 
3198 0.000000e+00 0.000000e+00 9.555495e+09 
3199 0.000000e+00 0.000000e+00 9.555493e+09 
3200 0.000000e+00 0.000000e+00 9.555493e+09 
3201 0.000000e+00 0.000000e+00 9.555497e+09 
3202 0.000000e+00 0.000000e+00 9.555493e+09 
3203 0.000000e+00 0.000000e+00 9.555493e+09 
3204 0.000000e+00 0.000000e+00 9.555495e+09 
3205 0.000000e+00 0.000000e+00 9.555493e+09 
3206 0.000000e+00 0.000000e+00 9.555493e+09 
3207 0.000000e+00 0.000000e+00 9.555493e+09 
3208 0.000000e+00 0.000000e+00 9.555493e+09 
3209 0.000000e+00 0.000000e+00 9.556966e+09 
3210 0.000000e+00 0.000000e+00 9.555493e+09 
3211 0.000000e+00 0.000000e+00 9.555493e+09 
3212 0.000000e+00 0.000000e+00 9.555494e+09 
3213 0.000000e+00 0.000000e+00 9.555494e+09 
3214 0.000000e+00 0.000000e+00 9.555493e+09 
3215 0.000000e+00 0.000000e+00 9.555501e+09 
3216 0.000000e+00 0.000000e+00 9.555536e+09 
3217 0.000000e+00 0.000000e+00 9.555495e+09 
3218 0.000000e+00 0.000000e+00 9.555497e+09 
3219 0.000000e+00 0.000000e+00 9.555493e+09 
3220 0.000000e+00 0.000000e+00 9.555493e+09 
3221 0.000000e+00 0.000000e+00 9.555496e+09 
3222 0.000000e+00 0.000000e+00 9.555496e+09 
3223 0.000000e+00 0.000000e+00 9.555503e+09 
3224 0.000000e+00 0.000000e+00 9.555493e+09 
3225 0.000000e+00 0.000000e+00 9.555496e+09 
3226 0.000000e+00 0.000000e+00 9.557126e+09 
3227 0.000000e+00 0.000000e+00 9.555779e+09 
3228 0.000000e+00 0.000000e+00 9.555494e+09 
3229 0.000000e+00 0.000000e+00 9.555498e+09 
3230 0.000000e+00 0.000000e+00 9.555503e+09 
3231 0.000000e+00 0.000000e+00 9.555493e+09 
3232 0.000000e+00 0.000000e+00 9.555493e+09 
3233 0.000000e+00 0.000000e+00 9.555497e+09 
3234 0.000000e+00 0.000000e+00 9.555496e+09 
3235 0.000000e+00 0.000000e+00 9.555496e+09 
3236 0.000000e+00 0.000000e+00 9.555493e+09 
3237 0.000000e+00 0.000000e+00 9.555493e+09 
3238 0.000000e+00 0.000000e+00 9.555496e+09 
3239 0.000000e+00 0.000000e+00 9.555493e+09 
3240 0.000000e+00 0.000000e+00 9.555496e+09 
3241 0.000000e+00 0.000000e+00 9.555494e+09 
3242 0.000000e+00 0.000000e+00 9.555493e+09 
3243 0.000000e+00 0.000000e+00 9.555495e+09 
3244 0.000000e+00 0.000000e+00 9.555494e+09 
3245 0.000000e+00 0.000000e+00 9.555493e+09 
3246 0.000000e+00 0.000000e+00 9.555523e+09 
3247 0.000000e+00 0.000000e+00 9.555501e+09 
3248 0.000000e+00 0.000000e+00 9.555512e+09 
3249 0.000000e+00 0.000000e+00 9.555497e+09 
3250 0.000000e+00 0.000000e+00 9.555505e+09 
3251 0.000000e+00 0.000000e+00 9.555496e+09 
3252 0.000000e+00 0.000000e+00 9.555494e+09 
3253 0.000000e+00 0.000000e+00 9.555493e+09 
3254 0.000000e+00 0.000000e+00 9.555495e+09 
3255 0.000000e+00 0.000000e+00 9.555495e+09 
3256 0.000000e+00 0.000000e+00 9.555493e+09 
3257 0.000000e+00 0.000000e+00 9.555497e+09 
3258 0.000000e+00 0.000000e+00 9.555493e+09 
3259 0.000000e+00 0.000000e+00 9.555494e+09 
3260 0.000000e+00 0.000000e+00 9.555520e+09 
3261 0.000000e+00 0.000000e+00 9.555499e+09 
3262 0.000000e+00 0.000000e+00 9.555509e+09 
3263 0.000000e+00 0.000000e+00 9.555575e+09 
3264 0.000000e+00 0.000000e+00 9.555509e+09 
3265 0.000000e+00 0.000000e+00 9.555574e+09 
3266 0.000000e+00 0.000000e+00 9.555494e+09 
3267 0.000000e+00 0.000000e+00 9.555496e+09 
3268 0.000000e+00 0.000000e+00 9.555493e+09 
3269 0.000000e+00 0.000000e+00 9.555495e+09 
3270 0.000000e+00 0.000000e+00 9.555493e+09 
3271 0.000000e+00 0.000000e+00 9.555503e+09 
3272 0.000000e+00 0.000000e+00 9.555514e+09 
3273 0.000000e+00 0.000000e+00 9.555503e+09 
3274 0.000000e+00 0.000000e+00 9.555494e+09 
3275 0.000000e+00 0.000000e+00 9.555494e+09 
3276 0.000000e+00 0.000000e+00 9.555493e+09 
3277 0.000000e+00 0.000000e+00 9.555493e+09 
3278 0.000000e+00 0.000000e+00 9.555520e+09 
3279 0.000000e+00 0.000000e+00 9.555493e+09 
3280 0.000000e+00 0.000000e+00 9.555497e+09 
3281 0.000000e+00 0.000000e+00 9.555504e+09 
3282 0.000000e+00 0.000000e+00 9.555498e+09 
3283 0.000000e+00 0.000000e+00 9.555493e+09 
3284 0.000000e+00 0.000000e+00 9.555493e+09 
3285 0.000000e+00 0.000000e+00 9.555494e+09 
3286 0.000000e+00 0.000000e+00 9.555498e+09 
3287 0.000000e+00 0.000000e+00 9.555493e+09 
3288 0.000000e+00 0.000000e+00 9.555493e+09 
3289 0.000000e+00 0.000000e+00 9.555493e+09 
3290 0.000000e+00 0.000000e+00 9.555508e+09 
3291 0.000000e+00 0.000000e+00 9.555493e+09 
3292 0.000000e+00 0.000000e+00 9.555494e+09 
3293 0.000000e+00 0.000000e+00 9.555497e+09 
3294 0.000000e+00 0.000000e+00 9.555494e+09 
3295 0.000000e+00 0.000000e+00 9.555493e+09 
3296 0.000000e+00 0.000000e+00 9.555493e+09 
3297 0.000000e+00 0.000000e+00 9.555493e+09 
3298 0.000000e+00 0.000000e+00 9.555518e+09 
3299 0.000000e+00 0.000000e+00 9.555496e+09 
3300 0.000000e+00 0.000000e+00 9.555503e+09 
3301 0.000000e+00 0.000000e+00 9.555493e+09 
3302 0.000000e+00 0.000000e+00 9.555494e+09 
3303 0.000000e+00 0.000000e+00 9.555531e+09 
3304 0.000000e+00 0.000000e+00 9.557121e+09 
3305 0.000000e+00 0.000000e+00 9.555511e+09 
3306 0.000000e+00 0.000000e+00 9.555593e+09 
3307 0.000000e+00 0.000000e+00 9.555496e+09 
3308 0.000000e+00 0.000000e+00 9.555493e+09 
3309 0.000000e+00 0.000000e+00 9.555500e+09 
3310 0.000000e+00 0.000000e+00 9.555500e+09 
3311 0.000000e+00 0.000000e+00 9.555503e+09 
3312 0.000000e+00 0.000000e+00 9.555493e+09 
3313 0.000000e+00 0.000000e+00 9.555528e+09 
3314 0.000000e+00 0.000000e+00 9.555527e+09 
3315 0.000000e+00 0.000000e+00 9.555495e+09 
3316 0.000000e+00 0.000000e+00 9.555495e+09 
3317 0.000000e+00 0.000000e+00 9.555511e+09 
3318 0.000000e+00 0.000000e+00 9.555496e+09 
3319 0.000000e+00 0.000000e+00 9.555493e+09 
3320 0.000000e+00 0.000000e+00 9.555495e+09 
3321 0.000000e+00 0.000000e+00 9.555499e+09 
3322 0.000000e+00 0.000000e+00 9.555493e+09 
3323 0.000000e+00 0.000000e+00 9.555496e+09 
3324 0.000000e+00 0.000000e+00 9.555493e+09 
3325 0.000000e+00 0.000000e+00 9.555493e+09 
3326 0.000000e+00 0.000000e+00 9.555634e+09 
3327 0.000000e+00 0.000000e+00 9.555584e+09 
3328 0.000000e+00 0.000000e+00 9.555496e+09 
3329 0.000000e+00 0.000000e+00 9.555504e+09 
3330 0.000000e+00 0.000000e+00 9.555495e+09 
3331 0.000000e+00 0.000000e+00 9.555493e+09 
3332 0.000000e+00 0.000000e+00 9.555501e+09 
3333 0.000000e+00 0.000000e+00 9.555506e+09 
3334 0.000000e+00 0.000000e+00 9.555495e+09 
3335 0.000000e+00 0.000000e+00 9.555494e+09 
3336 0.000000e+00 0.000000e+00 9.555494e+09 
3337 0.000000e+00 0.000000e+00 9.555497e+09 
3338 0.000000e+00 0.000000e+00 9.555530e+09 
3339 0.000000e+00 0.000000e+00 9.555493e+09 
3340 0.000000e+00 0.000000e+00 9.555496e+09 
3341 0.000000e+00 0.000000e+00 9.555493e+09 
3342 0.000000e+00 0.000000e+00 9.555498e+09 
3343 0.000000e+00 0.000000e+00 9.555494e+09 
3344 0.000000e+00 0.000000e+00 9.555495e+09 
3345 0.000000e+00 0.000000e+00 9.555493e+09 
3346 0.000000e+00 0.000000e+00 9.555499e+09 
3347 0.000000e+00 0.000000e+00 9.555493e+09 
3348 0.000000e+00 0.000000e+00 9.555493e+09 
3349 0.000000e+00 0.000000e+00 9.555493e+09 
3350 0.000000e+00 0.000000e+00 9.555493e+09 
3351 0.000000e+00 0.000000e+00 9.555494e+09 
3352 0.000000e+00 0.000000e+00 9.555501e+09 
3353 0.000000e+00 0.000000e+00 9.555493e+09 
3354 0.000000e+00 0.000000e+00 9.555494e+09 
3355 0.000000e+00 0.000000e+00 9.555506e+09 
3356 0.000000e+00 0.000000e+00 9.555493e+09 
3357 0.000000e+00 0.000000e+00 9.555496e+09 
3358 0.000000e+00 0.000000e+00 9.555495e+09 
3359 0.000000e+00 0.000000e+00 9.555494e+09 
3360 0.000000e+00 0.000000e+00 9.555548e+09 
3361 0.000000e+00 0.000000e+00 9.555498e+09 
3362 0.000000e+00 0.000000e+00 9.555494e+09 
3363 0.000000e+00 0.000000e+00 9.555494e+09 
3364 0.000000e+00 0.000000e+00 9.555495e+09 
3365 0.000000e+00 0.000000e+00 9.555493e+09 
3366 0.000000e+00 0.000000e+00 9.555493e+09 
3367 0.000000e+00 0.000000e+00 9.555493e+09 
3368 0.000000e+00 0.000000e+00 9.555543e+09 
3369 0.000000e+00 0.000000e+00 9.555493e+09 
3370 0.000000e+00 0.000000e+00 9.555493e+09 
3371 0.000000e+00 0.000000e+00 9.555493e+09 
3372 0.000000e+00 0.000000e+00 9.555496e+09 
3373 0.000000e+00 0.000000e+00 9.555495e+09 
3374 0.000000e+00 0.000000e+00 9.555493e+09 
3375 0.000000e+00 0.000000e+00 9.555498e+09 
3376 0.000000e+00 0.000000e+00 9.555579e+09 
3377 0.000000e+00 0.000000e+00 9.555496e+09 
3378 0.000000e+00 0.000000e+00 9.555495e+09 
3379 0.000000e+00 0.000000e+00 9.555495e+09 
3380 0.000000e+00 0.000000e+00 9.555495e+09 
3381 0.000000e+00 0.000000e+00 9.555503e+09 
3382 0.000000e+00 0.000000e+00 9.555514e+09 
3383 0.000000e+00 0.000000e+00 9.555494e+09 
3384 0.000000e+00 0.000000e+00 9.555522e+09 
3385 0.000000e+00 0.000000e+00 9.555494e+09 
3386 0.000000e+00 0.000000e+00 9.555494e+09 
3387 0.000000e+00 0.000000e+00 9.555582e+09 
3388 0.000000e+00 0.000000e+00 9.555493e+09 
3389 0.000000e+00 0.000000e+00 9.555504e+09 
3390 0.000000e+00 0.000000e+00 9.555497e+09 
3391 0.000000e+00 0.000000e+00 9.555496e+09 
3392 0.000000e+00 0.000000e+00 9.555496e+09 
3393 0.000000e+00 0.000000e+00 9.555500e+09 
3394 0.000000e+00 0.000000e+00 9.555497e+09 
3395 0.000000e+00 0.000000e+00 9.555495e+09 
3396 0.000000e+00 0.000000e+00 9.555494e+09 
3397 0.000000e+00 0.000000e+00 9.555494e+09 
3398 0.000000e+00 0.000000e+00 9.555499e+09 
3399 0.000000e+00 0.000000e+00 9.555496e+09 
3400 0.000000e+00 0.000000e+00 9.555497e+09 
3401 0.000000e+00 0.000000e+00 9.555496e+09 
3402 0.000000e+00 0.000000e+00 9.555619e+09 
3403 0.000000e+00 0.000000e+00 9.555494e+09 
3404 0.000000e+00 0.000000e+00 9.555495e+09 
3405 0.000000e+00 0.000000e+00 9.555498e+09 
3406 0.000000e+00 0.000000e+00 9.555493e+09 
3407 0.000000e+00 0.000000e+00 9.555527e+09 
3408 0.000000e+00 0.000000e+00 9.555493e+09 
3409 0.000000e+00 0.000000e+00 9.555495e+09 
3410 0.000000e+00 0.000000e+00 9.555493e+09 
3411 0.000000e+00 0.000000e+00 9.555494e+09 
3412 0.000000e+00 0.000000e+00 9.555495e+09 
3413 0.000000e+00 0.000000e+00 9.555493e+09 
3414 0.000000e+00 0.000000e+00 9.555497e+09 
3415 0.000000e+00 0.000000e+00 9.555714e+09 
3416 0.000000e+00 0.000000e+00 9.555496e+09 
3417 0.000000e+00 0.000000e+00 9.555504e+09 
3418 0.000000e+00 0.000000e+00 9.555505e+09 
3419 0.000000e+00 0.000000e+00 9.555500e+09 
3420 0.000000e+00 0.000000e+00 9.556672e+09 
3421 0.000000e+00 0.000000e+00 9.555504e+09 
3422 0.000000e+00 0.000000e+00 9.555493e+09 
3423 0.000000e+00 0.000000e+00 9.555493e+09 
3424 0.000000e+00 0.000000e+00 9.556145e+09 
3425 0.000000e+00 0.000000e+00 9.555493e+09 
3426 0.000000e+00 0.000000e+00 9.555499e+09 
3427 0.000000e+00 0.000000e+00 9.555675e+09 
3428 0.000000e+00 0.000000e+00 9.555499e+09 
3429 0.000000e+00 0.000000e+00 9.555494e+09 
3430 0.000000e+00 0.000000e+00 9.555513e+09 
3431 0.000000e+00 0.000000e+00 9.555677e+09 
3432 0.000000e+00 0.000000e+00 9.556138e+09 
3433 0.000000e+00 0.000000e+00 9.555494e+09 
3434 0.000000e+00 0.000000e+00 9.555496e+09 
3435 0.000000e+00 0.000000e+00 9.555513e+09 
3436 0.000000e+00 0.000000e+00 9.555495e+09 
3437 0.000000e+00 0.000000e+00 9.555501e+09 
3438 0.000000e+00 0.000000e+00 9.555496e+09 
3439 0.000000e+00 0.000000e+00 9.555493e+09 
3440 0.000000e+00 0.000000e+00 9.555497e+09 
3441 0.000000e+00 0.000000e+00 9.555496e+09 
3442 0.000000e+00 0.000000e+00 9.555495e+09 
3443 0.000000e+00 0.000000e+00 9.555495e+09 
3444 0.000000e+00 0.000000e+00 9.555504e+09 
3445 0.000000e+00 0.000000e+00 9.555493e+09 
3446 0.000000e+00 0.000000e+00 9.555497e+09 
3447 0.000000e+00 0.000000e+00 9.555493e+09 
3448 0.000000e+00 0.000000e+00 9.555493e+09 
3449 0.000000e+00 0.000000e+00 9.555495e+09 
3450 0.000000e+00 0.000000e+00 9.555493e+09 
3451 0.000000e+00 0.000000e+00 9.555493e+09 
3452 0.000000e+00 0.000000e+00 9.555495e+09 
3453 0.000000e+00 0.000000e+00 9.555494e+09 
3454 0.000000e+00 0.000000e+00 9.555497e+09 
3455 0.000000e+00 0.000000e+00 9.555495e+09 
3456 0.000000e+00 0.000000e+00 9.555493e+09 
3457 0.000000e+00 0.000000e+00 9.555495e+09 
3458 0.000000e+00 0.000000e+00 9.555498e+09 
3459 0.000000e+00 0.000000e+00 9.555493e+09 
3460 0.000000e+00 0.000000e+00 9.555493e+09 
3461 0.000000e+00 0.000000e+00 9.555495e+09 
3462 0.000000e+00 0.000000e+00 9.555496e+09 
3463 0.000000e+00 0.000000e+00 9.555493e+09 
3464 0.000000e+00 0.000000e+00 9.555494e+09 
3465 0.000000e+00 0.000000e+00 9.555495e+09 
3466 0.000000e+00 0.000000e+00 9.555495e+09 
3467 0.000000e+00 0.000000e+00 9.555493e+09 
3468 0.000000e+00 0.000000e+00 9.555547e+09 
3469 0.000000e+00 0.000000e+00 9.555493e+09 
3470 0.000000e+00 0.000000e+00 9.555495e+09 
3471 0.000000e+00 0.000000e+00 9.555503e+09 
3472 0.000000e+00 0.000000e+00 9.555499e+09 
3473 0.000000e+00 0.000000e+00 9.555493e+09 
3474 0.000000e+00 0.000000e+00 9.555494e+09 
3475 0.000000e+00 0.000000e+00 9.555493e+09 
3476 0.000000e+00 0.000000e+00 9.555494e+09 
3477 0.000000e+00 0.000000e+00 9.555526e+09 
3478 0.000000e+00 0.000000e+00 9.555495e+09 
3479 0.000000e+00 0.000000e+00 9.555496e+09 
3480 0.000000e+00 0.000000e+00 9.555495e+09 
3481 0.000000e+00 0.000000e+00 9.555493e+09 
3482 0.000000e+00 0.000000e+00 9.555494e+09 
3483 0.000000e+00 0.000000e+00 9.555496e+09 
3484 0.000000e+00 0.000000e+00 9.555498e+09 
3485 0.000000e+00 0.000000e+00 9.555493e+09 
3486 0.000000e+00 0.000000e+00 9.555549e+09 
3487 0.000000e+00 0.000000e+00 9.555495e+09 
3488 0.000000e+00 0.000000e+00 9.555503e+09 
3489 0.000000e+00 0.000000e+00 9.555521e+09 
3490 0.000000e+00 0.000000e+00 9.555493e+09 
3491 0.000000e+00 0.000000e+00 9.555493e+09 
3492 0.000000e+00 0.000000e+00 9.555508e+09 
3493 0.000000e+00 0.000000e+00 9.555505e+09 
3494 0.000000e+00 0.000000e+00 9.555494e+09 
3495 0.000000e+00 0.000000e+00 9.555501e+09 
3496 0.000000e+00 0.000000e+00 9.555503e+09 
3497 0.000000e+00 0.000000e+00 9.555494e+09 
3498 0.000000e+00 0.000000e+00 9.555503e+09 
3499 0.000000e+00 0.000000e+00 9.555501e+09 
3500 0.000000e+00 0.000000e+00 9.555494e+09 
3501 0.000000e+00 0.000000e+00 9.555514e+09 
3502 0.000000e+00 0.000000e+00 9.555522e+09 
3503 0.000000e+00 0.000000e+00 9.555590e+09 
3504 0.000000e+00 0.000000e+00 9.555493e+09 
3505 0.000000e+00 0.000000e+00 9.555498e+09 
3506 0.000000e+00 0.000000e+00 9.555494e+09 
3507 0.000000e+00 0.000000e+00 9.555498e+09 
3508 0.000000e+00 0.000000e+00 9.555499e+09 
3509 0.000000e+00 0.000000e+00 9.555494e+09 
3510 0.000000e+00 0.000000e+00 9.555498e+09 
3511 0.000000e+00 0.000000e+00 9.555493e+09 
3512 0.000000e+00 0.000000e+00 9.555494e+09 
3513 0.000000e+00 0.000000e+00 9.555498e+09 
3514 0.000000e+00 0.000000e+00 9.555494e+09 
3515 0.000000e+00 0.000000e+00 9.555493e+09 
3516 0.000000e+00 0.000000e+00 9.555493e+09 
3517 0.000000e+00 0.000000e+00 9.555559e+09 
3518 0.000000e+00 0.000000e+00 9.555498e+09 
3519 0.000000e+00 0.000000e+00 9.555538e+09 
3520 0.000000e+00 0.000000e+00 9.555502e+09 
3521 0.000000e+00 0.000000e+00 9.555494e+09 
3522 0.000000e+00 0.000000e+00 9.555497e+09 
3523 0.000000e+00 0.000000e+00 9.555500e+09 
3524 0.000000e+00 0.000000e+00 9.555503e+09 
3525 0.000000e+00 0.000000e+00 9.555504e+09 
3526 0.000000e+00 0.000000e+00 9.555493e+09 
3527 0.000000e+00 0.000000e+00 9.555494e+09 
3528 0.000000e+00 0.000000e+00 9.555535e+09 
3529 0.000000e+00 0.000000e+00 9.555495e+09 
3530 0.000000e+00 0.000000e+00 9.555503e+09 
3531 0.000000e+00 0.000000e+00 9.555493e+09 
3532 0.000000e+00 0.000000e+00 9.555495e+09 
3533 0.000000e+00 0.000000e+00 9.555493e+09 
3534 0.000000e+00 0.000000e+00 9.555493e+09 
3535 0.000000e+00 0.000000e+00 9.555498e+09 
3536 0.000000e+00 0.000000e+00 9.555493e+09 
3537 0.000000e+00 0.000000e+00 9.555493e+09 
3538 0.000000e+00 0.000000e+00 9.555495e+09 
3539 0.000000e+00 0.000000e+00 9.555516e+09 
3540 0.000000e+00 0.000000e+00 9.555526e+09 
3541 0.000000e+00 0.000000e+00 9.555500e+09 
3542 0.000000e+00 0.000000e+00 9.555494e+09 
3543 0.000000e+00 0.000000e+00 9.555494e+09 
3544 0.000000e+00 0.000000e+00 9.555550e+09 
3545 0.000000e+00 0.000000e+00 9.555497e+09 
3546 0.000000e+00 0.000000e+00 9.555495e+09 
3547 0.000000e+00 0.000000e+00 9.555494e+09 
3548 0.000000e+00 0.000000e+00 9.555493e+09 
3549 0.000000e+00 0.000000e+00 9.555527e+09 
3550 0.000000e+00 0.000000e+00 9.555493e+09 
3551 0.000000e+00 0.000000e+00 9.555494e+09 
3552 0.000000e+00 0.000000e+00 9.555561e+09 
3553 0.000000e+00 0.000000e+00 9.555494e+09 
3554 0.000000e+00 0.000000e+00 9.555493e+09 
3555 0.000000e+00 0.000000e+00 9.555493e+09 
3556 0.000000e+00 0.000000e+00 9.555493e+09 
3557 0.000000e+00 0.000000e+00 9.555494e+09 
3558 0.000000e+00 0.000000e+00 9.555495e+09 
3559 0.000000e+00 0.000000e+00 9.555493e+09 
3560 0.000000e+00 0.000000e+00 9.555493e+09 
3561 0.000000e+00 0.000000e+00 9.555494e+09 
3562 0.000000e+00 0.000000e+00 9.555493e+09 
3563 0.000000e+00 0.000000e+00 9.555493e+09 
3564 0.000000e+00 0.000000e+00 9.555494e+09 
3565 0.000000e+00 0.000000e+00 9.555493e+09 
3566 0.000000e+00 0.000000e+00 9.555496e+09 
3567 0.000000e+00 0.000000e+00 9.555493e+09 
3568 0.000000e+00 0.000000e+00 9.555495e+09 
3569 0.000000e+00 0.000000e+00 9.555493e+09 
3570 0.000000e+00 0.000000e+00 9.555493e+09 
3571 0.000000e+00 0.000000e+00 9.555495e+09 
3572 0.000000e+00 0.000000e+00 9.555493e+09 
3573 0.000000e+00 0.000000e+00 9.555495e+09 
3574 0.000000e+00 0.000000e+00 9.555493e+09 
3575 0.000000e+00 0.000000e+00 9.555504e+09 
3576 0.000000e+00 0.000000e+00 9.555494e+09 
3577 0.000000e+00 0.000000e+00 9.555498e+09 
3578 0.000000e+00 0.000000e+00 9.555500e+09 
3579 0.000000e+00 0.000000e+00 9.555496e+09 
3580 0.000000e+00 0.000000e+00 9.555508e+09 
3581 0.000000e+00 0.000000e+00 9.555500e+09 
3582 0.000000e+00 0.000000e+00 9.555505e+09 
3583 0.000000e+00 0.000000e+00 9.555495e+09 
3584 0.000000e+00 0.000000e+00 9.555494e+09 
3585 0.000000e+00 0.000000e+00 9.555493e+09 
3586 0.000000e+00 0.000000e+00 9.555494e+09 
3587 0.000000e+00 0.000000e+00 9.555498e+09 
3588 0.000000e+00 0.000000e+00 9.555493e+09 
3589 0.000000e+00 0.000000e+00 9.555499e+09 
3590 0.000000e+00 0.000000e+00 9.555493e+09 
3591 0.000000e+00 0.000000e+00 9.555493e+09 
3592 0.000000e+00 0.000000e+00 9.555495e+09 
3593 0.000000e+00 0.000000e+00 9.555515e+09 
3594 0.000000e+00 0.000000e+00 9.555493e+09 
3595 0.000000e+00 0.000000e+00 9.555494e+09 
3596 0.000000e+00 0.000000e+00 9.555493e+09 
3597 0.000000e+00 0.000000e+00 9.555500e+09 
3598 0.000000e+00 0.000000e+00 9.555493e+09 
3599 0.000000e+00 0.000000e+00 9.555493e+09 
3600 0.000000e+00 0.000000e+00 9.555493e+09 
3601 0.000000e+00 0.000000e+00 9.555494e+09 
3602 0.000000e+00 0.000000e+00 9.555493e+09 
3603 0.000000e+00 0.000000e+00 9.555513e+09 
3604 0.000000e+00 0.000000e+00 9.555497e+09 
3605 0.000000e+00 0.000000e+00 9.555517e+09 
3606 0.000000e+00 0.000000e+00 9.555494e+09 
3607 0.000000e+00 0.000000e+00 9.555543e+09 
3608 0.000000e+00 0.000000e+00 9.555494e+09 
3609 0.000000e+00 0.000000e+00 9.555497e+09 
3610 0.000000e+00 0.000000e+00 9.555493e+09 
3611 0.000000e+00 0.000000e+00 9.555493e+09 
3612 0.000000e+00 0.000000e+00 9.555493e+09 
3613 0.000000e+00 0.000000e+00 9.555493e+09 
3614 0.000000e+00 0.000000e+00 9.555493e+09 
3615 0.000000e+00 0.000000e+00 9.555494e+09 
3616 0.000000e+00 0.000000e+00 9.555494e+09 
3617 0.000000e+00 0.000000e+00 9.555493e+09 
3618 0.000000e+00 0.000000e+00 9.555497e+09 
3619 0.000000e+00 0.000000e+00 9.555504e+09 
3620 0.000000e+00 0.000000e+00 9.555494e+09 
3621 0.000000e+00 0.000000e+00 9.555503e+09 
3622 0.000000e+00 0.000000e+00 9.555500e+09 
3623 0.000000e+00 0.000000e+00 9.555510e+09 
3624 0.000000e+00 0.000000e+00 9.555499e+09 
3625 0.000000e+00 0.000000e+00 9.555493e+09 
3626 0.000000e+00 0.000000e+00 9.555493e+09 
3627 0.000000e+00 0.000000e+00 9.555496e+09 
3628 0.000000e+00 0.000000e+00 9.555500e+09 
3629 0.000000e+00 0.000000e+00 9.555495e+09 
3630 0.000000e+00 0.000000e+00 9.555494e+09 
3631 0.000000e+00 0.000000e+00 9.555494e+09 
3632 0.000000e+00 0.000000e+00 9.555493e+09 
3633 0.000000e+00 0.000000e+00 9.555501e+09 
3634 0.000000e+00 0.000000e+00 9.555502e+09 
3635 0.000000e+00 0.000000e+00 9.555493e+09 
3636 0.000000e+00 0.000000e+00 9.555495e+09 
3637 0.000000e+00 0.000000e+00 9.555494e+09 
3638 0.000000e+00 0.000000e+00 9.555496e+09 
3639 0.000000e+00 0.000000e+00 9.555537e+09 
3640 0.000000e+00 0.000000e+00 9.555495e+09 
3641 0.000000e+00 0.000000e+00 9.555494e+09 
3642 0.000000e+00 0.000000e+00 9.555509e+09 
3643 0.000000e+00 0.000000e+00 9.555579e+09 
3644 0.000000e+00 0.000000e+00 9.555497e+09 
3645 0.000000e+00 0.000000e+00 9.555550e+09 
3646 0.000000e+00 0.000000e+00 9.555535e+09 
3647 0.000000e+00 0.000000e+00 9.555497e+09 
3648 0.000000e+00 0.000000e+00 9.555494e+09 
3649 0.000000e+00 0.000000e+00 9.555494e+09 
3650 0.000000e+00 0.000000e+00 9.555494e+09 
3651 0.000000e+00 0.000000e+00 9.555498e+09 
3652 0.000000e+00 0.000000e+00 9.555497e+09 
3653 0.000000e+00 0.000000e+00 9.555493e+09 
3654 0.000000e+00 0.000000e+00 9.555494e+09 
3655 0.000000e+00 0.000000e+00 9.555507e+09 
3656 0.000000e+00 0.000000e+00 9.555505e+09 
3657 0.000000e+00 0.000000e+00 9.555493e+09 
3658 0.000000e+00 0.000000e+00 9.555623e+09 
3659 0.000000e+00 0.000000e+00 9.555506e+09 
3660 0.000000e+00 0.000000e+00 9.555497e+09 
3661 0.000000e+00 0.000000e+00 9.555493e+09 
3662 0.000000e+00 0.000000e+00 9.555493e+09 
3663 0.000000e+00 0.000000e+00 9.555495e+09 
3664 0.000000e+00 0.000000e+00 9.555494e+09 
3665 0.000000e+00 0.000000e+00 9.555494e+09 
3666 0.000000e+00 0.000000e+00 9.555494e+09 
3667 0.000000e+00 0.000000e+00 9.555501e+09 
3668 0.000000e+00 0.000000e+00 9.555494e+09 
3669 0.000000e+00 0.000000e+00 9.555493e+09 
3670 0.000000e+00 0.000000e+00 9.555493e+09 
3671 0.000000e+00 0.000000e+00 9.555497e+09 
3672 0.000000e+00 0.000000e+00 9.555493e+09 
3673 0.000000e+00 0.000000e+00 9.555493e+09 
3674 0.000000e+00 0.000000e+00 9.555494e+09 
3675 0.000000e+00 0.000000e+00 9.555499e+09 
3676 0.000000e+00 0.000000e+00 9.555493e+09 
3677 0.000000e+00 0.000000e+00 9.555493e+09 
3678 0.000000e+00 0.000000e+00 9.555494e+09 
3679 0.000000e+00 0.000000e+00 9.555493e+09 
3680 0.000000e+00 0.000000e+00 9.555494e+09 
3681 0.000000e+00 0.000000e+00 9.555494e+09 
3682 0.000000e+00 0.000000e+00 9.555515e+09 
3683 0.000000e+00 0.000000e+00 9.555496e+09 
3684 0.000000e+00 0.000000e+00 9.555494e+09 
3685 0.000000e+00 0.000000e+00 9.555495e+09 
3686 0.000000e+00 0.000000e+00 9.555494e+09 
3687 0.000000e+00 0.000000e+00 9.555493e+09 
3688 0.000000e+00 0.000000e+00 9.555493e+09 
3689 0.000000e+00 0.000000e+00 9.555493e+09 
3690 0.000000e+00 0.000000e+00 9.555493e+09 
3691 0.000000e+00 0.000000e+00 9.555493e+09 
3692 0.000000e+00 0.000000e+00 9.555494e+09 
3693 0.000000e+00 0.000000e+00 9.555493e+09 
3694 0.000000e+00 0.000000e+00 9.555493e+09 
3695 0.000000e+00 0.000000e+00 9.555497e+09 
3696 0.000000e+00 0.000000e+00 9.555498e+09 
3697 0.000000e+00 0.000000e+00 9.555494e+09 
3698 0.000000e+00 0.000000e+00 9.555494e+09 
3699 0.000000e+00 0.000000e+00 9.555493e+09 
3700 0.000000e+00 0.000000e+00 9.555506e+09 
3701 0.000000e+00 0.000000e+00 9.555496e+09 
3702 0.000000e+00 0.000000e+00 9.555497e+09 
3703 0.000000e+00 0.000000e+00 9.555495e+09 
3704 0.000000e+00 0.000000e+00 9.555558e+09 
3705 0.000000e+00 0.000000e+00 9.555496e+09 
3706 0.000000e+00 0.000000e+00 9.555506e+09 
3707 0.000000e+00 0.000000e+00 9.555497e+09 
3708 0.000000e+00 0.000000e+00 9.555495e+09 
3709 0.000000e+00 0.000000e+00 9.555493e+09 
3710 0.000000e+00 0.000000e+00 9.555505e+09 
3711 0.000000e+00 0.000000e+00 9.556413e+09 
3712 0.000000e+00 0.000000e+00 9.555494e+09 
3713 0.000000e+00 0.000000e+00 9.555493e+09 
3714 0.000000e+00 0.000000e+00 9.555499e+09 
3715 0.000000e+00 0.000000e+00 9.555493e+09 
3716 0.000000e+00 0.000000e+00 9.555507e+09 
3717 0.000000e+00 0.000000e+00 9.555495e+09 
3718 0.000000e+00 0.000000e+00 9.555500e+09 
3719 0.000000e+00 0.000000e+00 9.555494e+09 
3720 0.000000e+00 0.000000e+00 9.555494e+09 
3721 0.000000e+00 0.000000e+00 9.555501e+09 
3722 0.000000e+00 0.000000e+00 9.555497e+09 
3723 0.000000e+00 0.000000e+00 9.555493e+09 
3724 0.000000e+00 0.000000e+00 9.555493e+09 
3725 0.000000e+00 0.000000e+00 9.555495e+09 
3726 0.000000e+00 0.000000e+00 9.555494e+09 
3727 0.000000e+00 0.000000e+00 9.555493e+09 
3728 0.000000e+00 0.000000e+00 9.555502e+09 
3729 0.000000e+00 0.000000e+00 9.555494e+09 
3730 0.000000e+00 0.000000e+00 9.555666e+09 
3731 0.000000e+00 0.000000e+00 9.555496e+09 
3732 0.000000e+00 0.000000e+00 9.555498e+09 
3733 0.000000e+00 0.000000e+00 9.555502e+09 
3734 0.000000e+00 0.000000e+00 9.555502e+09 
3735 0.000000e+00 0.000000e+00 9.555540e+09 
3736 0.000000e+00 0.000000e+00 9.555493e+09 
3737 0.000000e+00 0.000000e+00 9.555494e+09 
3738 0.000000e+00 0.000000e+00 9.555494e+09 
3739 0.000000e+00 0.000000e+00 9.555494e+09 
3740 0.000000e+00 0.000000e+00 9.555516e+09 
3741 0.000000e+00 0.000000e+00 9.555495e+09 
3742 0.000000e+00 0.000000e+00 9.555493e+09 
3743 0.000000e+00 0.000000e+00 9.555511e+09 
3744 0.000000e+00 0.000000e+00 9.555533e+09 
3745 0.000000e+00 0.000000e+00 9.555497e+09 
3746 0.000000e+00 0.000000e+00 9.555512e+09 
3747 0.000000e+00 0.000000e+00 9.555495e+09 
3748 0.000000e+00 0.000000e+00 9.555493e+09 
3749 0.000000e+00 0.000000e+00 9.555493e+09 
3750 0.000000e+00 0.000000e+00 9.555495e+09 
3751 0.000000e+00 0.000000e+00 9.555495e+09 
3752 0.000000e+00 0.000000e+00 9.555518e+09 
3753 0.000000e+00 0.000000e+00 9.555496e+09 
3754 0.000000e+00 0.000000e+00 9.555544e+09 
3755 0.000000e+00 0.000000e+00 9.555601e+09 
3756 0.000000e+00 0.000000e+00 9.555499e+09 
3757 0.000000e+00 0.000000e+00 9.555495e+09 
3758 0.000000e+00 0.000000e+00 9.555494e+09 
3759 0.000000e+00 0.000000e+00 9.555494e+09 
3760 0.000000e+00 0.000000e+00 9.555501e+09 
3761 0.000000e+00 0.000000e+00 9.555497e+09 
3762 0.000000e+00 0.000000e+00 9.555500e+09 
3763 0.000000e+00 0.000000e+00 9.555717e+09 
3764 0.000000e+00 0.000000e+00 9.555493e+09 
3765 0.000000e+00 0.000000e+00 9.555494e+09 
3766 0.000000e+00 0.000000e+00 9.555496e+09 
3767 0.000000e+00 0.000000e+00 9.555494e+09 
3768 0.000000e+00 0.000000e+00 9.555502e+09 
3769 0.000000e+00 0.000000e+00 9.555493e+09 
3770 0.000000e+00 0.000000e+00 9.555508e+09 
3771 0.000000e+00 0.000000e+00 9.555494e+09 
3772 0.000000e+00 0.000000e+00 9.555493e+09 
3773 0.000000e+00 0.000000e+00 9.555493e+09 
3774 0.000000e+00 0.000000e+00 9.555494e+09 
3775 0.000000e+00 0.000000e+00 9.555549e+09 
3776 0.000000e+00 0.000000e+00 9.555493e+09 
3777 0.000000e+00 0.000000e+00 9.555496e+09 
3778 0.000000e+00 0.000000e+00 9.555497e+09 
3779 0.000000e+00 0.000000e+00 9.555495e+09 
3780 0.000000e+00 0.000000e+00 9.555493e+09 
3781 0.000000e+00 0.000000e+00 9.555503e+09 
3782 0.000000e+00 0.000000e+00 9.555493e+09 
3783 0.000000e+00 0.000000e+00 9.555494e+09 
3784 0.000000e+00 0.000000e+00 9.555494e+09 
3785 0.000000e+00 0.000000e+00 9.555494e+09 
3786 0.000000e+00 0.000000e+00 9.555497e+09 
3787 0.000000e+00 0.000000e+00 9.555525e+09 
3788 0.000000e+00 0.000000e+00 9.555494e+09 
3789 0.000000e+00 0.000000e+00 9.555510e+09 
3790 0.000000e+00 0.000000e+00 9.555499e+09 
3791 0.000000e+00 0.000000e+00 9.555502e+09 
3792 0.000000e+00 0.000000e+00 9.555500e+09 
3793 0.000000e+00 0.000000e+00 9.555503e+09 
3794 0.000000e+00 0.000000e+00 9.555721e+09 
3795 0.000000e+00 0.000000e+00 9.555493e+09 
3796 0.000000e+00 0.000000e+00 9.555495e+09 
3797 0.000000e+00 0.000000e+00 9.555493e+09 
3798 0.000000e+00 0.000000e+00 9.555498e+09 
3799 0.000000e+00 0.000000e+00 9.555514e+09 
3800 0.000000e+00 0.000000e+00 9.555493e+09 
3801 0.000000e+00 0.000000e+00 9.555516e+09 
3802 0.000000e+00 0.000000e+00 9.555495e+09 
3803 0.000000e+00 0.000000e+00 9.555518e+09 
3804 0.000000e+00 0.000000e+00 9.555499e+09 
3805 0.000000e+00 0.000000e+00 9.555493e+09 
3806 0.000000e+00 0.000000e+00 9.555494e+09 
3807 0.000000e+00 0.000000e+00 9.555518e+09 
3808 0.000000e+00 0.000000e+00 9.555493e+09 
3809 0.000000e+00 0.000000e+00 9.555500e+09 
3810 0.000000e+00 0.000000e+00 9.555497e+09 
3811 0.000000e+00 0.000000e+00 9.555495e+09 
3812 0.000000e+00 0.000000e+00 9.555494e+09 
3813 0.000000e+00 0.000000e+00 9.555493e+09 
3814 0.000000e+00 0.000000e+00 9.555507e+09 
3815 0.000000e+00 0.000000e+00 9.555502e+09 
3816 0.000000e+00 0.000000e+00 9.555499e+09 
3817 0.000000e+00 0.000000e+00 9.555493e+09 
3818 0.000000e+00 0.000000e+00 9.555499e+09 
3819 0.000000e+00 0.000000e+00 9.555500e+09 
3820 0.000000e+00 0.000000e+00 9.555621e+09 
3821 0.000000e+00 0.000000e+00 9.555494e+09 
3822 0.000000e+00 0.000000e+00 9.555510e+09 
3823 0.000000e+00 0.000000e+00 9.555553e+09 
3824 0.000000e+00 0.000000e+00 9.556075e+09 
3825 0.000000e+00 0.000000e+00 9.555493e+09 
3826 0.000000e+00 0.000000e+00 9.555493e+09 
3827 0.000000e+00 0.000000e+00 9.555493e+09 
3828 0.000000e+00 0.000000e+00 9.555513e+09 
3829 0.000000e+00 0.000000e+00 9.555496e+09 
3830 0.000000e+00 0.000000e+00 9.555493e+09 
3831 0.000000e+00 0.000000e+00 9.555495e+09 
3832 0.000000e+00 0.000000e+00 9.555495e+09 
3833 0.000000e+00 0.000000e+00 9.555493e+09 
3834 0.000000e+00 0.000000e+00 9.555565e+09 
3835 0.000000e+00 0.000000e+00 9.555494e+09 
3836 0.000000e+00 0.000000e+00 9.555493e+09 
3837 0.000000e+00 0.000000e+00 9.555496e+09 
3838 0.000000e+00 0.000000e+00 9.555517e+09 
3839 0.000000e+00 0.000000e+00 9.555500e+09 
3840 0.000000e+00 0.000000e+00 9.555495e+09 
3841 0.000000e+00 0.000000e+00 9.555494e+09 
3842 0.000000e+00 0.000000e+00 9.555512e+09 
3843 0.000000e+00 0.000000e+00 9.556104e+09 
3844 0.000000e+00 0.000000e+00 9.555499e+09 
3845 0.000000e+00 0.000000e+00 9.555606e+09 
3846 0.000000e+00 0.000000e+00 9.555500e+09 
3847 0.000000e+00 0.000000e+00 9.555496e+09 
3848 0.000000e+00 0.000000e+00 9.555537e+09 
3849 0.000000e+00 0.000000e+00 9.555534e+09 
3850 0.000000e+00 0.000000e+00 9.555499e+09 
3851 0.000000e+00 0.000000e+00 9.555496e+09 
3852 0.000000e+00 0.000000e+00 9.555499e+09 
3853 0.000000e+00 0.000000e+00 9.555496e+09 
3854 0.000000e+00 0.000000e+00 9.555496e+09 
3855 0.000000e+00 0.000000e+00 9.555493e+09 
3856 0.000000e+00 0.000000e+00 9.555493e+09 
3857 0.000000e+00 0.000000e+00 9.555494e+09 
3858 0.000000e+00 0.000000e+00 9.555493e+09 
3859 0.000000e+00 0.000000e+00 9.555494e+09 
3860 0.000000e+00 0.000000e+00 9.555495e+09 
3861 0.000000e+00 0.000000e+00 9.555499e+09 
3862 0.000000e+00 0.000000e+00 9.555509e+09 
3863 0.000000e+00 0.000000e+00 9.555494e+09 
3864 0.000000e+00 0.000000e+00 9.555494e+09 
3865 0.000000e+00 0.000000e+00 9.555494e+09 
3866 0.000000e+00 0.000000e+00 9.555493e+09 
3867 0.000000e+00 0.000000e+00 9.555499e+09 
3868 0.000000e+00 0.000000e+00 9.555515e+09 
3869 0.000000e+00 0.000000e+00 9.555493e+09 
3870 0.000000e+00 0.000000e+00 9.555496e+09 
3871 0.000000e+00 0.000000e+00 9.555493e+09 
3872 0.000000e+00 0.000000e+00 9.555495e+09 
3873 0.000000e+00 0.000000e+00 9.555494e+09 
3874 0.000000e+00 0.000000e+00 9.555499e+09 
3875 0.000000e+00 0.000000e+00 9.555498e+09 
3876 0.000000e+00 0.000000e+00 9.555493e+09 
3877 0.000000e+00 0.000000e+00 9.555494e+09 
3878 0.000000e+00 0.000000e+00 9.555494e+09 
3879 0.000000e+00 0.000000e+00 9.555493e+09 
3880 0.000000e+00 0.000000e+00 9.555493e+09 
3881 0.000000e+00 0.000000e+00 9.555495e+09 
3882 0.000000e+00 0.000000e+00 9.555494e+09 
3883 0.000000e+00 0.000000e+00 9.555494e+09 
3884 0.000000e+00 0.000000e+00 9.555495e+09 
3885 0.000000e+00 0.000000e+00 9.555503e+09 
3886 0.000000e+00 0.000000e+00 9.555494e+09 
3887 0.000000e+00 0.000000e+00 9.555493e+09 
3888 0.000000e+00 0.000000e+00 9.555493e+09 
3889 0.000000e+00 0.000000e+00 9.555535e+09 
3890 0.000000e+00 0.000000e+00 9.555500e+09 
3891 0.000000e+00 0.000000e+00 9.555493e+09 
3892 0.000000e+00 0.000000e+00 9.555494e+09 
3893 0.000000e+00 0.000000e+00 9.555494e+09 
3894 0.000000e+00 0.000000e+00 9.555496e+09 
3895 0.000000e+00 0.000000e+00 9.555495e+09 
3896 0.000000e+00 0.000000e+00 9.555513e+09 
3897 0.000000e+00 0.000000e+00 9.555494e+09 
3898 0.000000e+00 0.000000e+00 9.555511e+09 
3899 0.000000e+00 0.000000e+00 9.555495e+09 
3900 0.000000e+00 0.000000e+00 9.555495e+09 
3901 0.000000e+00 0.000000e+00 9.555493e+09 
3902 0.000000e+00 0.000000e+00 9.555506e+09 
3903 0.000000e+00 0.000000e+00 9.555493e+09 
3904 0.000000e+00 0.000000e+00 9.555493e+09 
3905 0.000000e+00 0.000000e+00 9.555502e+09 
3906 0.000000e+00 0.000000e+00 9.556143e+09 
3907 0.000000e+00 0.000000e+00 9.555495e+09 
3908 0.000000e+00 0.000000e+00 9.555814e+09 
3909 0.000000e+00 0.000000e+00 9.555503e+09 
3910 0.000000e+00 0.000000e+00 9.555505e+09 
3911 0.000000e+00 0.000000e+00 9.555509e+09 
3912 0.000000e+00 0.000000e+00 9.555494e+09 
3913 0.000000e+00 0.000000e+00 9.555493e+09 
3914 0.000000e+00 0.000000e+00 9.555493e+09 
3915 0.000000e+00 0.000000e+00 9.555500e+09 
3916 0.000000e+00 0.000000e+00 9.555493e+09 
3917 0.000000e+00 0.000000e+00 9.555502e+09 
3918 0.000000e+00 0.000000e+00 9.555493e+09 
3919 0.000000e+00 0.000000e+00 9.555498e+09 
3920 0.000000e+00 0.000000e+00 9.555493e+09 
3921 0.000000e+00 0.000000e+00 9.555495e+09 
3922 0.000000e+00 0.000000e+00 9.555502e+09 
3923 0.000000e+00 0.000000e+00 9.555494e+09 
3924 0.000000e+00 0.000000e+00 9.555494e+09 
3925 0.000000e+00 0.000000e+00 9.555493e+09 
3926 0.000000e+00 0.000000e+00 9.555496e+09 
3927 0.000000e+00 0.000000e+00 9.555506e+09 
3928 0.000000e+00 0.000000e+00 9.555497e+09 
3929 0.000000e+00 0.000000e+00 9.555495e+09 
3930 0.000000e+00 0.000000e+00 9.555503e+09 
3931 0.000000e+00 0.000000e+00 9.555494e+09 
3932 0.000000e+00 0.000000e+00 9.555494e+09 
3933 0.000000e+00 0.000000e+00 9.555493e+09 
3934 0.000000e+00 0.000000e+00 9.555493e+09 
3935 0.000000e+00 0.000000e+00 9.555494e+09 
3936 0.000000e+00 0.000000e+00 9.555494e+09 
3937 0.000000e+00 0.000000e+00 9.555496e+09 
3938 0.000000e+00 0.000000e+00 9.555493e+09 
3939 0.000000e+00 0.000000e+00 9.555493e+09 
3940 0.000000e+00 0.000000e+00 9.555494e+09 
3941 0.000000e+00 0.000000e+00 9.555493e+09 
3942 0.000000e+00 0.000000e+00 9.555493e+09 
3943 0.000000e+00 0.000000e+00 9.555528e+09 
3944 0.000000e+00 0.000000e+00 9.555494e+09 
3945 0.000000e+00 0.000000e+00 9.555495e+09 
3946 0.000000e+00 0.000000e+00 9.555496e+09 
3947 0.000000e+00 0.000000e+00 9.555666e+09 
3948 0.000000e+00 0.000000e+00 9.555493e+09 
3949 0.000000e+00 0.000000e+00 9.555494e+09 
3950 0.000000e+00 0.000000e+00 9.555494e+09 
3951 0.000000e+00 0.000000e+00 9.555494e+09 
3952 0.000000e+00 0.000000e+00 9.555496e+09 
3953 0.000000e+00 0.000000e+00 9.555499e+09 
3954 0.000000e+00 0.000000e+00 9.555561e+09 
3955 0.000000e+00 0.000000e+00 9.555500e+09 
3956 0.000000e+00 0.000000e+00 9.555493e+09 
3957 0.000000e+00 0.000000e+00 9.555812e+09 
3958 0.000000e+00 0.000000e+00 9.555507e+09 
3959 0.000000e+00 0.000000e+00 9.555493e+09 
3960 0.000000e+00 0.000000e+00 9.555500e+09 
3961 0.000000e+00 0.000000e+00 9.555497e+09 
3962 0.000000e+00 0.000000e+00 9.555496e+09 
3963 0.000000e+00 0.000000e+00 9.555522e+09 
3964 0.000000e+00 0.000000e+00 9.555497e+09 
3965 0.000000e+00 0.000000e+00 9.555494e+09 
3966 0.000000e+00 0.000000e+00 9.555494e+09 
3967 0.000000e+00 0.000000e+00 9.555496e+09 
3968 0.000000e+00 0.000000e+00 9.555499e+09 
3969 0.000000e+00 0.000000e+00 9.555501e+09 
3970 0.000000e+00 0.000000e+00 9.555507e+09 
3971 0.000000e+00 0.000000e+00 9.555504e+09 
3972 0.000000e+00 0.000000e+00 9.555494e+09 
3973 0.000000e+00 0.000000e+00 9.555493e+09 
3974 0.000000e+00 0.000000e+00 9.555493e+09 
3975 0.000000e+00 0.000000e+00 9.555496e+09 
3976 0.000000e+00 0.000000e+00 9.555494e+09 
3977 0.000000e+00 0.000000e+00 9.555493e+09 
3978 0.000000e+00 0.000000e+00 9.555493e+09 
3979 0.000000e+00 0.000000e+00 9.555496e+09 
3980 0.000000e+00 0.000000e+00 9.555496e+09 
3981 0.000000e+00 0.000000e+00 9.555493e+09 
3982 0.000000e+00 0.000000e+00 9.555494e+09 
3983 0.000000e+00 0.000000e+00 9.555513e+09 
3984 0.000000e+00 0.000000e+00 9.555493e+09 
3985 0.000000e+00 0.000000e+00 9.555535e+09 
3986 0.000000e+00 0.000000e+00 9.555496e+09 
3987 0.000000e+00 0.000000e+00 9.555493e+09 
3988 0.000000e+00 0.000000e+00 9.555701e+09 
3989 0.000000e+00 0.000000e+00 9.555502e+09 
3990 0.000000e+00 0.000000e+00 9.555494e+09 
3991 0.000000e+00 0.000000e+00 9.555494e+09 
3992 0.000000e+00 0.000000e+00 9.555493e+09 
3993 0.000000e+00 0.000000e+00 9.555495e+09 
3994 0.000000e+00 0.000000e+00 9.555493e+09 
3995 0.000000e+00 0.000000e+00 9.555547e+09 
3996 0.000000e+00 0.000000e+00 9.555494e+09 
3997 0.000000e+00 0.000000e+00 9.555511e+09 
3998 0.000000e+00 0.000000e+00 9.555498e+09 
3999 0.000000e+00 0.000000e+00 9.555493e+09 
4000 0.000000e+00 0.000000e+00 9.555498e+09 
4001 0.000000e+00 0.000000e+00 9.555494e+09 
4002 0.000000e+00 0.000000e+00 9.555493e+09 
4003 0.000000e+00 0.000000e+00 9.555493e+09 
4004 0.000000e+00 0.000000e+00 9.555493e+09 
4005 0.000000e+00 0.000000e+00 9.555493e+09 
4006 0.000000e+00 0.000000e+00 9.555502e+09 
4007 0.000000e+00 0.000000e+00 9.555494e+09 
4008 0.000000e+00 0.000000e+00 9.555493e+09 
4009 0.000000e+00 0.000000e+00 9.555493e+09 
4010 0.000000e+00 0.000000e+00 9.555510e+09 
4011 0.000000e+00 0.000000e+00 9.555501e+09 
4012 0.000000e+00 0.000000e+00 9.555496e+09 
4013 0.000000e+00 0.000000e+00 9.555504e+09 
4014 0.000000e+00 0.000000e+00 9.555494e+09 
4015 0.000000e+00 0.000000e+00 9.555494e+09 
4016 0.000000e+00 0.000000e+00 9.555493e+09 
4017 0.000000e+00 0.000000e+00 9.555496e+09 
4018 0.000000e+00 0.000000e+00 9.555513e+09 
4019 0.000000e+00 0.000000e+00 9.555493e+09 
4020 0.000000e+00 0.000000e+00 9.555493e+09 
4021 0.000000e+00 0.000000e+00 9.555506e+09 
4022 0.000000e+00 0.000000e+00 9.555525e+09 
4023 0.000000e+00 0.000000e+00 9.555495e+09 
4024 0.000000e+00 0.000000e+00 9.555498e+09 
4025 0.000000e+00 0.000000e+00 9.555495e+09 
4026 0.000000e+00 0.000000e+00 9.555565e+09 
4027 0.000000e+00 0.000000e+00 9.555493e+09 
4028 0.000000e+00 0.000000e+00 9.555523e+09 
4029 0.000000e+00 0.000000e+00 9.555558e+09 
4030 0.000000e+00 0.000000e+00 9.555507e+09 
4031 0.000000e+00 0.000000e+00 9.555495e+09 
4032 0.000000e+00 0.000000e+00 9.555496e+09 
4033 0.000000e+00 0.000000e+00 9.555493e+09 
4034 0.000000e+00 0.000000e+00 9.555495e+09 
4035 0.000000e+00 0.000000e+00 9.555503e+09 
4036 0.000000e+00 0.000000e+00 9.555495e+09 
4037 0.000000e+00 0.000000e+00 9.555493e+09 
4038 0.000000e+00 0.000000e+00 9.555494e+09 
4039 0.000000e+00 0.000000e+00 9.555495e+09 
4040 0.000000e+00 0.000000e+00 9.555495e+09 
4041 0.000000e+00 0.000000e+00 9.555493e+09 
4042 0.000000e+00 0.000000e+00 9.555493e+09 
4043 0.000000e+00 0.000000e+00 9.555493e+09 
4044 0.000000e+00 0.000000e+00 9.555493e+09 
4045 0.000000e+00 0.000000e+00 9.555499e+09 
4046 0.000000e+00 0.000000e+00 9.555494e+09 
4047 0.000000e+00 0.000000e+00 9.555493e+09 
4048 0.000000e+00 0.000000e+00 9.555495e+09 
4049 0.000000e+00 0.000000e+00 9.555507e+09 
4050 0.000000e+00 0.000000e+00 9.555494e+09 
4051 0.000000e+00 0.000000e+00 9.555496e+09 
4052 0.000000e+00 0.000000e+00 9.555493e+09 
4053 0.000000e+00 0.000000e+00 9.555494e+09 
4054 0.000000e+00 0.000000e+00 9.555494e+09 
4055 0.000000e+00 0.000000e+00 9.555554e+09 
4056 0.000000e+00 0.000000e+00 9.555493e+09 
4057 0.000000e+00 0.000000e+00 9.555494e+09 
4058 0.000000e+00 0.000000e+00 9.555494e+09 
4059 0.000000e+00 0.000000e+00 9.555494e+09 
4060 0.000000e+00 0.000000e+00 9.555494e+09 
4061 0.000000e+00 0.000000e+00 9.555493e+09 
4062 0.000000e+00 0.000000e+00 9.555495e+09 
4063 0.000000e+00 0.000000e+00 9.555499e+09 
4064 0.000000e+00 0.000000e+00 9.555494e+09 
4065 0.000000e+00 0.000000e+00 9.555494e+09 
4066 0.000000e+00 0.000000e+00 9.555498e+09 
4067 0.000000e+00 0.000000e+00 9.555499e+09 
4068 0.000000e+00 0.000000e+00 9.555499e+09 
4069 0.000000e+00 0.000000e+00 9.555505e+09 
4070 0.000000e+00 0.000000e+00 9.555529e+09 
4071 0.000000e+00 0.000000e+00 9.555497e+09 
4072 0.000000e+00 0.000000e+00 9.555495e+09 
4073 0.000000e+00 0.000000e+00 9.555507e+09 
4074 0.000000e+00 0.000000e+00 9.555495e+09 
4075 0.000000e+00 0.000000e+00 9.555493e+09 
4076 0.000000e+00 0.000000e+00 9.555512e+09 
4077 0.000000e+00 0.000000e+00 9.555516e+09 
4078 0.000000e+00 0.000000e+00 9.555494e+09 
4079 0.000000e+00 0.000000e+00 9.555512e+09 
4080 0.000000e+00 0.000000e+00 9.555494e+09 
4081 0.000000e+00 0.000000e+00 9.555496e+09 
4082 0.000000e+00 0.000000e+00 9.555493e+09 
4083 0.000000e+00 0.000000e+00 9.555501e+09 
4084 0.000000e+00 0.000000e+00 9.555787e+09 
4085 0.000000e+00 0.000000e+00 9.555493e+09 
4086 0.000000e+00 0.000000e+00 9.555493e+09 
4087 0.000000e+00 0.000000e+00 9.555493e+09 
4088 0.000000e+00 0.000000e+00 9.555498e+09 
4089 0.000000e+00 0.000000e+00 9.555511e+09 
4090 0.000000e+00 0.000000e+00 9.555646e+09 
4091 0.000000e+00 0.000000e+00 9.555497e+09 
4092 0.000000e+00 0.000000e+00 9.555493e+09 
4093 0.000000e+00 0.000000e+00 9.555497e+09 
4094 0.000000e+00 0.000000e+00 9.555496e+09 
4095 0.000000e+00 0.000000e+00 9.555493e+09 
4096 0.000000e+00 0.000000e+00 9.555500e+09 
4097 0.000000e+00 0.000000e+00 9.555499e+09 
4098 0.000000e+00 0.000000e+00 9.555494e+09 
4099 0.000000e+00 0.000000e+00 9.555494e+09 
4100 0.000000e+00 0.000000e+00 9.555494e+09 
4101 0.000000e+00 0.000000e+00 9.555498e+09 
4102 0.000000e+00 0.000000e+00 9.555494e+09 
4103 0.000000e+00 0.000000e+00 9.555499e+09 
4104 0.000000e+00 0.000000e+00 9.555498e+09 
4105 0.000000e+00 0.000000e+00 9.555507e+09 
4106 0.000000e+00 0.000000e+00 9.555494e+09 
4107 0.000000e+00 0.000000e+00 9.555568e+09 
4108 0.000000e+00 0.000000e+00 9.555496e+09 
4109 0.000000e+00 0.000000e+00 9.555507e+09 
4110 0.000000e+00 0.000000e+00 9.555494e+09 
4111 0.000000e+00 0.000000e+00 9.555493e+09 
4112 0.000000e+00 0.000000e+00 9.555493e+09 
4113 0.000000e+00 0.000000e+00 9.555499e+09 
4114 0.000000e+00 0.000000e+00 9.555496e+09 
4115 0.000000e+00 0.000000e+00 9.555493e+09 
4116 0.000000e+00 0.000000e+00 9.555493e+09 
4117 0.000000e+00 0.000000e+00 9.555493e+09 
4118 0.000000e+00 0.000000e+00 9.555497e+09 
4119 0.000000e+00 0.000000e+00 9.555494e+09 
4120 0.000000e+00 0.000000e+00 9.555493e+09 
4121 0.000000e+00 0.000000e+00 9.555514e+09 
4122 0.000000e+00 0.000000e+00 9.555494e+09 
4123 0.000000e+00 0.000000e+00 9.555495e+09 
4124 0.000000e+00 0.000000e+00 9.555494e+09 
4125 0.000000e+00 0.000000e+00 9.555502e+09 
4126 0.000000e+00 0.000000e+00 9.555495e+09 
4127 0.000000e+00 0.000000e+00 9.555495e+09 
4128 0.000000e+00 0.000000e+00 9.555494e+09 
4129 0.000000e+00 0.000000e+00 9.555493e+09 
4130 0.000000e+00 0.000000e+00 9.555495e+09 
4131 0.000000e+00 0.000000e+00 9.555497e+09 
4132 0.000000e+00 0.000000e+00 9.555494e+09 
4133 0.000000e+00 0.000000e+00 9.555501e+09 
4134 0.000000e+00 0.000000e+00 9.555494e+09 
4135 0.000000e+00 0.000000e+00 9.555495e+09 
4136 0.000000e+00 0.000000e+00 9.555493e+09 
4137 0.000000e+00 0.000000e+00 9.555495e+09 
4138 0.000000e+00 0.000000e+00 9.555495e+09 
4139 0.000000e+00 0.000000e+00 9.555493e+09 
4140 0.000000e+00 0.000000e+00 9.555494e+09 
4141 0.000000e+00 0.000000e+00 9.555508e+09 
4142 0.000000e+00 0.000000e+00 9.555494e+09 
4143 0.000000e+00 0.000000e+00 9.555493e+09 
4144 0.000000e+00 0.000000e+00 9.555494e+09 
4145 0.000000e+00 0.000000e+00 9.555495e+09 
4146 0.000000e+00 0.000000e+00 9.555493e+09 
4147 0.000000e+00 0.000000e+00 9.555493e+09 
4148 0.000000e+00 0.000000e+00 9.555499e+09 
4149 0.000000e+00 0.000000e+00 9.555498e+09 
4150 0.000000e+00 0.000000e+00 9.555494e+09 
4151 0.000000e+00 0.000000e+00 9.555494e+09 
4152 0.000000e+00 0.000000e+00 9.555499e+09 
4153 0.000000e+00 0.000000e+00 9.555659e+09 
4154 0.000000e+00 0.000000e+00 9.555500e+09 
4155 0.000000e+00 0.000000e+00 9.555494e+09 
4156 0.000000e+00 0.000000e+00 9.555493e+09 
4157 0.000000e+00 0.000000e+00 9.555498e+09 
4158 0.000000e+00 0.000000e+00 9.555493e+09 
4159 0.000000e+00 0.000000e+00 9.555503e+09 
4160 0.000000e+00 0.000000e+00 9.555493e+09 
4161 0.000000e+00 0.000000e+00 9.555572e+09 
4162 0.000000e+00 0.000000e+00 9.555493e+09 
4163 0.000000e+00 0.000000e+00 9.555504e+09 
4164 0.000000e+00 0.000000e+00 9.555494e+09 
4165 0.000000e+00 0.000000e+00 9.555495e+09 
4166 0.000000e+00 0.000000e+00 9.555495e+09 
4167 0.000000e+00 0.000000e+00 9.555504e+09 
4168 0.000000e+00 0.000000e+00 9.555493e+09 
4169 0.000000e+00 0.000000e+00 9.555493e+09 
4170 0.000000e+00 0.000000e+00 9.555494e+09 
4171 0.000000e+00 0.000000e+00 9.555494e+09 
4172 0.000000e+00 0.000000e+00 9.555496e+09 
4173 0.000000e+00 0.000000e+00 9.555497e+09 
4174 0.000000e+00 0.000000e+00 9.555552e+09 
4175 0.000000e+00 0.000000e+00 9.555563e+09 
4176 0.000000e+00 0.000000e+00 9.555494e+09 
4177 0.000000e+00 0.000000e+00 9.555493e+09 
4178 0.000000e+00 0.000000e+00 9.555496e+09 
4179 0.000000e+00 0.000000e+00 9.555651e+09 
4180 0.000000e+00 0.000000e+00 9.555497e+09 
4181 0.000000e+00 0.000000e+00 9.555504e+09 
4182 0.000000e+00 0.000000e+00 9.555515e+09 
4183 0.000000e+00 0.000000e+00 9.555494e+09 
4184 0.000000e+00 0.000000e+00 9.555498e+09 
4185 0.000000e+00 0.000000e+00 9.555497e+09 
4186 0.000000e+00 0.000000e+00 9.555493e+09 
4187 0.000000e+00 0.000000e+00 9.555504e+09 
4188 0.000000e+00 0.000000e+00 9.555493e+09 
4189 0.000000e+00 0.000000e+00 9.555493e+09 
4190 0.000000e+00 0.000000e+00 9.555495e+09 
4191 0.000000e+00 0.000000e+00 9.555494e+09 
4192 0.000000e+00 0.000000e+00 9.555504e+09 
4193 0.000000e+00 0.000000e+00 9.555509e+09 
4194 0.000000e+00 0.000000e+00 9.555493e+09 
4195 0.000000e+00 0.000000e+00 9.555494e+09 
4196 0.000000e+00 0.000000e+00 9.555494e+09 
4197 0.000000e+00 0.000000e+00 9.555493e+09 
4198 0.000000e+00 0.000000e+00 9.555558e+09 
4199 0.000000e+00 0.000000e+00 9.555493e+09 
4200 0.000000e+00 0.000000e+00 9.555551e+09 
4201 0.000000e+00 0.000000e+00 9.555526e+09 
4202 0.000000e+00 0.000000e+00 9.555519e+09 
4203 0.000000e+00 0.000000e+00 9.555493e+09 
4204 0.000000e+00 0.000000e+00 9.555493e+09 
4205 0.000000e+00 0.000000e+00 9.555493e+09 
4206 0.000000e+00 0.000000e+00 9.555494e+09 
4207 0.000000e+00 0.000000e+00 9.555493e+09 
4208 0.000000e+00 0.000000e+00 9.555498e+09 
4209 0.000000e+00 0.000000e+00 9.555494e+09 
4210 0.000000e+00 0.000000e+00 9.555493e+09 
4211 0.000000e+00 0.000000e+00 9.555504e+09 
4212 0.000000e+00 0.000000e+00 9.555503e+09 
4213 0.000000e+00 0.000000e+00 9.555494e+09 
4214 0.000000e+00 0.000000e+00 9.555493e+09 
4215 0.000000e+00 0.000000e+00 9.555494e+09 
4216 0.000000e+00 0.000000e+00 9.555495e+09 
4217 0.000000e+00 0.000000e+00 9.555521e+09 
4218 0.000000e+00 0.000000e+00 9.555493e+09 
4219 0.000000e+00 0.000000e+00 9.555494e+09 
4220 0.000000e+00 0.000000e+00 9.555494e+09 
4221 0.000000e+00 0.000000e+00 9.555494e+09 
4222 0.000000e+00 0.000000e+00 9.555493e+09 
4223 0.000000e+00 0.000000e+00 9.555501e+09 
4224 0.000000e+00 0.000000e+00 9.555495e+09 
4225 0.000000e+00 0.000000e+00 9.555493e+09 
4226 0.000000e+00 0.000000e+00 9.555493e+09 
4227 0.000000e+00 0.000000e+00 9.555494e+09 
4228 0.000000e+00 0.000000e+00 9.555497e+09 
4229 0.000000e+00 0.000000e+00 9.555493e+09 
4230 0.000000e+00 0.000000e+00 9.555500e+09 
4231 0.000000e+00 0.000000e+00 9.555585e+09 
4232 0.000000e+00 0.000000e+00 9.555508e+09 
4233 0.000000e+00 0.000000e+00 9.555493e+09 
4234 0.000000e+00 0.000000e+00 9.555511e+09 
4235 0.000000e+00 0.000000e+00 9.555493e+09 
4236 0.000000e+00 0.000000e+00 9.555498e+09 
4237 0.000000e+00 0.000000e+00 9.555493e+09 
4238 0.000000e+00 0.000000e+00 9.555495e+09 
4239 0.000000e+00 0.000000e+00 9.555493e+09 
4240 0.000000e+00 0.000000e+00 9.555554e+09 
4241 0.000000e+00 0.000000e+00 9.555513e+09 
4242 0.000000e+00 0.000000e+00 9.555494e+09 
4243 0.000000e+00 0.000000e+00 9.555493e+09 
4244 0.000000e+00 0.000000e+00 9.555499e+09 
4245 0.000000e+00 0.000000e+00 9.555493e+09 
4246 0.000000e+00 0.000000e+00 9.555493e+09 
4247 0.000000e+00 0.000000e+00 9.555493e+09 
4248 0.000000e+00 0.000000e+00 9.555497e+09 
4249 0.000000e+00 0.000000e+00 9.555514e+09 
4250 0.000000e+00 0.000000e+00 9.555493e+09 
4251 0.000000e+00 0.000000e+00 9.555497e+09 
4252 0.000000e+00 0.000000e+00 9.555508e+09 
4253 0.000000e+00 0.000000e+00 9.555495e+09 
4254 0.000000e+00 0.000000e+00 9.556259e+09 
4255 0.000000e+00 0.000000e+00 9.555495e+09 
4256 0.000000e+00 0.000000e+00 9.555496e+09 
4257 0.000000e+00 0.000000e+00 9.555494e+09 
4258 0.000000e+00 0.000000e+00 9.555494e+09 
4259 0.000000e+00 0.000000e+00 9.555493e+09 
4260 0.000000e+00 0.000000e+00 9.555505e+09 
4261 0.000000e+00 0.000000e+00 9.555503e+09 
4262 0.000000e+00 0.000000e+00 9.555564e+09 
4263 0.000000e+00 0.000000e+00 9.555493e+09 
4264 0.000000e+00 0.000000e+00 9.555494e+09 
4265 0.000000e+00 0.000000e+00 9.555493e+09 
4266 0.000000e+00 0.000000e+00 9.555493e+09 
4267 0.000000e+00 0.000000e+00 9.555494e+09 
4268 0.000000e+00 0.000000e+00 9.555520e+09 
4269 0.000000e+00 0.000000e+00 9.555494e+09 
4270 0.000000e+00 0.000000e+00 9.555493e+09 
4271 0.000000e+00 0.000000e+00 9.555493e+09 
4272 0.000000e+00 0.000000e+00 9.555495e+09 
4273 0.000000e+00 0.000000e+00 9.555497e+09 
4274 0.000000e+00 0.000000e+00 9.555500e+09 
4275 0.000000e+00 0.000000e+00 9.555495e+09 
4276 0.000000e+00 0.000000e+00 9.555493e+09 
4277 0.000000e+00 0.000000e+00 9.555496e+09 
4278 0.000000e+00 0.000000e+00 9.555499e+09 
4279 0.000000e+00 0.000000e+00 9.555494e+09 
4280 0.000000e+00 0.000000e+00 9.555506e+09 
4281 0.000000e+00 0.000000e+00 9.555495e+09 
4282 0.000000e+00 0.000000e+00 9.555495e+09 
4283 0.000000e+00 0.000000e+00 9.555494e+09 
4284 0.000000e+00 0.000000e+00 9.555496e+09 
4285 0.000000e+00 0.000000e+00 9.555493e+09 
4286 0.000000e+00 0.000000e+00 9.555493e+09 
4287 0.000000e+00 0.000000e+00 9.555496e+09 
4288 0.000000e+00 0.000000e+00 9.555495e+09 
4289 0.000000e+00 0.000000e+00 9.555493e+09 
4290 0.000000e+00 0.000000e+00 9.555507e+09 
4291 0.000000e+00 0.000000e+00 9.555497e+09 
4292 0.000000e+00 0.000000e+00 9.555493e+09 
4293 0.000000e+00 0.000000e+00 9.555493e+09 
4294 0.000000e+00 0.000000e+00 9.555494e+09 
4295 0.000000e+00 0.000000e+00 9.555509e+09 
4296 0.000000e+00 0.000000e+00 9.555495e+09 
4297 0.000000e+00 0.000000e+00 9.555493e+09 
4298 0.000000e+00 0.000000e+00 9.555495e+09 
4299 0.000000e+00 0.000000e+00 9.555496e+09 
4300 0.000000e+00 0.000000e+00 9.555497e+09 
4301 0.000000e+00 0.000000e+00 9.555499e+09 
4302 0.000000e+00 0.000000e+00 9.555503e+09 
4303 0.000000e+00 0.000000e+00 9.555494e+09 
4304 0.000000e+00 0.000000e+00 9.555502e+09 
4305 0.000000e+00 0.000000e+00 9.555495e+09 
4306 0.000000e+00 0.000000e+00 9.555504e+09 
4307 0.000000e+00 0.000000e+00 9.555494e+09 
4308 0.000000e+00 0.000000e+00 9.555495e+09 
4309 0.000000e+00 0.000000e+00 9.555494e+09 
4310 0.000000e+00 0.000000e+00 9.555493e+09 
4311 0.000000e+00 0.000000e+00 9.555493e+09 
4312 0.000000e+00 0.000000e+00 9.555498e+09 
4313 0.000000e+00 0.000000e+00 9.555493e+09 
4314 0.000000e+00 0.000000e+00 9.555706e+09 
4315 0.000000e+00 0.000000e+00 9.555495e+09 
4316 0.000000e+00 0.000000e+00 9.555495e+09 
4317 0.000000e+00 0.000000e+00 9.555496e+09 
4318 0.000000e+00 0.000000e+00 9.555493e+09 
4319 0.000000e+00 0.000000e+00 9.555496e+09 
4320 0.000000e+00 0.000000e+00 9.555503e+09 
4321 0.000000e+00 0.000000e+00 9.555493e+09 
4322 0.000000e+00 0.000000e+00 9.555494e+09 
4323 0.000000e+00 0.000000e+00 9.555493e+09 
4324 0.000000e+00 0.000000e+00 9.555493e+09 
4325 0.000000e+00 0.000000e+00 9.555516e+09 
4326 0.000000e+00 0.000000e+00 9.555494e+09 
4327 0.000000e+00 0.000000e+00 9.555493e+09 
4328 0.000000e+00 0.000000e+00 9.555500e+09 
4329 0.000000e+00 0.000000e+00 9.555500e+09 
4330 0.000000e+00 0.000000e+00 9.555495e+09 
4331 0.000000e+00 0.000000e+00 9.555493e+09 
4332 0.000000e+00 0.000000e+00 9.555494e+09 
4333 0.000000e+00 0.000000e+00 9.555496e+09 
4334 0.000000e+00 0.000000e+00 9.555661e+09 
4335 0.000000e+00 0.000000e+00 9.555495e+09 
4336 0.000000e+00 0.000000e+00 9.555495e+09 
4337 0.000000e+00 0.000000e+00 9.555494e+09 
4338 0.000000e+00 0.000000e+00 9.555493e+09 
4339 0.000000e+00 0.000000e+00 9.555499e+09 
4340 0.000000e+00 0.000000e+00 9.555494e+09 
4341 0.000000e+00 0.000000e+00 9.555493e+09 
4342 0.000000e+00 0.000000e+00 9.555496e+09 
4343 0.000000e+00 0.000000e+00 9.555493e+09 
4344 0.000000e+00 0.000000e+00 9.555498e+09 
4345 0.000000e+00 0.000000e+00 9.555494e+09 
4346 0.000000e+00 0.000000e+00 9.555498e+09 
4347 0.000000e+00 0.000000e+00 9.555494e+09 
4348 0.000000e+00 0.000000e+00 9.555495e+09 
4349 0.000000e+00 0.000000e+00 9.555493e+09 
4350 0.000000e+00 0.000000e+00 9.555493e+09 
4351 0.000000e+00 0.000000e+00 9.555500e+09 
4352 0.000000e+00 0.000000e+00 9.555495e+09 
4353 0.000000e+00 0.000000e+00 9.555493e+09 
4354 0.000000e+00 0.000000e+00 9.555508e+09 
4355 0.000000e+00 0.000000e+00 9.555493e+09 
4356 0.000000e+00 0.000000e+00 9.555494e+09 
4357 0.000000e+00 0.000000e+00 9.555561e+09 
4358 0.000000e+00 0.000000e+00 9.555507e+09 
4359 0.000000e+00 0.000000e+00 9.555495e+09 
4360 0.000000e+00 0.000000e+00 9.555567e+09 
4361 0.000000e+00 0.000000e+00 9.555506e+09 
4362 0.000000e+00 0.000000e+00 9.555493e+09 
4363 0.000000e+00 0.000000e+00 9.555496e+09 
4364 0.000000e+00 0.000000e+00 9.555502e+09 
4365 0.000000e+00 0.000000e+00 9.555493e+09 
4366 0.000000e+00 0.000000e+00 9.555494e+09 
4367 0.000000e+00 0.000000e+00 9.555593e+09 
4368 0.000000e+00 0.000000e+00 9.555966e+09 
4369 0.000000e+00 0.000000e+00 9.555502e+09 
4370 0.000000e+00 0.000000e+00 9.555494e+09 
4371 0.000000e+00 0.000000e+00 9.555494e+09 
4372 0.000000e+00 0.000000e+00 9.555493e+09 
4373 0.000000e+00 0.000000e+00 9.555509e+09 
4374 0.000000e+00 0.000000e+00 9.555495e+09 
4375 0.000000e+00 0.000000e+00 9.555494e+09 
4376 0.000000e+00 0.000000e+00 9.555493e+09 
4377 0.000000e+00 0.000000e+00 9.555494e+09 
4378 0.000000e+00 0.000000e+00 9.555501e+09 
4379 0.000000e+00 0.000000e+00 9.555493e+09 
4380 0.000000e+00 0.000000e+00 9.555493e+09 
4381 0.000000e+00 0.000000e+00 9.555493e+09 
4382 0.000000e+00 0.000000e+00 9.555493e+09 
4383 0.000000e+00 0.000000e+00 9.555512e+09 
4384 0.000000e+00 0.000000e+00 9.555734e+09 
4385 0.000000e+00 0.000000e+00 9.555508e+09 
4386 0.000000e+00 0.000000e+00 9.555546e+09 
4387 0.000000e+00 0.000000e+00 9.555497e+09 
4388 0.000000e+00 0.000000e+00 9.555495e+09 
4389 0.000000e+00 0.000000e+00 9.555494e+09 
4390 0.000000e+00 0.000000e+00 9.555493e+09 
4391 0.000000e+00 0.000000e+00 9.555503e+09 
4392 0.000000e+00 0.000000e+00 9.555501e+09 
4393 0.000000e+00 0.000000e+00 9.555493e+09 
4394 0.000000e+00 0.000000e+00 9.555494e+09 
4395 0.000000e+00 0.000000e+00 9.555493e+09 
4396 0.000000e+00 0.000000e+00 9.555503e+09 
4397 0.000000e+00 0.000000e+00 9.555724e+09 
4398 0.000000e+00 0.000000e+00 9.555515e+09 
4399 0.000000e+00 0.000000e+00 9.555495e+09 
4400 0.000000e+00 0.000000e+00 9.555536e+09 
4401 0.000000e+00 0.000000e+00 9.555497e+09 
4402 0.000000e+00 0.000000e+00 9.555494e+09 
4403 0.000000e+00 0.000000e+00 9.555496e+09 
4404 0.000000e+00 0.000000e+00 9.555611e+09 
4405 0.000000e+00 0.000000e+00 9.555494e+09 
4406 0.000000e+00 0.000000e+00 9.555494e+09 
4407 0.000000e+00 0.000000e+00 9.555500e+09 
4408 0.000000e+00 0.000000e+00 9.555580e+09 
4409 0.000000e+00 0.000000e+00 9.555493e+09 
4410 0.000000e+00 0.000000e+00 9.555493e+09 
4411 0.000000e+00 0.000000e+00 9.555499e+09 
4412 0.000000e+00 0.000000e+00 9.555494e+09 
4413 0.000000e+00 0.000000e+00 9.555493e+09 
4414 0.000000e+00 0.000000e+00 9.555495e+09 
4415 0.000000e+00 0.000000e+00 9.555494e+09 
4416 0.000000e+00 0.000000e+00 9.555496e+09 
4417 0.000000e+00 0.000000e+00 9.555497e+09 
4418 0.000000e+00 0.000000e+00 9.555493e+09 
4419 0.000000e+00 0.000000e+00 9.555496e+09 
4420 0.000000e+00 0.000000e+00 9.555494e+09 
4421 0.000000e+00 0.000000e+00 9.555493e+09 
4422 0.000000e+00 0.000000e+00 9.555495e+09 
4423 0.000000e+00 0.000000e+00 9.555494e+09 
4424 0.000000e+00 0.000000e+00 9.555493e+09 
4425 0.000000e+00 0.000000e+00 9.555493e+09 
4426 0.000000e+00 0.000000e+00 9.555495e+09 
4427 0.000000e+00 0.000000e+00 9.555493e+09 
4428 0.000000e+00 0.000000e+00 9.555496e+09 
4429 0.000000e+00 0.000000e+00 9.555498e+09 
4430 0.000000e+00 0.000000e+00 9.555494e+09 
4431 0.000000e+00 0.000000e+00 9.555493e+09 
4432 0.000000e+00 0.000000e+00 9.555493e+09 
4433 0.000000e+00 0.000000e+00 9.555493e+09 
4434 0.000000e+00 0.000000e+00 9.555495e+09 
4435 0.000000e+00 0.000000e+00 9.555574e+09 
4436 0.000000e+00 0.000000e+00 9.555502e+09 
4437 0.000000e+00 0.000000e+00 9.555498e+09 
4438 0.000000e+00 0.000000e+00 9.555493e+09 
4439 0.000000e+00 0.000000e+00 9.555509e+09 
4440 0.000000e+00 0.000000e+00 9.555493e+09 
4441 0.000000e+00 0.000000e+00 9.555495e+09 
4442 0.000000e+00 0.000000e+00 9.555493e+09 
4443 0.000000e+00 0.000000e+00 9.555498e+09 
4444 0.000000e+00 0.000000e+00 9.555493e+09 
4445 0.000000e+00 0.000000e+00 9.555496e+09 
4446 0.000000e+00 0.000000e+00 9.555493e+09 
4447 0.000000e+00 0.000000e+00 9.555494e+09 
4448 0.000000e+00 0.000000e+00 9.555494e+09 
4449 0.000000e+00 0.000000e+00 9.555496e+09 
4450 0.000000e+00 0.000000e+00 9.555493e+09 
4451 0.000000e+00 0.000000e+00 9.555497e+09 
4452 0.000000e+00 0.000000e+00 9.555497e+09 
4453 0.000000e+00 0.000000e+00 9.555493e+09 
4454 0.000000e+00 0.000000e+00 9.555494e+09 
4455 0.000000e+00 0.000000e+00 9.555497e+09 
4456 0.000000e+00 0.000000e+00 9.555494e+09 
4457 0.000000e+00 0.000000e+00 9.555495e+09 
4458 0.000000e+00 0.000000e+00 9.555493e+09 
4459 0.000000e+00 0.000000e+00 9.555497e+09 
4460 0.000000e+00 0.000000e+00 9.555514e+09 
4461 0.000000e+00 0.000000e+00 9.555493e+09 
4462 0.000000e+00 0.000000e+00 9.555501e+09 
4463 0.000000e+00 0.000000e+00 9.555500e+09 
4464 0.000000e+00 0.000000e+00 9.555493e+09 
4465 0.000000e+00 0.000000e+00 9.555497e+09 
4466 0.000000e+00 0.000000e+00 9.555494e+09 
4467 0.000000e+00 0.000000e+00 9.555497e+09 
4468 0.000000e+00 0.000000e+00 9.555498e+09 
4469 0.000000e+00 0.000000e+00 9.555494e+09 
4470 0.000000e+00 0.000000e+00 9.555499e+09 
4471 0.000000e+00 0.000000e+00 9.555494e+09 
4472 0.000000e+00 0.000000e+00 9.555494e+09 
4473 0.000000e+00 0.000000e+00 9.555497e+09 
4474 0.000000e+00 0.000000e+00 9.555495e+09 
4475 0.000000e+00 0.000000e+00 9.555496e+09 
4476 0.000000e+00 0.000000e+00 9.555494e+09 
4477 0.000000e+00 0.000000e+00 9.555494e+09 
4478 0.000000e+00 0.000000e+00 9.555493e+09 
4479 0.000000e+00 0.000000e+00 9.555607e+09 
4480 0.000000e+00 0.000000e+00 9.555493e+09 
4481 0.000000e+00 0.000000e+00 9.555496e+09 
4482 0.000000e+00 0.000000e+00 9.555500e+09 
4483 0.000000e+00 0.000000e+00 9.555496e+09 
4484 0.000000e+00 0.000000e+00 9.555493e+09 
4485 0.000000e+00 0.000000e+00 9.555501e+09 
4486 0.000000e+00 0.000000e+00 9.556226e+09 
4487 0.000000e+00 0.000000e+00 9.555514e+09 
4488 0.000000e+00 0.000000e+00 9.555495e+09 
4489 0.000000e+00 0.000000e+00 9.555497e+09 
4490 0.000000e+00 0.000000e+00 9.555493e+09 
4491 0.000000e+00 0.000000e+00 9.555725e+09 
4492 0.000000e+00 0.000000e+00 9.555511e+09 
4493 0.000000e+00 0.000000e+00 9.555494e+09 
4494 0.000000e+00 0.000000e+00 9.555500e+09 
4495 0.000000e+00 0.000000e+00 9.555525e+09 
4496 0.000000e+00 0.000000e+00 9.555496e+09 
4497 0.000000e+00 0.000000e+00 9.555493e+09 
4498 0.000000e+00 0.000000e+00 9.555502e+09 
4499 0.000000e+00 0.000000e+00 9.555498e+09 
4500 0.000000e+00 0.000000e+00 9.555502e+09 
4501 0.000000e+00 0.000000e+00 9.555506e+09 
4502 0.000000e+00 0.000000e+00 9.555498e+09 
4503 0.000000e+00 0.000000e+00 9.555505e+09 
4504 0.000000e+00 0.000000e+00 9.555499e+09 
4505 0.000000e+00 0.000000e+00 9.555498e+09 
4506 0.000000e+00 0.000000e+00 9.555493e+09 
4507 0.000000e+00 0.000000e+00 9.555496e+09 
4508 0.000000e+00 0.000000e+00 9.555498e+09 
4509 0.000000e+00 0.000000e+00 9.555493e+09 
4510 0.000000e+00 0.000000e+00 9.555520e+09 
4511 0.000000e+00 0.000000e+00 9.555499e+09 
4512 0.000000e+00 0.000000e+00 9.555493e+09 
4513 0.000000e+00 0.000000e+00 9.555494e+09 
4514 0.000000e+00 0.000000e+00 9.555514e+09 
4515 0.000000e+00 0.000000e+00 9.555524e+09 
4516 0.000000e+00 0.000000e+00 9.555495e+09 
4517 0.000000e+00 0.000000e+00 9.555496e+09 
4518 0.000000e+00 0.000000e+00 9.555495e+09 
4519 0.000000e+00 0.000000e+00 9.555493e+09 
4520 0.000000e+00 0.000000e+00 9.555497e+09 
4521 0.000000e+00 0.000000e+00 9.555505e+09 
4522 0.000000e+00 0.000000e+00 9.555495e+09 
4523 0.000000e+00 0.000000e+00 9.555514e+09 
4524 0.000000e+00 0.000000e+00 9.555495e+09 
4525 0.000000e+00 0.000000e+00 9.555499e+09 
4526 0.000000e+00 0.000000e+00 9.555493e+09 
4527 0.000000e+00 0.000000e+00 9.555497e+09 
4528 0.000000e+00 0.000000e+00 9.555497e+09 
4529 0.000000e+00 0.000000e+00 9.555502e+09 
4530 0.000000e+00 0.000000e+00 9.555493e+09 
4531 0.000000e+00 0.000000e+00 9.555494e+09 
4532 0.000000e+00 0.000000e+00 9.555494e+09 
4533 0.000000e+00 0.000000e+00 9.555495e+09 
4534 0.000000e+00 0.000000e+00 9.555498e+09 
4535 0.000000e+00 0.000000e+00 9.555500e+09 
4536 0.000000e+00 0.000000e+00 9.555514e+09 
4537 0.000000e+00 0.000000e+00 9.555496e+09 
4538 0.000000e+00 0.000000e+00 9.555493e+09 
4539 0.000000e+00 0.000000e+00 9.555494e+09 
4540 0.000000e+00 0.000000e+00 9.555553e+09 
4541 0.000000e+00 0.000000e+00 9.555503e+09 
4542 0.000000e+00 0.000000e+00 9.555496e+09 
4543 0.000000e+00 0.000000e+00 9.555493e+09 
4544 0.000000e+00 0.000000e+00 9.555494e+09 
4545 0.000000e+00 0.000000e+00 9.555493e+09 
4546 0.000000e+00 0.000000e+00 9.555501e+09 
4547 0.000000e+00 0.000000e+00 9.555493e+09 
4548 0.000000e+00 0.000000e+00 9.555493e+09 
4549 0.000000e+00 0.000000e+00 9.555493e+09 
4550 0.000000e+00 0.000000e+00 9.555495e+09 
4551 0.000000e+00 0.000000e+00 9.555493e+09 
4552 0.000000e+00 0.000000e+00 9.555508e+09 
4553 0.000000e+00 0.000000e+00 9.555499e+09 
4554 0.000000e+00 0.000000e+00 9.555494e+09 
4555 0.000000e+00 0.000000e+00 9.555496e+09 
4556 0.000000e+00 0.000000e+00 9.555499e+09 
4557 0.000000e+00 0.000000e+00 9.555493e+09 
4558 0.000000e+00 0.000000e+00 9.555497e+09 
4559 0.000000e+00 0.000000e+00 9.555514e+09 
4560 0.000000e+00 0.000000e+00 9.555522e+09 
4561 0.000000e+00 0.000000e+00 9.555493e+09 
4562 0.000000e+00 0.000000e+00 9.555500e+09 
4563 0.000000e+00 0.000000e+00 9.555494e+09 
4564 0.000000e+00 0.000000e+00 9.555498e+09 
4565 0.000000e+00 0.000000e+00 9.555498e+09 
4566 0.000000e+00 0.000000e+00 9.555494e+09 
4567 0.000000e+00 0.000000e+00 9.555494e+09 
4568 0.000000e+00 0.000000e+00 9.555494e+09 
4569 0.000000e+00 0.000000e+00 9.555494e+09 
4570 0.000000e+00 0.000000e+00 9.555497e+09 
4571 0.000000e+00 0.000000e+00 9.555494e+09 
4572 0.000000e+00 0.000000e+00 9.555493e+09 
4573 0.000000e+00 0.000000e+00 9.555494e+09 
4574 0.000000e+00 0.000000e+00 9.555513e+09 
4575 0.000000e+00 0.000000e+00 9.555507e+09 
4576 0.000000e+00 0.000000e+00 9.555553e+09 
4577 0.000000e+00 0.000000e+00 9.555495e+09 
4578 0.000000e+00 0.000000e+00 9.555493e+09 
4579 0.000000e+00 0.000000e+00 9.555501e+09 
4580 0.000000e+00 0.000000e+00 9.555493e+09 
4581 0.000000e+00 0.000000e+00 9.555497e+09 
4582 0.000000e+00 0.000000e+00 9.555498e+09 
4583 0.000000e+00 0.000000e+00 9.555493e+09 
4584 0.000000e+00 0.000000e+00 9.555495e+09 
4585 0.000000e+00 0.000000e+00 9.555524e+09 
4586 0.000000e+00 0.000000e+00 9.555598e+09 
4587 0.000000e+00 0.000000e+00 9.555507e+09 
4588 0.000000e+00 0.000000e+00 9.555494e+09 
4589 0.000000e+00 0.000000e+00 9.555499e+09 
4590 0.000000e+00 0.000000e+00 9.555493e+09 
4591 0.000000e+00 0.000000e+00 9.555497e+09 
4592 0.000000e+00 0.000000e+00 9.555493e+09 
4593 0.000000e+00 0.000000e+00 9.555493e+09 
4594 0.000000e+00 0.000000e+00 9.555506e+09 
4595 0.000000e+00 0.000000e+00 9.555494e+09 
4596 0.000000e+00 0.000000e+00 9.555579e+09 
4597 0.000000e+00 0.000000e+00 9.555493e+09 
4598 0.000000e+00 0.000000e+00 9.555496e+09 
4599 0.000000e+00 0.000000e+00 9.555493e+09 
4600 0.000000e+00 0.000000e+00 9.555496e+09 
4601 0.000000e+00 0.000000e+00 9.555496e+09 
4602 0.000000e+00 0.000000e+00 9.555493e+09 
4603 0.000000e+00 0.000000e+00 9.555496e+09 
4604 0.000000e+00 0.000000e+00 9.555498e+09 
4605 0.000000e+00 0.000000e+00 9.555500e+09 
4606 0.000000e+00 0.000000e+00 9.555516e+09 
4607 0.000000e+00 0.000000e+00 9.555496e+09 
4608 0.000000e+00 0.000000e+00 9.556544e+09 
4609 0.000000e+00 0.000000e+00 9.555493e+09 
4610 0.000000e+00 0.000000e+00 9.555659e+09 
4611 0.000000e+00 0.000000e+00 9.555495e+09 
4612 0.000000e+00 0.000000e+00 9.555643e+09 
4613 0.000000e+00 0.000000e+00 9.555495e+09 
4614 0.000000e+00 0.000000e+00 9.555493e+09 
4615 0.000000e+00 0.000000e+00 9.555494e+09 
4616 0.000000e+00 0.000000e+00 9.555494e+09 
4617 0.000000e+00 0.000000e+00 9.555494e+09 
4618 0.000000e+00 0.000000e+00 9.555494e+09 
4619 0.000000e+00 0.000000e+00 9.555494e+09 
4620 0.000000e+00 0.000000e+00 9.555502e+09 
4621 0.000000e+00 0.000000e+00 9.555496e+09 
4622 0.000000e+00 0.000000e+00 9.555527e+09 
4623 0.000000e+00 0.000000e+00 9.555508e+09 
4624 0.000000e+00 0.000000e+00 9.555493e+09 
4625 0.000000e+00 0.000000e+00 9.555504e+09 
4626 0.000000e+00 0.000000e+00 9.555493e+09 
4627 0.000000e+00 0.000000e+00 9.555493e+09 
4628 0.000000e+00 0.000000e+00 9.555493e+09 
4629 0.000000e+00 0.000000e+00 9.555500e+09 
4630 0.000000e+00 0.000000e+00 9.555495e+09 
4631 0.000000e+00 0.000000e+00 9.555494e+09 
4632 0.000000e+00 0.000000e+00 9.555508e+09 
4633 0.000000e+00 0.000000e+00 9.555495e+09 
4634 0.000000e+00 0.000000e+00 9.555496e+09 
4635 0.000000e+00 0.000000e+00 9.555493e+09 
4636 0.000000e+00 0.000000e+00 9.555493e+09 
4637 0.000000e+00 0.000000e+00 9.555493e+09 
4638 0.000000e+00 0.000000e+00 9.555498e+09 
4639 0.000000e+00 0.000000e+00 9.555503e+09 
4640 0.000000e+00 0.000000e+00 9.555502e+09 
4641 0.000000e+00 0.000000e+00 9.555504e+09 
4642 0.000000e+00 0.000000e+00 9.555524e+09 
4643 0.000000e+00 0.000000e+00 9.555514e+09 
4644 0.000000e+00 0.000000e+00 9.555494e+09 
4645 0.000000e+00 0.000000e+00 9.555494e+09 
4646 0.000000e+00 0.000000e+00 9.555493e+09 
4647 0.000000e+00 0.000000e+00 9.555495e+09 
4648 0.000000e+00 0.000000e+00 9.555498e+09 
4649 0.000000e+00 0.000000e+00 9.555494e+09 
4650 0.000000e+00 0.000000e+00 9.555493e+09 
4651 0.000000e+00 0.000000e+00 9.555501e+09 
4652 0.000000e+00 0.000000e+00 9.555497e+09 
4653 0.000000e+00 0.000000e+00 9.555537e+09 
4654 0.000000e+00 0.000000e+00 9.555493e+09 
4655 0.000000e+00 0.000000e+00 9.555508e+09 
4656 0.000000e+00 0.000000e+00 9.555494e+09 
4657 0.000000e+00 0.000000e+00 9.555502e+09 
4658 0.000000e+00 0.000000e+00 9.555494e+09 
4659 0.000000e+00 0.000000e+00 9.555536e+09 
4660 0.000000e+00 0.000000e+00 9.555499e+09 
4661 0.000000e+00 0.000000e+00 9.555493e+09 
4662 0.000000e+00 0.000000e+00 9.555493e+09 
4663 0.000000e+00 0.000000e+00 9.555508e+09 
4664 0.000000e+00 0.000000e+00 9.555495e+09 
4665 0.000000e+00 0.000000e+00 9.555499e+09 
4666 0.000000e+00 0.000000e+00 9.555501e+09 
4667 0.000000e+00 0.000000e+00 9.555494e+09 
4668 0.000000e+00 0.000000e+00 9.555495e+09 
4669 0.000000e+00 0.000000e+00 9.555493e+09 
4670 0.000000e+00 0.000000e+00 9.555498e+09 
4671 0.000000e+00 0.000000e+00 9.555493e+09 
4672 0.000000e+00 0.000000e+00 9.555493e+09 
4673 0.000000e+00 0.000000e+00 9.555493e+09 
4674 0.000000e+00 0.000000e+00 9.555493e+09 
4675 0.000000e+00 0.000000e+00 9.555507e+09 
4676 0.000000e+00 0.000000e+00 9.555493e+09 
4677 0.000000e+00 0.000000e+00 9.555669e+09 
4678 0.000000e+00 0.000000e+00 9.555523e+09 
4679 0.000000e+00 0.000000e+00 9.555499e+09 
4680 0.000000e+00 0.000000e+00 9.555496e+09 
4681 0.000000e+00 0.000000e+00 9.555500e+09 
4682 0.000000e+00 0.000000e+00 9.555494e+09 
4683 0.000000e+00 0.000000e+00 9.555607e+09 
4684 0.000000e+00 0.000000e+00 9.555495e+09 
4685 0.000000e+00 0.000000e+00 9.555493e+09 
4686 0.000000e+00 0.000000e+00 9.555493e+09 
4687 0.000000e+00 0.000000e+00 9.555499e+09 
4688 0.000000e+00 0.000000e+00 9.555494e+09 
4689 0.000000e+00 0.000000e+00 9.555553e+09 
4690 0.000000e+00 0.000000e+00 9.555494e+09 
4691 0.000000e+00 0.000000e+00 9.555554e+09 
4692 0.000000e+00 0.000000e+00 9.555493e+09 
4693 0.000000e+00 0.000000e+00 9.555495e+09 
4694 0.000000e+00 0.000000e+00 9.555495e+09 
4695 0.000000e+00 0.000000e+00 9.555500e+09 
4696 0.000000e+00 0.000000e+00 9.555494e+09 
4697 0.000000e+00 0.000000e+00 9.555494e+09 
4698 0.000000e+00 0.000000e+00 9.555499e+09 
4699 0.000000e+00 0.000000e+00 9.555493e+09 
4700 0.000000e+00 0.000000e+00 9.555494e+09 
4701 0.000000e+00 0.000000e+00 9.555494e+09 
4702 0.000000e+00 0.000000e+00 9.555495e+09 
4703 0.000000e+00 0.000000e+00 9.555493e+09 
4704 0.000000e+00 0.000000e+00 9.555494e+09 
4705 0.000000e+00 0.000000e+00 9.555504e+09 
4706 0.000000e+00 0.000000e+00 9.555493e+09 
4707 0.000000e+00 0.000000e+00 9.555503e+09 
4708 0.000000e+00 0.000000e+00 9.555493e+09 
4709 0.000000e+00 0.000000e+00 9.555494e+09 
4710 0.000000e+00 0.000000e+00 9.555498e+09 
4711 0.000000e+00 0.000000e+00 9.555496e+09 
4712 0.000000e+00 0.000000e+00 9.555496e+09 
4713 0.000000e+00 0.000000e+00 9.555493e+09 
4714 0.000000e+00 0.000000e+00 9.555496e+09 
4715 0.000000e+00 0.000000e+00 9.555494e+09 
4716 0.000000e+00 0.000000e+00 9.555493e+09 
4717 0.000000e+00 0.000000e+00 9.555505e+09 
4718 0.000000e+00 0.000000e+00 9.555493e+09 
4719 0.000000e+00 0.000000e+00 9.555493e+09 
4720 0.000000e+00 0.000000e+00 9.555495e+09 
4721 0.000000e+00 0.000000e+00 9.555493e+09 
4722 0.000000e+00 0.000000e+00 9.555516e+09 
4723 0.000000e+00 0.000000e+00 9.555494e+09 
4724 0.000000e+00 0.000000e+00 9.555495e+09 
4725 0.000000e+00 0.000000e+00 9.555493e+09 
4726 0.000000e+00 0.000000e+00 9.555539e+09 
4727 0.000000e+00 0.000000e+00 9.555495e+09 
4728 0.000000e+00 0.000000e+00 9.555511e+09 
4729 0.000000e+00 0.000000e+00 9.555525e+09 
4730 0.000000e+00 0.000000e+00 9.555494e+09 
4731 0.000000e+00 0.000000e+00 9.555494e+09 
4732 0.000000e+00 0.000000e+00 9.555638e+09 
4733 0.000000e+00 0.000000e+00 9.555493e+09 
4734 0.000000e+00 0.000000e+00 9.555494e+09 
4735 0.000000e+00 0.000000e+00 9.555493e+09 
4736 0.000000e+00 0.000000e+00 9.555494e+09 
4737 0.000000e+00 0.000000e+00 9.555498e+09 
4738 0.000000e+00 0.000000e+00 9.555611e+09 
4739 0.000000e+00 0.000000e+00 9.555507e+09 
4740 0.000000e+00 0.000000e+00 9.555497e+09 
4741 0.000000e+00 0.000000e+00 9.555495e+09 
4742 0.000000e+00 0.000000e+00 9.555497e+09 
4743 0.000000e+00 0.000000e+00 9.555495e+09 
4744 0.000000e+00 0.000000e+00 9.555497e+09 
4745 0.000000e+00 0.000000e+00 9.555496e+09 
4746 0.000000e+00 0.000000e+00 9.555493e+09 
4747 0.000000e+00 0.000000e+00 9.555494e+09 
4748 0.000000e+00 0.000000e+00 9.555495e+09 
4749 0.000000e+00 0.000000e+00 9.555496e+09 
4750 0.000000e+00 0.000000e+00 9.555500e+09 
4751 0.000000e+00 0.000000e+00 9.555493e+09 
4752 0.000000e+00 0.000000e+00 9.555493e+09 
4753 0.000000e+00 0.000000e+00 9.555493e+09 
4754 0.000000e+00 0.000000e+00 9.555550e+09 
4755 0.000000e+00 0.000000e+00 9.555495e+09 
4756 0.000000e+00 0.000000e+00 9.555495e+09 
4757 0.000000e+00 0.000000e+00 9.555493e+09 
4758 0.000000e+00 0.000000e+00 9.555495e+09 
4759 0.000000e+00 0.000000e+00 9.555515e+09 
4760 0.000000e+00 0.000000e+00 9.561778e+09 
4761 0.000000e+00 0.000000e+00 9.555521e+09 
4762 0.000000e+00 0.000000e+00 9.555500e+09 
4763 0.000000e+00 0.000000e+00 9.555498e+09 
4764 0.000000e+00 0.000000e+00 9.555494e+09 
4765 0.000000e+00 0.000000e+00 9.555499e+09 
4766 0.000000e+00 0.000000e+00 9.556020e+09 
4767 0.000000e+00 0.000000e+00 9.555495e+09 
4768 0.000000e+00 0.000000e+00 9.555493e+09 
4769 0.000000e+00 0.000000e+00 9.555493e+09 
4770 0.000000e+00 0.000000e+00 9.555493e+09 
4771 0.000000e+00 0.000000e+00 9.555494e+09 
4772 0.000000e+00 0.000000e+00 9.555493e+09 
4773 0.000000e+00 0.000000e+00 9.555494e+09 
4774 0.000000e+00 0.000000e+00 9.555502e+09 
4775 0.000000e+00 0.000000e+00 9.555493e+09 
4776 0.000000e+00 0.000000e+00 9.555496e+09 
4777 0.000000e+00 0.000000e+00 9.555496e+09 
4778 0.000000e+00 0.000000e+00 9.555498e+09 
4779 0.000000e+00 0.000000e+00 9.555494e+09 
4780 0.000000e+00 0.000000e+00 9.555496e+09 
4781 0.000000e+00 0.000000e+00 9.555493e+09 
4782 0.000000e+00 0.000000e+00 9.555493e+09 
4783 0.000000e+00 0.000000e+00 9.555495e+09 
4784 0.000000e+00 0.000000e+00 9.555494e+09 
4785 0.000000e+00 0.000000e+00 9.555494e+09 
4786 0.000000e+00 0.000000e+00 9.555494e+09 
4787 0.000000e+00 0.000000e+00 9.555494e+09 
4788 0.000000e+00 0.000000e+00 9.555493e+09 
4789 0.000000e+00 0.000000e+00 9.555493e+09 
4790 0.000000e+00 0.000000e+00 9.555493e+09 
4791 0.000000e+00 0.000000e+00 9.555495e+09 
4792 0.000000e+00 0.000000e+00 9.555493e+09 
4793 0.000000e+00 0.000000e+00 9.555493e+09 
4794 0.000000e+00 0.000000e+00 9.555493e+09 
4795 0.000000e+00 0.000000e+00 9.555494e+09 
4796 0.000000e+00 0.000000e+00 9.555493e+09 
4797 0.000000e+00 0.000000e+00 9.555508e+09 
4798 0.000000e+00 0.000000e+00 9.555499e+09 
4799 0.000000e+00 0.000000e+00 9.555494e+09 
4800 0.000000e+00 0.000000e+00 9.555494e+09 
4801 0.000000e+00 0.000000e+00 9.555494e+09 
4802 0.000000e+00 0.000000e+00 9.555493e+09 
4803 0.000000e+00 0.000000e+00 9.555494e+09 
4804 0.000000e+00 0.000000e+00 9.555494e+09 
4805 0.000000e+00 0.000000e+00 9.555584e+09 
4806 0.000000e+00 0.000000e+00 9.555499e+09 
4807 0.000000e+00 0.000000e+00 9.555493e+09 
4808 0.000000e+00 0.000000e+00 9.555493e+09 
4809 0.000000e+00 0.000000e+00 9.555493e+09 
4810 0.000000e+00 0.000000e+00 9.555493e+09 
4811 0.000000e+00 0.000000e+00 9.555518e+09 
4812 0.000000e+00 0.000000e+00 9.555494e+09 
4813 0.000000e+00 0.000000e+00 9.555495e+09 
4814 0.000000e+00 0.000000e+00 9.555499e+09 
4815 0.000000e+00 0.000000e+00 9.555500e+09 
4816 0.000000e+00 0.000000e+00 9.555493e+09 
4817 0.000000e+00 0.000000e+00 9.555499e+09 
4818 0.000000e+00 0.000000e+00 9.555494e+09 
4819 0.000000e+00 0.000000e+00 9.555495e+09 
4820 0.000000e+00 0.000000e+00 9.555525e+09 
4821 0.000000e+00 0.000000e+00 9.555503e+09 
4822 0.000000e+00 0.000000e+00 9.555493e+09 
4823 0.000000e+00 0.000000e+00 9.555536e+09 
4824 0.000000e+00 0.000000e+00 9.555507e+09 
4825 0.000000e+00 0.000000e+00 9.555495e+09 
4826 0.000000e+00 0.000000e+00 9.555494e+09 
4827 0.000000e+00 0.000000e+00 9.555496e+09 
4828 0.000000e+00 0.000000e+00 9.555498e+09 
4829 0.000000e+00 0.000000e+00 9.555505e+09 
4830 0.000000e+00 0.000000e+00 9.555493e+09 
4831 0.000000e+00 0.000000e+00 9.555494e+09 
4832 0.000000e+00 0.000000e+00 9.555494e+09 
4833 0.000000e+00 0.000000e+00 9.555496e+09 
4834 0.000000e+00 0.000000e+00 9.555561e+09 
4835 0.000000e+00 0.000000e+00 9.555552e+09 
4836 0.000000e+00 0.000000e+00 9.555493e+09 
4837 0.000000e+00 0.000000e+00 9.568354e+09 
4838 0.000000e+00 0.000000e+00 9.556153e+09 
4839 0.000000e+00 0.000000e+00 9.555493e+09 
4840 0.000000e+00 0.000000e+00 9.555498e+09 
4841 0.000000e+00 0.000000e+00 9.555502e+09 
4842 0.000000e+00 0.000000e+00 9.555494e+09 
4843 0.000000e+00 0.000000e+00 9.555493e+09 
4844 0.000000e+00 0.000000e+00 9.555497e+09 
4845 0.000000e+00 0.000000e+00 9.555493e+09 
4846 0.000000e+00 0.000000e+00 9.555593e+09 
4847 0.000000e+00 0.000000e+00 9.555498e+09 
4848 0.000000e+00 0.000000e+00 9.555499e+09 
4849 0.000000e+00 0.000000e+00 9.555497e+09 
4850 0.000000e+00 0.000000e+00 9.555495e+09 
4851 0.000000e+00 0.000000e+00 9.555520e+09 
4852 0.000000e+00 0.000000e+00 9.555494e+09 
4853 0.000000e+00 0.000000e+00 9.555494e+09 
4854 0.000000e+00 0.000000e+00 9.555494e+09 
4855 0.000000e+00 0.000000e+00 9.555494e+09 
4856 0.000000e+00 0.000000e+00 9.555493e+09 
4857 0.000000e+00 0.000000e+00 9.555493e+09 
4858 0.000000e+00 0.000000e+00 9.555495e+09 
4859 0.000000e+00 0.000000e+00 9.555496e+09 
4860 0.000000e+00 0.000000e+00 9.555493e+09 
4861 0.000000e+00 0.000000e+00 9.555494e+09 
4862 0.000000e+00 0.000000e+00 9.555516e+09 
4863 0.000000e+00 0.000000e+00 9.555493e+09 
4864 0.000000e+00 0.000000e+00 9.555494e+09 
4865 0.000000e+00 0.000000e+00 9.555493e+09 
4866 0.000000e+00 0.000000e+00 9.555494e+09 
4867 0.000000e+00 0.000000e+00 9.555502e+09 
4868 0.000000e+00 0.000000e+00 9.555493e+09 
4869 0.000000e+00 0.000000e+00 9.555494e+09 
4870 0.000000e+00 0.000000e+00 9.555508e+09 
4871 0.000000e+00 0.000000e+00 9.555497e+09 
4872 0.000000e+00 0.000000e+00 9.555500e+09 
4873 0.000000e+00 0.000000e+00 9.555495e+09 
4874 0.000000e+00 0.000000e+00 9.555493e+09 
4875 0.000000e+00 0.000000e+00 9.555505e+09 
4876 0.000000e+00 0.000000e+00 9.555499e+09 
4877 0.000000e+00 0.000000e+00 9.555501e+09 
4878 0.000000e+00 0.000000e+00 9.555503e+09 
4879 0.000000e+00 0.000000e+00 9.555495e+09 
4880 0.000000e+00 0.000000e+00 9.555538e+09 
4881 0.000000e+00 0.000000e+00 9.555494e+09 
4882 0.000000e+00 0.000000e+00 9.555493e+09 
4883 0.000000e+00 0.000000e+00 9.555495e+09 
4884 0.000000e+00 0.000000e+00 9.555494e+09 
4885 0.000000e+00 0.000000e+00 9.555493e+09 
4886 0.000000e+00 0.000000e+00 9.555689e+09 
4887 0.000000e+00 0.000000e+00 9.555495e+09 
4888 0.000000e+00 0.000000e+00 9.555516e+09 
4889 0.000000e+00 0.000000e+00 9.555495e+09 
4890 0.000000e+00 0.000000e+00 9.555493e+09 
4891 0.000000e+00 0.000000e+00 9.555494e+09 
4892 0.000000e+00 0.000000e+00 9.555504e+09 
4893 0.000000e+00 0.000000e+00 9.555493e+09 
4894 0.000000e+00 0.000000e+00 9.555497e+09 
4895 0.000000e+00 0.000000e+00 9.555496e+09 
4896 0.000000e+00 0.000000e+00 9.555508e+09 
4897 0.000000e+00 0.000000e+00 9.555499e+09 
4898 0.000000e+00 0.000000e+00 9.555498e+09 
4899 0.000000e+00 0.000000e+00 9.555501e+09 
4900 0.000000e+00 0.000000e+00 9.555497e+09 
4901 0.000000e+00 0.000000e+00 9.555494e+09 
4902 0.000000e+00 0.000000e+00 9.555501e+09 
4903 0.000000e+00 0.000000e+00 9.555494e+09 
4904 0.000000e+00 0.000000e+00 9.555494e+09 
4905 0.000000e+00 0.000000e+00 9.555494e+09 
4906 0.000000e+00 0.000000e+00 9.555496e+09 
4907 0.000000e+00 0.000000e+00 9.555493e+09 
4908 0.000000e+00 0.000000e+00 9.555493e+09 
4909 0.000000e+00 0.000000e+00 9.555499e+09 
4910 0.000000e+00 0.000000e+00 9.555495e+09 
4911 0.000000e+00 0.000000e+00 9.555493e+09 
4912 0.000000e+00 0.000000e+00 9.555494e+09 
4913 0.000000e+00 0.000000e+00 9.555493e+09 
4914 0.000000e+00 0.000000e+00 9.555497e+09 
4915 0.000000e+00 0.000000e+00 9.555494e+09 
4916 0.000000e+00 0.000000e+00 9.555493e+09 
4917 0.000000e+00 0.000000e+00 9.555494e+09 
4918 0.000000e+00 0.000000e+00 9.555494e+09 
4919 0.000000e+00 0.000000e+00 9.555494e+09 
4920 0.000000e+00 0.000000e+00 9.555494e+09 
4921 0.000000e+00 0.000000e+00 9.555494e+09 
4922 0.000000e+00 0.000000e+00 9.555493e+09 
4923 0.000000e+00 0.000000e+00 9.555494e+09 
4924 0.000000e+00 0.000000e+00 9.555494e+09 
4925 0.000000e+00 0.000000e+00 9.555494e+09 
4926 0.000000e+00 0.000000e+00 9.555506e+09 
4927 0.000000e+00 0.000000e+00 9.555496e+09 
4928 0.000000e+00 0.000000e+00 9.555499e+09 
4929 0.000000e+00 0.000000e+00 9.555496e+09 
4930 0.000000e+00 0.000000e+00 9.555493e+09 
4931 0.000000e+00 0.000000e+00 9.555497e+09 
4932 0.000000e+00 0.000000e+00 9.555500e+09 
4933 0.000000e+00 0.000000e+00 9.555497e+09 
4934 0.000000e+00 0.000000e+00 9.555496e+09 
4935 0.000000e+00 0.000000e+00 9.555510e+09 
4936 0.000000e+00 0.000000e+00 9.555493e+09 
4937 0.000000e+00 0.000000e+00 9.555497e+09 
4938 0.000000e+00 0.000000e+00 9.555496e+09 
4939 0.000000e+00 0.000000e+00 9.555494e+09 
4940 0.000000e+00 0.000000e+00 9.555495e+09 
4941 0.000000e+00 0.000000e+00 9.555493e+09 
4942 0.000000e+00 0.000000e+00 9.555493e+09 
4943 0.000000e+00 0.000000e+00 9.555498e+09 
4944 0.000000e+00 0.000000e+00 9.555495e+09 
4945 0.000000e+00 0.000000e+00 9.555500e+09 
4946 0.000000e+00 0.000000e+00 9.555496e+09 
4947 0.000000e+00 0.000000e+00 9.555494e+09 
4948 0.000000e+00 0.000000e+00 9.555494e+09 
4949 0.000000e+00 0.000000e+00 9.555493e+09 
4950 0.000000e+00 0.000000e+00 9.555494e+09 
4951 0.000000e+00 0.000000e+00 9.555493e+09 
4952 0.000000e+00 0.000000e+00 9.555493e+09 
4953 0.000000e+00 0.000000e+00 9.555495e+09 
4954 0.000000e+00 0.000000e+00 9.555493e+09 
4955 0.000000e+00 0.000000e+00 9.555493e+09 
4956 0.000000e+00 0.000000e+00 9.555494e+09 
4957 0.000000e+00 0.000000e+00 9.555495e+09 
4958 0.000000e+00 0.000000e+00 9.555493e+09 
4959 0.000000e+00 0.000000e+00 9.555494e+09 
4960 0.000000e+00 0.000000e+00 9.555493e+09 
4961 0.000000e+00 0.000000e+00 9.555493e+09 
4962 0.000000e+00 0.000000e+00 9.555493e+09 
4963 0.000000e+00 0.000000e+00 9.555493e+09 
4964 0.000000e+00 0.000000e+00 9.555496e+09 
4965 0.000000e+00 0.000000e+00 9.555494e+09 
4966 0.000000e+00 0.000000e+00 9.555501e+09 
4967 0.000000e+00 0.000000e+00 9.555497e+09 
4968 0.000000e+00 0.000000e+00 9.555495e+09 
4969 0.000000e+00 0.000000e+00 9.555494e+09 
4970 0.000000e+00 0.000000e+00 9.555493e+09 
4971 0.000000e+00 0.000000e+00 9.555495e+09 
4972 0.000000e+00 0.000000e+00 9.555493e+09 
4973 0.000000e+00 0.000000e+00 9.555493e+09 
4974 0.000000e+00 0.000000e+00 9.555497e+09 
4975 0.000000e+00 0.000000e+00 9.555495e+09 
4976 0.000000e+00 0.000000e+00 9.555511e+09 
4977 0.000000e+00 0.000000e+00 9.555493e+09 
4978 0.000000e+00 0.000000e+00 9.555493e+09 
4979 0.000000e+00 0.000000e+00 9.555493e+09 
4980 0.000000e+00 0.000000e+00 9.555494e+09 
4981 0.000000e+00 0.000000e+00 9.555493e+09 
4982 0.000000e+00 0.000000e+00 9.555527e+09 
4983 0.000000e+00 0.000000e+00 9.555501e+09 
4984 0.000000e+00 0.000000e+00 9.555493e+09 
4985 0.000000e+00 0.000000e+00 9.555494e+09 
4986 0.000000e+00 0.000000e+00 9.555784e+09 
4987 0.000000e+00 0.000000e+00 9.555520e+09 
4988 0.000000e+00 0.000000e+00 9.555498e+09 
4989 0.000000e+00 0.000000e+00 9.555755e+09 
4990 0.000000e+00 0.000000e+00 9.555505e+09 
4991 0.000000e+00 0.000000e+00 9.555543e+09 
4992 0.000000e+00 0.000000e+00 9.555494e+09 
4993 0.000000e+00 0.000000e+00 9.555537e+09 
4994 0.000000e+00 0.000000e+00 9.555502e+09 
4995 0.000000e+00 0.000000e+00 9.555494e+09 
4996 0.000000e+00 0.000000e+00 9.555493e+09 
4997 0.000000e+00 0.000000e+00 9.555524e+09 
4998 0.000000e+00 0.000000e+00 9.555493e+09 
4999 0.000000e+00 0.000000e+00 9.555502e+09 
5000 0.000000e+00 0.000000e+00 9.555610e+09 
5001 0.000000e+00 0.000000e+00 9.555494e+09 
5002 0.000000e+00 0.000000e+00 9.555506e+09 
5003 0.000000e+00 0.000000e+00 9.555509e+09 
5004 0.000000e+00 0.000000e+00 9.555493e+09 
5005 0.000000e+00 0.000000e+00 9.555495e+09 
5006 0.000000e+00 0.000000e+00 9.555494e+09 
5007 0.000000e+00 0.000000e+00 9.555493e+09 
5008 0.000000e+00 0.000000e+00 9.555495e+09 
5009 0.000000e+00 0.000000e+00 9.555496e+09 
5010 0.000000e+00 0.000000e+00 9.555494e+09 
5011 0.000000e+00 0.000000e+00 9.555493e+09 
5012 0.000000e+00 0.000000e+00 9.555494e+09 
5013 0.000000e+00 0.000000e+00 9.555495e+09 
5014 0.000000e+00 0.000000e+00 9.555493e+09 
5015 0.000000e+00 0.000000e+00 9.555642e+09 
5016 0.000000e+00 0.000000e+00 9.555493e+09 
5017 0.000000e+00 0.000000e+00 9.555516e+09 
5018 0.000000e+00 0.000000e+00 9.555497e+09 
5019 0.000000e+00 0.000000e+00 9.555502e+09 
5020 0.000000e+00 0.000000e+00 9.555493e+09 
5021 0.000000e+00 0.000000e+00 9.555498e+09 
5022 0.000000e+00 0.000000e+00 9.555515e+09 
5023 0.000000e+00 0.000000e+00 9.555494e+09 
5024 0.000000e+00 0.000000e+00 9.556459e+09 
5025 0.000000e+00 0.000000e+00 9.555496e+09 
5026 0.000000e+00 0.000000e+00 9.555524e+09 
5027 0.000000e+00 0.000000e+00 9.555493e+09 
5028 0.000000e+00 0.000000e+00 9.555493e+09 
5029 0.000000e+00 0.000000e+00 9.555497e+09 
5030 0.000000e+00 0.000000e+00 9.555499e+09 
5031 0.000000e+00 0.000000e+00 9.555494e+09 
5032 0.000000e+00 0.000000e+00 9.555504e+09 
5033 0.000000e+00 0.000000e+00 9.555494e+09 
5034 0.000000e+00 0.000000e+00 9.555495e+09 
5035 0.000000e+00 0.000000e+00 9.555493e+09 
5036 0.000000e+00 0.000000e+00 9.555493e+09 
5037 0.000000e+00 0.000000e+00 9.555502e+09 
5038 0.000000e+00 0.000000e+00 9.555493e+09 
5039 0.000000e+00 0.000000e+00 9.555551e+09 
5040 0.000000e+00 0.000000e+00 9.555530e+09 
5041 0.000000e+00 0.000000e+00 9.555494e+09 
5042 0.000000e+00 0.000000e+00 9.555494e+09 
5043 0.000000e+00 0.000000e+00 9.555503e+09 
5044 0.000000e+00 0.000000e+00 9.555642e+09 
5045 0.000000e+00 0.000000e+00 9.555496e+09 
5046 0.000000e+00 0.000000e+00 9.555665e+09 
5047 0.000000e+00 0.000000e+00 9.555515e+09 
5048 0.000000e+00 0.000000e+00 9.555507e+09 
5049 0.000000e+00 0.000000e+00 9.555493e+09 
5050 0.000000e+00 0.000000e+00 9.555501e+09 
5051 0.000000e+00 0.000000e+00 9.555508e+09 
5052 0.000000e+00 0.000000e+00 9.555503e+09 
5053 0.000000e+00 0.000000e+00 9.555493e+09 
5054 0.000000e+00 0.000000e+00 9.555493e+09 
5055 0.000000e+00 0.000000e+00 9.555493e+09 
5056 0.000000e+00 0.000000e+00 9.555493e+09 
5057 0.000000e+00 0.000000e+00 9.555506e+09 
5058 0.000000e+00 0.000000e+00 9.555495e+09 
5059 0.000000e+00 0.000000e+00 9.555494e+09 
5060 0.000000e+00 0.000000e+00 9.555515e+09 
5061 0.000000e+00 0.000000e+00 9.555494e+09 
5062 0.000000e+00 0.000000e+00 9.555495e+09 
5063 0.000000e+00 0.000000e+00 9.555497e+09 
5064 0.000000e+00 0.000000e+00 9.555501e+09 
5065 0.000000e+00 0.000000e+00 9.555499e+09 
5066 0.000000e+00 0.000000e+00 9.555503e+09 
5067 0.000000e+00 0.000000e+00 9.555502e+09 
5068 0.000000e+00 0.000000e+00 9.555494e+09 
5069 0.000000e+00 0.000000e+00 9.555513e+09 
5070 0.000000e+00 0.000000e+00 9.555493e+09 
5071 0.000000e+00 0.000000e+00 9.555499e+09 
5072 0.000000e+00 0.000000e+00 9.555493e+09 
5073 0.000000e+00 0.000000e+00 9.555493e+09 
5074 0.000000e+00 0.000000e+00 9.555493e+09 
5075 0.000000e+00 0.000000e+00 9.555493e+09 
5076 0.000000e+00 0.000000e+00 9.555731e+09 
5077 0.000000e+00 0.000000e+00 9.555514e+09 
5078 0.000000e+00 0.000000e+00 9.555576e+09 
5079 0.000000e+00 0.000000e+00 9.555494e+09 
5080 0.000000e+00 0.000000e+00 9.555766e+09 
5081 0.000000e+00 0.000000e+00 9.555555e+09 
5082 0.000000e+00 0.000000e+00 9.555498e+09 
5083 0.000000e+00 0.000000e+00 9.555500e+09 
5084 0.000000e+00 0.000000e+00 9.555493e+09 
5085 0.000000e+00 0.000000e+00 9.555494e+09 
5086 0.000000e+00 0.000000e+00 9.555547e+09 
5087 0.000000e+00 0.000000e+00 9.555929e+09 
5088 0.000000e+00 0.000000e+00 9.555493e+09 
5089 0.000000e+00 0.000000e+00 9.555493e+09 
5090 0.000000e+00 0.000000e+00 9.555494e+09 
5091 0.000000e+00 0.000000e+00 9.555501e+09 
5092 0.000000e+00 0.000000e+00 9.556063e+09 
5093 0.000000e+00 0.000000e+00 9.555504e+09 
5094 0.000000e+00 0.000000e+00 9.555495e+09 
5095 0.000000e+00 0.000000e+00 9.555494e+09 
5096 0.000000e+00 0.000000e+00 9.555494e+09 
5097 0.000000e+00 0.000000e+00 9.555493e+09 
5098 0.000000e+00 0.000000e+00 9.555494e+09 
5099 0.000000e+00 0.000000e+00 9.555499e+09 
5100 0.000000e+00 0.000000e+00 9.555513e+09 
5101 0.000000e+00 0.000000e+00 9.555495e+09 
5102 0.000000e+00 0.000000e+00 9.555494e+09 
5103 0.000000e+00 0.000000e+00 9.555493e+09 
5104 0.000000e+00 0.000000e+00 9.555497e+09 
5105 0.000000e+00 0.000000e+00 9.555493e+09 
5106 0.000000e+00 0.000000e+00 9.555494e+09 
5107 0.000000e+00 0.000000e+00 9.555496e+09 
5108 0.000000e+00 0.000000e+00 9.555497e+09 
5109 0.000000e+00 0.000000e+00 9.555493e+09 
5110 0.000000e+00 0.000000e+00 9.555493e+09 
5111 0.000000e+00 0.000000e+00 9.555493e+09 
5112 0.000000e+00 0.000000e+00 9.555495e+09 
5113 0.000000e+00 0.000000e+00 9.555493e+09 
5114 0.000000e+00 0.000000e+00 9.555493e+09 
5115 0.000000e+00 0.000000e+00 9.555537e+09 
5116 0.000000e+00 0.000000e+00 9.555499e+09 
5117 0.000000e+00 0.000000e+00 9.555496e+09 
5118 0.000000e+00 0.000000e+00 9.555501e+09 
5119 0.000000e+00 0.000000e+00 9.555500e+09 
5120 0.000000e+00 0.000000e+00 9.555495e+09 
5121 0.000000e+00 0.000000e+00 9.555493e+09 
5122 0.000000e+00 0.000000e+00 9.555545e+09 
5123 0.000000e+00 0.000000e+00 9.555493e+09 
5124 0.000000e+00 0.000000e+00 9.555498e+09 
5125 0.000000e+00 0.000000e+00 9.555494e+09 
5126 0.000000e+00 0.000000e+00 9.555493e+09 
5127 0.000000e+00 0.000000e+00 9.555515e+09 
5128 0.000000e+00 0.000000e+00 9.555493e+09 
5129 0.000000e+00 0.000000e+00 9.555504e+09 
5130 0.000000e+00 0.000000e+00 9.555503e+09 
5131 0.000000e+00 0.000000e+00 9.555685e+09 
5132 0.000000e+00 0.000000e+00 9.555523e+09 
5133 0.000000e+00 0.000000e+00 9.555503e+09 
5134 0.000000e+00 0.000000e+00 9.555494e+09 
5135 0.000000e+00 0.000000e+00 9.555534e+09 
5136 0.000000e+00 0.000000e+00 9.555497e+09 
5137 0.000000e+00 0.000000e+00 9.555493e+09 
5138 0.000000e+00 0.000000e+00 9.555736e+09 
5139 0.000000e+00 0.000000e+00 9.555496e+09 
5140 0.000000e+00 0.000000e+00 9.555501e+09 
5141 0.000000e+00 0.000000e+00 9.555494e+09 
5142 0.000000e+00 0.000000e+00 9.555494e+09 
5143 0.000000e+00 0.000000e+00 9.555493e+09 
5144 0.000000e+00 0.000000e+00 9.555495e+09 
5145 0.000000e+00 0.000000e+00 9.555494e+09 
5146 0.000000e+00 0.000000e+00 9.555495e+09 
5147 0.000000e+00 0.000000e+00 9.555493e+09 
5148 0.000000e+00 0.000000e+00 9.555494e+09 
5149 0.000000e+00 0.000000e+00 9.555497e+09 
5150 0.000000e+00 0.000000e+00 9.555509e+09 
5151 0.000000e+00 0.000000e+00 9.555497e+09 
5152 0.000000e+00 0.000000e+00 9.555494e+09 
5153 0.000000e+00 0.000000e+00 9.555495e+09 
5154 0.000000e+00 0.000000e+00 9.555494e+09 
5155 0.000000e+00 0.000000e+00 9.555494e+09 
5156 0.000000e+00 0.000000e+00 9.555494e+09 
5157 0.000000e+00 0.000000e+00 9.555610e+09 
5158 0.000000e+00 0.000000e+00 9.555493e+09 
5159 0.000000e+00 0.000000e+00 9.555495e+09 
5160 0.000000e+00 0.000000e+00 9.555495e+09 
5161 0.000000e+00 0.000000e+00 9.555496e+09 
5162 0.000000e+00 0.000000e+00 9.555496e+09 
5163 0.000000e+00 0.000000e+00 9.555495e+09 
5164 0.000000e+00 0.000000e+00 9.555502e+09 
5165 0.000000e+00 0.000000e+00 9.555495e+09 
5166 0.000000e+00 0.000000e+00 9.555494e+09 
5167 0.000000e+00 0.000000e+00 9.555494e+09 
5168 0.000000e+00 0.000000e+00 9.555493e+09 
5169 0.000000e+00 0.000000e+00 9.555495e+09 
5170 0.000000e+00 0.000000e+00 9.555493e+09 
5171 0.000000e+00 0.000000e+00 9.556027e+09 
5172 0.000000e+00 0.000000e+00 9.555493e+09 
5173 0.000000e+00 0.000000e+00 9.555494e+09 
5174 0.000000e+00 0.000000e+00 9.555513e+09 
5175 0.000000e+00 0.000000e+00 9.555503e+09 
5176 0.000000e+00 0.000000e+00 9.555493e+09 
5177 0.000000e+00 0.000000e+00 9.555498e+09 
5178 0.000000e+00 0.000000e+00 9.555495e+09 
5179 0.000000e+00 0.000000e+00 9.555495e+09 
5180 0.000000e+00 0.000000e+00 9.555493e+09 
5181 0.000000e+00 0.000000e+00 9.555493e+09 
5182 0.000000e+00 0.000000e+00 9.555494e+09 
5183 0.000000e+00 0.000000e+00 9.555494e+09 
5184 0.000000e+00 0.000000e+00 9.555493e+09 
5185 0.000000e+00 0.000000e+00 9.555494e+09 
5186 0.000000e+00 0.000000e+00 9.555496e+09 
5187 0.000000e+00 0.000000e+00 9.555499e+09 
5188 0.000000e+00 0.000000e+00 9.555494e+09 
5189 0.000000e+00 0.000000e+00 9.555493e+09 
5190 0.000000e+00 0.000000e+00 9.555508e+09 
5191 0.000000e+00 0.000000e+00 9.555651e+09 
5192 0.000000e+00 0.000000e+00 9.555703e+09 
5193 0.000000e+00 0.000000e+00 9.555493e+09 
5194 0.000000e+00 0.000000e+00 9.555494e+09 
5195 0.000000e+00 0.000000e+00 9.555495e+09 
5196 0.000000e+00 0.000000e+00 9.555500e+09 
5197 0.000000e+00 0.000000e+00 9.556803e+09 
5198 0.000000e+00 0.000000e+00 9.555511e+09 
5199 0.000000e+00 0.000000e+00 9.555516e+09 
5200 0.000000e+00 0.000000e+00 9.555501e+09 
5201 0.000000e+00 0.000000e+00 9.555495e+09 
5202 0.000000e+00 0.000000e+00 9.555494e+09 
5203 0.000000e+00 0.000000e+00 9.555497e+09 
5204 0.000000e+00 0.000000e+00 9.555518e+09 
5205 0.000000e+00 0.000000e+00 9.555513e+09 
5206 0.000000e+00 0.000000e+00 9.555493e+09 
5207 0.000000e+00 0.000000e+00 9.555493e+09 
5208 0.000000e+00 0.000000e+00 9.555496e+09 
5209 0.000000e+00 0.000000e+00 9.555493e+09 
5210 0.000000e+00 0.000000e+00 9.555545e+09 
5211 0.000000e+00 0.000000e+00 9.555493e+09 
5212 0.000000e+00 0.000000e+00 9.555495e+09 
5213 0.000000e+00 0.000000e+00 9.555524e+09 
5214 0.000000e+00 0.000000e+00 9.555870e+09 
5215 0.000000e+00 0.000000e+00 9.555504e+09 
5216 0.000000e+00 0.000000e+00 9.555493e+09 
5217 0.000000e+00 0.000000e+00 9.555498e+09 
5218 0.000000e+00 0.000000e+00 9.555495e+09 
5219 0.000000e+00 0.000000e+00 9.555493e+09 
5220 0.000000e+00 0.000000e+00 9.555493e+09 
5221 0.000000e+00 0.000000e+00 9.555495e+09 
5222 0.000000e+00 0.000000e+00 9.555504e+09 
5223 0.000000e+00 0.000000e+00 9.555496e+09 
5224 0.000000e+00 0.000000e+00 9.555493e+09 
5225 0.000000e+00 0.000000e+00 9.555493e+09 
5226 0.000000e+00 0.000000e+00 9.555493e+09 
5227 0.000000e+00 0.000000e+00 9.555500e+09 
5228 0.000000e+00 0.000000e+00 9.555499e+09 
5229 0.000000e+00 0.000000e+00 9.555493e+09 
5230 0.000000e+00 0.000000e+00 9.555493e+09 
5231 0.000000e+00 0.000000e+00 9.555493e+09 
5232 0.000000e+00 0.000000e+00 9.555493e+09 
5233 0.000000e+00 0.000000e+00 9.555494e+09 
5234 0.000000e+00 0.000000e+00 9.555501e+09 
5235 0.000000e+00 0.000000e+00 9.555541e+09 
5236 0.000000e+00 0.000000e+00 9.555493e+09 
5237 0.000000e+00 0.000000e+00 9.555493e+09 
5238 0.000000e+00 0.000000e+00 9.555493e+09 
5239 0.000000e+00 0.000000e+00 9.555507e+09 
5240 0.000000e+00 0.000000e+00 9.555495e+09 
5241 0.000000e+00 0.000000e+00 9.555499e+09 
5242 0.000000e+00 0.000000e+00 9.555494e+09 
5243 0.000000e+00 0.000000e+00 9.555498e+09 
5244 0.000000e+00 0.000000e+00 9.555493e+09 
5245 0.000000e+00 0.000000e+00 9.555494e+09 
5246 0.000000e+00 0.000000e+00 9.555494e+09 
5247 0.000000e+00 0.000000e+00 9.555497e+09 
5248 0.000000e+00 0.000000e+00 9.555531e+09 
5249 0.000000e+00 0.000000e+00 9.555496e+09 
5250 0.000000e+00 0.000000e+00 9.555493e+09 
5251 0.000000e+00 0.000000e+00 9.555494e+09 
5252 0.000000e+00 0.000000e+00 9.555499e+09 
5253 0.000000e+00 0.000000e+00 9.555493e+09 
5254 0.000000e+00 0.000000e+00 9.555493e+09 
5255 0.000000e+00 0.000000e+00 9.555494e+09 
5256 0.000000e+00 0.000000e+00 9.555494e+09 
5257 0.000000e+00 0.000000e+00 9.555493e+09 
5258 0.000000e+00 0.000000e+00 9.555495e+09 
5259 0.000000e+00 0.000000e+00 9.555743e+09 
5260 0.000000e+00 0.000000e+00 9.555498e+09 
5261 0.000000e+00 0.000000e+00 9.555493e+09 
5262 0.000000e+00 0.000000e+00 9.555499e+09 
5263 0.000000e+00 0.000000e+00 9.555495e+09 
5264 0.000000e+00 0.000000e+00 9.555500e+09 
5265 0.000000e+00 0.000000e+00 9.555945e+09 
5266 0.000000e+00 0.000000e+00 9.555494e+09 
5267 0.000000e+00 0.000000e+00 9.555493e+09 
5268 0.000000e+00 0.000000e+00 9.555498e+09 
5269 0.000000e+00 0.000000e+00 9.555571e+09 
5270 0.000000e+00 0.000000e+00 9.555549e+09 
5271 0.000000e+00 0.000000e+00 9.555508e+09 
5272 0.000000e+00 0.000000e+00 9.555596e+09 
5273 0.000000e+00 0.000000e+00 9.555503e+09 
5274 0.000000e+00 0.000000e+00 9.555526e+09 
5275 0.000000e+00 0.000000e+00 9.555497e+09 
5276 0.000000e+00 0.000000e+00 9.555590e+09 
5277 0.000000e+00 0.000000e+00 9.555503e+09 
5278 0.000000e+00 0.000000e+00 9.555496e+09 
5279 0.000000e+00 0.000000e+00 9.555498e+09 
5280 0.000000e+00 0.000000e+00 9.555494e+09 
5281 0.000000e+00 0.000000e+00 9.555494e+09 
5282 0.000000e+00 0.000000e+00 9.555499e+09 
5283 0.000000e+00 0.000000e+00 9.555656e+09 
5284 0.000000e+00 0.000000e+00 9.555575e+09 
5285 0.000000e+00 0.000000e+00 9.555497e+09 
5286 0.000000e+00 0.000000e+00 9.555526e+09 
5287 0.000000e+00 0.000000e+00 9.555493e+09 
5288 0.000000e+00 0.000000e+00 9.555493e+09 
5289 0.000000e+00 0.000000e+00 9.555493e+09 
5290 0.000000e+00 0.000000e+00 9.555493e+09 
5291 0.000000e+00 0.000000e+00 9.555494e+09 
5292 0.000000e+00 0.000000e+00 9.555495e+09 
5293 0.000000e+00 0.000000e+00 9.555494e+09 
5294 0.000000e+00 0.000000e+00 9.555494e+09 
5295 0.000000e+00 0.000000e+00 9.555495e+09 
5296 0.000000e+00 0.000000e+00 9.555498e+09 
5297 0.000000e+00 0.000000e+00 9.556540e+09 
5298 0.000000e+00 0.000000e+00 9.555496e+09 
5299 0.000000e+00 0.000000e+00 9.555500e+09 
5300 0.000000e+00 0.000000e+00 9.555523e+09 
5301 0.000000e+00 0.000000e+00 9.555500e+09 
5302 0.000000e+00 0.000000e+00 9.555493e+09 
5303 0.000000e+00 0.000000e+00 9.555499e+09 
5304 0.000000e+00 0.000000e+00 9.555493e+09 
5305 0.000000e+00 0.000000e+00 9.555497e+09 
5306 0.000000e+00 0.000000e+00 9.555495e+09 
5307 0.000000e+00 0.000000e+00 9.555515e+09 
5308 0.000000e+00 0.000000e+00 9.555495e+09 
5309 0.000000e+00 0.000000e+00 9.555515e+09 
5310 0.000000e+00 0.000000e+00 9.555564e+09 
5311 0.000000e+00 0.000000e+00 9.555517e+09 
5312 0.000000e+00 0.000000e+00 9.555493e+09 
5313 0.000000e+00 0.000000e+00 9.555853e+09 
5314 0.000000e+00 0.000000e+00 9.555493e+09 
5315 0.000000e+00 0.000000e+00 9.555493e+09 
5316 0.000000e+00 0.000000e+00 9.555504e+09 
5317 0.000000e+00 0.000000e+00 9.555752e+09 
5318 0.000000e+00 0.000000e+00 9.555526e+09 
5319 0.000000e+00 0.000000e+00 9.555495e+09 
5320 0.000000e+00 0.000000e+00 9.555497e+09 
5321 0.000000e+00 0.000000e+00 9.555508e+09 
5322 0.000000e+00 0.000000e+00 9.555493e+09 
5323 0.000000e+00 0.000000e+00 9.555494e+09 
5324 0.000000e+00 0.000000e+00 9.555546e+09 
5325 0.000000e+00 0.000000e+00 9.555572e+09 
5326 0.000000e+00 0.000000e+00 9.555508e+09 
5327 0.000000e+00 0.000000e+00 9.555497e+09 
5328 0.000000e+00 0.000000e+00 9.555495e+09 
5329 0.000000e+00 0.000000e+00 9.555494e+09 
5330 0.000000e+00 0.000000e+00 9.555497e+09 
5331 0.000000e+00 0.000000e+00 9.555493e+09 
5332 0.000000e+00 0.000000e+00 9.555493e+09 
5333 0.000000e+00 0.000000e+00 9.555497e+09 
5334 0.000000e+00 0.000000e+00 9.555504e+09 
5335 0.000000e+00 0.000000e+00 9.555495e+09 
5336 0.000000e+00 0.000000e+00 9.555511e+09 
5337 0.000000e+00 0.000000e+00 9.555493e+09 
5338 0.000000e+00 0.000000e+00 9.555495e+09 
5339 0.000000e+00 0.000000e+00 9.555493e+09 
5340 0.000000e+00 0.000000e+00 9.555493e+09 
5341 0.000000e+00 0.000000e+00 9.555494e+09 
5342 0.000000e+00 0.000000e+00 9.555495e+09 
5343 0.000000e+00 0.000000e+00 9.555495e+09 
5344 0.000000e+00 0.000000e+00 9.555496e+09 
5345 0.000000e+00 0.000000e+00 9.555503e+09 
5346 0.000000e+00 0.000000e+00 9.555498e+09 
5347 0.000000e+00 0.000000e+00 9.555494e+09 
5348 0.000000e+00 0.000000e+00 9.555494e+09 
5349 0.000000e+00 0.000000e+00 9.555493e+09 
5350 0.000000e+00 0.000000e+00 9.555502e+09 
5351 0.000000e+00 0.000000e+00 9.555493e+09 
5352 0.000000e+00 0.000000e+00 9.555493e+09 
5353 0.000000e+00 0.000000e+00 9.555493e+09 
5354 0.000000e+00 0.000000e+00 9.555493e+09 
5355 0.000000e+00 0.000000e+00 9.555494e+09 
5356 0.000000e+00 0.000000e+00 9.555493e+09 
5357 0.000000e+00 0.000000e+00 9.555527e+09 
5358 0.000000e+00 0.000000e+00 9.555911e+09 
5359 0.000000e+00 0.000000e+00 9.555494e+09 
5360 0.000000e+00 0.000000e+00 9.555493e+09 
5361 0.000000e+00 0.000000e+00 9.555494e+09 
5362 0.000000e+00 0.000000e+00 9.555778e+09 
5363 0.000000e+00 0.000000e+00 9.555501e+09 
5364 0.000000e+00 0.000000e+00 9.555501e+09 
5365 0.000000e+00 0.000000e+00 9.555560e+09 
5366 0.000000e+00 0.000000e+00 9.555500e+09 
5367 0.000000e+00 0.000000e+00 9.555493e+09 
5368 0.000000e+00 0.000000e+00 9.555510e+09 
5369 0.000000e+00 0.000000e+00 9.555496e+09 
5370 0.000000e+00 0.000000e+00 9.555493e+09 
5371 0.000000e+00 0.000000e+00 9.555502e+09 
5372 0.000000e+00 0.000000e+00 9.556965e+09 
5373 0.000000e+00 0.000000e+00 9.555497e+09 
5374 0.000000e+00 0.000000e+00 9.555541e+09 
5375 0.000000e+00 0.000000e+00 9.555493e+09 
5376 0.000000e+00 0.000000e+00 9.555495e+09 
5377 0.000000e+00 0.000000e+00 9.555525e+09 
5378 0.000000e+00 0.000000e+00 9.555577e+09 
5379 0.000000e+00 0.000000e+00 9.555506e+09 
5380 0.000000e+00 0.000000e+00 9.555493e+09 
5381 0.000000e+00 0.000000e+00 9.555511e+09 
5382 0.000000e+00 0.000000e+00 9.555493e+09 
5383 0.000000e+00 0.000000e+00 9.555498e+09 
5384 0.000000e+00 0.000000e+00 9.555493e+09 
5385 0.000000e+00 0.000000e+00 9.555499e+09 
5386 0.000000e+00 0.000000e+00 9.555505e+09 
5387 0.000000e+00 0.000000e+00 9.555495e+09 
5388 0.000000e+00 0.000000e+00 9.555494e+09 
5389 0.000000e+00 0.000000e+00 9.555499e+09 
5390 0.000000e+00 0.000000e+00 9.555496e+09 
5391 0.000000e+00 0.000000e+00 9.555493e+09 
5392 0.000000e+00 0.000000e+00 9.555507e+09 
5393 0.000000e+00 0.000000e+00 9.555495e+09 
5394 0.000000e+00 0.000000e+00 9.555494e+09 
5395 0.000000e+00 0.000000e+00 9.555493e+09 
5396 0.000000e+00 0.000000e+00 9.555493e+09 
5397 0.000000e+00 0.000000e+00 9.555494e+09 
5398 0.000000e+00 0.000000e+00 9.555494e+09 
5399 0.000000e+00 0.000000e+00 9.555493e+09 
5400 0.000000e+00 0.000000e+00 9.555495e+09 
5401 0.000000e+00 0.000000e+00 9.555588e+09 
5402 0.000000e+00 0.000000e+00 9.555494e+09 
5403 0.000000e+00 0.000000e+00 9.555513e+09 
5404 0.000000e+00 0.000000e+00 9.555501e+09 
5405 0.000000e+00 0.000000e+00 9.555493e+09 
5406 0.000000e+00 0.000000e+00 9.555493e+09 
5407 0.000000e+00 0.000000e+00 9.555493e+09 
5408 0.000000e+00 0.000000e+00 9.555493e+09 
5409 0.000000e+00 0.000000e+00 9.555494e+09 
5410 0.000000e+00 0.000000e+00 9.555514e+09 
5411 0.000000e+00 0.000000e+00 9.555493e+09 
5412 0.000000e+00 0.000000e+00 9.555594e+09 
5413 0.000000e+00 0.000000e+00 9.555499e+09 
5414 0.000000e+00 0.000000e+00 9.555493e+09 
5415 0.000000e+00 0.000000e+00 9.555496e+09 
5416 0.000000e+00 0.000000e+00 9.555494e+09 
5417 0.000000e+00 0.000000e+00 9.555495e+09 
5418 0.000000e+00 0.000000e+00 9.555493e+09 
5419 0.000000e+00 0.000000e+00 9.555500e+09 
5420 0.000000e+00 0.000000e+00 9.555499e+09 
5421 0.000000e+00 0.000000e+00 9.555493e+09 
5422 0.000000e+00 0.000000e+00 9.555493e+09 
5423 0.000000e+00 0.000000e+00 9.555497e+09 
5424 0.000000e+00 0.000000e+00 9.555497e+09 
5425 0.000000e+00 0.000000e+00 9.555493e+09 
5426 0.000000e+00 0.000000e+00 9.555494e+09 
5427 0.000000e+00 0.000000e+00 9.555496e+09 
5428 0.000000e+00 0.000000e+00 9.555498e+09 
5429 0.000000e+00 0.000000e+00 9.555493e+09 
5430 0.000000e+00 0.000000e+00 9.555495e+09 
5431 0.000000e+00 0.000000e+00 9.555495e+09 
5432 0.000000e+00 0.000000e+00 9.555495e+09 
5433 0.000000e+00 0.000000e+00 9.555503e+09 
5434 0.000000e+00 0.000000e+00 9.555493e+09 
5435 0.000000e+00 0.000000e+00 9.555494e+09 
5436 0.000000e+00 0.000000e+00 9.555494e+09 
5437 0.000000e+00 0.000000e+00 9.555493e+09 
5438 0.000000e+00 0.000000e+00 9.555493e+09 
5439 0.000000e+00 0.000000e+00 9.555493e+09 
5440 0.000000e+00 0.000000e+00 9.555493e+09 
5441 0.000000e+00 0.000000e+00 9.555493e+09 
5442 0.000000e+00 0.000000e+00 9.555494e+09 
5443 0.000000e+00 0.000000e+00 9.555594e+09 
5444 0.000000e+00 0.000000e+00 9.555493e+09 
5445 0.000000e+00 0.000000e+00 9.555501e+09 
5446 0.000000e+00 0.000000e+00 9.555493e+09 
5447 0.000000e+00 0.000000e+00 9.555495e+09 
5448 0.000000e+00 0.000000e+00 9.555493e+09 
5449 0.000000e+00 0.000000e+00 9.555493e+09 
5450 0.000000e+00 0.000000e+00 9.555517e+09 
5451 0.000000e+00 0.000000e+00 9.555555e+09 
5452 0.000000e+00 0.000000e+00 9.555493e+09 
5453 0.000000e+00 0.000000e+00 9.555494e+09 
5454 0.000000e+00 0.000000e+00 9.555493e+09 
5455 0.000000e+00 0.000000e+00 9.555497e+09 
5456 0.000000e+00 0.000000e+00 9.555509e+09 
5457 0.000000e+00 0.000000e+00 9.555498e+09 
5458 0.000000e+00 0.000000e+00 9.555494e+09 
5459 0.000000e+00 0.000000e+00 9.555493e+09 
5460 0.000000e+00 0.000000e+00 9.555495e+09 
5461 0.000000e+00 0.000000e+00 9.555497e+09 
5462 0.000000e+00 0.000000e+00 9.555493e+09 
5463 0.000000e+00 0.000000e+00 9.555493e+09 
5464 0.000000e+00 0.000000e+00 9.555495e+09 
5465 0.000000e+00 0.000000e+00 9.555493e+09 
5466 0.000000e+00 0.000000e+00 9.555497e+09 
5467 0.000000e+00 0.000000e+00 9.555493e+09 
5468 0.000000e+00 0.000000e+00 9.555493e+09 
5469 0.000000e+00 0.000000e+00 9.555495e+09 
5470 0.000000e+00 0.000000e+00 9.555493e+09 
5471 0.000000e+00 0.000000e+00 9.555498e+09 
5472 0.000000e+00 0.000000e+00 9.555493e+09 
5473 0.000000e+00 0.000000e+00 9.555497e+09 
5474 0.000000e+00 0.000000e+00 9.555496e+09 
5475 0.000000e+00 0.000000e+00 9.555495e+09 
5476 0.000000e+00 0.000000e+00 9.555493e+09 
5477 0.000000e+00 0.000000e+00 9.555493e+09 
5478 0.000000e+00 0.000000e+00 9.555493e+09 
5479 0.000000e+00 0.000000e+00 9.555493e+09 
5480 0.000000e+00 0.000000e+00 9.555493e+09 
5481 0.000000e+00 0.000000e+00 9.555494e+09 
5482 0.000000e+00 0.000000e+00 9.555497e+09 
5483 0.000000e+00 0.000000e+00 9.555493e+09 
5484 0.000000e+00 0.000000e+00 9.555494e+09 
5485 0.000000e+00 0.000000e+00 9.555493e+09 
5486 0.000000e+00 0.000000e+00 9.555493e+09 
5487 0.000000e+00 0.000000e+00 9.555493e+09 
5488 0.000000e+00 0.000000e+00 9.555499e+09 
5489 0.000000e+00 0.000000e+00 9.556087e+09 
5490 0.000000e+00 0.000000e+00 9.555537e+09 
5491 0.000000e+00 0.000000e+00 9.555494e+09 
5492 0.000000e+00 0.000000e+00 9.555494e+09 
5493 0.000000e+00 0.000000e+00 9.555504e+09 
5494 0.000000e+00 0.000000e+00 9.555500e+09 
5495 0.000000e+00 0.000000e+00 9.555509e+09 
5496 0.000000e+00 0.000000e+00 9.555493e+09 
5497 0.000000e+00 0.000000e+00 9.555648e+09 
5498 0.000000e+00 0.000000e+00 9.555499e+09 
5499 0.000000e+00 0.000000e+00 9.555504e+09 
5500 0.000000e+00 0.000000e+00 9.555493e+09 
5501 0.000000e+00 0.000000e+00 9.555503e+09 
5502 0.000000e+00 0.000000e+00 9.555656e+09 
5503 0.000000e+00 0.000000e+00 9.555497e+09 
5504 0.000000e+00 0.000000e+00 9.555493e+09 
5505 0.000000e+00 0.000000e+00 9.555505e+09 
5506 0.000000e+00 0.000000e+00 9.555496e+09 
5507 0.000000e+00 0.000000e+00 9.555496e+09 
5508 0.000000e+00 0.000000e+00 9.555495e+09 
5509 0.000000e+00 0.000000e+00 9.555493e+09 
5510 0.000000e+00 0.000000e+00 9.555505e+09 
5511 0.000000e+00 0.000000e+00 9.555542e+09 
5512 0.000000e+00 0.000000e+00 9.555522e+09 
5513 0.000000e+00 0.000000e+00 9.555496e+09 
5514 0.000000e+00 0.000000e+00 9.555500e+09 
5515 0.000000e+00 0.000000e+00 9.555495e+09 
5516 0.000000e+00 0.000000e+00 9.555493e+09 
5517 0.000000e+00 0.000000e+00 9.555494e+09 
5518 0.000000e+00 0.000000e+00 9.555510e+09 
5519 0.000000e+00 0.000000e+00 9.555597e+09 
5520 0.000000e+00 0.000000e+00 9.555494e+09 
5521 0.000000e+00 0.000000e+00 9.555495e+09 
5522 0.000000e+00 0.000000e+00 9.555494e+09 
5523 0.000000e+00 0.000000e+00 9.556294e+09 
5524 0.000000e+00 0.000000e+00 9.555515e+09 
5525 0.000000e+00 0.000000e+00 9.555494e+09 
5526 0.000000e+00 0.000000e+00 9.555495e+09 
5527 0.000000e+00 0.000000e+00 9.555507e+09 
5528 0.000000e+00 0.000000e+00 9.555509e+09 
5529 0.000000e+00 0.000000e+00 9.555494e+09 
5530 0.000000e+00 0.000000e+00 9.555493e+09 
5531 0.000000e+00 0.000000e+00 9.555494e+09 
5532 0.000000e+00 0.000000e+00 9.555495e+09 
5533 0.000000e+00 0.000000e+00 9.555497e+09 
5534 0.000000e+00 0.000000e+00 9.555497e+09 
5535 0.000000e+00 0.000000e+00 9.555493e+09 
5536 0.000000e+00 0.000000e+00 9.555497e+09 
5537 0.000000e+00 0.000000e+00 9.555499e+09 
5538 0.000000e+00 0.000000e+00 9.555511e+09 
5539 0.000000e+00 0.000000e+00 9.555493e+09 
5540 0.000000e+00 0.000000e+00 9.555493e+09 
5541 0.000000e+00 0.000000e+00 9.555494e+09 
5542 0.000000e+00 0.000000e+00 9.555495e+09 
5543 0.000000e+00 0.000000e+00 9.555494e+09 
5544 0.000000e+00 0.000000e+00 9.555494e+09 
5545 0.000000e+00 0.000000e+00 9.555497e+09 
5546 0.000000e+00 0.000000e+00 9.555493e+09 
5547 0.000000e+00 0.000000e+00 9.555495e+09 
5548 0.000000e+00 0.000000e+00 9.555493e+09 
5549 0.000000e+00 0.000000e+00 9.555493e+09 
5550 0.000000e+00 0.000000e+00 9.555493e+09 
5551 0.000000e+00 0.000000e+00 9.555529e+09 
5552 0.000000e+00 0.000000e+00 9.555525e+09 
5553 0.000000e+00 0.000000e+00 9.555509e+09 
5554 0.000000e+00 0.000000e+00 9.555493e+09 
5555 0.000000e+00 0.000000e+00 9.555494e+09 
5556 0.000000e+00 0.000000e+00 9.555497e+09 
5557 0.000000e+00 0.000000e+00 9.555493e+09 
5558 0.000000e+00 0.000000e+00 9.555493e+09 
5559 0.000000e+00 0.000000e+00 9.555648e+09 
5560 0.000000e+00 0.000000e+00 9.555494e+09 
5561 0.000000e+00 0.000000e+00 9.555493e+09 
5562 0.000000e+00 0.000000e+00 9.555495e+09 
5563 0.000000e+00 0.000000e+00 9.555493e+09 
5564 0.000000e+00 0.000000e+00 9.555495e+09 
5565 0.000000e+00 0.000000e+00 9.555494e+09 
5566 0.000000e+00 0.000000e+00 9.555896e+09 
5567 0.000000e+00 0.000000e+00 9.555493e+09 
5568 0.000000e+00 0.000000e+00 9.555493e+09 
5569 0.000000e+00 0.000000e+00 9.555499e+09 
5570 0.000000e+00 0.000000e+00 9.555494e+09 
5571 0.000000e+00 0.000000e+00 9.555495e+09 
5572 0.000000e+00 0.000000e+00 9.555499e+09 
5573 0.000000e+00 0.000000e+00 9.555495e+09 
5574 0.000000e+00 0.000000e+00 9.555494e+09 
5575 0.000000e+00 0.000000e+00 9.555499e+09 
5576 0.000000e+00 0.000000e+00 9.555493e+09 
5577 0.000000e+00 0.000000e+00 9.555493e+09 
5578 0.000000e+00 0.000000e+00 9.555513e+09 
5579 0.000000e+00 0.000000e+00 9.555493e+09 
5580 0.000000e+00 0.000000e+00 9.555493e+09 
5581 0.000000e+00 0.000000e+00 9.555493e+09 
5582 0.000000e+00 0.000000e+00 9.555495e+09 
5583 0.000000e+00 0.000000e+00 9.555493e+09 
5584 0.000000e+00 0.000000e+00 9.555500e+09 
5585 0.000000e+00 0.000000e+00 9.555499e+09 
5586 0.000000e+00 0.000000e+00 9.555730e+09 
5587 0.000000e+00 0.000000e+00 9.555498e+09 
5588 0.000000e+00 0.000000e+00 9.555493e+09 
5589 0.000000e+00 0.000000e+00 9.555494e+09 
5590 0.000000e+00 0.000000e+00 9.555497e+09 
5591 0.000000e+00 0.000000e+00 9.555507e+09 
5592 0.000000e+00 0.000000e+00 9.555494e+09 
5593 0.000000e+00 0.000000e+00 9.555494e+09 
5594 0.000000e+00 0.000000e+00 9.555495e+09 
5595 0.000000e+00 0.000000e+00 9.555497e+09 
5596 0.000000e+00 0.000000e+00 9.555497e+09 
5597 0.000000e+00 0.000000e+00 9.555502e+09 
5598 0.000000e+00 0.000000e+00 9.555493e+09 
5599 0.000000e+00 0.000000e+00 9.555499e+09 
5600 0.000000e+00 0.000000e+00 9.555496e+09 
5601 0.000000e+00 0.000000e+00 9.555498e+09 
5602 0.000000e+00 0.000000e+00 9.555494e+09 
5603 0.000000e+00 0.000000e+00 9.555498e+09 
5604 0.000000e+00 0.000000e+00 9.555494e+09 
5605 0.000000e+00 0.000000e+00 9.555493e+09 
5606 0.000000e+00 0.000000e+00 9.555497e+09 
5607 0.000000e+00 0.000000e+00 9.555494e+09 
5608 0.000000e+00 0.000000e+00 9.555494e+09 
5609 0.000000e+00 0.000000e+00 9.555495e+09 
5610 0.000000e+00 0.000000e+00 9.555494e+09 
5611 0.000000e+00 0.000000e+00 9.555495e+09 
5612 0.000000e+00 0.000000e+00 9.555494e+09 
5613 0.000000e+00 0.000000e+00 9.555493e+09 
5614 0.000000e+00 0.000000e+00 9.555497e+09 
5615 0.000000e+00 0.000000e+00 9.555495e+09 
5616 0.000000e+00 0.000000e+00 9.555493e+09 
5617 0.000000e+00 0.000000e+00 9.555495e+09 
5618 0.000000e+00 0.000000e+00 9.555543e+09 
5619 0.000000e+00 0.000000e+00 9.555495e+09 
5620 0.000000e+00 0.000000e+00 9.555493e+09 
5621 0.000000e+00 0.000000e+00 9.555493e+09 
5622 0.000000e+00 0.000000e+00 9.555493e+09 
5623 0.000000e+00 0.000000e+00 9.555520e+09 
5624 0.000000e+00 0.000000e+00 9.555496e+09 
5625 0.000000e+00 0.000000e+00 9.555496e+09 
5626 0.000000e+00 0.000000e+00 9.555497e+09 
5627 0.000000e+00 0.000000e+00 9.555493e+09 
5628 0.000000e+00 0.000000e+00 9.555498e+09 
5629 0.000000e+00 0.000000e+00 9.555513e+09 
5630 0.000000e+00 0.000000e+00 9.555514e+09 
5631 0.000000e+00 0.000000e+00 9.555494e+09 
5632 0.000000e+00 0.000000e+00 9.555508e+09 
5633 0.000000e+00 0.000000e+00 9.555493e+09 
5634 0.000000e+00 0.000000e+00 9.555550e+09 
5635 0.000000e+00 0.000000e+00 9.555499e+09 
5636 0.000000e+00 0.000000e+00 9.555495e+09 
5637 0.000000e+00 0.000000e+00 9.555506e+09 
5638 0.000000e+00 0.000000e+00 9.555495e+09 
5639 0.000000e+00 0.000000e+00 9.555501e+09 
5640 0.000000e+00 0.000000e+00 9.555498e+09 
5641 0.000000e+00 0.000000e+00 9.555496e+09 
5642 0.000000e+00 0.000000e+00 9.555494e+09 
5643 0.000000e+00 0.000000e+00 9.555497e+09 
5644 0.000000e+00 0.000000e+00 9.555494e+09 
5645 0.000000e+00 0.000000e+00 9.555493e+09 
5646 0.000000e+00 0.000000e+00 9.555493e+09 
5647 0.000000e+00 0.000000e+00 9.555494e+09 
5648 0.000000e+00 0.000000e+00 9.555493e+09 
5649 0.000000e+00 0.000000e+00 9.555495e+09 
5650 0.000000e+00 0.000000e+00 9.555495e+09 
5651 0.000000e+00 0.000000e+00 9.555493e+09 
5652 0.000000e+00 0.000000e+00 9.555494e+09 
5653 0.000000e+00 0.000000e+00 9.555503e+09 
5654 0.000000e+00 0.000000e+00 9.555495e+09 
5655 0.000000e+00 0.000000e+00 9.555493e+09 
5656 0.000000e+00 0.000000e+00 9.555495e+09 
5657 0.000000e+00 0.000000e+00 9.555493e+09 
5658 0.000000e+00 0.000000e+00 9.555504e+09 
5659 0.000000e+00 0.000000e+00 9.555495e+09 
5660 0.000000e+00 0.000000e+00 9.555493e+09 
5661 0.000000e+00 0.000000e+00 9.555500e+09 
5662 0.000000e+00 0.000000e+00 9.555493e+09 
5663 0.000000e+00 0.000000e+00 9.555580e+09 
5664 0.000000e+00 0.000000e+00 9.555494e+09 
5665 0.000000e+00 0.000000e+00 9.555493e+09 
5666 0.000000e+00 0.000000e+00 9.555506e+09 
5667 0.000000e+00 0.000000e+00 9.555694e+09 
5668 0.000000e+00 0.000000e+00 9.555494e+09 
5669 0.000000e+00 0.000000e+00 9.555495e+09 
5670 0.000000e+00 0.000000e+00 9.555499e+09 
5671 0.000000e+00 0.000000e+00 9.555494e+09 
5672 0.000000e+00 0.000000e+00 9.555493e+09 
5673 0.000000e+00 0.000000e+00 9.555495e+09 
5674 0.000000e+00 0.000000e+00 9.555493e+09 
5675 0.000000e+00 0.000000e+00 9.555513e+09 
5676 0.000000e+00 0.000000e+00 9.555494e+09 
5677 0.000000e+00 0.000000e+00 9.555497e+09 
5678 0.000000e+00 0.000000e+00 9.555493e+09 
5679 0.000000e+00 0.000000e+00 9.555495e+09 
5680 0.000000e+00 0.000000e+00 9.555495e+09 
5681 0.000000e+00 0.000000e+00 9.555494e+09 
5682 0.000000e+00 0.000000e+00 9.555493e+09 
5683 0.000000e+00 0.000000e+00 9.555493e+09 
5684 0.000000e+00 0.000000e+00 9.555503e+09 
5685 0.000000e+00 0.000000e+00 9.555494e+09 
5686 0.000000e+00 0.000000e+00 9.555494e+09 
5687 0.000000e+00 0.000000e+00 9.555494e+09 
5688 0.000000e+00 0.000000e+00 9.555493e+09 
5689 0.000000e+00 0.000000e+00 9.555576e+09 
5690 0.000000e+00 0.000000e+00 9.555626e+09 
5691 0.000000e+00 0.000000e+00 9.555724e+09 
5692 0.000000e+00 0.000000e+00 9.555497e+09 
5693 0.000000e+00 0.000000e+00 9.555496e+09 
5694 0.000000e+00 0.000000e+00 9.555497e+09 
5695 0.000000e+00 0.000000e+00 9.555493e+09 
5696 0.000000e+00 0.000000e+00 9.555519e+09 
5697 0.000000e+00 0.000000e+00 9.555785e+09 
5698 0.000000e+00 0.000000e+00 9.555510e+09 
5699 0.000000e+00 0.000000e+00 9.555498e+09 
5700 0.000000e+00 0.000000e+00 9.555493e+09 
5701 0.000000e+00 0.000000e+00 9.555497e+09 
5702 0.000000e+00 0.000000e+00 9.555494e+09 
5703 0.000000e+00 0.000000e+00 9.555493e+09 
5704 0.000000e+00 0.000000e+00 9.555504e+09 
5705 0.000000e+00 0.000000e+00 9.555495e+09 
5706 0.000000e+00 0.000000e+00 9.555495e+09 
5707 0.000000e+00 0.000000e+00 9.555493e+09 
5708 0.000000e+00 0.000000e+00 9.555494e+09 
5709 0.000000e+00 0.000000e+00 9.555505e+09 
5710 0.000000e+00 0.000000e+00 9.555519e+09 
5711 0.000000e+00 0.000000e+00 9.555493e+09 
5712 0.000000e+00 0.000000e+00 9.555493e+09 
5713 0.000000e+00 0.000000e+00 9.555496e+09 
5714 0.000000e+00 0.000000e+00 9.555499e+09 
5715 0.000000e+00 0.000000e+00 9.555494e+09 
5716 0.000000e+00 0.000000e+00 9.555493e+09 
5717 0.000000e+00 0.000000e+00 9.555957e+09 
5718 0.000000e+00 0.000000e+00 9.555514e+09 
5719 0.000000e+00 0.000000e+00 9.555578e+09 
5720 0.000000e+00 0.000000e+00 9.555497e+09 
5721 0.000000e+00 0.000000e+00 9.555494e+09 
5722 0.000000e+00 0.000000e+00 9.555544e+09 
5723 0.000000e+00 0.000000e+00 9.555509e+09 
5724 0.000000e+00 0.000000e+00 9.555502e+09 
5725 0.000000e+00 0.000000e+00 9.555498e+09 
5726 0.000000e+00 0.000000e+00 9.555493e+09 
5727 0.000000e+00 0.000000e+00 9.555494e+09 
5728 0.000000e+00 0.000000e+00 9.555495e+09 
5729 0.000000e+00 0.000000e+00 9.555493e+09 
5730 0.000000e+00 0.000000e+00 9.555494e+09 
5731 0.000000e+00 0.000000e+00 9.555493e+09 
5732 0.000000e+00 0.000000e+00 9.555493e+09 
5733 0.000000e+00 0.000000e+00 9.555493e+09 
5734 0.000000e+00 0.000000e+00 9.555500e+09 
5735 0.000000e+00 0.000000e+00 9.555494e+09 
5736 0.000000e+00 0.000000e+00 9.555493e+09 
5737 0.000000e+00 0.000000e+00 9.555493e+09 
5738 0.000000e+00 0.000000e+00 9.555495e+09 
5739 0.000000e+00 0.000000e+00 9.555495e+09 
5740 0.000000e+00 0.000000e+00 9.557103e+09 
5741 0.000000e+00 0.000000e+00 9.555497e+09 
5742 0.000000e+00 0.000000e+00 9.555494e+09 
5743 0.000000e+00 0.000000e+00 9.555515e+09 
5744 0.000000e+00 0.000000e+00 9.555511e+09 
5745 0.000000e+00 0.000000e+00 9.555533e+09 
5746 0.000000e+00 0.000000e+00 9.555493e+09 
5747 0.000000e+00 0.000000e+00 9.555502e+09 
5748 0.000000e+00 0.000000e+00 9.555514e+09 
5749 0.000000e+00 0.000000e+00 9.555504e+09 
5750 0.000000e+00 0.000000e+00 9.555494e+09 
5751 0.000000e+00 0.000000e+00 9.555493e+09 
5752 0.000000e+00 0.000000e+00 9.555495e+09 
5753 0.000000e+00 0.000000e+00 9.555503e+09 
5754 0.000000e+00 0.000000e+00 9.555493e+09 
5755 0.000000e+00 0.000000e+00 9.555494e+09 
5756 0.000000e+00 0.000000e+00 9.555494e+09 
5757 0.000000e+00 0.000000e+00 9.555499e+09 
5758 0.000000e+00 0.000000e+00 9.555500e+09 
5759 0.000000e+00 0.000000e+00 9.555493e+09 
5760 0.000000e+00 0.000000e+00 9.555497e+09 
5761 0.000000e+00 0.000000e+00 9.555493e+09 
5762 0.000000e+00 0.000000e+00 9.555493e+09 
5763 0.000000e+00 0.000000e+00 9.555495e+09 
5764 0.000000e+00 0.000000e+00 9.555493e+09 
5765 0.000000e+00 0.000000e+00 9.555497e+09 
5766 0.000000e+00 0.000000e+00 9.555543e+09 
5767 0.000000e+00 0.000000e+00 9.555499e+09 
5768 0.000000e+00 0.000000e+00 9.555493e+09 
5769 0.000000e+00 0.000000e+00 9.555676e+09 
5770 0.000000e+00 0.000000e+00 9.555493e+09 
5771 0.000000e+00 0.000000e+00 9.555493e+09 
5772 0.000000e+00 0.000000e+00 9.555493e+09 
5773 0.000000e+00 0.000000e+00 9.555559e+09 
5774 0.000000e+00 0.000000e+00 9.555493e+09 
5775 0.000000e+00 0.000000e+00 9.555498e+09 
5776 0.000000e+00 0.000000e+00 9.555493e+09 
5777 0.000000e+00 0.000000e+00 9.555493e+09 
5778 0.000000e+00 0.000000e+00 9.555500e+09 
5779 0.000000e+00 0.000000e+00 9.555493e+09 
5780 0.000000e+00 0.000000e+00 9.555493e+09 
5781 0.000000e+00 0.000000e+00 9.555493e+09 
5782 0.000000e+00 0.000000e+00 9.555494e+09 
5783 0.000000e+00 0.000000e+00 9.555499e+09 
5784 0.000000e+00 0.000000e+00 9.555495e+09 
5785 0.000000e+00 0.000000e+00 9.555496e+09 
5786 0.000000e+00 0.000000e+00 9.555493e+09 
5787 0.000000e+00 0.000000e+00 9.555494e+09 
5788 0.000000e+00 0.000000e+00 9.555497e+09 
5789 0.000000e+00 0.000000e+00 9.555494e+09 
5790 0.000000e+00 0.000000e+00 9.555493e+09 
5791 0.000000e+00 0.000000e+00 9.555493e+09 
5792 0.000000e+00 0.000000e+00 9.555503e+09 
5793 0.000000e+00 0.000000e+00 9.555496e+09 
5794 0.000000e+00 0.000000e+00 9.555498e+09 
5795 0.000000e+00 0.000000e+00 9.555494e+09 
5796 0.000000e+00 0.000000e+00 9.555494e+09 
5797 0.000000e+00 0.000000e+00 9.555493e+09 
5798 0.000000e+00 0.000000e+00 9.555495e+09 
5799 0.000000e+00 0.000000e+00 9.555493e+09 
5800 0.000000e+00 0.000000e+00 9.555493e+09 
5801 0.000000e+00 0.000000e+00 9.555494e+09 
5802 0.000000e+00 0.000000e+00 9.555494e+09 
5803 0.000000e+00 0.000000e+00 9.555495e+09 
5804 0.000000e+00 0.000000e+00 9.555496e+09 
5805 0.000000e+00 0.000000e+00 9.555498e+09 
5806 0.000000e+00 0.000000e+00 9.555495e+09 
5807 0.000000e+00 0.000000e+00 9.555495e+09 
5808 0.000000e+00 0.000000e+00 9.555502e+09 
5809 0.000000e+00 0.000000e+00 9.555507e+09 
5810 0.000000e+00 0.000000e+00 9.555493e+09 
5811 0.000000e+00 0.000000e+00 9.555496e+09 
5812 0.000000e+00 0.000000e+00 9.555494e+09 
5813 0.000000e+00 0.000000e+00 9.555493e+09 
5814 0.000000e+00 0.000000e+00 9.555501e+09 
5815 0.000000e+00 0.000000e+00 9.555493e+09 
5816 0.000000e+00 0.000000e+00 9.555493e+09 
5817 0.000000e+00 0.000000e+00 9.555493e+09 
5818 0.000000e+00 0.000000e+00 9.555493e+09 
5819 0.000000e+00 0.000000e+00 9.555495e+09 
5820 0.000000e+00 0.000000e+00 9.555495e+09 
5821 0.000000e+00 0.000000e+00 9.555495e+09 
5822 0.000000e+00 0.000000e+00 9.555494e+09 
5823 0.000000e+00 0.000000e+00 9.555494e+09 
5824 0.000000e+00 0.000000e+00 9.555494e+09 
5825 0.000000e+00 0.000000e+00 9.555513e+09 
5826 0.000000e+00 0.000000e+00 9.555505e+09 
5827 0.000000e+00 0.000000e+00 9.555494e+09 
5828 0.000000e+00 0.000000e+00 9.555494e+09 
5829 0.000000e+00 0.000000e+00 9.555516e+09 
5830 0.000000e+00 0.000000e+00 9.555494e+09 
5831 0.000000e+00 0.000000e+00 9.555537e+09 
5832 0.000000e+00 0.000000e+00 9.555494e+09 
5833 0.000000e+00 0.000000e+00 9.555493e+09 
5834 0.000000e+00 0.000000e+00 9.555493e+09 
5835 0.000000e+00 0.000000e+00 9.555493e+09 
5836 0.000000e+00 0.000000e+00 9.555493e+09 
5837 0.000000e+00 0.000000e+00 9.555493e+09 
5838 0.000000e+00 0.000000e+00 9.555495e+09 
5839 0.000000e+00 0.000000e+00 9.555495e+09 
5840 0.000000e+00 0.000000e+00 9.555493e+09 
5841 0.000000e+00 0.000000e+00 9.555495e+09 
5842 0.000000e+00 0.000000e+00 9.555494e+09 
5843 0.000000e+00 0.000000e+00 9.555498e+09 
5844 0.000000e+00 0.000000e+00 9.555502e+09 
5845 0.000000e+00 0.000000e+00 9.555494e+09 
5846 0.000000e+00 0.000000e+00 9.555494e+09 
5847 0.000000e+00 0.000000e+00 9.555493e+09 
5848 0.000000e+00 0.000000e+00 9.555500e+09 
5849 0.000000e+00 0.000000e+00 9.555494e+09 
5850 0.000000e+00 0.000000e+00 9.555493e+09 
5851 0.000000e+00 0.000000e+00 9.555494e+09 
5852 0.000000e+00 0.000000e+00 9.555493e+09 
5853 0.000000e+00 0.000000e+00 9.555495e+09 
5854 0.000000e+00 0.000000e+00 9.555499e+09 
5855 0.000000e+00 0.000000e+00 9.555493e+09 
5856 0.000000e+00 0.000000e+00 9.555494e+09 
5857 0.000000e+00 0.000000e+00 9.555528e+09 
5858 0.000000e+00 0.000000e+00 9.555496e+09 
5859 0.000000e+00 0.000000e+00 9.555493e+09 
5860 0.000000e+00 0.000000e+00 9.555498e+09 
5861 0.000000e+00 0.000000e+00 9.555495e+09 
5862 0.000000e+00 0.000000e+00 9.555493e+09 
5863 0.000000e+00 0.000000e+00 9.555493e+09 
5864 0.000000e+00 0.000000e+00 9.555493e+09 
5865 0.000000e+00 0.000000e+00 9.555495e+09 
5866 0.000000e+00 0.000000e+00 9.555493e+09 
5867 0.000000e+00 0.000000e+00 9.555493e+09 
5868 0.000000e+00 0.000000e+00 9.555493e+09 
5869 0.000000e+00 0.000000e+00 9.555494e+09 
5870 0.000000e+00 0.000000e+00 9.555493e+09 
5871 0.000000e+00 0.000000e+00 9.555493e+09 
5872 0.000000e+00 0.000000e+00 9.555500e+09 
5873 0.000000e+00 0.000000e+00 9.555494e+09 
5874 0.000000e+00 0.000000e+00 9.555500e+09 
5875 0.000000e+00 0.000000e+00 9.555493e+09 
5876 0.000000e+00 0.000000e+00 9.555500e+09 
5877 0.000000e+00 0.000000e+00 9.555493e+09 
5878 0.000000e+00 0.000000e+00 9.555494e+09 
5879 0.000000e+00 0.000000e+00 9.555551e+09 
5880 0.000000e+00 0.000000e+00 9.555503e+09 
5881 0.000000e+00 0.000000e+00 9.555495e+09 
5882 0.000000e+00 0.000000e+00 9.555501e+09 
5883 0.000000e+00 0.000000e+00 9.555497e+09 
5884 0.000000e+00 0.000000e+00 9.555493e+09 
5885 0.000000e+00 0.000000e+00 9.555495e+09 
5886 0.000000e+00 0.000000e+00 9.555503e+09 
5887 0.000000e+00 0.000000e+00 9.555495e+09 
5888 0.000000e+00 0.000000e+00 9.555493e+09 
5889 0.000000e+00 0.000000e+00 9.555503e+09 
5890 0.000000e+00 0.000000e+00 9.555493e+09 
5891 0.000000e+00 0.000000e+00 9.555498e+09 
5892 0.000000e+00 0.000000e+00 9.555497e+09 
5893 0.000000e+00 0.000000e+00 9.555496e+09 
5894 0.000000e+00 0.000000e+00 9.555496e+09 
5895 0.000000e+00 0.000000e+00 9.555494e+09 
5896 0.000000e+00 0.000000e+00 9.555500e+09 
5897 0.000000e+00 0.000000e+00 9.555496e+09 
5898 0.000000e+00 0.000000e+00 9.555495e+09 
5899 0.000000e+00 0.000000e+00 9.555494e+09 
5900 0.000000e+00 0.000000e+00 9.555495e+09 
5901 0.000000e+00 0.000000e+00 9.555493e+09 
5902 0.000000e+00 0.000000e+00 9.555494e+09 
5903 0.000000e+00 0.000000e+00 9.555493e+09 
5904 0.000000e+00 0.000000e+00 9.555494e+09 
5905 0.000000e+00 0.000000e+00 9.555493e+09 
5906 0.000000e+00 0.000000e+00 9.555493e+09 
5907 0.000000e+00 0.000000e+00 9.555493e+09 
5908 0.000000e+00 0.000000e+00 9.555493e+09 
5909 0.000000e+00 0.000000e+00 9.555501e+09 
5910 0.000000e+00 0.000000e+00 9.555498e+09 
5911 0.000000e+00 0.000000e+00 9.555493e+09 
5912 0.000000e+00 0.000000e+00 9.555493e+09 
5913 0.000000e+00 0.000000e+00 9.555498e+09 
5914 0.000000e+00 0.000000e+00 9.555576e+09 
5915 0.000000e+00 0.000000e+00 9.555495e+09 
5916 0.000000e+00 0.000000e+00 9.555518e+09 
5917 0.000000e+00 0.000000e+00 9.555505e+09 
5918 0.000000e+00 0.000000e+00 9.555493e+09 
5919 0.000000e+00 0.000000e+00 9.555495e+09 
5920 0.000000e+00 0.000000e+00 9.555495e+09 
5921 0.000000e+00 0.000000e+00 9.555495e+09 
5922 0.000000e+00 0.000000e+00 9.555510e+09 
5923 0.000000e+00 0.000000e+00 9.555598e+09 
5924 0.000000e+00 0.000000e+00 9.555493e+09 
5925 0.000000e+00 0.000000e+00 9.555499e+09 
5926 0.000000e+00 0.000000e+00 9.555512e+09 
5927 0.000000e+00 0.000000e+00 9.555518e+09 
5928 0.000000e+00 0.000000e+00 9.555515e+09 
5929 0.000000e+00 0.000000e+00 9.560705e+09 
5930 0.000000e+00 0.000000e+00 9.555493e+09 
5931 0.000000e+00 0.000000e+00 9.555500e+09 
5932 0.000000e+00 0.000000e+00 9.555499e+09 
5933 0.000000e+00 0.000000e+00 9.555494e+09 
5934 0.000000e+00 0.000000e+00 9.555496e+09 
5935 0.000000e+00 0.000000e+00 9.555507e+09 
5936 0.000000e+00 0.000000e+00 9.555493e+09 
5937 0.000000e+00 0.000000e+00 9.555493e+09 
5938 0.000000e+00 0.000000e+00 9.555496e+09 
5939 0.000000e+00 0.000000e+00 9.555510e+09 
5940 0.000000e+00 0.000000e+00 9.555497e+09 
5941 0.000000e+00 0.000000e+00 9.555494e+09 
5942 0.000000e+00 0.000000e+00 9.555494e+09 
5943 0.000000e+00 0.000000e+00 9.555499e+09 
5944 0.000000e+00 0.000000e+00 9.555493e+09 
5945 0.000000e+00 0.000000e+00 9.555498e+09 
5946 0.000000e+00 0.000000e+00 9.555506e+09 
5947 0.000000e+00 0.000000e+00 9.555493e+09 
5948 0.000000e+00 0.000000e+00 9.556134e+09 
5949 0.000000e+00 0.000000e+00 9.555493e+09 
5950 0.000000e+00 0.000000e+00 9.555493e+09 
5951 0.000000e+00 0.000000e+00 9.555500e+09 
5952 0.000000e+00 0.000000e+00 9.555495e+09 
5953 0.000000e+00 0.000000e+00 9.555505e+09 
5954 0.000000e+00 0.000000e+00 9.555493e+09 
5955 0.000000e+00 0.000000e+00 9.555640e+09 
5956 0.000000e+00 0.000000e+00 9.555503e+09 
5957 0.000000e+00 0.000000e+00 9.555495e+09 
5958 0.000000e+00 0.000000e+00 9.555493e+09 
5959 0.000000e+00 0.000000e+00 9.555495e+09 
5960 0.000000e+00 0.000000e+00 9.555496e+09 
5961 0.000000e+00 0.000000e+00 9.555493e+09 
5962 0.000000e+00 0.000000e+00 9.555501e+09 
5963 0.000000e+00 0.000000e+00 9.555497e+09 
5964 0.000000e+00 0.000000e+00 9.555493e+09 
5965 0.000000e+00 0.000000e+00 9.555518e+09 
5966 0.000000e+00 0.000000e+00 9.555493e+09 
5967 0.000000e+00 0.000000e+00 9.555494e+09 
5968 0.000000e+00 0.000000e+00 9.555493e+09 
5969 0.000000e+00 0.000000e+00 9.555494e+09 
5970 0.000000e+00 0.000000e+00 9.555498e+09 
5971 0.000000e+00 0.000000e+00 9.555493e+09 
5972 0.000000e+00 0.000000e+00 9.555501e+09 
5973 0.000000e+00 0.000000e+00 9.555493e+09 
5974 0.000000e+00 0.000000e+00 9.555607e+09 
5975 0.000000e+00 0.000000e+00 9.555534e+09 
5976 0.000000e+00 0.000000e+00 9.555494e+09 
5977 0.000000e+00 0.000000e+00 9.555502e+09 
5978 0.000000e+00 0.000000e+00 9.555494e+09 
5979 0.000000e+00 0.000000e+00 9.555494e+09 
5980 0.000000e+00 0.000000e+00 9.555494e+09 
5981 0.000000e+00 0.000000e+00 9.555493e+09 
5982 0.000000e+00 0.000000e+00 9.555496e+09 
5983 0.000000e+00 0.000000e+00 9.555494e+09 
5984 0.000000e+00 0.000000e+00 9.555495e+09 
5985 0.000000e+00 0.000000e+00 9.555495e+09 
5986 0.000000e+00 0.000000e+00 9.555534e+09 
5987 0.000000e+00 0.000000e+00 9.555505e+09 
5988 0.000000e+00 0.000000e+00 9.555493e+09 
5989 0.000000e+00 0.000000e+00 9.555493e+09 
5990 0.000000e+00 0.000000e+00 9.555495e+09 
5991 0.000000e+00 0.000000e+00 9.555493e+09 
5992 0.000000e+00 0.000000e+00 9.555493e+09 
5993 0.000000e+00 0.000000e+00 9.555495e+09 
5994 0.000000e+00 0.000000e+00 9.555496e+09 
5995 0.000000e+00 0.000000e+00 9.555507e+09 
5996 0.000000e+00 0.000000e+00 9.555494e+09 
5997 0.000000e+00 0.000000e+00 9.555507e+09 
5998 0.000000e+00 0.000000e+00 9.555735e+09 
5999 0.000000e+00 0.000000e+00 9.555495e+09 
6000 0.000000e+00 0.000000e+00 9.555494e+09 
6001 0.000000e+00 0.000000e+00 9.555510e+09 
6002 0.000000e+00 0.000000e+00 9.555493e+09 
6003 0.000000e+00 0.000000e+00 9.555505e+09 
6004 0.000000e+00 0.000000e+00 9.555495e+09 
6005 0.000000e+00 0.000000e+00 9.555496e+09 
6006 0.000000e+00 0.000000e+00 9.555523e+09 
6007 0.000000e+00 0.000000e+00 9.555502e+09 
6008 0.000000e+00 0.000000e+00 9.555493e+09 
6009 0.000000e+00 0.000000e+00 9.555498e+09 
6010 0.000000e+00 0.000000e+00 9.555493e+09 
6011 0.000000e+00 0.000000e+00 9.555494e+09 
6012 0.000000e+00 0.000000e+00 9.555506e+09 
6013 0.000000e+00 0.000000e+00 9.555496e+09 
6014 0.000000e+00 0.000000e+00 9.555493e+09 
6015 0.000000e+00 0.000000e+00 9.555496e+09 
6016 0.000000e+00 0.000000e+00 9.555497e+09 
6017 0.000000e+00 0.000000e+00 9.555502e+09 
6018 0.000000e+00 0.000000e+00 9.555496e+09 
6019 0.000000e+00 0.000000e+00 9.555494e+09 
6020 0.000000e+00 0.000000e+00 9.555507e+09 
6021 0.000000e+00 0.000000e+00 9.555497e+09 
6022 0.000000e+00 0.000000e+00 9.555493e+09 
6023 0.000000e+00 0.000000e+00 9.555495e+09 
6024 0.000000e+00 0.000000e+00 9.555498e+09 
6025 0.000000e+00 0.000000e+00 9.555495e+09 
6026 0.000000e+00 0.000000e+00 9.555494e+09 
6027 0.000000e+00 0.000000e+00 9.555493e+09 
6028 0.000000e+00 0.000000e+00 9.555494e+09 
6029 0.000000e+00 0.000000e+00 9.555500e+09 
6030 0.000000e+00 0.000000e+00 9.555494e+09 
6031 0.000000e+00 0.000000e+00 9.555495e+09 
6032 0.000000e+00 0.000000e+00 9.555493e+09 
6033 0.000000e+00 0.000000e+00 9.555495e+09 
6034 0.000000e+00 0.000000e+00 9.555493e+09 
6035 0.000000e+00 0.000000e+00 9.555494e+09 
6036 0.000000e+00 0.000000e+00 9.555494e+09 
6037 0.000000e+00 0.000000e+00 9.555494e+09 
6038 0.000000e+00 0.000000e+00 9.555495e+09 
6039 0.000000e+00 0.000000e+00 9.555494e+09 
6040 0.000000e+00 0.000000e+00 9.555506e+09 
6041 0.000000e+00 0.000000e+00 9.555495e+09 
6042 0.000000e+00 0.000000e+00 9.555499e+09 
6043 0.000000e+00 0.000000e+00 9.555493e+09 
6044 0.000000e+00 0.000000e+00 9.555493e+09 
6045 0.000000e+00 0.000000e+00 9.555498e+09 
6046 0.000000e+00 0.000000e+00 9.555494e+09 
6047 0.000000e+00 0.000000e+00 9.555494e+09 
6048 0.000000e+00 0.000000e+00 9.555493e+09 
6049 0.000000e+00 0.000000e+00 9.555498e+09 
6050 0.000000e+00 0.000000e+00 9.555493e+09 
6051 0.000000e+00 0.000000e+00 9.555545e+09 
6052 0.000000e+00 0.000000e+00 9.555496e+09 
6053 0.000000e+00 0.000000e+00 9.555494e+09 
6054 0.000000e+00 0.000000e+00 9.555494e+09 
6055 0.000000e+00 0.000000e+00 9.555499e+09 
6056 0.000000e+00 0.000000e+00 9.555493e+09 
6057 0.000000e+00 0.000000e+00 9.555500e+09 
6058 0.000000e+00 0.000000e+00 9.555493e+09 
6059 0.000000e+00 0.000000e+00 9.555494e+09 
6060 0.000000e+00 0.000000e+00 9.555545e+09 
6061 0.000000e+00 0.000000e+00 9.555493e+09 
6062 0.000000e+00 0.000000e+00 9.555493e+09 
6063 0.000000e+00 0.000000e+00 9.555501e+09 
6064 0.000000e+00 0.000000e+00 9.555493e+09 
6065 0.000000e+00 0.000000e+00 9.555494e+09 
6066 0.000000e+00 0.000000e+00 9.555494e+09 
6067 0.000000e+00 0.000000e+00 9.555505e+09 
6068 0.000000e+00 0.000000e+00 9.555496e+09 
6069 0.000000e+00 0.000000e+00 9.555494e+09 
6070 0.000000e+00 0.000000e+00 9.555493e+09 
6071 0.000000e+00 0.000000e+00 9.555494e+09 
6072 0.000000e+00 0.000000e+00 9.555494e+09 
6073 0.000000e+00 0.000000e+00 9.555493e+09 
6074 0.000000e+00 0.000000e+00 9.555493e+09 
6075 0.000000e+00 0.000000e+00 9.555495e+09 
6076 0.000000e+00 0.000000e+00 9.555499e+09 
6077 0.000000e+00 0.000000e+00 9.555496e+09 
6078 0.000000e+00 0.000000e+00 9.555496e+09 
6079 0.000000e+00 0.000000e+00 9.555496e+09 
6080 0.000000e+00 0.000000e+00 9.555494e+09 
6081 0.000000e+00 0.000000e+00 9.555495e+09 
6082 0.000000e+00 0.000000e+00 9.555493e+09 
6083 0.000000e+00 0.000000e+00 9.555494e+09 
6084 0.000000e+00 0.000000e+00 9.555516e+09 
6085 0.000000e+00 0.000000e+00 9.556183e+09 
6086 0.000000e+00 0.000000e+00 9.555522e+09 
6087 0.000000e+00 0.000000e+00 9.555498e+09 
6088 0.000000e+00 0.000000e+00 9.555493e+09 
6089 0.000000e+00 0.000000e+00 9.555493e+09 
6090 0.000000e+00 0.000000e+00 9.555512e+09 
6091 0.000000e+00 0.000000e+00 9.555537e+09 
6092 0.000000e+00 0.000000e+00 9.555493e+09 
6093 0.000000e+00 0.000000e+00 9.555493e+09 
6094 0.000000e+00 0.000000e+00 9.555495e+09 
6095 0.000000e+00 0.000000e+00 9.555501e+09 
6096 0.000000e+00 0.000000e+00 9.555493e+09 
6097 0.000000e+00 0.000000e+00 9.555493e+09 
6098 0.000000e+00 0.000000e+00 9.555503e+09 
6099 0.000000e+00 0.000000e+00 9.555505e+09 
6100 0.000000e+00 0.000000e+00 9.555494e+09 
6101 0.000000e+00 0.000000e+00 9.555498e+09 
6102 0.000000e+00 0.000000e+00 9.555501e+09 
6103 0.000000e+00 0.000000e+00 9.555496e+09 
6104 0.000000e+00 0.000000e+00 9.555495e+09 
6105 0.000000e+00 0.000000e+00 9.555493e+09 
6106 0.000000e+00 0.000000e+00 9.555493e+09 
6107 0.000000e+00 0.000000e+00 9.555493e+09 
6108 0.000000e+00 0.000000e+00 9.555493e+09 
6109 0.000000e+00 0.000000e+00 9.555494e+09 
6110 0.000000e+00 0.000000e+00 9.555503e+09 
6111 0.000000e+00 0.000000e+00 9.555494e+09 
6112 0.000000e+00 0.000000e+00 9.555493e+09 
6113 0.000000e+00 0.000000e+00 9.555495e+09 
6114 0.000000e+00 0.000000e+00 9.555495e+09 
6115 0.000000e+00 0.000000e+00 9.555496e+09 
6116 0.000000e+00 0.000000e+00 9.555502e+09 
6117 0.000000e+00 0.000000e+00 9.555494e+09 
6118 0.000000e+00 0.000000e+00 9.555498e+09 
6119 0.000000e+00 0.000000e+00 9.555518e+09 
6120 0.000000e+00 0.000000e+00 9.555503e+09 
6121 0.000000e+00 0.000000e+00 9.555495e+09 
6122 0.000000e+00 0.000000e+00 9.555495e+09 
6123 0.000000e+00 0.000000e+00 9.555598e+09 
6124 0.000000e+00 0.000000e+00 9.555499e+09 
6125 0.000000e+00 0.000000e+00 9.555591e+09 
6126 0.000000e+00 0.000000e+00 9.555577e+09 
6127 0.000000e+00 0.000000e+00 9.555497e+09 
6128 0.000000e+00 0.000000e+00 9.555493e+09 
6129 0.000000e+00 0.000000e+00 9.555788e+09 
6130 0.000000e+00 0.000000e+00 9.555493e+09 
6131 0.000000e+00 0.000000e+00 9.555539e+09 
6132 0.000000e+00 0.000000e+00 9.555498e+09 
6133 0.000000e+00 0.000000e+00 9.555532e+09 
6134 0.000000e+00 0.000000e+00 9.555523e+09 
6135 0.000000e+00 0.000000e+00 9.555493e+09 
6136 0.000000e+00 0.000000e+00 9.555594e+09 
6137 0.000000e+00 0.000000e+00 9.555495e+09 
6138 0.000000e+00 0.000000e+00 9.555494e+09 
6139 0.000000e+00 0.000000e+00 9.555494e+09 
6140 0.000000e+00 0.000000e+00 9.555496e+09 
6141 0.000000e+00 0.000000e+00 9.555517e+09 
6142 0.000000e+00 0.000000e+00 9.555493e+09 
6143 0.000000e+00 0.000000e+00 9.555493e+09 
6144 0.000000e+00 0.000000e+00 9.555496e+09 
6145 0.000000e+00 0.000000e+00 9.555493e+09 
6146 0.000000e+00 0.000000e+00 9.555502e+09 
6147 0.000000e+00 0.000000e+00 9.555504e+09 
6148 0.000000e+00 0.000000e+00 9.555495e+09 
6149 0.000000e+00 0.000000e+00 9.555528e+09 
6150 0.000000e+00 0.000000e+00 9.555495e+09 
6151 0.000000e+00 0.000000e+00 9.555514e+09 
6152 0.000000e+00 0.000000e+00 9.556020e+09 
6153 0.000000e+00 0.000000e+00 9.555494e+09 
6154 0.000000e+00 0.000000e+00 9.555494e+09 
6155 0.000000e+00 0.000000e+00 9.555504e+09 
6156 0.000000e+00 0.000000e+00 9.555517e+09 
6157 0.000000e+00 0.000000e+00 9.555495e+09 
6158 0.000000e+00 0.000000e+00 9.555494e+09 
6159 0.000000e+00 0.000000e+00 9.555493e+09 
6160 0.000000e+00 0.000000e+00 9.555495e+09 
6161 0.000000e+00 0.000000e+00 9.555493e+09 
6162 0.000000e+00 0.000000e+00 9.555498e+09 
6163 0.000000e+00 0.000000e+00 9.555496e+09 
6164 0.000000e+00 0.000000e+00 9.555493e+09 
6165 0.000000e+00 0.000000e+00 9.555494e+09 
6166 0.000000e+00 0.000000e+00 9.555498e+09 
6167 0.000000e+00 0.000000e+00 9.555493e+09 
6168 0.000000e+00 0.000000e+00 9.555493e+09 
6169 0.000000e+00 0.000000e+00 9.555494e+09 
6170 0.000000e+00 0.000000e+00 9.555493e+09 
6171 0.000000e+00 0.000000e+00 9.555496e+09 
6172 0.000000e+00 0.000000e+00 9.555497e+09 
6173 0.000000e+00 0.000000e+00 9.555500e+09 
6174 0.000000e+00 0.000000e+00 9.555494e+09 
6175 0.000000e+00 0.000000e+00 9.555494e+09 
6176 0.000000e+00 0.000000e+00 9.555496e+09 
6177 0.000000e+00 0.000000e+00 9.555493e+09 
6178 0.000000e+00 0.000000e+00 9.555494e+09 
6179 0.000000e+00 0.000000e+00 9.555495e+09 
6180 0.000000e+00 0.000000e+00 9.555496e+09 
6181 0.000000e+00 0.000000e+00 9.555503e+09 
6182 0.000000e+00 0.000000e+00 9.555493e+09 
6183 0.000000e+00 0.000000e+00 9.555493e+09 
6184 0.000000e+00 0.000000e+00 9.555493e+09 
6185 0.000000e+00 0.000000e+00 9.555493e+09 
6186 0.000000e+00 0.000000e+00 9.555547e+09 
6187 0.000000e+00 0.000000e+00 9.555498e+09 
6188 0.000000e+00 0.000000e+00 9.555496e+09 
6189 0.000000e+00 0.000000e+00 9.555504e+09 
6190 0.000000e+00 0.000000e+00 9.555505e+09 
6191 0.000000e+00 0.000000e+00 9.555498e+09 
6192 0.000000e+00 0.000000e+00 9.555493e+09 
6193 0.000000e+00 0.000000e+00 9.555519e+09 
6194 0.000000e+00 0.000000e+00 9.555562e+09 
6195 0.000000e+00 0.000000e+00 9.555495e+09 
6196 0.000000e+00 0.000000e+00 9.555494e+09 
6197 0.000000e+00 0.000000e+00 9.555493e+09 
6198 0.000000e+00 0.000000e+00 9.555493e+09 
6199 0.000000e+00 0.000000e+00 9.555493e+09 
6200 0.000000e+00 0.000000e+00 9.555494e+09 
6201 0.000000e+00 0.000000e+00 9.555494e+09 
6202 0.000000e+00 0.000000e+00 9.555514e+09 
6203 0.000000e+00 0.000000e+00 9.555493e+09 
6204 0.000000e+00 0.000000e+00 9.555494e+09 
6205 0.000000e+00 0.000000e+00 9.555494e+09 
6206 0.000000e+00 0.000000e+00 9.555493e+09 
6207 0.000000e+00 0.000000e+00 9.555497e+09 
6208 0.000000e+00 0.000000e+00 9.555493e+09 
6209 0.000000e+00 0.000000e+00 9.555493e+09 
6210 0.000000e+00 0.000000e+00 9.555493e+09 
6211 0.000000e+00 0.000000e+00 9.555495e+09 
6212 0.000000e+00 0.000000e+00 9.555494e+09 
6213 0.000000e+00 0.000000e+00 9.555493e+09 
6214 0.000000e+00 0.000000e+00 9.555498e+09 
6215 0.000000e+00 0.000000e+00 9.555495e+09 
6216 0.000000e+00 0.000000e+00 9.555494e+09 
6217 0.000000e+00 0.000000e+00 9.555493e+09 
6218 0.000000e+00 0.000000e+00 9.555494e+09 
6219 0.000000e+00 0.000000e+00 9.555494e+09 
6220 0.000000e+00 0.000000e+00 9.555496e+09 
6221 0.000000e+00 0.000000e+00 9.555495e+09 
6222 0.000000e+00 0.000000e+00 9.555493e+09 
6223 0.000000e+00 0.000000e+00 9.555494e+09 
6224 0.000000e+00 0.000000e+00 9.555553e+09 
6225 0.000000e+00 0.000000e+00 9.555493e+09 
6226 0.000000e+00 0.000000e+00 9.555493e+09 
6227 0.000000e+00 0.000000e+00 9.555493e+09 
6228 0.000000e+00 0.000000e+00 9.555555e+09 
6229 0.000000e+00 0.000000e+00 9.555493e+09 
6230 0.000000e+00 0.000000e+00 9.555499e+09 
6231 0.000000e+00 0.000000e+00 9.555493e+09 
6232 0.000000e+00 0.000000e+00 9.555497e+09 
6233 0.000000e+00 0.000000e+00 9.555546e+09 
6234 0.000000e+00 0.000000e+00 9.555496e+09 
6235 0.000000e+00 0.000000e+00 9.555494e+09 
6236 0.000000e+00 0.000000e+00 9.555507e+09 
6237 0.000000e+00 0.000000e+00 9.555493e+09 
6238 0.000000e+00 0.000000e+00 9.555496e+09 
6239 0.000000e+00 0.000000e+00 9.555494e+09 
6240 0.000000e+00 0.000000e+00 9.555494e+09 
6241 0.000000e+00 0.000000e+00 9.555494e+09 
6242 0.000000e+00 0.000000e+00 9.555493e+09 
6243 0.000000e+00 0.000000e+00 9.555494e+09 
6244 0.000000e+00 0.000000e+00 9.555493e+09 
6245 0.000000e+00 0.000000e+00 9.555494e+09 
6246 0.000000e+00 0.000000e+00 9.555503e+09 
6247 0.000000e+00 0.000000e+00 9.555504e+09 
6248 0.000000e+00 0.000000e+00 9.555502e+09 
6249 0.000000e+00 0.000000e+00 9.555493e+09 
6250 0.000000e+00 0.000000e+00 9.555500e+09 
6251 0.000000e+00 0.000000e+00 9.555497e+09 
6252 0.000000e+00 0.000000e+00 9.555494e+09 
6253 0.000000e+00 0.000000e+00 9.555493e+09 
6254 0.000000e+00 0.000000e+00 9.555504e+09 
6255 0.000000e+00 0.000000e+00 9.555493e+09 
6256 0.000000e+00 0.000000e+00 9.555496e+09 
6257 0.000000e+00 0.000000e+00 9.555494e+09 
6258 0.000000e+00 0.000000e+00 9.555530e+09 
6259 0.000000e+00 0.000000e+00 9.555495e+09 
6260 0.000000e+00 0.000000e+00 9.555496e+09 
6261 0.000000e+00 0.000000e+00 9.555493e+09 
6262 0.000000e+00 0.000000e+00 9.555493e+09 
6263 0.000000e+00 0.000000e+00 9.555495e+09 
6264 0.000000e+00 0.000000e+00 9.555495e+09 
6265 0.000000e+00 0.000000e+00 9.555499e+09 
6266 0.000000e+00 0.000000e+00 9.555495e+09 
6267 0.000000e+00 0.000000e+00 9.555496e+09 
6268 0.000000e+00 0.000000e+00 9.555529e+09 
6269 0.000000e+00 0.000000e+00 9.555496e+09 
6270 0.000000e+00 0.000000e+00 9.555651e+09 
6271 0.000000e+00 0.000000e+00 9.555504e+09 
6272 0.000000e+00 0.000000e+00 9.555498e+09 
6273 0.000000e+00 0.000000e+00 9.555493e+09 
6274 0.000000e+00 0.000000e+00 9.555494e+09 
6275 0.000000e+00 0.000000e+00 9.555498e+09 
6276 0.000000e+00 0.000000e+00 9.555502e+09 
6277 0.000000e+00 0.000000e+00 9.555495e+09 
6278 0.000000e+00 0.000000e+00 9.555612e+09 
6279 0.000000e+00 0.000000e+00 9.555496e+09 
6280 0.000000e+00 0.000000e+00 9.555499e+09 
6281 0.000000e+00 0.000000e+00 9.555493e+09 
6282 0.000000e+00 0.000000e+00 9.555494e+09 
6283 0.000000e+00 0.000000e+00 9.555498e+09 
6284 0.000000e+00 0.000000e+00 9.555498e+09 
6285 0.000000e+00 0.000000e+00 9.555493e+09 
6286 0.000000e+00 0.000000e+00 9.555494e+09 
6287 0.000000e+00 0.000000e+00 9.555493e+09 
6288 0.000000e+00 0.000000e+00 9.555495e+09 
6289 0.000000e+00 0.000000e+00 9.555506e+09 
6290 0.000000e+00 0.000000e+00 9.555495e+09 
6291 0.000000e+00 0.000000e+00 9.555495e+09 
6292 0.000000e+00 0.000000e+00 9.555493e+09 
6293 0.000000e+00 0.000000e+00 9.555493e+09 
6294 0.000000e+00 0.000000e+00 9.555496e+09 
6295 0.000000e+00 0.000000e+00 9.555495e+09 
6296 0.000000e+00 0.000000e+00 9.555498e+09 
6297 0.000000e+00 0.000000e+00 9.555576e+09 
6298 0.000000e+00 0.000000e+00 9.555517e+09 
6299 0.000000e+00 0.000000e+00 9.555502e+09 
6300 0.000000e+00 0.000000e+00 9.555493e+09 
6301 0.000000e+00 0.000000e+00 9.555493e+09 
6302 0.000000e+00 0.000000e+00 9.555498e+09 
6303 0.000000e+00 0.000000e+00 9.555493e+09 
6304 0.000000e+00 0.000000e+00 9.555495e+09 
6305 0.000000e+00 0.000000e+00 9.555494e+09 
6306 0.000000e+00 0.000000e+00 9.555878e+09 
6307 0.000000e+00 0.000000e+00 9.555511e+09 
6308 0.000000e+00 0.000000e+00 9.555494e+09 
6309 0.000000e+00 0.000000e+00 9.555493e+09 
6310 0.000000e+00 0.000000e+00 9.555493e+09 
6311 0.000000e+00 0.000000e+00 9.555495e+09 
6312 0.000000e+00 0.000000e+00 9.555493e+09 
6313 0.000000e+00 0.000000e+00 9.555726e+09 
6314 0.000000e+00 0.000000e+00 9.555493e+09 
6315 0.000000e+00 0.000000e+00 9.555493e+09 
6316 0.000000e+00 0.000000e+00 9.555493e+09 
6317 0.000000e+00 0.000000e+00 9.555493e+09 
6318 0.000000e+00 0.000000e+00 9.555515e+09 
6319 0.000000e+00 0.000000e+00 9.555515e+09 
6320 0.000000e+00 0.000000e+00 9.555499e+09 
6321 0.000000e+00 0.000000e+00 9.555502e+09 
6322 0.000000e+00 0.000000e+00 9.555497e+09 
6323 0.000000e+00 0.000000e+00 9.555499e+09 
6324 0.000000e+00 0.000000e+00 9.555493e+09 
6325 0.000000e+00 0.000000e+00 9.555493e+09 
6326 0.000000e+00 0.000000e+00 9.555498e+09 
6327 0.000000e+00 0.000000e+00 9.555493e+09 
6328 0.000000e+00 0.000000e+00 9.555494e+09 
6329 0.000000e+00 0.000000e+00 9.555493e+09 
6330 0.000000e+00 0.000000e+00 9.555493e+09 
6331 0.000000e+00 0.000000e+00 9.555493e+09 
6332 0.000000e+00 0.000000e+00 9.555496e+09 
6333 0.000000e+00 0.000000e+00 9.555493e+09 
6334 0.000000e+00 0.000000e+00 9.555494e+09 
6335 0.000000e+00 0.000000e+00 9.555494e+09 
6336 0.000000e+00 0.000000e+00 9.555516e+09 
6337 0.000000e+00 0.000000e+00 9.555495e+09 
6338 0.000000e+00 0.000000e+00 9.555493e+09 
6339 0.000000e+00 0.000000e+00 9.555493e+09 
6340 0.000000e+00 0.000000e+00 9.555494e+09 
6341 0.000000e+00 0.000000e+00 9.555497e+09 
6342 0.000000e+00 0.000000e+00 9.555518e+09 
6343 0.000000e+00 0.000000e+00 9.555495e+09 
6344 0.000000e+00 0.000000e+00 9.555493e+09 
6345 0.000000e+00 0.000000e+00 9.555495e+09 
6346 0.000000e+00 0.000000e+00 9.555494e+09 
6347 0.000000e+00 0.000000e+00 9.555498e+09 
6348 0.000000e+00 0.000000e+00 9.555515e+09 
6349 0.000000e+00 0.000000e+00 9.555518e+09 
6350 0.000000e+00 0.000000e+00 9.555493e+09 
6351 0.000000e+00 0.000000e+00 9.555494e+09 
6352 0.000000e+00 0.000000e+00 9.555499e+09 
6353 0.000000e+00 0.000000e+00 9.555532e+09 
6354 0.000000e+00 0.000000e+00 9.555517e+09 
6355 0.000000e+00 0.000000e+00 9.555511e+09 
6356 0.000000e+00 0.000000e+00 9.555496e+09 
6357 0.000000e+00 0.000000e+00 9.555499e+09 
6358 0.000000e+00 0.000000e+00 9.555500e+09 
6359 0.000000e+00 0.000000e+00 9.555493e+09 
6360 0.000000e+00 0.000000e+00 9.555493e+09 
6361 0.000000e+00 0.000000e+00 9.555493e+09 
6362 0.000000e+00 0.000000e+00 9.555501e+09 
6363 0.000000e+00 0.000000e+00 9.555496e+09 
6364 0.000000e+00 0.000000e+00 9.555502e+09 
6365 0.000000e+00 0.000000e+00 9.555510e+09 
6366 0.000000e+00 0.000000e+00 9.555494e+09 
6367 0.000000e+00 0.000000e+00 9.555503e+09 
6368 0.000000e+00 0.000000e+00 9.555493e+09 
6369 0.000000e+00 0.000000e+00 9.555495e+09 
6370 0.000000e+00 0.000000e+00 9.555508e+09 
6371 0.000000e+00 0.000000e+00 9.555494e+09 
6372 0.000000e+00 0.000000e+00 9.555499e+09 
6373 0.000000e+00 0.000000e+00 9.555497e+09 
6374 0.000000e+00 0.000000e+00 9.555494e+09 
6375 0.000000e+00 0.000000e+00 9.555494e+09 
6376 0.000000e+00 0.000000e+00 9.555493e+09 
6377 0.000000e+00 0.000000e+00 9.555496e+09 
6378 0.000000e+00 0.000000e+00 9.555495e+09 
6379 0.000000e+00 0.000000e+00 9.555496e+09 
6380 0.000000e+00 0.000000e+00 9.555498e+09 
6381 0.000000e+00 0.000000e+00 9.555493e+09 
6382 0.000000e+00 0.000000e+00 9.555493e+09 
6383 0.000000e+00 0.000000e+00 9.555499e+09 
6384 0.000000e+00 0.000000e+00 9.555533e+09 
6385 0.000000e+00 0.000000e+00 9.555496e+09 
6386 0.000000e+00 0.000000e+00 9.555493e+09 
6387 0.000000e+00 0.000000e+00 9.555493e+09 
6388 0.000000e+00 0.000000e+00 9.555682e+09 
6389 0.000000e+00 0.000000e+00 9.555494e+09 
6390 0.000000e+00 0.000000e+00 9.555493e+09 
6391 0.000000e+00 0.000000e+00 9.555495e+09 
6392 0.000000e+00 0.000000e+00 9.555663e+09 
6393 0.000000e+00 0.000000e+00 9.555496e+09 
6394 0.000000e+00 0.000000e+00 9.555493e+09 
6395 0.000000e+00 0.000000e+00 9.555496e+09 
6396 0.000000e+00 0.000000e+00 9.555495e+09 
6397 0.000000e+00 0.000000e+00 9.555497e+09 
6398 0.000000e+00 0.000000e+00 9.555500e+09 
6399 0.000000e+00 0.000000e+00 9.555495e+09 
6400 0.000000e+00 0.000000e+00 9.555494e+09 
6401 0.000000e+00 0.000000e+00 9.555526e+09 
6402 0.000000e+00 0.000000e+00 9.555728e+09 
6403 0.000000e+00 0.000000e+00 9.555493e+09 
6404 0.000000e+00 0.000000e+00 9.555533e+09 
6405 0.000000e+00 0.000000e+00 9.555493e+09 
6406 0.000000e+00 0.000000e+00 9.555493e+09 
6407 0.000000e+00 0.000000e+00 9.555580e+09 
6408 0.000000e+00 0.000000e+00 9.555878e+09 
6409 0.000000e+00 0.000000e+00 9.555500e+09 
6410 0.000000e+00 0.000000e+00 9.555560e+09 
6411 0.000000e+00 0.000000e+00 9.555498e+09 
6412 0.000000e+00 0.000000e+00 9.555493e+09 
6413 0.000000e+00 0.000000e+00 9.555509e+09 
6414 0.000000e+00 0.000000e+00 9.555497e+09 
6415 0.000000e+00 0.000000e+00 9.555502e+09 
6416 0.000000e+00 0.000000e+00 9.555493e+09 
6417 0.000000e+00 0.000000e+00 9.555499e+09 
6418 0.000000e+00 0.000000e+00 9.555493e+09 
6419 0.000000e+00 0.000000e+00 9.555493e+09 
6420 0.000000e+00 0.000000e+00 9.555494e+09 
6421 0.000000e+00 0.000000e+00 9.555529e+09 
6422 0.000000e+00 0.000000e+00 9.555495e+09 
6423 0.000000e+00 0.000000e+00 9.555495e+09 
6424 0.000000e+00 0.000000e+00 9.555495e+09 
6425 0.000000e+00 0.000000e+00 9.555495e+09 
6426 0.000000e+00 0.000000e+00 9.555493e+09 
6427 0.000000e+00 0.000000e+00 9.555493e+09 
6428 0.000000e+00 0.000000e+00 9.555493e+09 
6429 0.000000e+00 0.000000e+00 9.555493e+09 
6430 0.000000e+00 0.000000e+00 9.555494e+09 
6431 0.000000e+00 0.000000e+00 9.555493e+09 
6432 0.000000e+00 0.000000e+00 9.555493e+09 
6433 0.000000e+00 0.000000e+00 9.555493e+09 
6434 0.000000e+00 0.000000e+00 9.555494e+09 
6435 0.000000e+00 0.000000e+00 9.555496e+09 
6436 0.000000e+00 0.000000e+00 9.555494e+09 
6437 0.000000e+00 0.000000e+00 9.555493e+09 
6438 0.000000e+00 0.000000e+00 9.555501e+09 
6439 0.000000e+00 0.000000e+00 9.555724e+09 
6440 0.000000e+00 0.000000e+00 9.555498e+09 
6441 0.000000e+00 0.000000e+00 9.555583e+09 
6442 0.000000e+00 0.000000e+00 9.555498e+09 
6443 0.000000e+00 0.000000e+00 9.555493e+09 
6444 0.000000e+00 0.000000e+00 9.555494e+09 
6445 0.000000e+00 0.000000e+00 9.555513e+09 
