# Step Strain Stress Density
1 0.000000e+00 0.000000e+00 9.926395e+09 
2 0.000000e+00 0.000000e+00 9.926395e+09 
3 0.000000e+00 0.000000e+00 9.926395e+09 
4 0.000000e+00 0.000000e+00 9.926395e+09 
5 0.000000e+00 0.000000e+00 9.926395e+09 
6 0.000000e+00 0.000000e+00 9.926395e+09 
7 0.000000e+00 0.000000e+00 9.926395e+09 
8 0.000000e+00 0.000000e+00 9.926395e+09 
9 0.000000e+00 0.000000e+00 9.926396e+09 
10 0.000000e+00 0.000000e+00 9.926396e+09 
11 0.000000e+00 0.000000e+00 9.926396e+09 
12 0.000000e+00 0.000000e+00 9.926396e+09 
13 0.000000e+00 0.000000e+00 9.926396e+09 
14 0.000000e+00 0.000000e+00 9.926396e+09 
15 0.000000e+00 0.000000e+00 9.926396e+09 
16 0.000000e+00 0.000000e+00 9.926397e+09 
17 0.000000e+00 0.000000e+00 9.926398e+09 
18 0.000000e+00 0.000000e+00 9.926399e+09 
19 0.000000e+00 0.000000e+00 9.926401e+09 
20 0.000000e+00 0.000000e+00 9.926401e+09 
21 0.000000e+00 0.000000e+00 9.926402e+09 
22 0.000000e+00 0.000000e+00 9.926405e+09 
23 0.000000e+00 0.000000e+00 9.926410e+09 
24 0.000000e+00 0.000000e+00 9.926415e+09 
25 0.000000e+00 0.000000e+00 9.926427e+09 
26 0.000000e+00 0.000000e+00 9.926455e+09 
27 0.000000e+00 0.000000e+00 9.926501e+09 
28 0.000000e+00 0.000000e+00 9.926577e+09 
29 0.000000e+00 0.000000e+00 9.926695e+09 
30 0.000000e+00 0.000000e+00 9.926866e+09 
31 0.000000e+00 0.000000e+00 9.927521e+09 
32 0.000000e+00 0.000000e+00 9.929296e+09 
33 0.000000e+00 0.000000e+00 9.933867e+09 
34 0.000000e+00 0.000000e+00 9.946233e+09 
35 0.000000e+00 0.000000e+00 1.001159e+10 
36 0.000000e+00 0.000000e+00 9.926813e+09 
37 0.000000e+00 0.000000e+00 9.926957e+09 
38 0.000000e+00 0.000000e+00 9.927191e+09 
39 0.000000e+00 0.000000e+00 9.927598e+09 
40 0.000000e+00 0.000000e+00 9.928313e+09 
41 0.000000e+00 0.000000e+00 9.929564e+09 
42 0.000000e+00 0.000000e+00 9.927304e+09 
43 0.000000e+00 0.000000e+00 9.929752e+09 
44 0.000000e+00 0.000000e+00 9.927504e+09 
45 0.000000e+00 0.000000e+00 9.927803e+09 
46 0.000000e+00 0.000000e+00 9.926819e+09 
47 0.000000e+00 0.000000e+00 9.927255e+09 
48 0.000000e+00 0.000000e+00 9.928898e+09 
49 0.000000e+00 0.000000e+00 9.945842e+09 
50 0.000000e+00 0.000000e+00 9.937233e+09 
51 0.000000e+00 0.000000e+00 1.004352e+10 
52 0.000000e+00 0.000000e+00 1.041575e+10 
53 0.000000e+00 0.000000e+00 1.058329e+10 
54 0.000000e+00 0.000000e+00 1.068241e+10 
55 0.000000e+00 0.000000e+00 1.067227e+10 
56 0.000000e+00 0.000000e+00 9.969777e+09 
57 0.000000e+00 0.000000e+00 9.932570e+09 
58 0.000000e+00 0.000000e+00 9.927470e+09 
59 0.000000e+00 0.000000e+00 9.928133e+09 
60 0.000000e+00 0.000000e+00 9.927276e+09 
61 0.000000e+00 0.000000e+00 9.935627e+09 
62 0.000000e+00 0.000000e+00 9.941263e+09 
63 0.000000e+00 0.000000e+00 1.007960e+10 
64 0.000000e+00 0.000000e+00 1.038644e+10 
65 0.000000e+00 0.000000e+00 1.063270e+10 
66 0.000000e+00 0.000000e+00 1.065293e+10 
67 0.000000e+00 0.000000e+00 1.070539e+10 
68 0.000000e+00 0.000000e+00 1.007822e+10 
69 0.000000e+00 0.000000e+00 1.008134e+10 
70 0.000000e+00 0.000000e+00 1.014947e+10 
71 0.000000e+00 0.000000e+00 1.037038e+10 
72 0.000000e+00 0.000000e+00 1.045867e+10 
73 0.000000e+00 0.000000e+00 1.061436e+10 
74 0.000000e+00 0.000000e+00 1.060085e+10 
75 0.000000e+00 0.000000e+00 1.067920e+10 
76 0.000000e+00 0.000000e+00 1.068768e+10 
77 0.000000e+00 0.000000e+00 9.963626e+09 
78 0.000000e+00 0.000000e+00 9.929867e+09 
79 0.000000e+00 0.000000e+00 9.927163e+09 
80 0.000000e+00 0.000000e+00 9.927079e+09 
81 0.000000e+00 0.000000e+00 9.926758e+09 
82 0.000000e+00 0.000000e+00 9.928031e+09 
83 0.000000e+00 0.000000e+00 9.930296e+09 
84 0.000000e+00 0.000000e+00 1.003862e+10 
85 0.000000e+00 0.000000e+00 1.041929e+10 
86 0.000000e+00 0.000000e+00 1.060755e+10 
87 0.000000e+00 0.000000e+00 1.062439e+10 
88 0.000000e+00 0.000000e+00 1.070505e+10 
89 0.000000e+00 0.000000e+00 1.050547e+10 
90 0.000000e+00 0.000000e+00 1.053912e+10 
91 0.000000e+00 0.000000e+00 1.059201e+10 
92 0.000000e+00 0.000000e+00 1.069673e+10 
93 0.000000e+00 0.000000e+00 1.065624e+10 
94 0.000000e+00 0.000000e+00 1.012189e+10 
95 0.000000e+00 0.000000e+00 1.009780e+10 
96 0.000000e+00 0.000000e+00 1.024127e+10 
97 0.000000e+00 0.000000e+00 1.035881e+10 
98 0.000000e+00 0.000000e+00 1.052517e+10 
99 0.000000e+00 0.000000e+00 1.052839e+10 
100 0.000000e+00 0.000000e+00 1.068309e+10 
101 0.000000e+00 0.000000e+00 1.066428e+10 
102 0.000000e+00 0.000000e+00 1.074175e+10 
103 0.000000e+00 0.000000e+00 9.971055e+09 
104 0.000000e+00 0.000000e+00 9.930699e+09 
105 0.000000e+00 0.000000e+00 9.927192e+09 
106 0.000000e+00 0.000000e+00 9.927448e+09 
107 0.000000e+00 0.000000e+00 9.926710e+09 
108 0.000000e+00 0.000000e+00 9.929152e+09 
109 0.000000e+00 0.000000e+00 9.939237e+09 
110 0.000000e+00 0.000000e+00 1.019322e+10 
111 0.000000e+00 0.000000e+00 1.052369e+10 
112 0.000000e+00 0.000000e+00 1.065528e+10 
113 0.000000e+00 0.000000e+00 1.065284e+10 
114 0.000000e+00 0.000000e+00 1.070148e+10 
115 0.000000e+00 0.000000e+00 9.981581e+09 
116 0.000000e+00 0.000000e+00 9.933942e+09 
117 0.000000e+00 0.000000e+00 9.927242e+09 
118 0.000000e+00 0.000000e+00 9.926820e+09 
119 0.000000e+00 0.000000e+00 9.927443e+09 
120 0.000000e+00 0.000000e+00 9.926936e+09 
121 0.000000e+00 0.000000e+00 9.928281e+09 
122 0.000000e+00 0.000000e+00 9.942303e+09 
123 0.000000e+00 0.000000e+00 1.009823e+10 
124 0.000000e+00 0.000000e+00 1.030752e+10 
125 0.000000e+00 0.000000e+00 1.063562e+10 
126 0.000000e+00 0.000000e+00 1.068678e+10 
127 0.000000e+00 0.000000e+00 1.070825e+10 
128 0.000000e+00 0.000000e+00 9.965325e+09 
129 0.000000e+00 0.000000e+00 9.931789e+09 
130 0.000000e+00 0.000000e+00 9.928735e+09 
131 0.000000e+00 0.000000e+00 9.926971e+09 
132 0.000000e+00 0.000000e+00 9.931034e+09 
133 0.000000e+00 0.000000e+00 9.931719e+09 
134 0.000000e+00 0.000000e+00 1.000102e+10 
135 0.000000e+00 0.000000e+00 1.034362e+10 
136 0.000000e+00 0.000000e+00 1.057724e+10 
137 0.000000e+00 0.000000e+00 1.060603e+10 
138 0.000000e+00 0.000000e+00 1.067714e+10 
139 0.000000e+00 0.000000e+00 1.065237e+10 
140 0.000000e+00 0.000000e+00 9.962496e+09 
141 0.000000e+00 0.000000e+00 9.928626e+09 
142 0.000000e+00 0.000000e+00 9.927049e+09 
143 0.000000e+00 0.000000e+00 9.927290e+09 
144 0.000000e+00 0.000000e+00 9.927949e+09 
145 0.000000e+00 0.000000e+00 9.926674e+09 
146 0.000000e+00 0.000000e+00 9.938435e+09 
147 0.000000e+00 0.000000e+00 1.008111e+10 
148 0.000000e+00 0.000000e+00 1.049697e+10 
149 0.000000e+00 0.000000e+00 1.055549e+10 
150 0.000000e+00 0.000000e+00 1.066145e+10 
151 0.000000e+00 0.000000e+00 1.066194e+10 
152 0.000000e+00 0.000000e+00 1.053150e+10 
153 0.000000e+00 0.000000e+00 1.049185e+10 
154 0.000000e+00 0.000000e+00 1.062316e+10 
155 0.000000e+00 0.000000e+00 1.067082e+10 
156 0.000000e+00 0.000000e+00 1.074932e+10 
157 0.000000e+00 0.000000e+00 1.009519e+10 
158 0.000000e+00 0.000000e+00 1.010015e+10 
159 0.000000e+00 0.000000e+00 1.020447e+10 
160 0.000000e+00 0.000000e+00 1.038251e+10 
161 0.000000e+00 0.000000e+00 1.049778e+10 
162 0.000000e+00 0.000000e+00 1.062299e+10 
163 0.000000e+00 0.000000e+00 1.058676e+10 
164 0.000000e+00 0.000000e+00 1.070359e+10 
165 0.000000e+00 0.000000e+00 1.067066e+10 
166 0.000000e+00 0.000000e+00 9.961718e+09 
167 0.000000e+00 0.000000e+00 9.928554e+09 
168 0.000000e+00 0.000000e+00 9.926880e+09 
169 0.000000e+00 0.000000e+00 9.927029e+09 
170 0.000000e+00 0.000000e+00 9.927301e+09 
171 0.000000e+00 0.000000e+00 9.926515e+09 
172 0.000000e+00 0.000000e+00 9.934389e+09 
173 0.000000e+00 0.000000e+00 1.001242e+10 
174 0.000000e+00 0.000000e+00 1.052168e+10 
175 0.000000e+00 0.000000e+00 1.061584e+10 
176 0.000000e+00 0.000000e+00 1.068227e+10 
177 0.000000e+00 0.000000e+00 1.065543e+10 
178 0.000000e+00 0.000000e+00 1.010664e+10 
179 0.000000e+00 0.000000e+00 1.009434e+10 
180 0.000000e+00 0.000000e+00 1.023823e+10 
181 0.000000e+00 0.000000e+00 1.038270e+10 
182 0.000000e+00 0.000000e+00 1.049058e+10 
183 0.000000e+00 0.000000e+00 1.055346e+10 
184 0.000000e+00 0.000000e+00 1.067178e+10 
185 0.000000e+00 0.000000e+00 1.064413e+10 
186 0.000000e+00 0.000000e+00 1.071892e+10 
187 0.000000e+00 0.000000e+00 9.969091e+09 
188 0.000000e+00 0.000000e+00 9.932644e+09 
189 0.000000e+00 0.000000e+00 9.926643e+09 
190 0.000000e+00 0.000000e+00 9.927240e+09 
191 0.000000e+00 0.000000e+00 9.927075e+09 
192 0.000000e+00 0.000000e+00 9.927880e+09 
193 0.000000e+00 0.000000e+00 9.929954e+09 
194 0.000000e+00 0.000000e+00 1.002595e+10 
195 0.000000e+00 0.000000e+00 1.044030e+10 
196 0.000000e+00 0.000000e+00 1.062714e+10 
197 0.000000e+00 0.000000e+00 1.064621e+10 
198 0.000000e+00 0.000000e+00 1.071988e+10 
199 0.000000e+00 0.000000e+00 9.978598e+09 
200 0.000000e+00 0.000000e+00 9.935259e+09 
201 0.000000e+00 0.000000e+00 9.926950e+09 
202 0.000000e+00 0.000000e+00 9.927012e+09 
203 0.000000e+00 0.000000e+00 9.926922e+09 
204 0.000000e+00 0.000000e+00 9.927045e+09 
205 0.000000e+00 0.000000e+00 9.928186e+09 
206 0.000000e+00 0.000000e+00 9.929313e+09 
207 0.000000e+00 0.000000e+00 1.009984e+10 
208 0.000000e+00 0.000000e+00 1.050496e+10 
209 0.000000e+00 0.000000e+00 1.063826e+10 
210 0.000000e+00 0.000000e+00 1.066384e+10 
211 0.000000e+00 0.000000e+00 1.050509e+10 
212 0.000000e+00 0.000000e+00 1.051694e+10 
213 0.000000e+00 0.000000e+00 1.060108e+10 
214 0.000000e+00 0.000000e+00 1.065151e+10 
215 0.000000e+00 0.000000e+00 1.069276e+10 
216 0.000000e+00 0.000000e+00 1.008516e+10 
217 0.000000e+00 0.000000e+00 1.009129e+10 
218 0.000000e+00 0.000000e+00 1.015558e+10 
219 0.000000e+00 0.000000e+00 1.036441e+10 
220 0.000000e+00 0.000000e+00 1.044244e+10 
221 0.000000e+00 0.000000e+00 1.059035e+10 
222 0.000000e+00 0.000000e+00 1.061857e+10 
223 0.000000e+00 0.000000e+00 1.066329e+10 
224 0.000000e+00 0.000000e+00 1.065744e+10 
225 0.000000e+00 0.000000e+00 9.962472e+09 
226 0.000000e+00 0.000000e+00 9.929834e+09 
227 0.000000e+00 0.000000e+00 9.926991e+09 
228 0.000000e+00 0.000000e+00 9.927106e+09 
229 0.000000e+00 0.000000e+00 9.926954e+09 
230 0.000000e+00 0.000000e+00 9.927046e+09 
231 0.000000e+00 0.000000e+00 9.928249e+09 
232 0.000000e+00 0.000000e+00 9.949634e+09 
233 0.000000e+00 0.000000e+00 1.029461e+10 
234 0.000000e+00 0.000000e+00 1.054172e+10 
235 0.000000e+00 0.000000e+00 1.064910e+10 
236 0.000000e+00 0.000000e+00 1.070354e+10 
237 0.000000e+00 0.000000e+00 1.071968e+10 
238 0.000000e+00 0.000000e+00 9.963030e+09 
239 0.000000e+00 0.000000e+00 9.933761e+09 
240 0.000000e+00 0.000000e+00 9.927533e+09 
241 0.000000e+00 0.000000e+00 9.930113e+09 
242 0.000000e+00 0.000000e+00 9.928705e+09 
243 0.000000e+00 0.000000e+00 9.960979e+09 
244 0.000000e+00 0.000000e+00 1.008357e+10 
245 0.000000e+00 0.000000e+00 1.040793e+10 
246 0.000000e+00 0.000000e+00 1.057429e+10 
247 0.000000e+00 0.000000e+00 1.064653e+10 
248 0.000000e+00 0.000000e+00 1.064558e+10 
249 0.000000e+00 0.000000e+00 1.047865e+10 
250 0.000000e+00 0.000000e+00 1.046657e+10 
251 0.000000e+00 0.000000e+00 1.059402e+10 
252 0.000000e+00 0.000000e+00 1.063154e+10 
253 0.000000e+00 0.000000e+00 1.067187e+10 
254 0.000000e+00 0.000000e+00 9.999718e+09 
255 0.000000e+00 0.000000e+00 9.940273e+09 
256 0.000000e+00 0.000000e+00 9.928420e+09 
257 0.000000e+00 0.000000e+00 9.927284e+09 
258 0.000000e+00 0.000000e+00 9.927106e+09 
259 0.000000e+00 0.000000e+00 9.927870e+09 
260 0.000000e+00 0.000000e+00 9.927172e+09 
261 0.000000e+00 0.000000e+00 9.948850e+09 
262 0.000000e+00 0.000000e+00 1.017533e+10 
263 0.000000e+00 0.000000e+00 1.058045e+10 
264 0.000000e+00 0.000000e+00 1.060371e+10 
265 0.000000e+00 0.000000e+00 1.073508e+10 
266 0.000000e+00 0.000000e+00 1.066579e+10 
267 0.000000e+00 0.000000e+00 9.966187e+09 
268 0.000000e+00 0.000000e+00 9.929531e+09 
269 0.000000e+00 0.000000e+00 9.927122e+09 
270 0.000000e+00 0.000000e+00 9.927018e+09 
271 0.000000e+00 0.000000e+00 9.927375e+09 
272 0.000000e+00 0.000000e+00 9.927216e+09 
273 0.000000e+00 0.000000e+00 9.927741e+09 
274 0.000000e+00 0.000000e+00 9.936318e+09 
275 0.000000e+00 0.000000e+00 1.018975e+10 
276 0.000000e+00 0.000000e+00 1.066568e+10 
277 0.000000e+00 0.000000e+00 1.062995e+10 
278 0.000000e+00 0.000000e+00 1.069134e+10 
279 0.000000e+00 0.000000e+00 9.989255e+09 
280 0.000000e+00 0.000000e+00 9.937107e+09 
281 0.000000e+00 0.000000e+00 9.927621e+09 
282 0.000000e+00 0.000000e+00 9.926579e+09 
283 0.000000e+00 0.000000e+00 9.927180e+09 
284 0.000000e+00 0.000000e+00 9.926583e+09 
285 0.000000e+00 0.000000e+00 9.931439e+09 
286 0.000000e+00 0.000000e+00 9.966706e+09 
287 0.000000e+00 0.000000e+00 1.015364e+10 
288 0.000000e+00 0.000000e+00 1.048537e+10 
289 0.000000e+00 0.000000e+00 1.065102e+10 
290 0.000000e+00 0.000000e+00 1.066089e+10 
291 0.000000e+00 0.000000e+00 1.072940e+10 
292 0.000000e+00 0.000000e+00 9.972517e+09 
293 0.000000e+00 0.000000e+00 9.932631e+09 
294 0.000000e+00 0.000000e+00 9.927133e+09 
295 0.000000e+00 0.000000e+00 9.926849e+09 
296 0.000000e+00 0.000000e+00 9.927111e+09 
297 0.000000e+00 0.000000e+00 9.926812e+09 
298 0.000000e+00 0.000000e+00 9.931151e+09 
299 0.000000e+00 0.000000e+00 1.001538e+10 
300 0.000000e+00 0.000000e+00 1.034545e+10 
301 0.000000e+00 0.000000e+00 1.050168e+10 
302 0.000000e+00 0.000000e+00 1.066020e+10 
303 0.000000e+00 0.000000e+00 1.068012e+10 
304 0.000000e+00 0.000000e+00 1.009030e+10 
305 0.000000e+00 0.000000e+00 1.007339e+10 
306 0.000000e+00 0.000000e+00 1.018403e+10 
307 0.000000e+00 0.000000e+00 1.035182e+10 
308 0.000000e+00 0.000000e+00 1.046752e+10 
309 0.000000e+00 0.000000e+00 1.056193e+10 
310 0.000000e+00 0.000000e+00 1.064208e+10 
311 0.000000e+00 0.000000e+00 1.065283e+10 
312 0.000000e+00 0.000000e+00 1.071113e+10 
313 0.000000e+00 0.000000e+00 9.974346e+09 
314 0.000000e+00 0.000000e+00 9.934141e+09 
315 0.000000e+00 0.000000e+00 9.929324e+09 
316 0.000000e+00 0.000000e+00 9.927030e+09 
317 0.000000e+00 0.000000e+00 9.927877e+09 
318 0.000000e+00 0.000000e+00 9.927585e+09 
319 0.000000e+00 0.000000e+00 9.933825e+09 
320 0.000000e+00 0.000000e+00 1.001981e+10 
321 0.000000e+00 0.000000e+00 1.043626e+10 
322 0.000000e+00 0.000000e+00 1.060928e+10 
323 0.000000e+00 0.000000e+00 1.067156e+10 
324 0.000000e+00 0.000000e+00 1.068543e+10 
325 0.000000e+00 0.000000e+00 1.011580e+10 
326 0.000000e+00 0.000000e+00 1.008750e+10 
327 0.000000e+00 0.000000e+00 1.019309e+10 
328 0.000000e+00 0.000000e+00 1.037243e+10 
329 0.000000e+00 0.000000e+00 1.047037e+10 
330 0.000000e+00 0.000000e+00 1.054086e+10 
331 0.000000e+00 0.000000e+00 1.065181e+10 
332 0.000000e+00 0.000000e+00 1.065292e+10 
333 0.000000e+00 0.000000e+00 1.072666e+10 
334 0.000000e+00 0.000000e+00 1.013654e+10 
335 0.000000e+00 0.000000e+00 1.014501e+10 
336 0.000000e+00 0.000000e+00 1.025639e+10 
337 0.000000e+00 0.000000e+00 1.040363e+10 
338 0.000000e+00 0.000000e+00 1.050386e+10 
339 0.000000e+00 0.000000e+00 1.060377e+10 
340 0.000000e+00 0.000000e+00 1.064565e+10 
341 0.000000e+00 0.000000e+00 1.068141e+10 
342 0.000000e+00 0.000000e+00 1.008299e+10 
343 0.000000e+00 0.000000e+00 1.006482e+10 
344 0.000000e+00 0.000000e+00 1.016998e+10 
345 0.000000e+00 0.000000e+00 1.032877e+10 
346 0.000000e+00 0.000000e+00 1.044006e+10 
347 0.000000e+00 0.000000e+00 1.054846e+10 
348 0.000000e+00 0.000000e+00 1.062492e+10 
349 0.000000e+00 0.000000e+00 1.066657e+10 
350 0.000000e+00 0.000000e+00 1.070280e+10 
351 0.000000e+00 0.000000e+00 9.969024e+09 
352 0.000000e+00 0.000000e+00 9.929353e+09 
353 0.000000e+00 0.000000e+00 9.926943e+09 
354 0.000000e+00 0.000000e+00 9.926881e+09 
355 0.000000e+00 0.000000e+00 9.927127e+09 
356 0.000000e+00 0.000000e+00 9.926721e+09 
357 0.000000e+00 0.000000e+00 9.928908e+09 
358 0.000000e+00 0.000000e+00 9.944267e+09 
359 0.000000e+00 0.000000e+00 1.029041e+10 
360 0.000000e+00 0.000000e+00 1.060606e+10 
361 0.000000e+00 0.000000e+00 1.069063e+10 
362 0.000000e+00 0.000000e+00 1.065237e+10 
363 0.000000e+00 0.000000e+00 9.976819e+09 
364 0.000000e+00 0.000000e+00 9.932209e+09 
365 0.000000e+00 0.000000e+00 9.926638e+09 
366 0.000000e+00 0.000000e+00 9.926839e+09 
367 0.000000e+00 0.000000e+00 9.926788e+09 
368 0.000000e+00 0.000000e+00 9.927024e+09 
369 0.000000e+00 0.000000e+00 9.927065e+09 
370 0.000000e+00 0.000000e+00 9.932265e+09 
371 0.000000e+00 0.000000e+00 1.004456e+10 
372 0.000000e+00 0.000000e+00 1.057905e+10 
373 0.000000e+00 0.000000e+00 1.058170e+10 
374 0.000000e+00 0.000000e+00 1.073663e+10 
375 0.000000e+00 0.000000e+00 1.045673e+10 
376 0.000000e+00 0.000000e+00 1.052203e+10 
377 0.000000e+00 0.000000e+00 1.056251e+10 
378 0.000000e+00 0.000000e+00 1.066370e+10 
379 0.000000e+00 0.000000e+00 1.067351e+10 
380 0.000000e+00 0.000000e+00 1.074671e+10 
381 0.000000e+00 0.000000e+00 9.967315e+09 
382 0.000000e+00 0.000000e+00 9.932377e+09 
383 0.000000e+00 0.000000e+00 9.926918e+09 
384 0.000000e+00 0.000000e+00 9.927876e+09 
385 0.000000e+00 0.000000e+00 9.928359e+09 
386 0.000000e+00 0.000000e+00 9.936762e+09 
387 0.000000e+00 0.000000e+00 9.982211e+09 
388 0.000000e+00 0.000000e+00 1.011495e+10 
389 0.000000e+00 0.000000e+00 1.054155e+10 
390 0.000000e+00 0.000000e+00 1.064261e+10 
391 0.000000e+00 0.000000e+00 1.067250e+10 
392 0.000000e+00 0.000000e+00 1.068647e+10 
393 0.000000e+00 0.000000e+00 9.975643e+09 
394 0.000000e+00 0.000000e+00 9.933847e+09 
395 0.000000e+00 0.000000e+00 9.927741e+09 
396 0.000000e+00 0.000000e+00 9.926772e+09 
397 0.000000e+00 0.000000e+00 9.927253e+09 
398 0.000000e+00 0.000000e+00 9.926640e+09 
399 0.000000e+00 0.000000e+00 9.930111e+09 
400 0.000000e+00 0.000000e+00 9.965864e+09 
401 0.000000e+00 0.000000e+00 1.018149e+10 
402 0.000000e+00 0.000000e+00 1.043878e+10 
403 0.000000e+00 0.000000e+00 1.065261e+10 
404 0.000000e+00 0.000000e+00 1.066806e+10 
405 0.000000e+00 0.000000e+00 1.072294e+10 
406 0.000000e+00 0.000000e+00 9.965842e+09 
407 0.000000e+00 0.000000e+00 9.930344e+09 
408 0.000000e+00 0.000000e+00 9.927433e+09 
409 0.000000e+00 0.000000e+00 9.927416e+09 
410 0.000000e+00 0.000000e+00 9.929622e+09 
411 0.000000e+00 0.000000e+00 9.939823e+09 
412 0.000000e+00 0.000000e+00 1.002128e+10 
413 0.000000e+00 0.000000e+00 1.027858e+10 
414 0.000000e+00 0.000000e+00 1.058244e+10 
415 0.000000e+00 0.000000e+00 1.060568e+10 
416 0.000000e+00 0.000000e+00 1.067322e+10 
417 0.000000e+00 0.000000e+00 1.067040e+10 
418 0.000000e+00 0.000000e+00 9.961159e+09 
419 0.000000e+00 0.000000e+00 9.928875e+09 
420 0.000000e+00 0.000000e+00 9.926819e+09 
421 0.000000e+00 0.000000e+00 9.926964e+09 
422 0.000000e+00 0.000000e+00 9.927082e+09 
423 0.000000e+00 0.000000e+00 9.927006e+09 
424 0.000000e+00 0.000000e+00 9.927320e+09 
425 0.000000e+00 0.000000e+00 9.932757e+09 
426 0.000000e+00 0.000000e+00 1.012630e+10 
427 0.000000e+00 0.000000e+00 1.052553e+10 
428 0.000000e+00 0.000000e+00 1.071687e+10 
429 0.000000e+00 0.000000e+00 1.067735e+10 
430 0.000000e+00 0.000000e+00 1.009998e+10 
431 0.000000e+00 0.000000e+00 1.006339e+10 
432 0.000000e+00 0.000000e+00 1.018606e+10 
433 0.000000e+00 0.000000e+00 1.033514e+10 
434 0.000000e+00 0.000000e+00 1.051816e+10 
435 0.000000e+00 0.000000e+00 1.053719e+10 
436 0.000000e+00 0.000000e+00 1.062255e+10 
437 0.000000e+00 0.000000e+00 1.066678e+10 
438 0.000000e+00 0.000000e+00 1.004864e+10 
439 0.000000e+00 0.000000e+00 1.001563e+10 
440 0.000000e+00 0.000000e+00 1.007268e+10 
441 0.000000e+00 0.000000e+00 1.020385e+10 
442 0.000000e+00 0.000000e+00 1.039954e+10 
443 0.000000e+00 0.000000e+00 1.050350e+10 
444 0.000000e+00 0.000000e+00 1.062439e+10 
445 0.000000e+00 0.000000e+00 1.063706e+10 
446 0.000000e+00 0.000000e+00 1.070198e+10 
447 0.000000e+00 0.000000e+00 1.046369e+10 
448 0.000000e+00 0.000000e+00 1.053013e+10 
449 0.000000e+00 0.000000e+00 1.057205e+10 
450 0.000000e+00 0.000000e+00 1.067240e+10 
451 0.000000e+00 0.000000e+00 1.069843e+10 
452 0.000000e+00 0.000000e+00 1.073762e+10 
453 0.000000e+00 0.000000e+00 9.962504e+09 
454 0.000000e+00 0.000000e+00 9.930845e+09 
455 0.000000e+00 0.000000e+00 9.927531e+09 
456 0.000000e+00 0.000000e+00 9.929547e+09 
457 0.000000e+00 0.000000e+00 9.932537e+09 
458 0.000000e+00 0.000000e+00 9.959279e+09 
459 0.000000e+00 0.000000e+00 1.009879e+10 
460 0.000000e+00 0.000000e+00 1.044588e+10 
461 0.000000e+00 0.000000e+00 1.055805e+10 
462 0.000000e+00 0.000000e+00 1.065124e+10 
463 0.000000e+00 0.000000e+00 1.069837e+10 
464 0.000000e+00 0.000000e+00 1.071024e+10 
465 0.000000e+00 0.000000e+00 9.969556e+09 
466 0.000000e+00 0.000000e+00 9.932323e+09 
467 0.000000e+00 0.000000e+00 9.927483e+09 
468 0.000000e+00 0.000000e+00 9.927332e+09 
469 0.000000e+00 0.000000e+00 9.927599e+09 
470 0.000000e+00 0.000000e+00 9.926823e+09 
471 0.000000e+00 0.000000e+00 9.932137e+09 
472 0.000000e+00 0.000000e+00 1.001952e+10 
473 0.000000e+00 0.000000e+00 1.053644e+10 
474 0.000000e+00 0.000000e+00 1.057514e+10 
475 0.000000e+00 0.000000e+00 1.066713e+10 
476 0.000000e+00 0.000000e+00 1.064701e+10 
477 0.000000e+00 0.000000e+00 9.965392e+09 
478 0.000000e+00 0.000000e+00 9.929984e+09 
479 0.000000e+00 0.000000e+00 9.926959e+09 
480 0.000000e+00 0.000000e+00 9.927130e+09 
481 0.000000e+00 0.000000e+00 9.927027e+09 
482 0.000000e+00 0.000000e+00 9.927460e+09 
483 0.000000e+00 0.000000e+00 9.926988e+09 
484 0.000000e+00 0.000000e+00 9.953581e+09 
485 0.000000e+00 0.000000e+00 1.014758e+10 
486 0.000000e+00 0.000000e+00 1.061269e+10 
487 0.000000e+00 0.000000e+00 1.060705e+10 
488 0.000000e+00 0.000000e+00 1.069587e+10 
489 0.000000e+00 0.000000e+00 1.066507e+10 
490 0.000000e+00 0.000000e+00 9.957708e+09 
491 0.000000e+00 0.000000e+00 9.928594e+09 
492 0.000000e+00 0.000000e+00 9.928097e+09 
493 0.000000e+00 0.000000e+00 9.927386e+09 
494 0.000000e+00 0.000000e+00 9.927872e+09 
495 0.000000e+00 0.000000e+00 9.930525e+09 
496 0.000000e+00 0.000000e+00 9.946650e+09 
497 0.000000e+00 0.000000e+00 1.012023e+10 
498 0.000000e+00 0.000000e+00 1.049298e+10 
499 0.000000e+00 0.000000e+00 1.067294e+10 
500 0.000000e+00 0.000000e+00 1.062961e+10 
501 0.000000e+00 0.000000e+00 1.070305e+10 
502 0.000000e+00 0.000000e+00 9.975647e+09 
503 0.000000e+00 0.000000e+00 9.932718e+09 
504 0.000000e+00 0.000000e+00 9.928303e+09 
505 0.000000e+00 0.000000e+00 9.927520e+09 
506 0.000000e+00 0.000000e+00 9.928364e+09 
507 0.000000e+00 0.000000e+00 9.927022e+09 
508 0.000000e+00 0.000000e+00 9.932384e+09 
509 0.000000e+00 0.000000e+00 9.973865e+09 
510 0.000000e+00 0.000000e+00 1.041249e+10 
511 0.000000e+00 0.000000e+00 1.062082e+10 
512 0.000000e+00 0.000000e+00 1.069642e+10 
513 0.000000e+00 0.000000e+00 1.065548e+10 
514 0.000000e+00 0.000000e+00 1.011616e+10 
515 0.000000e+00 0.000000e+00 1.006309e+10 
516 0.000000e+00 0.000000e+00 1.019622e+10 
517 0.000000e+00 0.000000e+00 1.031472e+10 
518 0.000000e+00 0.000000e+00 1.052618e+10 
519 0.000000e+00 0.000000e+00 1.054107e+10 
520 0.000000e+00 0.000000e+00 1.064921e+10 
521 0.000000e+00 0.000000e+00 1.064116e+10 
522 0.000000e+00 0.000000e+00 1.073664e+10 
523 0.000000e+00 0.000000e+00 9.976560e+09 
524 0.000000e+00 0.000000e+00 9.932446e+09 
525 0.000000e+00 0.000000e+00 9.926944e+09 
526 0.000000e+00 0.000000e+00 9.927055e+09 
527 0.000000e+00 0.000000e+00 9.927012e+09 
528 0.000000e+00 0.000000e+00 9.926990e+09 
529 0.000000e+00 0.000000e+00 9.927330e+09 
530 0.000000e+00 0.000000e+00 9.937579e+09 
531 0.000000e+00 0.000000e+00 1.022976e+10 
532 0.000000e+00 0.000000e+00 1.063289e+10 
533 0.000000e+00 0.000000e+00 1.062306e+10 
534 0.000000e+00 0.000000e+00 1.071905e+10 
535 0.000000e+00 0.000000e+00 1.009306e+10 
536 0.000000e+00 0.000000e+00 1.007603e+10 
537 0.000000e+00 0.000000e+00 1.016974e+10 
538 0.000000e+00 0.000000e+00 1.032554e+10 
539 0.000000e+00 0.000000e+00 1.045313e+10 
540 0.000000e+00 0.000000e+00 1.058500e+10 
541 0.000000e+00 0.000000e+00 1.064098e+10 
542 0.000000e+00 0.000000e+00 1.066249e+10 
543 0.000000e+00 0.000000e+00 1.068466e+10 
544 0.000000e+00 0.000000e+00 9.963996e+09 
545 0.000000e+00 0.000000e+00 9.928233e+09 
546 0.000000e+00 0.000000e+00 9.926825e+09 
547 0.000000e+00 0.000000e+00 9.927380e+09 
548 0.000000e+00 0.000000e+00 9.926831e+09 
549 0.000000e+00 0.000000e+00 9.928893e+09 
550 0.000000e+00 0.000000e+00 9.930092e+09 
551 0.000000e+00 0.000000e+00 1.006619e+10 
552 0.000000e+00 0.000000e+00 1.044424e+10 
553 0.000000e+00 0.000000e+00 1.063514e+10 
554 0.000000e+00 0.000000e+00 1.062153e+10 
555 0.000000e+00 0.000000e+00 1.069887e+10 
556 0.000000e+00 0.000000e+00 1.047210e+10 
557 0.000000e+00 0.000000e+00 1.056290e+10 
558 0.000000e+00 0.000000e+00 1.059948e+10 
559 0.000000e+00 0.000000e+00 1.067281e+10 
560 0.000000e+00 0.000000e+00 1.067992e+10 
561 0.000000e+00 0.000000e+00 9.967930e+09 
562 0.000000e+00 0.000000e+00 9.931391e+09 
563 0.000000e+00 0.000000e+00 9.927419e+09 
564 0.000000e+00 0.000000e+00 9.927285e+09 
565 0.000000e+00 0.000000e+00 9.926764e+09 
566 0.000000e+00 0.000000e+00 9.928083e+09 
567 0.000000e+00 0.000000e+00 9.929081e+09 
568 0.000000e+00 0.000000e+00 1.000597e+10 
569 0.000000e+00 0.000000e+00 1.028516e+10 
570 0.000000e+00 0.000000e+00 1.063460e+10 
571 0.000000e+00 0.000000e+00 1.061628e+10 
572 0.000000e+00 0.000000e+00 1.069761e+10 
573 0.000000e+00 0.000000e+00 1.067947e+10 
574 0.000000e+00 0.000000e+00 9.960055e+09 
575 0.000000e+00 0.000000e+00 9.928806e+09 
576 0.000000e+00 0.000000e+00 9.928073e+09 
577 0.000000e+00 0.000000e+00 9.928774e+09 
578 0.000000e+00 0.000000e+00 9.927459e+09 
579 0.000000e+00 0.000000e+00 9.934212e+09 
580 0.000000e+00 0.000000e+00 9.982759e+09 
581 0.000000e+00 0.000000e+00 1.029242e+10 
582 0.000000e+00 0.000000e+00 1.051099e+10 
583 0.000000e+00 0.000000e+00 1.064420e+10 
584 0.000000e+00 0.000000e+00 1.063589e+10 
585 0.000000e+00 0.000000e+00 1.069599e+10 
586 0.000000e+00 0.000000e+00 1.012747e+10 
587 0.000000e+00 0.000000e+00 1.012433e+10 
588 0.000000e+00 0.000000e+00 1.021536e+10 
589 0.000000e+00 0.000000e+00 1.039567e+10 
590 0.000000e+00 0.000000e+00 1.051608e+10 
591 0.000000e+00 0.000000e+00 1.059522e+10 
592 0.000000e+00 0.000000e+00 1.062908e+10 
593 0.000000e+00 0.000000e+00 1.070035e+10 
594 0.000000e+00 0.000000e+00 1.067489e+10 
595 0.000000e+00 0.000000e+00 9.954584e+09 
596 0.000000e+00 0.000000e+00 9.928093e+09 
597 0.000000e+00 0.000000e+00 9.927447e+09 
598 0.000000e+00 0.000000e+00 9.927147e+09 
599 0.000000e+00 0.000000e+00 9.928073e+09 
600 0.000000e+00 0.000000e+00 9.931822e+09 
601 0.000000e+00 0.000000e+00 9.979195e+09 
602 0.000000e+00 0.000000e+00 1.019721e+10 
603 0.000000e+00 0.000000e+00 1.052732e+10 
604 0.000000e+00 0.000000e+00 1.062788e+10 
605 0.000000e+00 0.000000e+00 1.066807e+10 
606 0.000000e+00 0.000000e+00 1.004471e+10 
607 0.000000e+00 0.000000e+00 1.000691e+10 
608 0.000000e+00 0.000000e+00 1.005098e+10 
609 0.000000e+00 0.000000e+00 1.021176e+10 
610 0.000000e+00 0.000000e+00 1.041544e+10 
611 0.000000e+00 0.000000e+00 1.051411e+10 
612 0.000000e+00 0.000000e+00 1.061995e+10 
613 0.000000e+00 0.000000e+00 1.065088e+10 
614 0.000000e+00 0.000000e+00 1.070008e+10 
615 0.000000e+00 0.000000e+00 1.071938e+10 
616 0.000000e+00 0.000000e+00 9.960003e+09 
617 0.000000e+00 0.000000e+00 9.928792e+09 
618 0.000000e+00 0.000000e+00 9.928224e+09 
619 0.000000e+00 0.000000e+00 9.928314e+09 
620 0.000000e+00 0.000000e+00 9.927724e+09 
621 0.000000e+00 0.000000e+00 9.929231e+09 
622 0.000000e+00 0.000000e+00 9.952008e+09 
623 0.000000e+00 0.000000e+00 1.016382e+10 
624 0.000000e+00 0.000000e+00 1.056214e+10 
625 0.000000e+00 0.000000e+00 1.059496e+10 
626 0.000000e+00 0.000000e+00 1.064780e+10 
627 0.000000e+00 0.000000e+00 1.002950e+10 
628 0.000000e+00 0.000000e+00 1.000988e+10 
629 0.000000e+00 0.000000e+00 1.004665e+10 
630 0.000000e+00 0.000000e+00 1.018447e+10 
631 0.000000e+00 0.000000e+00 1.034379e+10 
632 0.000000e+00 0.000000e+00 1.047981e+10 
633 0.000000e+00 0.000000e+00 1.056457e+10 
634 0.000000e+00 0.000000e+00 1.062347e+10 
635 0.000000e+00 0.000000e+00 1.066507e+10 
636 0.000000e+00 0.000000e+00 1.069933e+10 
637 0.000000e+00 0.000000e+00 9.957449e+09 
638 0.000000e+00 0.000000e+00 9.927782e+09 
639 0.000000e+00 0.000000e+00 9.926794e+09 
640 0.000000e+00 0.000000e+00 9.926954e+09 
641 0.000000e+00 0.000000e+00 9.926961e+09 
642 0.000000e+00 0.000000e+00 9.927111e+09 
643 0.000000e+00 0.000000e+00 9.929072e+09 
644 0.000000e+00 0.000000e+00 9.971312e+09 
645 0.000000e+00 0.000000e+00 1.044350e+10 
646 0.000000e+00 0.000000e+00 1.059601e+10 
647 0.000000e+00 0.000000e+00 1.068643e+10 
648 0.000000e+00 0.000000e+00 1.068443e+10 
649 0.000000e+00 0.000000e+00 1.011600e+10 
650 0.000000e+00 0.000000e+00 1.012689e+10 
651 0.000000e+00 0.000000e+00 1.025026e+10 
652 0.000000e+00 0.000000e+00 1.037498e+10 
653 0.000000e+00 0.000000e+00 1.050362e+10 
654 0.000000e+00 0.000000e+00 1.059060e+10 
655 0.000000e+00 0.000000e+00 1.064799e+10 
656 0.000000e+00 0.000000e+00 1.066092e+10 
657 0.000000e+00 0.000000e+00 1.047976e+10 
658 0.000000e+00 0.000000e+00 1.052506e+10 
659 0.000000e+00 0.000000e+00 1.060387e+10 
660 0.000000e+00 0.000000e+00 1.061270e+10 
661 0.000000e+00 0.000000e+00 1.068922e+10 
662 0.000000e+00 0.000000e+00 1.008547e+10 
663 0.000000e+00 0.000000e+00 1.007419e+10 
664 0.000000e+00 0.000000e+00 1.015375e+10 
665 0.000000e+00 0.000000e+00 1.036088e+10 
666 0.000000e+00 0.000000e+00 1.043025e+10 
667 0.000000e+00 0.000000e+00 1.057721e+10 
668 0.000000e+00 0.000000e+00 1.061354e+10 
669 0.000000e+00 0.000000e+00 1.069323e+10 
670 0.000000e+00 0.000000e+00 1.065566e+10 
671 0.000000e+00 0.000000e+00 1.071509e+10 
672 0.000000e+00 0.000000e+00 9.963204e+09 
673 0.000000e+00 0.000000e+00 9.931376e+09 
674 0.000000e+00 0.000000e+00 9.930561e+09 
675 0.000000e+00 0.000000e+00 9.933005e+09 
676 0.000000e+00 0.000000e+00 9.949991e+09 
677 0.000000e+00 0.000000e+00 1.002956e+10 
678 0.000000e+00 0.000000e+00 1.021777e+10 
679 0.000000e+00 0.000000e+00 1.053327e+10 
680 0.000000e+00 0.000000e+00 1.055498e+10 
681 0.000000e+00 0.000000e+00 1.065703e+10 
682 0.000000e+00 0.000000e+00 1.064911e+10 
683 0.000000e+00 0.000000e+00 1.052107e+10 
684 0.000000e+00 0.000000e+00 1.050300e+10 
685 0.000000e+00 0.000000e+00 1.064616e+10 
686 0.000000e+00 0.000000e+00 1.063993e+10 
687 0.000000e+00 0.000000e+00 1.068715e+10 
688 0.000000e+00 0.000000e+00 9.984067e+09 
689 0.000000e+00 0.000000e+00 9.934455e+09 
690 0.000000e+00 0.000000e+00 9.927849e+09 
691 0.000000e+00 0.000000e+00 9.926868e+09 
692 0.000000e+00 0.000000e+00 9.927868e+09 
693 0.000000e+00 0.000000e+00 9.927603e+09 
694 0.000000e+00 0.000000e+00 9.928967e+09 
695 0.000000e+00 0.000000e+00 9.945834e+09 
696 0.000000e+00 0.000000e+00 1.024306e+10 
697 0.000000e+00 0.000000e+00 1.060272e+10 
698 0.000000e+00 0.000000e+00 1.067911e+10 
699 0.000000e+00 0.000000e+00 1.067667e+10 
700 0.000000e+00 0.000000e+00 1.071596e+10 
701 0.000000e+00 0.000000e+00 9.965591e+09 
702 0.000000e+00 0.000000e+00 9.931253e+09 
703 0.000000e+00 0.000000e+00 9.927012e+09 
704 0.000000e+00 0.000000e+00 9.927530e+09 
705 0.000000e+00 0.000000e+00 9.927138e+09 
706 0.000000e+00 0.000000e+00 9.931678e+09 
707 0.000000e+00 0.000000e+00 9.974705e+09 
708 0.000000e+00 0.000000e+00 1.022273e+10 
709 0.000000e+00 0.000000e+00 1.050167e+10 
710 0.000000e+00 0.000000e+00 1.064298e+10 
711 0.000000e+00 0.000000e+00 1.062427e+10 
712 0.000000e+00 0.000000e+00 1.073720e+10 
713 0.000000e+00 0.000000e+00 9.979576e+09 
714 0.000000e+00 0.000000e+00 9.933183e+09 
715 0.000000e+00 0.000000e+00 9.927595e+09 
716 0.000000e+00 0.000000e+00 9.926919e+09 
717 0.000000e+00 0.000000e+00 9.927120e+09 
718 0.000000e+00 0.000000e+00 9.926780e+09 
719 0.000000e+00 0.000000e+00 9.927942e+09 
720 0.000000e+00 0.000000e+00 9.937743e+09 
721 0.000000e+00 0.000000e+00 1.021442e+10 
722 0.000000e+00 0.000000e+00 1.048480e+10 
723 0.000000e+00 0.000000e+00 1.066281e+10 
724 0.000000e+00 0.000000e+00 1.069812e+10 
725 0.000000e+00 0.000000e+00 1.072605e+10 
726 0.000000e+00 0.000000e+00 9.963732e+09 
727 0.000000e+00 0.000000e+00 9.930970e+09 
728 0.000000e+00 0.000000e+00 9.927377e+09 
729 0.000000e+00 0.000000e+00 9.928497e+09 
730 0.000000e+00 0.000000e+00 9.928028e+09 
731 0.000000e+00 0.000000e+00 9.951653e+09 
732 0.000000e+00 0.000000e+00 1.005166e+10 
733 0.000000e+00 0.000000e+00 1.041646e+10 
734 0.000000e+00 0.000000e+00 1.055041e+10 
735 0.000000e+00 0.000000e+00 1.064641e+10 
736 0.000000e+00 0.000000e+00 1.063103e+10 
737 0.000000e+00 0.000000e+00 1.070714e+10 
738 0.000000e+00 0.000000e+00 9.970406e+09 
739 0.000000e+00 0.000000e+00 9.931787e+09 
740 0.000000e+00 0.000000e+00 9.926551e+09 
741 0.000000e+00 0.000000e+00 9.927064e+09 
742 0.000000e+00 0.000000e+00 9.926536e+09 
743 0.000000e+00 0.000000e+00 9.928371e+09 
744 0.000000e+00 0.000000e+00 9.935976e+09 
745 0.000000e+00 0.000000e+00 1.007650e+10 
746 0.000000e+00 0.000000e+00 1.044381e+10 
747 0.000000e+00 0.000000e+00 1.062483e+10 
748 0.000000e+00 0.000000e+00 1.065202e+10 
749 0.000000e+00 0.000000e+00 1.072557e+10 
750 0.000000e+00 0.000000e+00 9.985199e+09 
751 0.000000e+00 0.000000e+00 9.936439e+09 
752 0.000000e+00 0.000000e+00 9.926937e+09 
753 0.000000e+00 0.000000e+00 9.926946e+09 
754 0.000000e+00 0.000000e+00 9.926820e+09 
755 0.000000e+00 0.000000e+00 9.927200e+09 
756 0.000000e+00 0.000000e+00 9.926575e+09 
757 0.000000e+00 0.000000e+00 9.946202e+09 
758 0.000000e+00 0.000000e+00 1.017887e+10 
759 0.000000e+00 0.000000e+00 1.061573e+10 
760 0.000000e+00 0.000000e+00 1.062059e+10 
761 0.000000e+00 0.000000e+00 1.071135e+10 
762 0.000000e+00 0.000000e+00 1.004831e+10 
763 0.000000e+00 0.000000e+00 1.005125e+10 
764 0.000000e+00 0.000000e+00 1.011380e+10 
765 0.000000e+00 0.000000e+00 1.031452e+10 
766 0.000000e+00 0.000000e+00 1.040363e+10 
767 0.000000e+00 0.000000e+00 1.055844e+10 
768 0.000000e+00 0.000000e+00 1.062072e+10 
769 0.000000e+00 0.000000e+00 1.069004e+10 
770 0.000000e+00 0.000000e+00 1.065768e+10 
771 0.000000e+00 0.000000e+00 1.075104e+10 
772 0.000000e+00 0.000000e+00 9.960708e+09 
773 0.000000e+00 0.000000e+00 9.930035e+09 
774 0.000000e+00 0.000000e+00 9.927225e+09 
775 0.000000e+00 0.000000e+00 9.928174e+09 
776 0.000000e+00 0.000000e+00 9.929842e+09 
777 0.000000e+00 0.000000e+00 9.965037e+09 
778 0.000000e+00 0.000000e+00 1.012799e+10 
779 0.000000e+00 0.000000e+00 1.046273e+10 
780 0.000000e+00 0.000000e+00 1.057587e+10 
781 0.000000e+00 0.000000e+00 1.070777e+10 
782 0.000000e+00 0.000000e+00 1.063149e+10 
783 0.000000e+00 0.000000e+00 1.050503e+10 
784 0.000000e+00 0.000000e+00 1.048123e+10 
785 0.000000e+00 0.000000e+00 1.063200e+10 
786 0.000000e+00 0.000000e+00 1.061332e+10 
787 0.000000e+00 0.000000e+00 1.069848e+10 
788 0.000000e+00 0.000000e+00 1.006707e+10 
789 0.000000e+00 0.000000e+00 1.006877e+10 
790 0.000000e+00 0.000000e+00 1.015696e+10 
791 0.000000e+00 0.000000e+00 1.035331e+10 
792 0.000000e+00 0.000000e+00 1.046537e+10 
793 0.000000e+00 0.000000e+00 1.059253e+10 
794 0.000000e+00 0.000000e+00 1.059807e+10 
795 0.000000e+00 0.000000e+00 1.073091e+10 
796 0.000000e+00 0.000000e+00 1.065569e+10 
797 0.000000e+00 0.000000e+00 9.963115e+09 
798 0.000000e+00 0.000000e+00 9.929252e+09 
799 0.000000e+00 0.000000e+00 9.926917e+09 
800 0.000000e+00 0.000000e+00 9.926805e+09 
801 0.000000e+00 0.000000e+00 9.927221e+09 
802 0.000000e+00 0.000000e+00 9.926430e+09 
803 0.000000e+00 0.000000e+00 9.930135e+09 
804 0.000000e+00 0.000000e+00 9.974328e+09 
805 0.000000e+00 0.000000e+00 1.041028e+10 
806 0.000000e+00 0.000000e+00 1.058606e+10 
807 0.000000e+00 0.000000e+00 1.068548e+10 
808 0.000000e+00 0.000000e+00 1.064591e+10 
809 0.000000e+00 0.000000e+00 1.053891e+10 
810 0.000000e+00 0.000000e+00 1.050042e+10 
811 0.000000e+00 0.000000e+00 1.065663e+10 
812 0.000000e+00 0.000000e+00 1.063166e+10 
813 0.000000e+00 0.000000e+00 1.071520e+10 
814 0.000000e+00 0.000000e+00 1.008567e+10 
815 0.000000e+00 0.000000e+00 1.009819e+10 
816 0.000000e+00 0.000000e+00 1.018419e+10 
817 0.000000e+00 0.000000e+00 1.037565e+10 
818 0.000000e+00 0.000000e+00 1.046939e+10 
819 0.000000e+00 0.000000e+00 1.059892e+10 
820 0.000000e+00 0.000000e+00 1.061259e+10 
821 0.000000e+00 0.000000e+00 1.069671e+10 
822 0.000000e+00 0.000000e+00 1.044026e+10 
823 0.000000e+00 0.000000e+00 1.049143e+10 
824 0.000000e+00 0.000000e+00 1.053829e+10 
825 0.000000e+00 0.000000e+00 1.065319e+10 
826 0.000000e+00 0.000000e+00 1.063719e+10 
827 0.000000e+00 0.000000e+00 9.989596e+09 
828 0.000000e+00 0.000000e+00 9.933893e+09 
829 0.000000e+00 0.000000e+00 9.926640e+09 
830 0.000000e+00 0.000000e+00 9.927046e+09 
831 0.000000e+00 0.000000e+00 9.927343e+09 
832 0.000000e+00 0.000000e+00 9.926922e+09 
833 0.000000e+00 0.000000e+00 9.927615e+09 
834 0.000000e+00 0.000000e+00 9.926743e+09 
835 0.000000e+00 0.000000e+00 9.978385e+09 
836 0.000000e+00 0.000000e+00 1.037916e+10 
837 0.000000e+00 0.000000e+00 1.063308e+10 
838 0.000000e+00 0.000000e+00 1.061687e+10 
839 0.000000e+00 0.000000e+00 1.070704e+10 
840 0.000000e+00 0.000000e+00 1.012070e+10 
841 0.000000e+00 0.000000e+00 1.012612e+10 
842 0.000000e+00 0.000000e+00 1.021667e+10 
843 0.000000e+00 0.000000e+00 1.038587e+10 
844 0.000000e+00 0.000000e+00 1.046304e+10 
845 0.000000e+00 0.000000e+00 1.062907e+10 
846 0.000000e+00 0.000000e+00 1.061714e+10 
847 0.000000e+00 0.000000e+00 1.069797e+10 
848 0.000000e+00 0.000000e+00 1.046713e+10 
849 0.000000e+00 0.000000e+00 1.051903e+10 
850 0.000000e+00 0.000000e+00 1.059350e+10 
851 0.000000e+00 0.000000e+00 1.068176e+10 
852 0.000000e+00 0.000000e+00 9.992919e+09 
853 0.000000e+00 0.000000e+00 9.980270e+09 
854 0.000000e+00 0.000000e+00 9.987142e+09 
855 0.000000e+00 0.000000e+00 1.007901e+10 
856 0.000000e+00 0.000000e+00 1.022511e+10 
857 0.000000e+00 0.000000e+00 1.048271e+10 
858 0.000000e+00 0.000000e+00 1.053806e+10 
859 0.000000e+00 0.000000e+00 1.064205e+10 
860 0.000000e+00 0.000000e+00 1.066504e+10 
861 0.000000e+00 0.000000e+00 1.074204e+10 
862 0.000000e+00 0.000000e+00 9.983506e+09 
863 0.000000e+00 0.000000e+00 9.933929e+09 
864 0.000000e+00 0.000000e+00 9.927300e+09 
865 0.000000e+00 0.000000e+00 9.927048e+09 
866 0.000000e+00 0.000000e+00 9.926804e+09 
867 0.000000e+00 0.000000e+00 9.926967e+09 
868 0.000000e+00 0.000000e+00 9.926755e+09 
869 0.000000e+00 0.000000e+00 9.938764e+09 
870 0.000000e+00 0.000000e+00 1.010490e+10 
871 0.000000e+00 0.000000e+00 1.050340e+10 
872 0.000000e+00 0.000000e+00 1.052166e+10 
873 0.000000e+00 0.000000e+00 1.069788e+10 
874 0.000000e+00 0.000000e+00 1.006894e+10 
875 0.000000e+00 0.000000e+00 1.006179e+10 
876 0.000000e+00 0.000000e+00 1.014638e+10 
877 0.000000e+00 0.000000e+00 1.033615e+10 
878 0.000000e+00 0.000000e+00 1.047049e+10 
879 0.000000e+00 0.000000e+00 1.058887e+10 
880 0.000000e+00 0.000000e+00 1.057164e+10 
881 0.000000e+00 0.000000e+00 1.071636e+10 
882 0.000000e+00 0.000000e+00 1.065460e+10 
883 0.000000e+00 0.000000e+00 9.965951e+09 
884 0.000000e+00 0.000000e+00 9.929515e+09 
885 0.000000e+00 0.000000e+00 9.926900e+09 
886 0.000000e+00 0.000000e+00 9.927138e+09 
887 0.000000e+00 0.000000e+00 9.926915e+09 
888 0.000000e+00 0.000000e+00 9.926926e+09 
889 0.000000e+00 0.000000e+00 9.926693e+09 
890 0.000000e+00 0.000000e+00 9.932742e+09 
891 0.000000e+00 0.000000e+00 1.010832e+10 
892 0.000000e+00 0.000000e+00 1.063548e+10 
893 0.000000e+00 0.000000e+00 1.060161e+10 
894 0.000000e+00 0.000000e+00 1.069513e+10 
895 0.000000e+00 0.000000e+00 1.068153e+10 
896 0.000000e+00 0.000000e+00 9.956148e+09 
897 0.000000e+00 0.000000e+00 9.928296e+09 
898 0.000000e+00 0.000000e+00 9.927260e+09 
899 0.000000e+00 0.000000e+00 9.927033e+09 
900 0.000000e+00 0.000000e+00 9.927379e+09 
901 0.000000e+00 0.000000e+00 9.928326e+09 
902 0.000000e+00 0.000000e+00 9.956594e+09 
903 0.000000e+00 0.000000e+00 1.017341e+10 
904 0.000000e+00 0.000000e+00 1.056331e+10 
905 0.000000e+00 0.000000e+00 1.063657e+10 
906 0.000000e+00 0.000000e+00 1.069257e+10 
907 0.000000e+00 0.000000e+00 1.069118e+10 
908 0.000000e+00 0.000000e+00 9.965412e+09 
909 0.000000e+00 0.000000e+00 9.929336e+09 
910 0.000000e+00 0.000000e+00 9.927119e+09 
911 0.000000e+00 0.000000e+00 9.927314e+09 
912 0.000000e+00 0.000000e+00 9.927331e+09 
913 0.000000e+00 0.000000e+00 9.926963e+09 
914 0.000000e+00 0.000000e+00 9.930972e+09 
915 0.000000e+00 0.000000e+00 9.995160e+09 
916 0.000000e+00 0.000000e+00 1.043000e+10 
917 0.000000e+00 0.000000e+00 1.057600e+10 
918 0.000000e+00 0.000000e+00 1.070798e+10 
919 0.000000e+00 0.000000e+00 1.065798e+10 
920 0.000000e+00 0.000000e+00 1.053378e+10 
921 0.000000e+00 0.000000e+00 1.053817e+10 
922 0.000000e+00 0.000000e+00 1.067430e+10 
923 0.000000e+00 0.000000e+00 1.061629e+10 
924 0.000000e+00 0.000000e+00 1.074380e+10 
925 0.000000e+00 0.000000e+00 9.983196e+09 
926 0.000000e+00 0.000000e+00 9.935447e+09 
927 0.000000e+00 0.000000e+00 9.929308e+09 
928 0.000000e+00 0.000000e+00 9.926920e+09 
929 0.000000e+00 0.000000e+00 9.927629e+09 
930 0.000000e+00 0.000000e+00 9.928573e+09 
931 0.000000e+00 0.000000e+00 9.928522e+09 
932 0.000000e+00 0.000000e+00 9.976302e+09 
933 0.000000e+00 0.000000e+00 1.024420e+10 
934 0.000000e+00 0.000000e+00 1.060242e+10 
935 0.000000e+00 0.000000e+00 1.060619e+10 
936 0.000000e+00 0.000000e+00 1.071467e+10 
937 0.000000e+00 0.000000e+00 1.006502e+10 
938 0.000000e+00 0.000000e+00 1.006234e+10 
939 0.000000e+00 0.000000e+00 1.013024e+10 
940 0.000000e+00 0.000000e+00 1.030628e+10 
941 0.000000e+00 0.000000e+00 1.044496e+10 
942 0.000000e+00 0.000000e+00 1.059405e+10 
943 0.000000e+00 0.000000e+00 1.058829e+10 
944 0.000000e+00 0.000000e+00 1.069006e+10 
945 0.000000e+00 0.000000e+00 1.066138e+10 
946 0.000000e+00 0.000000e+00 1.012868e+10 
947 0.000000e+00 0.000000e+00 1.010410e+10 
948 0.000000e+00 0.000000e+00 1.023063e+10 
949 0.000000e+00 0.000000e+00 1.037378e+10 
950 0.000000e+00 0.000000e+00 1.053012e+10 
951 0.000000e+00 0.000000e+00 1.056799e+10 
952 0.000000e+00 0.000000e+00 1.064012e+10 
953 0.000000e+00 0.000000e+00 1.069508e+10 
954 0.000000e+00 0.000000e+00 1.071746e+10 
955 0.000000e+00 0.000000e+00 9.969357e+09 
956 0.000000e+00 0.000000e+00 9.930565e+09 
957 0.000000e+00 0.000000e+00 9.926927e+09 
958 0.000000e+00 0.000000e+00 9.927101e+09 
959 0.000000e+00 0.000000e+00 9.927156e+09 
960 0.000000e+00 0.000000e+00 9.928182e+09 
961 0.000000e+00 0.000000e+00 9.934898e+09 
962 0.000000e+00 0.000000e+00 1.014753e+10 
963 0.000000e+00 0.000000e+00 1.036512e+10 
964 0.000000e+00 0.000000e+00 1.064267e+10 
965 0.000000e+00 0.000000e+00 1.063925e+10 
966 0.000000e+00 0.000000e+00 1.071341e+10 
967 0.000000e+00 0.000000e+00 9.980629e+09 
968 0.000000e+00 0.000000e+00 9.933882e+09 
969 0.000000e+00 0.000000e+00 9.926900e+09 
970 0.000000e+00 0.000000e+00 9.926905e+09 
971 0.000000e+00 0.000000e+00 9.927452e+09 
972 0.000000e+00 0.000000e+00 9.926547e+09 
973 0.000000e+00 0.000000e+00 9.934126e+09 
974 0.000000e+00 0.000000e+00 9.981659e+09 
975 0.000000e+00 0.000000e+00 1.038449e+10 
976 0.000000e+00 0.000000e+00 1.059057e+10 
977 0.000000e+00 0.000000e+00 1.065613e+10 
978 0.000000e+00 0.000000e+00 1.064759e+10 
979 0.000000e+00 0.000000e+00 1.074516e+10 
980 0.000000e+00 0.000000e+00 9.969488e+09 
981 0.000000e+00 0.000000e+00 9.931108e+09 
982 0.000000e+00 0.000000e+00 9.927119e+09 
983 0.000000e+00 0.000000e+00 9.927517e+09 
984 0.000000e+00 0.000000e+00 9.927210e+09 
985 0.000000e+00 0.000000e+00 9.929167e+09 
986 0.000000e+00 0.000000e+00 9.950482e+09 
987 0.000000e+00 0.000000e+00 1.023723e+10 
988 0.000000e+00 0.000000e+00 1.056221e+10 
989 0.000000e+00 0.000000e+00 1.062886e+10 
990 0.000000e+00 0.000000e+00 1.064650e+10 
991 0.000000e+00 0.000000e+00 1.069873e+10 
992 0.000000e+00 0.000000e+00 9.971009e+09 
993 0.000000e+00 0.000000e+00 9.932852e+09 
994 0.000000e+00 0.000000e+00 9.928132e+09 
995 0.000000e+00 0.000000e+00 9.926959e+09 
996 0.000000e+00 0.000000e+00 9.927555e+09 
997 0.000000e+00 0.000000e+00 9.927112e+09 
998 0.000000e+00 0.000000e+00 9.928598e+09 
999 0.000000e+00 0.000000e+00 9.979152e+09 
1000 0.000000e+00 0.000000e+00 1.036666e+10 
1001 0.000000e+00 0.000000e+00 1.063179e+10 
1002 0.000000e+00 0.000000e+00 1.062450e+10 
1003 0.000000e+00 0.000000e+00 1.069300e+10 
1004 0.000000e+00 0.000000e+00 1.008588e+10 
1005 0.000000e+00 0.000000e+00 1.007720e+10 
1006 0.000000e+00 0.000000e+00 1.017359e+10 
1007 0.000000e+00 0.000000e+00 1.032931e+10 
1008 0.000000e+00 0.000000e+00 1.048831e+10 
1009 0.000000e+00 0.000000e+00 1.057314e+10 
1010 0.000000e+00 0.000000e+00 1.060463e+10 
1011 0.000000e+00 0.000000e+00 1.067690e+10 
1012 0.000000e+00 0.000000e+00 1.066035e+10 
1013 0.000000e+00 0.000000e+00 9.970597e+09 
1014 0.000000e+00 0.000000e+00 9.932182e+09 
1015 0.000000e+00 0.000000e+00 9.927606e+09 
1016 0.000000e+00 0.000000e+00 9.927004e+09 
1017 0.000000e+00 0.000000e+00 9.927545e+09 
1018 0.000000e+00 0.000000e+00 9.926824e+09 
1019 0.000000e+00 0.000000e+00 9.935405e+09 
1020 0.000000e+00 0.000000e+00 1.003425e+10 
1021 0.000000e+00 0.000000e+00 1.050275e+10 
1022 0.000000e+00 0.000000e+00 1.057615e+10 
1023 0.000000e+00 0.000000e+00 1.069518e+10 
1024 0.000000e+00 0.000000e+00 1.068951e+10 
1025 0.000000e+00 0.000000e+00 1.009599e+10 
1026 0.000000e+00 0.000000e+00 1.006764e+10 
1027 0.000000e+00 0.000000e+00 1.019724e+10 
1028 0.000000e+00 0.000000e+00 1.033457e+10 
1029 0.000000e+00 0.000000e+00 1.051368e+10 
1030 0.000000e+00 0.000000e+00 1.056485e+10 
1031 0.000000e+00 0.000000e+00 1.063540e+10 
1032 0.000000e+00 0.000000e+00 1.064044e+10 
1033 0.000000e+00 0.000000e+00 1.075289e+10 
1034 0.000000e+00 0.000000e+00 9.979784e+09 
1035 0.000000e+00 0.000000e+00 9.933089e+09 
1036 0.000000e+00 0.000000e+00 9.927126e+09 
1037 0.000000e+00 0.000000e+00 9.926592e+09 
1038 0.000000e+00 0.000000e+00 9.927996e+09 
1039 0.000000e+00 0.000000e+00 9.926922e+09 
1040 0.000000e+00 0.000000e+00 9.941590e+09 
1041 0.000000e+00 0.000000e+00 1.003946e+10 
1042 0.000000e+00 0.000000e+00 1.045478e+10 
1043 0.000000e+00 0.000000e+00 1.056599e+10 
1044 0.000000e+00 0.000000e+00 1.070854e+10 
1045 0.000000e+00 0.000000e+00 1.064901e+10 
1046 0.000000e+00 0.000000e+00 1.011161e+10 
1047 0.000000e+00 0.000000e+00 1.007800e+10 
1048 0.000000e+00 0.000000e+00 1.022047e+10 
1049 0.000000e+00 0.000000e+00 1.036369e+10 
1050 0.000000e+00 0.000000e+00 1.047236e+10 
1051 0.000000e+00 0.000000e+00 1.052373e+10 
1052 0.000000e+00 0.000000e+00 1.062803e+10 
1053 0.000000e+00 0.000000e+00 1.064882e+10 
1054 0.000000e+00 0.000000e+00 1.071235e+10 
1055 0.000000e+00 0.000000e+00 9.974653e+09 
1056 0.000000e+00 0.000000e+00 9.932710e+09 
1057 0.000000e+00 0.000000e+00 9.926922e+09 
1058 0.000000e+00 0.000000e+00 9.927338e+09 
1059 0.000000e+00 0.000000e+00 9.926725e+09 
1060 0.000000e+00 0.000000e+00 9.927509e+09 
1061 0.000000e+00 0.000000e+00 9.927646e+09 
1062 0.000000e+00 0.000000e+00 9.963478e+09 
1063 0.000000e+00 0.000000e+00 1.023065e+10 
1064 0.000000e+00 0.000000e+00 1.048494e+10 
1065 0.000000e+00 0.000000e+00 1.066225e+10 
1066 0.000000e+00 0.000000e+00 1.066038e+10 
1067 0.000000e+00 0.000000e+00 1.008136e+10 
1068 0.000000e+00 0.000000e+00 1.007654e+10 
1069 0.000000e+00 0.000000e+00 1.018510e+10 
1070 0.000000e+00 0.000000e+00 1.033200e+10 
1071 0.000000e+00 0.000000e+00 1.043966e+10 
1072 0.000000e+00 0.000000e+00 1.058147e+10 
1073 0.000000e+00 0.000000e+00 1.062711e+10 
1074 0.000000e+00 0.000000e+00 1.065940e+10 
1075 0.000000e+00 0.000000e+00 1.068205e+10 
1076 0.000000e+00 0.000000e+00 1.053854e+10 
1077 0.000000e+00 0.000000e+00 1.057058e+10 
1078 0.000000e+00 0.000000e+00 1.060541e+10 
1079 0.000000e+00 0.000000e+00 1.065651e+10 
1080 0.000000e+00 0.000000e+00 1.067830e+10 
1081 0.000000e+00 0.000000e+00 9.960119e+09 
1082 0.000000e+00 0.000000e+00 9.927977e+09 
1083 0.000000e+00 0.000000e+00 9.927200e+09 
1084 0.000000e+00 0.000000e+00 9.927357e+09 
1085 0.000000e+00 0.000000e+00 9.927115e+09 
1086 0.000000e+00 0.000000e+00 9.927613e+09 
1087 0.000000e+00 0.000000e+00 9.929071e+09 
1088 0.000000e+00 0.000000e+00 9.985966e+09 
1089 0.000000e+00 0.000000e+00 1.039599e+10 
1090 0.000000e+00 0.000000e+00 1.044190e+10 
1091 0.000000e+00 0.000000e+00 1.063552e+10 
1092 0.000000e+00 0.000000e+00 1.070247e+10 
1093 0.000000e+00 0.000000e+00 1.010534e+10 
1094 0.000000e+00 0.000000e+00 1.009987e+10 
1095 0.000000e+00 0.000000e+00 1.020517e+10 
1096 0.000000e+00 0.000000e+00 1.034158e+10 
1097 0.000000e+00 0.000000e+00 1.049291e+10 
1098 0.000000e+00 0.000000e+00 1.058488e+10 
1099 0.000000e+00 0.000000e+00 1.064101e+10 
1100 0.000000e+00 0.000000e+00 1.068529e+10 
1101 0.000000e+00 0.000000e+00 1.069963e+10 
1102 0.000000e+00 0.000000e+00 9.968381e+09 
1103 0.000000e+00 0.000000e+00 9.932452e+09 
1104 0.000000e+00 0.000000e+00 9.926843e+09 
1105 0.000000e+00 0.000000e+00 9.927188e+09 
1106 0.000000e+00 0.000000e+00 9.927010e+09 
1107 0.000000e+00 0.000000e+00 9.926973e+09 
1108 0.000000e+00 0.000000e+00 9.930998e+09 
1109 0.000000e+00 0.000000e+00 1.001799e+10 
1110 0.000000e+00 0.000000e+00 1.051367e+10 
1111 0.000000e+00 0.000000e+00 1.058495e+10 
1112 0.000000e+00 0.000000e+00 1.065852e+10 
1113 0.000000e+00 0.000000e+00 1.068665e+10 
1114 0.000000e+00 0.000000e+00 1.010506e+10 
1115 0.000000e+00 0.000000e+00 1.009297e+10 
1116 0.000000e+00 0.000000e+00 1.019703e+10 
1117 0.000000e+00 0.000000e+00 1.037085e+10 
1118 0.000000e+00 0.000000e+00 1.050039e+10 
1119 0.000000e+00 0.000000e+00 1.057350e+10 
1120 0.000000e+00 0.000000e+00 1.062683e+10 
1121 0.000000e+00 0.000000e+00 1.065485e+10 
1122 0.000000e+00 0.000000e+00 1.068805e+10 
1123 0.000000e+00 0.000000e+00 1.014344e+10 
1124 0.000000e+00 0.000000e+00 1.015008e+10 
1125 0.000000e+00 0.000000e+00 1.025951e+10 
1126 0.000000e+00 0.000000e+00 1.043768e+10 
1127 0.000000e+00 0.000000e+00 1.053666e+10 
1128 0.000000e+00 0.000000e+00 1.060291e+10 
1129 0.000000e+00 0.000000e+00 1.066570e+10 
1130 0.000000e+00 0.000000e+00 1.068581e+10 
1131 0.000000e+00 0.000000e+00 1.007643e+10 
1132 0.000000e+00 0.000000e+00 1.005963e+10 
1133 0.000000e+00 0.000000e+00 1.015540e+10 
1134 0.000000e+00 0.000000e+00 1.032974e+10 
1135 0.000000e+00 0.000000e+00 1.046004e+10 
1136 0.000000e+00 0.000000e+00 1.056199e+10 
1137 0.000000e+00 0.000000e+00 1.062551e+10 
1138 0.000000e+00 0.000000e+00 1.064219e+10 
1139 0.000000e+00 0.000000e+00 1.068965e+10 
1140 0.000000e+00 0.000000e+00 9.976280e+09 
1141 0.000000e+00 0.000000e+00 9.937696e+09 
1142 0.000000e+00 0.000000e+00 9.927334e+09 
1143 0.000000e+00 0.000000e+00 9.926861e+09 
1144 0.000000e+00 0.000000e+00 9.927225e+09 
1145 0.000000e+00 0.000000e+00 9.926979e+09 
1146 0.000000e+00 0.000000e+00 9.929520e+09 
1147 0.000000e+00 0.000000e+00 9.953983e+09 
1148 0.000000e+00 0.000000e+00 1.025975e+10 
1149 0.000000e+00 0.000000e+00 1.060652e+10 
1150 0.000000e+00 0.000000e+00 1.069639e+10 
1151 0.000000e+00 0.000000e+00 1.063187e+10 
1152 0.000000e+00 0.000000e+00 1.010281e+10 
1153 0.000000e+00 0.000000e+00 1.005077e+10 
1154 0.000000e+00 0.000000e+00 1.016796e+10 
1155 0.000000e+00 0.000000e+00 1.033612e+10 
1156 0.000000e+00 0.000000e+00 1.049996e+10 
1157 0.000000e+00 0.000000e+00 1.054128e+10 
1158 0.000000e+00 0.000000e+00 1.063117e+10 
1159 0.000000e+00 0.000000e+00 1.062960e+10 
1160 0.000000e+00 0.000000e+00 1.069565e+10 
1161 0.000000e+00 0.000000e+00 9.974683e+09 
1162 0.000000e+00 0.000000e+00 9.933634e+09 
1163 0.000000e+00 0.000000e+00 9.927572e+09 
1164 0.000000e+00 0.000000e+00 9.927425e+09 
1165 0.000000e+00 0.000000e+00 9.926736e+09 
1166 0.000000e+00 0.000000e+00 9.928165e+09 
1167 0.000000e+00 0.000000e+00 9.930641e+09 
1168 0.000000e+00 0.000000e+00 1.006782e+10 
1169 0.000000e+00 0.000000e+00 1.039342e+10 
1170 0.000000e+00 0.000000e+00 1.062477e+10 
1171 0.000000e+00 0.000000e+00 1.062907e+10 
1172 0.000000e+00 0.000000e+00 1.071533e+10 
1173 0.000000e+00 0.000000e+00 1.007222e+10 
1174 0.000000e+00 0.000000e+00 1.007597e+10 
1175 0.000000e+00 0.000000e+00 1.016088e+10 
1176 0.000000e+00 0.000000e+00 1.034692e+10 
1177 0.000000e+00 0.000000e+00 1.042185e+10 
1178 0.000000e+00 0.000000e+00 1.058312e+10 
1179 0.000000e+00 0.000000e+00 1.060434e+10 
1180 0.000000e+00 0.000000e+00 1.068802e+10 
1181 0.000000e+00 0.000000e+00 1.068044e+10 
1182 0.000000e+00 0.000000e+00 9.967397e+09 
1183 0.000000e+00 0.000000e+00 9.930178e+09 
1184 0.000000e+00 0.000000e+00 9.926998e+09 
1185 0.000000e+00 0.000000e+00 9.926904e+09 
1186 0.000000e+00 0.000000e+00 9.927552e+09 
1187 0.000000e+00 0.000000e+00 9.927123e+09 
1188 0.000000e+00 0.000000e+00 9.931738e+09 
1189 0.000000e+00 0.000000e+00 9.972186e+09 
1190 0.000000e+00 0.000000e+00 1.030811e+10 
1191 0.000000e+00 0.000000e+00 1.058692e+10 
1192 0.000000e+00 0.000000e+00 1.068235e+10 
1193 0.000000e+00 0.000000e+00 1.066859e+10 
1194 0.000000e+00 0.000000e+00 1.074888e+10 
1195 0.000000e+00 0.000000e+00 9.963726e+09 
1196 0.000000e+00 0.000000e+00 9.931046e+09 
1197 0.000000e+00 0.000000e+00 9.927240e+09 
1198 0.000000e+00 0.000000e+00 9.928217e+09 
1199 0.000000e+00 0.000000e+00 9.928658e+09 
1200 0.000000e+00 0.000000e+00 9.940830e+09 
1201 0.000000e+00 0.000000e+00 1.003722e+10 
1202 0.000000e+00 0.000000e+00 1.039221e+10 
1203 0.000000e+00 0.000000e+00 1.055298e+10 
1204 0.000000e+00 0.000000e+00 1.066881e+10 
1205 0.000000e+00 0.000000e+00 1.068558e+10 
1206 0.000000e+00 0.000000e+00 1.073299e+10 
1207 0.000000e+00 0.000000e+00 9.968140e+09 
1208 0.000000e+00 0.000000e+00 9.933218e+09 
1209 0.000000e+00 0.000000e+00 9.926644e+09 
1210 0.000000e+00 0.000000e+00 9.927285e+09 
1211 0.000000e+00 0.000000e+00 9.926589e+09 
1212 0.000000e+00 0.000000e+00 9.928570e+09 
1213 0.000000e+00 0.000000e+00 9.934862e+09 
1214 0.000000e+00 0.000000e+00 1.007790e+10 
1215 0.000000e+00 0.000000e+00 1.038896e+10 
1216 0.000000e+00 0.000000e+00 1.063667e+10 
1217 0.000000e+00 0.000000e+00 1.060374e+10 
1218 0.000000e+00 0.000000e+00 1.073251e+10 
1219 0.000000e+00 0.000000e+00 9.984482e+09 
1220 0.000000e+00 0.000000e+00 9.935315e+09 
1221 0.000000e+00 0.000000e+00 9.928487e+09 
1222 0.000000e+00 0.000000e+00 9.927270e+09 
1223 0.000000e+00 0.000000e+00 9.927421e+09 
1224 0.000000e+00 0.000000e+00 9.928992e+09 
1225 0.000000e+00 0.000000e+00 9.931980e+09 
1226 0.000000e+00 0.000000e+00 9.968886e+09 
1227 0.000000e+00 0.000000e+00 1.021041e+10 
1228 0.000000e+00 0.000000e+00 1.053398e+10 
1229 0.000000e+00 0.000000e+00 1.057717e+10 
1230 0.000000e+00 0.000000e+00 1.069321e+10 
1231 0.000000e+00 0.000000e+00 1.067788e+10 
1232 0.000000e+00 0.000000e+00 9.965799e+09 
1233 0.000000e+00 0.000000e+00 9.930803e+09 
1234 0.000000e+00 0.000000e+00 9.928045e+09 
1235 0.000000e+00 0.000000e+00 9.927954e+09 
1236 0.000000e+00 0.000000e+00 9.927017e+09 
1237 0.000000e+00 0.000000e+00 9.931048e+09 
1238 0.000000e+00 0.000000e+00 9.945828e+09 
1239 0.000000e+00 0.000000e+00 1.019448e+10 
1240 0.000000e+00 0.000000e+00 1.037269e+10 
1241 0.000000e+00 0.000000e+00 1.058360e+10 
1242 0.000000e+00 0.000000e+00 1.065019e+10 
1243 0.000000e+00 0.000000e+00 1.073372e+10 
1244 0.000000e+00 0.000000e+00 9.976319e+09 
1245 0.000000e+00 0.000000e+00 9.934591e+09 
1246 0.000000e+00 0.000000e+00 9.927014e+09 
1247 0.000000e+00 0.000000e+00 9.926934e+09 
1248 0.000000e+00 0.000000e+00 9.926734e+09 
1249 0.000000e+00 0.000000e+00 9.927157e+09 
1250 0.000000e+00 0.000000e+00 9.927008e+09 
1251 0.000000e+00 0.000000e+00 9.949334e+09 
1252 0.000000e+00 0.000000e+00 1.026955e+10 
1253 0.000000e+00 0.000000e+00 1.066441e+10 
1254 0.000000e+00 0.000000e+00 1.060947e+10 
1255 0.000000e+00 0.000000e+00 1.071249e+10 
1256 0.000000e+00 0.000000e+00 1.067479e+10 
1257 0.000000e+00 0.000000e+00 9.955008e+09 
1258 0.000000e+00 0.000000e+00 9.928672e+09 
1259 0.000000e+00 0.000000e+00 9.927692e+09 
1260 0.000000e+00 0.000000e+00 9.926919e+09 
1261 0.000000e+00 0.000000e+00 9.929060e+09 
1262 0.000000e+00 0.000000e+00 9.928886e+09 
1263 0.000000e+00 0.000000e+00 1.000265e+10 
1264 0.000000e+00 0.000000e+00 1.034659e+10 
1265 0.000000e+00 0.000000e+00 1.057602e+10 
1266 0.000000e+00 0.000000e+00 1.060499e+10 
1267 0.000000e+00 0.000000e+00 1.070780e+10 
1268 0.000000e+00 0.000000e+00 1.065888e+10 
1269 0.000000e+00 0.000000e+00 1.014766e+10 
1270 0.000000e+00 0.000000e+00 1.013529e+10 
1271 0.000000e+00 0.000000e+00 1.027842e+10 
1272 0.000000e+00 0.000000e+00 1.037200e+10 
1273 0.000000e+00 0.000000e+00 1.055448e+10 
1274 0.000000e+00 0.000000e+00 1.057698e+10 
1275 0.000000e+00 0.000000e+00 1.067293e+10 
1276 0.000000e+00 0.000000e+00 1.064842e+10 
1277 0.000000e+00 0.000000e+00 1.071890e+10 
1278 0.000000e+00 0.000000e+00 9.963045e+09 
1279 0.000000e+00 0.000000e+00 9.930507e+09 
1280 0.000000e+00 0.000000e+00 9.927297e+09 
1281 0.000000e+00 0.000000e+00 9.927390e+09 
1282 0.000000e+00 0.000000e+00 9.928725e+09 
1283 0.000000e+00 0.000000e+00 9.934607e+09 
1284 0.000000e+00 0.000000e+00 1.002445e+10 
1285 0.000000e+00 0.000000e+00 1.035644e+10 
1286 0.000000e+00 0.000000e+00 1.055177e+10 
1287 0.000000e+00 0.000000e+00 1.066125e+10 
1288 0.000000e+00 0.000000e+00 1.065936e+10 
1289 0.000000e+00 0.000000e+00 1.072174e+10 
1290 0.000000e+00 0.000000e+00 9.970910e+09 
1291 0.000000e+00 0.000000e+00 9.933308e+09 
1292 0.000000e+00 0.000000e+00 9.926768e+09 
1293 0.000000e+00 0.000000e+00 9.927154e+09 
1294 0.000000e+00 0.000000e+00 9.926809e+09 
1295 0.000000e+00 0.000000e+00 9.929134e+09 
1296 0.000000e+00 0.000000e+00 9.939781e+09 
1297 0.000000e+00 0.000000e+00 1.014509e+10 
1298 0.000000e+00 0.000000e+00 1.050726e+10 
1299 0.000000e+00 0.000000e+00 1.061558e+10 
1300 0.000000e+00 0.000000e+00 1.064246e+10 
1301 0.000000e+00 0.000000e+00 1.074394e+10 
1302 0.000000e+00 0.000000e+00 1.010284e+10 
1303 0.000000e+00 0.000000e+00 1.008654e+10 
1304 0.000000e+00 0.000000e+00 1.019276e+10 
1305 0.000000e+00 0.000000e+00 1.038152e+10 
1306 0.000000e+00 0.000000e+00 1.043484e+10 
1307 0.000000e+00 0.000000e+00 1.063332e+10 
1308 0.000000e+00 0.000000e+00 1.058102e+10 
1309 0.000000e+00 0.000000e+00 1.069413e+10 
1310 0.000000e+00 0.000000e+00 1.001196e+10 
1311 0.000000e+00 0.000000e+00 9.943022e+09 
1312 0.000000e+00 0.000000e+00 9.929061e+09 
1313 0.000000e+00 0.000000e+00 9.926809e+09 
1314 0.000000e+00 0.000000e+00 9.927598e+09 
1315 0.000000e+00 0.000000e+00 9.926821e+09 
1316 0.000000e+00 0.000000e+00 9.928484e+09 
1317 0.000000e+00 0.000000e+00 9.931662e+09 
1318 0.000000e+00 0.000000e+00 1.006107e+10 
1319 0.000000e+00 0.000000e+00 1.040181e+10 
1320 0.000000e+00 0.000000e+00 1.065173e+10 
1321 0.000000e+00 0.000000e+00 1.063478e+10 
1322 0.000000e+00 0.000000e+00 1.072808e+10 
1323 0.000000e+00 0.000000e+00 9.986413e+09 
1324 0.000000e+00 0.000000e+00 9.935908e+09 
1325 0.000000e+00 0.000000e+00 9.928287e+09 
1326 0.000000e+00 0.000000e+00 9.927076e+09 
1327 0.000000e+00 0.000000e+00 9.927240e+09 
1328 0.000000e+00 0.000000e+00 9.926852e+09 
1329 0.000000e+00 0.000000e+00 9.928472e+09 
1330 0.000000e+00 0.000000e+00 9.939417e+09 
1331 0.000000e+00 0.000000e+00 1.016378e+10 
1332 0.000000e+00 0.000000e+00 1.051250e+10 
1333 0.000000e+00 0.000000e+00 1.066406e+10 
1334 0.000000e+00 0.000000e+00 1.064711e+10 
1335 0.000000e+00 0.000000e+00 1.007085e+10 
1336 0.000000e+00 0.000000e+00 1.002553e+10 
1337 0.000000e+00 0.000000e+00 1.013693e+10 
1338 0.000000e+00 0.000000e+00 1.028316e+10 
1339 0.000000e+00 0.000000e+00 1.043262e+10 
1340 0.000000e+00 0.000000e+00 1.053799e+10 
1341 0.000000e+00 0.000000e+00 1.060485e+10 
1342 0.000000e+00 0.000000e+00 1.064315e+10 
1343 0.000000e+00 0.000000e+00 1.069683e+10 
1344 0.000000e+00 0.000000e+00 1.050328e+10 
1345 0.000000e+00 0.000000e+00 1.057514e+10 
1346 0.000000e+00 0.000000e+00 1.059365e+10 
1347 0.000000e+00 0.000000e+00 1.066413e+10 
1348 0.000000e+00 0.000000e+00 1.067704e+10 
1349 0.000000e+00 0.000000e+00 1.053368e+10 
1350 0.000000e+00 0.000000e+00 1.051698e+10 
1351 0.000000e+00 0.000000e+00 1.064423e+10 
1352 0.000000e+00 0.000000e+00 1.064818e+10 
1353 0.000000e+00 0.000000e+00 1.070384e+10 
1354 0.000000e+00 0.000000e+00 9.973896e+09 
1355 0.000000e+00 0.000000e+00 9.934321e+09 
1356 0.000000e+00 0.000000e+00 9.926742e+09 
1357 0.000000e+00 0.000000e+00 9.927071e+09 
1358 0.000000e+00 0.000000e+00 9.926726e+09 
1359 0.000000e+00 0.000000e+00 9.927422e+09 
1360 0.000000e+00 0.000000e+00 9.928261e+09 
1361 0.000000e+00 0.000000e+00 9.999586e+09 
1362 0.000000e+00 0.000000e+00 1.037478e+10 
1363 0.000000e+00 0.000000e+00 1.063634e+10 
1364 0.000000e+00 0.000000e+00 1.061000e+10 
1365 0.000000e+00 0.000000e+00 1.071684e+10 
1366 0.000000e+00 0.000000e+00 1.007861e+10 
1367 0.000000e+00 0.000000e+00 1.008208e+10 
1368 0.000000e+00 0.000000e+00 1.016081e+10 
1369 0.000000e+00 0.000000e+00 1.037862e+10 
1370 0.000000e+00 0.000000e+00 1.048364e+10 
1371 0.000000e+00 0.000000e+00 1.059972e+10 
1372 0.000000e+00 0.000000e+00 1.060930e+10 
1373 0.000000e+00 0.000000e+00 1.072169e+10 
1374 0.000000e+00 0.000000e+00 1.041972e+10 
1375 0.000000e+00 0.000000e+00 1.049370e+10 
1376 0.000000e+00 0.000000e+00 1.056334e+10 
1377 0.000000e+00 0.000000e+00 1.064856e+10 
1378 0.000000e+00 0.000000e+00 1.067746e+10 
1379 0.000000e+00 0.000000e+00 1.074501e+10 
1380 0.000000e+00 0.000000e+00 9.967387e+09 
1381 0.000000e+00 0.000000e+00 9.931404e+09 
1382 0.000000e+00 0.000000e+00 9.926701e+09 
1383 0.000000e+00 0.000000e+00 9.927513e+09 
1384 0.000000e+00 0.000000e+00 9.927403e+09 
1385 0.000000e+00 0.000000e+00 9.927761e+09 
1386 0.000000e+00 0.000000e+00 9.931276e+09 
1387 0.000000e+00 0.000000e+00 1.003991e+10 
1388 0.000000e+00 0.000000e+00 1.051801e+10 
1389 0.000000e+00 0.000000e+00 1.064051e+10 
1390 0.000000e+00 0.000000e+00 1.067185e+10 
1391 0.000000e+00 0.000000e+00 1.070033e+10 
1392 0.000000e+00 0.000000e+00 9.975464e+09 
1393 0.000000e+00 0.000000e+00 9.933856e+09 
1394 0.000000e+00 0.000000e+00 9.928058e+09 
1395 0.000000e+00 0.000000e+00 9.926759e+09 
1396 0.000000e+00 0.000000e+00 9.927370e+09 
1397 0.000000e+00 0.000000e+00 9.926523e+09 
1398 0.000000e+00 0.000000e+00 9.933722e+09 
1399 0.000000e+00 0.000000e+00 9.993782e+09 
1400 0.000000e+00 0.000000e+00 1.037299e+10 
1401 0.000000e+00 0.000000e+00 1.057132e+10 
1402 0.000000e+00 0.000000e+00 1.070118e+10 
1403 0.000000e+00 0.000000e+00 1.065080e+10 
1404 0.000000e+00 0.000000e+00 1.051370e+10 
1405 0.000000e+00 0.000000e+00 1.049338e+10 
1406 0.000000e+00 0.000000e+00 1.062425e+10 
1407 0.000000e+00 0.000000e+00 1.062384e+10 
1408 0.000000e+00 0.000000e+00 1.072070e+10 
1409 0.000000e+00 0.000000e+00 1.008674e+10 
1410 0.000000e+00 0.000000e+00 1.008479e+10 
1411 0.000000e+00 0.000000e+00 1.017326e+10 
1412 0.000000e+00 0.000000e+00 1.034815e+10 
1413 0.000000e+00 0.000000e+00 1.046710e+10 
1414 0.000000e+00 0.000000e+00 1.059533e+10 
1415 0.000000e+00 0.000000e+00 1.063912e+10 
1416 0.000000e+00 0.000000e+00 1.070454e+10 
1417 0.000000e+00 0.000000e+00 1.066771e+10 
1418 0.000000e+00 0.000000e+00 9.962941e+09 
1419 0.000000e+00 0.000000e+00 9.928741e+09 
1420 0.000000e+00 0.000000e+00 9.927144e+09 
1421 0.000000e+00 0.000000e+00 9.926921e+09 
1422 0.000000e+00 0.000000e+00 9.927980e+09 
1423 0.000000e+00 0.000000e+00 9.926911e+09 
1424 0.000000e+00 0.000000e+00 9.946805e+09 
1425 0.000000e+00 0.000000e+00 1.011564e+10 
1426 0.000000e+00 0.000000e+00 1.053425e+10 
1427 0.000000e+00 0.000000e+00 1.059719e+10 
1428 0.000000e+00 0.000000e+00 1.071086e+10 
1429 0.000000e+00 0.000000e+00 1.065895e+10 
1430 0.000000e+00 0.000000e+00 1.074099e+10 
1431 0.000000e+00 0.000000e+00 9.961630e+09 
1432 0.000000e+00 0.000000e+00 9.930510e+09 
1433 0.000000e+00 0.000000e+00 9.927163e+09 
1434 0.000000e+00 0.000000e+00 9.928123e+09 
1435 0.000000e+00 0.000000e+00 9.928660e+09 
1436 0.000000e+00 0.000000e+00 9.945820e+09 
1437 0.000000e+00 0.000000e+00 1.008204e+10 
1438 0.000000e+00 0.000000e+00 1.043542e+10 
1439 0.000000e+00 0.000000e+00 1.055692e+10 
1440 0.000000e+00 0.000000e+00 1.066314e+10 
1441 0.000000e+00 0.000000e+00 1.067292e+10 
1442 0.000000e+00 0.000000e+00 1.072601e+10 
1443 0.000000e+00 0.000000e+00 9.967872e+09 
1444 0.000000e+00 0.000000e+00 9.933932e+09 
1445 0.000000e+00 0.000000e+00 9.927308e+09 
1446 0.000000e+00 0.000000e+00 9.928083e+09 
1447 0.000000e+00 0.000000e+00 9.927331e+09 
1448 0.000000e+00 0.000000e+00 9.932626e+09 
1449 0.000000e+00 0.000000e+00 9.961737e+09 
1450 0.000000e+00 0.000000e+00 1.025853e+10 
1451 0.000000e+00 0.000000e+00 1.051769e+10 
1452 0.000000e+00 0.000000e+00 1.062693e+10 
1453 0.000000e+00 0.000000e+00 1.063003e+10 
1454 0.000000e+00 0.000000e+00 1.071394e+10 
1455 0.000000e+00 0.000000e+00 9.979511e+09 
1456 0.000000e+00 0.000000e+00 9.935837e+09 
1457 0.000000e+00 0.000000e+00 9.928100e+09 
1458 0.000000e+00 0.000000e+00 9.927542e+09 
1459 0.000000e+00 0.000000e+00 9.926865e+09 
1460 0.000000e+00 0.000000e+00 9.927330e+09 
1461 0.000000e+00 0.000000e+00 9.927916e+09 
1462 0.000000e+00 0.000000e+00 9.949770e+09 
1463 0.000000e+00 0.000000e+00 1.023169e+10 
1464 0.000000e+00 0.000000e+00 1.058066e+10 
1465 0.000000e+00 0.000000e+00 1.062042e+10 
1466 0.000000e+00 0.000000e+00 1.067024e+10 
1467 0.000000e+00 0.000000e+00 1.052579e+10 
1468 0.000000e+00 0.000000e+00 1.053312e+10 
1469 0.000000e+00 0.000000e+00 1.059775e+10 
1470 0.000000e+00 0.000000e+00 1.065752e+10 
1471 0.000000e+00 0.000000e+00 1.068954e+10 
1472 0.000000e+00 0.000000e+00 9.987091e+09 
1473 0.000000e+00 0.000000e+00 9.938026e+09 
1474 0.000000e+00 0.000000e+00 9.929162e+09 
1475 0.000000e+00 0.000000e+00 9.927160e+09 
1476 0.000000e+00 0.000000e+00 9.928653e+09 
1477 0.000000e+00 0.000000e+00 9.926665e+09 
1478 0.000000e+00 0.000000e+00 9.932328e+09 
1479 0.000000e+00 0.000000e+00 9.958743e+09 
1480 0.000000e+00 0.000000e+00 1.036918e+10 
1481 0.000000e+00 0.000000e+00 1.054199e+10 
1482 0.000000e+00 0.000000e+00 1.066888e+10 
1483 0.000000e+00 0.000000e+00 1.065704e+10 
1484 0.000000e+00 0.000000e+00 1.072508e+10 
1485 0.000000e+00 0.000000e+00 9.969403e+09 
1486 0.000000e+00 0.000000e+00 9.932693e+09 
1487 0.000000e+00 0.000000e+00 9.927007e+09 
1488 0.000000e+00 0.000000e+00 9.927340e+09 
1489 0.000000e+00 0.000000e+00 9.927306e+09 
1490 0.000000e+00 0.000000e+00 9.927678e+09 
1491 0.000000e+00 0.000000e+00 9.937379e+09 
1492 0.000000e+00 0.000000e+00 1.006393e+10 
1493 0.000000e+00 0.000000e+00 1.044068e+10 
1494 0.000000e+00 0.000000e+00 1.062523e+10 
1495 0.000000e+00 0.000000e+00 1.068412e+10 
1496 0.000000e+00 0.000000e+00 1.070029e+10 
1497 0.000000e+00 0.000000e+00 1.011921e+10 
1498 0.000000e+00 0.000000e+00 1.010992e+10 
1499 0.000000e+00 0.000000e+00 1.020769e+10 
1500 0.000000e+00 0.000000e+00 1.032869e+10 
1501 0.000000e+00 0.000000e+00 1.053806e+10 
1502 0.000000e+00 0.000000e+00 1.054903e+10 
1503 0.000000e+00 0.000000e+00 1.063805e+10 
1504 0.000000e+00 0.000000e+00 1.064589e+10 
1505 0.000000e+00 0.000000e+00 1.070762e+10 
1506 0.000000e+00 0.000000e+00 1.015790e+10 
1507 0.000000e+00 0.000000e+00 1.018853e+10 
1508 0.000000e+00 0.000000e+00 1.025258e+10 
1509 0.000000e+00 0.000000e+00 1.044101e+10 
1510 0.000000e+00 0.000000e+00 1.051400e+10 
1511 0.000000e+00 0.000000e+00 1.062409e+10 
1512 0.000000e+00 0.000000e+00 1.059793e+10 
1513 0.000000e+00 0.000000e+00 1.072841e+10 
1514 0.000000e+00 0.000000e+00 1.008358e+10 
1515 0.000000e+00 0.000000e+00 1.008557e+10 
1516 0.000000e+00 0.000000e+00 1.015010e+10 
1517 0.000000e+00 0.000000e+00 1.037393e+10 
1518 0.000000e+00 0.000000e+00 1.044408e+10 
1519 0.000000e+00 0.000000e+00 1.057841e+10 
1520 0.000000e+00 0.000000e+00 1.061094e+10 
1521 0.000000e+00 0.000000e+00 1.069106e+10 
1522 0.000000e+00 0.000000e+00 1.067036e+10 
1523 0.000000e+00 0.000000e+00 9.962664e+09 
1524 0.000000e+00 0.000000e+00 9.929784e+09 
1525 0.000000e+00 0.000000e+00 9.927095e+09 
1526 0.000000e+00 0.000000e+00 9.927333e+09 
1527 0.000000e+00 0.000000e+00 9.927256e+09 
1528 0.000000e+00 0.000000e+00 9.927090e+09 
1529 0.000000e+00 0.000000e+00 9.928063e+09 
1530 0.000000e+00 0.000000e+00 9.937531e+09 
1531 0.000000e+00 0.000000e+00 1.017964e+10 
1532 0.000000e+00 0.000000e+00 1.052541e+10 
1533 0.000000e+00 0.000000e+00 1.069691e+10 
1534 0.000000e+00 0.000000e+00 1.071053e+10 
1535 0.000000e+00 0.000000e+00 1.053652e+10 
1536 0.000000e+00 0.000000e+00 1.052699e+10 
1537 0.000000e+00 0.000000e+00 1.061220e+10 
1538 0.000000e+00 0.000000e+00 1.067117e+10 
1539 0.000000e+00 0.000000e+00 1.068317e+10 
1540 0.000000e+00 0.000000e+00 9.969954e+09 
1541 0.000000e+00 0.000000e+00 9.929554e+09 
1542 0.000000e+00 0.000000e+00 9.926792e+09 
1543 0.000000e+00 0.000000e+00 9.927573e+09 
1544 0.000000e+00 0.000000e+00 9.926843e+09 
1545 0.000000e+00 0.000000e+00 9.927305e+09 
1546 0.000000e+00 0.000000e+00 9.926667e+09 
1547 0.000000e+00 0.000000e+00 9.942899e+09 
1548 0.000000e+00 0.000000e+00 1.019503e+10 
1549 0.000000e+00 0.000000e+00 1.063432e+10 
1550 0.000000e+00 0.000000e+00 1.059563e+10 
1551 0.000000e+00 0.000000e+00 1.070233e+10 
1552 0.000000e+00 0.000000e+00 1.006971e+10 
1553 0.000000e+00 0.000000e+00 1.006081e+10 
1554 0.000000e+00 0.000000e+00 1.011555e+10 
1555 0.000000e+00 0.000000e+00 1.032504e+10 
1556 0.000000e+00 0.000000e+00 1.043870e+10 
1557 0.000000e+00 0.000000e+00 1.056683e+10 
1558 0.000000e+00 0.000000e+00 1.057314e+10 
1559 0.000000e+00 0.000000e+00 1.069568e+10 
1560 0.000000e+00 0.000000e+00 1.040705e+10 
1561 0.000000e+00 0.000000e+00 1.048233e+10 
1562 0.000000e+00 0.000000e+00 1.056328e+10 
1563 0.000000e+00 0.000000e+00 1.064236e+10 
1564 0.000000e+00 0.000000e+00 1.066065e+10 
1565 0.000000e+00 0.000000e+00 1.070525e+10 
1566 0.000000e+00 0.000000e+00 9.974046e+09 
1567 0.000000e+00 0.000000e+00 9.932556e+09 
1568 0.000000e+00 0.000000e+00 9.927293e+09 
1569 0.000000e+00 0.000000e+00 9.927005e+09 
1570 0.000000e+00 0.000000e+00 9.926859e+09 
1571 0.000000e+00 0.000000e+00 9.926957e+09 
1572 0.000000e+00 0.000000e+00 9.929194e+09 
1573 0.000000e+00 0.000000e+00 9.946001e+09 
1574 0.000000e+00 0.000000e+00 1.018697e+10 
1575 0.000000e+00 0.000000e+00 1.041147e+10 
1576 0.000000e+00 0.000000e+00 1.066303e+10 
1577 0.000000e+00 0.000000e+00 1.065439e+10 
1578 0.000000e+00 0.000000e+00 1.071511e+10 
1579 0.000000e+00 0.000000e+00 9.965371e+09 
1580 0.000000e+00 0.000000e+00 9.930471e+09 
1581 0.000000e+00 0.000000e+00 9.927015e+09 
1582 0.000000e+00 0.000000e+00 9.927412e+09 
1583 0.000000e+00 0.000000e+00 9.927186e+09 
1584 0.000000e+00 0.000000e+00 9.928879e+09 
1585 0.000000e+00 0.000000e+00 9.956391e+09 
1586 0.000000e+00 0.000000e+00 1.027446e+10 
1587 0.000000e+00 0.000000e+00 1.056433e+10 
1588 0.000000e+00 0.000000e+00 1.064537e+10 
1589 0.000000e+00 0.000000e+00 1.064753e+10 
1590 0.000000e+00 0.000000e+00 1.069109e+10 
1591 0.000000e+00 0.000000e+00 9.968165e+09 
1592 0.000000e+00 0.000000e+00 9.931601e+09 
1593 0.000000e+00 0.000000e+00 9.927316e+09 
1594 0.000000e+00 0.000000e+00 9.926707e+09 
1595 0.000000e+00 0.000000e+00 9.927323e+09 
1596 0.000000e+00 0.000000e+00 9.926615e+09 
1597 0.000000e+00 0.000000e+00 9.938003e+09 
1598 0.000000e+00 0.000000e+00 1.006735e+10 
1599 0.000000e+00 0.000000e+00 1.052257e+10 
1600 0.000000e+00 0.000000e+00 1.059911e+10 
1601 0.000000e+00 0.000000e+00 1.071133e+10 
1602 0.000000e+00 0.000000e+00 1.066550e+10 
1603 0.000000e+00 0.000000e+00 1.073563e+10 
1604 0.000000e+00 0.000000e+00 9.959453e+09 
1605 0.000000e+00 0.000000e+00 9.930685e+09 
1606 0.000000e+00 0.000000e+00 9.927854e+09 
1607 0.000000e+00 0.000000e+00 9.929272e+09 
1608 0.000000e+00 0.000000e+00 9.930628e+09 
1609 0.000000e+00 0.000000e+00 9.965554e+09 
1610 0.000000e+00 0.000000e+00 1.016839e+10 
1611 0.000000e+00 0.000000e+00 1.046799e+10 
1612 0.000000e+00 0.000000e+00 1.060313e+10 
1613 0.000000e+00 0.000000e+00 1.065914e+10 
1614 0.000000e+00 0.000000e+00 1.066395e+10 
1615 0.000000e+00 0.000000e+00 1.072835e+10 
1616 0.000000e+00 0.000000e+00 9.965188e+09 
1617 0.000000e+00 0.000000e+00 9.931304e+09 
1618 0.000000e+00 0.000000e+00 9.927122e+09 
1619 0.000000e+00 0.000000e+00 9.927250e+09 
1620 0.000000e+00 0.000000e+00 9.927067e+09 
1621 0.000000e+00 0.000000e+00 9.929716e+09 
1622 0.000000e+00 0.000000e+00 9.946277e+09 
1623 0.000000e+00 0.000000e+00 1.015575e+10 
1624 0.000000e+00 0.000000e+00 1.046769e+10 
1625 0.000000e+00 0.000000e+00 1.065716e+10 
1626 0.000000e+00 0.000000e+00 1.064555e+10 
1627 0.000000e+00 0.000000e+00 1.071040e+10 
1628 0.000000e+00 0.000000e+00 1.012148e+10 
1629 0.000000e+00 0.000000e+00 1.013082e+10 
1630 0.000000e+00 0.000000e+00 1.023023e+10 
1631 0.000000e+00 0.000000e+00 1.043875e+10 
1632 0.000000e+00 0.000000e+00 1.046321e+10 
1633 0.000000e+00 0.000000e+00 1.059761e+10 
1634 0.000000e+00 0.000000e+00 1.060758e+10 
1635 0.000000e+00 0.000000e+00 1.072009e+10 
1636 0.000000e+00 0.000000e+00 1.067322e+10 
1637 0.000000e+00 0.000000e+00 1.019451e+10 
1638 0.000000e+00 0.000000e+00 1.016411e+10 
1639 0.000000e+00 0.000000e+00 1.033732e+10 
1640 0.000000e+00 0.000000e+00 1.042752e+10 
1641 0.000000e+00 0.000000e+00 1.059642e+10 
1642 0.000000e+00 0.000000e+00 1.057125e+10 
1643 0.000000e+00 0.000000e+00 1.066936e+10 
1644 0.000000e+00 0.000000e+00 1.068005e+10 
1645 0.000000e+00 0.000000e+00 9.971862e+09 
1646 0.000000e+00 0.000000e+00 9.930897e+09 
1647 0.000000e+00 0.000000e+00 9.926867e+09 
1648 0.000000e+00 0.000000e+00 9.926839e+09 
1649 0.000000e+00 0.000000e+00 9.927631e+09 
1650 0.000000e+00 0.000000e+00 9.926833e+09 
1651 0.000000e+00 0.000000e+00 9.930574e+09 
1652 0.000000e+00 0.000000e+00 9.952599e+09 
1653 0.000000e+00 0.000000e+00 1.029646e+10 
1654 0.000000e+00 0.000000e+00 1.050765e+10 
1655 0.000000e+00 0.000000e+00 1.065429e+10 
1656 0.000000e+00 0.000000e+00 1.066119e+10 
1657 0.000000e+00 0.000000e+00 1.071535e+10 
1658 0.000000e+00 0.000000e+00 9.968779e+09 
1659 0.000000e+00 0.000000e+00 9.932109e+09 
1660 0.000000e+00 0.000000e+00 9.926848e+09 
1661 0.000000e+00 0.000000e+00 9.928035e+09 
1662 0.000000e+00 0.000000e+00 9.927523e+09 
1663 0.000000e+00 0.000000e+00 9.930054e+09 
1664 0.000000e+00 0.000000e+00 9.966872e+09 
1665 0.000000e+00 0.000000e+00 1.021638e+10 
1666 0.000000e+00 0.000000e+00 1.053720e+10 
1667 0.000000e+00 0.000000e+00 1.063239e+10 
1668 0.000000e+00 0.000000e+00 1.065258e+10 
1669 0.000000e+00 0.000000e+00 1.071620e+10 
1670 0.000000e+00 0.000000e+00 9.973071e+09 
1671 0.000000e+00 0.000000e+00 9.933151e+09 
1672 0.000000e+00 0.000000e+00 9.926982e+09 
1673 0.000000e+00 0.000000e+00 9.926877e+09 
1674 0.000000e+00 0.000000e+00 9.927103e+09 
1675 0.000000e+00 0.000000e+00 9.926544e+09 
1676 0.000000e+00 0.000000e+00 9.930384e+09 
1677 0.000000e+00 0.000000e+00 9.978011e+09 
1678 0.000000e+00 0.000000e+00 1.034033e+10 
1679 0.000000e+00 0.000000e+00 1.058125e+10 
1680 0.000000e+00 0.000000e+00 1.067117e+10 
1681 0.000000e+00 0.000000e+00 1.065841e+10 
1682 0.000000e+00 0.000000e+00 1.075343e+10 
1683 0.000000e+00 0.000000e+00 9.961667e+09 
1684 0.000000e+00 0.000000e+00 9.930773e+09 
1685 0.000000e+00 0.000000e+00 9.926806e+09 
1686 0.000000e+00 0.000000e+00 9.928439e+09 
1687 0.000000e+00 0.000000e+00 9.928416e+09 
1688 0.000000e+00 0.000000e+00 9.943479e+09 
1689 0.000000e+00 0.000000e+00 1.002014e+10 
1690 0.000000e+00 0.000000e+00 1.025816e+10 
1691 0.000000e+00 0.000000e+00 1.050752e+10 
1692 0.000000e+00 0.000000e+00 1.066611e+10 
1693 0.000000e+00 0.000000e+00 1.064913e+10 
1694 0.000000e+00 0.000000e+00 1.071917e+10 
1695 0.000000e+00 0.000000e+00 9.969620e+09 
1696 0.000000e+00 0.000000e+00 9.931984e+09 
1697 0.000000e+00 0.000000e+00 9.927721e+09 
1698 0.000000e+00 0.000000e+00 9.926892e+09 
1699 0.000000e+00 0.000000e+00 9.927686e+09 
1700 0.000000e+00 0.000000e+00 9.928289e+09 
1701 0.000000e+00 0.000000e+00 9.928065e+09 
1702 0.000000e+00 0.000000e+00 1.002711e+10 
1703 0.000000e+00 0.000000e+00 1.037807e+10 
1704 0.000000e+00 0.000000e+00 1.064953e+10 
1705 0.000000e+00 0.000000e+00 1.064765e+10 
1706 0.000000e+00 0.000000e+00 1.070087e+10 
1707 0.000000e+00 0.000000e+00 1.008661e+10 
1708 0.000000e+00 0.000000e+00 1.010377e+10 
1709 0.000000e+00 0.000000e+00 1.018042e+10 
1710 0.000000e+00 0.000000e+00 1.037499e+10 
1711 0.000000e+00 0.000000e+00 1.044522e+10 
1712 0.000000e+00 0.000000e+00 1.061656e+10 
1713 0.000000e+00 0.000000e+00 1.058653e+10 
1714 0.000000e+00 0.000000e+00 1.070087e+10 
1715 0.000000e+00 0.000000e+00 1.067457e+10 
1716 0.000000e+00 0.000000e+00 9.960513e+09 
1717 0.000000e+00 0.000000e+00 9.928209e+09 
1718 0.000000e+00 0.000000e+00 9.927085e+09 
1719 0.000000e+00 0.000000e+00 9.926908e+09 
1720 0.000000e+00 0.000000e+00 9.926882e+09 
1721 0.000000e+00 0.000000e+00 9.927322e+09 
1722 0.000000e+00 0.000000e+00 9.933676e+09 
1723 0.000000e+00 0.000000e+00 1.007153e+10 
1724 0.000000e+00 0.000000e+00 1.051248e+10 
1725 0.000000e+00 0.000000e+00 1.057913e+10 
1726 0.000000e+00 0.000000e+00 1.063592e+10 
1727 0.000000e+00 0.000000e+00 1.070334e+10 
1728 0.000000e+00 0.000000e+00 1.009543e+10 
1729 0.000000e+00 0.000000e+00 1.005791e+10 
1730 0.000000e+00 0.000000e+00 1.018089e+10 
1731 0.000000e+00 0.000000e+00 1.035794e+10 
1732 0.000000e+00 0.000000e+00 1.046299e+10 
1733 0.000000e+00 0.000000e+00 1.055055e+10 
1734 0.000000e+00 0.000000e+00 1.061755e+10 
1735 0.000000e+00 0.000000e+00 1.067138e+10 
1736 0.000000e+00 0.000000e+00 1.071668e+10 
1737 0.000000e+00 0.000000e+00 9.964433e+09 
1738 0.000000e+00 0.000000e+00 9.929981e+09 
1739 0.000000e+00 0.000000e+00 9.926999e+09 
1740 0.000000e+00 0.000000e+00 9.927377e+09 
1741 0.000000e+00 0.000000e+00 9.926958e+09 
1742 0.000000e+00 0.000000e+00 9.929454e+09 
1743 0.000000e+00 0.000000e+00 9.939669e+09 
1744 0.000000e+00 0.000000e+00 1.017506e+10 
1745 0.000000e+00 0.000000e+00 1.051258e+10 
1746 0.000000e+00 0.000000e+00 1.064657e+10 
1747 0.000000e+00 0.000000e+00 1.063083e+10 
1748 0.000000e+00 0.000000e+00 1.072049e+10 
1749 0.000000e+00 0.000000e+00 1.008372e+10 
1750 0.000000e+00 0.000000e+00 1.010106e+10 
1751 0.000000e+00 0.000000e+00 1.018085e+10 
1752 0.000000e+00 0.000000e+00 1.038969e+10 
1753 0.000000e+00 0.000000e+00 1.044989e+10 
1754 0.000000e+00 0.000000e+00 1.056780e+10 
1755 0.000000e+00 0.000000e+00 1.061584e+10 
1756 0.000000e+00 0.000000e+00 1.068043e+10 
1757 0.000000e+00 0.000000e+00 1.003853e+10 
1758 0.000000e+00 0.000000e+00 1.003919e+10 
1759 0.000000e+00 0.000000e+00 1.009279e+10 
1760 0.000000e+00 0.000000e+00 1.024533e+10 
1761 0.000000e+00 0.000000e+00 1.039988e+10 
1762 0.000000e+00 0.000000e+00 1.051590e+10 
1763 0.000000e+00 0.000000e+00 1.054531e+10 
1764 0.000000e+00 0.000000e+00 1.065216e+10 
1765 0.000000e+00 0.000000e+00 1.065312e+10 
1766 0.000000e+00 0.000000e+00 1.072384e+10 
1767 0.000000e+00 0.000000e+00 9.964186e+09 
1768 0.000000e+00 0.000000e+00 9.930609e+09 
1769 0.000000e+00 0.000000e+00 9.927377e+09 
1770 0.000000e+00 0.000000e+00 9.926784e+09 
1771 0.000000e+00 0.000000e+00 9.928121e+09 
1772 0.000000e+00 0.000000e+00 9.927214e+09 
1773 0.000000e+00 0.000000e+00 9.962567e+09 
1774 0.000000e+00 0.000000e+00 1.016824e+10 
1775 0.000000e+00 0.000000e+00 1.056309e+10 
1776 0.000000e+00 0.000000e+00 1.059075e+10 
1777 0.000000e+00 0.000000e+00 1.067548e+10 
1778 0.000000e+00 0.000000e+00 1.004037e+10 
1779 0.000000e+00 0.000000e+00 1.001418e+10 
1780 0.000000e+00 0.000000e+00 1.006544e+10 
1781 0.000000e+00 0.000000e+00 1.024976e+10 
1782 0.000000e+00 0.000000e+00 1.036805e+10 
1783 0.000000e+00 0.000000e+00 1.056672e+10 
1784 0.000000e+00 0.000000e+00 1.059745e+10 
1785 0.000000e+00 0.000000e+00 1.064610e+10 
1786 0.000000e+00 0.000000e+00 1.065947e+10 
1787 0.000000e+00 0.000000e+00 1.071795e+10 
1788 0.000000e+00 0.000000e+00 9.963364e+09 
1789 0.000000e+00 0.000000e+00 9.929592e+09 
1790 0.000000e+00 0.000000e+00 9.927486e+09 
1791 0.000000e+00 0.000000e+00 9.927716e+09 
1792 0.000000e+00 0.000000e+00 9.928033e+09 
1793 0.000000e+00 0.000000e+00 9.931183e+09 
1794 0.000000e+00 0.000000e+00 9.967744e+09 
1795 0.000000e+00 0.000000e+00 1.022057e+10 
1796 0.000000e+00 0.000000e+00 1.055559e+10 
1797 0.000000e+00 0.000000e+00 1.061897e+10 
1798 0.000000e+00 0.000000e+00 1.067370e+10 
1799 0.000000e+00 0.000000e+00 1.071765e+10 
1800 0.000000e+00 0.000000e+00 9.971506e+09 
1801 0.000000e+00 0.000000e+00 9.932665e+09 
1802 0.000000e+00 0.000000e+00 9.926990e+09 
1803 0.000000e+00 0.000000e+00 9.926830e+09 
1804 0.000000e+00 0.000000e+00 9.926902e+09 
1805 0.000000e+00 0.000000e+00 9.926861e+09 
1806 0.000000e+00 0.000000e+00 9.930649e+09 
1807 0.000000e+00 0.000000e+00 9.970374e+09 
1808 0.000000e+00 0.000000e+00 1.048621e+10 
1809 0.000000e+00 0.000000e+00 1.058484e+10 
1810 0.000000e+00 0.000000e+00 1.070147e+10 
1811 0.000000e+00 0.000000e+00 1.067185e+10 
1812 0.000000e+00 0.000000e+00 1.075873e+10 
1813 0.000000e+00 0.000000e+00 9.962320e+09 
1814 0.000000e+00 0.000000e+00 9.930477e+09 
1815 0.000000e+00 0.000000e+00 9.927518e+09 
1816 0.000000e+00 0.000000e+00 9.929281e+09 
1817 0.000000e+00 0.000000e+00 9.930927e+09 
1818 0.000000e+00 0.000000e+00 9.967116e+09 
1819 0.000000e+00 0.000000e+00 1.015381e+10 
1820 0.000000e+00 0.000000e+00 1.047493e+10 
1821 0.000000e+00 0.000000e+00 1.059043e+10 
1822 0.000000e+00 0.000000e+00 1.067118e+10 
1823 0.000000e+00 0.000000e+00 1.067981e+10 
1824 0.000000e+00 0.000000e+00 1.069909e+10 
1825 0.000000e+00 0.000000e+00 9.967029e+09 
1826 0.000000e+00 0.000000e+00 9.931314e+09 
1827 0.000000e+00 0.000000e+00 9.926972e+09 
1828 0.000000e+00 0.000000e+00 9.927775e+09 
1829 0.000000e+00 0.000000e+00 9.926872e+09 
1830 0.000000e+00 0.000000e+00 9.929628e+09 
1831 0.000000e+00 0.000000e+00 9.941139e+09 
1832 0.000000e+00 0.000000e+00 1.020523e+10 
1833 0.000000e+00 0.000000e+00 1.052814e+10 
1834 0.000000e+00 0.000000e+00 1.061975e+10 
1835 0.000000e+00 0.000000e+00 1.064464e+10 
1836 0.000000e+00 0.000000e+00 1.073829e+10 
1837 0.000000e+00 0.000000e+00 9.978310e+09 
1838 0.000000e+00 0.000000e+00 9.934035e+09 
1839 0.000000e+00 0.000000e+00 9.929186e+09 
1840 0.000000e+00 0.000000e+00 9.927428e+09 
1841 0.000000e+00 0.000000e+00 9.928363e+09 
1842 0.000000e+00 0.000000e+00 9.927867e+09 
1843 0.000000e+00 0.000000e+00 9.928564e+09 
1844 0.000000e+00 0.000000e+00 9.950144e+09 
1845 0.000000e+00 0.000000e+00 1.008486e+10 
1846 0.000000e+00 0.000000e+00 1.049722e+10 
1847 0.000000e+00 0.000000e+00 1.060396e+10 
1848 0.000000e+00 0.000000e+00 1.068945e+10 
1849 0.000000e+00 0.000000e+00 1.065313e+10 
1850 0.000000e+00 0.000000e+00 9.955195e+09 
1851 0.000000e+00 0.000000e+00 9.928788e+09 
1852 0.000000e+00 0.000000e+00 9.927327e+09 
1853 0.000000e+00 0.000000e+00 9.927619e+09 
1854 0.000000e+00 0.000000e+00 9.929086e+09 
1855 0.000000e+00 0.000000e+00 9.941612e+09 
1856 0.000000e+00 0.000000e+00 1.000704e+10 
1857 0.000000e+00 0.000000e+00 1.025090e+10 
1858 0.000000e+00 0.000000e+00 1.054486e+10 
1859 0.000000e+00 0.000000e+00 1.062675e+10 
1860 0.000000e+00 0.000000e+00 1.066329e+10 
1861 0.000000e+00 0.000000e+00 1.073942e+10 
1862 0.000000e+00 0.000000e+00 9.974209e+09 
1863 0.000000e+00 0.000000e+00 9.933815e+09 
1864 0.000000e+00 0.000000e+00 9.926735e+09 
1865 0.000000e+00 0.000000e+00 9.926915e+09 
1866 0.000000e+00 0.000000e+00 9.926809e+09 
1867 0.000000e+00 0.000000e+00 9.927079e+09 
1868 0.000000e+00 0.000000e+00 9.927570e+09 
1869 0.000000e+00 0.000000e+00 9.962880e+09 
1870 0.000000e+00 0.000000e+00 1.034811e+10 
1871 0.000000e+00 0.000000e+00 1.061339e+10 
1872 0.000000e+00 0.000000e+00 1.064088e+10 
1873 0.000000e+00 0.000000e+00 1.067993e+10 
1874 0.000000e+00 0.000000e+00 9.982341e+09 
1875 0.000000e+00 0.000000e+00 9.935265e+09 
1876 0.000000e+00 0.000000e+00 9.928444e+09 
1877 0.000000e+00 0.000000e+00 9.927411e+09 
1878 0.000000e+00 0.000000e+00 9.927329e+09 
1879 0.000000e+00 0.000000e+00 9.928037e+09 
1880 0.000000e+00 0.000000e+00 9.926610e+09 
1881 0.000000e+00 0.000000e+00 9.954464e+09 
1882 0.000000e+00 0.000000e+00 1.019673e+10 
1883 0.000000e+00 0.000000e+00 1.045382e+10 
1884 0.000000e+00 0.000000e+00 1.054841e+10 
1885 0.000000e+00 0.000000e+00 1.070003e+10 
1886 0.000000e+00 0.000000e+00 1.065412e+10 
1887 0.000000e+00 0.000000e+00 9.958537e+09 
1888 0.000000e+00 0.000000e+00 9.927885e+09 
1889 0.000000e+00 0.000000e+00 9.927347e+09 
1890 0.000000e+00 0.000000e+00 9.927039e+09 
1891 0.000000e+00 0.000000e+00 9.927800e+09 
1892 0.000000e+00 0.000000e+00 9.927358e+09 
1893 0.000000e+00 0.000000e+00 9.951643e+09 
1894 0.000000e+00 0.000000e+00 1.016341e+10 
1895 0.000000e+00 0.000000e+00 1.059639e+10 
1896 0.000000e+00 0.000000e+00 1.056204e+10 
1897 0.000000e+00 0.000000e+00 1.073203e+10 
1898 0.000000e+00 0.000000e+00 1.064393e+10 
1899 0.000000e+00 0.000000e+00 9.968078e+09 
1900 0.000000e+00 0.000000e+00 9.930279e+09 
1901 0.000000e+00 0.000000e+00 9.926918e+09 
1902 0.000000e+00 0.000000e+00 9.927471e+09 
1903 0.000000e+00 0.000000e+00 9.927299e+09 
1904 0.000000e+00 0.000000e+00 9.928135e+09 
1905 0.000000e+00 0.000000e+00 9.927932e+09 
1906 0.000000e+00 0.000000e+00 9.973993e+09 
1907 0.000000e+00 0.000000e+00 1.027168e+10 
1908 0.000000e+00 0.000000e+00 1.062504e+10 
1909 0.000000e+00 0.000000e+00 1.059714e+10 
1910 0.000000e+00 0.000000e+00 1.071684e+10 
1911 0.000000e+00 0.000000e+00 1.065572e+10 
1912 0.000000e+00 0.000000e+00 9.956538e+09 
1913 0.000000e+00 0.000000e+00 9.927601e+09 
1914 0.000000e+00 0.000000e+00 9.926991e+09 
1915 0.000000e+00 0.000000e+00 9.926991e+09 
1916 0.000000e+00 0.000000e+00 9.927203e+09 
1917 0.000000e+00 0.000000e+00 9.929457e+09 
1918 0.000000e+00 0.000000e+00 9.955752e+09 
1919 0.000000e+00 0.000000e+00 1.027545e+10 
1920 0.000000e+00 0.000000e+00 1.052433e+10 
1921 0.000000e+00 0.000000e+00 1.065326e+10 
1922 0.000000e+00 0.000000e+00 1.064442e+10 
1923 0.000000e+00 0.000000e+00 1.069446e+10 
1924 0.000000e+00 0.000000e+00 9.975220e+09 
1925 0.000000e+00 0.000000e+00 9.932219e+09 
1926 0.000000e+00 0.000000e+00 9.927047e+09 
1927 0.000000e+00 0.000000e+00 9.926886e+09 
1928 0.000000e+00 0.000000e+00 9.927107e+09 
1929 0.000000e+00 0.000000e+00 9.926888e+09 
1930 0.000000e+00 0.000000e+00 9.928014e+09 
1931 0.000000e+00 0.000000e+00 9.933984e+09 
1932 0.000000e+00 0.000000e+00 1.024456e+10 
1933 0.000000e+00 0.000000e+00 1.062849e+10 
1934 0.000000e+00 0.000000e+00 1.069809e+10 
1935 0.000000e+00 0.000000e+00 1.070614e+10 
1936 0.000000e+00 0.000000e+00 1.071018e+10 
1937 0.000000e+00 0.000000e+00 9.960988e+09 
1938 0.000000e+00 0.000000e+00 9.930476e+09 
1939 0.000000e+00 0.000000e+00 9.926953e+09 
1940 0.000000e+00 0.000000e+00 9.928102e+09 
1941 0.000000e+00 0.000000e+00 9.928720e+09 
1942 0.000000e+00 0.000000e+00 9.955639e+09 
1943 0.000000e+00 0.000000e+00 1.003604e+10 
1944 0.000000e+00 0.000000e+00 1.029229e+10 
1945 0.000000e+00 0.000000e+00 1.038070e+10 
1946 0.000000e+00 0.000000e+00 1.062915e+10 
1947 0.000000e+00 0.000000e+00 1.067394e+10 
1948 0.000000e+00 0.000000e+00 1.051360e+10 
1949 0.000000e+00 0.000000e+00 1.046301e+10 
1950 0.000000e+00 0.000000e+00 1.062384e+10 
1951 0.000000e+00 0.000000e+00 1.060080e+10 
1952 0.000000e+00 0.000000e+00 1.069111e+10 
1953 0.000000e+00 0.000000e+00 1.048958e+10 
1954 0.000000e+00 0.000000e+00 1.056225e+10 
1955 0.000000e+00 0.000000e+00 1.055412e+10 
1956 0.000000e+00 0.000000e+00 1.069837e+10 
1957 0.000000e+00 0.000000e+00 1.067837e+10 
1958 0.000000e+00 0.000000e+00 9.974104e+09 
1959 0.000000e+00 0.000000e+00 9.931424e+09 
1960 0.000000e+00 0.000000e+00 9.926894e+09 
1961 0.000000e+00 0.000000e+00 9.926877e+09 
1962 0.000000e+00 0.000000e+00 9.926600e+09 
1963 0.000000e+00 0.000000e+00 9.928227e+09 
1964 0.000000e+00 0.000000e+00 9.926681e+09 
1965 0.000000e+00 0.000000e+00 9.953426e+09 
1966 0.000000e+00 0.000000e+00 1.018869e+10 
1967 0.000000e+00 0.000000e+00 1.061741e+10 
1968 0.000000e+00 0.000000e+00 1.060518e+10 
1969 0.000000e+00 0.000000e+00 1.073022e+10 
1970 0.000000e+00 0.000000e+00 1.065955e+10 
1971 0.000000e+00 0.000000e+00 9.958315e+09 
1972 0.000000e+00 0.000000e+00 9.928451e+09 
1973 0.000000e+00 0.000000e+00 9.927075e+09 
1974 0.000000e+00 0.000000e+00 9.927905e+09 
1975 0.000000e+00 0.000000e+00 9.926961e+09 
1976 0.000000e+00 0.000000e+00 9.928088e+09 
1977 0.000000e+00 0.000000e+00 9.930942e+09 
1978 0.000000e+00 0.000000e+00 1.004639e+10 
1979 0.000000e+00 0.000000e+00 1.039572e+10 
1980 0.000000e+00 0.000000e+00 1.061598e+10 
1981 0.000000e+00 0.000000e+00 1.061899e+10 
1982 0.000000e+00 0.000000e+00 1.072049e+10 
1983 0.000000e+00 0.000000e+00 1.010337e+10 
1984 0.000000e+00 0.000000e+00 1.011340e+10 
1985 0.000000e+00 0.000000e+00 1.022633e+10 
1986 0.000000e+00 0.000000e+00 1.041340e+10 
1987 0.000000e+00 0.000000e+00 1.046471e+10 
1988 0.000000e+00 0.000000e+00 1.061929e+10 
1989 0.000000e+00 0.000000e+00 1.062858e+10 
1990 0.000000e+00 0.000000e+00 1.070188e+10 
1991 0.000000e+00 0.000000e+00 1.068176e+10 
1992 0.000000e+00 0.000000e+00 9.959980e+09 
1993 0.000000e+00 0.000000e+00 9.927995e+09 
1994 0.000000e+00 0.000000e+00 9.926937e+09 
1995 0.000000e+00 0.000000e+00 9.927037e+09 
1996 0.000000e+00 0.000000e+00 9.927066e+09 
1997 0.000000e+00 0.000000e+00 9.927162e+09 
1998 0.000000e+00 0.000000e+00 9.931430e+09 
1999 0.000000e+00 0.000000e+00 1.004817e+10 
2000 0.000000e+00 0.000000e+00 1.038167e+10 
2001 0.000000e+00 0.000000e+00 1.060908e+10 
2002 0.000000e+00 0.000000e+00 1.062713e+10 
2003 0.000000e+00 0.000000e+00 1.071203e+10 
2004 0.000000e+00 0.000000e+00 1.010331e+10 
2005 0.000000e+00 0.000000e+00 1.010253e+10 
2006 0.000000e+00 0.000000e+00 1.022143e+10 
2007 0.000000e+00 0.000000e+00 1.037665e+10 
2008 0.000000e+00 0.000000e+00 1.045697e+10 
2009 0.000000e+00 0.000000e+00 1.060153e+10 
2010 0.000000e+00 0.000000e+00 1.059325e+10 
2011 0.000000e+00 0.000000e+00 1.067191e+10 
2012 0.000000e+00 0.000000e+00 1.070262e+10 
2013 0.000000e+00 0.000000e+00 9.958521e+09 
2014 0.000000e+00 0.000000e+00 9.928584e+09 
2015 0.000000e+00 0.000000e+00 9.926909e+09 
2016 0.000000e+00 0.000000e+00 9.927169e+09 
2017 0.000000e+00 0.000000e+00 9.927134e+09 
2018 0.000000e+00 0.000000e+00 9.927308e+09 
2019 0.000000e+00 0.000000e+00 9.927834e+09 
2020 0.000000e+00 0.000000e+00 9.955188e+09 
2021 0.000000e+00 0.000000e+00 1.033615e+10 
2022 0.000000e+00 0.000000e+00 1.063488e+10 
2023 0.000000e+00 0.000000e+00 1.068910e+10 
2024 0.000000e+00 0.000000e+00 1.066331e+10 
2025 0.000000e+00 0.000000e+00 1.010717e+10 
2026 0.000000e+00 0.000000e+00 1.010187e+10 
2027 0.000000e+00 0.000000e+00 1.022869e+10 
2028 0.000000e+00 0.000000e+00 1.036262e+10 
2029 0.000000e+00 0.000000e+00 1.049370e+10 
2030 0.000000e+00 0.000000e+00 1.059902e+10 
2031 0.000000e+00 0.000000e+00 1.062752e+10 
2032 0.000000e+00 0.000000e+00 1.069314e+10 
2033 0.000000e+00 0.000000e+00 1.067126e+10 
2034 0.000000e+00 0.000000e+00 1.015650e+10 
2035 0.000000e+00 0.000000e+00 1.016709e+10 
2036 0.000000e+00 0.000000e+00 1.030778e+10 
2037 0.000000e+00 0.000000e+00 1.043092e+10 
2038 0.000000e+00 0.000000e+00 1.050543e+10 
2039 0.000000e+00 0.000000e+00 1.059852e+10 
2040 0.000000e+00 0.000000e+00 1.063803e+10 
2041 0.000000e+00 0.000000e+00 1.068259e+10 
2042 0.000000e+00 0.000000e+00 1.009084e+10 
2043 0.000000e+00 0.000000e+00 1.006605e+10 
2044 0.000000e+00 0.000000e+00 1.016121e+10 
2045 0.000000e+00 0.000000e+00 1.032339e+10 
2046 0.000000e+00 0.000000e+00 1.044436e+10 
2047 0.000000e+00 0.000000e+00 1.057091e+10 
2048 0.000000e+00 0.000000e+00 1.059325e+10 
2049 0.000000e+00 0.000000e+00 1.067082e+10 
2050 0.000000e+00 0.000000e+00 1.069983e+10 
2051 0.000000e+00 0.000000e+00 1.054432e+10 
2052 0.000000e+00 0.000000e+00 1.057800e+10 
2053 0.000000e+00 0.000000e+00 1.061491e+10 
2054 0.000000e+00 0.000000e+00 1.064567e+10 
2055 0.000000e+00 0.000000e+00 1.070014e+10 
2056 0.000000e+00 0.000000e+00 9.970061e+09 
2057 0.000000e+00 0.000000e+00 9.932775e+09 
2058 0.000000e+00 0.000000e+00 9.927548e+09 
2059 0.000000e+00 0.000000e+00 9.927457e+09 
2060 0.000000e+00 0.000000e+00 9.926725e+09 
2061 0.000000e+00 0.000000e+00 9.928946e+09 
2062 0.000000e+00 0.000000e+00 9.938764e+09 
2063 0.000000e+00 0.000000e+00 1.015348e+10 
2064 0.000000e+00 0.000000e+00 1.032889e+10 
2065 0.000000e+00 0.000000e+00 1.049444e+10 
2066 0.000000e+00 0.000000e+00 1.061280e+10 
2067 0.000000e+00 0.000000e+00 1.070844e+10 
2068 0.000000e+00 0.000000e+00 9.984370e+09 
2069 0.000000e+00 0.000000e+00 9.937062e+09 
2070 0.000000e+00 0.000000e+00 9.927020e+09 
2071 0.000000e+00 0.000000e+00 9.928465e+09 
2072 0.000000e+00 0.000000e+00 9.926930e+09 
2073 0.000000e+00 0.000000e+00 9.928691e+09 
2074 0.000000e+00 0.000000e+00 9.927704e+09 
2075 0.000000e+00 0.000000e+00 9.964361e+09 
2076 0.000000e+00 0.000000e+00 1.032773e+10 
2077 0.000000e+00 0.000000e+00 1.063927e+10 
2078 0.000000e+00 0.000000e+00 1.061488e+10 
2079 0.000000e+00 0.000000e+00 1.073165e+10 
2080 0.000000e+00 0.000000e+00 1.000026e+10 
2081 0.000000e+00 0.000000e+00 9.942073e+09 
2082 0.000000e+00 0.000000e+00 9.927983e+09 
2083 0.000000e+00 0.000000e+00 9.926554e+09 
2084 0.000000e+00 0.000000e+00 9.927140e+09 
2085 0.000000e+00 0.000000e+00 9.926859e+09 
2086 0.000000e+00 0.000000e+00 9.927288e+09 
2087 0.000000e+00 0.000000e+00 9.929694e+09 
2088 0.000000e+00 0.000000e+00 1.003237e+10 
2089 0.000000e+00 0.000000e+00 1.035278e+10 
2090 0.000000e+00 0.000000e+00 1.061672e+10 
2091 0.000000e+00 0.000000e+00 1.066637e+10 
2092 0.000000e+00 0.000000e+00 1.066935e+10 
2093 0.000000e+00 0.000000e+00 1.051657e+10 
2094 0.000000e+00 0.000000e+00 1.058077e+10 
2095 0.000000e+00 0.000000e+00 1.062821e+10 
2096 0.000000e+00 0.000000e+00 1.067864e+10 
2097 0.000000e+00 0.000000e+00 1.069781e+10 
2098 0.000000e+00 0.000000e+00 9.960916e+09 
2099 0.000000e+00 0.000000e+00 9.928398e+09 
2100 0.000000e+00 0.000000e+00 9.927096e+09 
2101 0.000000e+00 0.000000e+00 9.927088e+09 
2102 0.000000e+00 0.000000e+00 9.927668e+09 
2103 0.000000e+00 0.000000e+00 9.927304e+09 
2104 0.000000e+00 0.000000e+00 9.928762e+09 
2105 0.000000e+00 0.000000e+00 9.986534e+09 
2106 0.000000e+00 0.000000e+00 1.043728e+10 
2107 0.000000e+00 0.000000e+00 1.059608e+10 
2108 0.000000e+00 0.000000e+00 1.062666e+10 
2109 0.000000e+00 0.000000e+00 1.069947e+10 
2110 0.000000e+00 0.000000e+00 9.973408e+09 
2111 0.000000e+00 0.000000e+00 9.930289e+09 
2112 0.000000e+00 0.000000e+00 9.926780e+09 
2113 0.000000e+00 0.000000e+00 9.927034e+09 
2114 0.000000e+00 0.000000e+00 9.927297e+09 
2115 0.000000e+00 0.000000e+00 9.926706e+09 
2116 0.000000e+00 0.000000e+00 9.927537e+09 
2117 0.000000e+00 0.000000e+00 9.932285e+09 
2118 0.000000e+00 0.000000e+00 1.004147e+10 
2119 0.000000e+00 0.000000e+00 1.056033e+10 
2120 0.000000e+00 0.000000e+00 1.059970e+10 
2121 0.000000e+00 0.000000e+00 1.068941e+10 
2122 0.000000e+00 0.000000e+00 1.007259e+10 
2123 0.000000e+00 0.000000e+00 1.004886e+10 
2124 0.000000e+00 0.000000e+00 1.011865e+10 
2125 0.000000e+00 0.000000e+00 1.032469e+10 
2126 0.000000e+00 0.000000e+00 1.043716e+10 
2127 0.000000e+00 0.000000e+00 1.052495e+10 
2128 0.000000e+00 0.000000e+00 1.061734e+10 
2129 0.000000e+00 0.000000e+00 1.067855e+10 
2130 0.000000e+00 0.000000e+00 1.065698e+10 
2131 0.000000e+00 0.000000e+00 9.970458e+09 
2132 0.000000e+00 0.000000e+00 9.931313e+09 
2133 0.000000e+00 0.000000e+00 9.927109e+09 
2134 0.000000e+00 0.000000e+00 9.927133e+09 
2135 0.000000e+00 0.000000e+00 9.927539e+09 
2136 0.000000e+00 0.000000e+00 9.927266e+09 
2137 0.000000e+00 0.000000e+00 9.927268e+09 
2138 0.000000e+00 0.000000e+00 9.927518e+09 
2139 0.000000e+00 0.000000e+00 9.972758e+09 
2140 0.000000e+00 0.000000e+00 1.048532e+10 
2141 0.000000e+00 0.000000e+00 1.068351e+10 
2142 0.000000e+00 0.000000e+00 1.066659e+10 
2143 0.000000e+00 0.000000e+00 9.989072e+09 
2144 0.000000e+00 0.000000e+00 9.933429e+09 
2145 0.000000e+00 0.000000e+00 9.926796e+09 
2146 0.000000e+00 0.000000e+00 9.926860e+09 
2147 0.000000e+00 0.000000e+00 9.927023e+09 
2148 0.000000e+00 0.000000e+00 9.927170e+09 
2149 0.000000e+00 0.000000e+00 9.926496e+09 
2150 0.000000e+00 0.000000e+00 9.933556e+09 
2151 0.000000e+00 0.000000e+00 1.002715e+10 
2152 0.000000e+00 0.000000e+00 1.036117e+10 
2153 0.000000e+00 0.000000e+00 1.059104e+10 
2154 0.000000e+00 0.000000e+00 1.070558e+10 
2155 0.000000e+00 0.000000e+00 1.065289e+10 
2156 0.000000e+00 0.000000e+00 1.013963e+10 
2157 0.000000e+00 0.000000e+00 1.010406e+10 
2158 0.000000e+00 0.000000e+00 1.024004e+10 
2159 0.000000e+00 0.000000e+00 1.037705e+10 
2160 0.000000e+00 0.000000e+00 1.053240e+10 
2161 0.000000e+00 0.000000e+00 1.055061e+10 
2162 0.000000e+00 0.000000e+00 1.064357e+10 
2163 0.000000e+00 0.000000e+00 1.064280e+10 
2164 0.000000e+00 0.000000e+00 1.050636e+10 
2165 0.000000e+00 0.000000e+00 1.048397e+10 
2166 0.000000e+00 0.000000e+00 1.061504e+10 
2167 0.000000e+00 0.000000e+00 1.062274e+10 
2168 0.000000e+00 0.000000e+00 1.072076e+10 
2169 0.000000e+00 0.000000e+00 9.992465e+09 
2170 0.000000e+00 0.000000e+00 9.937661e+09 
2171 0.000000e+00 0.000000e+00 9.927776e+09 
2172 0.000000e+00 0.000000e+00 9.926976e+09 
2173 0.000000e+00 0.000000e+00 9.927784e+09 
2174 0.000000e+00 0.000000e+00 9.926631e+09 
2175 0.000000e+00 0.000000e+00 9.931087e+09 
2176 0.000000e+00 0.000000e+00 9.957058e+09 
2177 0.000000e+00 0.000000e+00 1.027065e+10 
2178 0.000000e+00 0.000000e+00 1.055772e+10 
2179 0.000000e+00 0.000000e+00 1.066667e+10 
2180 0.000000e+00 0.000000e+00 1.065895e+10 
2181 0.000000e+00 0.000000e+00 1.074566e+10 
2182 0.000000e+00 0.000000e+00 9.972973e+09 
2183 0.000000e+00 0.000000e+00 9.931802e+09 
2184 0.000000e+00 0.000000e+00 9.926963e+09 
2185 0.000000e+00 0.000000e+00 9.926819e+09 
2186 0.000000e+00 0.000000e+00 9.927294e+09 
2187 0.000000e+00 0.000000e+00 9.926742e+09 
2188 0.000000e+00 0.000000e+00 9.930427e+09 
2189 0.000000e+00 0.000000e+00 1.000457e+10 
2190 0.000000e+00 0.000000e+00 1.050096e+10 
2191 0.000000e+00 0.000000e+00 1.056624e+10 
2192 0.000000e+00 0.000000e+00 1.069015e+10 
2193 0.000000e+00 0.000000e+00 1.068708e+10 
2194 0.000000e+00 0.000000e+00 9.974537e+09 
2195 0.000000e+00 0.000000e+00 9.930449e+09 
2196 0.000000e+00 0.000000e+00 9.926884e+09 
2197 0.000000e+00 0.000000e+00 9.926871e+09 
2198 0.000000e+00 0.000000e+00 9.927466e+09 
2199 0.000000e+00 0.000000e+00 9.926589e+09 
2200 0.000000e+00 0.000000e+00 9.930897e+09 
2201 0.000000e+00 0.000000e+00 9.966528e+09 
2202 0.000000e+00 0.000000e+00 1.034653e+10 
2203 0.000000e+00 0.000000e+00 1.057109e+10 
2204 0.000000e+00 0.000000e+00 1.067931e+10 
2205 0.000000e+00 0.000000e+00 1.065935e+10 
2206 0.000000e+00 0.000000e+00 1.007695e+10 
2207 0.000000e+00 0.000000e+00 1.002544e+10 
2208 0.000000e+00 0.000000e+00 1.011076e+10 
2209 0.000000e+00 0.000000e+00 1.027379e+10 
2210 0.000000e+00 0.000000e+00 1.047652e+10 
2211 0.000000e+00 0.000000e+00 1.050001e+10 
2212 0.000000e+00 0.000000e+00 1.062679e+10 
2213 0.000000e+00 0.000000e+00 1.063202e+10 
2214 0.000000e+00 0.000000e+00 1.072396e+10 
2215 0.000000e+00 0.000000e+00 9.983681e+09 
2216 0.000000e+00 0.000000e+00 9.936351e+09 
2217 0.000000e+00 0.000000e+00 9.926983e+09 
2218 0.000000e+00 0.000000e+00 9.926755e+09 
2219 0.000000e+00 0.000000e+00 9.926886e+09 
2220 0.000000e+00 0.000000e+00 9.926886e+09 
2221 0.000000e+00 0.000000e+00 9.927099e+09 
2222 0.000000e+00 0.000000e+00 9.936315e+09 
2223 0.000000e+00 0.000000e+00 1.017882e+10 
2224 0.000000e+00 0.000000e+00 1.056081e+10 
2225 0.000000e+00 0.000000e+00 1.060784e+10 
2226 0.000000e+00 0.000000e+00 1.069441e+10 
2227 0.000000e+00 0.000000e+00 1.067854e+10 
2228 0.000000e+00 0.000000e+00 9.965700e+09 
2229 0.000000e+00 0.000000e+00 9.930950e+09 
2230 0.000000e+00 0.000000e+00 9.926597e+09 
2231 0.000000e+00 0.000000e+00 9.927230e+09 
2232 0.000000e+00 0.000000e+00 9.926721e+09 
2233 0.000000e+00 0.000000e+00 9.928050e+09 
2234 0.000000e+00 0.000000e+00 9.932307e+09 
2235 0.000000e+00 0.000000e+00 1.011689e+10 
2236 0.000000e+00 0.000000e+00 1.050949e+10 
2237 0.000000e+00 0.000000e+00 1.063638e+10 
2238 0.000000e+00 0.000000e+00 1.063759e+10 
2239 0.000000e+00 0.000000e+00 1.072479e+10 
2240 0.000000e+00 0.000000e+00 1.010608e+10 
2241 0.000000e+00 0.000000e+00 1.012576e+10 
2242 0.000000e+00 0.000000e+00 1.020983e+10 
2243 0.000000e+00 0.000000e+00 1.037084e+10 
2244 0.000000e+00 0.000000e+00 1.046598e+10 
2245 0.000000e+00 0.000000e+00 1.062388e+10 
2246 0.000000e+00 0.000000e+00 1.065391e+10 
2247 0.000000e+00 0.000000e+00 1.066521e+10 
2248 0.000000e+00 0.000000e+00 1.066226e+10 
2249 0.000000e+00 0.000000e+00 9.955109e+09 
2250 0.000000e+00 0.000000e+00 9.928341e+09 
2251 0.000000e+00 0.000000e+00 9.927489e+09 
2252 0.000000e+00 0.000000e+00 9.927985e+09 
2253 0.000000e+00 0.000000e+00 9.927509e+09 
2254 0.000000e+00 0.000000e+00 9.931785e+09 
2255 0.000000e+00 0.000000e+00 9.967679e+09 
2256 0.000000e+00 0.000000e+00 1.012044e+10 
2257 0.000000e+00 0.000000e+00 1.043567e+10 
2258 0.000000e+00 0.000000e+00 1.060372e+10 
2259 0.000000e+00 0.000000e+00 1.064069e+10 
2260 0.000000e+00 0.000000e+00 1.067317e+10 
2261 0.000000e+00 0.000000e+00 1.051210e+10 
2262 0.000000e+00 0.000000e+00 1.056816e+10 
2263 0.000000e+00 0.000000e+00 1.060350e+10 
2264 0.000000e+00 0.000000e+00 1.064930e+10 
2265 0.000000e+00 0.000000e+00 1.068951e+10 
2266 0.000000e+00 0.000000e+00 9.970125e+09 
2267 0.000000e+00 0.000000e+00 9.932940e+09 
2268 0.000000e+00 0.000000e+00 9.927338e+09 
2269 0.000000e+00 0.000000e+00 9.926978e+09 
2270 0.000000e+00 0.000000e+00 9.926910e+09 
2271 0.000000e+00 0.000000e+00 9.927252e+09 
2272 0.000000e+00 0.000000e+00 9.927375e+09 
2273 0.000000e+00 0.000000e+00 9.932046e+09 
2274 0.000000e+00 0.000000e+00 1.007389e+10 
2275 0.000000e+00 0.000000e+00 1.059003e+10 
2276 0.000000e+00 0.000000e+00 1.063762e+10 
2277 0.000000e+00 0.000000e+00 1.067170e+10 
2278 0.000000e+00 0.000000e+00 1.008824e+10 
2279 0.000000e+00 0.000000e+00 1.006334e+10 
2280 0.000000e+00 0.000000e+00 1.016505e+10 
2281 0.000000e+00 0.000000e+00 1.034127e+10 
2282 0.000000e+00 0.000000e+00 1.045688e+10 
2283 0.000000e+00 0.000000e+00 1.054926e+10 
2284 0.000000e+00 0.000000e+00 1.062125e+10 
2285 0.000000e+00 0.000000e+00 1.067405e+10 
2286 0.000000e+00 0.000000e+00 1.004920e+10 
2287 0.000000e+00 0.000000e+00 1.002531e+10 
2288 0.000000e+00 0.000000e+00 1.008728e+10 
2289 0.000000e+00 0.000000e+00 1.021686e+10 
2290 0.000000e+00 0.000000e+00 1.039080e+10 
2291 0.000000e+00 0.000000e+00 1.050301e+10 
2292 0.000000e+00 0.000000e+00 1.057826e+10 
2293 0.000000e+00 0.000000e+00 1.065124e+10 
2294 0.000000e+00 0.000000e+00 1.067524e+10 
2295 0.000000e+00 0.000000e+00 1.006772e+10 
2296 0.000000e+00 0.000000e+00 1.005210e+10 
2297 0.000000e+00 0.000000e+00 1.014264e+10 
2298 0.000000e+00 0.000000e+00 1.029326e+10 
2299 0.000000e+00 0.000000e+00 1.042764e+10 
2300 0.000000e+00 0.000000e+00 1.056891e+10 
2301 0.000000e+00 0.000000e+00 1.059763e+10 
2302 0.000000e+00 0.000000e+00 1.065655e+10 
2303 0.000000e+00 0.000000e+00 1.070810e+10 
2304 0.000000e+00 0.000000e+00 9.977681e+09 
2305 0.000000e+00 0.000000e+00 9.933071e+09 
2306 0.000000e+00 0.000000e+00 9.926991e+09 
2307 0.000000e+00 0.000000e+00 9.927156e+09 
2308 0.000000e+00 0.000000e+00 9.927255e+09 
2309 0.000000e+00 0.000000e+00 9.926880e+09 
2310 0.000000e+00 0.000000e+00 9.927704e+09 
2311 0.000000e+00 0.000000e+00 9.928335e+09 
2312 0.000000e+00 0.000000e+00 9.981690e+09 
2313 0.000000e+00 0.000000e+00 1.043139e+10 
2314 0.000000e+00 0.000000e+00 1.066266e+10 
2315 0.000000e+00 0.000000e+00 1.070039e+10 
2316 0.000000e+00 0.000000e+00 9.993451e+09 
2317 0.000000e+00 0.000000e+00 9.938269e+09 
2318 0.000000e+00 0.000000e+00 9.927378e+09 
2319 0.000000e+00 0.000000e+00 9.926705e+09 
2320 0.000000e+00 0.000000e+00 9.926983e+09 
2321 0.000000e+00 0.000000e+00 9.926638e+09 
2322 0.000000e+00 0.000000e+00 9.928452e+09 
2323 0.000000e+00 0.000000e+00 9.935245e+09 
2324 0.000000e+00 0.000000e+00 1.012392e+10 
2325 0.000000e+00 0.000000e+00 1.038273e+10 
2326 0.000000e+00 0.000000e+00 1.061981e+10 
2327 0.000000e+00 0.000000e+00 1.064880e+10 
2328 0.000000e+00 0.000000e+00 1.071903e+10 
2329 0.000000e+00 0.000000e+00 9.973789e+09 
2330 0.000000e+00 0.000000e+00 9.932253e+09 
2331 0.000000e+00 0.000000e+00 9.927113e+09 
2332 0.000000e+00 0.000000e+00 9.927780e+09 
2333 0.000000e+00 0.000000e+00 9.926807e+09 
2334 0.000000e+00 0.000000e+00 9.930148e+09 
2335 0.000000e+00 0.000000e+00 9.936338e+09 
2336 0.000000e+00 0.000000e+00 1.015911e+10 
2337 0.000000e+00 0.000000e+00 1.046907e+10 
2338 0.000000e+00 0.000000e+00 1.060822e+10 
2339 0.000000e+00 0.000000e+00 1.063878e+10 
2340 0.000000e+00 0.000000e+00 1.073397e+10 
2341 0.000000e+00 0.000000e+00 9.989404e+09 
2342 0.000000e+00 0.000000e+00 9.936412e+09 
2343 0.000000e+00 0.000000e+00 9.927440e+09 
2344 0.000000e+00 0.000000e+00 9.926869e+09 
2345 0.000000e+00 0.000000e+00 9.927446e+09 
2346 0.000000e+00 0.000000e+00 9.926754e+09 
2347 0.000000e+00 0.000000e+00 9.927649e+09 
2348 0.000000e+00 0.000000e+00 9.931728e+09 
2349 0.000000e+00 0.000000e+00 1.017600e+10 
2350 0.000000e+00 0.000000e+00 1.054802e+10 
2351 0.000000e+00 0.000000e+00 1.067259e+10 
2352 0.000000e+00 0.000000e+00 1.064404e+10 
2353 0.000000e+00 0.000000e+00 1.074907e+10 
2354 0.000000e+00 0.000000e+00 9.970905e+09 
2355 0.000000e+00 0.000000e+00 9.932948e+09 
2356 0.000000e+00 0.000000e+00 9.926762e+09 
2357 0.000000e+00 0.000000e+00 9.927456e+09 
2358 0.000000e+00 0.000000e+00 9.926818e+09 
2359 0.000000e+00 0.000000e+00 9.927867e+09 
2360 0.000000e+00 0.000000e+00 9.928033e+09 
2361 0.000000e+00 0.000000e+00 1.000759e+10 
2362 0.000000e+00 0.000000e+00 1.052143e+10 
2363 0.000000e+00 0.000000e+00 1.066448e+10 
2364 0.000000e+00 0.000000e+00 1.061122e+10 
2365 0.000000e+00 0.000000e+00 1.070838e+10 
2366 0.000000e+00 0.000000e+00 9.977975e+09 
2367 0.000000e+00 0.000000e+00 9.935260e+09 
2368 0.000000e+00 0.000000e+00 9.927408e+09 
2369 0.000000e+00 0.000000e+00 9.926864e+09 
2370 0.000000e+00 0.000000e+00 9.927255e+09 
2371 0.000000e+00 0.000000e+00 9.926657e+09 
2372 0.000000e+00 0.000000e+00 9.930615e+09 
2373 0.000000e+00 0.000000e+00 9.963491e+09 
2374 0.000000e+00 0.000000e+00 1.015658e+10 
2375 0.000000e+00 0.000000e+00 1.047991e+10 
2376 0.000000e+00 0.000000e+00 1.067745e+10 
2377 0.000000e+00 0.000000e+00 1.069697e+10 
2378 0.000000e+00 0.000000e+00 1.007423e+10 
2379 0.000000e+00 0.000000e+00 1.005511e+10 
2380 0.000000e+00 0.000000e+00 1.016524e+10 
2381 0.000000e+00 0.000000e+00 1.032212e+10 
2382 0.000000e+00 0.000000e+00 1.050959e+10 
2383 0.000000e+00 0.000000e+00 1.051361e+10 
2384 0.000000e+00 0.000000e+00 1.063340e+10 
2385 0.000000e+00 0.000000e+00 1.066681e+10 
2386 0.000000e+00 0.000000e+00 1.043369e+10 
2387 0.000000e+00 0.000000e+00 1.046603e+10 
2388 0.000000e+00 0.000000e+00 1.056913e+10 
2389 0.000000e+00 0.000000e+00 1.063846e+10 
2390 0.000000e+00 0.000000e+00 1.067440e+10 
2391 0.000000e+00 0.000000e+00 1.071942e+10 
2392 0.000000e+00 0.000000e+00 1.055627e+10 
2393 0.000000e+00 0.000000e+00 1.056661e+10 
2394 0.000000e+00 0.000000e+00 1.066317e+10 
2395 0.000000e+00 0.000000e+00 1.065561e+10 
2396 0.000000e+00 0.000000e+00 1.049010e+10 
2397 0.000000e+00 0.000000e+00 1.048736e+10 
2398 0.000000e+00 0.000000e+00 1.058666e+10 
2399 0.000000e+00 0.000000e+00 1.063404e+10 
2400 0.000000e+00 0.000000e+00 1.068886e+10 
2401 0.000000e+00 0.000000e+00 1.007206e+10 
2402 0.000000e+00 0.000000e+00 1.005394e+10 
2403 0.000000e+00 0.000000e+00 1.013949e+10 
2404 0.000000e+00 0.000000e+00 1.031626e+10 
2405 0.000000e+00 0.000000e+00 1.044855e+10 
2406 0.000000e+00 0.000000e+00 1.053821e+10 
2407 0.000000e+00 0.000000e+00 1.061420e+10 
2408 0.000000e+00 0.000000e+00 1.068196e+10 
2409 0.000000e+00 0.000000e+00 1.072599e+10 
2410 0.000000e+00 0.000000e+00 9.974899e+09 
2411 0.000000e+00 0.000000e+00 9.931531e+09 
2412 0.000000e+00 0.000000e+00 9.927231e+09 
2413 0.000000e+00 0.000000e+00 9.927145e+09 
2414 0.000000e+00 0.000000e+00 9.927501e+09 
2415 0.000000e+00 0.000000e+00 9.926626e+09 
2416 0.000000e+00 0.000000e+00 9.931114e+09 
2417 0.000000e+00 0.000000e+00 9.972925e+09 
2418 0.000000e+00 0.000000e+00 1.034249e+10 
2419 0.000000e+00 0.000000e+00 1.056550e+10 
2420 0.000000e+00 0.000000e+00 1.065598e+10 
2421 0.000000e+00 0.000000e+00 1.068665e+10 
2422 0.000000e+00 0.000000e+00 1.070969e+10 
2423 0.000000e+00 0.000000e+00 9.963265e+09 
2424 0.000000e+00 0.000000e+00 9.930408e+09 
2425 0.000000e+00 0.000000e+00 9.927977e+09 
2426 0.000000e+00 0.000000e+00 9.927015e+09 
2427 0.000000e+00 0.000000e+00 9.927514e+09 
2428 0.000000e+00 0.000000e+00 9.927626e+09 
2429 0.000000e+00 0.000000e+00 9.935633e+09 
2430 0.000000e+00 0.000000e+00 1.004548e+10 
2431 0.000000e+00 0.000000e+00 1.036636e+10 
2432 0.000000e+00 0.000000e+00 1.059853e+10 
2433 0.000000e+00 0.000000e+00 1.066723e+10 
2434 0.000000e+00 0.000000e+00 1.069115e+10 
2435 0.000000e+00 0.000000e+00 9.964257e+09 
2436 0.000000e+00 0.000000e+00 9.928925e+09 
2437 0.000000e+00 0.000000e+00 9.926723e+09 
2438 0.000000e+00 0.000000e+00 9.927245e+09 
2439 0.000000e+00 0.000000e+00 9.926457e+09 
2440 0.000000e+00 0.000000e+00 9.929613e+09 
2441 0.000000e+00 0.000000e+00 9.938639e+09 
2442 0.000000e+00 0.000000e+00 1.017936e+10 
2443 0.000000e+00 0.000000e+00 1.049226e+10 
2444 0.000000e+00 0.000000e+00 1.061819e+10 
2445 0.000000e+00 0.000000e+00 1.063522e+10 
2446 0.000000e+00 0.000000e+00 1.070777e+10 
2447 0.000000e+00 0.000000e+00 1.007775e+10 
2448 0.000000e+00 0.000000e+00 1.009445e+10 
2449 0.000000e+00 0.000000e+00 1.015492e+10 
2450 0.000000e+00 0.000000e+00 1.035274e+10 
2451 0.000000e+00 0.000000e+00 1.046567e+10 
2452 0.000000e+00 0.000000e+00 1.057162e+10 
2453 0.000000e+00 0.000000e+00 1.057856e+10 
2454 0.000000e+00 0.000000e+00 1.067757e+10 
2455 0.000000e+00 0.000000e+00 1.066412e+10 
2456 0.000000e+00 0.000000e+00 9.965161e+09 
2457 0.000000e+00 0.000000e+00 9.930106e+09 
2458 0.000000e+00 0.000000e+00 9.927431e+09 
2459 0.000000e+00 0.000000e+00 9.931943e+09 
2460 0.000000e+00 0.000000e+00 9.930304e+09 
2461 0.000000e+00 0.000000e+00 9.928814e+09 
2462 0.000000e+00 0.000000e+00 9.938424e+09 
2463 0.000000e+00 0.000000e+00 1.000644e+10 
2464 0.000000e+00 0.000000e+00 1.035807e+10 
2465 0.000000e+00 0.000000e+00 1.057245e+10 
2466 0.000000e+00 0.000000e+00 1.069345e+10 
2467 0.000000e+00 0.000000e+00 1.063920e+10 
2468 0.000000e+00 0.000000e+00 9.977264e+09 
2469 0.000000e+00 0.000000e+00 9.931513e+09 
2470 0.000000e+00 0.000000e+00 9.926677e+09 
2471 0.000000e+00 0.000000e+00 9.926956e+09 
2472 0.000000e+00 0.000000e+00 9.927256e+09 
2473 0.000000e+00 0.000000e+00 9.926613e+09 
2474 0.000000e+00 0.000000e+00 9.930266e+09 
2475 0.000000e+00 0.000000e+00 9.963024e+09 
2476 0.000000e+00 0.000000e+00 1.023869e+10 
2477 0.000000e+00 0.000000e+00 1.051427e+10 
2478 0.000000e+00 0.000000e+00 1.068498e+10 
2479 0.000000e+00 0.000000e+00 1.066939e+10 
2480 0.000000e+00 0.000000e+00 1.071252e+10 
2481 0.000000e+00 0.000000e+00 1.013924e+10 
2482 0.000000e+00 0.000000e+00 1.019051e+10 
2483 0.000000e+00 0.000000e+00 1.028338e+10 
2484 0.000000e+00 0.000000e+00 1.045583e+10 
2485 0.000000e+00 0.000000e+00 1.048047e+10 
2486 0.000000e+00 0.000000e+00 1.063581e+10 
2487 0.000000e+00 0.000000e+00 1.060498e+10 
2488 0.000000e+00 0.000000e+00 1.069971e+10 
2489 0.000000e+00 0.000000e+00 9.989216e+09 
2490 0.000000e+00 0.000000e+00 9.936690e+09 
2491 0.000000e+00 0.000000e+00 9.929244e+09 
2492 0.000000e+00 0.000000e+00 9.927546e+09 
2493 0.000000e+00 0.000000e+00 9.927737e+09 
2494 0.000000e+00 0.000000e+00 9.927176e+09 
2495 0.000000e+00 0.000000e+00 9.928987e+09 
2496 0.000000e+00 0.000000e+00 9.933235e+09 
2497 0.000000e+00 0.000000e+00 1.005344e+10 
2498 0.000000e+00 0.000000e+00 1.025328e+10 
2499 0.000000e+00 0.000000e+00 1.066531e+10 
2500 0.000000e+00 0.000000e+00 1.065783e+10 
2501 0.000000e+00 0.000000e+00 9.993343e+09 
2502 0.000000e+00 0.000000e+00 9.937374e+09 
2503 0.000000e+00 0.000000e+00 9.927257e+09 
2504 0.000000e+00 0.000000e+00 9.926750e+09 
2505 0.000000e+00 0.000000e+00 9.927187e+09 
2506 0.000000e+00 0.000000e+00 9.927043e+09 
2507 0.000000e+00 0.000000e+00 9.927224e+09 
2508 0.000000e+00 0.000000e+00 9.926991e+09 
2509 0.000000e+00 0.000000e+00 9.952776e+09 
2510 0.000000e+00 0.000000e+00 1.013494e+10 
2511 0.000000e+00 0.000000e+00 1.051603e+10 
2512 0.000000e+00 0.000000e+00 1.062764e+10 
2513 0.000000e+00 0.000000e+00 1.070064e+10 
2514 0.000000e+00 0.000000e+00 1.048821e+10 
2515 0.000000e+00 0.000000e+00 1.060472e+10 
2516 0.000000e+00 0.000000e+00 1.058232e+10 
2517 0.000000e+00 0.000000e+00 1.070532e+10 
2518 0.000000e+00 0.000000e+00 1.067607e+10 
2519 0.000000e+00 0.000000e+00 9.965506e+09 
2520 0.000000e+00 0.000000e+00 9.928955e+09 
2521 0.000000e+00 0.000000e+00 9.926818e+09 
2522 0.000000e+00 0.000000e+00 9.926797e+09 
2523 0.000000e+00 0.000000e+00 9.927305e+09 
2524 0.000000e+00 0.000000e+00 9.926762e+09 
2525 0.000000e+00 0.000000e+00 9.935534e+09 
2526 0.000000e+00 0.000000e+00 1.000446e+10 
2527 0.000000e+00 0.000000e+00 1.035245e+10 
2528 0.000000e+00 0.000000e+00 1.056899e+10 
2529 0.000000e+00 0.000000e+00 1.069955e+10 
2530 0.000000e+00 0.000000e+00 1.063471e+10 
2531 0.000000e+00 0.000000e+00 1.009643e+10 
2532 0.000000e+00 0.000000e+00 1.005435e+10 
2533 0.000000e+00 0.000000e+00 1.018538e+10 
2534 0.000000e+00 0.000000e+00 1.031624e+10 
2535 0.000000e+00 0.000000e+00 1.048601e+10 
2536 0.000000e+00 0.000000e+00 1.053022e+10 
2537 0.000000e+00 0.000000e+00 1.064066e+10 
2538 0.000000e+00 0.000000e+00 1.066419e+10 
2539 0.000000e+00 0.000000e+00 1.071548e+10 
2540 0.000000e+00 0.000000e+00 1.049699e+10 
2541 0.000000e+00 0.000000e+00 1.060108e+10 
2542 0.000000e+00 0.000000e+00 1.061930e+10 
2543 0.000000e+00 0.000000e+00 1.071874e+10 
2544 0.000000e+00 0.000000e+00 1.065583e+10 
2545 0.000000e+00 0.000000e+00 9.961439e+09 
2546 0.000000e+00 0.000000e+00 9.928976e+09 
2547 0.000000e+00 0.000000e+00 9.927128e+09 
2548 0.000000e+00 0.000000e+00 9.927104e+09 
2549 0.000000e+00 0.000000e+00 9.926548e+09 
2550 0.000000e+00 0.000000e+00 9.928321e+09 
2551 0.000000e+00 0.000000e+00 9.936557e+09 
2552 0.000000e+00 0.000000e+00 1.011306e+10 
2553 0.000000e+00 0.000000e+00 1.038327e+10 
2554 0.000000e+00 0.000000e+00 1.065283e+10 
2555 0.000000e+00 0.000000e+00 1.064904e+10 
2556 0.000000e+00 0.000000e+00 1.070296e+10 
2557 0.000000e+00 0.000000e+00 1.009808e+10 
2558 0.000000e+00 0.000000e+00 1.009557e+10 
2559 0.000000e+00 0.000000e+00 1.019340e+10 
2560 0.000000e+00 0.000000e+00 1.037506e+10 
2561 0.000000e+00 0.000000e+00 1.046922e+10 
2562 0.000000e+00 0.000000e+00 1.059894e+10 
2563 0.000000e+00 0.000000e+00 1.058271e+10 
2564 0.000000e+00 0.000000e+00 1.068166e+10 
2565 0.000000e+00 0.000000e+00 1.066884e+10 
2566 0.000000e+00 0.000000e+00 9.962166e+09 
2567 0.000000e+00 0.000000e+00 9.931530e+09 
2568 0.000000e+00 0.000000e+00 9.927186e+09 
2569 0.000000e+00 0.000000e+00 9.929020e+09 
2570 0.000000e+00 0.000000e+00 9.927102e+09 
2571 0.000000e+00 0.000000e+00 9.931965e+09 
2572 0.000000e+00 0.000000e+00 9.937966e+09 
2573 0.000000e+00 0.000000e+00 1.007971e+10 
2574 0.000000e+00 0.000000e+00 1.046412e+10 
2575 0.000000e+00 0.000000e+00 1.060755e+10 
2576 0.000000e+00 0.000000e+00 1.064003e+10 
2577 0.000000e+00 0.000000e+00 1.073053e+10 
2578 0.000000e+00 0.000000e+00 1.010498e+10 
2579 0.000000e+00 0.000000e+00 1.010758e+10 
2580 0.000000e+00 0.000000e+00 1.017343e+10 
2581 0.000000e+00 0.000000e+00 1.042383e+10 
2582 0.000000e+00 0.000000e+00 1.047392e+10 
2583 0.000000e+00 0.000000e+00 1.061840e+10 
2584 0.000000e+00 0.000000e+00 1.060007e+10 
2585 0.000000e+00 0.000000e+00 1.072189e+10 
2586 0.000000e+00 0.000000e+00 1.065262e+10 
2587 0.000000e+00 0.000000e+00 9.958427e+09 
2588 0.000000e+00 0.000000e+00 9.928741e+09 
2589 0.000000e+00 0.000000e+00 9.927257e+09 
2590 0.000000e+00 0.000000e+00 9.926939e+09 
2591 0.000000e+00 0.000000e+00 9.927258e+09 
2592 0.000000e+00 0.000000e+00 9.927189e+09 
2593 0.000000e+00 0.000000e+00 9.929450e+09 
2594 0.000000e+00 0.000000e+00 9.970955e+09 
2595 0.000000e+00 0.000000e+00 1.034873e+10 
2596 0.000000e+00 0.000000e+00 1.062363e+10 
2597 0.000000e+00 0.000000e+00 1.067891e+10 
2598 0.000000e+00 0.000000e+00 1.068374e+10 
2599 0.000000e+00 0.000000e+00 9.977672e+09 
2600 0.000000e+00 0.000000e+00 9.932269e+09 
2601 0.000000e+00 0.000000e+00 9.926765e+09 
2602 0.000000e+00 0.000000e+00 9.927238e+09 
2603 0.000000e+00 0.000000e+00 9.927158e+09 
2604 0.000000e+00 0.000000e+00 9.928110e+09 
2605 0.000000e+00 0.000000e+00 9.928289e+09 
2606 0.000000e+00 0.000000e+00 9.982029e+09 
2607 0.000000e+00 0.000000e+00 1.027762e+10 
2608 0.000000e+00 0.000000e+00 1.058786e+10 
2609 0.000000e+00 0.000000e+00 1.060830e+10 
2610 0.000000e+00 0.000000e+00 1.073155e+10 
2611 0.000000e+00 0.000000e+00 1.046434e+10 
2612 0.000000e+00 0.000000e+00 1.053654e+10 
2613 0.000000e+00 0.000000e+00 1.057938e+10 
2614 0.000000e+00 0.000000e+00 1.067823e+10 
2615 0.000000e+00 0.000000e+00 1.063854e+10 
2616 0.000000e+00 0.000000e+00 1.052239e+10 
2617 0.000000e+00 0.000000e+00 1.052179e+10 
2618 0.000000e+00 0.000000e+00 1.063435e+10 
2619 0.000000e+00 0.000000e+00 1.060478e+10 
2620 0.000000e+00 0.000000e+00 1.073612e+10 
2621 0.000000e+00 0.000000e+00 9.984519e+09 
2622 0.000000e+00 0.000000e+00 9.936136e+09 
2623 0.000000e+00 0.000000e+00 9.927750e+09 
2624 0.000000e+00 0.000000e+00 9.926997e+09 
2625 0.000000e+00 0.000000e+00 9.926829e+09 
2626 0.000000e+00 0.000000e+00 9.927637e+09 
2627 0.000000e+00 0.000000e+00 9.928285e+09 
2628 0.000000e+00 0.000000e+00 1.000267e+10 
2629 0.000000e+00 0.000000e+00 1.039338e+10 
2630 0.000000e+00 0.000000e+00 1.062599e+10 
2631 0.000000e+00 0.000000e+00 1.060527e+10 
2632 0.000000e+00 0.000000e+00 1.068556e+10 
2633 0.000000e+00 0.000000e+00 1.070613e+10 
2634 0.000000e+00 0.000000e+00 9.957477e+09 
2635 0.000000e+00 0.000000e+00 9.928264e+09 
2636 0.000000e+00 0.000000e+00 9.927307e+09 
2637 0.000000e+00 0.000000e+00 9.926984e+09 
2638 0.000000e+00 0.000000e+00 9.927256e+09 
2639 0.000000e+00 0.000000e+00 9.927611e+09 
2640 0.000000e+00 0.000000e+00 9.933029e+09 
2641 0.000000e+00 0.000000e+00 1.006102e+10 
2642 0.000000e+00 0.000000e+00 1.049260e+10 
2643 0.000000e+00 0.000000e+00 1.066687e+10 
2644 0.000000e+00 0.000000e+00 1.066555e+10 
2645 0.000000e+00 0.000000e+00 1.069924e+10 
2646 0.000000e+00 0.000000e+00 1.010998e+10 
2647 0.000000e+00 0.000000e+00 1.010726e+10 
2648 0.000000e+00 0.000000e+00 1.020297e+10 
2649 0.000000e+00 0.000000e+00 1.037500e+10 
2650 0.000000e+00 0.000000e+00 1.047926e+10 
2651 0.000000e+00 0.000000e+00 1.056710e+10 
2652 0.000000e+00 0.000000e+00 1.063881e+10 
2653 0.000000e+00 0.000000e+00 1.070892e+10 
2654 0.000000e+00 0.000000e+00 1.006145e+10 
2655 0.000000e+00 0.000000e+00 1.004900e+10 
2656 0.000000e+00 0.000000e+00 1.011254e+10 
2657 0.000000e+00 0.000000e+00 1.027099e+10 
2658 0.000000e+00 0.000000e+00 1.041456e+10 
2659 0.000000e+00 0.000000e+00 1.055274e+10 
2660 0.000000e+00 0.000000e+00 1.059764e+10 
2661 0.000000e+00 0.000000e+00 1.066025e+10 
2662 0.000000e+00 0.000000e+00 1.065078e+10 
2663 0.000000e+00 0.000000e+00 1.069926e+10 
2664 0.000000e+00 0.000000e+00 9.964372e+09 
2665 0.000000e+00 0.000000e+00 9.930453e+09 
2666 0.000000e+00 0.000000e+00 9.927743e+09 
2667 0.000000e+00 0.000000e+00 9.928094e+09 
2668 0.000000e+00 0.000000e+00 9.931177e+09 
2669 0.000000e+00 0.000000e+00 9.956361e+09 
2670 0.000000e+00 0.000000e+00 1.012174e+10 
2671 0.000000e+00 0.000000e+00 1.046408e+10 
2672 0.000000e+00 0.000000e+00 1.055053e+10 
2673 0.000000e+00 0.000000e+00 1.066825e+10 
2674 0.000000e+00 0.000000e+00 1.065893e+10 
2675 0.000000e+00 0.000000e+00 1.007014e+10 
2676 0.000000e+00 0.000000e+00 1.004201e+10 
2677 0.000000e+00 0.000000e+00 1.013039e+10 
2678 0.000000e+00 0.000000e+00 1.027681e+10 
2679 0.000000e+00 0.000000e+00 1.045688e+10 
2680 0.000000e+00 0.000000e+00 1.053525e+10 
2681 0.000000e+00 0.000000e+00 1.062400e+10 
2682 0.000000e+00 0.000000e+00 1.066238e+10 
2683 0.000000e+00 0.000000e+00 1.069932e+10 
2684 0.000000e+00 0.000000e+00 1.069819e+10 
2685 0.000000e+00 0.000000e+00 9.953007e+09 
2686 0.000000e+00 0.000000e+00 9.931952e+09 
2687 0.000000e+00 0.000000e+00 9.929722e+09 
2688 0.000000e+00 0.000000e+00 9.931729e+09 
2689 0.000000e+00 0.000000e+00 9.940453e+09 
2690 0.000000e+00 0.000000e+00 1.000150e+10 
2691 0.000000e+00 0.000000e+00 1.013163e+10 
2692 0.000000e+00 0.000000e+00 1.035415e+10 
2693 0.000000e+00 0.000000e+00 1.049503e+10 
2694 0.000000e+00 0.000000e+00 1.070338e+10 
2695 0.000000e+00 0.000000e+00 1.062493e+10 
2696 0.000000e+00 0.000000e+00 1.074059e+10 
2697 0.000000e+00 0.000000e+00 9.967346e+09 
2698 0.000000e+00 0.000000e+00 9.937007e+09 
2699 0.000000e+00 0.000000e+00 9.928218e+09 
2700 0.000000e+00 0.000000e+00 9.928216e+09 
2701 0.000000e+00 0.000000e+00 9.927566e+09 
2702 0.000000e+00 0.000000e+00 9.928522e+09 
2703 0.000000e+00 0.000000e+00 9.937234e+09 
2704 0.000000e+00 0.000000e+00 1.011113e+10 
2705 0.000000e+00 0.000000e+00 1.047162e+10 
2706 0.000000e+00 0.000000e+00 1.063917e+10 
2707 0.000000e+00 0.000000e+00 1.064318e+10 
2708 0.000000e+00 0.000000e+00 1.072913e+10 
2709 0.000000e+00 0.000000e+00 9.978569e+09 
2710 0.000000e+00 0.000000e+00 9.933022e+09 
2711 0.000000e+00 0.000000e+00 9.927264e+09 
2712 0.000000e+00 0.000000e+00 9.926872e+09 
2713 0.000000e+00 0.000000e+00 9.927050e+09 
2714 0.000000e+00 0.000000e+00 9.926934e+09 
2715 0.000000e+00 0.000000e+00 9.929052e+09 
2716 0.000000e+00 0.000000e+00 9.980930e+09 
2717 0.000000e+00 0.000000e+00 1.034881e+10 
2718 0.000000e+00 0.000000e+00 1.059537e+10 
2719 0.000000e+00 0.000000e+00 1.065758e+10 
2720 0.000000e+00 0.000000e+00 1.067721e+10 
2721 0.000000e+00 0.000000e+00 1.007478e+10 
2722 0.000000e+00 0.000000e+00 1.006345e+10 
2723 0.000000e+00 0.000000e+00 1.015569e+10 
2724 0.000000e+00 0.000000e+00 1.033332e+10 
2725 0.000000e+00 0.000000e+00 1.045736e+10 
2726 0.000000e+00 0.000000e+00 1.057182e+10 
2727 0.000000e+00 0.000000e+00 1.061945e+10 
2728 0.000000e+00 0.000000e+00 1.065718e+10 
2729 0.000000e+00 0.000000e+00 1.067898e+10 
2730 0.000000e+00 0.000000e+00 1.012834e+10 
2731 0.000000e+00 0.000000e+00 1.010926e+10 
2732 0.000000e+00 0.000000e+00 1.024195e+10 
2733 0.000000e+00 0.000000e+00 1.039925e+10 
2734 0.000000e+00 0.000000e+00 1.048701e+10 
2735 0.000000e+00 0.000000e+00 1.059701e+10 
2736 0.000000e+00 0.000000e+00 1.062739e+10 
2737 0.000000e+00 0.000000e+00 1.070017e+10 
2738 0.000000e+00 0.000000e+00 1.005925e+10 
2739 0.000000e+00 0.000000e+00 1.004003e+10 
2740 0.000000e+00 0.000000e+00 1.011043e+10 
2741 0.000000e+00 0.000000e+00 1.027513e+10 
2742 0.000000e+00 0.000000e+00 1.044036e+10 
2743 0.000000e+00 0.000000e+00 1.057013e+10 
2744 0.000000e+00 0.000000e+00 1.059952e+10 
2745 0.000000e+00 0.000000e+00 1.069822e+10 
2746 0.000000e+00 0.000000e+00 1.070065e+10 
2747 0.000000e+00 0.000000e+00 1.049855e+10 
2748 0.000000e+00 0.000000e+00 1.056682e+10 
2749 0.000000e+00 0.000000e+00 1.059473e+10 
2750 0.000000e+00 0.000000e+00 1.068505e+10 
2751 0.000000e+00 0.000000e+00 1.070346e+10 
2752 0.000000e+00 0.000000e+00 9.977002e+09 
2753 0.000000e+00 0.000000e+00 9.934024e+09 
2754 0.000000e+00 0.000000e+00 9.927659e+09 
2755 0.000000e+00 0.000000e+00 9.926759e+09 
2756 0.000000e+00 0.000000e+00 9.927335e+09 
2757 0.000000e+00 0.000000e+00 9.926477e+09 
2758 0.000000e+00 0.000000e+00 9.931577e+09 
2759 0.000000e+00 0.000000e+00 9.982528e+09 
2760 0.000000e+00 0.000000e+00 1.036383e+10 
2761 0.000000e+00 0.000000e+00 1.058005e+10 
2762 0.000000e+00 0.000000e+00 1.068032e+10 
2763 0.000000e+00 0.000000e+00 1.064413e+10 
2764 0.000000e+00 0.000000e+00 1.074304e+10 
2765 0.000000e+00 0.000000e+00 9.966732e+09 
2766 0.000000e+00 0.000000e+00 9.932345e+09 
2767 0.000000e+00 0.000000e+00 9.927107e+09 
2768 0.000000e+00 0.000000e+00 9.927537e+09 
2769 0.000000e+00 0.000000e+00 9.927162e+09 
2770 0.000000e+00 0.000000e+00 9.932425e+09 
2771 0.000000e+00 0.000000e+00 9.970404e+09 
2772 0.000000e+00 0.000000e+00 1.027967e+10 
2773 0.000000e+00 0.000000e+00 1.055309e+10 
2774 0.000000e+00 0.000000e+00 1.063237e+10 
2775 0.000000e+00 0.000000e+00 1.064362e+10 
2776 0.000000e+00 0.000000e+00 1.074532e+10 
2777 0.000000e+00 0.000000e+00 9.973312e+09 
2778 0.000000e+00 0.000000e+00 9.933327e+09 
2779 0.000000e+00 0.000000e+00 9.927304e+09 
2780 0.000000e+00 0.000000e+00 9.927211e+09 
2781 0.000000e+00 0.000000e+00 9.926735e+09 
2782 0.000000e+00 0.000000e+00 9.928151e+09 
2783 0.000000e+00 0.000000e+00 9.930829e+09 
2784 0.000000e+00 0.000000e+00 1.006225e+10 
2785 0.000000e+00 0.000000e+00 1.049825e+10 
2786 0.000000e+00 0.000000e+00 1.061837e+10 
2787 0.000000e+00 0.000000e+00 1.061571e+10 
2788 0.000000e+00 0.000000e+00 1.071781e+10 
2789 0.000000e+00 0.000000e+00 1.073073e+10 
2790 0.000000e+00 0.000000e+00 9.955089e+09 
2791 0.000000e+00 0.000000e+00 9.927799e+09 
2792 0.000000e+00 0.000000e+00 9.927954e+09 
2793 0.000000e+00 0.000000e+00 9.927351e+09 
2794 0.000000e+00 0.000000e+00 9.929596e+09 
2795 0.000000e+00 0.000000e+00 9.941740e+09 
2796 0.000000e+00 0.000000e+00 1.006263e+10 
2797 0.000000e+00 0.000000e+00 1.038126e+10 
2798 0.000000e+00 0.000000e+00 1.057593e+10 
2799 0.000000e+00 0.000000e+00 1.061246e+10 
2800 0.000000e+00 0.000000e+00 1.070544e+10 
2801 0.000000e+00 0.000000e+00 1.069026e+10 
2802 0.000000e+00 0.000000e+00 9.962262e+09 
2803 0.000000e+00 0.000000e+00 9.928041e+09 
2804 0.000000e+00 0.000000e+00 9.927873e+09 
2805 0.000000e+00 0.000000e+00 9.927026e+09 
2806 0.000000e+00 0.000000e+00 9.927449e+09 
2807 0.000000e+00 0.000000e+00 9.928008e+09 
2808 0.000000e+00 0.000000e+00 9.938553e+09 
2809 0.000000e+00 0.000000e+00 1.009946e+10 
2810 0.000000e+00 0.000000e+00 1.057069e+10 
2811 0.000000e+00 0.000000e+00 1.058563e+10 
2812 0.000000e+00 0.000000e+00 1.067000e+10 
2813 0.000000e+00 0.000000e+00 1.068978e+10 
2814 0.000000e+00 0.000000e+00 9.969537e+09 
2815 0.000000e+00 0.000000e+00 9.929109e+09 
2816 0.000000e+00 0.000000e+00 9.926951e+09 
2817 0.000000e+00 0.000000e+00 9.926934e+09 
2818 0.000000e+00 0.000000e+00 9.927177e+09 
2819 0.000000e+00 0.000000e+00 9.927028e+09 
2820 0.000000e+00 0.000000e+00 9.929614e+09 
2821 0.000000e+00 0.000000e+00 9.942063e+09 
2822 0.000000e+00 0.000000e+00 1.023611e+10 
2823 0.000000e+00 0.000000e+00 1.055955e+10 
2824 0.000000e+00 0.000000e+00 1.068125e+10 
2825 0.000000e+00 0.000000e+00 1.064978e+10 
2826 0.000000e+00 0.000000e+00 1.074523e+10 
2827 0.000000e+00 0.000000e+00 9.964198e+09 
2828 0.000000e+00 0.000000e+00 9.930110e+09 
2829 0.000000e+00 0.000000e+00 9.926936e+09 
2830 0.000000e+00 0.000000e+00 9.927521e+09 
2831 0.000000e+00 0.000000e+00 9.926965e+09 
2832 0.000000e+00 0.000000e+00 9.934362e+09 
2833 0.000000e+00 0.000000e+00 9.983644e+09 
2834 0.000000e+00 0.000000e+00 1.029121e+10 
2835 0.000000e+00 0.000000e+00 1.057695e+10 
2836 0.000000e+00 0.000000e+00 1.062440e+10 
2837 0.000000e+00 0.000000e+00 1.066159e+10 
2838 0.000000e+00 0.000000e+00 1.073363e+10 
2839 0.000000e+00 0.000000e+00 9.975638e+09 
2840 0.000000e+00 0.000000e+00 9.932519e+09 
2841 0.000000e+00 0.000000e+00 9.926905e+09 
2842 0.000000e+00 0.000000e+00 9.927027e+09 
2843 0.000000e+00 0.000000e+00 9.926983e+09 
2844 0.000000e+00 0.000000e+00 9.927498e+09 
2845 0.000000e+00 0.000000e+00 9.935214e+09 
2846 0.000000e+00 0.000000e+00 1.001339e+10 
2847 0.000000e+00 0.000000e+00 1.031207e+10 
2848 0.000000e+00 0.000000e+00 1.061043e+10 
2849 0.000000e+00 0.000000e+00 1.064870e+10 
2850 0.000000e+00 0.000000e+00 1.068033e+10 
2851 0.000000e+00 0.000000e+00 9.981884e+09 
2852 0.000000e+00 0.000000e+00 9.935533e+09 
2853 0.000000e+00 0.000000e+00 9.928703e+09 
2854 0.000000e+00 0.000000e+00 9.927225e+09 
2855 0.000000e+00 0.000000e+00 9.927032e+09 
2856 0.000000e+00 0.000000e+00 9.926601e+09 
2857 0.000000e+00 0.000000e+00 9.928775e+09 
2858 0.000000e+00 0.000000e+00 9.937180e+09 
2859 0.000000e+00 0.000000e+00 1.010239e+10 
2860 0.000000e+00 0.000000e+00 1.047739e+10 
2861 0.000000e+00 0.000000e+00 1.064213e+10 
2862 0.000000e+00 0.000000e+00 1.065975e+10 
2863 0.000000e+00 0.000000e+00 1.069695e+10 
2864 0.000000e+00 0.000000e+00 9.966793e+09 
2865 0.000000e+00 0.000000e+00 9.931011e+09 
2866 0.000000e+00 0.000000e+00 9.926811e+09 
2867 0.000000e+00 0.000000e+00 9.927073e+09 
2868 0.000000e+00 0.000000e+00 9.926717e+09 
2869 0.000000e+00 0.000000e+00 9.928483e+09 
2870 0.000000e+00 0.000000e+00 9.933514e+09 
2871 0.000000e+00 0.000000e+00 1.011339e+10 
2872 0.000000e+00 0.000000e+00 1.054916e+10 
2873 0.000000e+00 0.000000e+00 1.064645e+10 
2874 0.000000e+00 0.000000e+00 1.062068e+10 
2875 0.000000e+00 0.000000e+00 1.071292e+10 
2876 0.000000e+00 0.000000e+00 9.980856e+09 
2877 0.000000e+00 0.000000e+00 9.934180e+09 
2878 0.000000e+00 0.000000e+00 9.927316e+09 
2879 0.000000e+00 0.000000e+00 9.926979e+09 
2880 0.000000e+00 0.000000e+00 9.926814e+09 
2881 0.000000e+00 0.000000e+00 9.927661e+09 
2882 0.000000e+00 0.000000e+00 9.926658e+09 
2883 0.000000e+00 0.000000e+00 9.949586e+09 
2884 0.000000e+00 0.000000e+00 1.018522e+10 
2885 0.000000e+00 0.000000e+00 1.055355e+10 
2886 0.000000e+00 0.000000e+00 1.063061e+10 
2887 0.000000e+00 0.000000e+00 1.070332e+10 
2888 0.000000e+00 0.000000e+00 1.067440e+10 
2889 0.000000e+00 0.000000e+00 9.954910e+09 
2890 0.000000e+00 0.000000e+00 9.927590e+09 
2891 0.000000e+00 0.000000e+00 9.926932e+09 
2892 0.000000e+00 0.000000e+00 9.926996e+09 
2893 0.000000e+00 0.000000e+00 9.927137e+09 
2894 0.000000e+00 0.000000e+00 9.928217e+09 
2895 0.000000e+00 0.000000e+00 9.945337e+09 
2896 0.000000e+00 0.000000e+00 1.014714e+10 
2897 0.000000e+00 0.000000e+00 1.058183e+10 
2898 0.000000e+00 0.000000e+00 1.063967e+10 
2899 0.000000e+00 0.000000e+00 1.069565e+10 
2900 0.000000e+00 0.000000e+00 1.067628e+10 
2901 0.000000e+00 0.000000e+00 9.963900e+09 
2902 0.000000e+00 0.000000e+00 9.930242e+09 
2903 0.000000e+00 0.000000e+00 9.927231e+09 
2904 0.000000e+00 0.000000e+00 9.927131e+09 
2905 0.000000e+00 0.000000e+00 9.927499e+09 
2906 0.000000e+00 0.000000e+00 9.927667e+09 
2907 0.000000e+00 0.000000e+00 9.933635e+09 
2908 0.000000e+00 0.000000e+00 9.958049e+09 
2909 0.000000e+00 0.000000e+00 1.026844e+10 
2910 0.000000e+00 0.000000e+00 1.058321e+10 
2911 0.000000e+00 0.000000e+00 1.067992e+10 
2912 0.000000e+00 0.000000e+00 1.066563e+10 
2913 0.000000e+00 0.000000e+00 1.010235e+10 
2914 0.000000e+00 0.000000e+00 1.007162e+10 
2915 0.000000e+00 0.000000e+00 1.019983e+10 
2916 0.000000e+00 0.000000e+00 1.032365e+10 
2917 0.000000e+00 0.000000e+00 1.048855e+10 
2918 0.000000e+00 0.000000e+00 1.051913e+10 
2919 0.000000e+00 0.000000e+00 1.067182e+10 
2920 0.000000e+00 0.000000e+00 1.064445e+10 
2921 0.000000e+00 0.000000e+00 1.073721e+10 
2922 0.000000e+00 0.000000e+00 9.975270e+09 
2923 0.000000e+00 0.000000e+00 9.932220e+09 
2924 0.000000e+00 0.000000e+00 9.926605e+09 
2925 0.000000e+00 0.000000e+00 9.927172e+09 
2926 0.000000e+00 0.000000e+00 9.926852e+09 
2927 0.000000e+00 0.000000e+00 9.927661e+09 
2928 0.000000e+00 0.000000e+00 9.928739e+09 
2929 0.000000e+00 0.000000e+00 1.000476e+10 
2930 0.000000e+00 0.000000e+00 1.032627e+10 
2931 0.000000e+00 0.000000e+00 1.063160e+10 
2932 0.000000e+00 0.000000e+00 1.062425e+10 
2933 0.000000e+00 0.000000e+00 1.071299e+10 
2934 0.000000e+00 0.000000e+00 1.008095e+10 
2935 0.000000e+00 0.000000e+00 1.008024e+10 
2936 0.000000e+00 0.000000e+00 1.015259e+10 
2937 0.000000e+00 0.000000e+00 1.038723e+10 
2938 0.000000e+00 0.000000e+00 1.046257e+10 
2939 0.000000e+00 0.000000e+00 1.058470e+10 
2940 0.000000e+00 0.000000e+00 1.059341e+10 
2941 0.000000e+00 0.000000e+00 1.070353e+10 
2942 0.000000e+00 0.000000e+00 1.067564e+10 
2943 0.000000e+00 0.000000e+00 9.963575e+09 
2944 0.000000e+00 0.000000e+00 9.929352e+09 
2945 0.000000e+00 0.000000e+00 9.926945e+09 
2946 0.000000e+00 0.000000e+00 9.926778e+09 
2947 0.000000e+00 0.000000e+00 9.927137e+09 
2948 0.000000e+00 0.000000e+00 9.926707e+09 
2949 0.000000e+00 0.000000e+00 9.930960e+09 
2950 0.000000e+00 0.000000e+00 1.000126e+10 
2951 0.000000e+00 0.000000e+00 1.047750e+10 
2952 0.000000e+00 0.000000e+00 1.059222e+10 
2953 0.000000e+00 0.000000e+00 1.069534e+10 
2954 0.000000e+00 0.000000e+00 1.067406e+10 
2955 0.000000e+00 0.000000e+00 1.072475e+10 
2956 0.000000e+00 0.000000e+00 9.960555e+09 
2957 0.000000e+00 0.000000e+00 9.929981e+09 
2958 0.000000e+00 0.000000e+00 9.926897e+09 
2959 0.000000e+00 0.000000e+00 9.927856e+09 
2960 0.000000e+00 0.000000e+00 9.927001e+09 
2961 0.000000e+00 0.000000e+00 9.930774e+09 
2962 0.000000e+00 0.000000e+00 9.964807e+09 
2963 0.000000e+00 0.000000e+00 1.029744e+10 
2964 0.000000e+00 0.000000e+00 1.055410e+10 
2965 0.000000e+00 0.000000e+00 1.066459e+10 
2966 0.000000e+00 0.000000e+00 1.063796e+10 
2967 0.000000e+00 0.000000e+00 1.074583e+10 
2968 0.000000e+00 0.000000e+00 9.973872e+09 
2969 0.000000e+00 0.000000e+00 9.931695e+09 
2970 0.000000e+00 0.000000e+00 9.926793e+09 
2971 0.000000e+00 0.000000e+00 9.927215e+09 
2972 0.000000e+00 0.000000e+00 9.926833e+09 
2973 0.000000e+00 0.000000e+00 9.927155e+09 
2974 0.000000e+00 0.000000e+00 9.927777e+09 
2975 0.000000e+00 0.000000e+00 9.965796e+09 
2976 0.000000e+00 0.000000e+00 1.039593e+10 
2977 0.000000e+00 0.000000e+00 1.060345e+10 
2978 0.000000e+00 0.000000e+00 1.067115e+10 
2979 0.000000e+00 0.000000e+00 1.070053e+10 
2980 0.000000e+00 0.000000e+00 9.980301e+09 
2981 0.000000e+00 0.000000e+00 9.934776e+09 
2982 0.000000e+00 0.000000e+00 9.927185e+09 
2983 0.000000e+00 0.000000e+00 9.926655e+09 
2984 0.000000e+00 0.000000e+00 9.926947e+09 
2985 0.000000e+00 0.000000e+00 9.926484e+09 
2986 0.000000e+00 0.000000e+00 9.932205e+09 
2987 0.000000e+00 0.000000e+00 9.971217e+09 
2988 0.000000e+00 0.000000e+00 1.036962e+10 
2989 0.000000e+00 0.000000e+00 1.056566e+10 
2990 0.000000e+00 0.000000e+00 1.066794e+10 
2991 0.000000e+00 0.000000e+00 1.065489e+10 
2992 0.000000e+00 0.000000e+00 9.985336e+09 
2993 0.000000e+00 0.000000e+00 9.934349e+09 
2994 0.000000e+00 0.000000e+00 9.926966e+09 
2995 0.000000e+00 0.000000e+00 9.926791e+09 
2996 0.000000e+00 0.000000e+00 9.927249e+09 
2997 0.000000e+00 0.000000e+00 9.927070e+09 
2998 0.000000e+00 0.000000e+00 9.926759e+09 
2999 0.000000e+00 0.000000e+00 9.931782e+09 
3000 0.000000e+00 0.000000e+00 1.001588e+10 
3001 0.000000e+00 0.000000e+00 1.041221e+10 
3002 0.000000e+00 0.000000e+00 1.060030e+10 
3003 0.000000e+00 0.000000e+00 1.066668e+10 
3004 0.000000e+00 0.000000e+00 1.068856e+10 
3005 0.000000e+00 0.000000e+00 9.964507e+09 
3006 0.000000e+00 0.000000e+00 9.929451e+09 
3007 0.000000e+00 0.000000e+00 9.926861e+09 
3008 0.000000e+00 0.000000e+00 9.927137e+09 
3009 0.000000e+00 0.000000e+00 9.927452e+09 
3010 0.000000e+00 0.000000e+00 9.927910e+09 
3011 0.000000e+00 0.000000e+00 9.928018e+09 
3012 0.000000e+00 0.000000e+00 1.001212e+10 
3013 0.000000e+00 0.000000e+00 1.036107e+10 
3014 0.000000e+00 0.000000e+00 1.060601e+10 
3015 0.000000e+00 0.000000e+00 1.063693e+10 
3016 0.000000e+00 0.000000e+00 1.072016e+10 
3017 0.000000e+00 0.000000e+00 9.990842e+09 
3018 0.000000e+00 0.000000e+00 9.935843e+09 
3019 0.000000e+00 0.000000e+00 9.927239e+09 
3020 0.000000e+00 0.000000e+00 9.926793e+09 
3021 0.000000e+00 0.000000e+00 9.926892e+09 
3022 0.000000e+00 0.000000e+00 9.926926e+09 
3023 0.000000e+00 0.000000e+00 9.926773e+09 
3024 0.000000e+00 0.000000e+00 9.928406e+09 
3025 0.000000e+00 0.000000e+00 9.964273e+09 
3026 0.000000e+00 0.000000e+00 1.047391e+10 
3027 0.000000e+00 0.000000e+00 1.063819e+10 
3028 0.000000e+00 0.000000e+00 1.068538e+10 
3029 0.000000e+00 0.000000e+00 1.005333e+10 
3030 0.000000e+00 0.000000e+00 1.003258e+10 
3031 0.000000e+00 0.000000e+00 1.009356e+10 
3032 0.000000e+00 0.000000e+00 1.024908e+10 
3033 0.000000e+00 0.000000e+00 1.039700e+10 
3034 0.000000e+00 0.000000e+00 1.050792e+10 
3035 0.000000e+00 0.000000e+00 1.059080e+10 
3036 0.000000e+00 0.000000e+00 1.064652e+10 
3037 0.000000e+00 0.000000e+00 1.066500e+10 
3038 0.000000e+00 0.000000e+00 1.008912e+10 
3039 0.000000e+00 0.000000e+00 1.006854e+10 
3040 0.000000e+00 0.000000e+00 1.016236e+10 
3041 0.000000e+00 0.000000e+00 1.031984e+10 
3042 0.000000e+00 0.000000e+00 1.048249e+10 
3043 0.000000e+00 0.000000e+00 1.055355e+10 
3044 0.000000e+00 0.000000e+00 1.061717e+10 
3045 0.000000e+00 0.000000e+00 1.065451e+10 
3046 0.000000e+00 0.000000e+00 1.070977e+10 
3047 0.000000e+00 0.000000e+00 9.975615e+09 
3048 0.000000e+00 0.000000e+00 9.935235e+09 
3049 0.000000e+00 0.000000e+00 9.929936e+09 
3050 0.000000e+00 0.000000e+00 9.927411e+09 
3051 0.000000e+00 0.000000e+00 9.929652e+09 
3052 0.000000e+00 0.000000e+00 9.927447e+09 
3053 0.000000e+00 0.000000e+00 9.935761e+09 
3054 0.000000e+00 0.000000e+00 9.987946e+09 
3055 0.000000e+00 0.000000e+00 1.048021e+10 
3056 0.000000e+00 0.000000e+00 1.058728e+10 
3057 0.000000e+00 0.000000e+00 1.067390e+10 
3058 0.000000e+00 0.000000e+00 1.066066e+10 
3059 0.000000e+00 0.000000e+00 1.074215e+10 
3060 0.000000e+00 0.000000e+00 9.961995e+09 
3061 0.000000e+00 0.000000e+00 9.930565e+09 
3062 0.000000e+00 0.000000e+00 9.926967e+09 
3063 0.000000e+00 0.000000e+00 9.928296e+09 
3064 0.000000e+00 0.000000e+00 9.929037e+09 
3065 0.000000e+00 0.000000e+00 9.952615e+09 
3066 0.000000e+00 0.000000e+00 1.008065e+10 
3067 0.000000e+00 0.000000e+00 1.037167e+10 
3068 0.000000e+00 0.000000e+00 1.036532e+10 
3069 0.000000e+00 0.000000e+00 1.050531e+10 
3070 0.000000e+00 0.000000e+00 1.065063e+10 
3071 0.000000e+00 0.000000e+00 1.071795e+10 
3072 0.000000e+00 0.000000e+00 9.969190e+09 
3073 0.000000e+00 0.000000e+00 9.931456e+09 
3074 0.000000e+00 0.000000e+00 9.927363e+09 
3075 0.000000e+00 0.000000e+00 9.927647e+09 
3076 0.000000e+00 0.000000e+00 9.928803e+09 
3077 0.000000e+00 0.000000e+00 9.927566e+09 
3078 0.000000e+00 0.000000e+00 9.934838e+09 
3079 0.000000e+00 0.000000e+00 9.970151e+09 
3080 0.000000e+00 0.000000e+00 1.042534e+10 
3081 0.000000e+00 0.000000e+00 1.059315e+10 
3082 0.000000e+00 0.000000e+00 1.072019e+10 
3083 0.000000e+00 0.000000e+00 1.064273e+10 
3084 0.000000e+00 0.000000e+00 1.010678e+10 
3085 0.000000e+00 0.000000e+00 1.007298e+10 
3086 0.000000e+00 0.000000e+00 1.021453e+10 
3087 0.000000e+00 0.000000e+00 1.035692e+10 
3088 0.000000e+00 0.000000e+00 1.054345e+10 
3089 0.000000e+00 0.000000e+00 1.055031e+10 
3090 0.000000e+00 0.000000e+00 1.070431e+10 
3091 0.000000e+00 0.000000e+00 1.063798e+10 
3092 0.000000e+00 0.000000e+00 1.072822e+10 
3093 0.000000e+00 0.000000e+00 9.973475e+09 
3094 0.000000e+00 0.000000e+00 9.932085e+09 
3095 0.000000e+00 0.000000e+00 9.927019e+09 
3096 0.000000e+00 0.000000e+00 9.927315e+09 
3097 0.000000e+00 0.000000e+00 9.926605e+09 
3098 0.000000e+00 0.000000e+00 9.928601e+09 
3099 0.000000e+00 0.000000e+00 9.937188e+09 
3100 0.000000e+00 0.000000e+00 1.016156e+10 
3101 0.000000e+00 0.000000e+00 1.051270e+10 
3102 0.000000e+00 0.000000e+00 1.062963e+10 
3103 0.000000e+00 0.000000e+00 1.064348e+10 
3104 0.000000e+00 0.000000e+00 1.071979e+10 
3105 0.000000e+00 0.000000e+00 1.008929e+10 
3106 0.000000e+00 0.000000e+00 1.010587e+10 
3107 0.000000e+00 0.000000e+00 1.020433e+10 
3108 0.000000e+00 0.000000e+00 1.038829e+10 
3109 0.000000e+00 0.000000e+00 1.047501e+10 
3110 0.000000e+00 0.000000e+00 1.059230e+10 
3111 0.000000e+00 0.000000e+00 1.060544e+10 
3112 0.000000e+00 0.000000e+00 1.070159e+10 
3113 0.000000e+00 0.000000e+00 1.001669e+10 
3114 0.000000e+00 0.000000e+00 9.947483e+09 
3115 0.000000e+00 0.000000e+00 9.928680e+09 
3116 0.000000e+00 0.000000e+00 9.928521e+09 
3117 0.000000e+00 0.000000e+00 9.927542e+09 
3118 0.000000e+00 0.000000e+00 9.927300e+09 
3119 0.000000e+00 0.000000e+00 9.928733e+09 
3120 0.000000e+00 0.000000e+00 9.931402e+09 
3121 0.000000e+00 0.000000e+00 1.004793e+10 
3122 0.000000e+00 0.000000e+00 1.035361e+10 
3123 0.000000e+00 0.000000e+00 1.061118e+10 
3124 0.000000e+00 0.000000e+00 1.065147e+10 
3125 0.000000e+00 0.000000e+00 1.069603e+10 
3126 0.000000e+00 0.000000e+00 1.009931e+10 
3127 0.000000e+00 0.000000e+00 1.008839e+10 
3128 0.000000e+00 0.000000e+00 1.018146e+10 
3129 0.000000e+00 0.000000e+00 1.038284e+10 
3130 0.000000e+00 0.000000e+00 1.044619e+10 
3131 0.000000e+00 0.000000e+00 1.060326e+10 
3132 0.000000e+00 0.000000e+00 1.061755e+10 
3133 0.000000e+00 0.000000e+00 1.066004e+10 
3134 0.000000e+00 0.000000e+00 1.068820e+10 
3135 0.000000e+00 0.000000e+00 1.013979e+10 
3136 0.000000e+00 0.000000e+00 1.013267e+10 
3137 0.000000e+00 0.000000e+00 1.028638e+10 
3138 0.000000e+00 0.000000e+00 1.038266e+10 
3139 0.000000e+00 0.000000e+00 1.053835e+10 
3140 0.000000e+00 0.000000e+00 1.056503e+10 
3141 0.000000e+00 0.000000e+00 1.065132e+10 
3142 0.000000e+00 0.000000e+00 1.065042e+10 
3143 0.000000e+00 0.000000e+00 9.975951e+09 
3144 0.000000e+00 0.000000e+00 9.931972e+09 
3145 0.000000e+00 0.000000e+00 9.926827e+09 
3146 0.000000e+00 0.000000e+00 9.927142e+09 
3147 0.000000e+00 0.000000e+00 9.926916e+09 
3148 0.000000e+00 0.000000e+00 9.927248e+09 
3149 0.000000e+00 0.000000e+00 9.927206e+09 
3150 0.000000e+00 0.000000e+00 9.931849e+09 
3151 0.000000e+00 0.000000e+00 1.009346e+10 
3152 0.000000e+00 0.000000e+00 1.054984e+10 
3153 0.000000e+00 0.000000e+00 1.063229e+10 
3154 0.000000e+00 0.000000e+00 1.066563e+10 
3155 0.000000e+00 0.000000e+00 1.067195e+10 
3156 0.000000e+00 0.000000e+00 9.970321e+09 
3157 0.000000e+00 0.000000e+00 9.933311e+09 
3158 0.000000e+00 0.000000e+00 9.926868e+09 
3159 0.000000e+00 0.000000e+00 9.927484e+09 
3160 0.000000e+00 0.000000e+00 9.927772e+09 
3161 0.000000e+00 0.000000e+00 9.927183e+09 
3162 0.000000e+00 0.000000e+00 9.928092e+09 
3163 0.000000e+00 0.000000e+00 9.974648e+09 
3164 0.000000e+00 0.000000e+00 1.041129e+10 
3165 0.000000e+00 0.000000e+00 1.062495e+10 
3166 0.000000e+00 0.000000e+00 1.066165e+10 
3167 0.000000e+00 0.000000e+00 1.069106e+10 
3168 0.000000e+00 0.000000e+00 9.984241e+09 
3169 0.000000e+00 0.000000e+00 9.935346e+09 
3170 0.000000e+00 0.000000e+00 9.928245e+09 
3171 0.000000e+00 0.000000e+00 9.926961e+09 
3172 0.000000e+00 0.000000e+00 9.926705e+09 
3173 0.000000e+00 0.000000e+00 9.926925e+09 
3174 0.000000e+00 0.000000e+00 9.926725e+09 
3175 0.000000e+00 0.000000e+00 9.930680e+09 
3176 0.000000e+00 0.000000e+00 1.001331e+10 
3177 0.000000e+00 0.000000e+00 1.037015e+10 
3178 0.000000e+00 0.000000e+00 1.065392e+10 
3179 0.000000e+00 0.000000e+00 1.065794e+10 
3180 0.000000e+00 0.000000e+00 1.068996e+10 
3181 0.000000e+00 0.000000e+00 9.966565e+09 
3182 0.000000e+00 0.000000e+00 9.932287e+09 
3183 0.000000e+00 0.000000e+00 9.926958e+09 
3184 0.000000e+00 0.000000e+00 9.926895e+09 
3185 0.000000e+00 0.000000e+00 9.927781e+09 
3186 0.000000e+00 0.000000e+00 9.926720e+09 
3187 0.000000e+00 0.000000e+00 9.944268e+09 
3188 0.000000e+00 0.000000e+00 1.016829e+10 
3189 0.000000e+00 0.000000e+00 1.058791e+10 
3190 0.000000e+00 0.000000e+00 1.059658e+10 
3191 0.000000e+00 0.000000e+00 1.067783e+10 
3192 0.000000e+00 0.000000e+00 1.067264e+10 
3193 0.000000e+00 0.000000e+00 1.013159e+10 
3194 0.000000e+00 0.000000e+00 1.010259e+10 
3195 0.000000e+00 0.000000e+00 1.026241e+10 
3196 0.000000e+00 0.000000e+00 1.037308e+10 
3197 0.000000e+00 0.000000e+00 1.052880e+10 
3198 0.000000e+00 0.000000e+00 1.057447e+10 
3199 0.000000e+00 0.000000e+00 1.068518e+10 
3200 0.000000e+00 0.000000e+00 1.063140e+10 
3201 0.000000e+00 0.000000e+00 1.050767e+10 
3202 0.000000e+00 0.000000e+00 1.049437e+10 
3203 0.000000e+00 0.000000e+00 1.060542e+10 
3204 0.000000e+00 0.000000e+00 1.063980e+10 
3205 0.000000e+00 0.000000e+00 1.073293e+10 
3206 0.000000e+00 0.000000e+00 1.006708e+10 
3207 0.000000e+00 0.000000e+00 1.006558e+10 
3208 0.000000e+00 0.000000e+00 1.014006e+10 
3209 0.000000e+00 0.000000e+00 1.034726e+10 
3210 0.000000e+00 0.000000e+00 1.043670e+10 
3211 0.000000e+00 0.000000e+00 1.056519e+10 
3212 0.000000e+00 0.000000e+00 1.062175e+10 
3213 0.000000e+00 0.000000e+00 1.069743e+10 
3214 0.000000e+00 0.000000e+00 1.065314e+10 
3215 0.000000e+00 0.000000e+00 1.013296e+10 
3216 0.000000e+00 0.000000e+00 1.009837e+10 
3217 0.000000e+00 0.000000e+00 1.022876e+10 
3218 0.000000e+00 0.000000e+00 1.034327e+10 
3219 0.000000e+00 0.000000e+00 1.051318e+10 
3220 0.000000e+00 0.000000e+00 1.052968e+10 
3221 0.000000e+00 0.000000e+00 1.070934e+10 
3222 0.000000e+00 0.000000e+00 1.065444e+10 
3223 0.000000e+00 0.000000e+00 1.071322e+10 
3224 0.000000e+00 0.000000e+00 9.967777e+09 
3225 0.000000e+00 0.000000e+00 9.932153e+09 
3226 0.000000e+00 0.000000e+00 9.927293e+09 
3227 0.000000e+00 0.000000e+00 9.927557e+09 
3228 0.000000e+00 0.000000e+00 9.927872e+09 
3229 0.000000e+00 0.000000e+00 9.928663e+09 
3230 0.000000e+00 0.000000e+00 9.930260e+09 
3231 0.000000e+00 0.000000e+00 9.979017e+09 
3232 0.000000e+00 0.000000e+00 1.035179e+10 
3233 0.000000e+00 0.000000e+00 1.059269e+10 
3234 0.000000e+00 0.000000e+00 1.068276e+10 
3235 0.000000e+00 0.000000e+00 1.070778e+10 
3236 0.000000e+00 0.000000e+00 9.969032e+09 
3237 0.000000e+00 0.000000e+00 9.929734e+09 
3238 0.000000e+00 0.000000e+00 9.926680e+09 
3239 0.000000e+00 0.000000e+00 9.926915e+09 
3240 0.000000e+00 0.000000e+00 9.926922e+09 
3241 0.000000e+00 0.000000e+00 9.927247e+09 
3242 0.000000e+00 0.000000e+00 9.927127e+09 
3243 0.000000e+00 0.000000e+00 9.929395e+09 
3244 0.000000e+00 0.000000e+00 1.006261e+10 
3245 0.000000e+00 0.000000e+00 1.053915e+10 
3246 0.000000e+00 0.000000e+00 1.062628e+10 
3247 0.000000e+00 0.000000e+00 1.069947e+10 
3248 0.000000e+00 0.000000e+00 9.984024e+09 
3249 0.000000e+00 0.000000e+00 9.937794e+09 
3250 0.000000e+00 0.000000e+00 9.926863e+09 
3251 0.000000e+00 0.000000e+00 9.927577e+09 
3252 0.000000e+00 0.000000e+00 9.927179e+09 
3253 0.000000e+00 0.000000e+00 9.928541e+09 
3254 0.000000e+00 0.000000e+00 9.927436e+09 
3255 0.000000e+00 0.000000e+00 9.975544e+09 
3256 0.000000e+00 0.000000e+00 1.022058e+10 
3257 0.000000e+00 0.000000e+00 1.051459e+10 
3258 0.000000e+00 0.000000e+00 1.062243e+10 
3259 0.000000e+00 0.000000e+00 1.068803e+10 
3260 0.000000e+00 0.000000e+00 1.003574e+10 
3261 0.000000e+00 0.000000e+00 1.002402e+10 
3262 0.000000e+00 0.000000e+00 1.007493e+10 
3263 0.000000e+00 0.000000e+00 1.026108e+10 
3264 0.000000e+00 0.000000e+00 1.041304e+10 
3265 0.000000e+00 0.000000e+00 1.055848e+10 
3266 0.000000e+00 0.000000e+00 1.054047e+10 
3267 0.000000e+00 0.000000e+00 1.067604e+10 
3268 0.000000e+00 0.000000e+00 1.063821e+10 
3269 0.000000e+00 0.000000e+00 1.075120e+10 
3270 0.000000e+00 0.000000e+00 9.967848e+09 
3271 0.000000e+00 0.000000e+00 9.930930e+09 
3272 0.000000e+00 0.000000e+00 9.926808e+09 
3273 0.000000e+00 0.000000e+00 9.927851e+09 
3274 0.000000e+00 0.000000e+00 9.927881e+09 
3275 0.000000e+00 0.000000e+00 9.940066e+09 
3276 0.000000e+00 0.000000e+00 1.003145e+10 
3277 0.000000e+00 0.000000e+00 1.039206e+10 
3278 0.000000e+00 0.000000e+00 1.052831e+10 
3279 0.000000e+00 0.000000e+00 1.064831e+10 
3280 0.000000e+00 0.000000e+00 1.062780e+10 
3281 0.000000e+00 0.000000e+00 1.071102e+10 
3282 0.000000e+00 0.000000e+00 9.971727e+09 
3283 0.000000e+00 0.000000e+00 9.932205e+09 
3284 0.000000e+00 0.000000e+00 9.926887e+09 
3285 0.000000e+00 0.000000e+00 9.927371e+09 
3286 0.000000e+00 0.000000e+00 9.926611e+09 
3287 0.000000e+00 0.000000e+00 9.928101e+09 
3288 0.000000e+00 0.000000e+00 9.927574e+09 
3289 0.000000e+00 0.000000e+00 1.001143e+10 
3290 0.000000e+00 0.000000e+00 1.042147e+10 
3291 0.000000e+00 0.000000e+00 1.064897e+10 
3292 0.000000e+00 0.000000e+00 1.062904e+10 
3293 0.000000e+00 0.000000e+00 1.069839e+10 
3294 0.000000e+00 0.000000e+00 9.985859e+09 
3295 0.000000e+00 0.000000e+00 9.936234e+09 
3296 0.000000e+00 0.000000e+00 9.927269e+09 
3297 0.000000e+00 0.000000e+00 9.926645e+09 
3298 0.000000e+00 0.000000e+00 9.927036e+09 
3299 0.000000e+00 0.000000e+00 9.926531e+09 
3300 0.000000e+00 0.000000e+00 9.929215e+09 
3301 0.000000e+00 0.000000e+00 9.945968e+09 
3302 0.000000e+00 0.000000e+00 1.016507e+10 
3303 0.000000e+00 0.000000e+00 1.050495e+10 
3304 0.000000e+00 0.000000e+00 1.068357e+10 
3305 0.000000e+00 0.000000e+00 1.065058e+10 
3306 0.000000e+00 0.000000e+00 1.075963e+10 
3307 0.000000e+00 0.000000e+00 9.967994e+09 
3308 0.000000e+00 0.000000e+00 9.931912e+09 
3309 0.000000e+00 0.000000e+00 9.927104e+09 
3310 0.000000e+00 0.000000e+00 9.926985e+09 
3311 0.000000e+00 0.000000e+00 9.927198e+09 
3312 0.000000e+00 0.000000e+00 9.928655e+09 
3313 0.000000e+00 0.000000e+00 9.945868e+09 
3314 0.000000e+00 0.000000e+00 1.009314e+10 
3315 0.000000e+00 0.000000e+00 1.045798e+10 
3316 0.000000e+00 0.000000e+00 1.059158e+10 
3317 0.000000e+00 0.000000e+00 1.063892e+10 
3318 0.000000e+00 0.000000e+00 1.069340e+10 
3319 0.000000e+00 0.000000e+00 1.010696e+10 
3320 0.000000e+00 0.000000e+00 1.008790e+10 
3321 0.000000e+00 0.000000e+00 1.021247e+10 
3322 0.000000e+00 0.000000e+00 1.040191e+10 
3323 0.000000e+00 0.000000e+00 1.050687e+10 
3324 0.000000e+00 0.000000e+00 1.057870e+10 
3325 0.000000e+00 0.000000e+00 1.062090e+10 
3326 0.000000e+00 0.000000e+00 1.065695e+10 
3327 0.000000e+00 0.000000e+00 1.069472e+10 
3328 0.000000e+00 0.000000e+00 1.017471e+10 
3329 0.000000e+00 0.000000e+00 1.015729e+10 
3330 0.000000e+00 0.000000e+00 1.029717e+10 
3331 0.000000e+00 0.000000e+00 1.039389e+10 
3332 0.000000e+00 0.000000e+00 1.049567e+10 
3333 0.000000e+00 0.000000e+00 1.062816e+10 
3334 0.000000e+00 0.000000e+00 1.062102e+10 
3335 0.000000e+00 0.000000e+00 1.067403e+10 
3336 0.000000e+00 0.000000e+00 1.008998e+10 
3337 0.000000e+00 0.000000e+00 1.008440e+10 
3338 0.000000e+00 0.000000e+00 1.019327e+10 
3339 0.000000e+00 0.000000e+00 1.032001e+10 
3340 0.000000e+00 0.000000e+00 1.048060e+10 
3341 0.000000e+00 0.000000e+00 1.056983e+10 
3342 0.000000e+00 0.000000e+00 1.060477e+10 
3343 0.000000e+00 0.000000e+00 1.064997e+10 
3344 0.000000e+00 0.000000e+00 1.068631e+10 
3345 0.000000e+00 0.000000e+00 9.966108e+09 
3346 0.000000e+00 0.000000e+00 9.929238e+09 
3347 0.000000e+00 0.000000e+00 9.927524e+09 
3348 0.000000e+00 0.000000e+00 9.927441e+09 
3349 0.000000e+00 0.000000e+00 9.927421e+09 
3350 0.000000e+00 0.000000e+00 9.927729e+09 
3351 0.000000e+00 0.000000e+00 9.927146e+09 
3352 0.000000e+00 0.000000e+00 9.935378e+09 
3353 0.000000e+00 0.000000e+00 1.010781e+10 
3354 0.000000e+00 0.000000e+00 1.049993e+10 
3355 0.000000e+00 0.000000e+00 1.067142e+10 
3356 0.000000e+00 0.000000e+00 1.068707e+10 
3357 0.000000e+00 0.000000e+00 1.008227e+10 
3358 0.000000e+00 0.000000e+00 1.006805e+10 
3359 0.000000e+00 0.000000e+00 1.015659e+10 
3360 0.000000e+00 0.000000e+00 1.034062e+10 
3361 0.000000e+00 0.000000e+00 1.047328e+10 
3362 0.000000e+00 0.000000e+00 1.053786e+10 
3363 0.000000e+00 0.000000e+00 1.063622e+10 
3364 0.000000e+00 0.000000e+00 1.064711e+10 
3365 0.000000e+00 0.000000e+00 1.068850e+10 
3366 0.000000e+00 0.000000e+00 9.972851e+09 
3367 0.000000e+00 0.000000e+00 9.933938e+09 
3368 0.000000e+00 0.000000e+00 9.927537e+09 
3369 0.000000e+00 0.000000e+00 9.927421e+09 
3370 0.000000e+00 0.000000e+00 9.927415e+09 
3371 0.000000e+00 0.000000e+00 9.928134e+09 
3372 0.000000e+00 0.000000e+00 9.930774e+09 
3373 0.000000e+00 0.000000e+00 1.002545e+10 
3374 0.000000e+00 0.000000e+00 1.029809e+10 
3375 0.000000e+00 0.000000e+00 1.057981e+10 
3376 0.000000e+00 0.000000e+00 1.064537e+10 
3377 0.000000e+00 0.000000e+00 1.071155e+10 
3378 0.000000e+00 0.000000e+00 1.049674e+10 
3379 0.000000e+00 0.000000e+00 1.057715e+10 
3380 0.000000e+00 0.000000e+00 1.063688e+10 
3381 0.000000e+00 0.000000e+00 1.064774e+10 
3382 0.000000e+00 0.000000e+00 1.070013e+10 
3383 0.000000e+00 0.000000e+00 1.010650e+10 
3384 0.000000e+00 0.000000e+00 1.009527e+10 
3385 0.000000e+00 0.000000e+00 1.020861e+10 
3386 0.000000e+00 0.000000e+00 1.036743e+10 
3387 0.000000e+00 0.000000e+00 1.050287e+10 
3388 0.000000e+00 0.000000e+00 1.058159e+10 
3389 0.000000e+00 0.000000e+00 1.066723e+10 
3390 0.000000e+00 0.000000e+00 1.063091e+10 
3391 0.000000e+00 0.000000e+00 1.069687e+10 
3392 0.000000e+00 0.000000e+00 1.015239e+10 
3393 0.000000e+00 0.000000e+00 1.015559e+10 
3394 0.000000e+00 0.000000e+00 1.025181e+10 
3395 0.000000e+00 0.000000e+00 1.040976e+10 
3396 0.000000e+00 0.000000e+00 1.053245e+10 
3397 0.000000e+00 0.000000e+00 1.061931e+10 
3398 0.000000e+00 0.000000e+00 1.063158e+10 
3399 0.000000e+00 0.000000e+00 1.070082e+10 
3400 0.000000e+00 0.000000e+00 1.068395e+10 
3401 0.000000e+00 0.000000e+00 9.951806e+09 
3402 0.000000e+00 0.000000e+00 9.928113e+09 
3403 0.000000e+00 0.000000e+00 9.927172e+09 
3404 0.000000e+00 0.000000e+00 9.927769e+09 
3405 0.000000e+00 0.000000e+00 9.927588e+09 
3406 0.000000e+00 0.000000e+00 9.935056e+09 
3407 0.000000e+00 0.000000e+00 1.000881e+10 
3408 0.000000e+00 0.000000e+00 1.030678e+10 
3409 0.000000e+00 0.000000e+00 1.058177e+10 
3410 0.000000e+00 0.000000e+00 1.062439e+10 
3411 0.000000e+00 0.000000e+00 1.067853e+10 
3412 0.000000e+00 0.000000e+00 1.072037e+10 
3413 0.000000e+00 0.000000e+00 9.969208e+09 
3414 0.000000e+00 0.000000e+00 9.931797e+09 
3415 0.000000e+00 0.000000e+00 9.926569e+09 
3416 0.000000e+00 0.000000e+00 9.927021e+09 
3417 0.000000e+00 0.000000e+00 9.926608e+09 
3418 0.000000e+00 0.000000e+00 9.928056e+09 
3419 0.000000e+00 0.000000e+00 9.934236e+09 
3420 0.000000e+00 0.000000e+00 1.010615e+10 
3421 0.000000e+00 0.000000e+00 1.043591e+10 
3422 0.000000e+00 0.000000e+00 1.062132e+10 
3423 0.000000e+00 0.000000e+00 1.064421e+10 
3424 0.000000e+00 0.000000e+00 1.071046e+10 
3425 0.000000e+00 0.000000e+00 9.981723e+09 
3426 0.000000e+00 0.000000e+00 9.935056e+09 
3427 0.000000e+00 0.000000e+00 9.926777e+09 
3428 0.000000e+00 0.000000e+00 9.927778e+09 
3429 0.000000e+00 0.000000e+00 9.927055e+09 
3430 0.000000e+00 0.000000e+00 9.926965e+09 
3431 0.000000e+00 0.000000e+00 9.928173e+09 
3432 0.000000e+00 0.000000e+00 9.937651e+09 
3433 0.000000e+00 0.000000e+00 1.025825e+10 
3434 0.000000e+00 0.000000e+00 1.057275e+10 
3435 0.000000e+00 0.000000e+00 1.063434e+10 
3436 0.000000e+00 0.000000e+00 1.065707e+10 
3437 0.000000e+00 0.000000e+00 1.048476e+10 
3438 0.000000e+00 0.000000e+00 1.048768e+10 
3439 0.000000e+00 0.000000e+00 1.063221e+10 
3440 0.000000e+00 0.000000e+00 1.063216e+10 
3441 0.000000e+00 0.000000e+00 1.071988e+10 
3442 0.000000e+00 0.000000e+00 1.069414e+10 
3443 0.000000e+00 0.000000e+00 9.954986e+09 
3444 0.000000e+00 0.000000e+00 9.928115e+09 
3445 0.000000e+00 0.000000e+00 9.927853e+09 
3446 0.000000e+00 0.000000e+00 9.927624e+09 
3447 0.000000e+00 0.000000e+00 9.928933e+09 
3448 0.000000e+00 0.000000e+00 9.929783e+09 
3449 0.000000e+00 0.000000e+00 9.980960e+09 
3450 0.000000e+00 0.000000e+00 1.036459e+10 
3451 0.000000e+00 0.000000e+00 1.059156e+10 
3452 0.000000e+00 0.000000e+00 1.062683e+10 
3453 0.000000e+00 0.000000e+00 1.068409e+10 
3454 0.000000e+00 0.000000e+00 1.066349e+10 
3455 0.000000e+00 0.000000e+00 9.957410e+09 
3456 0.000000e+00 0.000000e+00 9.928647e+09 
3457 0.000000e+00 0.000000e+00 9.927254e+09 
3458 0.000000e+00 0.000000e+00 9.927073e+09 
3459 0.000000e+00 0.000000e+00 9.926979e+09 
3460 0.000000e+00 0.000000e+00 9.927726e+09 
3461 0.000000e+00 0.000000e+00 9.929540e+09 
3462 0.000000e+00 0.000000e+00 1.001738e+10 
3463 0.000000e+00 0.000000e+00 1.036731e+10 
3464 0.000000e+00 0.000000e+00 1.061993e+10 
3465 0.000000e+00 0.000000e+00 1.064713e+10 
3466 0.000000e+00 0.000000e+00 1.070238e+10 
3467 0.000000e+00 0.000000e+00 1.009389e+10 
3468 0.000000e+00 0.000000e+00 1.009997e+10 
3469 0.000000e+00 0.000000e+00 1.019412e+10 
3470 0.000000e+00 0.000000e+00 1.037879e+10 
3471 0.000000e+00 0.000000e+00 1.047940e+10 
3472 0.000000e+00 0.000000e+00 1.059708e+10 
3473 0.000000e+00 0.000000e+00 1.059859e+10 
3474 0.000000e+00 0.000000e+00 1.068011e+10 
3475 0.000000e+00 0.000000e+00 1.067736e+10 
3476 0.000000e+00 0.000000e+00 9.960360e+09 
3477 0.000000e+00 0.000000e+00 9.928007e+09 
3478 0.000000e+00 0.000000e+00 9.926772e+09 
3479 0.000000e+00 0.000000e+00 9.926923e+09 
3480 0.000000e+00 0.000000e+00 9.927447e+09 
3481 0.000000e+00 0.000000e+00 9.926918e+09 
3482 0.000000e+00 0.000000e+00 9.935190e+09 
3483 0.000000e+00 0.000000e+00 1.002561e+10 
3484 0.000000e+00 0.000000e+00 1.041570e+10 
3485 0.000000e+00 0.000000e+00 1.057545e+10 
3486 0.000000e+00 0.000000e+00 1.065541e+10 
3487 0.000000e+00 0.000000e+00 1.067427e+10 
3488 0.000000e+00 0.000000e+00 1.011667e+10 
3489 0.000000e+00 0.000000e+00 1.009115e+10 
3490 0.000000e+00 0.000000e+00 1.022595e+10 
3491 0.000000e+00 0.000000e+00 1.035079e+10 
3492 0.000000e+00 0.000000e+00 1.046091e+10 
3493 0.000000e+00 0.000000e+00 1.055546e+10 
3494 0.000000e+00 0.000000e+00 1.064025e+10 
3495 0.000000e+00 0.000000e+00 1.062890e+10 
3496 0.000000e+00 0.000000e+00 1.005188e+10 
3497 0.000000e+00 0.000000e+00 1.002322e+10 
3498 0.000000e+00 0.000000e+00 1.008954e+10 
3499 0.000000e+00 0.000000e+00 1.024534e+10 
3500 0.000000e+00 0.000000e+00 1.045241e+10 
3501 0.000000e+00 0.000000e+00 1.048699e+10 
3502 0.000000e+00 0.000000e+00 1.059840e+10 
3503 0.000000e+00 0.000000e+00 1.063506e+10 
3504 0.000000e+00 0.000000e+00 1.069344e+10 
3505 0.000000e+00 0.000000e+00 1.008148e+10 
3506 0.000000e+00 0.000000e+00 1.007658e+10 
3507 0.000000e+00 0.000000e+00 1.014950e+10 
3508 0.000000e+00 0.000000e+00 1.036202e+10 
3509 0.000000e+00 0.000000e+00 1.043338e+10 
3510 0.000000e+00 0.000000e+00 1.058162e+10 
3511 0.000000e+00 0.000000e+00 1.057538e+10 
3512 0.000000e+00 0.000000e+00 1.070769e+10 
3513 0.000000e+00 0.000000e+00 1.066600e+10 
3514 0.000000e+00 0.000000e+00 1.013934e+10 
3515 0.000000e+00 0.000000e+00 1.011219e+10 
3516 0.000000e+00 0.000000e+00 1.023761e+10 
3517 0.000000e+00 0.000000e+00 1.040419e+10 
3518 0.000000e+00 0.000000e+00 1.056304e+10 
3519 0.000000e+00 0.000000e+00 1.057142e+10 
3520 0.000000e+00 0.000000e+00 1.068623e+10 
3521 0.000000e+00 0.000000e+00 1.066287e+10 
3522 0.000000e+00 0.000000e+00 1.071679e+10 
3523 0.000000e+00 0.000000e+00 9.964623e+09 
3524 0.000000e+00 0.000000e+00 9.930380e+09 
3525 0.000000e+00 0.000000e+00 9.927650e+09 
3526 0.000000e+00 0.000000e+00 9.926805e+09 
3527 0.000000e+00 0.000000e+00 9.927611e+09 
3528 0.000000e+00 0.000000e+00 9.927126e+09 
3529 0.000000e+00 0.000000e+00 9.947005e+09 
3530 0.000000e+00 0.000000e+00 1.011787e+10 
3531 0.000000e+00 0.000000e+00 1.048759e+10 
3532 0.000000e+00 0.000000e+00 1.061388e+10 
3533 0.000000e+00 0.000000e+00 1.066544e+10 
3534 0.000000e+00 0.000000e+00 1.066872e+10 
3535 0.000000e+00 0.000000e+00 9.965876e+09 
3536 0.000000e+00 0.000000e+00 9.929198e+09 
3537 0.000000e+00 0.000000e+00 9.926936e+09 
3538 0.000000e+00 0.000000e+00 9.927295e+09 
3539 0.000000e+00 0.000000e+00 9.928125e+09 
3540 0.000000e+00 0.000000e+00 9.926696e+09 
3541 0.000000e+00 0.000000e+00 9.931363e+09 
3542 0.000000e+00 0.000000e+00 9.979170e+09 
3543 0.000000e+00 0.000000e+00 1.040992e+10 
3544 0.000000e+00 0.000000e+00 1.060866e+10 
3545 0.000000e+00 0.000000e+00 1.069246e+10 
3546 0.000000e+00 0.000000e+00 1.066113e+10 
3547 0.000000e+00 0.000000e+00 1.008698e+10 
3548 0.000000e+00 0.000000e+00 1.006504e+10 
3549 0.000000e+00 0.000000e+00 1.016933e+10 
3550 0.000000e+00 0.000000e+00 1.033009e+10 
3551 0.000000e+00 0.000000e+00 1.049085e+10 
3552 0.000000e+00 0.000000e+00 1.055540e+10 
3553 0.000000e+00 0.000000e+00 1.062352e+10 
3554 0.000000e+00 0.000000e+00 1.065913e+10 
3555 0.000000e+00 0.000000e+00 1.071032e+10 
3556 0.000000e+00 0.000000e+00 9.975617e+09 
3557 0.000000e+00 0.000000e+00 9.934158e+09 
3558 0.000000e+00 0.000000e+00 9.926886e+09 
3559 0.000000e+00 0.000000e+00 9.927047e+09 
3560 0.000000e+00 0.000000e+00 9.926799e+09 
3561 0.000000e+00 0.000000e+00 9.926942e+09 
3562 0.000000e+00 0.000000e+00 9.929119e+09 
3563 0.000000e+00 0.000000e+00 9.979061e+09 
3564 0.000000e+00 0.000000e+00 1.045378e+10 
3565 0.000000e+00 0.000000e+00 1.056696e+10 
3566 0.000000e+00 0.000000e+00 1.063698e+10 
3567 0.000000e+00 0.000000e+00 1.066298e+10 
3568 0.000000e+00 0.000000e+00 1.068066e+10 
3569 0.000000e+00 0.000000e+00 9.963404e+09 
3570 0.000000e+00 0.000000e+00 9.931881e+09 
3571 0.000000e+00 0.000000e+00 9.926913e+09 
3572 0.000000e+00 0.000000e+00 9.928268e+09 
3573 0.000000e+00 0.000000e+00 9.927752e+09 
3574 0.000000e+00 0.000000e+00 9.941504e+09 
3575 0.000000e+00 0.000000e+00 1.004514e+10 
3576 0.000000e+00 0.000000e+00 1.046119e+10 
3577 0.000000e+00 0.000000e+00 1.052059e+10 
3578 0.000000e+00 0.000000e+00 1.063119e+10 
3579 0.000000e+00 0.000000e+00 1.065662e+10 
3580 0.000000e+00 0.000000e+00 1.071381e+10 
3581 0.000000e+00 0.000000e+00 1.014518e+10 
3582 0.000000e+00 0.000000e+00 1.015775e+10 
3583 0.000000e+00 0.000000e+00 1.027295e+10 
3584 0.000000e+00 0.000000e+00 1.042485e+10 
3585 0.000000e+00 0.000000e+00 1.048406e+10 
3586 0.000000e+00 0.000000e+00 1.059562e+10 
3587 0.000000e+00 0.000000e+00 1.063142e+10 
3588 0.000000e+00 0.000000e+00 1.073606e+10 
3589 0.000000e+00 0.000000e+00 1.047660e+10 
3590 0.000000e+00 0.000000e+00 1.055237e+10 
3591 0.000000e+00 0.000000e+00 1.060525e+10 
3592 0.000000e+00 0.000000e+00 1.068830e+10 
3593 0.000000e+00 0.000000e+00 1.067946e+10 
3594 0.000000e+00 0.000000e+00 9.972547e+09 
3595 0.000000e+00 0.000000e+00 9.930378e+09 
3596 0.000000e+00 0.000000e+00 9.926839e+09 
3597 0.000000e+00 0.000000e+00 9.927233e+09 
3598 0.000000e+00 0.000000e+00 9.926723e+09 
3599 0.000000e+00 0.000000e+00 9.927120e+09 
3600 0.000000e+00 0.000000e+00 9.926573e+09 
3601 0.000000e+00 0.000000e+00 9.932626e+09 
3602 0.000000e+00 0.000000e+00 1.004326e+10 
3603 0.000000e+00 0.000000e+00 1.048163e+10 
3604 0.000000e+00 0.000000e+00 1.061503e+10 
3605 0.000000e+00 0.000000e+00 1.070766e+10 
3606 0.000000e+00 0.000000e+00 1.068000e+10 
3607 0.000000e+00 0.000000e+00 9.956488e+09 
3608 0.000000e+00 0.000000e+00 9.927889e+09 
3609 0.000000e+00 0.000000e+00 9.927322e+09 
3610 0.000000e+00 0.000000e+00 9.927027e+09 
3611 0.000000e+00 0.000000e+00 9.928309e+09 
3612 0.000000e+00 0.000000e+00 9.927355e+09 
3613 0.000000e+00 0.000000e+00 9.955285e+09 
3614 0.000000e+00 0.000000e+00 1.023268e+10 
3615 0.000000e+00 0.000000e+00 1.062447e+10 
3616 0.000000e+00 0.000000e+00 1.058908e+10 
3617 0.000000e+00 0.000000e+00 1.070795e+10 
3618 0.000000e+00 0.000000e+00 1.066789e+10 
3619 0.000000e+00 0.000000e+00 9.966875e+09 
3620 0.000000e+00 0.000000e+00 9.929884e+09 
3621 0.000000e+00 0.000000e+00 9.926807e+09 
3622 0.000000e+00 0.000000e+00 9.926875e+09 
3623 0.000000e+00 0.000000e+00 9.927333e+09 
3624 0.000000e+00 0.000000e+00 9.926845e+09 
3625 0.000000e+00 0.000000e+00 9.928116e+09 
3626 0.000000e+00 0.000000e+00 9.934449e+09 
3627 0.000000e+00 0.000000e+00 1.020004e+10 
3628 0.000000e+00 0.000000e+00 1.057083e+10 
3629 0.000000e+00 0.000000e+00 1.068468e+10 
3630 0.000000e+00 0.000000e+00 1.063254e+10 
3631 0.000000e+00 0.000000e+00 9.978165e+09 
3632 0.000000e+00 0.000000e+00 9.932253e+09 
3633 0.000000e+00 0.000000e+00 9.926616e+09 
3634 0.000000e+00 0.000000e+00 9.926905e+09 
3635 0.000000e+00 0.000000e+00 9.927249e+09 
3636 0.000000e+00 0.000000e+00 9.927065e+09 
3637 0.000000e+00 0.000000e+00 9.927694e+09 
3638 0.000000e+00 0.000000e+00 9.928212e+09 
3639 0.000000e+00 0.000000e+00 9.987051e+09 
3640 0.000000e+00 0.000000e+00 1.032528e+10 
3641 0.000000e+00 0.000000e+00 1.066517e+10 
3642 0.000000e+00 0.000000e+00 1.063007e+10 
3643 0.000000e+00 0.000000e+00 1.072049e+10 
3644 0.000000e+00 0.000000e+00 9.973177e+09 
3645 0.000000e+00 0.000000e+00 9.931457e+09 
3646 0.000000e+00 0.000000e+00 9.927431e+09 
3647 0.000000e+00 0.000000e+00 9.927451e+09 
3648 0.000000e+00 0.000000e+00 9.926752e+09 
3649 0.000000e+00 0.000000e+00 9.928691e+09 
3650 0.000000e+00 0.000000e+00 9.930434e+09 
3651 0.000000e+00 0.000000e+00 1.000212e+10 
3652 0.000000e+00 0.000000e+00 1.033645e+10 
3653 0.000000e+00 0.000000e+00 1.060673e+10 
3654 0.000000e+00 0.000000e+00 1.067679e+10 
3655 0.000000e+00 0.000000e+00 1.073035e+10 
3656 0.000000e+00 0.000000e+00 1.008056e+10 
3657 0.000000e+00 0.000000e+00 1.008175e+10 
3658 0.000000e+00 0.000000e+00 1.017321e+10 
3659 0.000000e+00 0.000000e+00 1.035468e+10 
3660 0.000000e+00 0.000000e+00 1.044628e+10 
3661 0.000000e+00 0.000000e+00 1.058407e+10 
3662 0.000000e+00 0.000000e+00 1.059055e+10 
3663 0.000000e+00 0.000000e+00 1.067675e+10 
3664 0.000000e+00 0.000000e+00 1.066290e+10 
3665 0.000000e+00 0.000000e+00 9.960705e+09 
3666 0.000000e+00 0.000000e+00 9.928217e+09 
3667 0.000000e+00 0.000000e+00 9.926668e+09 
3668 0.000000e+00 0.000000e+00 9.926862e+09 
3669 0.000000e+00 0.000000e+00 9.926689e+09 
3670 0.000000e+00 0.000000e+00 9.928502e+09 
3671 0.000000e+00 0.000000e+00 9.932346e+09 
3672 0.000000e+00 0.000000e+00 1.008265e+10 
3673 0.000000e+00 0.000000e+00 1.026425e+10 
3674 0.000000e+00 0.000000e+00 1.057374e+10 
3675 0.000000e+00 0.000000e+00 1.063162e+10 
3676 0.000000e+00 0.000000e+00 1.068733e+10 
3677 0.000000e+00 0.000000e+00 1.009017e+10 
3678 0.000000e+00 0.000000e+00 1.008543e+10 
3679 0.000000e+00 0.000000e+00 1.016300e+10 
3680 0.000000e+00 0.000000e+00 1.037412e+10 
3681 0.000000e+00 0.000000e+00 1.047585e+10 
3682 0.000000e+00 0.000000e+00 1.055461e+10 
3683 0.000000e+00 0.000000e+00 1.061520e+10 
3684 0.000000e+00 0.000000e+00 1.069728e+10 
3685 0.000000e+00 0.000000e+00 1.066090e+10 
3686 0.000000e+00 0.000000e+00 9.959890e+09 
3687 0.000000e+00 0.000000e+00 9.928870e+09 
3688 0.000000e+00 0.000000e+00 9.928124e+09 
3689 0.000000e+00 0.000000e+00 9.927026e+09 
3690 0.000000e+00 0.000000e+00 9.929592e+09 
3691 0.000000e+00 0.000000e+00 9.927808e+09 
3692 0.000000e+00 0.000000e+00 9.960505e+09 
3693 0.000000e+00 0.000000e+00 1.018465e+10 
3694 0.000000e+00 0.000000e+00 1.060092e+10 
3695 0.000000e+00 0.000000e+00 1.057609e+10 
3696 0.000000e+00 0.000000e+00 1.071245e+10 
3697 0.000000e+00 0.000000e+00 1.064052e+10 
3698 0.000000e+00 0.000000e+00 1.011259e+10 
3699 0.000000e+00 0.000000e+00 1.008080e+10 
3700 0.000000e+00 0.000000e+00 1.019784e+10 
3701 0.000000e+00 0.000000e+00 1.033864e+10 
3702 0.000000e+00 0.000000e+00 1.051437e+10 
3703 0.000000e+00 0.000000e+00 1.051552e+10 
3704 0.000000e+00 0.000000e+00 1.068229e+10 
3705 0.000000e+00 0.000000e+00 1.064860e+10 
3706 0.000000e+00 0.000000e+00 1.072269e+10 
3707 0.000000e+00 0.000000e+00 1.013536e+10 
3708 0.000000e+00 0.000000e+00 1.014875e+10 
3709 0.000000e+00 0.000000e+00 1.027464e+10 
3710 0.000000e+00 0.000000e+00 1.044242e+10 
3711 0.000000e+00 0.000000e+00 1.052383e+10 
3712 0.000000e+00 0.000000e+00 1.062874e+10 
3713 0.000000e+00 0.000000e+00 1.061630e+10 
3714 0.000000e+00 0.000000e+00 1.072660e+10 
3715 0.000000e+00 0.000000e+00 1.045898e+10 
3716 0.000000e+00 0.000000e+00 1.057780e+10 
3717 0.000000e+00 0.000000e+00 1.060928e+10 
3718 0.000000e+00 0.000000e+00 1.068074e+10 
3719 0.000000e+00 0.000000e+00 1.068717e+10 
3720 0.000000e+00 0.000000e+00 1.011583e+10 
3721 0.000000e+00 0.000000e+00 1.006984e+10 
3722 0.000000e+00 0.000000e+00 1.020038e+10 
3723 0.000000e+00 0.000000e+00 1.033335e+10 
3724 0.000000e+00 0.000000e+00 1.050271e+10 
3725 0.000000e+00 0.000000e+00 1.051642e+10 
3726 0.000000e+00 0.000000e+00 1.062948e+10 
3727 0.000000e+00 0.000000e+00 1.066428e+10 
3728 0.000000e+00 0.000000e+00 1.049377e+10 
3729 0.000000e+00 0.000000e+00 1.049288e+10 
3730 0.000000e+00 0.000000e+00 1.059860e+10 
3731 0.000000e+00 0.000000e+00 1.064633e+10 
3732 0.000000e+00 0.000000e+00 1.069749e+10 
3733 0.000000e+00 0.000000e+00 1.066036e+10 
3734 0.000000e+00 0.000000e+00 9.957912e+09 
3735 0.000000e+00 0.000000e+00 9.928200e+09 
3736 0.000000e+00 0.000000e+00 9.926776e+09 
3737 0.000000e+00 0.000000e+00 9.927122e+09 
3738 0.000000e+00 0.000000e+00 9.926733e+09 
3739 0.000000e+00 0.000000e+00 9.927333e+09 
3740 0.000000e+00 0.000000e+00 9.927095e+09 
3741 0.000000e+00 0.000000e+00 9.975839e+09 
3742 0.000000e+00 0.000000e+00 1.026229e+10 
3743 0.000000e+00 0.000000e+00 1.059668e+10 
3744 0.000000e+00 0.000000e+00 1.066434e+10 
3745 0.000000e+00 0.000000e+00 1.072593e+10 
3746 0.000000e+00 0.000000e+00 1.010996e+10 
3747 0.000000e+00 0.000000e+00 1.009839e+10 
3748 0.000000e+00 0.000000e+00 1.020651e+10 
3749 0.000000e+00 0.000000e+00 1.038755e+10 
3750 0.000000e+00 0.000000e+00 1.045465e+10 
3751 0.000000e+00 0.000000e+00 1.058244e+10 
3752 0.000000e+00 0.000000e+00 1.062011e+10 
3753 0.000000e+00 0.000000e+00 1.071675e+10 
3754 0.000000e+00 0.000000e+00 1.067519e+10 
3755 0.000000e+00 0.000000e+00 9.958290e+09 
3756 0.000000e+00 0.000000e+00 9.928261e+09 
3757 0.000000e+00 0.000000e+00 9.926948e+09 
3758 0.000000e+00 0.000000e+00 9.927135e+09 
3759 0.000000e+00 0.000000e+00 9.927376e+09 
3760 0.000000e+00 0.000000e+00 9.926819e+09 
3761 0.000000e+00 0.000000e+00 9.931247e+09 
3762 0.000000e+00 0.000000e+00 1.001915e+10 
3763 0.000000e+00 0.000000e+00 1.044715e+10 
3764 0.000000e+00 0.000000e+00 1.061190e+10 
3765 0.000000e+00 0.000000e+00 1.070236e+10 
3766 0.000000e+00 0.000000e+00 1.067491e+10 
3767 0.000000e+00 0.000000e+00 1.053055e+10 
3768 0.000000e+00 0.000000e+00 1.055182e+10 
3769 0.000000e+00 0.000000e+00 1.065471e+10 
3770 0.000000e+00 0.000000e+00 1.065417e+10 
3771 0.000000e+00 0.000000e+00 1.070614e+10 
3772 0.000000e+00 0.000000e+00 9.973429e+09 
3773 0.000000e+00 0.000000e+00 9.933349e+09 
3774 0.000000e+00 0.000000e+00 9.927005e+09 
3775 0.000000e+00 0.000000e+00 9.927047e+09 
3776 0.000000e+00 0.000000e+00 9.926973e+09 
3777 0.000000e+00 0.000000e+00 9.927219e+09 
3778 0.000000e+00 0.000000e+00 9.928388e+09 
3779 0.000000e+00 0.000000e+00 9.989966e+09 
3780 0.000000e+00 0.000000e+00 1.030303e+10 
3781 0.000000e+00 0.000000e+00 1.057335e+10 
3782 0.000000e+00 0.000000e+00 1.064165e+10 
3783 0.000000e+00 0.000000e+00 1.070947e+10 
3784 0.000000e+00 0.000000e+00 1.067903e+10 
3785 0.000000e+00 0.000000e+00 9.955762e+09 
3786 0.000000e+00 0.000000e+00 9.927938e+09 
3787 0.000000e+00 0.000000e+00 9.927565e+09 
3788 0.000000e+00 0.000000e+00 9.928705e+09 
3789 0.000000e+00 0.000000e+00 9.926850e+09 
3790 0.000000e+00 0.000000e+00 9.940856e+09 
3791 0.000000e+00 0.000000e+00 1.002166e+10 
3792 0.000000e+00 0.000000e+00 1.032557e+10 
3793 0.000000e+00 0.000000e+00 1.052494e+10 
3794 0.000000e+00 0.000000e+00 1.067179e+10 
3795 0.000000e+00 0.000000e+00 1.064183e+10 
3796 0.000000e+00 0.000000e+00 9.990356e+09 
3797 0.000000e+00 0.000000e+00 9.940154e+09 
3798 0.000000e+00 0.000000e+00 9.927030e+09 
3799 0.000000e+00 0.000000e+00 9.926900e+09 
3800 0.000000e+00 0.000000e+00 9.928138e+09 
3801 0.000000e+00 0.000000e+00 9.927399e+09 
3802 0.000000e+00 0.000000e+00 9.926976e+09 
3803 0.000000e+00 0.000000e+00 9.942981e+09 
3804 0.000000e+00 0.000000e+00 1.009460e+10 
3805 0.000000e+00 0.000000e+00 1.043333e+10 
3806 0.000000e+00 0.000000e+00 1.057756e+10 
3807 0.000000e+00 0.000000e+00 1.068977e+10 
3808 0.000000e+00 0.000000e+00 1.066921e+10 
3809 0.000000e+00 0.000000e+00 9.966894e+09 
3810 0.000000e+00 0.000000e+00 9.930205e+09 
3811 0.000000e+00 0.000000e+00 9.926742e+09 
3812 0.000000e+00 0.000000e+00 9.926959e+09 
3813 0.000000e+00 0.000000e+00 9.926792e+09 
3814 0.000000e+00 0.000000e+00 9.927394e+09 
3815 0.000000e+00 0.000000e+00 9.926758e+09 
3816 0.000000e+00 0.000000e+00 9.952771e+09 
3817 0.000000e+00 0.000000e+00 1.019174e+10 
3818 0.000000e+00 0.000000e+00 1.064434e+10 
3819 0.000000e+00 0.000000e+00 1.061973e+10 
3820 0.000000e+00 0.000000e+00 1.071169e+10 
3821 0.000000e+00 0.000000e+00 9.996950e+09 
3822 0.000000e+00 0.000000e+00 9.939548e+09 
3823 0.000000e+00 0.000000e+00 9.927171e+09 
3824 0.000000e+00 0.000000e+00 9.926669e+09 
3825 0.000000e+00 0.000000e+00 9.926839e+09 
3826 0.000000e+00 0.000000e+00 9.926794e+09 
3827 0.000000e+00 0.000000e+00 9.927195e+09 
3828 0.000000e+00 0.000000e+00 9.931642e+09 
3829 0.000000e+00 0.000000e+00 1.007972e+10 
3830 0.000000e+00 0.000000e+00 1.047564e+10 
3831 0.000000e+00 0.000000e+00 1.062221e+10 
3832 0.000000e+00 0.000000e+00 1.067461e+10 
3833 0.000000e+00 0.000000e+00 1.046598e+10 
3834 0.000000e+00 0.000000e+00 1.047123e+10 
3835 0.000000e+00 0.000000e+00 1.058058e+10 
3836 0.000000e+00 0.000000e+00 1.065257e+10 
3837 0.000000e+00 0.000000e+00 1.066178e+10 
3838 0.000000e+00 0.000000e+00 1.070792e+10 
3839 0.000000e+00 0.000000e+00 9.959287e+09 
3840 0.000000e+00 0.000000e+00 9.928296e+09 
3841 0.000000e+00 0.000000e+00 9.927205e+09 
3842 0.000000e+00 0.000000e+00 9.927113e+09 
3843 0.000000e+00 0.000000e+00 9.927272e+09 
3844 0.000000e+00 0.000000e+00 9.927393e+09 
3845 0.000000e+00 0.000000e+00 9.929105e+09 
3846 0.000000e+00 0.000000e+00 9.987745e+09 
3847 0.000000e+00 0.000000e+00 1.038265e+10 
3848 0.000000e+00 0.000000e+00 1.067310e+10 
3849 0.000000e+00 0.000000e+00 1.062944e+10 
3850 0.000000e+00 0.000000e+00 1.072572e+10 
3851 0.000000e+00 0.000000e+00 1.051451e+10 
3852 0.000000e+00 0.000000e+00 1.056283e+10 
3853 0.000000e+00 0.000000e+00 1.062599e+10 
3854 0.000000e+00 0.000000e+00 1.069429e+10 
3855 0.000000e+00 0.000000e+00 1.064377e+10 
3856 0.000000e+00 0.000000e+00 9.962393e+09 
3857 0.000000e+00 0.000000e+00 9.928907e+09 
3858 0.000000e+00 0.000000e+00 9.926978e+09 
3859 0.000000e+00 0.000000e+00 9.927016e+09 
3860 0.000000e+00 0.000000e+00 9.927188e+09 
3861 0.000000e+00 0.000000e+00 9.927243e+09 
3862 0.000000e+00 0.000000e+00 9.927229e+09 
3863 0.000000e+00 0.000000e+00 9.939571e+09 
3864 0.000000e+00 0.000000e+00 1.022232e+10 
3865 0.000000e+00 0.000000e+00 1.059614e+10 
3866 0.000000e+00 0.000000e+00 1.064116e+10 
3867 0.000000e+00 0.000000e+00 1.070270e+10 
3868 0.000000e+00 0.000000e+00 1.007641e+10 
3869 0.000000e+00 0.000000e+00 1.007197e+10 
3870 0.000000e+00 0.000000e+00 1.017384e+10 
3871 0.000000e+00 0.000000e+00 1.034989e+10 
3872 0.000000e+00 0.000000e+00 1.045321e+10 
3873 0.000000e+00 0.000000e+00 1.056339e+10 
3874 0.000000e+00 0.000000e+00 1.059663e+10 
3875 0.000000e+00 0.000000e+00 1.067383e+10 
3876 0.000000e+00 0.000000e+00 1.070360e+10 
3877 0.000000e+00 0.000000e+00 9.973759e+09 
3878 0.000000e+00 0.000000e+00 9.933189e+09 
3879 0.000000e+00 0.000000e+00 9.929109e+09 
3880 0.000000e+00 0.000000e+00 9.927029e+09 
3881 0.000000e+00 0.000000e+00 9.928079e+09 
3882 0.000000e+00 0.000000e+00 9.927272e+09 
3883 0.000000e+00 0.000000e+00 9.942228e+09 
3884 0.000000e+00 0.000000e+00 1.007588e+10 
3885 0.000000e+00 0.000000e+00 1.046989e+10 
3886 0.000000e+00 0.000000e+00 1.062009e+10 
3887 0.000000e+00 0.000000e+00 1.067047e+10 
3888 0.000000e+00 0.000000e+00 1.067654e+10 
3889 0.000000e+00 0.000000e+00 1.072087e+10 
3890 0.000000e+00 0.000000e+00 9.961229e+09 
3891 0.000000e+00 0.000000e+00 9.931696e+09 
3892 0.000000e+00 0.000000e+00 9.927455e+09 
3893 0.000000e+00 0.000000e+00 9.930048e+09 
3894 0.000000e+00 0.000000e+00 9.931734e+09 
3895 0.000000e+00 0.000000e+00 9.942502e+09 
3896 0.000000e+00 0.000000e+00 1.003003e+10 
3897 0.000000e+00 0.000000e+00 1.033034e+10 
3898 0.000000e+00 0.000000e+00 1.052843e+10 
3899 0.000000e+00 0.000000e+00 1.065423e+10 
3900 0.000000e+00 0.000000e+00 1.066118e+10 
3901 0.000000e+00 0.000000e+00 1.046243e+10 
3902 0.000000e+00 0.000000e+00 1.049334e+10 
3903 0.000000e+00 0.000000e+00 1.060918e+10 
3904 0.000000e+00 0.000000e+00 1.062471e+10 
3905 0.000000e+00 0.000000e+00 1.069685e+10 
3906 0.000000e+00 0.000000e+00 1.068173e+10 
3907 0.000000e+00 0.000000e+00 9.956439e+09 
3908 0.000000e+00 0.000000e+00 9.927223e+09 
3909 0.000000e+00 0.000000e+00 9.927926e+09 
3910 0.000000e+00 0.000000e+00 9.926844e+09 
3911 0.000000e+00 0.000000e+00 9.930150e+09 
3912 0.000000e+00 0.000000e+00 9.931699e+09 
3913 0.000000e+00 0.000000e+00 1.004340e+10 
3914 0.000000e+00 0.000000e+00 1.041350e+10 
3915 0.000000e+00 0.000000e+00 1.058036e+10 
3916 0.000000e+00 0.000000e+00 1.062952e+10 
3917 0.000000e+00 0.000000e+00 1.072244e+10 
3918 0.000000e+00 0.000000e+00 1.066562e+10 
3919 0.000000e+00 0.000000e+00 1.013385e+10 
3920 0.000000e+00 0.000000e+00 1.010933e+10 
3921 0.000000e+00 0.000000e+00 1.027954e+10 
3922 0.000000e+00 0.000000e+00 1.037598e+10 
3923 0.000000e+00 0.000000e+00 1.051132e+10 
3924 0.000000e+00 0.000000e+00 1.054993e+10 
3925 0.000000e+00 0.000000e+00 1.067444e+10 
3926 0.000000e+00 0.000000e+00 1.066191e+10 
3927 0.000000e+00 0.000000e+00 1.076056e+10 
3928 0.000000e+00 0.000000e+00 9.967018e+09 
3929 0.000000e+00 0.000000e+00 9.930578e+09 
3930 0.000000e+00 0.000000e+00 9.927191e+09 
3931 0.000000e+00 0.000000e+00 9.927458e+09 
3932 0.000000e+00 0.000000e+00 9.926889e+09 
3933 0.000000e+00 0.000000e+00 9.928693e+09 
3934 0.000000e+00 0.000000e+00 9.933879e+09 
3935 0.000000e+00 0.000000e+00 1.013315e+10 
3936 0.000000e+00 0.000000e+00 1.048938e+10 
3937 0.000000e+00 0.000000e+00 1.065740e+10 
3938 0.000000e+00 0.000000e+00 1.065715e+10 
3939 0.000000e+00 0.000000e+00 1.069872e+10 
3940 0.000000e+00 0.000000e+00 9.980219e+09 
3941 0.000000e+00 0.000000e+00 9.932668e+09 
3942 0.000000e+00 0.000000e+00 9.926913e+09 
3943 0.000000e+00 0.000000e+00 9.927253e+09 
3944 0.000000e+00 0.000000e+00 9.926678e+09 
3945 0.000000e+00 0.000000e+00 9.928655e+09 
3946 0.000000e+00 0.000000e+00 9.937224e+09 
3947 0.000000e+00 0.000000e+00 1.011098e+10 
3948 0.000000e+00 0.000000e+00 1.046549e+10 
3949 0.000000e+00 0.000000e+00 1.060180e+10 
3950 0.000000e+00 0.000000e+00 1.062392e+10 
3951 0.000000e+00 0.000000e+00 1.074037e+10 
3952 0.000000e+00 0.000000e+00 9.993083e+09 
3953 0.000000e+00 0.000000e+00 9.943222e+09 
3954 0.000000e+00 0.000000e+00 9.927253e+09 
3955 0.000000e+00 0.000000e+00 9.927833e+09 
3956 0.000000e+00 0.000000e+00 9.927095e+09 
3957 0.000000e+00 0.000000e+00 9.928074e+09 
3958 0.000000e+00 0.000000e+00 9.927635e+09 
3959 0.000000e+00 0.000000e+00 9.979627e+09 
3960 0.000000e+00 0.000000e+00 1.028764e+10 
3961 0.000000e+00 0.000000e+00 1.062248e+10 
3962 0.000000e+00 0.000000e+00 1.059259e+10 
3963 0.000000e+00 0.000000e+00 1.069296e+10 
3964 0.000000e+00 0.000000e+00 1.000684e+10 
3965 0.000000e+00 0.000000e+00 9.943395e+09 
3966 0.000000e+00 0.000000e+00 9.928501e+09 
3967 0.000000e+00 0.000000e+00 9.926808e+09 
3968 0.000000e+00 0.000000e+00 9.927151e+09 
3969 0.000000e+00 0.000000e+00 9.927353e+09 
3970 0.000000e+00 0.000000e+00 9.926841e+09 
3971 0.000000e+00 0.000000e+00 9.933701e+09 
3972 0.000000e+00 0.000000e+00 1.002343e+10 
3973 0.000000e+00 0.000000e+00 1.049011e+10 
3974 0.000000e+00 0.000000e+00 1.058923e+10 
3975 0.000000e+00 0.000000e+00 1.068090e+10 
3976 0.000000e+00 0.000000e+00 1.064678e+10 
3977 0.000000e+00 0.000000e+00 1.052795e+10 
3978 0.000000e+00 0.000000e+00 1.052220e+10 
3979 0.000000e+00 0.000000e+00 1.065485e+10 
3980 0.000000e+00 0.000000e+00 1.062988e+10 
3981 0.000000e+00 0.000000e+00 1.074916e+10 
3982 0.000000e+00 0.000000e+00 9.977253e+09 
3983 0.000000e+00 0.000000e+00 9.934872e+09 
3984 0.000000e+00 0.000000e+00 9.927836e+09 
3985 0.000000e+00 0.000000e+00 9.926856e+09 
3986 0.000000e+00 0.000000e+00 9.927326e+09 
3987 0.000000e+00 0.000000e+00 9.926900e+09 
3988 0.000000e+00 0.000000e+00 9.930844e+09 
3989 0.000000e+00 0.000000e+00 9.967742e+09 
3990 0.000000e+00 0.000000e+00 1.022336e+10 
3991 0.000000e+00 0.000000e+00 1.053647e+10 
3992 0.000000e+00 0.000000e+00 1.063963e+10 
3993 0.000000e+00 0.000000e+00 1.066351e+10 
3994 0.000000e+00 0.000000e+00 1.049244e+10 
3995 0.000000e+00 0.000000e+00 1.054463e+10 
3996 0.000000e+00 0.000000e+00 1.059059e+10 
3997 0.000000e+00 0.000000e+00 1.065060e+10 
3998 0.000000e+00 0.000000e+00 1.069110e+10 
3999 0.000000e+00 0.000000e+00 9.979244e+09 
4000 0.000000e+00 0.000000e+00 9.936231e+09 
4001 0.000000e+00 0.000000e+00 9.928175e+09 
4002 0.000000e+00 0.000000e+00 9.927813e+09 
4003 0.000000e+00 0.000000e+00 9.927169e+09 
4004 0.000000e+00 0.000000e+00 9.928843e+09 
4005 0.000000e+00 0.000000e+00 9.928325e+09 
4006 0.000000e+00 0.000000e+00 1.000951e+10 
4007 0.000000e+00 0.000000e+00 1.031726e+10 
4008 0.000000e+00 0.000000e+00 1.061264e+10 
4009 0.000000e+00 0.000000e+00 1.064644e+10 
4010 0.000000e+00 0.000000e+00 1.068206e+10 
4011 0.000000e+00 0.000000e+00 1.069296e+10 
4012 0.000000e+00 0.000000e+00 9.961139e+09 
4013 0.000000e+00 0.000000e+00 9.928252e+09 
4014 0.000000e+00 0.000000e+00 9.927101e+09 
4015 0.000000e+00 0.000000e+00 9.927124e+09 
4016 0.000000e+00 0.000000e+00 9.927153e+09 
4017 0.000000e+00 0.000000e+00 9.927954e+09 
4018 0.000000e+00 0.000000e+00 9.935783e+09 
4019 0.000000e+00 0.000000e+00 1.003936e+10 
4020 0.000000e+00 0.000000e+00 1.035902e+10 
4021 0.000000e+00 0.000000e+00 1.061210e+10 
4022 0.000000e+00 0.000000e+00 1.066173e+10 
4023 0.000000e+00 0.000000e+00 1.067123e+10 
4024 0.000000e+00 0.000000e+00 9.966414e+09 
4025 0.000000e+00 0.000000e+00 9.928892e+09 
4026 0.000000e+00 0.000000e+00 9.926966e+09 
4027 0.000000e+00 0.000000e+00 9.927069e+09 
4028 0.000000e+00 0.000000e+00 9.926843e+09 
4029 0.000000e+00 0.000000e+00 9.927784e+09 
4030 0.000000e+00 0.000000e+00 9.930581e+09 
4031 0.000000e+00 0.000000e+00 1.001239e+10 
4032 0.000000e+00 0.000000e+00 1.026886e+10 
4033 0.000000e+00 0.000000e+00 1.059556e+10 
4034 0.000000e+00 0.000000e+00 1.063753e+10 
4035 0.000000e+00 0.000000e+00 1.067764e+10 
4036 0.000000e+00 0.000000e+00 1.007018e+10 
4037 0.000000e+00 0.000000e+00 1.006254e+10 
4038 0.000000e+00 0.000000e+00 1.015204e+10 
4039 0.000000e+00 0.000000e+00 1.031697e+10 
4040 0.000000e+00 0.000000e+00 1.047861e+10 
4041 0.000000e+00 0.000000e+00 1.057798e+10 
4042 0.000000e+00 0.000000e+00 1.058974e+10 
4043 0.000000e+00 0.000000e+00 1.067684e+10 
4044 0.000000e+00 0.000000e+00 1.041889e+10 
4045 0.000000e+00 0.000000e+00 1.047776e+10 
4046 0.000000e+00 0.000000e+00 1.057359e+10 
4047 0.000000e+00 0.000000e+00 1.064543e+10 
4048 0.000000e+00 0.000000e+00 1.066832e+10 
4049 0.000000e+00 0.000000e+00 1.074278e+10 
4050 0.000000e+00 0.000000e+00 9.971849e+09 
4051 0.000000e+00 0.000000e+00 9.931256e+09 
4052 0.000000e+00 0.000000e+00 9.927018e+09 
4053 0.000000e+00 0.000000e+00 9.927242e+09 
4054 0.000000e+00 0.000000e+00 9.926826e+09 
4055 0.000000e+00 0.000000e+00 9.927318e+09 
4056 0.000000e+00 0.000000e+00 9.929525e+09 
4057 0.000000e+00 0.000000e+00 1.000890e+10 
4058 0.000000e+00 0.000000e+00 1.042581e+10 
4059 0.000000e+00 0.000000e+00 1.060281e+10 
4060 0.000000e+00 0.000000e+00 1.062708e+10 
4061 0.000000e+00 0.000000e+00 1.067672e+10 
4062 0.000000e+00 0.000000e+00 1.010896e+10 
4063 0.000000e+00 0.000000e+00 1.009008e+10 
4064 0.000000e+00 0.000000e+00 1.018912e+10 
4065 0.000000e+00 0.000000e+00 1.033849e+10 
4066 0.000000e+00 0.000000e+00 1.046026e+10 
4067 0.000000e+00 0.000000e+00 1.055767e+10 
4068 0.000000e+00 0.000000e+00 1.061962e+10 
4069 0.000000e+00 0.000000e+00 1.067781e+10 
4070 0.000000e+00 0.000000e+00 1.068525e+10 
4071 0.000000e+00 0.000000e+00 9.960372e+09 
4072 0.000000e+00 0.000000e+00 9.928169e+09 
4073 0.000000e+00 0.000000e+00 9.926881e+09 
4074 0.000000e+00 0.000000e+00 9.926870e+09 
4075 0.000000e+00 0.000000e+00 9.927649e+09 
4076 0.000000e+00 0.000000e+00 9.926762e+09 
4077 0.000000e+00 0.000000e+00 9.929768e+09 
4078 0.000000e+00 0.000000e+00 9.960113e+09 
4079 0.000000e+00 0.000000e+00 1.034912e+10 
4080 0.000000e+00 0.000000e+00 1.055507e+10 
4081 0.000000e+00 0.000000e+00 1.071951e+10 
4082 0.000000e+00 0.000000e+00 1.066534e+10 
4083 0.000000e+00 0.000000e+00 1.012091e+10 
4084 0.000000e+00 0.000000e+00 1.007201e+10 
4085 0.000000e+00 0.000000e+00 1.020299e+10 
4086 0.000000e+00 0.000000e+00 1.033435e+10 
4087 0.000000e+00 0.000000e+00 1.049873e+10 
4088 0.000000e+00 0.000000e+00 1.054843e+10 
4089 0.000000e+00 0.000000e+00 1.065987e+10 
4090 0.000000e+00 0.000000e+00 1.065038e+10 
4091 0.000000e+00 0.000000e+00 1.048045e+10 
4092 0.000000e+00 0.000000e+00 1.047669e+10 
4093 0.000000e+00 0.000000e+00 1.063698e+10 
4094 0.000000e+00 0.000000e+00 1.062187e+10 
4095 0.000000e+00 0.000000e+00 1.069199e+10 
4096 0.000000e+00 0.000000e+00 1.069939e+10 
4097 0.000000e+00 0.000000e+00 9.961534e+09 
4098 0.000000e+00 0.000000e+00 9.928570e+09 
4099 0.000000e+00 0.000000e+00 9.928829e+09 
4100 0.000000e+00 0.000000e+00 9.927177e+09 
4101 0.000000e+00 0.000000e+00 9.927264e+09 
4102 0.000000e+00 0.000000e+00 9.929746e+09 
4103 0.000000e+00 0.000000e+00 9.959333e+09 
4104 0.000000e+00 0.000000e+00 1.023157e+10 
4105 0.000000e+00 0.000000e+00 1.054872e+10 
4106 0.000000e+00 0.000000e+00 1.061928e+10 
4107 0.000000e+00 0.000000e+00 1.065897e+10 
4108 0.000000e+00 0.000000e+00 1.069940e+10 
4109 0.000000e+00 0.000000e+00 1.010936e+10 
4110 0.000000e+00 0.000000e+00 1.012733e+10 
4111 0.000000e+00 0.000000e+00 1.022581e+10 
4112 0.000000e+00 0.000000e+00 1.039115e+10 
4113 0.000000e+00 0.000000e+00 1.046779e+10 
4114 0.000000e+00 0.000000e+00 1.057648e+10 
4115 0.000000e+00 0.000000e+00 1.061717e+10 
4116 0.000000e+00 0.000000e+00 1.067913e+10 
4117 0.000000e+00 0.000000e+00 1.066930e+10 
4118 0.000000e+00 0.000000e+00 9.956657e+09 
4119 0.000000e+00 0.000000e+00 9.928895e+09 
4120 0.000000e+00 0.000000e+00 9.927437e+09 
4121 0.000000e+00 0.000000e+00 9.927842e+09 
4122 0.000000e+00 0.000000e+00 9.928058e+09 
4123 0.000000e+00 0.000000e+00 9.934665e+09 
4124 0.000000e+00 0.000000e+00 9.978862e+09 
4125 0.000000e+00 0.000000e+00 1.010480e+10 
4126 0.000000e+00 0.000000e+00 1.034876e+10 
4127 0.000000e+00 0.000000e+00 1.062650e+10 
4128 0.000000e+00 0.000000e+00 1.066563e+10 
4129 0.000000e+00 0.000000e+00 1.069479e+10 
4130 0.000000e+00 0.000000e+00 9.967723e+09 
4131 0.000000e+00 0.000000e+00 9.929140e+09 
4132 0.000000e+00 0.000000e+00 9.926950e+09 
4133 0.000000e+00 0.000000e+00 9.926897e+09 
4134 0.000000e+00 0.000000e+00 9.927509e+09 
4135 0.000000e+00 0.000000e+00 9.926803e+09 
4136 0.000000e+00 0.000000e+00 9.936912e+09 
4137 0.000000e+00 0.000000e+00 1.004171e+10 
4138 0.000000e+00 0.000000e+00 1.048926e+10 
4139 0.000000e+00 0.000000e+00 1.054597e+10 
4140 0.000000e+00 0.000000e+00 1.070943e+10 
4141 0.000000e+00 0.000000e+00 1.065081e+10 
4142 0.000000e+00 0.000000e+00 1.009288e+10 
4143 0.000000e+00 0.000000e+00 1.004776e+10 
4144 0.000000e+00 0.000000e+00 1.016865e+10 
4145 0.000000e+00 0.000000e+00 1.032626e+10 
4146 0.000000e+00 0.000000e+00 1.047040e+10 
4147 0.000000e+00 0.000000e+00 1.051134e+10 
4148 0.000000e+00 0.000000e+00 1.065244e+10 
4149 0.000000e+00 0.000000e+00 1.062114e+10 
4150 0.000000e+00 0.000000e+00 1.072586e+10 
4151 0.000000e+00 0.000000e+00 9.978224e+09 
4152 0.000000e+00 0.000000e+00 9.933784e+09 
4153 0.000000e+00 0.000000e+00 9.927381e+09 
4154 0.000000e+00 0.000000e+00 9.927194e+09 
4155 0.000000e+00 0.000000e+00 9.926819e+09 
4156 0.000000e+00 0.000000e+00 9.927268e+09 
4157 0.000000e+00 0.000000e+00 9.927547e+09 
4158 0.000000e+00 0.000000e+00 9.952080e+09 
4159 0.000000e+00 0.000000e+00 1.022984e+10 
4160 0.000000e+00 0.000000e+00 1.059780e+10 
4161 0.000000e+00 0.000000e+00 1.064059e+10 
4162 0.000000e+00 0.000000e+00 1.064736e+10 
4163 0.000000e+00 0.000000e+00 1.069669e+10 
4164 0.000000e+00 0.000000e+00 9.963279e+09 
4165 0.000000e+00 0.000000e+00 9.930371e+09 
4166 0.000000e+00 0.000000e+00 9.927437e+09 
4167 0.000000e+00 0.000000e+00 9.927512e+09 
4168 0.000000e+00 0.000000e+00 9.928150e+09 
4169 0.000000e+00 0.000000e+00 9.940135e+09 
4170 0.000000e+00 0.000000e+00 1.002664e+10 
4171 0.000000e+00 0.000000e+00 1.042414e+10 
4172 0.000000e+00 0.000000e+00 1.053377e+10 
4173 0.000000e+00 0.000000e+00 1.062736e+10 
4174 0.000000e+00 0.000000e+00 1.066673e+10 
4175 0.000000e+00 0.000000e+00 1.070860e+10 
4176 0.000000e+00 0.000000e+00 1.013442e+10 
4177 0.000000e+00 0.000000e+00 1.016383e+10 
4178 0.000000e+00 0.000000e+00 1.024356e+10 
4179 0.000000e+00 0.000000e+00 1.038793e+10 
4180 0.000000e+00 0.000000e+00 1.049538e+10 
4181 0.000000e+00 0.000000e+00 1.063313e+10 
4182 0.000000e+00 0.000000e+00 1.063576e+10 
4183 0.000000e+00 0.000000e+00 1.068565e+10 
4184 0.000000e+00 0.000000e+00 1.008686e+10 
4185 0.000000e+00 0.000000e+00 1.004922e+10 
4186 0.000000e+00 0.000000e+00 1.011536e+10 
4187 0.000000e+00 0.000000e+00 1.034216e+10 
4188 0.000000e+00 0.000000e+00 1.041830e+10 
4189 0.000000e+00 0.000000e+00 1.056302e+10 
4190 0.000000e+00 0.000000e+00 1.060231e+10 
4191 0.000000e+00 0.000000e+00 1.066380e+10 
4192 0.000000e+00 0.000000e+00 1.065657e+10 
4193 0.000000e+00 0.000000e+00 1.012203e+10 
4194 0.000000e+00 0.000000e+00 1.009322e+10 
4195 0.000000e+00 0.000000e+00 1.023533e+10 
4196 0.000000e+00 0.000000e+00 1.037577e+10 
4197 0.000000e+00 0.000000e+00 1.050796e+10 
4198 0.000000e+00 0.000000e+00 1.055576e+10 
4199 0.000000e+00 0.000000e+00 1.063777e+10 
4200 0.000000e+00 0.000000e+00 1.065099e+10 
4201 0.000000e+00 0.000000e+00 1.069999e+10 
4202 0.000000e+00 0.000000e+00 9.966575e+09 
4203 0.000000e+00 0.000000e+00 9.930242e+09 
4204 0.000000e+00 0.000000e+00 9.927092e+09 
4205 0.000000e+00 0.000000e+00 9.927194e+09 
4206 0.000000e+00 0.000000e+00 9.927315e+09 
4207 0.000000e+00 0.000000e+00 9.927496e+09 
4208 0.000000e+00 0.000000e+00 9.935802e+09 
4209 0.000000e+00 0.000000e+00 1.007590e+10 
4210 0.000000e+00 0.000000e+00 1.052857e+10 
4211 0.000000e+00 0.000000e+00 1.059910e+10 
4212 0.000000e+00 0.000000e+00 1.063070e+10 
4213 0.000000e+00 0.000000e+00 1.067353e+10 
4214 0.000000e+00 0.000000e+00 1.012653e+10 
4215 0.000000e+00 0.000000e+00 1.011287e+10 
4216 0.000000e+00 0.000000e+00 1.023756e+10 
4217 0.000000e+00 0.000000e+00 1.037407e+10 
4218 0.000000e+00 0.000000e+00 1.048853e+10 
4219 0.000000e+00 0.000000e+00 1.060021e+10 
4220 0.000000e+00 0.000000e+00 1.062645e+10 
4221 0.000000e+00 0.000000e+00 1.065199e+10 
4222 0.000000e+00 0.000000e+00 1.070613e+10 
4223 0.000000e+00 0.000000e+00 9.963449e+09 
4224 0.000000e+00 0.000000e+00 9.928528e+09 
4225 0.000000e+00 0.000000e+00 9.927662e+09 
4226 0.000000e+00 0.000000e+00 9.927054e+09 
4227 0.000000e+00 0.000000e+00 9.927351e+09 
4228 0.000000e+00 0.000000e+00 9.927187e+09 
4229 0.000000e+00 0.000000e+00 9.930194e+09 
4230 0.000000e+00 0.000000e+00 9.990271e+09 
4231 0.000000e+00 0.000000e+00 1.039867e+10 
4232 0.000000e+00 0.000000e+00 1.056473e+10 
4233 0.000000e+00 0.000000e+00 1.066545e+10 
4234 0.000000e+00 0.000000e+00 1.066040e+10 
4235 0.000000e+00 0.000000e+00 1.011916e+10 
4236 0.000000e+00 0.000000e+00 1.009855e+10 
4237 0.000000e+00 0.000000e+00 1.024295e+10 
4238 0.000000e+00 0.000000e+00 1.037594e+10 
4239 0.000000e+00 0.000000e+00 1.053811e+10 
4240 0.000000e+00 0.000000e+00 1.056069e+10 
4241 0.000000e+00 0.000000e+00 1.067691e+10 
4242 0.000000e+00 0.000000e+00 1.065146e+10 
4243 0.000000e+00 0.000000e+00 1.046939e+10 
4244 0.000000e+00 0.000000e+00 1.050121e+10 
4245 0.000000e+00 0.000000e+00 1.062437e+10 
4246 0.000000e+00 0.000000e+00 1.062568e+10 
4247 0.000000e+00 0.000000e+00 1.070024e+10 
4248 0.000000e+00 0.000000e+00 1.008386e+10 
4249 0.000000e+00 0.000000e+00 1.006247e+10 
4250 0.000000e+00 0.000000e+00 1.014174e+10 
4251 0.000000e+00 0.000000e+00 1.035105e+10 
4252 0.000000e+00 0.000000e+00 1.041678e+10 
4253 0.000000e+00 0.000000e+00 1.054342e+10 
4254 0.000000e+00 0.000000e+00 1.063091e+10 
4255 0.000000e+00 0.000000e+00 1.065806e+10 
4256 0.000000e+00 0.000000e+00 1.066504e+10 
4257 0.000000e+00 0.000000e+00 1.011949e+10 
4258 0.000000e+00 0.000000e+00 1.008129e+10 
4259 0.000000e+00 0.000000e+00 1.021704e+10 
4260 0.000000e+00 0.000000e+00 1.034053e+10 
4261 0.000000e+00 0.000000e+00 1.052938e+10 
4262 0.000000e+00 0.000000e+00 1.058016e+10 
4263 0.000000e+00 0.000000e+00 1.061946e+10 
4264 0.000000e+00 0.000000e+00 1.063837e+10 
4265 0.000000e+00 0.000000e+00 1.005970e+10 
4266 0.000000e+00 0.000000e+00 1.004610e+10 
4267 0.000000e+00 0.000000e+00 1.011905e+10 
4268 0.000000e+00 0.000000e+00 1.027856e+10 
4269 0.000000e+00 0.000000e+00 1.043279e+10 
4270 0.000000e+00 0.000000e+00 1.049551e+10 
4271 0.000000e+00 0.000000e+00 1.061379e+10 
4272 0.000000e+00 0.000000e+00 1.063509e+10 
4273 0.000000e+00 0.000000e+00 1.069440e+10 
4274 0.000000e+00 0.000000e+00 1.068441e+10 
4275 0.000000e+00 0.000000e+00 9.957472e+09 
4276 0.000000e+00 0.000000e+00 9.928583e+09 
4277 0.000000e+00 0.000000e+00 9.927275e+09 
4278 0.000000e+00 0.000000e+00 9.927561e+09 
4279 0.000000e+00 0.000000e+00 9.927508e+09 
4280 0.000000e+00 0.000000e+00 9.934402e+09 
4281 0.000000e+00 0.000000e+00 9.994894e+09 
4282 0.000000e+00 0.000000e+00 1.018205e+10 
4283 0.000000e+00 0.000000e+00 1.048072e+10 
4284 0.000000e+00 0.000000e+00 1.065765e+10 
4285 0.000000e+00 0.000000e+00 1.064354e+10 
4286 0.000000e+00 0.000000e+00 1.006249e+10 
4287 0.000000e+00 0.000000e+00 1.002171e+10 
4288 0.000000e+00 0.000000e+00 1.012037e+10 
4289 0.000000e+00 0.000000e+00 1.025072e+10 
4290 0.000000e+00 0.000000e+00 1.044294e+10 
4291 0.000000e+00 0.000000e+00 1.051750e+10 
4292 0.000000e+00 0.000000e+00 1.063783e+10 
4293 0.000000e+00 0.000000e+00 1.061164e+10 
4294 0.000000e+00 0.000000e+00 1.070207e+10 
4295 0.000000e+00 0.000000e+00 9.988226e+09 
4296 0.000000e+00 0.000000e+00 9.937256e+09 
4297 0.000000e+00 0.000000e+00 9.928540e+09 
4298 0.000000e+00 0.000000e+00 9.927297e+09 
4299 0.000000e+00 0.000000e+00 9.927510e+09 
4300 0.000000e+00 0.000000e+00 9.926917e+09 
4301 0.000000e+00 0.000000e+00 9.929031e+09 
4302 0.000000e+00 0.000000e+00 9.930361e+09 
4303 0.000000e+00 0.000000e+00 1.007462e+10 
4304 0.000000e+00 0.000000e+00 1.051724e+10 
4305 0.000000e+00 0.000000e+00 1.067851e+10 
4306 0.000000e+00 0.000000e+00 1.065554e+10 
4307 0.000000e+00 0.000000e+00 1.049200e+10 
4308 0.000000e+00 0.000000e+00 1.050370e+10 
4309 0.000000e+00 0.000000e+00 1.062303e+10 
4310 0.000000e+00 0.000000e+00 1.060851e+10 
4311 0.000000e+00 0.000000e+00 1.070961e+10 
4312 0.000000e+00 0.000000e+00 1.007329e+10 
4313 0.000000e+00 0.000000e+00 1.005560e+10 
4314 0.000000e+00 0.000000e+00 1.012595e+10 
4315 0.000000e+00 0.000000e+00 1.033516e+10 
4316 0.000000e+00 0.000000e+00 1.043479e+10 
4317 0.000000e+00 0.000000e+00 1.055479e+10 
4318 0.000000e+00 0.000000e+00 1.057291e+10 
4319 0.000000e+00 0.000000e+00 1.066886e+10 
4320 0.000000e+00 0.000000e+00 1.069650e+10 
4321 0.000000e+00 0.000000e+00 1.011191e+10 
4322 0.000000e+00 0.000000e+00 1.009684e+10 
4323 0.000000e+00 0.000000e+00 1.024264e+10 
4324 0.000000e+00 0.000000e+00 1.035682e+10 
4325 0.000000e+00 0.000000e+00 1.050836e+10 
4326 0.000000e+00 0.000000e+00 1.053230e+10 
4327 0.000000e+00 0.000000e+00 1.069102e+10 
4328 0.000000e+00 0.000000e+00 1.066764e+10 
4329 0.000000e+00 0.000000e+00 1.073604e+10 
4330 0.000000e+00 0.000000e+00 9.970618e+09 
4331 0.000000e+00 0.000000e+00 9.932643e+09 
4332 0.000000e+00 0.000000e+00 9.926760e+09 
4333 0.000000e+00 0.000000e+00 9.926792e+09 
4334 0.000000e+00 0.000000e+00 9.927714e+09 
4335 0.000000e+00 0.000000e+00 9.926553e+09 
4336 0.000000e+00 0.000000e+00 9.935308e+09 
4337 0.000000e+00 0.000000e+00 1.003070e+10 
4338 0.000000e+00 0.000000e+00 1.030765e+10 
4339 0.000000e+00 0.000000e+00 1.042779e+10 
4340 0.000000e+00 0.000000e+00 1.068737e+10 
4341 0.000000e+00 0.000000e+00 1.042737e+10 
4342 0.000000e+00 0.000000e+00 1.047069e+10 
4343 0.000000e+00 0.000000e+00 1.054064e+10 
4344 0.000000e+00 0.000000e+00 1.061628e+10 
4345 0.000000e+00 0.000000e+00 1.064785e+10 
4346 0.000000e+00 0.000000e+00 1.070404e+10 
4347 0.000000e+00 0.000000e+00 9.978460e+09 
4348 0.000000e+00 0.000000e+00 9.933754e+09 
4349 0.000000e+00 0.000000e+00 9.927130e+09 
4350 0.000000e+00 0.000000e+00 9.926813e+09 
4351 0.000000e+00 0.000000e+00 9.927503e+09 
4352 0.000000e+00 0.000000e+00 9.927728e+09 
4353 0.000000e+00 0.000000e+00 9.928037e+09 
4354 0.000000e+00 0.000000e+00 9.938132e+09 
4355 0.000000e+00 0.000000e+00 1.016730e+10 
4356 0.000000e+00 0.000000e+00 1.062092e+10 
4357 0.000000e+00 0.000000e+00 1.066256e+10 
4358 0.000000e+00 0.000000e+00 1.066370e+10 
4359 0.000000e+00 0.000000e+00 1.009455e+10 
4360 0.000000e+00 0.000000e+00 1.008320e+10 
4361 0.000000e+00 0.000000e+00 1.016131e+10 
4362 0.000000e+00 0.000000e+00 1.035030e+10 
4363 0.000000e+00 0.000000e+00 1.049050e+10 
4364 0.000000e+00 0.000000e+00 1.057822e+10 
4365 0.000000e+00 0.000000e+00 1.062897e+10 
4366 0.000000e+00 0.000000e+00 1.066790e+10 
4367 0.000000e+00 0.000000e+00 1.071181e+10 
4368 0.000000e+00 0.000000e+00 9.972094e+09 
4369 0.000000e+00 0.000000e+00 9.933598e+09 
4370 0.000000e+00 0.000000e+00 9.926884e+09 
4371 0.000000e+00 0.000000e+00 9.926775e+09 
4372 0.000000e+00 0.000000e+00 9.927490e+09 
4373 0.000000e+00 0.000000e+00 9.926645e+09 
4374 0.000000e+00 0.000000e+00 9.932106e+09 
4375 0.000000e+00 0.000000e+00 9.993163e+09 
4376 0.000000e+00 0.000000e+00 1.028433e+10 
4377 0.000000e+00 0.000000e+00 1.042815e+10 
4378 0.000000e+00 0.000000e+00 1.066480e+10 
4379 0.000000e+00 0.000000e+00 1.066282e+10 
4380 0.000000e+00 0.000000e+00 1.009797e+10 
4381 0.000000e+00 0.000000e+00 1.005411e+10 
4382 0.000000e+00 0.000000e+00 1.018996e+10 
4383 0.000000e+00 0.000000e+00 1.034743e+10 
4384 0.000000e+00 0.000000e+00 1.047916e+10 
4385 0.000000e+00 0.000000e+00 1.054018e+10 
4386 0.000000e+00 0.000000e+00 1.063059e+10 
4387 0.000000e+00 0.000000e+00 1.062881e+10 
4388 0.000000e+00 0.000000e+00 1.071360e+10 
4389 0.000000e+00 0.000000e+00 9.977061e+09 
4390 0.000000e+00 0.000000e+00 9.932524e+09 
4391 0.000000e+00 0.000000e+00 9.927179e+09 
4392 0.000000e+00 0.000000e+00 9.926925e+09 
4393 0.000000e+00 0.000000e+00 9.926998e+09 
4394 0.000000e+00 0.000000e+00 9.927348e+09 
4395 0.000000e+00 0.000000e+00 9.926558e+09 
4396 0.000000e+00 0.000000e+00 9.947860e+09 
4397 0.000000e+00 0.000000e+00 1.019289e+10 
4398 0.000000e+00 0.000000e+00 1.061688e+10 
4399 0.000000e+00 0.000000e+00 1.064207e+10 
4400 0.000000e+00 0.000000e+00 1.069663e+10 
4401 0.000000e+00 0.000000e+00 9.992656e+09 
4402 0.000000e+00 0.000000e+00 9.938559e+09 
4403 0.000000e+00 0.000000e+00 9.927568e+09 
4404 0.000000e+00 0.000000e+00 9.927232e+09 
4405 0.000000e+00 0.000000e+00 9.927349e+09 
4406 0.000000e+00 0.000000e+00 9.927134e+09 
4407 0.000000e+00 0.000000e+00 9.927813e+09 
4408 0.000000e+00 0.000000e+00 9.936764e+09 
4409 0.000000e+00 0.000000e+00 1.013476e+10 
4410 0.000000e+00 0.000000e+00 1.054095e+10 
4411 0.000000e+00 0.000000e+00 1.063270e+10 
4412 0.000000e+00 0.000000e+00 1.069356e+10 
4413 0.000000e+00 0.000000e+00 1.069957e+10 
4414 0.000000e+00 0.000000e+00 9.969842e+09 
4415 0.000000e+00 0.000000e+00 9.932661e+09 
4416 0.000000e+00 0.000000e+00 9.927214e+09 
4417 0.000000e+00 0.000000e+00 9.928062e+09 
4418 0.000000e+00 0.000000e+00 9.926709e+09 
4419 0.000000e+00 0.000000e+00 9.929850e+09 
4420 0.000000e+00 0.000000e+00 9.948692e+09 
4421 0.000000e+00 0.000000e+00 1.020300e+10 
4422 0.000000e+00 0.000000e+00 1.048134e+10 
4423 0.000000e+00 0.000000e+00 1.061228e+10 
4424 0.000000e+00 0.000000e+00 1.063510e+10 
4425 0.000000e+00 0.000000e+00 1.073728e+10 
4426 0.000000e+00 0.000000e+00 9.983950e+09 
4427 0.000000e+00 0.000000e+00 9.938655e+09 
4428 0.000000e+00 0.000000e+00 9.928385e+09 
4429 0.000000e+00 0.000000e+00 9.927366e+09 
4430 0.000000e+00 0.000000e+00 9.930043e+09 
4431 0.000000e+00 0.000000e+00 9.928009e+09 
4432 0.000000e+00 0.000000e+00 9.937573e+09 
4433 0.000000e+00 0.000000e+00 1.000191e+10 
4434 0.000000e+00 0.000000e+00 1.029655e+10 
4435 0.000000e+00 0.000000e+00 1.049491e+10 
4436 0.000000e+00 0.000000e+00 1.070837e+10 
4437 0.000000e+00 0.000000e+00 1.063885e+10 
4438 0.000000e+00 0.000000e+00 1.050806e+10 
4439 0.000000e+00 0.000000e+00 1.050550e+10 
4440 0.000000e+00 0.000000e+00 1.060451e+10 
4441 0.000000e+00 0.000000e+00 1.060578e+10 
4442 0.000000e+00 0.000000e+00 1.071804e+10 
4443 0.000000e+00 0.000000e+00 1.007514e+10 
4444 0.000000e+00 0.000000e+00 1.007093e+10 
4445 0.000000e+00 0.000000e+00 1.012887e+10 
4446 0.000000e+00 0.000000e+00 1.036128e+10 
4447 0.000000e+00 0.000000e+00 1.042048e+10 
4448 0.000000e+00 0.000000e+00 1.061960e+10 
4449 0.000000e+00 0.000000e+00 1.059083e+10 
4450 0.000000e+00 0.000000e+00 1.067728e+10 
4451 0.000000e+00 0.000000e+00 1.065511e+10 
4452 0.000000e+00 0.000000e+00 1.014017e+10 
4453 0.000000e+00 0.000000e+00 1.011177e+10 
4454 0.000000e+00 0.000000e+00 1.029295e+10 
4455 0.000000e+00 0.000000e+00 1.038789e+10 
4456 0.000000e+00 0.000000e+00 1.052473e+10 
4457 0.000000e+00 0.000000e+00 1.057165e+10 
4458 0.000000e+00 0.000000e+00 1.067312e+10 
4459 0.000000e+00 0.000000e+00 1.063548e+10 
4460 0.000000e+00 0.000000e+00 1.073941e+10 
4461 0.000000e+00 0.000000e+00 9.966167e+09 
4462 0.000000e+00 0.000000e+00 9.930738e+09 
4463 0.000000e+00 0.000000e+00 9.927001e+09 
4464 0.000000e+00 0.000000e+00 9.927714e+09 
4465 0.000000e+00 0.000000e+00 9.927279e+09 
4466 0.000000e+00 0.000000e+00 9.927856e+09 
4467 0.000000e+00 0.000000e+00 9.931998e+09 
4468 0.000000e+00 0.000000e+00 1.005981e+10 
4469 0.000000e+00 0.000000e+00 1.051131e+10 
4470 0.000000e+00 0.000000e+00 1.065793e+10 
4471 0.000000e+00 0.000000e+00 1.067564e+10 
4472 0.000000e+00 0.000000e+00 1.073647e+10 
4473 0.000000e+00 0.000000e+00 1.054123e+10 
4474 0.000000e+00 0.000000e+00 1.061062e+10 
4475 0.000000e+00 0.000000e+00 1.061208e+10 
4476 0.000000e+00 0.000000e+00 1.068935e+10 
4477 0.000000e+00 0.000000e+00 1.067656e+10 
4478 0.000000e+00 0.000000e+00 9.963324e+09 
4479 0.000000e+00 0.000000e+00 9.928809e+09 
4480 0.000000e+00 0.000000e+00 9.927939e+09 
4481 0.000000e+00 0.000000e+00 9.926992e+09 
4482 0.000000e+00 0.000000e+00 9.927925e+09 
4483 0.000000e+00 0.000000e+00 9.926609e+09 
4484 0.000000e+00 0.000000e+00 9.941801e+09 
4485 0.000000e+00 0.000000e+00 1.012024e+10 
4486 0.000000e+00 0.000000e+00 1.054498e+10 
4487 0.000000e+00 0.000000e+00 1.055726e+10 
4488 0.000000e+00 0.000000e+00 1.068955e+10 
4489 0.000000e+00 0.000000e+00 1.066043e+10 
4490 0.000000e+00 0.000000e+00 1.011047e+10 
4491 0.000000e+00 0.000000e+00 1.007558e+10 
4492 0.000000e+00 0.000000e+00 1.020960e+10 
4493 0.000000e+00 0.000000e+00 1.035120e+10 
4494 0.000000e+00 0.000000e+00 1.050833e+10 
4495 0.000000e+00 0.000000e+00 1.054729e+10 
4496 0.000000e+00 0.000000e+00 1.066102e+10 
4497 0.000000e+00 0.000000e+00 1.063003e+10 
4498 0.000000e+00 0.000000e+00 1.071274e+10 
4499 0.000000e+00 0.000000e+00 1.013992e+10 
4500 0.000000e+00 0.000000e+00 1.016944e+10 
4501 0.000000e+00 0.000000e+00 1.025979e+10 
4502 0.000000e+00 0.000000e+00 1.046160e+10 
4503 0.000000e+00 0.000000e+00 1.048259e+10 
4504 0.000000e+00 0.000000e+00 1.065866e+10 
4505 0.000000e+00 0.000000e+00 1.059592e+10 
4506 0.000000e+00 0.000000e+00 1.075396e+10 
4507 0.000000e+00 0.000000e+00 9.995516e+09 
4508 0.000000e+00 0.000000e+00 9.939592e+09 
4509 0.000000e+00 0.000000e+00 9.927995e+09 
4510 0.000000e+00 0.000000e+00 9.926720e+09 
4511 0.000000e+00 0.000000e+00 9.927868e+09 
4512 0.000000e+00 0.000000e+00 9.926543e+09 
4513 0.000000e+00 0.000000e+00 9.936879e+09 
4514 0.000000e+00 0.000000e+00 1.000406e+10 
4515 0.000000e+00 0.000000e+00 1.038942e+10 
4516 0.000000e+00 0.000000e+00 1.052582e+10 
4517 0.000000e+00 0.000000e+00 1.066355e+10 
4518 0.000000e+00 0.000000e+00 1.067259e+10 
4519 0.000000e+00 0.000000e+00 1.073718e+10 
4520 0.000000e+00 0.000000e+00 9.972291e+09 
4521 0.000000e+00 0.000000e+00 9.931096e+09 
4522 0.000000e+00 0.000000e+00 9.926600e+09 
4523 0.000000e+00 0.000000e+00 9.927149e+09 
4524 0.000000e+00 0.000000e+00 9.926950e+09 
4525 0.000000e+00 0.000000e+00 9.927042e+09 
4526 0.000000e+00 0.000000e+00 9.928699e+09 
4527 0.000000e+00 0.000000e+00 9.986020e+09 
4528 0.000000e+00 0.000000e+00 1.044922e+10 
4529 0.000000e+00 0.000000e+00 1.062586e+10 
4530 0.000000e+00 0.000000e+00 1.066475e+10 
4531 0.000000e+00 0.000000e+00 1.070292e+10 
4532 0.000000e+00 0.000000e+00 1.011165e+10 
4533 0.000000e+00 0.000000e+00 1.009110e+10 
4534 0.000000e+00 0.000000e+00 1.018714e+10 
4535 0.000000e+00 0.000000e+00 1.036907e+10 
4536 0.000000e+00 0.000000e+00 1.046552e+10 
4537 0.000000e+00 0.000000e+00 1.059181e+10 
4538 0.000000e+00 0.000000e+00 1.065148e+10 
4539 0.000000e+00 0.000000e+00 1.066686e+10 
4540 0.000000e+00 0.000000e+00 1.074366e+10 
4541 0.000000e+00 0.000000e+00 9.963319e+09 
4542 0.000000e+00 0.000000e+00 9.928438e+09 
4543 0.000000e+00 0.000000e+00 9.926820e+09 
4544 0.000000e+00 0.000000e+00 9.927091e+09 
4545 0.000000e+00 0.000000e+00 9.927612e+09 
4546 0.000000e+00 0.000000e+00 9.926563e+09 
4547 0.000000e+00 0.000000e+00 9.931889e+09 
4548 0.000000e+00 0.000000e+00 9.995486e+09 
4549 0.000000e+00 0.000000e+00 1.048564e+10 
4550 0.000000e+00 0.000000e+00 1.061400e+10 
4551 0.000000e+00 0.000000e+00 1.069736e+10 
4552 0.000000e+00 0.000000e+00 1.066889e+10 
4553 0.000000e+00 0.000000e+00 1.012656e+10 
4554 0.000000e+00 0.000000e+00 1.007150e+10 
4555 0.000000e+00 0.000000e+00 1.023231e+10 
4556 0.000000e+00 0.000000e+00 1.033800e+10 
4557 0.000000e+00 0.000000e+00 1.052098e+10 
4558 0.000000e+00 0.000000e+00 1.055941e+10 
4559 0.000000e+00 0.000000e+00 1.065207e+10 
4560 0.000000e+00 0.000000e+00 1.066621e+10 
4561 0.000000e+00 0.000000e+00 1.071137e+10 
4562 0.000000e+00 0.000000e+00 9.972880e+09 
4563 0.000000e+00 0.000000e+00 9.931739e+09 
4564 0.000000e+00 0.000000e+00 9.926727e+09 
4565 0.000000e+00 0.000000e+00 9.927059e+09 
4566 0.000000e+00 0.000000e+00 9.926687e+09 
4567 0.000000e+00 0.000000e+00 9.927575e+09 
4568 0.000000e+00 0.000000e+00 9.929550e+09 
4569 0.000000e+00 0.000000e+00 1.003526e+10 
4570 0.000000e+00 0.000000e+00 1.035038e+10 
4571 0.000000e+00 0.000000e+00 1.065249e+10 
4572 0.000000e+00 0.000000e+00 1.063119e+10 
4573 0.000000e+00 0.000000e+00 1.072441e+10 
4574 0.000000e+00 0.000000e+00 9.984668e+09 
4575 0.000000e+00 0.000000e+00 9.936142e+09 
4576 0.000000e+00 0.000000e+00 9.927011e+09 
4577 0.000000e+00 0.000000e+00 9.927701e+09 
4578 0.000000e+00 0.000000e+00 9.926798e+09 
4579 0.000000e+00 0.000000e+00 9.928251e+09 
4580 0.000000e+00 0.000000e+00 9.927885e+09 
4581 0.000000e+00 0.000000e+00 9.979389e+09 
4582 0.000000e+00 0.000000e+00 1.032498e+10 
4583 0.000000e+00 0.000000e+00 1.063141e+10 
4584 0.000000e+00 0.000000e+00 1.061287e+10 
4585 0.000000e+00 0.000000e+00 1.069958e+10 
4586 0.000000e+00 0.000000e+00 1.065713e+10 
4587 0.000000e+00 0.000000e+00 9.957163e+09 
4588 0.000000e+00 0.000000e+00 9.928345e+09 
4589 0.000000e+00 0.000000e+00 9.927078e+09 
4590 0.000000e+00 0.000000e+00 9.927329e+09 
4591 0.000000e+00 0.000000e+00 9.927416e+09 
4592 0.000000e+00 0.000000e+00 9.927675e+09 
4593 0.000000e+00 0.000000e+00 9.930762e+09 
4594 0.000000e+00 0.000000e+00 9.997594e+09 
4595 0.000000e+00 0.000000e+00 1.045428e+10 
4596 0.000000e+00 0.000000e+00 1.064036e+10 
4597 0.000000e+00 0.000000e+00 1.064560e+10 
4598 0.000000e+00 0.000000e+00 1.072683e+10 
4599 0.000000e+00 0.000000e+00 1.051275e+10 
4600 0.000000e+00 0.000000e+00 1.056429e+10 
4601 0.000000e+00 0.000000e+00 1.060462e+10 
4602 0.000000e+00 0.000000e+00 1.070190e+10 
4603 0.000000e+00 0.000000e+00 1.066099e+10 
4604 0.000000e+00 0.000000e+00 9.959338e+09 
4605 0.000000e+00 0.000000e+00 9.928629e+09 
4606 0.000000e+00 0.000000e+00 9.927124e+09 
4607 0.000000e+00 0.000000e+00 9.926986e+09 
4608 0.000000e+00 0.000000e+00 9.929200e+09 
4609 0.000000e+00 0.000000e+00 9.927123e+09 
4610 0.000000e+00 0.000000e+00 9.944620e+09 
4611 0.000000e+00 0.000000e+00 1.007967e+10 
4612 0.000000e+00 0.000000e+00 1.045446e+10 
4613 0.000000e+00 0.000000e+00 1.057706e+10 
4614 0.000000e+00 0.000000e+00 1.069226e+10 
4615 0.000000e+00 0.000000e+00 1.065300e+10 
4616 0.000000e+00 0.000000e+00 1.012200e+10 
4617 0.000000e+00 0.000000e+00 1.008289e+10 
4618 0.000000e+00 0.000000e+00 1.019729e+10 
4619 0.000000e+00 0.000000e+00 1.032174e+10 
4620 0.000000e+00 0.000000e+00 1.050803e+10 
4621 0.000000e+00 0.000000e+00 1.054152e+10 
4622 0.000000e+00 0.000000e+00 1.066079e+10 
4623 0.000000e+00 0.000000e+00 1.063199e+10 
4624 0.000000e+00 0.000000e+00 1.073732e+10 
4625 0.000000e+00 0.000000e+00 9.975602e+09 
4626 0.000000e+00 0.000000e+00 9.932455e+09 
4627 0.000000e+00 0.000000e+00 9.927479e+09 
4628 0.000000e+00 0.000000e+00 9.927638e+09 
4629 0.000000e+00 0.000000e+00 9.927251e+09 
4630 0.000000e+00 0.000000e+00 9.928094e+09 
4631 0.000000e+00 0.000000e+00 9.927843e+09 
4632 0.000000e+00 0.000000e+00 9.957961e+09 
4633 0.000000e+00 0.000000e+00 1.024688e+10 
4634 0.000000e+00 0.000000e+00 1.063115e+10 
4635 0.000000e+00 0.000000e+00 1.059893e+10 
4636 0.000000e+00 0.000000e+00 1.070030e+10 
4637 0.000000e+00 0.000000e+00 1.009118e+10 
4638 0.000000e+00 0.000000e+00 1.008160e+10 
4639 0.000000e+00 0.000000e+00 1.016004e+10 
4640 0.000000e+00 0.000000e+00 1.036026e+10 
4641 0.000000e+00 0.000000e+00 1.043257e+10 
4642 0.000000e+00 0.000000e+00 1.059003e+10 
4643 0.000000e+00 0.000000e+00 1.062709e+10 
4644 0.000000e+00 0.000000e+00 1.070835e+10 
4645 0.000000e+00 0.000000e+00 1.004067e+10 
4646 0.000000e+00 0.000000e+00 1.003110e+10 
4647 0.000000e+00 0.000000e+00 1.007291e+10 
4648 0.000000e+00 0.000000e+00 1.025533e+10 
4649 0.000000e+00 0.000000e+00 1.037210e+10 
4650 0.000000e+00 0.000000e+00 1.052136e+10 
4651 0.000000e+00 0.000000e+00 1.059726e+10 
4652 0.000000e+00 0.000000e+00 1.066262e+10 
4653 0.000000e+00 0.000000e+00 1.065036e+10 
4654 0.000000e+00 0.000000e+00 1.074178e+10 
4655 0.000000e+00 0.000000e+00 9.963168e+09 
4656 0.000000e+00 0.000000e+00 9.931228e+09 
4657 0.000000e+00 0.000000e+00 9.926763e+09 
4658 0.000000e+00 0.000000e+00 9.928341e+09 
4659 0.000000e+00 0.000000e+00 9.926801e+09 
4660 0.000000e+00 0.000000e+00 9.937702e+09 
4661 0.000000e+00 0.000000e+00 1.000929e+10 
4662 0.000000e+00 0.000000e+00 1.046922e+10 
4663 0.000000e+00 0.000000e+00 1.052159e+10 
4664 0.000000e+00 0.000000e+00 1.063735e+10 
4665 0.000000e+00 0.000000e+00 1.062342e+10 
4666 0.000000e+00 0.000000e+00 1.048442e+10 
4667 0.000000e+00 0.000000e+00 1.048269e+10 
4668 0.000000e+00 0.000000e+00 1.060545e+10 
4669 0.000000e+00 0.000000e+00 1.061365e+10 
4670 0.000000e+00 0.000000e+00 1.071113e+10 
4671 0.000000e+00 0.000000e+00 1.067198e+10 
4672 0.000000e+00 0.000000e+00 9.956912e+09 
4673 0.000000e+00 0.000000e+00 9.929541e+09 
4674 0.000000e+00 0.000000e+00 9.927307e+09 
4675 0.000000e+00 0.000000e+00 9.927380e+09 
4676 0.000000e+00 0.000000e+00 9.928978e+09 
4677 0.000000e+00 0.000000e+00 9.927324e+09 
4678 0.000000e+00 0.000000e+00 9.944289e+09 
4679 0.000000e+00 0.000000e+00 1.012839e+10 
4680 0.000000e+00 0.000000e+00 1.060707e+10 
4681 0.000000e+00 0.000000e+00 1.059890e+10 
4682 0.000000e+00 0.000000e+00 1.069604e+10 
4683 0.000000e+00 0.000000e+00 1.066227e+10 
4684 0.000000e+00 0.000000e+00 1.012472e+10 
4685 0.000000e+00 0.000000e+00 1.007812e+10 
4686 0.000000e+00 0.000000e+00 1.023989e+10 
4687 0.000000e+00 0.000000e+00 1.033525e+10 
4688 0.000000e+00 0.000000e+00 1.055198e+10 
4689 0.000000e+00 0.000000e+00 1.055193e+10 
4690 0.000000e+00 0.000000e+00 1.066634e+10 
4691 0.000000e+00 0.000000e+00 1.067408e+10 
4692 0.000000e+00 0.000000e+00 1.070230e+10 
4693 0.000000e+00 0.000000e+00 9.966659e+09 
4694 0.000000e+00 0.000000e+00 9.933317e+09 
4695 0.000000e+00 0.000000e+00 9.930626e+09 
4696 0.000000e+00 0.000000e+00 9.932194e+09 
4697 0.000000e+00 0.000000e+00 9.931399e+09 
4698 0.000000e+00 0.000000e+00 9.932929e+09 
4699 0.000000e+00 0.000000e+00 9.935110e+09 
4700 0.000000e+00 0.000000e+00 1.005873e+10 
4701 0.000000e+00 0.000000e+00 1.040076e+10 
4702 0.000000e+00 0.000000e+00 1.051819e+10 
4703 0.000000e+00 0.000000e+00 1.055705e+10 
4704 0.000000e+00 0.000000e+00 1.069964e+10 
4705 0.000000e+00 0.000000e+00 9.971942e+09 
4706 0.000000e+00 0.000000e+00 9.930216e+09 
4707 0.000000e+00 0.000000e+00 9.926891e+09 
4708 0.000000e+00 0.000000e+00 9.926806e+09 
4709 0.000000e+00 0.000000e+00 9.926764e+09 
4710 0.000000e+00 0.000000e+00 9.927023e+09 
4711 0.000000e+00 0.000000e+00 9.926511e+09 
4712 0.000000e+00 0.000000e+00 9.939108e+09 
4713 0.000000e+00 0.000000e+00 1.011398e+10 
4714 0.000000e+00 0.000000e+00 1.058789e+10 
4715 0.000000e+00 0.000000e+00 1.062509e+10 
4716 0.000000e+00 0.000000e+00 1.070869e+10 
4717 0.000000e+00 0.000000e+00 1.006441e+10 
4718 0.000000e+00 0.000000e+00 1.005461e+10 
4719 0.000000e+00 0.000000e+00 1.013132e+10 
4720 0.000000e+00 0.000000e+00 1.031777e+10 
4721 0.000000e+00 0.000000e+00 1.044893e+10 
4722 0.000000e+00 0.000000e+00 1.058117e+10 
4723 0.000000e+00 0.000000e+00 1.060797e+10 
4724 0.000000e+00 0.000000e+00 1.067569e+10 
4725 0.000000e+00 0.000000e+00 1.065792e+10 
4726 0.000000e+00 0.000000e+00 9.967688e+09 
4727 0.000000e+00 0.000000e+00 9.929262e+09 
4728 0.000000e+00 0.000000e+00 9.927377e+09 
4729 0.000000e+00 0.000000e+00 9.926740e+09 
4730 0.000000e+00 0.000000e+00 9.927443e+09 
4731 0.000000e+00 0.000000e+00 9.926651e+09 
4732 0.000000e+00 0.000000e+00 9.932582e+09 
4733 0.000000e+00 0.000000e+00 1.002303e+10 
4734 0.000000e+00 0.000000e+00 1.048591e+10 
4735 0.000000e+00 0.000000e+00 1.056672e+10 
4736 0.000000e+00 0.000000e+00 1.069171e+10 
4737 0.000000e+00 0.000000e+00 1.065282e+10 
4738 0.000000e+00 0.000000e+00 1.072467e+10 
4739 0.000000e+00 0.000000e+00 9.965963e+09 
4740 0.000000e+00 0.000000e+00 9.931586e+09 
4741 0.000000e+00 0.000000e+00 9.927800e+09 
4742 0.000000e+00 0.000000e+00 9.927870e+09 
4743 0.000000e+00 0.000000e+00 9.927605e+09 
4744 0.000000e+00 0.000000e+00 9.933264e+09 
4745 0.000000e+00 0.000000e+00 9.979712e+09 
4746 0.000000e+00 0.000000e+00 1.021180e+10 
4747 0.000000e+00 0.000000e+00 1.058066e+10 
4748 0.000000e+00 0.000000e+00 1.065114e+10 
4749 0.000000e+00 0.000000e+00 1.067354e+10 
4750 0.000000e+00 0.000000e+00 1.004137e+10 
4751 0.000000e+00 0.000000e+00 1.001531e+10 
4752 0.000000e+00 0.000000e+00 1.007801e+10 
4753 0.000000e+00 0.000000e+00 1.022067e+10 
4754 0.000000e+00 0.000000e+00 1.044458e+10 
4755 0.000000e+00 0.000000e+00 1.052086e+10 
4756 0.000000e+00 0.000000e+00 1.058623e+10 
4757 0.000000e+00 0.000000e+00 1.064369e+10 
4758 0.000000e+00 0.000000e+00 1.070470e+10 
4759 0.000000e+00 0.000000e+00 1.069351e+10 
4760 0.000000e+00 0.000000e+00 9.958369e+09 
4761 0.000000e+00 0.000000e+00 9.927618e+09 
4762 0.000000e+00 0.000000e+00 9.927324e+09 
4763 0.000000e+00 0.000000e+00 9.927486e+09 
4764 0.000000e+00 0.000000e+00 9.927473e+09 
4765 0.000000e+00 0.000000e+00 9.929197e+09 
4766 0.000000e+00 0.000000e+00 9.957183e+09 
4767 0.000000e+00 0.000000e+00 1.016966e+10 
4768 0.000000e+00 0.000000e+00 1.051183e+10 
4769 0.000000e+00 0.000000e+00 1.061863e+10 
4770 0.000000e+00 0.000000e+00 1.063547e+10 
4771 0.000000e+00 0.000000e+00 1.068947e+10 
4772 0.000000e+00 0.000000e+00 1.013557e+10 
4773 0.000000e+00 0.000000e+00 1.013039e+10 
4774 0.000000e+00 0.000000e+00 1.024171e+10 
4775 0.000000e+00 0.000000e+00 1.038881e+10 
4776 0.000000e+00 0.000000e+00 1.049491e+10 
4777 0.000000e+00 0.000000e+00 1.060859e+10 
4778 0.000000e+00 0.000000e+00 1.062925e+10 
4779 0.000000e+00 0.000000e+00 1.069679e+10 
4780 0.000000e+00 0.000000e+00 1.048451e+10 
4781 0.000000e+00 0.000000e+00 1.051686e+10 
4782 0.000000e+00 0.000000e+00 1.055751e+10 
4783 0.000000e+00 0.000000e+00 1.065111e+10 
4784 0.000000e+00 0.000000e+00 1.069473e+10 
4785 0.000000e+00 0.000000e+00 1.008246e+10 
4786 0.000000e+00 0.000000e+00 1.006867e+10 
4787 0.000000e+00 0.000000e+00 1.019751e+10 
4788 0.000000e+00 0.000000e+00 1.030835e+10 
4789 0.000000e+00 0.000000e+00 1.047687e+10 
4790 0.000000e+00 0.000000e+00 1.055755e+10 
4791 0.000000e+00 0.000000e+00 1.061876e+10 
4792 0.000000e+00 0.000000e+00 1.067336e+10 
4793 0.000000e+00 0.000000e+00 1.071096e+10 
4794 0.000000e+00 0.000000e+00 9.977984e+09 
4795 0.000000e+00 0.000000e+00 9.936780e+09 
4796 0.000000e+00 0.000000e+00 9.926773e+09 
4797 0.000000e+00 0.000000e+00 9.927379e+09 
4798 0.000000e+00 0.000000e+00 9.926993e+09 
4799 0.000000e+00 0.000000e+00 9.927052e+09 
4800 0.000000e+00 0.000000e+00 9.927193e+09 
4801 0.000000e+00 0.000000e+00 9.931578e+09 
4802 0.000000e+00 0.000000e+00 1.011235e+10 
4803 0.000000e+00 0.000000e+00 1.060458e+10 
4804 0.000000e+00 0.000000e+00 1.065992e+10 
4805 0.000000e+00 0.000000e+00 1.069189e+10 
4806 0.000000e+00 0.000000e+00 9.986008e+09 
4807 0.000000e+00 0.000000e+00 9.937447e+09 
4808 0.000000e+00 0.000000e+00 9.927748e+09 
4809 0.000000e+00 0.000000e+00 9.927198e+09 
4810 0.000000e+00 0.000000e+00 9.927039e+09 
4811 0.000000e+00 0.000000e+00 9.927526e+09 
4812 0.000000e+00 0.000000e+00 9.928138e+09 
4813 0.000000e+00 0.000000e+00 9.966976e+09 
4814 0.000000e+00 0.000000e+00 1.017665e+10 
4815 0.000000e+00 0.000000e+00 1.056552e+10 
4816 0.000000e+00 0.000000e+00 1.061191e+10 
4817 0.000000e+00 0.000000e+00 1.069490e+10 
4818 0.000000e+00 0.000000e+00 1.072067e+10 
4819 0.000000e+00 0.000000e+00 9.969333e+09 
4820 0.000000e+00 0.000000e+00 9.931395e+09 
4821 0.000000e+00 0.000000e+00 9.927027e+09 
4822 0.000000e+00 0.000000e+00 9.927017e+09 
4823 0.000000e+00 0.000000e+00 9.927402e+09 
4824 0.000000e+00 0.000000e+00 9.927492e+09 
4825 0.000000e+00 0.000000e+00 9.945163e+09 
4826 0.000000e+00 0.000000e+00 1.011397e+10 
4827 0.000000e+00 0.000000e+00 1.055194e+10 
4828 0.000000e+00 0.000000e+00 1.057115e+10 
4829 0.000000e+00 0.000000e+00 1.070517e+10 
4830 0.000000e+00 0.000000e+00 1.065592e+10 
4831 0.000000e+00 0.000000e+00 1.012563e+10 
4832 0.000000e+00 0.000000e+00 1.008723e+10 
4833 0.000000e+00 0.000000e+00 1.023284e+10 
4834 0.000000e+00 0.000000e+00 1.035144e+10 
4835 0.000000e+00 0.000000e+00 1.052065e+10 
4836 0.000000e+00 0.000000e+00 1.054162e+10 
4837 0.000000e+00 0.000000e+00 1.069837e+10 
4838 0.000000e+00 0.000000e+00 1.066566e+10 
4839 0.000000e+00 0.000000e+00 1.071798e+10 
4840 0.000000e+00 0.000000e+00 9.970054e+09 
4841 0.000000e+00 0.000000e+00 9.932651e+09 
4842 0.000000e+00 0.000000e+00 9.926643e+09 
4843 0.000000e+00 0.000000e+00 9.927001e+09 
4844 0.000000e+00 0.000000e+00 9.926764e+09 
4845 0.000000e+00 0.000000e+00 9.927623e+09 
4846 0.000000e+00 0.000000e+00 9.929741e+09 
4847 0.000000e+00 0.000000e+00 1.003489e+10 
4848 0.000000e+00 0.000000e+00 1.042106e+10 
4849 0.000000e+00 0.000000e+00 1.067921e+10 
4850 0.000000e+00 0.000000e+00 1.061089e+10 
4851 0.000000e+00 0.000000e+00 1.072697e+10 
4852 0.000000e+00 0.000000e+00 9.983805e+09 
4853 0.000000e+00 0.000000e+00 9.934917e+09 
4854 0.000000e+00 0.000000e+00 9.927446e+09 
4855 0.000000e+00 0.000000e+00 9.926958e+09 
4856 0.000000e+00 0.000000e+00 9.927185e+09 
4857 0.000000e+00 0.000000e+00 9.927465e+09 
4858 0.000000e+00 0.000000e+00 9.926816e+09 
4859 0.000000e+00 0.000000e+00 9.940251e+09 
4860 0.000000e+00 0.000000e+00 1.013731e+10 
4861 0.000000e+00 0.000000e+00 1.057072e+10 
4862 0.000000e+00 0.000000e+00 1.060390e+10 
4863 0.000000e+00 0.000000e+00 1.073930e+10 
4864 0.000000e+00 0.000000e+00 1.046774e+10 
4865 0.000000e+00 0.000000e+00 1.055412e+10 
4866 0.000000e+00 0.000000e+00 1.055285e+10 
4867 0.000000e+00 0.000000e+00 1.067489e+10 
4868 0.000000e+00 0.000000e+00 1.065163e+10 
4869 0.000000e+00 0.000000e+00 1.074239e+10 
4870 0.000000e+00 0.000000e+00 9.964096e+09 
4871 0.000000e+00 0.000000e+00 9.929667e+09 
4872 0.000000e+00 0.000000e+00 9.926870e+09 
4873 0.000000e+00 0.000000e+00 9.927659e+09 
4874 0.000000e+00 0.000000e+00 9.927066e+09 
4875 0.000000e+00 0.000000e+00 9.934693e+09 
4876 0.000000e+00 0.000000e+00 9.977762e+09 
4877 0.000000e+00 0.000000e+00 1.031357e+10 
4878 0.000000e+00 0.000000e+00 1.057041e+10 
4879 0.000000e+00 0.000000e+00 1.064806e+10 
4880 0.000000e+00 0.000000e+00 1.063797e+10 
4881 0.000000e+00 0.000000e+00 1.006556e+10 
4882 0.000000e+00 0.000000e+00 1.001441e+10 
4883 0.000000e+00 0.000000e+00 1.009879e+10 
4884 0.000000e+00 0.000000e+00 1.025553e+10 
4885 0.000000e+00 0.000000e+00 1.046121e+10 
4886 0.000000e+00 0.000000e+00 1.049170e+10 
4887 0.000000e+00 0.000000e+00 1.062900e+10 
4888 0.000000e+00 0.000000e+00 1.063451e+10 
4889 0.000000e+00 0.000000e+00 1.072408e+10 
4890 0.000000e+00 0.000000e+00 9.990522e+09 
4891 0.000000e+00 0.000000e+00 9.936832e+09 
4892 0.000000e+00 0.000000e+00 9.927328e+09 
4893 0.000000e+00 0.000000e+00 9.926851e+09 
4894 0.000000e+00 0.000000e+00 9.926960e+09 
4895 0.000000e+00 0.000000e+00 9.927230e+09 
4896 0.000000e+00 0.000000e+00 9.927026e+09 
4897 0.000000e+00 0.000000e+00 9.928518e+09 
4898 0.000000e+00 0.000000e+00 1.001068e+10 
4899 0.000000e+00 0.000000e+00 1.046045e+10 
4900 0.000000e+00 0.000000e+00 1.047382e+10 
4901 0.000000e+00 0.000000e+00 1.067697e+10 
4902 0.000000e+00 0.000000e+00 1.068166e+10 
4903 0.000000e+00 0.000000e+00 9.959839e+09 
4904 0.000000e+00 0.000000e+00 9.928717e+09 
4905 0.000000e+00 0.000000e+00 9.927562e+09 
4906 0.000000e+00 0.000000e+00 9.927027e+09 
4907 0.000000e+00 0.000000e+00 9.928133e+09 
4908 0.000000e+00 0.000000e+00 9.926672e+09 
4909 0.000000e+00 0.000000e+00 9.936903e+09 
4910 0.000000e+00 0.000000e+00 1.003478e+10 
4911 0.000000e+00 0.000000e+00 1.048789e+10 
4912 0.000000e+00 0.000000e+00 1.056463e+10 
4913 0.000000e+00 0.000000e+00 1.068728e+10 
4914 0.000000e+00 0.000000e+00 1.069576e+10 
4915 0.000000e+00 0.000000e+00 1.012526e+10 
4916 0.000000e+00 0.000000e+00 1.007475e+10 
4917 0.000000e+00 0.000000e+00 1.019856e+10 
4918 0.000000e+00 0.000000e+00 1.034898e+10 
4919 0.000000e+00 0.000000e+00 1.049650e+10 
4920 0.000000e+00 0.000000e+00 1.057053e+10 
4921 0.000000e+00 0.000000e+00 1.065083e+10 
4922 0.000000e+00 0.000000e+00 1.063897e+10 
4923 0.000000e+00 0.000000e+00 1.073186e+10 
4924 0.000000e+00 0.000000e+00 9.973116e+09 
4925 0.000000e+00 0.000000e+00 9.931799e+09 
4926 0.000000e+00 0.000000e+00 9.927340e+09 
4927 0.000000e+00 0.000000e+00 9.927527e+09 
4928 0.000000e+00 0.000000e+00 9.926603e+09 
4929 0.000000e+00 0.000000e+00 9.929044e+09 
4930 0.000000e+00 0.000000e+00 9.933517e+09 
4931 0.000000e+00 0.000000e+00 1.008756e+10 
4932 0.000000e+00 0.000000e+00 1.033562e+10 
4933 0.000000e+00 0.000000e+00 1.060187e+10 
4934 0.000000e+00 0.000000e+00 1.063584e+10 
4935 0.000000e+00 0.000000e+00 1.069416e+10 
4936 0.000000e+00 0.000000e+00 9.985434e+09 
4937 0.000000e+00 0.000000e+00 9.936815e+09 
4938 0.000000e+00 0.000000e+00 9.927409e+09 
4939 0.000000e+00 0.000000e+00 9.926720e+09 
4940 0.000000e+00 0.000000e+00 9.926981e+09 
4941 0.000000e+00 0.000000e+00 9.926692e+09 
4942 0.000000e+00 0.000000e+00 9.928028e+09 
4943 0.000000e+00 0.000000e+00 9.944301e+09 
4944 0.000000e+00 0.000000e+00 1.023302e+10 
4945 0.000000e+00 0.000000e+00 1.054163e+10 
4946 0.000000e+00 0.000000e+00 1.065740e+10 
4947 0.000000e+00 0.000000e+00 1.066243e+10 
4948 0.000000e+00 0.000000e+00 1.006905e+10 
4949 0.000000e+00 0.000000e+00 1.003777e+10 
4950 0.000000e+00 0.000000e+00 1.012470e+10 
4951 0.000000e+00 0.000000e+00 1.027747e+10 
4952 0.000000e+00 0.000000e+00 1.043347e+10 
4953 0.000000e+00 0.000000e+00 1.051851e+10 
4954 0.000000e+00 0.000000e+00 1.064285e+10 
4955 0.000000e+00 0.000000e+00 1.064367e+10 
4956 0.000000e+00 0.000000e+00 1.071971e+10 
4957 0.000000e+00 0.000000e+00 9.985554e+09 
4958 0.000000e+00 0.000000e+00 9.935090e+09 
4959 0.000000e+00 0.000000e+00 9.927888e+09 
4960 0.000000e+00 0.000000e+00 9.926596e+09 
4961 0.000000e+00 0.000000e+00 9.927312e+09 
4962 0.000000e+00 0.000000e+00 9.926677e+09 
4963 0.000000e+00 0.000000e+00 9.931954e+09 
4964 0.000000e+00 0.000000e+00 9.978755e+09 
4965 0.000000e+00 0.000000e+00 1.027208e+10 
4966 0.000000e+00 0.000000e+00 1.058856e+10 
4967 0.000000e+00 0.000000e+00 1.068091e+10 
4968 0.000000e+00 0.000000e+00 1.067560e+10 
4969 0.000000e+00 0.000000e+00 1.007694e+10 
4970 0.000000e+00 0.000000e+00 1.003495e+10 
4971 0.000000e+00 0.000000e+00 1.012628e+10 
4972 0.000000e+00 0.000000e+00 1.026886e+10 
4973 0.000000e+00 0.000000e+00 1.047598e+10 
4974 0.000000e+00 0.000000e+00 1.050152e+10 
4975 0.000000e+00 0.000000e+00 1.062644e+10 
4976 0.000000e+00 0.000000e+00 1.061297e+10 
4977 0.000000e+00 0.000000e+00 1.071328e+10 
4978 0.000000e+00 0.000000e+00 9.985013e+09 
4979 0.000000e+00 0.000000e+00 9.936102e+09 
4980 0.000000e+00 0.000000e+00 9.927517e+09 
4981 0.000000e+00 0.000000e+00 9.927028e+09 
4982 0.000000e+00 0.000000e+00 9.927412e+09 
4983 0.000000e+00 0.000000e+00 9.927003e+09 
4984 0.000000e+00 0.000000e+00 9.932089e+09 
4985 0.000000e+00 0.000000e+00 9.979820e+09 
4986 0.000000e+00 0.000000e+00 1.029785e+10 
4987 0.000000e+00 0.000000e+00 1.041869e+10 
4988 0.000000e+00 0.000000e+00 1.069022e+10 
4989 0.000000e+00 0.000000e+00 1.062879e+10 
4990 0.000000e+00 0.000000e+00 1.071922e+10 
4991 0.000000e+00 0.000000e+00 9.966423e+09 
4992 0.000000e+00 0.000000e+00 9.930579e+09 
4993 0.000000e+00 0.000000e+00 9.926722e+09 
4994 0.000000e+00 0.000000e+00 9.927084e+09 
4995 0.000000e+00 0.000000e+00 9.926728e+09 
4996 0.000000e+00 0.000000e+00 9.927545e+09 
4997 0.000000e+00 0.000000e+00 9.936395e+09 
4998 0.000000e+00 0.000000e+00 1.013663e+10 
4999 0.000000e+00 0.000000e+00 1.054281e+10 
5000 0.000000e+00 0.000000e+00 1.064710e+10 
5001 0.000000e+00 0.000000e+00 1.063601e+10 
5002 0.000000e+00 0.000000e+00 1.068225e+10 
5003 0.000000e+00 0.000000e+00 1.011871e+10 
5004 0.000000e+00 0.000000e+00 1.012006e+10 
5005 0.000000e+00 0.000000e+00 1.021461e+10 
5006 0.000000e+00 0.000000e+00 1.040606e+10 
5007 0.000000e+00 0.000000e+00 1.050387e+10 
5008 0.000000e+00 0.000000e+00 1.055477e+10 
5009 0.000000e+00 0.000000e+00 1.061731e+10 
5010 0.000000e+00 0.000000e+00 1.071604e+10 
5011 0.000000e+00 0.000000e+00 1.006146e+10 
5012 0.000000e+00 0.000000e+00 1.004601e+10 
5013 0.000000e+00 0.000000e+00 1.012724e+10 
5014 0.000000e+00 0.000000e+00 1.027334e+10 
5015 0.000000e+00 0.000000e+00 1.044324e+10 
5016 0.000000e+00 0.000000e+00 1.052039e+10 
5017 0.000000e+00 0.000000e+00 1.058102e+10 
5018 0.000000e+00 0.000000e+00 1.066033e+10 
5019 0.000000e+00 0.000000e+00 1.068682e+10 
5020 0.000000e+00 0.000000e+00 1.011183e+10 
5021 0.000000e+00 0.000000e+00 1.008862e+10 
5022 0.000000e+00 0.000000e+00 1.019299e+10 
5023 0.000000e+00 0.000000e+00 1.033200e+10 
5024 0.000000e+00 0.000000e+00 1.047304e+10 
5025 0.000000e+00 0.000000e+00 1.058100e+10 
5026 0.000000e+00 0.000000e+00 1.062619e+10 
5027 0.000000e+00 0.000000e+00 1.065231e+10 
5028 0.000000e+00 0.000000e+00 1.068916e+10 
5029 0.000000e+00 0.000000e+00 1.015777e+10 
5030 0.000000e+00 0.000000e+00 1.015408e+10 
5031 0.000000e+00 0.000000e+00 1.028916e+10 
5032 0.000000e+00 0.000000e+00 1.043133e+10 
5033 0.000000e+00 0.000000e+00 1.051199e+10 
5034 0.000000e+00 0.000000e+00 1.057931e+10 
5035 0.000000e+00 0.000000e+00 1.064069e+10 
5036 0.000000e+00 0.000000e+00 1.067737e+10 
5037 0.000000e+00 0.000000e+00 1.070666e+10 
5038 0.000000e+00 0.000000e+00 9.957072e+09 
5039 0.000000e+00 0.000000e+00 9.929988e+09 
5040 0.000000e+00 0.000000e+00 9.929464e+09 
5041 0.000000e+00 0.000000e+00 9.928075e+09 
5042 0.000000e+00 0.000000e+00 9.929368e+09 
5043 0.000000e+00 0.000000e+00 9.932023e+09 
5044 0.000000e+00 0.000000e+00 1.001684e+10 
5045 0.000000e+00 0.000000e+00 1.039215e+10 
5046 0.000000e+00 0.000000e+00 1.057335e+10 
5047 0.000000e+00 0.000000e+00 1.058112e+10 
5048 0.000000e+00 0.000000e+00 1.073472e+10 
5049 0.000000e+00 0.000000e+00 1.067140e+10 
5050 0.000000e+00 0.000000e+00 9.960063e+09 
5051 0.000000e+00 0.000000e+00 9.928516e+09 
5052 0.000000e+00 0.000000e+00 9.927191e+09 
5053 0.000000e+00 0.000000e+00 9.927107e+09 
5054 0.000000e+00 0.000000e+00 9.927151e+09 
5055 0.000000e+00 0.000000e+00 9.927106e+09 
5056 0.000000e+00 0.000000e+00 9.928150e+09 
5057 0.000000e+00 0.000000e+00 9.947955e+09 
5058 0.000000e+00 0.000000e+00 1.024883e+10 
5059 0.000000e+00 0.000000e+00 1.063331e+10 
5060 0.000000e+00 0.000000e+00 1.064325e+10 
5061 0.000000e+00 0.000000e+00 1.068794e+10 
5062 0.000000e+00 0.000000e+00 1.010767e+10 
5063 0.000000e+00 0.000000e+00 1.007977e+10 
5064 0.000000e+00 0.000000e+00 1.017675e+10 
5065 0.000000e+00 0.000000e+00 1.033024e+10 
5066 0.000000e+00 0.000000e+00 1.047007e+10 
5067 0.000000e+00 0.000000e+00 1.057813e+10 
5068 0.000000e+00 0.000000e+00 1.063384e+10 
5069 0.000000e+00 0.000000e+00 1.064651e+10 
5070 0.000000e+00 0.000000e+00 1.074070e+10 
5071 0.000000e+00 0.000000e+00 9.972400e+09 
5072 0.000000e+00 0.000000e+00 9.933491e+09 
5073 0.000000e+00 0.000000e+00 9.927006e+09 
5074 0.000000e+00 0.000000e+00 9.927363e+09 
5075 0.000000e+00 0.000000e+00 9.926861e+09 
5076 0.000000e+00 0.000000e+00 9.928010e+09 
5077 0.000000e+00 0.000000e+00 9.928916e+09 
5078 0.000000e+00 0.000000e+00 1.001765e+10 
5079 0.000000e+00 0.000000e+00 1.038326e+10 
5080 0.000000e+00 0.000000e+00 1.064205e+10 
5081 0.000000e+00 0.000000e+00 1.063526e+10 
5082 0.000000e+00 0.000000e+00 1.072735e+10 
5083 0.000000e+00 0.000000e+00 1.009335e+10 
5084 0.000000e+00 0.000000e+00 1.010323e+10 
5085 0.000000e+00 0.000000e+00 1.020861e+10 
5086 0.000000e+00 0.000000e+00 1.038483e+10 
5087 0.000000e+00 0.000000e+00 1.044616e+10 
5088 0.000000e+00 0.000000e+00 1.058072e+10 
5089 0.000000e+00 0.000000e+00 1.058698e+10 
5090 0.000000e+00 0.000000e+00 1.068290e+10 
5091 0.000000e+00 0.000000e+00 1.044331e+10 
5092 0.000000e+00 0.000000e+00 1.049841e+10 
5093 0.000000e+00 0.000000e+00 1.054983e+10 
5094 0.000000e+00 0.000000e+00 1.067502e+10 
5095 0.000000e+00 0.000000e+00 1.067640e+10 
5096 0.000000e+00 0.000000e+00 1.070951e+10 
5097 0.000000e+00 0.000000e+00 9.966361e+09 
5098 0.000000e+00 0.000000e+00 9.932248e+09 
5099 0.000000e+00 0.000000e+00 9.927327e+09 
5100 0.000000e+00 0.000000e+00 9.927265e+09 
5101 0.000000e+00 0.000000e+00 9.926738e+09 
5102 0.000000e+00 0.000000e+00 9.929837e+09 
5103 0.000000e+00 0.000000e+00 9.945462e+09 
5104 0.000000e+00 0.000000e+00 1.013000e+10 
5105 0.000000e+00 0.000000e+00 1.053069e+10 
5106 0.000000e+00 0.000000e+00 1.065695e+10 
5107 0.000000e+00 0.000000e+00 1.066919e+10 
5108 0.000000e+00 0.000000e+00 1.074233e+10 
5109 0.000000e+00 0.000000e+00 9.979218e+09 
5110 0.000000e+00 0.000000e+00 9.934254e+09 
5111 0.000000e+00 0.000000e+00 9.928517e+09 
5112 0.000000e+00 0.000000e+00 9.927052e+09 
5113 0.000000e+00 0.000000e+00 9.927642e+09 
5114 0.000000e+00 0.000000e+00 9.927607e+09 
5115 0.000000e+00 0.000000e+00 9.927210e+09 
5116 0.000000e+00 0.000000e+00 9.946289e+09 
5117 0.000000e+00 0.000000e+00 1.014487e+10 
5118 0.000000e+00 0.000000e+00 1.058292e+10 
5119 0.000000e+00 0.000000e+00 1.059922e+10 
5120 0.000000e+00 0.000000e+00 1.072640e+10 
5121 0.000000e+00 0.000000e+00 9.997993e+09 
5122 0.000000e+00 0.000000e+00 9.939986e+09 
5123 0.000000e+00 0.000000e+00 9.929534e+09 
5124 0.000000e+00 0.000000e+00 9.927910e+09 
5125 0.000000e+00 0.000000e+00 9.927332e+09 
5126 0.000000e+00 0.000000e+00 9.928080e+09 
5127 0.000000e+00 0.000000e+00 9.926703e+09 
5128 0.000000e+00 0.000000e+00 9.953952e+09 
5129 0.000000e+00 0.000000e+00 1.016868e+10 
5130 0.000000e+00 0.000000e+00 1.053845e+10 
5131 0.000000e+00 0.000000e+00 1.059474e+10 
5132 0.000000e+00 0.000000e+00 1.068094e+10 
5133 0.000000e+00 0.000000e+00 1.072094e+10 
5134 0.000000e+00 0.000000e+00 9.965900e+09 
5135 0.000000e+00 0.000000e+00 9.930171e+09 
5136 0.000000e+00 0.000000e+00 9.926881e+09 
5137 0.000000e+00 0.000000e+00 9.927283e+09 
5138 0.000000e+00 0.000000e+00 9.926883e+09 
5139 0.000000e+00 0.000000e+00 9.928064e+09 
5140 0.000000e+00 0.000000e+00 9.929203e+09 
5141 0.000000e+00 0.000000e+00 1.002280e+10 
5142 0.000000e+00 0.000000e+00 1.033028e+10 
5143 0.000000e+00 0.000000e+00 1.059116e+10 
5144 0.000000e+00 0.000000e+00 1.065749e+10 
5145 0.000000e+00 0.000000e+00 1.070394e+10 
5146 0.000000e+00 0.000000e+00 1.009197e+10 
5147 0.000000e+00 0.000000e+00 1.008240e+10 
5148 0.000000e+00 0.000000e+00 1.016951e+10 
5149 0.000000e+00 0.000000e+00 1.035571e+10 
5150 0.000000e+00 0.000000e+00 1.044150e+10 
5151 0.000000e+00 0.000000e+00 1.059526e+10 
5152 0.000000e+00 0.000000e+00 1.062568e+10 
5153 0.000000e+00 0.000000e+00 1.067809e+10 
5154 0.000000e+00 0.000000e+00 1.069983e+10 
5155 0.000000e+00 0.000000e+00 9.966731e+09 
5156 0.000000e+00 0.000000e+00 9.929688e+09 
5157 0.000000e+00 0.000000e+00 9.926863e+09 
5158 0.000000e+00 0.000000e+00 9.927109e+09 
5159 0.000000e+00 0.000000e+00 9.926870e+09 
5160 0.000000e+00 0.000000e+00 9.927927e+09 
5161 0.000000e+00 0.000000e+00 9.927321e+09 
5162 0.000000e+00 0.000000e+00 9.975354e+09 
5163 0.000000e+00 0.000000e+00 1.029693e+10 
5164 0.000000e+00 0.000000e+00 1.062333e+10 
5165 0.000000e+00 0.000000e+00 1.063652e+10 
5166 0.000000e+00 0.000000e+00 1.071711e+10 
5167 0.000000e+00 0.000000e+00 1.008386e+10 
5168 0.000000e+00 0.000000e+00 1.008614e+10 
5169 0.000000e+00 0.000000e+00 1.019030e+10 
5170 0.000000e+00 0.000000e+00 1.038971e+10 
5171 0.000000e+00 0.000000e+00 1.044478e+10 
5172 0.000000e+00 0.000000e+00 1.055634e+10 
5173 0.000000e+00 0.000000e+00 1.063208e+10 
5174 0.000000e+00 0.000000e+00 1.067717e+10 
5175 0.000000e+00 0.000000e+00 1.001307e+10 
5176 0.000000e+00 0.000000e+00 9.945184e+09 
5177 0.000000e+00 0.000000e+00 9.928697e+09 
5178 0.000000e+00 0.000000e+00 9.926640e+09 
5179 0.000000e+00 0.000000e+00 9.927067e+09 
5180 0.000000e+00 0.000000e+00 9.926815e+09 
5181 0.000000e+00 0.000000e+00 9.927521e+09 
5182 0.000000e+00 0.000000e+00 9.926984e+09 
5183 0.000000e+00 0.000000e+00 9.978222e+09 
5184 0.000000e+00 0.000000e+00 1.035940e+10 
5185 0.000000e+00 0.000000e+00 1.067253e+10 
5186 0.000000e+00 0.000000e+00 1.060647e+10 
5187 0.000000e+00 0.000000e+00 1.074819e+10 
5188 0.000000e+00 0.000000e+00 9.989460e+09 
5189 0.000000e+00 0.000000e+00 9.936941e+09 
5190 0.000000e+00 0.000000e+00 9.927448e+09 
5191 0.000000e+00 0.000000e+00 9.927088e+09 
5192 0.000000e+00 0.000000e+00 9.926814e+09 
5193 0.000000e+00 0.000000e+00 9.927497e+09 
5194 0.000000e+00 0.000000e+00 9.927787e+09 
5195 0.000000e+00 0.000000e+00 9.931788e+09 
5196 0.000000e+00 0.000000e+00 1.002522e+10 
5197 0.000000e+00 0.000000e+00 1.029424e+10 
5198 0.000000e+00 0.000000e+00 1.054379e+10 
5199 0.000000e+00 0.000000e+00 1.067684e+10 
5200 0.000000e+00 0.000000e+00 1.069533e+10 
5201 0.000000e+00 0.000000e+00 9.969074e+09 
5202 0.000000e+00 0.000000e+00 9.930798e+09 
5203 0.000000e+00 0.000000e+00 9.927207e+09 
5204 0.000000e+00 0.000000e+00 9.926710e+09 
5205 0.000000e+00 0.000000e+00 9.927884e+09 
5206 0.000000e+00 0.000000e+00 9.927014e+09 
5207 0.000000e+00 0.000000e+00 9.953695e+09 
5208 0.000000e+00 0.000000e+00 1.021868e+10 
5209 0.000000e+00 0.000000e+00 1.061155e+10 
5210 0.000000e+00 0.000000e+00 1.056014e+10 
5211 0.000000e+00 0.000000e+00 1.066830e+10 
5212 0.000000e+00 0.000000e+00 1.069688e+10 
5213 0.000000e+00 0.000000e+00 9.968366e+09 
5214 0.000000e+00 0.000000e+00 9.929894e+09 
5215 0.000000e+00 0.000000e+00 9.926801e+09 
5216 0.000000e+00 0.000000e+00 9.926924e+09 
5217 0.000000e+00 0.000000e+00 9.926759e+09 
5218 0.000000e+00 0.000000e+00 9.927573e+09 
5219 0.000000e+00 0.000000e+00 9.926979e+09 
5220 0.000000e+00 0.000000e+00 9.961930e+09 
5221 0.000000e+00 0.000000e+00 1.025800e+10 
5222 0.000000e+00 0.000000e+00 1.053931e+10 
5223 0.000000e+00 0.000000e+00 1.063322e+10 
5224 0.000000e+00 0.000000e+00 1.068913e+10 
5225 0.000000e+00 0.000000e+00 1.046347e+10 
5226 0.000000e+00 0.000000e+00 1.052577e+10 
5227 0.000000e+00 0.000000e+00 1.060614e+10 
5228 0.000000e+00 0.000000e+00 1.068716e+10 
5229 0.000000e+00 0.000000e+00 1.064295e+10 
5230 0.000000e+00 0.000000e+00 1.009768e+10 
5231 0.000000e+00 0.000000e+00 1.006399e+10 
5232 0.000000e+00 0.000000e+00 1.018521e+10 
5233 0.000000e+00 0.000000e+00 1.035909e+10 
5234 0.000000e+00 0.000000e+00 1.050952e+10 
5235 0.000000e+00 0.000000e+00 1.057214e+10 
5236 0.000000e+00 0.000000e+00 1.066201e+10 
5237 0.000000e+00 0.000000e+00 1.068438e+10 
5238 0.000000e+00 0.000000e+00 1.073012e+10 
5239 0.000000e+00 0.000000e+00 9.974998e+09 
5240 0.000000e+00 0.000000e+00 9.934787e+09 
5241 0.000000e+00 0.000000e+00 9.929062e+09 
5242 0.000000e+00 0.000000e+00 9.927800e+09 
5243 0.000000e+00 0.000000e+00 9.927944e+09 
5244 0.000000e+00 0.000000e+00 9.930462e+09 
5245 0.000000e+00 0.000000e+00 9.933990e+09 
5246 0.000000e+00 0.000000e+00 1.000673e+10 
5247 0.000000e+00 0.000000e+00 1.034813e+10 
5248 0.000000e+00 0.000000e+00 1.061332e+10 
5249 0.000000e+00 0.000000e+00 1.064520e+10 
5250 0.000000e+00 0.000000e+00 1.075351e+10 
5251 0.000000e+00 0.000000e+00 9.994440e+09 
5252 0.000000e+00 0.000000e+00 9.938301e+09 
5253 0.000000e+00 0.000000e+00 9.927893e+09 
5254 0.000000e+00 0.000000e+00 9.926760e+09 
5255 0.000000e+00 0.000000e+00 9.927283e+09 
5256 0.000000e+00 0.000000e+00 9.927684e+09 
5257 0.000000e+00 0.000000e+00 9.926995e+09 
5258 0.000000e+00 0.000000e+00 9.941852e+09 
5259 0.000000e+00 0.000000e+00 1.005734e+10 
5260 0.000000e+00 0.000000e+00 1.047188e+10 
5261 0.000000e+00 0.000000e+00 1.061024e+10 
5262 0.000000e+00 0.000000e+00 1.068327e+10 
5263 0.000000e+00 0.000000e+00 1.065715e+10 
5264 0.000000e+00 0.000000e+00 9.957972e+09 
5265 0.000000e+00 0.000000e+00 9.928936e+09 
5266 0.000000e+00 0.000000e+00 9.926814e+09 
5267 0.000000e+00 0.000000e+00 9.927104e+09 
5268 0.000000e+00 0.000000e+00 9.926946e+09 
5269 0.000000e+00 0.000000e+00 9.927086e+09 
5270 0.000000e+00 0.000000e+00 9.929490e+09 
5271 0.000000e+00 0.000000e+00 9.977145e+09 
5272 0.000000e+00 0.000000e+00 1.035434e+10 
5273 0.000000e+00 0.000000e+00 1.066163e+10 
5274 0.000000e+00 0.000000e+00 1.065453e+10 
5275 0.000000e+00 0.000000e+00 1.067924e+10 
5276 0.000000e+00 0.000000e+00 9.979378e+09 
5277 0.000000e+00 0.000000e+00 9.934015e+09 
5278 0.000000e+00 0.000000e+00 9.928624e+09 
5279 0.000000e+00 0.000000e+00 9.927001e+09 
5280 0.000000e+00 0.000000e+00 9.927117e+09 
5281 0.000000e+00 0.000000e+00 9.928255e+09 
5282 0.000000e+00 0.000000e+00 9.931929e+09 
5283 0.000000e+00 0.000000e+00 1.000870e+10 
5284 0.000000e+00 0.000000e+00 1.028438e+10 
5285 0.000000e+00 0.000000e+00 1.048422e+10 
5286 0.000000e+00 0.000000e+00 1.067251e+10 
5287 0.000000e+00 0.000000e+00 1.064375e+10 
5288 0.000000e+00 0.000000e+00 1.007518e+10 
5289 0.000000e+00 0.000000e+00 1.003819e+10 
5290 0.000000e+00 0.000000e+00 1.010337e+10 
5291 0.000000e+00 0.000000e+00 1.028871e+10 
5292 0.000000e+00 0.000000e+00 1.044277e+10 
5293 0.000000e+00 0.000000e+00 1.057712e+10 
5294 0.000000e+00 0.000000e+00 1.061150e+10 
5295 0.000000e+00 0.000000e+00 1.066529e+10 
5296 0.000000e+00 0.000000e+00 1.069348e+10 
5297 0.000000e+00 0.000000e+00 1.011181e+10 
5298 0.000000e+00 0.000000e+00 1.009398e+10 
5299 0.000000e+00 0.000000e+00 1.021227e+10 
5300 0.000000e+00 0.000000e+00 1.038681e+10 
5301 0.000000e+00 0.000000e+00 1.048167e+10 
5302 0.000000e+00 0.000000e+00 1.055147e+10 
5303 0.000000e+00 0.000000e+00 1.061441e+10 
5304 0.000000e+00 0.000000e+00 1.068007e+10 
5305 0.000000e+00 0.000000e+00 1.067200e+10 
5306 0.000000e+00 0.000000e+00 9.963323e+09 
5307 0.000000e+00 0.000000e+00 9.927759e+09 
5308 0.000000e+00 0.000000e+00 9.927158e+09 
5309 0.000000e+00 0.000000e+00 9.926953e+09 
5310 0.000000e+00 0.000000e+00 9.927108e+09 
5311 0.000000e+00 0.000000e+00 9.927920e+09 
5312 0.000000e+00 0.000000e+00 9.936163e+09 
5313 0.000000e+00 0.000000e+00 1.010405e+10 
5314 0.000000e+00 0.000000e+00 1.052233e+10 
5315 0.000000e+00 0.000000e+00 1.062704e+10 
5316 0.000000e+00 0.000000e+00 1.068956e+10 
5317 0.000000e+00 0.000000e+00 1.068803e+10 
5318 0.000000e+00 0.000000e+00 1.051844e+10 
5319 0.000000e+00 0.000000e+00 1.055971e+10 
5320 0.000000e+00 0.000000e+00 1.061163e+10 
5321 0.000000e+00 0.000000e+00 1.069489e+10 
5322 0.000000e+00 0.000000e+00 1.003434e+10 
5323 0.000000e+00 0.000000e+00 1.001375e+10 
5324 0.000000e+00 0.000000e+00 1.005994e+10 
5325 0.000000e+00 0.000000e+00 1.020059e+10 
5326 0.000000e+00 0.000000e+00 1.038344e+10 
5327 0.000000e+00 0.000000e+00 1.051721e+10 
5328 0.000000e+00 0.000000e+00 1.057389e+10 
5329 0.000000e+00 0.000000e+00 1.063795e+10 
5330 0.000000e+00 0.000000e+00 1.070106e+10 
5331 0.000000e+00 0.000000e+00 1.006972e+10 
5332 0.000000e+00 0.000000e+00 1.004678e+10 
5333 0.000000e+00 0.000000e+00 1.012279e+10 
5334 0.000000e+00 0.000000e+00 1.031080e+10 
5335 0.000000e+00 0.000000e+00 1.042869e+10 
5336 0.000000e+00 0.000000e+00 1.051669e+10 
5337 0.000000e+00 0.000000e+00 1.061698e+10 
5338 0.000000e+00 0.000000e+00 1.063329e+10 
5339 0.000000e+00 0.000000e+00 1.069678e+10 
5340 0.000000e+00 0.000000e+00 1.011242e+10 
5341 0.000000e+00 0.000000e+00 1.008220e+10 
5342 0.000000e+00 0.000000e+00 1.022576e+10 
5343 0.000000e+00 0.000000e+00 1.036791e+10 
5344 0.000000e+00 0.000000e+00 1.051379e+10 
5345 0.000000e+00 0.000000e+00 1.056874e+10 
5346 0.000000e+00 0.000000e+00 1.060836e+10 
5347 0.000000e+00 0.000000e+00 1.066881e+10 
5348 0.000000e+00 0.000000e+00 1.069787e+10 
5349 0.000000e+00 0.000000e+00 9.963266e+09 
5350 0.000000e+00 0.000000e+00 9.929395e+09 
5351 0.000000e+00 0.000000e+00 9.927746e+09 
5352 0.000000e+00 0.000000e+00 9.927476e+09 
5353 0.000000e+00 0.000000e+00 9.928384e+09 
5354 0.000000e+00 0.000000e+00 9.928467e+09 
5355 0.000000e+00 0.000000e+00 9.931167e+09 
5356 0.000000e+00 0.000000e+00 1.002396e+10 
5357 0.000000e+00 0.000000e+00 1.037739e+10 
5358 0.000000e+00 0.000000e+00 1.064651e+10 
5359 0.000000e+00 0.000000e+00 1.063974e+10 
5360 0.000000e+00 0.000000e+00 1.068791e+10 
5361 0.000000e+00 0.000000e+00 1.011366e+10 
5362 0.000000e+00 0.000000e+00 1.010412e+10 
5363 0.000000e+00 0.000000e+00 1.018002e+10 
5364 0.000000e+00 0.000000e+00 1.037063e+10 
5365 0.000000e+00 0.000000e+00 1.046418e+10 
5366 0.000000e+00 0.000000e+00 1.059476e+10 
5367 0.000000e+00 0.000000e+00 1.059104e+10 
5368 0.000000e+00 0.000000e+00 1.070287e+10 
5369 0.000000e+00 0.000000e+00 1.004861e+10 
5370 0.000000e+00 0.000000e+00 1.003756e+10 
5371 0.000000e+00 0.000000e+00 1.008530e+10 
5372 0.000000e+00 0.000000e+00 1.025220e+10 
5373 0.000000e+00 0.000000e+00 1.042462e+10 
5374 0.000000e+00 0.000000e+00 1.053307e+10 
5375 0.000000e+00 0.000000e+00 1.056497e+10 
5376 0.000000e+00 0.000000e+00 1.069086e+10 
5377 0.000000e+00 0.000000e+00 1.064898e+10 
5378 0.000000e+00 0.000000e+00 1.073661e+10 
5379 0.000000e+00 0.000000e+00 9.962153e+09 
5380 0.000000e+00 0.000000e+00 9.929796e+09 
5381 0.000000e+00 0.000000e+00 9.927884e+09 
5382 0.000000e+00 0.000000e+00 9.928601e+09 
5383 0.000000e+00 0.000000e+00 9.936130e+09 
5384 0.000000e+00 0.000000e+00 9.978041e+09 
5385 0.000000e+00 0.000000e+00 1.013453e+10 
5386 0.000000e+00 0.000000e+00 1.042846e+10 
5387 0.000000e+00 0.000000e+00 1.061071e+10 
5388 0.000000e+00 0.000000e+00 1.062389e+10 
5389 0.000000e+00 0.000000e+00 1.070186e+10 
5390 0.000000e+00 0.000000e+00 1.069716e+10 
5391 0.000000e+00 0.000000e+00 9.959397e+09 
5392 0.000000e+00 0.000000e+00 9.930025e+09 
5393 0.000000e+00 0.000000e+00 9.927281e+09 
5394 0.000000e+00 0.000000e+00 9.927213e+09 
5395 0.000000e+00 0.000000e+00 9.928044e+09 
5396 0.000000e+00 0.000000e+00 9.927733e+09 
5397 0.000000e+00 0.000000e+00 9.933081e+09 
5398 0.000000e+00 0.000000e+00 9.981334e+09 
5399 0.000000e+00 0.000000e+00 1.040734e+10 
5400 0.000000e+00 0.000000e+00 1.057997e+10 
5401 0.000000e+00 0.000000e+00 1.066943e+10 
5402 0.000000e+00 0.000000e+00 1.002145e+10 
5403 0.000000e+00 0.000000e+00 9.992860e+09 
5404 0.000000e+00 0.000000e+00 1.001787e+10 
5405 0.000000e+00 0.000000e+00 1.014611e+10 
5406 0.000000e+00 0.000000e+00 1.032556e+10 
5407 0.000000e+00 0.000000e+00 1.051129e+10 
5408 0.000000e+00 0.000000e+00 1.052713e+10 
5409 0.000000e+00 0.000000e+00 1.065520e+10 
5410 0.000000e+00 0.000000e+00 1.064735e+10 
5411 0.000000e+00 0.000000e+00 1.046942e+10 
5412 0.000000e+00 0.000000e+00 1.048090e+10 
5413 0.000000e+00 0.000000e+00 1.059477e+10 
5414 0.000000e+00 0.000000e+00 1.064299e+10 
5415 0.000000e+00 0.000000e+00 1.071950e+10 
5416 0.000000e+00 0.000000e+00 1.000120e+10 
5417 0.000000e+00 0.000000e+00 9.942153e+09 
5418 0.000000e+00 0.000000e+00 9.929485e+09 
5419 0.000000e+00 0.000000e+00 9.926806e+09 
5420 0.000000e+00 0.000000e+00 9.928136e+09 
5421 0.000000e+00 0.000000e+00 9.926931e+09 
5422 0.000000e+00 0.000000e+00 9.929579e+09 
5423 0.000000e+00 0.000000e+00 9.943335e+09 
5424 0.000000e+00 0.000000e+00 1.010203e+10 
5425 0.000000e+00 0.000000e+00 1.043302e+10 
5426 0.000000e+00 0.000000e+00 1.067748e+10 
5427 0.000000e+00 0.000000e+00 1.063940e+10 
5428 0.000000e+00 0.000000e+00 1.070443e+10 
5429 0.000000e+00 0.000000e+00 1.013710e+10 
5430 0.000000e+00 0.000000e+00 1.013546e+10 
5431 0.000000e+00 0.000000e+00 1.025851e+10 
5432 0.000000e+00 0.000000e+00 1.038563e+10 
5433 0.000000e+00 0.000000e+00 1.051554e+10 
5434 0.000000e+00 0.000000e+00 1.058391e+10 
5435 0.000000e+00 0.000000e+00 1.064409e+10 
5436 0.000000e+00 0.000000e+00 1.066797e+10 
5437 0.000000e+00 0.000000e+00 1.073969e+10 
5438 0.000000e+00 0.000000e+00 9.960158e+09 
5439 0.000000e+00 0.000000e+00 9.927758e+09 
5440 0.000000e+00 0.000000e+00 9.927455e+09 
5441 0.000000e+00 0.000000e+00 9.927706e+09 
5442 0.000000e+00 0.000000e+00 9.928419e+09 
5443 0.000000e+00 0.000000e+00 9.928699e+09 
5444 0.000000e+00 0.000000e+00 9.966685e+09 
5445 0.000000e+00 0.000000e+00 1.029084e+10 
5446 0.000000e+00 0.000000e+00 1.054129e+10 
5447 0.000000e+00 0.000000e+00 1.060478e+10 
5448 0.000000e+00 0.000000e+00 1.067173e+10 
5449 0.000000e+00 0.000000e+00 1.069487e+10 
5450 0.000000e+00 0.000000e+00 9.975398e+09 
5451 0.000000e+00 0.000000e+00 9.933561e+09 
5452 0.000000e+00 0.000000e+00 9.927277e+09 
5453 0.000000e+00 0.000000e+00 9.927026e+09 
5454 0.000000e+00 0.000000e+00 9.926870e+09 
5455 0.000000e+00 0.000000e+00 9.927161e+09 
5456 0.000000e+00 0.000000e+00 9.926959e+09 
5457 0.000000e+00 0.000000e+00 9.946582e+09 
5458 0.000000e+00 0.000000e+00 1.019594e+10 
5459 0.000000e+00 0.000000e+00 1.055045e+10 
5460 0.000000e+00 0.000000e+00 1.064617e+10 
5461 0.000000e+00 0.000000e+00 1.069123e+10 
5462 0.000000e+00 0.000000e+00 1.008272e+10 
5463 0.000000e+00 0.000000e+00 1.006944e+10 
5464 0.000000e+00 0.000000e+00 1.017602e+10 
5465 0.000000e+00 0.000000e+00 1.035753e+10 
5466 0.000000e+00 0.000000e+00 1.045454e+10 
5467 0.000000e+00 0.000000e+00 1.058719e+10 
5468 0.000000e+00 0.000000e+00 1.062630e+10 
5469 0.000000e+00 0.000000e+00 1.072015e+10 
5470 0.000000e+00 0.000000e+00 1.064940e+10 
5471 0.000000e+00 0.000000e+00 9.964090e+09 
5472 0.000000e+00 0.000000e+00 9.929352e+09 
5473 0.000000e+00 0.000000e+00 9.927412e+09 
5474 0.000000e+00 0.000000e+00 9.927084e+09 
5475 0.000000e+00 0.000000e+00 9.927131e+09 
5476 0.000000e+00 0.000000e+00 9.926839e+09 
5477 0.000000e+00 0.000000e+00 9.927855e+09 
5478 0.000000e+00 0.000000e+00 9.947905e+09 
5479 0.000000e+00 0.000000e+00 1.028203e+10 
5480 0.000000e+00 0.000000e+00 1.061671e+10 
5481 0.000000e+00 0.000000e+00 1.065539e+10 
5482 0.000000e+00 0.000000e+00 1.065522e+10 
5483 0.000000e+00 0.000000e+00 1.008416e+10 
5484 0.000000e+00 0.000000e+00 1.007023e+10 
5485 0.000000e+00 0.000000e+00 1.017737e+10 
5486 0.000000e+00 0.000000e+00 1.031481e+10 
5487 0.000000e+00 0.000000e+00 1.046077e+10 
5488 0.000000e+00 0.000000e+00 1.053599e+10 
5489 0.000000e+00 0.000000e+00 1.062775e+10 
5490 0.000000e+00 0.000000e+00 1.064445e+10 
5491 0.000000e+00 0.000000e+00 1.002567e+10 
5492 0.000000e+00 0.000000e+00 1.000878e+10 
5493 0.000000e+00 0.000000e+00 1.006704e+10 
5494 0.000000e+00 0.000000e+00 1.021790e+10 
5495 0.000000e+00 0.000000e+00 1.036098e+10 
5496 0.000000e+00 0.000000e+00 1.050821e+10 
5497 0.000000e+00 0.000000e+00 1.056604e+10 
5498 0.000000e+00 0.000000e+00 1.063454e+10 
5499 0.000000e+00 0.000000e+00 1.070132e+10 
5500 0.000000e+00 0.000000e+00 1.069373e+10 
5501 0.000000e+00 0.000000e+00 9.958506e+09 
5502 0.000000e+00 0.000000e+00 9.928975e+09 
5503 0.000000e+00 0.000000e+00 9.927292e+09 
5504 0.000000e+00 0.000000e+00 9.928187e+09 
5505 0.000000e+00 0.000000e+00 9.927198e+09 
5506 0.000000e+00 0.000000e+00 9.927719e+09 
5507 0.000000e+00 0.000000e+00 9.929016e+09 
5508 0.000000e+00 0.000000e+00 1.000729e+10 
5509 0.000000e+00 0.000000e+00 1.040791e+10 
5510 0.000000e+00 0.000000e+00 1.063473e+10 
5511 0.000000e+00 0.000000e+00 1.069011e+10 
5512 0.000000e+00 0.000000e+00 1.001523e+10 
5513 0.000000e+00 0.000000e+00 9.939626e+09 
5514 0.000000e+00 0.000000e+00 9.927248e+09 
5515 0.000000e+00 0.000000e+00 9.926847e+09 
5516 0.000000e+00 0.000000e+00 9.927139e+09 
5517 0.000000e+00 0.000000e+00 9.926808e+09 
5518 0.000000e+00 0.000000e+00 9.927481e+09 
5519 0.000000e+00 0.000000e+00 9.927282e+09 
5520 0.000000e+00 0.000000e+00 9.976019e+09 
5521 0.000000e+00 0.000000e+00 1.026873e+10 
5522 0.000000e+00 0.000000e+00 1.060271e+10 
5523 0.000000e+00 0.000000e+00 1.062659e+10 
5524 0.000000e+00 0.000000e+00 1.071050e+10 
5525 0.000000e+00 0.000000e+00 1.006623e+10 
5526 0.000000e+00 0.000000e+00 1.006715e+10 
5527 0.000000e+00 0.000000e+00 1.014119e+10 
5528 0.000000e+00 0.000000e+00 1.034898e+10 
5529 0.000000e+00 0.000000e+00 1.044057e+10 
5530 0.000000e+00 0.000000e+00 1.059312e+10 
5531 0.000000e+00 0.000000e+00 1.060673e+10 
5532 0.000000e+00 0.000000e+00 1.072301e+10 
5533 0.000000e+00 0.000000e+00 1.065137e+10 
5534 0.000000e+00 0.000000e+00 9.963373e+09 
5535 0.000000e+00 0.000000e+00 9.930230e+09 
5536 0.000000e+00 0.000000e+00 9.927126e+09 
5537 0.000000e+00 0.000000e+00 9.928216e+09 
5538 0.000000e+00 0.000000e+00 9.926633e+09 
5539 0.000000e+00 0.000000e+00 9.930599e+09 
5540 0.000000e+00 0.000000e+00 9.934610e+09 
5541 0.000000e+00 0.000000e+00 1.009307e+10 
5542 0.000000e+00 0.000000e+00 1.046153e+10 
5543 0.000000e+00 0.000000e+00 1.061413e+10 
5544 0.000000e+00 0.000000e+00 1.062499e+10 
5545 0.000000e+00 0.000000e+00 1.072253e+10 
5546 0.000000e+00 0.000000e+00 9.994740e+09 
5547 0.000000e+00 0.000000e+00 9.939073e+09 
5548 0.000000e+00 0.000000e+00 9.927790e+09 
5549 0.000000e+00 0.000000e+00 9.926718e+09 
5550 0.000000e+00 0.000000e+00 9.927112e+09 
5551 0.000000e+00 0.000000e+00 9.926765e+09 
5552 0.000000e+00 0.000000e+00 9.928601e+09 
5553 0.000000e+00 0.000000e+00 9.947478e+09 
5554 0.000000e+00 0.000000e+00 1.009089e+10 
5555 0.000000e+00 0.000000e+00 1.037884e+10 
5556 0.000000e+00 0.000000e+00 1.064497e+10 
5557 0.000000e+00 0.000000e+00 1.066723e+10 
5558 0.000000e+00 0.000000e+00 1.073288e+10 
5559 0.000000e+00 0.000000e+00 9.969515e+09 
5560 0.000000e+00 0.000000e+00 9.932402e+09 
5561 0.000000e+00 0.000000e+00 9.927351e+09 
5562 0.000000e+00 0.000000e+00 9.927161e+09 
5563 0.000000e+00 0.000000e+00 9.926885e+09 
5564 0.000000e+00 0.000000e+00 9.928232e+09 
5565 0.000000e+00 0.000000e+00 9.929701e+09 
5566 0.000000e+00 0.000000e+00 1.005833e+10 
5567 0.000000e+00 0.000000e+00 1.048338e+10 
5568 0.000000e+00 0.000000e+00 1.063293e+10 
5569 0.000000e+00 0.000000e+00 1.062632e+10 
5570 0.000000e+00 0.000000e+00 1.070867e+10 
5571 0.000000e+00 0.000000e+00 9.984173e+09 
5572 0.000000e+00 0.000000e+00 9.935140e+09 
5573 0.000000e+00 0.000000e+00 9.927216e+09 
5574 0.000000e+00 0.000000e+00 9.926631e+09 
5575 0.000000e+00 0.000000e+00 9.927354e+09 
5576 0.000000e+00 0.000000e+00 9.926584e+09 
5577 0.000000e+00 0.000000e+00 9.932151e+09 
5578 0.000000e+00 0.000000e+00 9.982291e+09 
5579 0.000000e+00 0.000000e+00 1.032700e+10 
5580 0.000000e+00 0.000000e+00 1.055900e+10 
5581 0.000000e+00 0.000000e+00 1.066495e+10 
5582 0.000000e+00 0.000000e+00 1.066293e+10 
5583 0.000000e+00 0.000000e+00 1.049936e+10 
5584 0.000000e+00 0.000000e+00 1.049778e+10 
5585 0.000000e+00 0.000000e+00 1.060659e+10 
5586 0.000000e+00 0.000000e+00 1.064192e+10 
5587 0.000000e+00 0.000000e+00 1.070597e+10 
5588 0.000000e+00 0.000000e+00 1.008178e+10 
5589 0.000000e+00 0.000000e+00 1.007564e+10 
5590 0.000000e+00 0.000000e+00 1.014509e+10 
5591 0.000000e+00 0.000000e+00 1.032297e+10 
5592 0.000000e+00 0.000000e+00 1.042437e+10 
5593 0.000000e+00 0.000000e+00 1.055445e+10 
5594 0.000000e+00 0.000000e+00 1.059955e+10 
5595 0.000000e+00 0.000000e+00 1.069368e+10 
5596 0.000000e+00 0.000000e+00 1.069018e+10 
5597 0.000000e+00 0.000000e+00 1.012604e+10 
5598 0.000000e+00 0.000000e+00 1.009776e+10 
5599 0.000000e+00 0.000000e+00 1.026401e+10 
5600 0.000000e+00 0.000000e+00 1.036588e+10 
5601 0.000000e+00 0.000000e+00 1.049855e+10 
5602 0.000000e+00 0.000000e+00 1.059996e+10 
5603 0.000000e+00 0.000000e+00 1.066774e+10 
5604 0.000000e+00 0.000000e+00 1.064587e+10 
5605 0.000000e+00 0.000000e+00 1.074645e+10 
5606 0.000000e+00 0.000000e+00 9.967045e+09 
5607 0.000000e+00 0.000000e+00 9.932027e+09 
5608 0.000000e+00 0.000000e+00 9.926806e+09 
5609 0.000000e+00 0.000000e+00 9.927199e+09 
5610 0.000000e+00 0.000000e+00 9.926704e+09 
5611 0.000000e+00 0.000000e+00 9.928654e+09 
5612 0.000000e+00 0.000000e+00 9.935601e+09 
5613 0.000000e+00 0.000000e+00 1.008840e+10 
5614 0.000000e+00 0.000000e+00 1.030475e+10 
5615 0.000000e+00 0.000000e+00 1.065097e+10 
5616 0.000000e+00 0.000000e+00 1.062786e+10 
5617 0.000000e+00 0.000000e+00 1.048295e+10 
5618 0.000000e+00 0.000000e+00 1.043632e+10 
5619 0.000000e+00 0.000000e+00 1.057577e+10 
5620 0.000000e+00 0.000000e+00 1.062402e+10 
5621 0.000000e+00 0.000000e+00 1.068105e+10 
5622 0.000000e+00 0.000000e+00 1.065618e+10 
5623 0.000000e+00 0.000000e+00 9.963320e+09 
5624 0.000000e+00 0.000000e+00 9.929334e+09 
5625 0.000000e+00 0.000000e+00 9.927338e+09 
5626 0.000000e+00 0.000000e+00 9.927077e+09 
5627 0.000000e+00 0.000000e+00 9.927121e+09 
5628 0.000000e+00 0.000000e+00 9.927396e+09 
5629 0.000000e+00 0.000000e+00 9.927612e+09 
5630 0.000000e+00 0.000000e+00 9.941773e+09 
5631 0.000000e+00 0.000000e+00 1.019944e+10 
5632 0.000000e+00 0.000000e+00 1.058495e+10 
5633 0.000000e+00 0.000000e+00 1.065858e+10 
5634 0.000000e+00 0.000000e+00 1.067474e+10 
5635 0.000000e+00 0.000000e+00 9.977914e+09 
5636 0.000000e+00 0.000000e+00 9.931639e+09 
5637 0.000000e+00 0.000000e+00 9.926780e+09 
5638 0.000000e+00 0.000000e+00 9.927695e+09 
5639 0.000000e+00 0.000000e+00 9.927032e+09 
5640 0.000000e+00 0.000000e+00 9.927327e+09 
5641 0.000000e+00 0.000000e+00 9.927429e+09 
5642 0.000000e+00 0.000000e+00 9.933131e+09 
5643 0.000000e+00 0.000000e+00 1.002368e+10 
5644 0.000000e+00 0.000000e+00 1.026306e+10 
5645 0.000000e+00 0.000000e+00 1.050579e+10 
5646 0.000000e+00 0.000000e+00 1.072501e+10 
5647 0.000000e+00 0.000000e+00 1.005791e+10 
5648 0.000000e+00 0.000000e+00 1.003451e+10 
5649 0.000000e+00 0.000000e+00 1.010867e+10 
5650 0.000000e+00 0.000000e+00 1.025259e+10 
5651 0.000000e+00 0.000000e+00 1.045160e+10 
5652 0.000000e+00 0.000000e+00 1.052978e+10 
5653 0.000000e+00 0.000000e+00 1.061494e+10 
5654 0.000000e+00 0.000000e+00 1.065902e+10 
5655 0.000000e+00 0.000000e+00 1.072834e+10 
5656 0.000000e+00 0.000000e+00 1.009662e+10 
5657 0.000000e+00 0.000000e+00 1.009755e+10 
5658 0.000000e+00 0.000000e+00 1.018728e+10 
5659 0.000000e+00 0.000000e+00 1.039028e+10 
5660 0.000000e+00 0.000000e+00 1.049460e+10 
5661 0.000000e+00 0.000000e+00 1.061545e+10 
5662 0.000000e+00 0.000000e+00 1.061773e+10 
5663 0.000000e+00 0.000000e+00 1.069142e+10 
5664 0.000000e+00 0.000000e+00 1.071389e+10 
5665 0.000000e+00 0.000000e+00 9.964439e+09 
5666 0.000000e+00 0.000000e+00 9.929186e+09 
5667 0.000000e+00 0.000000e+00 9.926788e+09 
5668 0.000000e+00 0.000000e+00 9.927023e+09 
5669 0.000000e+00 0.000000e+00 9.926718e+09 
5670 0.000000e+00 0.000000e+00 9.927208e+09 
5671 0.000000e+00 0.000000e+00 9.927419e+09 
5672 0.000000e+00 0.000000e+00 9.962950e+09 
5673 0.000000e+00 0.000000e+00 1.038249e+10 
5674 0.000000e+00 0.000000e+00 1.063411e+10 
5675 0.000000e+00 0.000000e+00 1.061701e+10 
5676 0.000000e+00 0.000000e+00 1.069943e+10 
5677 0.000000e+00 0.000000e+00 1.048872e+10 
5678 0.000000e+00 0.000000e+00 1.054716e+10 
5679 0.000000e+00 0.000000e+00 1.058426e+10 
5680 0.000000e+00 0.000000e+00 1.067861e+10 
5681 0.000000e+00 0.000000e+00 1.067848e+10 
5682 0.000000e+00 0.000000e+00 1.012899e+10 
5683 0.000000e+00 0.000000e+00 1.009688e+10 
5684 0.000000e+00 0.000000e+00 1.023236e+10 
5685 0.000000e+00 0.000000e+00 1.039751e+10 
5686 0.000000e+00 0.000000e+00 1.049965e+10 
5687 0.000000e+00 0.000000e+00 1.058892e+10 
5688 0.000000e+00 0.000000e+00 1.064399e+10 
5689 0.000000e+00 0.000000e+00 1.067849e+10 
5690 0.000000e+00 0.000000e+00 1.048179e+10 
5691 0.000000e+00 0.000000e+00 1.051666e+10 
5692 0.000000e+00 0.000000e+00 1.063147e+10 
5693 0.000000e+00 0.000000e+00 1.063727e+10 
5694 0.000000e+00 0.000000e+00 1.067191e+10 
5695 0.000000e+00 0.000000e+00 1.067544e+10 
5696 0.000000e+00 0.000000e+00 9.956188e+09 
5697 0.000000e+00 0.000000e+00 9.928201e+09 
5698 0.000000e+00 0.000000e+00 9.927324e+09 
5699 0.000000e+00 0.000000e+00 9.927550e+09 
5700 0.000000e+00 0.000000e+00 9.927128e+09 
5701 0.000000e+00 0.000000e+00 9.930751e+09 
5702 0.000000e+00 0.000000e+00 9.956582e+09 
5703 0.000000e+00 0.000000e+00 1.030418e+10 
5704 0.000000e+00 0.000000e+00 1.057308e+10 
5705 0.000000e+00 0.000000e+00 1.063325e+10 
5706 0.000000e+00 0.000000e+00 1.066360e+10 
5707 0.000000e+00 0.000000e+00 1.071301e+10 
5708 0.000000e+00 0.000000e+00 9.975687e+09 
5709 0.000000e+00 0.000000e+00 9.932973e+09 
5710 0.000000e+00 0.000000e+00 9.927242e+09 
5711 0.000000e+00 0.000000e+00 9.927344e+09 
5712 0.000000e+00 0.000000e+00 9.927098e+09 
5713 0.000000e+00 0.000000e+00 9.927428e+09 
5714 0.000000e+00 0.000000e+00 9.928680e+09 
5715 0.000000e+00 0.000000e+00 9.991855e+09 
5716 0.000000e+00 0.000000e+00 1.035375e+10 
5717 0.000000e+00 0.000000e+00 1.059548e+10 
5718 0.000000e+00 0.000000e+00 1.063047e+10 
5719 0.000000e+00 0.000000e+00 1.070525e+10 
5720 0.000000e+00 0.000000e+00 9.979101e+09 
5721 0.000000e+00 0.000000e+00 9.932529e+09 
5722 0.000000e+00 0.000000e+00 9.926823e+09 
5723 0.000000e+00 0.000000e+00 9.926734e+09 
5724 0.000000e+00 0.000000e+00 9.926877e+09 
5725 0.000000e+00 0.000000e+00 9.926698e+09 
5726 0.000000e+00 0.000000e+00 9.927038e+09 
5727 0.000000e+00 0.000000e+00 9.929510e+09 
5728 0.000000e+00 0.000000e+00 1.004681e+10 
5729 0.000000e+00 0.000000e+00 1.051561e+10 
5730 0.000000e+00 0.000000e+00 1.061012e+10 
5731 0.000000e+00 0.000000e+00 1.069252e+10 
5732 0.000000e+00 0.000000e+00 1.005129e+10 
5733 0.000000e+00 0.000000e+00 1.001479e+10 
5734 0.000000e+00 0.000000e+00 1.008840e+10 
5735 0.000000e+00 0.000000e+00 1.022027e+10 
5736 0.000000e+00 0.000000e+00 1.042756e+10 
5737 0.000000e+00 0.000000e+00 1.052987e+10 
5738 0.000000e+00 0.000000e+00 1.058011e+10 
5739 0.000000e+00 0.000000e+00 1.065028e+10 
5740 0.000000e+00 0.000000e+00 1.066291e+10 
5741 0.000000e+00 0.000000e+00 1.008249e+10 
5742 0.000000e+00 0.000000e+00 1.008351e+10 
5743 0.000000e+00 0.000000e+00 1.018371e+10 
5744 0.000000e+00 0.000000e+00 1.034442e+10 
5745 0.000000e+00 0.000000e+00 1.046975e+10 
5746 0.000000e+00 0.000000e+00 1.059586e+10 
5747 0.000000e+00 0.000000e+00 1.062152e+10 
5748 0.000000e+00 0.000000e+00 1.063981e+10 
5749 0.000000e+00 0.000000e+00 1.069980e+10 
5750 0.000000e+00 0.000000e+00 9.974395e+09 
5751 0.000000e+00 0.000000e+00 9.935705e+09 
5752 0.000000e+00 0.000000e+00 9.927080e+09 
5753 0.000000e+00 0.000000e+00 9.927065e+09 
5754 0.000000e+00 0.000000e+00 9.927150e+09 
5755 0.000000e+00 0.000000e+00 9.927771e+09 
5756 0.000000e+00 0.000000e+00 9.928825e+09 
5757 0.000000e+00 0.000000e+00 9.958263e+09 
5758 0.000000e+00 0.000000e+00 1.021769e+10 
5759 0.000000e+00 0.000000e+00 1.060558e+10 
5760 0.000000e+00 0.000000e+00 1.065639e+10 
5761 0.000000e+00 0.000000e+00 1.070972e+10 
5762 0.000000e+00 0.000000e+00 1.008308e+10 
5763 0.000000e+00 0.000000e+00 1.007005e+10 
5764 0.000000e+00 0.000000e+00 1.016803e+10 
5765 0.000000e+00 0.000000e+00 1.034487e+10 
5766 0.000000e+00 0.000000e+00 1.046709e+10 
5767 0.000000e+00 0.000000e+00 1.059668e+10 
5768 0.000000e+00 0.000000e+00 1.062056e+10 
5769 0.000000e+00 0.000000e+00 1.067453e+10 
5770 0.000000e+00 0.000000e+00 1.065096e+10 
5771 0.000000e+00 0.000000e+00 9.963767e+09 
5772 0.000000e+00 0.000000e+00 9.928761e+09 
5773 0.000000e+00 0.000000e+00 9.926867e+09 
5774 0.000000e+00 0.000000e+00 9.926769e+09 
5775 0.000000e+00 0.000000e+00 9.927097e+09 
5776 0.000000e+00 0.000000e+00 9.926755e+09 
5777 0.000000e+00 0.000000e+00 9.930011e+09 
5778 0.000000e+00 0.000000e+00 9.959102e+09 
5779 0.000000e+00 0.000000e+00 1.042168e+10 
5780 0.000000e+00 0.000000e+00 1.058404e+10 
5781 0.000000e+00 0.000000e+00 1.066703e+10 
5782 0.000000e+00 0.000000e+00 1.064557e+10 
5783 0.000000e+00 0.000000e+00 1.075665e+10 
5784 0.000000e+00 0.000000e+00 9.963707e+09 
5785 0.000000e+00 0.000000e+00 9.930465e+09 
5786 0.000000e+00 0.000000e+00 9.926845e+09 
5787 0.000000e+00 0.000000e+00 9.928009e+09 
5788 0.000000e+00 0.000000e+00 9.927018e+09 
5789 0.000000e+00 0.000000e+00 9.938888e+09 
5790 0.000000e+00 0.000000e+00 1.003115e+10 
5791 0.000000e+00 0.000000e+00 1.039859e+10 
5792 0.000000e+00 0.000000e+00 1.053925e+10 
5793 0.000000e+00 0.000000e+00 1.071500e+10 
5794 0.000000e+00 0.000000e+00 1.065897e+10 
5795 0.000000e+00 0.000000e+00 1.050695e+10 
5796 0.000000e+00 0.000000e+00 1.049859e+10 
5797 0.000000e+00 0.000000e+00 1.063307e+10 
5798 0.000000e+00 0.000000e+00 1.060279e+10 
5799 0.000000e+00 0.000000e+00 1.072041e+10 
5800 0.000000e+00 0.000000e+00 1.046681e+10 
5801 0.000000e+00 0.000000e+00 1.055500e+10 
5802 0.000000e+00 0.000000e+00 1.059912e+10 
5803 0.000000e+00 0.000000e+00 1.068541e+10 
5804 0.000000e+00 0.000000e+00 1.068466e+10 
5805 0.000000e+00 0.000000e+00 1.009216e+10 
5806 0.000000e+00 0.000000e+00 1.005864e+10 
5807 0.000000e+00 0.000000e+00 1.020368e+10 
5808 0.000000e+00 0.000000e+00 1.030481e+10 
5809 0.000000e+00 0.000000e+00 1.048948e+10 
5810 0.000000e+00 0.000000e+00 1.051943e+10 
5811 0.000000e+00 0.000000e+00 1.063550e+10 
5812 0.000000e+00 0.000000e+00 1.064243e+10 
5813 0.000000e+00 0.000000e+00 1.072001e+10 
5814 0.000000e+00 0.000000e+00 9.973944e+09 
5815 0.000000e+00 0.000000e+00 9.935263e+09 
5816 0.000000e+00 0.000000e+00 9.926909e+09 
5817 0.000000e+00 0.000000e+00 9.927174e+09 
5818 0.000000e+00 0.000000e+00 9.927801e+09 
5819 0.000000e+00 0.000000e+00 9.928384e+09 
5820 0.000000e+00 0.000000e+00 9.929627e+09 
5821 0.000000e+00 0.000000e+00 9.947717e+09 
5822 0.000000e+00 0.000000e+00 1.018890e+10 
5823 0.000000e+00 0.000000e+00 1.057821e+10 
5824 0.000000e+00 0.000000e+00 1.062487e+10 
5825 0.000000e+00 0.000000e+00 1.066379e+10 
5826 0.000000e+00 0.000000e+00 1.071678e+10 
5827 0.000000e+00 0.000000e+00 9.967541e+09 
5828 0.000000e+00 0.000000e+00 9.932447e+09 
5829 0.000000e+00 0.000000e+00 9.926871e+09 
5830 0.000000e+00 0.000000e+00 9.928595e+09 
5831 0.000000e+00 0.000000e+00 9.927009e+09 
5832 0.000000e+00 0.000000e+00 9.938468e+09 
5833 0.000000e+00 0.000000e+00 1.001561e+10 
5834 0.000000e+00 0.000000e+00 1.037359e+10 
5835 0.000000e+00 0.000000e+00 1.053658e+10 
5836 0.000000e+00 0.000000e+00 1.065477e+10 
5837 0.000000e+00 0.000000e+00 1.064387e+10 
5838 0.000000e+00 0.000000e+00 1.070444e+10 
5839 0.000000e+00 0.000000e+00 1.068603e+10 
5840 0.000000e+00 0.000000e+00 9.957089e+09 
5841 0.000000e+00 0.000000e+00 9.930973e+09 
5842 0.000000e+00 0.000000e+00 9.930868e+09 
5843 0.000000e+00 0.000000e+00 9.933112e+09 
5844 0.000000e+00 0.000000e+00 9.966034e+09 
5845 0.000000e+00 0.000000e+00 1.009219e+10 
5846 0.000000e+00 0.000000e+00 1.034015e+10 
5847 0.000000e+00 0.000000e+00 1.055155e+10 
5848 0.000000e+00 0.000000e+00 1.061494e+10 
5849 0.000000e+00 0.000000e+00 1.063379e+10 
5850 0.000000e+00 0.000000e+00 1.068553e+10 
5851 0.000000e+00 0.000000e+00 9.979837e+09 
5852 0.000000e+00 0.000000e+00 9.934302e+09 
5853 0.000000e+00 0.000000e+00 9.926793e+09 
5854 0.000000e+00 0.000000e+00 9.927066e+09 
5855 0.000000e+00 0.000000e+00 9.927674e+09 
5856 0.000000e+00 0.000000e+00 9.926536e+09 
5857 0.000000e+00 0.000000e+00 9.932543e+09 
5858 0.000000e+00 0.000000e+00 9.983362e+09 
5859 0.000000e+00 0.000000e+00 1.033910e+10 
5860 0.000000e+00 0.000000e+00 1.055259e+10 
5861 0.000000e+00 0.000000e+00 1.065570e+10 
5862 0.000000e+00 0.000000e+00 1.063613e+10 
5863 0.000000e+00 0.000000e+00 1.050594e+10 
5864 0.000000e+00 0.000000e+00 1.046931e+10 
5865 0.000000e+00 0.000000e+00 1.061571e+10 
5866 0.000000e+00 0.000000e+00 1.063685e+10 
5867 0.000000e+00 0.000000e+00 1.071502e+10 
5868 0.000000e+00 0.000000e+00 1.068058e+10 
5869 0.000000e+00 0.000000e+00 9.956403e+09 
5870 0.000000e+00 0.000000e+00 9.928175e+09 
5871 0.000000e+00 0.000000e+00 9.927877e+09 
5872 0.000000e+00 0.000000e+00 9.927596e+09 
5873 0.000000e+00 0.000000e+00 9.928910e+09 
5874 0.000000e+00 0.000000e+00 9.933941e+09 
5875 0.000000e+00 0.000000e+00 1.004640e+10 
5876 0.000000e+00 0.000000e+00 1.034951e+10 
5877 0.000000e+00 0.000000e+00 1.062440e+10 
5878 0.000000e+00 0.000000e+00 1.059327e+10 
5879 0.000000e+00 0.000000e+00 1.070301e+10 
5880 0.000000e+00 0.000000e+00 1.065612e+10 
5881 0.000000e+00 0.000000e+00 1.017270e+10 
5882 0.000000e+00 0.000000e+00 1.015406e+10 
5883 0.000000e+00 0.000000e+00 1.029865e+10 
5884 0.000000e+00 0.000000e+00 1.038539e+10 
5885 0.000000e+00 0.000000e+00 1.055937e+10 
5886 0.000000e+00 0.000000e+00 1.059322e+10 
5887 0.000000e+00 0.000000e+00 1.066414e+10 
5888 0.000000e+00 0.000000e+00 1.067037e+10 
5889 0.000000e+00 0.000000e+00 1.009711e+10 
5890 0.000000e+00 0.000000e+00 1.006334e+10 
5891 0.000000e+00 0.000000e+00 1.017318e+10 
5892 0.000000e+00 0.000000e+00 1.031623e+10 
5893 0.000000e+00 0.000000e+00 1.047556e+10 
5894 0.000000e+00 0.000000e+00 1.051943e+10 
5895 0.000000e+00 0.000000e+00 1.065114e+10 
5896 0.000000e+00 0.000000e+00 1.067451e+10 
5897 0.000000e+00 0.000000e+00 1.070276e+10 
5898 0.000000e+00 0.000000e+00 9.976873e+09 
5899 0.000000e+00 0.000000e+00 9.934648e+09 
5900 0.000000e+00 0.000000e+00 9.927043e+09 
5901 0.000000e+00 0.000000e+00 9.927346e+09 
5902 0.000000e+00 0.000000e+00 9.926997e+09 
5903 0.000000e+00 0.000000e+00 9.926933e+09 
5904 0.000000e+00 0.000000e+00 9.927947e+09 
5905 0.000000e+00 0.000000e+00 9.938895e+09 
5906 0.000000e+00 0.000000e+00 1.019589e+10 
5907 0.000000e+00 0.000000e+00 1.061588e+10 
5908 0.000000e+00 0.000000e+00 1.064358e+10 
5909 0.000000e+00 0.000000e+00 1.073107e+10 
5910 0.000000e+00 0.000000e+00 1.067938e+10 
5911 0.000000e+00 0.000000e+00 9.956564e+09 
5912 0.000000e+00 0.000000e+00 9.927914e+09 
5913 0.000000e+00 0.000000e+00 9.927319e+09 
5914 0.000000e+00 0.000000e+00 9.927390e+09 
5915 0.000000e+00 0.000000e+00 9.927585e+09 
5916 0.000000e+00 0.000000e+00 9.929578e+09 
5917 0.000000e+00 0.000000e+00 9.976898e+09 
5918 0.000000e+00 0.000000e+00 1.016925e+10 
5919 0.000000e+00 0.000000e+00 1.043374e+10 
5920 0.000000e+00 0.000000e+00 1.062446e+10 
5921 0.000000e+00 0.000000e+00 1.071239e+10 
5922 0.000000e+00 0.000000e+00 1.067622e+10 
5923 0.000000e+00 0.000000e+00 9.961330e+09 
5924 0.000000e+00 0.000000e+00 9.927845e+09 
5925 0.000000e+00 0.000000e+00 9.927054e+09 
5926 0.000000e+00 0.000000e+00 9.926976e+09 
5927 0.000000e+00 0.000000e+00 9.927959e+09 
5928 0.000000e+00 0.000000e+00 9.926970e+09 
5929 0.000000e+00 0.000000e+00 9.934149e+09 
5930 0.000000e+00 0.000000e+00 1.003151e+10 
5931 0.000000e+00 0.000000e+00 1.056135e+10 
5932 0.000000e+00 0.000000e+00 1.060843e+10 
5933 0.000000e+00 0.000000e+00 1.068323e+10 
5934 0.000000e+00 0.000000e+00 1.066871e+10 
5935 0.000000e+00 0.000000e+00 1.054274e+10 
5936 0.000000e+00 0.000000e+00 1.051694e+10 
5937 0.000000e+00 0.000000e+00 1.063729e+10 
5938 0.000000e+00 0.000000e+00 1.065327e+10 
5939 0.000000e+00 0.000000e+00 1.071425e+10 
5940 0.000000e+00 0.000000e+00 9.979987e+09 
5941 0.000000e+00 0.000000e+00 9.934002e+09 
5942 0.000000e+00 0.000000e+00 9.926831e+09 
5943 0.000000e+00 0.000000e+00 9.927537e+09 
5944 0.000000e+00 0.000000e+00 9.926839e+09 
5945 0.000000e+00 0.000000e+00 9.928578e+09 
5946 0.000000e+00 0.000000e+00 9.927709e+09 
5947 0.000000e+00 0.000000e+00 9.990380e+09 
5948 0.000000e+00 0.000000e+00 1.039176e+10 
5949 0.000000e+00 0.000000e+00 1.062265e+10 
5950 0.000000e+00 0.000000e+00 1.064285e+10 
5951 0.000000e+00 0.000000e+00 1.072451e+10 
5952 0.000000e+00 0.000000e+00 1.006912e+10 
5953 0.000000e+00 0.000000e+00 1.008407e+10 
5954 0.000000e+00 0.000000e+00 1.017625e+10 
5955 0.000000e+00 0.000000e+00 1.035290e+10 
5956 0.000000e+00 0.000000e+00 1.043042e+10 
5957 0.000000e+00 0.000000e+00 1.057397e+10 
5958 0.000000e+00 0.000000e+00 1.059981e+10 
5959 0.000000e+00 0.000000e+00 1.070147e+10 
5960 0.000000e+00 0.000000e+00 1.067234e+10 
5961 0.000000e+00 0.000000e+00 9.963785e+09 
5962 0.000000e+00 0.000000e+00 9.929079e+09 
5963 0.000000e+00 0.000000e+00 9.926773e+09 
5964 0.000000e+00 0.000000e+00 9.926787e+09 
5965 0.000000e+00 0.000000e+00 9.927161e+09 
5966 0.000000e+00 0.000000e+00 9.927154e+09 
5967 0.000000e+00 0.000000e+00 9.928871e+09 
5968 0.000000e+00 0.000000e+00 9.963481e+09 
5969 0.000000e+00 0.000000e+00 1.040071e+10 
5970 0.000000e+00 0.000000e+00 1.062126e+10 
5971 0.000000e+00 0.000000e+00 1.061937e+10 
5972 0.000000e+00 0.000000e+00 1.068438e+10 
5973 0.000000e+00 0.000000e+00 1.008058e+10 
5974 0.000000e+00 0.000000e+00 1.006999e+10 
5975 0.000000e+00 0.000000e+00 1.015641e+10 
5976 0.000000e+00 0.000000e+00 1.032402e+10 
5977 0.000000e+00 0.000000e+00 1.046392e+10 
5978 0.000000e+00 0.000000e+00 1.052125e+10 
5979 0.000000e+00 0.000000e+00 1.064440e+10 
5980 0.000000e+00 0.000000e+00 1.063292e+10 
5981 0.000000e+00 0.000000e+00 1.068573e+10 
5982 0.000000e+00 0.000000e+00 1.012554e+10 
5983 0.000000e+00 0.000000e+00 1.011534e+10 
5984 0.000000e+00 0.000000e+00 1.023747e+10 
5985 0.000000e+00 0.000000e+00 1.040242e+10 
5986 0.000000e+00 0.000000e+00 1.048455e+10 
5987 0.000000e+00 0.000000e+00 1.056479e+10 
5988 0.000000e+00 0.000000e+00 1.065962e+10 
5989 0.000000e+00 0.000000e+00 1.068093e+10 
5990 0.000000e+00 0.000000e+00 1.004998e+10 
5991 0.000000e+00 0.000000e+00 1.004460e+10 
5992 0.000000e+00 0.000000e+00 1.010897e+10 
5993 0.000000e+00 0.000000e+00 1.025721e+10 
5994 0.000000e+00 0.000000e+00 1.040844e+10 
5995 0.000000e+00 0.000000e+00 1.057207e+10 
5996 0.000000e+00 0.000000e+00 1.063689e+10 
5997 0.000000e+00 0.000000e+00 1.065103e+10 
5998 0.000000e+00 0.000000e+00 1.067797e+10 
5999 0.000000e+00 0.000000e+00 1.009503e+10 
6000 0.000000e+00 0.000000e+00 1.007214e+10 
6001 0.000000e+00 0.000000e+00 1.020011e+10 
6002 0.000000e+00 0.000000e+00 1.034860e+10 
6003 0.000000e+00 0.000000e+00 1.049432e+10 
6004 0.000000e+00 0.000000e+00 1.057485e+10 
6005 0.000000e+00 0.000000e+00 1.064921e+10 
6006 0.000000e+00 0.000000e+00 1.068254e+10 
6007 0.000000e+00 0.000000e+00 1.067040e+10 
6008 0.000000e+00 0.000000e+00 9.960602e+09 
6009 0.000000e+00 0.000000e+00 9.928426e+09 
6010 0.000000e+00 0.000000e+00 9.927426e+09 
6011 0.000000e+00 0.000000e+00 9.926834e+09 
6012 0.000000e+00 0.000000e+00 9.927412e+09 
6013 0.000000e+00 0.000000e+00 9.926812e+09 
6014 0.000000e+00 0.000000e+00 9.928855e+09 
6015 0.000000e+00 0.000000e+00 9.951005e+09 
6016 0.000000e+00 0.000000e+00 1.029289e+10 
6017 0.000000e+00 0.000000e+00 1.055688e+10 
6018 0.000000e+00 0.000000e+00 1.066158e+10 
6019 0.000000e+00 0.000000e+00 1.069463e+10 
6020 0.000000e+00 0.000000e+00 1.010193e+10 
6021 0.000000e+00 0.000000e+00 1.006436e+10 
6022 0.000000e+00 0.000000e+00 1.018217e+10 
6023 0.000000e+00 0.000000e+00 1.034874e+10 
6024 0.000000e+00 0.000000e+00 1.052169e+10 
6025 0.000000e+00 0.000000e+00 1.052130e+10 
6026 0.000000e+00 0.000000e+00 1.063708e+10 
6027 0.000000e+00 0.000000e+00 1.062936e+10 
6028 0.000000e+00 0.000000e+00 1.073163e+10 
6029 0.000000e+00 0.000000e+00 9.972916e+09 
6030 0.000000e+00 0.000000e+00 9.936238e+09 
6031 0.000000e+00 0.000000e+00 9.929066e+09 
6032 0.000000e+00 0.000000e+00 9.927653e+09 
6033 0.000000e+00 0.000000e+00 9.928021e+09 
6034 0.000000e+00 0.000000e+00 9.929018e+09 
6035 0.000000e+00 0.000000e+00 9.930270e+09 
6036 0.000000e+00 0.000000e+00 1.001513e+10 
6037 0.000000e+00 0.000000e+00 1.045071e+10 
6038 0.000000e+00 0.000000e+00 1.063609e+10 
6039 0.000000e+00 0.000000e+00 1.062430e+10 
6040 0.000000e+00 0.000000e+00 1.072497e+10 
6041 0.000000e+00 0.000000e+00 9.988007e+09 
6042 0.000000e+00 0.000000e+00 9.936127e+09 
6043 0.000000e+00 0.000000e+00 9.928062e+09 
6044 0.000000e+00 0.000000e+00 9.926865e+09 
6045 0.000000e+00 0.000000e+00 9.927466e+09 
6046 0.000000e+00 0.000000e+00 9.926598e+09 
6047 0.000000e+00 0.000000e+00 9.928948e+09 
6048 0.000000e+00 0.000000e+00 9.945265e+09 
6049 0.000000e+00 0.000000e+00 1.025719e+10 
6050 0.000000e+00 0.000000e+00 1.052466e+10 
6051 0.000000e+00 0.000000e+00 1.067763e+10 
6052 0.000000e+00 0.000000e+00 1.063118e+10 
6053 0.000000e+00 0.000000e+00 1.048672e+10 
6054 0.000000e+00 0.000000e+00 1.050343e+10 
6055 0.000000e+00 0.000000e+00 1.061096e+10 
6056 0.000000e+00 0.000000e+00 1.064440e+10 
6057 0.000000e+00 0.000000e+00 1.069825e+10 
6058 0.000000e+00 0.000000e+00 1.068909e+10 
6059 0.000000e+00 0.000000e+00 9.956398e+09 
6060 0.000000e+00 0.000000e+00 9.927631e+09 
6061 0.000000e+00 0.000000e+00 9.927096e+09 
6062 0.000000e+00 0.000000e+00 9.927087e+09 
6063 0.000000e+00 0.000000e+00 9.927381e+09 
6064 0.000000e+00 0.000000e+00 9.928539e+09 
6065 0.000000e+00 0.000000e+00 9.951608e+09 
6066 0.000000e+00 0.000000e+00 1.010125e+10 
6067 0.000000e+00 0.000000e+00 1.046763e+10 
6068 0.000000e+00 0.000000e+00 1.061178e+10 
6069 0.000000e+00 0.000000e+00 1.064894e+10 
6070 0.000000e+00 0.000000e+00 1.069819e+10 
6071 0.000000e+00 0.000000e+00 9.972234e+09 
6072 0.000000e+00 0.000000e+00 9.932427e+09 
6073 0.000000e+00 0.000000e+00 9.926986e+09 
6074 0.000000e+00 0.000000e+00 9.926802e+09 
6075 0.000000e+00 0.000000e+00 9.926849e+09 
6076 0.000000e+00 0.000000e+00 9.926833e+09 
6077 0.000000e+00 0.000000e+00 9.931173e+09 
6078 0.000000e+00 0.000000e+00 9.989028e+09 
6079 0.000000e+00 0.000000e+00 1.047513e+10 
6080 0.000000e+00 0.000000e+00 1.056295e+10 
6081 0.000000e+00 0.000000e+00 1.067053e+10 
6082 0.000000e+00 0.000000e+00 1.067798e+10 
6083 0.000000e+00 0.000000e+00 1.011829e+10 
6084 0.000000e+00 0.000000e+00 1.006642e+10 
6085 0.000000e+00 0.000000e+00 1.020907e+10 
6086 0.000000e+00 0.000000e+00 1.035122e+10 
6087 0.000000e+00 0.000000e+00 1.052454e+10 
6088 0.000000e+00 0.000000e+00 1.054365e+10 
6089 0.000000e+00 0.000000e+00 1.063623e+10 
6090 0.000000e+00 0.000000e+00 1.065437e+10 
6091 0.000000e+00 0.000000e+00 1.074011e+10 
6092 0.000000e+00 0.000000e+00 9.974257e+09 
6093 0.000000e+00 0.000000e+00 9.932114e+09 
6094 0.000000e+00 0.000000e+00 9.926966e+09 
6095 0.000000e+00 0.000000e+00 9.927197e+09 
6096 0.000000e+00 0.000000e+00 9.927023e+09 
6097 0.000000e+00 0.000000e+00 9.927166e+09 
6098 0.000000e+00 0.000000e+00 9.928306e+09 
6099 0.000000e+00 0.000000e+00 9.951236e+09 
6100 0.000000e+00 0.000000e+00 1.024974e+10 
6101 0.000000e+00 0.000000e+00 1.046163e+10 
6102 0.000000e+00 0.000000e+00 1.070785e+10 
6103 0.000000e+00 0.000000e+00 1.002230e+10 
6104 0.000000e+00 0.000000e+00 9.987764e+09 
6105 0.000000e+00 0.000000e+00 1.001368e+10 
6106 0.000000e+00 0.000000e+00 1.014024e+10 
6107 0.000000e+00 0.000000e+00 1.023033e+10 
6108 0.000000e+00 0.000000e+00 1.035189e+10 
6109 0.000000e+00 0.000000e+00 1.059280e+10 
6110 0.000000e+00 0.000000e+00 1.060593e+10 
6111 0.000000e+00 0.000000e+00 1.066846e+10 
6112 0.000000e+00 0.000000e+00 1.045756e+10 
6113 0.000000e+00 0.000000e+00 1.051317e+10 
6114 0.000000e+00 0.000000e+00 1.055385e+10 
6115 0.000000e+00 0.000000e+00 1.067949e+10 
6116 0.000000e+00 0.000000e+00 1.065619e+10 
6117 0.000000e+00 0.000000e+00 1.073363e+10 
6118 0.000000e+00 0.000000e+00 9.965442e+09 
6119 0.000000e+00 0.000000e+00 9.930636e+09 
6120 0.000000e+00 0.000000e+00 9.926907e+09 
6121 0.000000e+00 0.000000e+00 9.927102e+09 
6122 0.000000e+00 0.000000e+00 9.927723e+09 
6123 0.000000e+00 0.000000e+00 9.927628e+09 
6124 0.000000e+00 0.000000e+00 9.955284e+09 
6125 0.000000e+00 0.000000e+00 1.017735e+10 
6126 0.000000e+00 0.000000e+00 1.054026e+10 
6127 0.000000e+00 0.000000e+00 1.057532e+10 
6128 0.000000e+00 0.000000e+00 1.068883e+10 
6129 0.000000e+00 0.000000e+00 1.066171e+10 
6130 0.000000e+00 0.000000e+00 1.056044e+10 
6131 0.000000e+00 0.000000e+00 1.051080e+10 
6132 0.000000e+00 0.000000e+00 1.065039e+10 
6133 0.000000e+00 0.000000e+00 1.064821e+10 
6134 0.000000e+00 0.000000e+00 1.072396e+10 
6135 0.000000e+00 0.000000e+00 9.973135e+09 
6136 0.000000e+00 0.000000e+00 9.932204e+09 
6137 0.000000e+00 0.000000e+00 9.926898e+09 
6138 0.000000e+00 0.000000e+00 9.926769e+09 
6139 0.000000e+00 0.000000e+00 9.927471e+09 
6140 0.000000e+00 0.000000e+00 9.926668e+09 
6141 0.000000e+00 0.000000e+00 9.932558e+09 
6142 0.000000e+00 0.000000e+00 9.987952e+09 
6143 0.000000e+00 0.000000e+00 1.051130e+10 
6144 0.000000e+00 0.000000e+00 1.058638e+10 
6145 0.000000e+00 0.000000e+00 1.071694e+10 
6146 0.000000e+00 0.000000e+00 1.065139e+10 
6147 0.000000e+00 0.000000e+00 9.970869e+09 
6148 0.000000e+00 0.000000e+00 9.931618e+09 
6149 0.000000e+00 0.000000e+00 9.926952e+09 
6150 0.000000e+00 0.000000e+00 9.927524e+09 
6151 0.000000e+00 0.000000e+00 9.927033e+09 
6152 0.000000e+00 0.000000e+00 9.928374e+09 
6153 0.000000e+00 0.000000e+00 9.928185e+09 
6154 0.000000e+00 0.000000e+00 9.987441e+09 
6155 0.000000e+00 0.000000e+00 1.026942e+10 
6156 0.000000e+00 0.000000e+00 1.058663e+10 
6157 0.000000e+00 0.000000e+00 1.061793e+10 
6158 0.000000e+00 0.000000e+00 1.067839e+10 
6159 0.000000e+00 0.000000e+00 1.047862e+10 
6160 0.000000e+00 0.000000e+00 1.054974e+10 
6161 0.000000e+00 0.000000e+00 1.055506e+10 
6162 0.000000e+00 0.000000e+00 1.068696e+10 
6163 0.000000e+00 0.000000e+00 1.067171e+10 
6164 0.000000e+00 0.000000e+00 9.984642e+09 
6165 0.000000e+00 0.000000e+00 9.933089e+09 
6166 0.000000e+00 0.000000e+00 9.926671e+09 
6167 0.000000e+00 0.000000e+00 9.927041e+09 
6168 0.000000e+00 0.000000e+00 9.926828e+09 
6169 0.000000e+00 0.000000e+00 9.927395e+09 
6170 0.000000e+00 0.000000e+00 9.927306e+09 
6171 0.000000e+00 0.000000e+00 9.927873e+09 
6172 0.000000e+00 0.000000e+00 9.981668e+09 
6173 0.000000e+00 0.000000e+00 1.023076e+10 
6174 0.000000e+00 0.000000e+00 1.045137e+10 
6175 0.000000e+00 0.000000e+00 1.069767e+10 
6176 0.000000e+00 0.000000e+00 1.069355e+10 
6177 0.000000e+00 0.000000e+00 1.014349e+10 
6178 0.000000e+00 0.000000e+00 1.011171e+10 
6179 0.000000e+00 0.000000e+00 1.024940e+10 
6180 0.000000e+00 0.000000e+00 1.043162e+10 
6181 0.000000e+00 0.000000e+00 1.052511e+10 
6182 0.000000e+00 0.000000e+00 1.057901e+10 
6183 0.000000e+00 0.000000e+00 1.062104e+10 
6184 0.000000e+00 0.000000e+00 1.069405e+10 
6185 0.000000e+00 0.000000e+00 1.007039e+10 
6186 0.000000e+00 0.000000e+00 1.004876e+10 
6187 0.000000e+00 0.000000e+00 1.015037e+10 
6188 0.000000e+00 0.000000e+00 1.030927e+10 
6189 0.000000e+00 0.000000e+00 1.043209e+10 
6190 0.000000e+00 0.000000e+00 1.057094e+10 
6191 0.000000e+00 0.000000e+00 1.060100e+10 
6192 0.000000e+00 0.000000e+00 1.066948e+10 
6193 0.000000e+00 0.000000e+00 1.066307e+10 
6194 0.000000e+00 0.000000e+00 9.968814e+09 
6195 0.000000e+00 0.000000e+00 9.931228e+09 
6196 0.000000e+00 0.000000e+00 9.927590e+09 
6197 0.000000e+00 0.000000e+00 9.926948e+09 
6198 0.000000e+00 0.000000e+00 9.927649e+09 
6199 0.000000e+00 0.000000e+00 9.927084e+09 
6200 0.000000e+00 0.000000e+00 9.930313e+09 
6201 0.000000e+00 0.000000e+00 9.952817e+09 
6202 0.000000e+00 0.000000e+00 1.035232e+10 
6203 0.000000e+00 0.000000e+00 1.059085e+10 
6204 0.000000e+00 0.000000e+00 1.064626e+10 
6205 0.000000e+00 0.000000e+00 1.064423e+10 
6206 0.000000e+00 0.000000e+00 1.008237e+10 
6207 0.000000e+00 0.000000e+00 1.003227e+10 
6208 0.000000e+00 0.000000e+00 1.012234e+10 
6209 0.000000e+00 0.000000e+00 1.025127e+10 
6210 0.000000e+00 0.000000e+00 1.049208e+10 
6211 0.000000e+00 0.000000e+00 1.054186e+10 
6212 0.000000e+00 0.000000e+00 1.065217e+10 
6213 0.000000e+00 0.000000e+00 1.061842e+10 
6214 0.000000e+00 0.000000e+00 1.069908e+10 
6215 0.000000e+00 0.000000e+00 9.980642e+09 
6216 0.000000e+00 0.000000e+00 9.935107e+09 
6217 0.000000e+00 0.000000e+00 9.927447e+09 
6218 0.000000e+00 0.000000e+00 9.927203e+09 
6219 0.000000e+00 0.000000e+00 9.926680e+09 
6220 0.000000e+00 0.000000e+00 9.927944e+09 
6221 0.000000e+00 0.000000e+00 9.928496e+09 
6222 0.000000e+00 0.000000e+00 1.001652e+10 
6223 0.000000e+00 0.000000e+00 1.042911e+10 
6224 0.000000e+00 0.000000e+00 1.061373e+10 
6225 0.000000e+00 0.000000e+00 1.062533e+10 
6226 0.000000e+00 0.000000e+00 1.072153e+10 
6227 0.000000e+00 0.000000e+00 1.008004e+10 
6228 0.000000e+00 0.000000e+00 1.005531e+10 
6229 0.000000e+00 0.000000e+00 1.013216e+10 
6230 0.000000e+00 0.000000e+00 1.034720e+10 
6231 0.000000e+00 0.000000e+00 1.040426e+10 
6232 0.000000e+00 0.000000e+00 1.054920e+10 
6233 0.000000e+00 0.000000e+00 1.060486e+10 
6234 0.000000e+00 0.000000e+00 1.071533e+10 
6235 0.000000e+00 0.000000e+00 1.066085e+10 
6236 0.000000e+00 0.000000e+00 9.968003e+09 
6237 0.000000e+00 0.000000e+00 9.930447e+09 
6238 0.000000e+00 0.000000e+00 9.927191e+09 
6239 0.000000e+00 0.000000e+00 9.927181e+09 
6240 0.000000e+00 0.000000e+00 9.927272e+09 
6241 0.000000e+00 0.000000e+00 9.926570e+09 
6242 0.000000e+00 0.000000e+00 9.934541e+09 
6243 0.000000e+00 0.000000e+00 9.996839e+09 
6244 0.000000e+00 0.000000e+00 1.036889e+10 
6245 0.000000e+00 0.000000e+00 1.059170e+10 
6246 0.000000e+00 0.000000e+00 1.065827e+10 
6247 0.000000e+00 0.000000e+00 1.067131e+10 
6248 0.000000e+00 0.000000e+00 1.070963e+10 
6249 0.000000e+00 0.000000e+00 9.966841e+09 
6250 0.000000e+00 0.000000e+00 9.930238e+09 
6251 0.000000e+00 0.000000e+00 9.927102e+09 
6252 0.000000e+00 0.000000e+00 9.927413e+09 
6253 0.000000e+00 0.000000e+00 9.927942e+09 
6254 0.000000e+00 0.000000e+00 9.934215e+09 
6255 0.000000e+00 0.000000e+00 9.990845e+09 
6256 0.000000e+00 0.000000e+00 1.023870e+10 
6257 0.000000e+00 0.000000e+00 1.053730e+10 
6258 0.000000e+00 0.000000e+00 1.061028e+10 
6259 0.000000e+00 0.000000e+00 1.067714e+10 
6260 0.000000e+00 0.000000e+00 1.072052e+10 
6261 0.000000e+00 0.000000e+00 1.012512e+10 
6262 0.000000e+00 0.000000e+00 1.013115e+10 
6263 0.000000e+00 0.000000e+00 1.024929e+10 
6264 0.000000e+00 0.000000e+00 1.040753e+10 
6265 0.000000e+00 0.000000e+00 1.050941e+10 
6266 0.000000e+00 0.000000e+00 1.060732e+10 
6267 0.000000e+00 0.000000e+00 1.062270e+10 
6268 0.000000e+00 0.000000e+00 1.070139e+10 
6269 0.000000e+00 0.000000e+00 1.007040e+10 
6270 0.000000e+00 0.000000e+00 1.004166e+10 
6271 0.000000e+00 0.000000e+00 1.013468e+10 
6272 0.000000e+00 0.000000e+00 1.029265e+10 
6273 0.000000e+00 0.000000e+00 1.042524e+10 
6274 0.000000e+00 0.000000e+00 1.054614e+10 
6275 0.000000e+00 0.000000e+00 1.061887e+10 
6276 0.000000e+00 0.000000e+00 1.069626e+10 
6277 0.000000e+00 0.000000e+00 1.067282e+10 
6278 0.000000e+00 0.000000e+00 9.972718e+09 
6279 0.000000e+00 0.000000e+00 9.934307e+09 
6280 0.000000e+00 0.000000e+00 9.927709e+09 
6281 0.000000e+00 0.000000e+00 9.928084e+09 
6282 0.000000e+00 0.000000e+00 9.927630e+09 
6283 0.000000e+00 0.000000e+00 9.930341e+09 
6284 0.000000e+00 0.000000e+00 9.930300e+09 
6285 0.000000e+00 0.000000e+00 9.957638e+09 
6286 0.000000e+00 0.000000e+00 1.026052e+10 
6287 0.000000e+00 0.000000e+00 1.061375e+10 
6288 0.000000e+00 0.000000e+00 1.063498e+10 
6289 0.000000e+00 0.000000e+00 1.068959e+10 
6290 0.000000e+00 0.000000e+00 1.005902e+10 
6291 0.000000e+00 0.000000e+00 1.004251e+10 
6292 0.000000e+00 0.000000e+00 1.010993e+10 
6293 0.000000e+00 0.000000e+00 1.027445e+10 
6294 0.000000e+00 0.000000e+00 1.044770e+10 
6295 0.000000e+00 0.000000e+00 1.056749e+10 
6296 0.000000e+00 0.000000e+00 1.059517e+10 
6297 0.000000e+00 0.000000e+00 1.064055e+10 
6298 0.000000e+00 0.000000e+00 1.070511e+10 
6299 0.000000e+00 0.000000e+00 9.980006e+09 
6300 0.000000e+00 0.000000e+00 9.935315e+09 
6301 0.000000e+00 0.000000e+00 9.927151e+09 
6302 0.000000e+00 0.000000e+00 9.927056e+09 
6303 0.000000e+00 0.000000e+00 9.927193e+09 
6304 0.000000e+00 0.000000e+00 9.926613e+09 
6305 0.000000e+00 0.000000e+00 9.930845e+09 
6306 0.000000e+00 0.000000e+00 9.964875e+09 
6307 0.000000e+00 0.000000e+00 1.027127e+10 
6308 0.000000e+00 0.000000e+00 1.053707e+10 
6309 0.000000e+00 0.000000e+00 1.065670e+10 
6310 0.000000e+00 0.000000e+00 1.066909e+10 
6311 0.000000e+00 0.000000e+00 1.074164e+10 
6312 0.000000e+00 0.000000e+00 9.966575e+09 
6313 0.000000e+00 0.000000e+00 9.931110e+09 
6314 0.000000e+00 0.000000e+00 9.927100e+09 
6315 0.000000e+00 0.000000e+00 9.927497e+09 
6316 0.000000e+00 0.000000e+00 9.926897e+09 
6317 0.000000e+00 0.000000e+00 9.929984e+09 
6318 0.000000e+00 0.000000e+00 9.962050e+09 
6319 0.000000e+00 0.000000e+00 1.025020e+10 
6320 0.000000e+00 0.000000e+00 1.051294e+10 
6321 0.000000e+00 0.000000e+00 1.065718e+10 
6322 0.000000e+00 0.000000e+00 1.066018e+10 
6323 0.000000e+00 0.000000e+00 1.074267e+10 
6324 0.000000e+00 0.000000e+00 1.010785e+10 
6325 0.000000e+00 0.000000e+00 1.013631e+10 
6326 0.000000e+00 0.000000e+00 1.021942e+10 
6327 0.000000e+00 0.000000e+00 1.041695e+10 
6328 0.000000e+00 0.000000e+00 1.046732e+10 
6329 0.000000e+00 0.000000e+00 1.062107e+10 
6330 0.000000e+00 0.000000e+00 1.060628e+10 
6331 0.000000e+00 0.000000e+00 1.070654e+10 
6332 0.000000e+00 0.000000e+00 1.005326e+10 
6333 0.000000e+00 0.000000e+00 1.005251e+10 
6334 0.000000e+00 0.000000e+00 1.010629e+10 
6335 0.000000e+00 0.000000e+00 1.030696e+10 
6336 0.000000e+00 0.000000e+00 1.042968e+10 
6337 0.000000e+00 0.000000e+00 1.054488e+10 
6338 0.000000e+00 0.000000e+00 1.058154e+10 
6339 0.000000e+00 0.000000e+00 1.067653e+10 
6340 0.000000e+00 0.000000e+00 1.067244e+10 
6341 0.000000e+00 0.000000e+00 1.012401e+10 
6342 0.000000e+00 0.000000e+00 1.007892e+10 
6343 0.000000e+00 0.000000e+00 1.020504e+10 
6344 0.000000e+00 0.000000e+00 1.037675e+10 
6345 0.000000e+00 0.000000e+00 1.049095e+10 
6346 0.000000e+00 0.000000e+00 1.052424e+10 
6347 0.000000e+00 0.000000e+00 1.065726e+10 
6348 0.000000e+00 0.000000e+00 1.067795e+10 
6349 0.000000e+00 0.000000e+00 1.006347e+10 
6350 0.000000e+00 0.000000e+00 1.002245e+10 
6351 0.000000e+00 0.000000e+00 1.011363e+10 
6352 0.000000e+00 0.000000e+00 1.021968e+10 
6353 0.000000e+00 0.000000e+00 1.046736e+10 
6354 0.000000e+00 0.000000e+00 1.050769e+10 
6355 0.000000e+00 0.000000e+00 1.062906e+10 
6356 0.000000e+00 0.000000e+00 1.062484e+10 
6357 0.000000e+00 0.000000e+00 1.072427e+10 
6358 0.000000e+00 0.000000e+00 1.007678e+10 
6359 0.000000e+00 0.000000e+00 1.007403e+10 
6360 0.000000e+00 0.000000e+00 1.014621e+10 
6361 0.000000e+00 0.000000e+00 1.038033e+10 
6362 0.000000e+00 0.000000e+00 1.043457e+10 
6363 0.000000e+00 0.000000e+00 1.057429e+10 
6364 0.000000e+00 0.000000e+00 1.058205e+10 
6365 0.000000e+00 0.000000e+00 1.067646e+10 
6366 0.000000e+00 0.000000e+00 1.065103e+10 
6367 0.000000e+00 0.000000e+00 9.963977e+09 
6368 0.000000e+00 0.000000e+00 9.929111e+09 
6369 0.000000e+00 0.000000e+00 9.926772e+09 
6370 0.000000e+00 0.000000e+00 9.927076e+09 
6371 0.000000e+00 0.000000e+00 9.927078e+09 
6372 0.000000e+00 0.000000e+00 9.927107e+09 
6373 0.000000e+00 0.000000e+00 9.927338e+09 
6374 0.000000e+00 0.000000e+00 9.938553e+09 
6375 0.000000e+00 0.000000e+00 1.013047e+10 
6376 0.000000e+00 0.000000e+00 1.069306e+10 
6377 0.000000e+00 0.000000e+00 1.062051e+10 
6378 0.000000e+00 0.000000e+00 1.069417e+10 
6379 0.000000e+00 0.000000e+00 9.989880e+09 
6380 0.000000e+00 0.000000e+00 9.936300e+09 
6381 0.000000e+00 0.000000e+00 9.927702e+09 
6382 0.000000e+00 0.000000e+00 9.926982e+09 
6383 0.000000e+00 0.000000e+00 9.927114e+09 
6384 0.000000e+00 0.000000e+00 9.927529e+09 
6385 0.000000e+00 0.000000e+00 9.926942e+09 
6386 0.000000e+00 0.000000e+00 9.929901e+09 
6387 0.000000e+00 0.000000e+00 9.987818e+09 
6388 0.000000e+00 0.000000e+00 1.046215e+10 
6389 0.000000e+00 0.000000e+00 1.056678e+10 
6390 0.000000e+00 0.000000e+00 1.069126e+10 
6391 0.000000e+00 0.000000e+00 1.001626e+10 
6392 0.000000e+00 0.000000e+00 9.945215e+09 
6393 0.000000e+00 0.000000e+00 9.928573e+09 
6394 0.000000e+00 0.000000e+00 9.926773e+09 
6395 0.000000e+00 0.000000e+00 9.926784e+09 
6396 0.000000e+00 0.000000e+00 9.927141e+09 
6397 0.000000e+00 0.000000e+00 9.926923e+09 
6398 0.000000e+00 0.000000e+00 9.930999e+09 
6399 0.000000e+00 0.000000e+00 9.973850e+09 
6400 0.000000e+00 0.000000e+00 1.021397e+10 
6401 0.000000e+00 0.000000e+00 1.050958e+10 
6402 0.000000e+00 0.000000e+00 1.068483e+10 
6403 0.000000e+00 0.000000e+00 1.067331e+10 
6404 0.000000e+00 0.000000e+00 1.074063e+10 
6405 0.000000e+00 0.000000e+00 9.960256e+09 
6406 0.000000e+00 0.000000e+00 9.930245e+09 
6407 0.000000e+00 0.000000e+00 9.928663e+09 
6408 0.000000e+00 0.000000e+00 9.930479e+09 
6409 0.000000e+00 0.000000e+00 9.940106e+09 
6410 0.000000e+00 0.000000e+00 1.000858e+10 
6411 0.000000e+00 0.000000e+00 1.019673e+10 
6412 0.000000e+00 0.000000e+00 1.051359e+10 
6413 0.000000e+00 0.000000e+00 1.058694e+10 
6414 0.000000e+00 0.000000e+00 1.065160e+10 
6415 0.000000e+00 0.000000e+00 1.067757e+10 
6416 0.000000e+00 0.000000e+00 1.051370e+10 
6417 0.000000e+00 0.000000e+00 1.050584e+10 
6418 0.000000e+00 0.000000e+00 1.059533e+10 
6419 0.000000e+00 0.000000e+00 1.064809e+10 
6420 0.000000e+00 0.000000e+00 1.071419e+10 
6421 0.000000e+00 0.000000e+00 1.070497e+10 
6422 0.000000e+00 0.000000e+00 9.957314e+09 
6423 0.000000e+00 0.000000e+00 9.928681e+09 
6424 0.000000e+00 0.000000e+00 9.927992e+09 
6425 0.000000e+00 0.000000e+00 9.927329e+09 
6426 0.000000e+00 0.000000e+00 9.929832e+09 
6427 0.000000e+00 0.000000e+00 9.935987e+09 
6428 0.000000e+00 0.000000e+00 1.005208e+10 
6429 0.000000e+00 0.000000e+00 1.044535e+10 
6430 0.000000e+00 0.000000e+00 1.058772e+10 
6431 0.000000e+00 0.000000e+00 1.062128e+10 
6432 0.000000e+00 0.000000e+00 1.072996e+10 
6433 0.000000e+00 0.000000e+00 1.065112e+10 
6434 0.000000e+00 0.000000e+00 9.959219e+09 
6435 0.000000e+00 0.000000e+00 9.928060e+09 
6436 0.000000e+00 0.000000e+00 9.927102e+09 
6437 0.000000e+00 0.000000e+00 9.926922e+09 
6438 0.000000e+00 0.000000e+00 9.928173e+09 
6439 0.000000e+00 0.000000e+00 9.928795e+09 
6440 0.000000e+00 0.000000e+00 9.962766e+09 
6441 0.000000e+00 0.000000e+00 1.021038e+10 
6442 0.000000e+00 0.000000e+00 1.055495e+10 
6443 0.000000e+00 0.000000e+00 1.059983e+10 
6444 0.000000e+00 0.000000e+00 1.064893e+10 
6445 0.000000e+00 0.000000e+00 1.066262e+10 
6446 0.000000e+00 0.000000e+00 9.980548e+09 
6447 0.000000e+00 0.000000e+00 9.935423e+09 
6448 0.000000e+00 0.000000e+00 9.927779e+09 
6449 0.000000e+00 0.000000e+00 9.926912e+09 
6450 0.000000e+00 0.000000e+00 9.928113e+09 
6451 0.000000e+00 0.000000e+00 9.926794e+09 
6452 0.000000e+00 0.000000e+00 9.940086e+09 
6453 0.000000e+00 0.000000e+00 1.007066e+10 
6454 0.000000e+00 0.000000e+00 1.049322e+10 
6455 0.000000e+00 0.000000e+00 1.055443e+10 
6456 0.000000e+00 0.000000e+00 1.066616e+10 
6457 0.000000e+00 0.000000e+00 1.067706e+10 
6458 0.000000e+00 0.000000e+00 1.048600e+10 
6459 0.000000e+00 0.000000e+00 1.048980e+10 
6460 0.000000e+00 0.000000e+00 1.060489e+10 
6461 0.000000e+00 0.000000e+00 1.062809e+10 
6462 0.000000e+00 0.000000e+00 1.071447e+10 
6463 0.000000e+00 0.000000e+00 1.069080e+10 
6464 0.000000e+00 0.000000e+00 9.955570e+09 
6465 0.000000e+00 0.000000e+00 9.927252e+09 
6466 0.000000e+00 0.000000e+00 9.927110e+09 
6467 0.000000e+00 0.000000e+00 9.927078e+09 
6468 0.000000e+00 0.000000e+00 9.926683e+09 
6469 0.000000e+00 0.000000e+00 9.929693e+09 
6470 0.000000e+00 0.000000e+00 9.959408e+09 
6471 0.000000e+00 0.000000e+00 1.025472e+10 
6472 0.000000e+00 0.000000e+00 1.054938e+10 
6473 0.000000e+00 0.000000e+00 1.063974e+10 
6474 0.000000e+00 0.000000e+00 1.065414e+10 
6475 0.000000e+00 0.000000e+00 1.070282e+10 
6476 0.000000e+00 0.000000e+00 9.972296e+09 
6477 0.000000e+00 0.000000e+00 9.933394e+09 
6478 0.000000e+00 0.000000e+00 9.928914e+09 
6479 0.000000e+00 0.000000e+00 9.936724e+09 
6480 0.000000e+00 0.000000e+00 9.929965e+09 
6481 0.000000e+00 0.000000e+00 9.933925e+09 
6482 0.000000e+00 0.000000e+00 9.943027e+09 
6483 0.000000e+00 0.000000e+00 1.008200e+10 
6484 0.000000e+00 0.000000e+00 1.038072e+10 
6485 0.000000e+00 0.000000e+00 1.064870e+10 
6486 0.000000e+00 0.000000e+00 1.063587e+10 
6487 0.000000e+00 0.000000e+00 1.072540e+10 
6488 0.000000e+00 0.000000e+00 1.008938e+10 
6489 0.000000e+00 0.000000e+00 1.009471e+10 
6490 0.000000e+00 0.000000e+00 1.019576e+10 
6491 0.000000e+00 0.000000e+00 1.037941e+10 
6492 0.000000e+00 0.000000e+00 1.049689e+10 
6493 0.000000e+00 0.000000e+00 1.059194e+10 
6494 0.000000e+00 0.000000e+00 1.059303e+10 
6495 0.000000e+00 0.000000e+00 1.067236e+10 
6496 0.000000e+00 0.000000e+00 1.067819e+10 
6497 0.000000e+00 0.000000e+00 1.015984e+10 
6498 0.000000e+00 0.000000e+00 1.015525e+10 
6499 0.000000e+00 0.000000e+00 1.031497e+10 
6500 0.000000e+00 0.000000e+00 1.043038e+10 
6501 0.000000e+00 0.000000e+00 1.056238e+10 
6502 0.000000e+00 0.000000e+00 1.058740e+10 
6503 0.000000e+00 0.000000e+00 1.064736e+10 
6504 0.000000e+00 0.000000e+00 1.067147e+10 
6505 0.000000e+00 0.000000e+00 1.070421e+10 
6506 0.000000e+00 0.000000e+00 9.966893e+09 
6507 0.000000e+00 0.000000e+00 9.930774e+09 
6508 0.000000e+00 0.000000e+00 9.927675e+09 
6509 0.000000e+00 0.000000e+00 9.928186e+09 
6510 0.000000e+00 0.000000e+00 9.928393e+09 
6511 0.000000e+00 0.000000e+00 9.937027e+09 
6512 0.000000e+00 0.000000e+00 9.996718e+09 
6513 0.000000e+00 0.000000e+00 1.024340e+10 
6514 0.000000e+00 0.000000e+00 1.057521e+10 
6515 0.000000e+00 0.000000e+00 1.061662e+10 
6516 0.000000e+00 0.000000e+00 1.064332e+10 
6517 0.000000e+00 0.000000e+00 1.069762e+10 
6518 0.000000e+00 0.000000e+00 9.970377e+09 
6519 0.000000e+00 0.000000e+00 9.931545e+09 
6520 0.000000e+00 0.000000e+00 9.927493e+09 
6521 0.000000e+00 0.000000e+00 9.927225e+09 
6522 0.000000e+00 0.000000e+00 9.927762e+09 
6523 0.000000e+00 0.000000e+00 9.927742e+09 
6524 0.000000e+00 0.000000e+00 9.930762e+09 
6525 0.000000e+00 0.000000e+00 1.000632e+10 
6526 0.000000e+00 0.000000e+00 1.046503e+10 
6527 0.000000e+00 0.000000e+00 1.061298e+10 
6528 0.000000e+00 0.000000e+00 1.064682e+10 
6529 0.000000e+00 0.000000e+00 1.072167e+10 
6530 0.000000e+00 0.000000e+00 9.986983e+09 
6531 0.000000e+00 0.000000e+00 9.935900e+09 
6532 0.000000e+00 0.000000e+00 9.929236e+09 
6533 0.000000e+00 0.000000e+00 9.926686e+09 
6534 0.000000e+00 0.000000e+00 9.927342e+09 
6535 0.000000e+00 0.000000e+00 9.926791e+09 
6536 0.000000e+00 0.000000e+00 9.928608e+09 
6537 0.000000e+00 0.000000e+00 9.942040e+09 
6538 0.000000e+00 0.000000e+00 1.019041e+10 
6539 0.000000e+00 0.000000e+00 1.050604e+10 
6540 0.000000e+00 0.000000e+00 1.068133e+10 
6541 0.000000e+00 0.000000e+00 1.065036e+10 
6542 0.000000e+00 0.000000e+00 1.052323e+10 
6543 0.000000e+00 0.000000e+00 1.051135e+10 
6544 0.000000e+00 0.000000e+00 1.060783e+10 
6545 0.000000e+00 0.000000e+00 1.063244e+10 
6546 0.000000e+00 0.000000e+00 1.071120e+10 
6547 0.000000e+00 0.000000e+00 1.069411e+10 
6548 0.000000e+00 0.000000e+00 9.955695e+09 
6549 0.000000e+00 0.000000e+00 9.927731e+09 
6550 0.000000e+00 0.000000e+00 9.927096e+09 
6551 0.000000e+00 0.000000e+00 9.927349e+09 
6552 0.000000e+00 0.000000e+00 9.927415e+09 
6553 0.000000e+00 0.000000e+00 9.927674e+09 
6554 0.000000e+00 0.000000e+00 9.935942e+09 
6555 0.000000e+00 0.000000e+00 1.017579e+10 
6556 0.000000e+00 0.000000e+00 1.057727e+10 
6557 0.000000e+00 0.000000e+00 1.063047e+10 
6558 0.000000e+00 0.000000e+00 1.065699e+10 
6559 0.000000e+00 0.000000e+00 1.069690e+10 
6560 0.000000e+00 0.000000e+00 1.012139e+10 
6561 0.000000e+00 0.000000e+00 1.013907e+10 
6562 0.000000e+00 0.000000e+00 1.022929e+10 
6563 0.000000e+00 0.000000e+00 1.045469e+10 
6564 0.000000e+00 0.000000e+00 1.050370e+10 
6565 0.000000e+00 0.000000e+00 1.061711e+10 
6566 0.000000e+00 0.000000e+00 1.063656e+10 
6567 0.000000e+00 0.000000e+00 1.068211e+10 
6568 0.000000e+00 0.000000e+00 1.067944e+10 
6569 0.000000e+00 0.000000e+00 9.954185e+09 
6570 0.000000e+00 0.000000e+00 9.928231e+09 
6571 0.000000e+00 0.000000e+00 9.928035e+09 
6572 0.000000e+00 0.000000e+00 9.927311e+09 
6573 0.000000e+00 0.000000e+00 9.928744e+09 
6574 0.000000e+00 0.000000e+00 9.927981e+09 
6575 0.000000e+00 0.000000e+00 9.935471e+09 
6576 0.000000e+00 0.000000e+00 1.006202e+10 
6577 0.000000e+00 0.000000e+00 1.032671e+10 
6578 0.000000e+00 0.000000e+00 1.060619e+10 
6579 0.000000e+00 0.000000e+00 1.066819e+10 
6580 0.000000e+00 0.000000e+00 1.069837e+10 
6581 0.000000e+00 0.000000e+00 1.015486e+10 
6582 0.000000e+00 0.000000e+00 1.012936e+10 
6583 0.000000e+00 0.000000e+00 1.026342e+10 
6584 0.000000e+00 0.000000e+00 1.042187e+10 
6585 0.000000e+00 0.000000e+00 1.051916e+10 
6586 0.000000e+00 0.000000e+00 1.057494e+10 
6587 0.000000e+00 0.000000e+00 1.063069e+10 
6588 0.000000e+00 0.000000e+00 1.069441e+10 
6589 0.000000e+00 0.000000e+00 1.072524e+10 
6590 0.000000e+00 0.000000e+00 9.957713e+09 
6591 0.000000e+00 0.000000e+00 9.928268e+09 
6592 0.000000e+00 0.000000e+00 9.933121e+09 
6593 0.000000e+00 0.000000e+00 9.930070e+09 
6594 0.000000e+00 0.000000e+00 9.932040e+09 
6595 0.000000e+00 0.000000e+00 9.943474e+09 
6596 0.000000e+00 0.000000e+00 1.002687e+10 
6597 0.000000e+00 0.000000e+00 1.035912e+10 
6598 0.000000e+00 0.000000e+00 1.055115e+10 
6599 0.000000e+00 0.000000e+00 1.059309e+10 
6600 0.000000e+00 0.000000e+00 1.065882e+10 
6601 0.000000e+00 0.000000e+00 1.069102e+10 
6602 0.000000e+00 0.000000e+00 9.971888e+09 
6603 0.000000e+00 0.000000e+00 9.932576e+09 
6604 0.000000e+00 0.000000e+00 9.926947e+09 
6605 0.000000e+00 0.000000e+00 9.926817e+09 
6606 0.000000e+00 0.000000e+00 9.927025e+09 
6607 0.000000e+00 0.000000e+00 9.926899e+09 
6608 0.000000e+00 0.000000e+00 9.929263e+09 
6609 0.000000e+00 0.000000e+00 9.979778e+09 
6610 0.000000e+00 0.000000e+00 1.047825e+10 
6611 0.000000e+00 0.000000e+00 1.062114e+10 
6612 0.000000e+00 0.000000e+00 1.068810e+10 
6613 0.000000e+00 0.000000e+00 1.001286e+10 
6614 0.000000e+00 0.000000e+00 9.977850e+09 
6615 0.000000e+00 0.000000e+00 1.000767e+10 
6616 0.000000e+00 0.000000e+00 1.012262e+10 
6617 0.000000e+00 0.000000e+00 1.030084e+10 
6618 0.000000e+00 0.000000e+00 1.050108e+10 
6619 0.000000e+00 0.000000e+00 1.056639e+10 
6620 0.000000e+00 0.000000e+00 1.064466e+10 
6621 0.000000e+00 0.000000e+00 1.066361e+10 
6622 0.000000e+00 0.000000e+00 1.069492e+10 
6623 0.000000e+00 0.000000e+00 9.971296e+09 
6624 0.000000e+00 0.000000e+00 9.932011e+09 
6625 0.000000e+00 0.000000e+00 9.927365e+09 
6626 0.000000e+00 0.000000e+00 9.926981e+09 
6627 0.000000e+00 0.000000e+00 9.927265e+09 
6628 0.000000e+00 0.000000e+00 9.926868e+09 
6629 0.000000e+00 0.000000e+00 9.929479e+09 
6630 0.000000e+00 0.000000e+00 9.976796e+09 
6631 0.000000e+00 0.000000e+00 1.040280e+10 
6632 0.000000e+00 0.000000e+00 1.058702e+10 
6633 0.000000e+00 0.000000e+00 1.064051e+10 
6634 0.000000e+00 0.000000e+00 1.064899e+10 
6635 0.000000e+00 0.000000e+00 1.010455e+10 
6636 0.000000e+00 0.000000e+00 1.006242e+10 
6637 0.000000e+00 0.000000e+00 1.016723e+10 
6638 0.000000e+00 0.000000e+00 1.033734e+10 
6639 0.000000e+00 0.000000e+00 1.048408e+10 
6640 0.000000e+00 0.000000e+00 1.056108e+10 
6641 0.000000e+00 0.000000e+00 1.065129e+10 
6642 0.000000e+00 0.000000e+00 1.065544e+10 
6643 0.000000e+00 0.000000e+00 1.068871e+10 
6644 0.000000e+00 0.000000e+00 9.972814e+09 
6645 0.000000e+00 0.000000e+00 9.933003e+09 
6646 0.000000e+00 0.000000e+00 9.926968e+09 
6647 0.000000e+00 0.000000e+00 9.927494e+09 
6648 0.000000e+00 0.000000e+00 9.927476e+09 
6649 0.000000e+00 0.000000e+00 9.929847e+09 
6650 0.000000e+00 0.000000e+00 9.937410e+09 
6651 0.000000e+00 0.000000e+00 1.008389e+10 
6652 0.000000e+00 0.000000e+00 1.044705e+10 
6653 0.000000e+00 0.000000e+00 1.063851e+10 
6654 0.000000e+00 0.000000e+00 1.062695e+10 
6655 0.000000e+00 0.000000e+00 1.071546e+10 
6656 0.000000e+00 0.000000e+00 1.008268e+10 
6657 0.000000e+00 0.000000e+00 1.007644e+10 
6658 0.000000e+00 0.000000e+00 1.014464e+10 
6659 0.000000e+00 0.000000e+00 1.035799e+10 
6660 0.000000e+00 0.000000e+00 1.042680e+10 
6661 0.000000e+00 0.000000e+00 1.060115e+10 
6662 0.000000e+00 0.000000e+00 1.059311e+10 
6663 0.000000e+00 0.000000e+00 1.070894e+10 
6664 0.000000e+00 0.000000e+00 1.042361e+10 
6665 0.000000e+00 0.000000e+00 1.051849e+10 
6666 0.000000e+00 0.000000e+00 1.056300e+10 
6667 0.000000e+00 0.000000e+00 1.063778e+10 
6668 0.000000e+00 0.000000e+00 1.065981e+10 
6669 0.000000e+00 0.000000e+00 1.073450e+10 
6670 0.000000e+00 0.000000e+00 9.969510e+09 
6671 0.000000e+00 0.000000e+00 9.930925e+09 
6672 0.000000e+00 0.000000e+00 9.926814e+09 
6673 0.000000e+00 0.000000e+00 9.927138e+09 
6674 0.000000e+00 0.000000e+00 9.926952e+09 
6675 0.000000e+00 0.000000e+00 9.927574e+09 
6676 0.000000e+00 0.000000e+00 9.929985e+09 
6677 0.000000e+00 0.000000e+00 1.001156e+10 
6678 0.000000e+00 0.000000e+00 1.039779e+10 
6679 0.000000e+00 0.000000e+00 1.066824e+10 
6680 0.000000e+00 0.000000e+00 1.068286e+10 
6681 0.000000e+00 0.000000e+00 1.069199e+10 
6682 0.000000e+00 0.000000e+00 1.011109e+10 
6683 0.000000e+00 0.000000e+00 1.009647e+10 
6684 0.000000e+00 0.000000e+00 1.023438e+10 
6685 0.000000e+00 0.000000e+00 1.036752e+10 
6686 0.000000e+00 0.000000e+00 1.048105e+10 
6687 0.000000e+00 0.000000e+00 1.058746e+10 
6688 0.000000e+00 0.000000e+00 1.063515e+10 
6689 0.000000e+00 0.000000e+00 1.067224e+10 
6690 0.000000e+00 0.000000e+00 1.006390e+10 
6691 0.000000e+00 0.000000e+00 1.004275e+10 
6692 0.000000e+00 0.000000e+00 1.011666e+10 
6693 0.000000e+00 0.000000e+00 1.030558e+10 
6694 0.000000e+00 0.000000e+00 1.041771e+10 
6695 0.000000e+00 0.000000e+00 1.051772e+10 
6696 0.000000e+00 0.000000e+00 1.062261e+10 
6697 0.000000e+00 0.000000e+00 1.067899e+10 
6698 0.000000e+00 0.000000e+00 1.069184e+10 
6699 0.000000e+00 0.000000e+00 1.049519e+10 
6700 0.000000e+00 0.000000e+00 1.057106e+10 
6701 0.000000e+00 0.000000e+00 1.062789e+10 
6702 0.000000e+00 0.000000e+00 1.066820e+10 
6703 0.000000e+00 0.000000e+00 1.068482e+10 
6704 0.000000e+00 0.000000e+00 1.011936e+10 
6705 0.000000e+00 0.000000e+00 1.012585e+10 
6706 0.000000e+00 0.000000e+00 1.020542e+10 
6707 0.000000e+00 0.000000e+00 1.039503e+10 
6708 0.000000e+00 0.000000e+00 1.051088e+10 
6709 0.000000e+00 0.000000e+00 1.059455e+10 
6710 0.000000e+00 0.000000e+00 1.064050e+10 
6711 0.000000e+00 0.000000e+00 1.071072e+10 
6712 0.000000e+00 0.000000e+00 1.069374e+10 
6713 0.000000e+00 0.000000e+00 1.016831e+10 
6714 0.000000e+00 0.000000e+00 1.015290e+10 
6715 0.000000e+00 0.000000e+00 1.027916e+10 
6716 0.000000e+00 0.000000e+00 1.040985e+10 
6717 0.000000e+00 0.000000e+00 1.056798e+10 
6718 0.000000e+00 0.000000e+00 1.057514e+10 
6719 0.000000e+00 0.000000e+00 1.064108e+10 
6720 0.000000e+00 0.000000e+00 1.068894e+10 
6721 0.000000e+00 0.000000e+00 9.976264e+09 
6722 0.000000e+00 0.000000e+00 9.932320e+09 
6723 0.000000e+00 0.000000e+00 9.926674e+09 
6724 0.000000e+00 0.000000e+00 9.926908e+09 
6725 0.000000e+00 0.000000e+00 9.926967e+09 
6726 0.000000e+00 0.000000e+00 9.926935e+09 
6727 0.000000e+00 0.000000e+00 9.926626e+09 
6728 0.000000e+00 0.000000e+00 9.929817e+09 
6729 0.000000e+00 0.000000e+00 9.993023e+09 
6730 0.000000e+00 0.000000e+00 1.041755e+10 
6731 0.000000e+00 0.000000e+00 1.060207e+10 
6732 0.000000e+00 0.000000e+00 1.072393e+10 
6733 0.000000e+00 0.000000e+00 1.004970e+10 
6734 0.000000e+00 0.000000e+00 1.005298e+10 
6735 0.000000e+00 0.000000e+00 1.008425e+10 
6736 0.000000e+00 0.000000e+00 1.024692e+10 
6737 0.000000e+00 0.000000e+00 1.041024e+10 
6738 0.000000e+00 0.000000e+00 1.057912e+10 
6739 0.000000e+00 0.000000e+00 1.056453e+10 
6740 0.000000e+00 0.000000e+00 1.071528e+10 
6741 0.000000e+00 0.000000e+00 1.067121e+10 
6742 0.000000e+00 0.000000e+00 1.009866e+10 
6743 0.000000e+00 0.000000e+00 1.009257e+10 
6744 0.000000e+00 0.000000e+00 1.019724e+10 
6745 0.000000e+00 0.000000e+00 1.034508e+10 
6746 0.000000e+00 0.000000e+00 1.049222e+10 
6747 0.000000e+00 0.000000e+00 1.055877e+10 
6748 0.000000e+00 0.000000e+00 1.062646e+10 
6749 0.000000e+00 0.000000e+00 1.064484e+10 
6750 0.000000e+00 0.000000e+00 1.071939e+10 
6751 0.000000e+00 0.000000e+00 9.980743e+09 
6752 0.000000e+00 0.000000e+00 9.935310e+09 
6753 0.000000e+00 0.000000e+00 9.927093e+09 
6754 0.000000e+00 0.000000e+00 9.927402e+09 
6755 0.000000e+00 0.000000e+00 9.927127e+09 
6756 0.000000e+00 0.000000e+00 9.927543e+09 
6757 0.000000e+00 0.000000e+00 9.929066e+09 
6758 0.000000e+00 0.000000e+00 9.995912e+09 
6759 0.000000e+00 0.000000e+00 1.038405e+10 
6760 0.000000e+00 0.000000e+00 1.062676e+10 
6761 0.000000e+00 0.000000e+00 1.064003e+10 
6762 0.000000e+00 0.000000e+00 1.066774e+10 
6763 0.000000e+00 0.000000e+00 1.008077e+10 
6764 0.000000e+00 0.000000e+00 1.006531e+10 
6765 0.000000e+00 0.000000e+00 1.014106e+10 
6766 0.000000e+00 0.000000e+00 1.032289e+10 
6767 0.000000e+00 0.000000e+00 1.045233e+10 
6768 0.000000e+00 0.000000e+00 1.057485e+10 
6769 0.000000e+00 0.000000e+00 1.064724e+10 
6770 0.000000e+00 0.000000e+00 1.068198e+10 
6771 0.000000e+00 0.000000e+00 1.071390e+10 
6772 0.000000e+00 0.000000e+00 9.973050e+09 
6773 0.000000e+00 0.000000e+00 9.933820e+09 
6774 0.000000e+00 0.000000e+00 9.928159e+09 
6775 0.000000e+00 0.000000e+00 9.926910e+09 
6776 0.000000e+00 0.000000e+00 9.927345e+09 
6777 0.000000e+00 0.000000e+00 9.926926e+09 
6778 0.000000e+00 0.000000e+00 9.933373e+09 
6779 0.000000e+00 0.000000e+00 9.990186e+09 
6780 0.000000e+00 0.000000e+00 1.029513e+10 
6781 0.000000e+00 0.000000e+00 1.059788e+10 
6782 0.000000e+00 0.000000e+00 1.066868e+10 
6783 0.000000e+00 0.000000e+00 1.068568e+10 
6784 0.000000e+00 0.000000e+00 1.074013e+10 
6785 0.000000e+00 0.000000e+00 9.962307e+09 
6786 0.000000e+00 0.000000e+00 9.929752e+09 
6787 0.000000e+00 0.000000e+00 9.927363e+09 
6788 0.000000e+00 0.000000e+00 9.927254e+09 
6789 0.000000e+00 0.000000e+00 9.927008e+09 
6790 0.000000e+00 0.000000e+00 9.931503e+09 
6791 0.000000e+00 0.000000e+00 9.992800e+09 
6792 0.000000e+00 0.000000e+00 1.035200e+10 
6793 0.000000e+00 0.000000e+00 1.058623e+10 
6794 0.000000e+00 0.000000e+00 1.064147e+10 
6795 0.000000e+00 0.000000e+00 1.065209e+10 
6796 0.000000e+00 0.000000e+00 1.005884e+10 
6797 0.000000e+00 0.000000e+00 1.002740e+10 
6798 0.000000e+00 0.000000e+00 1.009919e+10 
6799 0.000000e+00 0.000000e+00 1.025352e+10 
6800 0.000000e+00 0.000000e+00 1.044649e+10 
6801 0.000000e+00 0.000000e+00 1.050784e+10 
6802 0.000000e+00 0.000000e+00 1.060908e+10 
6803 0.000000e+00 0.000000e+00 1.067590e+10 
6804 0.000000e+00 0.000000e+00 1.070925e+10 
6805 0.000000e+00 0.000000e+00 1.009934e+10 
6806 0.000000e+00 0.000000e+00 1.006908e+10 
6807 0.000000e+00 0.000000e+00 1.017523e+10 
6808 0.000000e+00 0.000000e+00 1.034239e+10 
6809 0.000000e+00 0.000000e+00 1.044345e+10 
6810 0.000000e+00 0.000000e+00 1.053826e+10 
6811 0.000000e+00 0.000000e+00 1.061885e+10 
6812 0.000000e+00 0.000000e+00 1.068228e+10 
6813 0.000000e+00 0.000000e+00 1.068534e+10 
6814 0.000000e+00 0.000000e+00 9.965819e+09 
6815 0.000000e+00 0.000000e+00 9.930490e+09 
6816 0.000000e+00 0.000000e+00 9.927052e+09 
6817 0.000000e+00 0.000000e+00 9.927368e+09 
6818 0.000000e+00 0.000000e+00 9.927091e+09 
6819 0.000000e+00 0.000000e+00 9.927701e+09 
6820 0.000000e+00 0.000000e+00 9.926916e+09 
6821 0.000000e+00 0.000000e+00 9.945633e+09 
6822 0.000000e+00 0.000000e+00 1.024155e+10 
6823 0.000000e+00 0.000000e+00 1.061448e+10 
6824 0.000000e+00 0.000000e+00 1.064522e+10 
6825 0.000000e+00 0.000000e+00 1.072538e+10 
6826 0.000000e+00 0.000000e+00 1.006961e+10 
6827 0.000000e+00 0.000000e+00 1.007873e+10 
6828 0.000000e+00 0.000000e+00 1.016852e+10 
6829 0.000000e+00 0.000000e+00 1.037579e+10 
6830 0.000000e+00 0.000000e+00 1.044920e+10 
6831 0.000000e+00 0.000000e+00 1.059493e+10 
6832 0.000000e+00 0.000000e+00 1.060763e+10 
6833 0.000000e+00 0.000000e+00 1.070297e+10 
6834 0.000000e+00 0.000000e+00 1.068288e+10 
6835 0.000000e+00 0.000000e+00 1.013867e+10 
6836 0.000000e+00 0.000000e+00 1.010400e+10 
6837 0.000000e+00 0.000000e+00 1.027868e+10 
6838 0.000000e+00 0.000000e+00 1.037124e+10 
6839 0.000000e+00 0.000000e+00 1.050598e+10 
6840 0.000000e+00 0.000000e+00 1.056662e+10 
6841 0.000000e+00 0.000000e+00 1.069064e+10 
6842 0.000000e+00 0.000000e+00 1.065708e+10 
6843 0.000000e+00 0.000000e+00 1.050714e+10 
6844 0.000000e+00 0.000000e+00 1.049975e+10 
6845 0.000000e+00 0.000000e+00 1.062418e+10 
6846 0.000000e+00 0.000000e+00 1.061926e+10 
6847 0.000000e+00 0.000000e+00 1.074133e+10 
6848 0.000000e+00 0.000000e+00 9.992666e+09 
6849 0.000000e+00 0.000000e+00 9.940039e+09 
6850 0.000000e+00 0.000000e+00 9.927838e+09 
6851 0.000000e+00 0.000000e+00 9.926949e+09 
6852 0.000000e+00 0.000000e+00 9.927039e+09 
6853 0.000000e+00 0.000000e+00 9.927026e+09 
6854 0.000000e+00 0.000000e+00 9.928654e+09 
6855 0.000000e+00 0.000000e+00 9.964340e+09 
6856 0.000000e+00 0.000000e+00 1.030738e+10 
6857 0.000000e+00 0.000000e+00 1.057514e+10 
6858 0.000000e+00 0.000000e+00 1.060259e+10 
6859 0.000000e+00 0.000000e+00 1.068642e+10 
6860 0.000000e+00 0.000000e+00 1.067205e+10 
6861 0.000000e+00 0.000000e+00 9.969355e+09 
6862 0.000000e+00 0.000000e+00 9.931323e+09 
6863 0.000000e+00 0.000000e+00 9.926736e+09 
6864 0.000000e+00 0.000000e+00 9.927152e+09 
6865 0.000000e+00 0.000000e+00 9.926962e+09 
6866 0.000000e+00 0.000000e+00 9.926878e+09 
6867 0.000000e+00 0.000000e+00 9.927764e+09 
6868 0.000000e+00 0.000000e+00 9.939236e+09 
6869 0.000000e+00 0.000000e+00 1.025386e+10 
6870 0.000000e+00 0.000000e+00 1.051687e+10 
6871 0.000000e+00 0.000000e+00 1.071071e+10 
6872 0.000000e+00 0.000000e+00 1.069754e+10 
6873 0.000000e+00 0.000000e+00 1.010265e+10 
6874 0.000000e+00 0.000000e+00 1.008924e+10 
6875 0.000000e+00 0.000000e+00 1.019150e+10 
6876 0.000000e+00 0.000000e+00 1.036497e+10 
6877 0.000000e+00 0.000000e+00 1.052346e+10 
6878 0.000000e+00 0.000000e+00 1.056154e+10 
6879 0.000000e+00 0.000000e+00 1.065658e+10 
6880 0.000000e+00 0.000000e+00 1.069025e+10 
6881 0.000000e+00 0.000000e+00 1.072349e+10 
6882 0.000000e+00 0.000000e+00 1.015232e+10 
6883 0.000000e+00 0.000000e+00 1.014885e+10 
6884 0.000000e+00 0.000000e+00 1.027281e+10 
6885 0.000000e+00 0.000000e+00 1.042942e+10 
6886 0.000000e+00 0.000000e+00 1.053197e+10 
6887 0.000000e+00 0.000000e+00 1.062933e+10 
6888 0.000000e+00 0.000000e+00 1.067232e+10 
6889 0.000000e+00 0.000000e+00 1.068984e+10 
6890 0.000000e+00 0.000000e+00 1.050404e+10 
6891 0.000000e+00 0.000000e+00 1.056447e+10 
6892 0.000000e+00 0.000000e+00 1.058548e+10 
6893 0.000000e+00 0.000000e+00 1.067932e+10 
6894 0.000000e+00 0.000000e+00 1.066687e+10 
6895 0.000000e+00 0.000000e+00 1.011753e+10 
6896 0.000000e+00 0.000000e+00 1.009179e+10 
6897 0.000000e+00 0.000000e+00 1.023733e+10 
6898 0.000000e+00 0.000000e+00 1.038938e+10 
6899 0.000000e+00 0.000000e+00 1.049059e+10 
6900 0.000000e+00 0.000000e+00 1.055719e+10 
6901 0.000000e+00 0.000000e+00 1.062723e+10 
6902 0.000000e+00 0.000000e+00 1.066318e+10 
6903 0.000000e+00 0.000000e+00 1.071890e+10 
6904 0.000000e+00 0.000000e+00 9.968964e+09 
6905 0.000000e+00 0.000000e+00 9.932205e+09 
6906 0.000000e+00 0.000000e+00 9.927939e+09 
6907 0.000000e+00 0.000000e+00 9.927692e+09 
6908 0.000000e+00 0.000000e+00 9.926850e+09 
6909 0.000000e+00 0.000000e+00 9.927430e+09 
6910 0.000000e+00 0.000000e+00 9.927481e+09 
6911 0.000000e+00 0.000000e+00 9.945943e+09 
6912 0.000000e+00 0.000000e+00 1.012100e+10 
6913 0.000000e+00 0.000000e+00 1.042537e+10 
6914 0.000000e+00 0.000000e+00 1.064267e+10 
6915 0.000000e+00 0.000000e+00 1.072443e+10 
6916 0.000000e+00 0.000000e+00 9.988827e+09 
6917 0.000000e+00 0.000000e+00 9.935577e+09 
6918 0.000000e+00 0.000000e+00 9.927284e+09 
6919 0.000000e+00 0.000000e+00 9.926911e+09 
6920 0.000000e+00 0.000000e+00 9.927607e+09 
6921 0.000000e+00 0.000000e+00 9.927212e+09 
6922 0.000000e+00 0.000000e+00 9.931862e+09 
6923 0.000000e+00 0.000000e+00 9.948287e+09 
6924 0.000000e+00 0.000000e+00 1.017766e+10 
6925 0.000000e+00 0.000000e+00 1.054886e+10 
6926 0.000000e+00 0.000000e+00 1.064162e+10 
6927 0.000000e+00 0.000000e+00 1.066521e+10 
6928 0.000000e+00 0.000000e+00 1.069719e+10 
6929 0.000000e+00 0.000000e+00 9.967519e+09 
6930 0.000000e+00 0.000000e+00 9.930460e+09 
6931 0.000000e+00 0.000000e+00 9.927065e+09 
6932 0.000000e+00 0.000000e+00 9.926778e+09 
6933 0.000000e+00 0.000000e+00 9.927467e+09 
6934 0.000000e+00 0.000000e+00 9.927657e+09 
6935 0.000000e+00 0.000000e+00 9.975264e+09 
6936 0.000000e+00 0.000000e+00 1.029840e+10 
6937 0.000000e+00 0.000000e+00 1.055623e+10 
6938 0.000000e+00 0.000000e+00 1.057706e+10 
6939 0.000000e+00 0.000000e+00 1.069537e+10 
6940 0.000000e+00 0.000000e+00 1.066357e+10 
6941 0.000000e+00 0.000000e+00 9.964344e+09 
6942 0.000000e+00 0.000000e+00 9.930067e+09 
6943 0.000000e+00 0.000000e+00 9.927157e+09 
6944 0.000000e+00 0.000000e+00 9.927066e+09 
6945 0.000000e+00 0.000000e+00 9.926934e+09 
6946 0.000000e+00 0.000000e+00 9.927762e+09 
6947 0.000000e+00 0.000000e+00 9.928176e+09 
6948 0.000000e+00 0.000000e+00 1.000017e+10 
6949 0.000000e+00 0.000000e+00 1.037939e+10 
6950 0.000000e+00 0.000000e+00 1.062348e+10 
6951 0.000000e+00 0.000000e+00 1.060545e+10 
6952 0.000000e+00 0.000000e+00 1.069193e+10 
6953 0.000000e+00 0.000000e+00 1.046232e+10 
6954 0.000000e+00 0.000000e+00 1.057134e+10 
6955 0.000000e+00 0.000000e+00 1.059050e+10 
6956 0.000000e+00 0.000000e+00 1.067514e+10 
6957 0.000000e+00 0.000000e+00 1.066873e+10 
6958 0.000000e+00 0.000000e+00 1.010727e+10 
6959 0.000000e+00 0.000000e+00 1.007311e+10 
6960 0.000000e+00 0.000000e+00 1.022312e+10 
6961 0.000000e+00 0.000000e+00 1.034708e+10 
6962 0.000000e+00 0.000000e+00 1.048389e+10 
6963 0.000000e+00 0.000000e+00 1.055826e+10 
6964 0.000000e+00 0.000000e+00 1.067878e+10 
6965 0.000000e+00 0.000000e+00 1.062478e+10 
6966 0.000000e+00 0.000000e+00 1.074654e+10 
6967 0.000000e+00 0.000000e+00 9.973510e+09 
6968 0.000000e+00 0.000000e+00 9.933228e+09 
6969 0.000000e+00 0.000000e+00 9.926712e+09 
6970 0.000000e+00 0.000000e+00 9.927500e+09 
6971 0.000000e+00 0.000000e+00 9.927135e+09 
6972 0.000000e+00 0.000000e+00 9.927231e+09 
6973 0.000000e+00 0.000000e+00 9.935393e+09 
6974 0.000000e+00 0.000000e+00 1.004918e+10 
6975 0.000000e+00 0.000000e+00 1.033302e+10 
6976 0.000000e+00 0.000000e+00 1.066605e+10 
6977 0.000000e+00 0.000000e+00 1.062489e+10 
6978 0.000000e+00 0.000000e+00 1.071117e+10 
6979 0.000000e+00 0.000000e+00 9.982448e+09 
6980 0.000000e+00 0.000000e+00 9.936461e+09 
6981 0.000000e+00 0.000000e+00 9.927206e+09 
6982 0.000000e+00 0.000000e+00 9.926695e+09 
6983 0.000000e+00 0.000000e+00 9.927238e+09 
6984 0.000000e+00 0.000000e+00 9.926994e+09 
6985 0.000000e+00 0.000000e+00 9.927980e+09 
6986 0.000000e+00 0.000000e+00 9.928707e+09 
6987 0.000000e+00 0.000000e+00 1.006012e+10 
6988 0.000000e+00 0.000000e+00 1.052649e+10 
6989 0.000000e+00 0.000000e+00 1.068642e+10 
6990 0.000000e+00 0.000000e+00 1.064562e+10 
6991 0.000000e+00 0.000000e+00 1.049116e+10 
6992 0.000000e+00 0.000000e+00 1.048148e+10 
6993 0.000000e+00 0.000000e+00 1.061165e+10 
6994 0.000000e+00 0.000000e+00 1.060198e+10 
6995 0.000000e+00 0.000000e+00 1.069517e+10 
6996 0.000000e+00 0.000000e+00 1.067648e+10 
6997 0.000000e+00 0.000000e+00 9.957080e+09 
6998 0.000000e+00 0.000000e+00 9.927958e+09 
6999 0.000000e+00 0.000000e+00 9.927267e+09 
7000 0.000000e+00 0.000000e+00 9.927361e+09 
7001 0.000000e+00 0.000000e+00 9.927497e+09 
7002 0.000000e+00 0.000000e+00 9.930702e+09 
7003 0.000000e+00 0.000000e+00 9.967324e+09 
7004 0.000000e+00 0.000000e+00 1.031627e+10 
7005 0.000000e+00 0.000000e+00 1.053495e+10 
7006 0.000000e+00 0.000000e+00 1.064610e+10 
7007 0.000000e+00 0.000000e+00 1.066194e+10 
7008 0.000000e+00 0.000000e+00 1.071168e+10 
7009 0.000000e+00 0.000000e+00 9.975567e+09 
7010 0.000000e+00 0.000000e+00 9.933000e+09 
7011 0.000000e+00 0.000000e+00 9.926636e+09 
7012 0.000000e+00 0.000000e+00 9.927147e+09 
7013 0.000000e+00 0.000000e+00 9.926754e+09 
7014 0.000000e+00 0.000000e+00 9.927326e+09 
7015 0.000000e+00 0.000000e+00 9.927789e+09 
7016 0.000000e+00 0.000000e+00 9.986704e+09 
7017 0.000000e+00 0.000000e+00 1.029275e+10 
7018 0.000000e+00 0.000000e+00 1.060942e+10 
7019 0.000000e+00 0.000000e+00 1.064419e+10 
7020 0.000000e+00 0.000000e+00 1.067296e+10 
7021 0.000000e+00 0.000000e+00 1.009256e+10 
7022 0.000000e+00 0.000000e+00 1.008554e+10 
7023 0.000000e+00 0.000000e+00 1.019470e+10 
7024 0.000000e+00 0.000000e+00 1.037790e+10 
7025 0.000000e+00 0.000000e+00 1.047223e+10 
7026 0.000000e+00 0.000000e+00 1.059365e+10 
7027 0.000000e+00 0.000000e+00 1.061590e+10 
7028 0.000000e+00 0.000000e+00 1.066633e+10 
7029 0.000000e+00 0.000000e+00 1.068097e+10 
7030 0.000000e+00 0.000000e+00 9.961651e+09 
7031 0.000000e+00 0.000000e+00 9.929548e+09 
7032 0.000000e+00 0.000000e+00 9.927111e+09 
7033 0.000000e+00 0.000000e+00 9.927419e+09 
7034 0.000000e+00 0.000000e+00 9.927519e+09 
7035 0.000000e+00 0.000000e+00 9.926863e+09 
7036 0.000000e+00 0.000000e+00 9.937089e+09 
7037 0.000000e+00 0.000000e+00 1.004292e+10 
7038 0.000000e+00 0.000000e+00 1.038268e+10 
7039 0.000000e+00 0.000000e+00 1.060112e+10 
7040 0.000000e+00 0.000000e+00 1.067596e+10 
7041 0.000000e+00 0.000000e+00 1.067846e+10 
7042 0.000000e+00 0.000000e+00 1.072849e+10 
7043 0.000000e+00 0.000000e+00 9.962047e+09 
7044 0.000000e+00 0.000000e+00 9.929889e+09 
7045 0.000000e+00 0.000000e+00 9.927102e+09 
7046 0.000000e+00 0.000000e+00 9.927651e+09 
7047 0.000000e+00 0.000000e+00 9.928913e+09 
7048 0.000000e+00 0.000000e+00 9.944485e+09 
7049 0.000000e+00 0.000000e+00 1.007968e+10 
7050 0.000000e+00 0.000000e+00 1.040598e+10 
7051 0.000000e+00 0.000000e+00 1.055420e+10 
7052 0.000000e+00 0.000000e+00 1.065749e+10 
7053 0.000000e+00 0.000000e+00 1.065682e+10 
7054 0.000000e+00 0.000000e+00 1.048312e+10 
7055 0.000000e+00 0.000000e+00 1.049380e+10 
7056 0.000000e+00 0.000000e+00 1.061539e+10 
7057 0.000000e+00 0.000000e+00 1.061360e+10 
7058 0.000000e+00 0.000000e+00 1.069314e+10 
7059 0.000000e+00 0.000000e+00 1.070912e+10 
7060 0.000000e+00 0.000000e+00 9.955443e+09 
7061 0.000000e+00 0.000000e+00 9.928051e+09 
7062 0.000000e+00 0.000000e+00 9.927685e+09 
7063 0.000000e+00 0.000000e+00 9.927536e+09 
7064 0.000000e+00 0.000000e+00 9.927752e+09 
7065 0.000000e+00 0.000000e+00 9.930401e+09 
7066 0.000000e+00 0.000000e+00 9.969555e+09 
7067 0.000000e+00 0.000000e+00 1.026051e+10 
7068 0.000000e+00 0.000000e+00 1.052042e+10 
7069 0.000000e+00 0.000000e+00 1.064640e+10 
7070 0.000000e+00 0.000000e+00 1.069249e+10 
7071 0.000000e+00 0.000000e+00 1.073470e+10 
7072 0.000000e+00 0.000000e+00 9.972985e+09 
7073 0.000000e+00 0.000000e+00 9.933063e+09 
7074 0.000000e+00 0.000000e+00 9.926859e+09 
7075 0.000000e+00 0.000000e+00 9.927062e+09 
7076 0.000000e+00 0.000000e+00 9.926757e+09 
7077 0.000000e+00 0.000000e+00 9.926990e+09 
7078 0.000000e+00 0.000000e+00 9.931736e+09 
7079 0.000000e+00 0.000000e+00 9.956271e+09 
7080 0.000000e+00 0.000000e+00 1.036096e+10 
7081 0.000000e+00 0.000000e+00 1.055488e+10 
7082 0.000000e+00 0.000000e+00 1.065838e+10 
7083 0.000000e+00 0.000000e+00 1.003371e+10 
7084 0.000000e+00 0.000000e+00 9.952229e+09 
7085 0.000000e+00 0.000000e+00 9.930252e+09 
7086 0.000000e+00 0.000000e+00 9.927498e+09 
7087 0.000000e+00 0.000000e+00 9.927405e+09 
7088 0.000000e+00 0.000000e+00 9.927189e+09 
7089 0.000000e+00 0.000000e+00 9.926987e+09 
7090 0.000000e+00 0.000000e+00 9.927126e+09 
7091 0.000000e+00 0.000000e+00 9.929166e+09 
7092 0.000000e+00 0.000000e+00 1.000879e+10 
7093 0.000000e+00 0.000000e+00 1.040193e+10 
7094 0.000000e+00 0.000000e+00 1.063117e+10 
7095 0.000000e+00 0.000000e+00 1.067965e+10 
7096 0.000000e+00 0.000000e+00 1.000143e+10 
7097 0.000000e+00 0.000000e+00 9.942522e+09 
7098 0.000000e+00 0.000000e+00 9.927924e+09 
7099 0.000000e+00 0.000000e+00 9.926829e+09 
7100 0.000000e+00 0.000000e+00 9.926953e+09 
7101 0.000000e+00 0.000000e+00 9.926822e+09 
7102 0.000000e+00 0.000000e+00 9.927202e+09 
7103 0.000000e+00 0.000000e+00 9.927311e+09 
7104 0.000000e+00 0.000000e+00 9.970966e+09 
7105 0.000000e+00 0.000000e+00 1.029298e+10 
7106 0.000000e+00 0.000000e+00 1.057001e+10 
7107 0.000000e+00 0.000000e+00 1.066334e+10 
7108 0.000000e+00 0.000000e+00 1.068080e+10 
7109 0.000000e+00 0.000000e+00 1.011518e+10 
7110 0.000000e+00 0.000000e+00 1.010428e+10 
7111 0.000000e+00 0.000000e+00 1.021366e+10 
7112 0.000000e+00 0.000000e+00 1.035976e+10 
7113 0.000000e+00 0.000000e+00 1.051767e+10 
7114 0.000000e+00 0.000000e+00 1.057083e+10 
7115 0.000000e+00 0.000000e+00 1.063069e+10 
7116 0.000000e+00 0.000000e+00 1.068668e+10 
7117 0.000000e+00 0.000000e+00 1.069203e+10 
7118 0.000000e+00 0.000000e+00 9.960920e+09 
7119 0.000000e+00 0.000000e+00 9.928643e+09 
7120 0.000000e+00 0.000000e+00 9.929431e+09 
7121 0.000000e+00 0.000000e+00 9.927836e+09 
7122 0.000000e+00 0.000000e+00 9.931503e+09 
7123 0.000000e+00 0.000000e+00 9.936178e+09 
7124 0.000000e+00 0.000000e+00 1.003565e+10 
7125 0.000000e+00 0.000000e+00 1.034739e+10 
7126 0.000000e+00 0.000000e+00 1.058318e+10 
7127 0.000000e+00 0.000000e+00 1.059948e+10 
7128 0.000000e+00 0.000000e+00 1.070504e+10 
7129 0.000000e+00 0.000000e+00 1.064994e+10 
7130 0.000000e+00 0.000000e+00 9.967346e+09 
7131 0.000000e+00 0.000000e+00 9.929957e+09 
7132 0.000000e+00 0.000000e+00 9.926822e+09 
7133 0.000000e+00 0.000000e+00 9.926994e+09 
7134 0.000000e+00 0.000000e+00 9.926859e+09 
7135 0.000000e+00 0.000000e+00 9.927182e+09 
7136 0.000000e+00 0.000000e+00 9.926962e+09 
7137 0.000000e+00 0.000000e+00 9.935073e+09 
7138 0.000000e+00 0.000000e+00 1.009586e+10 
7139 0.000000e+00 0.000000e+00 1.060609e+10 
7140 0.000000e+00 0.000000e+00 1.061671e+10 
7141 0.000000e+00 0.000000e+00 1.068199e+10 
7142 0.000000e+00 0.000000e+00 1.071079e+10 
7143 0.000000e+00 0.000000e+00 9.966052e+09 
7144 0.000000e+00 0.000000e+00 9.930234e+09 
7145 0.000000e+00 0.000000e+00 9.926887e+09 
7146 0.000000e+00 0.000000e+00 9.927283e+09 
7147 0.000000e+00 0.000000e+00 9.927024e+09 
7148 0.000000e+00 0.000000e+00 9.928590e+09 
7149 0.000000e+00 0.000000e+00 9.947892e+09 
7150 0.000000e+00 0.000000e+00 1.021521e+10 
7151 0.000000e+00 0.000000e+00 1.042530e+10 
7152 0.000000e+00 0.000000e+00 1.063080e+10 
7153 0.000000e+00 0.000000e+00 1.063725e+10 
7154 0.000000e+00 0.000000e+00 1.070170e+10 
7155 0.000000e+00 0.000000e+00 9.975076e+09 
7156 0.000000e+00 0.000000e+00 9.936204e+09 
7157 0.000000e+00 0.000000e+00 9.927457e+09 
7158 0.000000e+00 0.000000e+00 9.927583e+09 
7159 0.000000e+00 0.000000e+00 9.928084e+09 
7160 0.000000e+00 0.000000e+00 9.928704e+09 
7161 0.000000e+00 0.000000e+00 9.932815e+09 
7162 0.000000e+00 0.000000e+00 9.981407e+09 
7163 0.000000e+00 0.000000e+00 1.034125e+10 
7164 0.000000e+00 0.000000e+00 1.062331e+10 
7165 0.000000e+00 0.000000e+00 1.064342e+10 
7166 0.000000e+00 0.000000e+00 1.068922e+10 
7167 0.000000e+00 0.000000e+00 1.008710e+10 
7168 0.000000e+00 0.000000e+00 1.007870e+10 
7169 0.000000e+00 0.000000e+00 1.017563e+10 
7170 0.000000e+00 0.000000e+00 1.033919e+10 
7171 0.000000e+00 0.000000e+00 1.046367e+10 
7172 0.000000e+00 0.000000e+00 1.055658e+10 
7173 0.000000e+00 0.000000e+00 1.059365e+10 
7174 0.000000e+00 0.000000e+00 1.068836e+10 
7175 0.000000e+00 0.000000e+00 1.067443e+10 
7176 0.000000e+00 0.000000e+00 1.014565e+10 
7177 0.000000e+00 0.000000e+00 1.011215e+10 
7178 0.000000e+00 0.000000e+00 1.023112e+10 
7179 0.000000e+00 0.000000e+00 1.041186e+10 
7180 0.000000e+00 0.000000e+00 1.052159e+10 
7181 0.000000e+00 0.000000e+00 1.054833e+10 
7182 0.000000e+00 0.000000e+00 1.063101e+10 
7183 0.000000e+00 0.000000e+00 1.066195e+10 
7184 0.000000e+00 0.000000e+00 1.007532e+10 
7185 0.000000e+00 0.000000e+00 1.003711e+10 
7186 0.000000e+00 0.000000e+00 1.011326e+10 
7187 0.000000e+00 0.000000e+00 1.026032e+10 
7188 0.000000e+00 0.000000e+00 1.048105e+10 
7189 0.000000e+00 0.000000e+00 1.050025e+10 
7190 0.000000e+00 0.000000e+00 1.060885e+10 
7191 0.000000e+00 0.000000e+00 1.064464e+10 
7192 0.000000e+00 0.000000e+00 1.071306e+10 
7193 0.000000e+00 0.000000e+00 9.981373e+09 
7194 0.000000e+00 0.000000e+00 9.934121e+09 
7195 0.000000e+00 0.000000e+00 9.927512e+09 
7196 0.000000e+00 0.000000e+00 9.927472e+09 
7197 0.000000e+00 0.000000e+00 9.926911e+09 
7198 0.000000e+00 0.000000e+00 9.927188e+09 
7199 0.000000e+00 0.000000e+00 9.927593e+09 
7200 0.000000e+00 0.000000e+00 9.938060e+09 
7201 0.000000e+00 0.000000e+00 1.014716e+10 
7202 0.000000e+00 0.000000e+00 1.057763e+10 
7203 0.000000e+00 0.000000e+00 1.063588e+10 
7204 0.000000e+00 0.000000e+00 1.067293e+10 
7205 0.000000e+00 0.000000e+00 1.069890e+10 
7206 0.000000e+00 0.000000e+00 9.967976e+09 
7207 0.000000e+00 0.000000e+00 9.930596e+09 
7208 0.000000e+00 0.000000e+00 9.926878e+09 
7209 0.000000e+00 0.000000e+00 9.927031e+09 
7210 0.000000e+00 0.000000e+00 9.926864e+09 
7211 0.000000e+00 0.000000e+00 9.928258e+09 
7212 0.000000e+00 0.000000e+00 9.935140e+09 
7213 0.000000e+00 0.000000e+00 1.011621e+10 
7214 0.000000e+00 0.000000e+00 1.055931e+10 
7215 0.000000e+00 0.000000e+00 1.063487e+10 
7216 0.000000e+00 0.000000e+00 1.065847e+10 
7217 0.000000e+00 0.000000e+00 1.070181e+10 
7218 0.000000e+00 0.000000e+00 9.978141e+09 
7219 0.000000e+00 0.000000e+00 9.934642e+09 
7220 0.000000e+00 0.000000e+00 9.926814e+09 
7221 0.000000e+00 0.000000e+00 9.927139e+09 
7222 0.000000e+00 0.000000e+00 9.926574e+09 
7223 0.000000e+00 0.000000e+00 9.928467e+09 
7224 0.000000e+00 0.000000e+00 9.931532e+09 
7225 0.000000e+00 0.000000e+00 1.007144e+10 
7226 0.000000e+00 0.000000e+00 1.039776e+10 
7227 0.000000e+00 0.000000e+00 1.060486e+10 
7228 0.000000e+00 0.000000e+00 1.061856e+10 
7229 0.000000e+00 0.000000e+00 1.074206e+10 
7230 0.000000e+00 0.000000e+00 1.070380e+10 
7231 0.000000e+00 0.000000e+00 9.955582e+09 
7232 0.000000e+00 0.000000e+00 9.928107e+09 
7233 0.000000e+00 0.000000e+00 9.928727e+09 
7234 0.000000e+00 0.000000e+00 9.927995e+09 
7235 0.000000e+00 0.000000e+00 9.931821e+09 
7236 0.000000e+00 0.000000e+00 9.950677e+09 
7237 0.000000e+00 0.000000e+00 1.008209e+10 
7238 0.000000e+00 0.000000e+00 1.037884e+10 
7239 0.000000e+00 0.000000e+00 1.063771e+10 
7240 0.000000e+00 0.000000e+00 1.061689e+10 
7241 0.000000e+00 0.000000e+00 1.067823e+10 
7242 0.000000e+00 0.000000e+00 1.068916e+10 
7243 0.000000e+00 0.000000e+00 9.960256e+09 
7244 0.000000e+00 0.000000e+00 9.928709e+09 
7245 0.000000e+00 0.000000e+00 9.927715e+09 
7246 0.000000e+00 0.000000e+00 9.927077e+09 
7247 0.000000e+00 0.000000e+00 9.927194e+09 
7248 0.000000e+00 0.000000e+00 9.926895e+09 
7249 0.000000e+00 0.000000e+00 9.931536e+09 
7250 0.000000e+00 0.000000e+00 9.996319e+09 
7251 0.000000e+00 0.000000e+00 1.043688e+10 
7252 0.000000e+00 0.000000e+00 1.058089e+10 
7253 0.000000e+00 0.000000e+00 1.069653e+10 
7254 0.000000e+00 0.000000e+00 1.066610e+10 
7255 0.000000e+00 0.000000e+00 1.012681e+10 
7256 0.000000e+00 0.000000e+00 1.009497e+10 
7257 0.000000e+00 0.000000e+00 1.023373e+10 
7258 0.000000e+00 0.000000e+00 1.034523e+10 
7259 0.000000e+00 0.000000e+00 1.049047e+10 
7260 0.000000e+00 0.000000e+00 1.053845e+10 
7261 0.000000e+00 0.000000e+00 1.065939e+10 
7262 0.000000e+00 0.000000e+00 1.063875e+10 
7263 0.000000e+00 0.000000e+00 1.071517e+10 
7264 0.000000e+00 0.000000e+00 9.970411e+09 
7265 0.000000e+00 0.000000e+00 9.931759e+09 
7266 0.000000e+00 0.000000e+00 9.928961e+09 
7267 0.000000e+00 0.000000e+00 9.927799e+09 
7268 0.000000e+00 0.000000e+00 9.928190e+09 
7269 0.000000e+00 0.000000e+00 9.929952e+09 
7270 0.000000e+00 0.000000e+00 9.939879e+09 
7271 0.000000e+00 0.000000e+00 1.002207e+10 
7272 0.000000e+00 0.000000e+00 1.048039e+10 
7273 0.000000e+00 0.000000e+00 1.060151e+10 
7274 0.000000e+00 0.000000e+00 1.062989e+10 
7275 0.000000e+00 0.000000e+00 1.067362e+10 
7276 0.000000e+00 0.000000e+00 1.049595e+10 
7277 0.000000e+00 0.000000e+00 1.053976e+10 
7278 0.000000e+00 0.000000e+00 1.060751e+10 
7279 0.000000e+00 0.000000e+00 1.067031e+10 
7280 0.000000e+00 0.000000e+00 1.067298e+10 
7281 0.000000e+00 0.000000e+00 9.965366e+09 
7282 0.000000e+00 0.000000e+00 9.928740e+09 
7283 0.000000e+00 0.000000e+00 9.928111e+09 
7284 0.000000e+00 0.000000e+00 9.927082e+09 
7285 0.000000e+00 0.000000e+00 9.927420e+09 
7286 0.000000e+00 0.000000e+00 9.927147e+09 
7287 0.000000e+00 0.000000e+00 9.932602e+09 
7288 0.000000e+00 0.000000e+00 1.001629e+10 
7289 0.000000e+00 0.000000e+00 1.041620e+10 
7290 0.000000e+00 0.000000e+00 1.061586e+10 
7291 0.000000e+00 0.000000e+00 1.065086e+10 
7292 0.000000e+00 0.000000e+00 1.068138e+10 
7293 0.000000e+00 0.000000e+00 9.986617e+09 
7294 0.000000e+00 0.000000e+00 9.937946e+09 
7295 0.000000e+00 0.000000e+00 9.927715e+09 
7296 0.000000e+00 0.000000e+00 9.926780e+09 
7297 0.000000e+00 0.000000e+00 9.927185e+09 
7298 0.000000e+00 0.000000e+00 9.927075e+09 
7299 0.000000e+00 0.000000e+00 9.927519e+09 
7300 0.000000e+00 0.000000e+00 9.928704e+09 
7301 0.000000e+00 0.000000e+00 1.005130e+10 
7302 0.000000e+00 0.000000e+00 1.043337e+10 
7303 0.000000e+00 0.000000e+00 1.065502e+10 
7304 0.000000e+00 0.000000e+00 1.063361e+10 
7305 0.000000e+00 0.000000e+00 1.004752e+10 
7306 0.000000e+00 0.000000e+00 1.000630e+10 
7307 0.000000e+00 0.000000e+00 1.008274e+10 
7308 0.000000e+00 0.000000e+00 1.021847e+10 
7309 0.000000e+00 0.000000e+00 1.044987e+10 
7310 0.000000e+00 0.000000e+00 1.049357e+10 
7311 0.000000e+00 0.000000e+00 1.063530e+10 
7312 0.000000e+00 0.000000e+00 1.064164e+10 
7313 0.000000e+00 0.000000e+00 1.069581e+10 
7314 0.000000e+00 0.000000e+00 9.989719e+09 
7315 0.000000e+00 0.000000e+00 9.935732e+09 
7316 0.000000e+00 0.000000e+00 9.929365e+09 
7317 0.000000e+00 0.000000e+00 9.927077e+09 
7318 0.000000e+00 0.000000e+00 9.927054e+09 
7319 0.000000e+00 0.000000e+00 9.928261e+09 
7320 0.000000e+00 0.000000e+00 9.927449e+09 
7321 0.000000e+00 0.000000e+00 9.949984e+09 
7322 0.000000e+00 0.000000e+00 1.016412e+10 
7323 0.000000e+00 0.000000e+00 1.053135e+10 
7324 0.000000e+00 0.000000e+00 1.062634e+10 
7325 0.000000e+00 0.000000e+00 1.067903e+10 
7326 0.000000e+00 0.000000e+00 1.070878e+10 
7327 0.000000e+00 0.000000e+00 9.963633e+09 
7328 0.000000e+00 0.000000e+00 9.928485e+09 
7329 0.000000e+00 0.000000e+00 9.927093e+09 
7330 0.000000e+00 0.000000e+00 9.926991e+09 
7331 0.000000e+00 0.000000e+00 9.927014e+09 
7332 0.000000e+00 0.000000e+00 9.928734e+09 
7333 0.000000e+00 0.000000e+00 9.931228e+09 
7334 0.000000e+00 0.000000e+00 1.008033e+10 
7335 0.000000e+00 0.000000e+00 1.039097e+10 
7336 0.000000e+00 0.000000e+00 1.064533e+10 
7337 0.000000e+00 0.000000e+00 1.061418e+10 
7338 0.000000e+00 0.000000e+00 1.070889e+10 
7339 0.000000e+00 0.000000e+00 1.009426e+10 
7340 0.000000e+00 0.000000e+00 1.011114e+10 
7341 0.000000e+00 0.000000e+00 1.018489e+10 
7342 0.000000e+00 0.000000e+00 1.039412e+10 
7343 0.000000e+00 0.000000e+00 1.049972e+10 
7344 0.000000e+00 0.000000e+00 1.059887e+10 
7345 0.000000e+00 0.000000e+00 1.058468e+10 
7346 0.000000e+00 0.000000e+00 1.067490e+10 
7347 0.000000e+00 0.000000e+00 1.069453e+10 
7348 0.000000e+00 0.000000e+00 9.962935e+09 
7349 0.000000e+00 0.000000e+00 9.928543e+09 
7350 0.000000e+00 0.000000e+00 9.927091e+09 
7351 0.000000e+00 0.000000e+00 9.927109e+09 
7352 0.000000e+00 0.000000e+00 9.926978e+09 
7353 0.000000e+00 0.000000e+00 9.927863e+09 
7354 0.000000e+00 0.000000e+00 9.928857e+09 
7355 0.000000e+00 0.000000e+00 1.004634e+10 
7356 0.000000e+00 0.000000e+00 1.049353e+10 
7357 0.000000e+00 0.000000e+00 1.061920e+10 
7358 0.000000e+00 0.000000e+00 1.063531e+10 
7359 0.000000e+00 0.000000e+00 1.071981e+10 
7360 0.000000e+00 0.000000e+00 1.051359e+10 
7361 0.000000e+00 0.000000e+00 1.056626e+10 
7362 0.000000e+00 0.000000e+00 1.057667e+10 
7363 0.000000e+00 0.000000e+00 1.070029e+10 
7364 0.000000e+00 0.000000e+00 1.067542e+10 
7365 0.000000e+00 0.000000e+00 9.967077e+09 
7366 0.000000e+00 0.000000e+00 9.929436e+09 
7367 0.000000e+00 0.000000e+00 9.926994e+09 
7368 0.000000e+00 0.000000e+00 9.926939e+09 
7369 0.000000e+00 0.000000e+00 9.927465e+09 
7370 0.000000e+00 0.000000e+00 9.927530e+09 
7371 0.000000e+00 0.000000e+00 9.931683e+09 
7372 0.000000e+00 0.000000e+00 1.001615e+10 
7373 0.000000e+00 0.000000e+00 1.043930e+10 
7374 0.000000e+00 0.000000e+00 1.062268e+10 
7375 0.000000e+00 0.000000e+00 1.064907e+10 
7376 0.000000e+00 0.000000e+00 1.066320e+10 
7377 0.000000e+00 0.000000e+00 9.985636e+09 
7378 0.000000e+00 0.000000e+00 9.935927e+09 
7379 0.000000e+00 0.000000e+00 9.928094e+09 
7380 0.000000e+00 0.000000e+00 9.926981e+09 
7381 0.000000e+00 0.000000e+00 9.927072e+09 
7382 0.000000e+00 0.000000e+00 9.927317e+09 
7383 0.000000e+00 0.000000e+00 9.927101e+09 
7384 0.000000e+00 0.000000e+00 9.939887e+09 
7385 0.000000e+00 0.000000e+00 1.007215e+10 
7386 0.000000e+00 0.000000e+00 1.038928e+10 
7387 0.000000e+00 0.000000e+00 1.048687e+10 
7388 0.000000e+00 0.000000e+00 1.071156e+10 
7389 0.000000e+00 0.000000e+00 1.003936e+10 
7390 0.000000e+00 0.000000e+00 1.002435e+10 
7391 0.000000e+00 0.000000e+00 1.008139e+10 
7392 0.000000e+00 0.000000e+00 1.024424e+10 
7393 0.000000e+00 0.000000e+00 1.040138e+10 
7394 0.000000e+00 0.000000e+00 1.054527e+10 
7395 0.000000e+00 0.000000e+00 1.060301e+10 
7396 0.000000e+00 0.000000e+00 1.065698e+10 
7397 0.000000e+00 0.000000e+00 1.067857e+10 
7398 0.000000e+00 0.000000e+00 1.008707e+10 
7399 0.000000e+00 0.000000e+00 1.005659e+10 
7400 0.000000e+00 0.000000e+00 1.014872e+10 
7401 0.000000e+00 0.000000e+00 1.029506e+10 
7402 0.000000e+00 0.000000e+00 1.050196e+10 
7403 0.000000e+00 0.000000e+00 1.054502e+10 
7404 0.000000e+00 0.000000e+00 1.066803e+10 
7405 0.000000e+00 0.000000e+00 1.062477e+10 
7406 0.000000e+00 0.000000e+00 1.072503e+10 
7407 0.000000e+00 0.000000e+00 9.980381e+09 
7408 0.000000e+00 0.000000e+00 9.934657e+09 
7409 0.000000e+00 0.000000e+00 9.926977e+09 
7410 0.000000e+00 0.000000e+00 9.927083e+09 
7411 0.000000e+00 0.000000e+00 9.926694e+09 
7412 0.000000e+00 0.000000e+00 9.927460e+09 
7413 0.000000e+00 0.000000e+00 9.926940e+09 
7414 0.000000e+00 0.000000e+00 9.966566e+09 
7415 0.000000e+00 0.000000e+00 1.034272e+10 
7416 0.000000e+00 0.000000e+00 1.062064e+10 
7417 0.000000e+00 0.000000e+00 1.063111e+10 
7418 0.000000e+00 0.000000e+00 1.073571e+10 
7419 0.000000e+00 0.000000e+00 1.006723e+10 
7420 0.000000e+00 0.000000e+00 1.008096e+10 
7421 0.000000e+00 0.000000e+00 1.015932e+10 
7422 0.000000e+00 0.000000e+00 1.034442e+10 
7423 0.000000e+00 0.000000e+00 1.041328e+10 
7424 0.000000e+00 0.000000e+00 1.056642e+10 
7425 0.000000e+00 0.000000e+00 1.060701e+10 
7426 0.000000e+00 0.000000e+00 1.067777e+10 
7427 0.000000e+00 0.000000e+00 1.065822e+10 
7428 0.000000e+00 0.000000e+00 9.963877e+09 
7429 0.000000e+00 0.000000e+00 9.929606e+09 
7430 0.000000e+00 0.000000e+00 9.927035e+09 
7431 0.000000e+00 0.000000e+00 9.926919e+09 
7432 0.000000e+00 0.000000e+00 9.927995e+09 
7433 0.000000e+00 0.000000e+00 9.926569e+09 
7434 0.000000e+00 0.000000e+00 9.938979e+09 
7435 0.000000e+00 0.000000e+00 1.004565e+10 
7436 0.000000e+00 0.000000e+00 1.053466e+10 
7437 0.000000e+00 0.000000e+00 1.057983e+10 
7438 0.000000e+00 0.000000e+00 1.071603e+10 
7439 0.000000e+00 0.000000e+00 1.063024e+10 
7440 0.000000e+00 0.000000e+00 1.008534e+10 
7441 0.000000e+00 0.000000e+00 1.005949e+10 
7442 0.000000e+00 0.000000e+00 1.016781e+10 
7443 0.000000e+00 0.000000e+00 1.030185e+10 
7444 0.000000e+00 0.000000e+00 1.046558e+10 
7445 0.000000e+00 0.000000e+00 1.050892e+10 
7446 0.000000e+00 0.000000e+00 1.066240e+10 
7447 0.000000e+00 0.000000e+00 1.061729e+10 
7448 0.000000e+00 0.000000e+00 1.004074e+10 
7449 0.000000e+00 0.000000e+00 1.000234e+10 
7450 0.000000e+00 0.000000e+00 1.005321e+10 
7451 0.000000e+00 0.000000e+00 1.015122e+10 
7452 0.000000e+00 0.000000e+00 1.041692e+10 
7453 0.000000e+00 0.000000e+00 1.049132e+10 
7454 0.000000e+00 0.000000e+00 1.061436e+10 
7455 0.000000e+00 0.000000e+00 1.059558e+10 
7456 0.000000e+00 0.000000e+00 1.072627e+10 
7457 0.000000e+00 0.000000e+00 1.067011e+10 
7458 0.000000e+00 0.000000e+00 9.960018e+09 
7459 0.000000e+00 0.000000e+00 9.928468e+09 
7460 0.000000e+00 0.000000e+00 9.927806e+09 
7461 0.000000e+00 0.000000e+00 9.927538e+09 
7462 0.000000e+00 0.000000e+00 9.927193e+09 
7463 0.000000e+00 0.000000e+00 9.928679e+09 
7464 0.000000e+00 0.000000e+00 9.933321e+09 
7465 0.000000e+00 0.000000e+00 1.006537e+10 
7466 0.000000e+00 0.000000e+00 1.052104e+10 
7467 0.000000e+00 0.000000e+00 1.059550e+10 
7468 0.000000e+00 0.000000e+00 1.063939e+10 
7469 0.000000e+00 0.000000e+00 1.068675e+10 
7470 0.000000e+00 0.000000e+00 9.977316e+09 
7471 0.000000e+00 0.000000e+00 9.932902e+09 
7472 0.000000e+00 0.000000e+00 9.928718e+09 
7473 0.000000e+00 0.000000e+00 9.927308e+09 
7474 0.000000e+00 0.000000e+00 9.927173e+09 
7475 0.000000e+00 0.000000e+00 9.927726e+09 
7476 0.000000e+00 0.000000e+00 9.929883e+09 
7477 0.000000e+00 0.000000e+00 9.943851e+09 
7478 0.000000e+00 0.000000e+00 1.017597e+10 
7479 0.000000e+00 0.000000e+00 1.053713e+10 
7480 0.000000e+00 0.000000e+00 1.066902e+10 
7481 0.000000e+00 0.000000e+00 1.068215e+10 
7482 0.000000e+00 0.000000e+00 1.009540e+10 
7483 0.000000e+00 0.000000e+00 1.003869e+10 
7484 0.000000e+00 0.000000e+00 1.013863e+10 
7485 0.000000e+00 0.000000e+00 1.031804e+10 
7486 0.000000e+00 0.000000e+00 1.049768e+10 
7487 0.000000e+00 0.000000e+00 1.053172e+10 
7488 0.000000e+00 0.000000e+00 1.067617e+10 
7489 0.000000e+00 0.000000e+00 1.062320e+10 
7490 0.000000e+00 0.000000e+00 1.074390e+10 
7491 0.000000e+00 0.000000e+00 9.982558e+09 
7492 0.000000e+00 0.000000e+00 9.935066e+09 
7493 0.000000e+00 0.000000e+00 9.926752e+09 
7494 0.000000e+00 0.000000e+00 9.926982e+09 
7495 0.000000e+00 0.000000e+00 9.926939e+09 
7496 0.000000e+00 0.000000e+00 9.926553e+09 
7497 0.000000e+00 0.000000e+00 9.930120e+09 
7498 0.000000e+00 0.000000e+00 9.961013e+09 
7499 0.000000e+00 0.000000e+00 1.030769e+10 
7500 0.000000e+00 0.000000e+00 1.051881e+10 
7501 0.000000e+00 0.000000e+00 1.067556e+10 
7502 0.000000e+00 0.000000e+00 1.065701e+10 
7503 0.000000e+00 0.000000e+00 9.980127e+09 
7504 0.000000e+00 0.000000e+00 9.933930e+09 
7505 0.000000e+00 0.000000e+00 9.926697e+09 
7506 0.000000e+00 0.000000e+00 9.926943e+09 
7507 0.000000e+00 0.000000e+00 9.927413e+09 
7508 0.000000e+00 0.000000e+00 9.927557e+09 
7509 0.000000e+00 0.000000e+00 9.926665e+09 
7510 0.000000e+00 0.000000e+00 9.931449e+09 
7511 0.000000e+00 0.000000e+00 1.002078e+10 
7512 0.000000e+00 0.000000e+00 1.053171e+10 
7513 0.000000e+00 0.000000e+00 1.057104e+10 
7514 0.000000e+00 0.000000e+00 1.067606e+10 
7515 0.000000e+00 0.000000e+00 1.066711e+10 
7516 0.000000e+00 0.000000e+00 1.014131e+10 
7517 0.000000e+00 0.000000e+00 1.012092e+10 
7518 0.000000e+00 0.000000e+00 1.028490e+10 
7519 0.000000e+00 0.000000e+00 1.037077e+10 
7520 0.000000e+00 0.000000e+00 1.053718e+10 
7521 0.000000e+00 0.000000e+00 1.055419e+10 
7522 0.000000e+00 0.000000e+00 1.066977e+10 
7523 0.000000e+00 0.000000e+00 1.066080e+10 
7524 0.000000e+00 0.000000e+00 1.050809e+10 
7525 0.000000e+00 0.000000e+00 1.050936e+10 
7526 0.000000e+00 0.000000e+00 1.063358e+10 
7527 0.000000e+00 0.000000e+00 1.064640e+10 
7528 0.000000e+00 0.000000e+00 1.072167e+10 
7529 0.000000e+00 0.000000e+00 1.009472e+10 
7530 0.000000e+00 0.000000e+00 1.008551e+10 
7531 0.000000e+00 0.000000e+00 1.016744e+10 
7532 0.000000e+00 0.000000e+00 1.036857e+10 
7533 0.000000e+00 0.000000e+00 1.045077e+10 
7534 0.000000e+00 0.000000e+00 1.059595e+10 
7535 0.000000e+00 0.000000e+00 1.058284e+10 
7536 0.000000e+00 0.000000e+00 1.073485e+10 
7537 0.000000e+00 0.000000e+00 1.068117e+10 
7538 0.000000e+00 0.000000e+00 9.961425e+09 
7539 0.000000e+00 0.000000e+00 9.929551e+09 
7540 0.000000e+00 0.000000e+00 9.926747e+09 
7541 0.000000e+00 0.000000e+00 9.927028e+09 
7542 0.000000e+00 0.000000e+00 9.926774e+09 
7543 0.000000e+00 0.000000e+00 9.927684e+09 
7544 0.000000e+00 0.000000e+00 9.927297e+09 
7545 0.000000e+00 0.000000e+00 9.965802e+09 
7546 0.000000e+00 0.000000e+00 1.022862e+10 
7547 0.000000e+00 0.000000e+00 1.059799e+10 
7548 0.000000e+00 0.000000e+00 1.062513e+10 
7549 0.000000e+00 0.000000e+00 1.072724e+10 
7550 0.000000e+00 0.000000e+00 1.008216e+10 
7551 0.000000e+00 0.000000e+00 1.009488e+10 
7552 0.000000e+00 0.000000e+00 1.016365e+10 
7553 0.000000e+00 0.000000e+00 1.036568e+10 
7554 0.000000e+00 0.000000e+00 1.046078e+10 
7555 0.000000e+00 0.000000e+00 1.057398e+10 
7556 0.000000e+00 0.000000e+00 1.058128e+10 
7557 0.000000e+00 0.000000e+00 1.067547e+10 
7558 0.000000e+00 0.000000e+00 1.066311e+10 
7559 0.000000e+00 0.000000e+00 1.014900e+10 
7560 0.000000e+00 0.000000e+00 1.012780e+10 
7561 0.000000e+00 0.000000e+00 1.027234e+10 
7562 0.000000e+00 0.000000e+00 1.039095e+10 
7563 0.000000e+00 0.000000e+00 1.053858e+10 
7564 0.000000e+00 0.000000e+00 1.056792e+10 
7565 0.000000e+00 0.000000e+00 1.067600e+10 
7566 0.000000e+00 0.000000e+00 1.064921e+10 
7567 0.000000e+00 0.000000e+00 1.071812e+10 
7568 0.000000e+00 0.000000e+00 9.964308e+09 
7569 0.000000e+00 0.000000e+00 9.929998e+09 
7570 0.000000e+00 0.000000e+00 9.927289e+09 
7571 0.000000e+00 0.000000e+00 9.927478e+09 
7572 0.000000e+00 0.000000e+00 9.928250e+09 
7573 0.000000e+00 0.000000e+00 9.929656e+09 
7574 0.000000e+00 0.000000e+00 9.980954e+09 
7575 0.000000e+00 0.000000e+00 1.021525e+10 
7576 0.000000e+00 0.000000e+00 1.058101e+10 
7577 0.000000e+00 0.000000e+00 1.059574e+10 
7578 0.000000e+00 0.000000e+00 1.071827e+10 
7579 0.000000e+00 0.000000e+00 1.003086e+10 
7580 0.000000e+00 0.000000e+00 1.002186e+10 
7581 0.000000e+00 0.000000e+00 1.006845e+10 
7582 0.000000e+00 0.000000e+00 1.022397e+10 
7583 0.000000e+00 0.000000e+00 1.037241e+10 
7584 0.000000e+00 0.000000e+00 1.056356e+10 
7585 0.000000e+00 0.000000e+00 1.055165e+10 
7586 0.000000e+00 0.000000e+00 1.065777e+10 
7587 0.000000e+00 0.000000e+00 1.065607e+10 
7588 0.000000e+00 0.000000e+00 1.072616e+10 
7589 0.000000e+00 0.000000e+00 9.963029e+09 
7590 0.000000e+00 0.000000e+00 9.930977e+09 
7591 0.000000e+00 0.000000e+00 9.926908e+09 
7592 0.000000e+00 0.000000e+00 9.927997e+09 
7593 0.000000e+00 0.000000e+00 9.927725e+09 
7594 0.000000e+00 0.000000e+00 9.941388e+09 
7595 0.000000e+00 0.000000e+00 1.001910e+10 
7596 0.000000e+00 0.000000e+00 1.029364e+10 
7597 0.000000e+00 0.000000e+00 1.046166e+10 
7598 0.000000e+00 0.000000e+00 1.063521e+10 
7599 0.000000e+00 0.000000e+00 1.065481e+10 
7600 0.000000e+00 0.000000e+00 1.072765e+10 
7601 0.000000e+00 0.000000e+00 9.973631e+09 
7602 0.000000e+00 0.000000e+00 9.933534e+09 
7603 0.000000e+00 0.000000e+00 9.926974e+09 
7604 0.000000e+00 0.000000e+00 9.926788e+09 
7605 0.000000e+00 0.000000e+00 9.927254e+09 
7606 0.000000e+00 0.000000e+00 9.926595e+09 
7607 0.000000e+00 0.000000e+00 9.934188e+09 
7608 0.000000e+00 0.000000e+00 1.000725e+10 
7609 0.000000e+00 0.000000e+00 1.032078e+10 
7610 0.000000e+00 0.000000e+00 1.050682e+10 
7611 0.000000e+00 0.000000e+00 1.065921e+10 
7612 0.000000e+00 0.000000e+00 1.067771e+10 
7613 0.000000e+00 0.000000e+00 1.054968e+10 
7614 0.000000e+00 0.000000e+00 1.050562e+10 
7615 0.000000e+00 0.000000e+00 1.065007e+10 
7616 0.000000e+00 0.000000e+00 1.064376e+10 
7617 0.000000e+00 0.000000e+00 1.073667e+10 
7618 0.000000e+00 0.000000e+00 1.010098e+10 
7619 0.000000e+00 0.000000e+00 1.010020e+10 
7620 0.000000e+00 0.000000e+00 1.022246e+10 
7621 0.000000e+00 0.000000e+00 1.039162e+10 
7622 0.000000e+00 0.000000e+00 1.051591e+10 
7623 0.000000e+00 0.000000e+00 1.061798e+10 
7624 0.000000e+00 0.000000e+00 1.060075e+10 
7625 0.000000e+00 0.000000e+00 1.070742e+10 
7626 0.000000e+00 0.000000e+00 1.067633e+10 
7627 0.000000e+00 0.000000e+00 9.960391e+09 
7628 0.000000e+00 0.000000e+00 9.928029e+09 
7629 0.000000e+00 0.000000e+00 9.927097e+09 
7630 0.000000e+00 0.000000e+00 9.929778e+09 
7631 0.000000e+00 0.000000e+00 9.926886e+09 
7632 0.000000e+00 0.000000e+00 9.933267e+09 
7633 0.000000e+00 0.000000e+00 9.975591e+09 
7634 0.000000e+00 0.000000e+00 1.025816e+10 
7635 0.000000e+00 0.000000e+00 1.049689e+10 
7636 0.000000e+00 0.000000e+00 1.062349e+10 
7637 0.000000e+00 0.000000e+00 1.062284e+10 
7638 0.000000e+00 0.000000e+00 1.073272e+10 
7639 0.000000e+00 0.000000e+00 1.009273e+10 
7640 0.000000e+00 0.000000e+00 1.010981e+10 
7641 0.000000e+00 0.000000e+00 1.022191e+10 
7642 0.000000e+00 0.000000e+00 1.037837e+10 
7643 0.000000e+00 0.000000e+00 1.050661e+10 
7644 0.000000e+00 0.000000e+00 1.061189e+10 
7645 0.000000e+00 0.000000e+00 1.061942e+10 
7646 0.000000e+00 0.000000e+00 1.073415e+10 
7647 0.000000e+00 0.000000e+00 1.067020e+10 
7648 0.000000e+00 0.000000e+00 9.958634e+09 
7649 0.000000e+00 0.000000e+00 9.928401e+09 
7650 0.000000e+00 0.000000e+00 9.927063e+09 
7651 0.000000e+00 0.000000e+00 9.927262e+09 
7652 0.000000e+00 0.000000e+00 9.927188e+09 
7653 0.000000e+00 0.000000e+00 9.927591e+09 
7654 0.000000e+00 0.000000e+00 9.928840e+09 
7655 0.000000e+00 0.000000e+00 9.969045e+09 
7656 0.000000e+00 0.000000e+00 1.029410e+10 
7657 0.000000e+00 0.000000e+00 1.062483e+10 
7658 0.000000e+00 0.000000e+00 1.061473e+10 
7659 0.000000e+00 0.000000e+00 1.070177e+10 
7660 0.000000e+00 0.000000e+00 9.981262e+09 
7661 0.000000e+00 0.000000e+00 9.934372e+09 
7662 0.000000e+00 0.000000e+00 9.927442e+09 
7663 0.000000e+00 0.000000e+00 9.926783e+09 
7664 0.000000e+00 0.000000e+00 9.926978e+09 
7665 0.000000e+00 0.000000e+00 9.926893e+09 
7666 0.000000e+00 0.000000e+00 9.931372e+09 
7667 0.000000e+00 0.000000e+00 9.982880e+09 
7668 0.000000e+00 0.000000e+00 1.037218e+10 
7669 0.000000e+00 0.000000e+00 1.055260e+10 
7670 0.000000e+00 0.000000e+00 1.066343e+10 
7671 0.000000e+00 0.000000e+00 1.066854e+10 
7672 0.000000e+00 0.000000e+00 1.073666e+10 
7673 0.000000e+00 0.000000e+00 9.965558e+09 
7674 0.000000e+00 0.000000e+00 9.931102e+09 
7675 0.000000e+00 0.000000e+00 9.926998e+09 
7676 0.000000e+00 0.000000e+00 9.927502e+09 
7677 0.000000e+00 0.000000e+00 9.929008e+09 
7678 0.000000e+00 0.000000e+00 9.928787e+09 
7679 0.000000e+00 0.000000e+00 9.953622e+09 
7680 0.000000e+00 0.000000e+00 1.016312e+10 
7681 0.000000e+00 0.000000e+00 1.046389e+10 
7682 0.000000e+00 0.000000e+00 1.066554e+10 
7683 0.000000e+00 0.000000e+00 1.065367e+10 
7684 0.000000e+00 0.000000e+00 1.073886e+10 
7685 0.000000e+00 0.000000e+00 1.013997e+10 
7686 0.000000e+00 0.000000e+00 1.012738e+10 
7687 0.000000e+00 0.000000e+00 1.025883e+10 
7688 0.000000e+00 0.000000e+00 1.044822e+10 
7689 0.000000e+00 0.000000e+00 1.050726e+10 
7690 0.000000e+00 0.000000e+00 1.062468e+10 
7691 0.000000e+00 0.000000e+00 1.061593e+10 
7692 0.000000e+00 0.000000e+00 1.068220e+10 
7693 0.000000e+00 0.000000e+00 1.070795e+10 
7694 0.000000e+00 0.000000e+00 9.958762e+09 
7695 0.000000e+00 0.000000e+00 9.927459e+09 
7696 0.000000e+00 0.000000e+00 9.928264e+09 
7697 0.000000e+00 0.000000e+00 9.927222e+09 
7698 0.000000e+00 0.000000e+00 9.927963e+09 
7699 0.000000e+00 0.000000e+00 9.929382e+09 
7700 0.000000e+00 0.000000e+00 9.965265e+09 
7701 0.000000e+00 0.000000e+00 1.017808e+10 
7702 0.000000e+00 0.000000e+00 1.054183e+10 
7703 0.000000e+00 0.000000e+00 1.059989e+10 
7704 0.000000e+00 0.000000e+00 1.064880e+10 
7705 0.000000e+00 0.000000e+00 1.067460e+10 
7706 0.000000e+00 0.000000e+00 9.975209e+09 
7707 0.000000e+00 0.000000e+00 9.933915e+09 
7708 0.000000e+00 0.000000e+00 9.927610e+09 
7709 0.000000e+00 0.000000e+00 9.927206e+09 
7710 0.000000e+00 0.000000e+00 9.927445e+09 
7711 0.000000e+00 0.000000e+00 9.926959e+09 
7712 0.000000e+00 0.000000e+00 9.930256e+09 
7713 0.000000e+00 0.000000e+00 9.950826e+09 
7714 0.000000e+00 0.000000e+00 1.034832e+10 
7715 0.000000e+00 0.000000e+00 1.057246e+10 
7716 0.000000e+00 0.000000e+00 1.068267e+10 
7717 0.000000e+00 0.000000e+00 1.066888e+10 
7718 0.000000e+00 0.000000e+00 1.010936e+10 
7719 0.000000e+00 0.000000e+00 1.006832e+10 
7720 0.000000e+00 0.000000e+00 1.017598e+10 
7721 0.000000e+00 0.000000e+00 1.032402e+10 
7722 0.000000e+00 0.000000e+00 1.049545e+10 
7723 0.000000e+00 0.000000e+00 1.051236e+10 
7724 0.000000e+00 0.000000e+00 1.063673e+10 
7725 0.000000e+00 0.000000e+00 1.061977e+10 
7726 0.000000e+00 0.000000e+00 1.075205e+10 
7727 0.000000e+00 0.000000e+00 1.012768e+10 
7728 0.000000e+00 0.000000e+00 1.015030e+10 
7729 0.000000e+00 0.000000e+00 1.022251e+10 
7730 0.000000e+00 0.000000e+00 1.040092e+10 
7731 0.000000e+00 0.000000e+00 1.050315e+10 
7732 0.000000e+00 0.000000e+00 1.058603e+10 
7733 0.000000e+00 0.000000e+00 1.064721e+10 
7734 0.000000e+00 0.000000e+00 1.071356e+10 
7735 0.000000e+00 0.000000e+00 1.006308e+10 
7736 0.000000e+00 0.000000e+00 1.005513e+10 
7737 0.000000e+00 0.000000e+00 1.012956e+10 
7738 0.000000e+00 0.000000e+00 1.032447e+10 
7739 0.000000e+00 0.000000e+00 1.043564e+10 
7740 0.000000e+00 0.000000e+00 1.056528e+10 
7741 0.000000e+00 0.000000e+00 1.057701e+10 
7742 0.000000e+00 0.000000e+00 1.070808e+10 
7743 0.000000e+00 0.000000e+00 1.065636e+10 
7744 0.000000e+00 0.000000e+00 9.968150e+09 
7745 0.000000e+00 0.000000e+00 9.930089e+09 
7746 0.000000e+00 0.000000e+00 9.926855e+09 
7747 0.000000e+00 0.000000e+00 9.927034e+09 
7748 0.000000e+00 0.000000e+00 9.926987e+09 
7749 0.000000e+00 0.000000e+00 9.927709e+09 
7750 0.000000e+00 0.000000e+00 9.926891e+09 
7751 0.000000e+00 0.000000e+00 9.960977e+09 
7752 0.000000e+00 0.000000e+00 1.022106e+10 
7753 0.000000e+00 0.000000e+00 1.058038e+10 
7754 0.000000e+00 0.000000e+00 1.062082e+10 
7755 0.000000e+00 0.000000e+00 1.070768e+10 
7756 0.000000e+00 0.000000e+00 1.067304e+10 
7757 0.000000e+00 0.000000e+00 9.955379e+09 
7758 0.000000e+00 0.000000e+00 9.928170e+09 
7759 0.000000e+00 0.000000e+00 9.927670e+09 
7760 0.000000e+00 0.000000e+00 9.928356e+09 
7761 0.000000e+00 0.000000e+00 9.927143e+09 
7762 0.000000e+00 0.000000e+00 9.932853e+09 
7763 0.000000e+00 0.000000e+00 9.966296e+09 
7764 0.000000e+00 0.000000e+00 1.030065e+10 
7765 0.000000e+00 0.000000e+00 1.057880e+10 
7766 0.000000e+00 0.000000e+00 1.061471e+10 
7767 0.000000e+00 0.000000e+00 1.065031e+10 
7768 0.000000e+00 0.000000e+00 1.072361e+10 
7769 0.000000e+00 0.000000e+00 1.012372e+10 
7770 0.000000e+00 0.000000e+00 1.013805e+10 
7771 0.000000e+00 0.000000e+00 1.023702e+10 
7772 0.000000e+00 0.000000e+00 1.038554e+10 
7773 0.000000e+00 0.000000e+00 1.047292e+10 
7774 0.000000e+00 0.000000e+00 1.059366e+10 
7775 0.000000e+00 0.000000e+00 1.063653e+10 
7776 0.000000e+00 0.000000e+00 1.072618e+10 
7777 0.000000e+00 0.000000e+00 1.066496e+10 
7778 0.000000e+00 0.000000e+00 9.956172e+09 
7779 0.000000e+00 0.000000e+00 9.927814e+09 
7780 0.000000e+00 0.000000e+00 9.926976e+09 
7781 0.000000e+00 0.000000e+00 9.927964e+09 
7782 0.000000e+00 0.000000e+00 9.927122e+09 
7783 0.000000e+00 0.000000e+00 9.930192e+09 
7784 0.000000e+00 0.000000e+00 9.946902e+09 
7785 0.000000e+00 0.000000e+00 1.017426e+10 
7786 0.000000e+00 0.000000e+00 1.048839e+10 
7787 0.000000e+00 0.000000e+00 1.062216e+10 
7788 0.000000e+00 0.000000e+00 1.064016e+10 
7789 0.000000e+00 0.000000e+00 1.069300e+10 
7790 0.000000e+00 0.000000e+00 9.977059e+09 
7791 0.000000e+00 0.000000e+00 9.932715e+09 
7792 0.000000e+00 0.000000e+00 9.926882e+09 
7793 0.000000e+00 0.000000e+00 9.927338e+09 
7794 0.000000e+00 0.000000e+00 9.926586e+09 
7795 0.000000e+00 0.000000e+00 9.929528e+09 
7796 0.000000e+00 0.000000e+00 9.935067e+09 
7797 0.000000e+00 0.000000e+00 1.006276e+10 
7798 0.000000e+00 0.000000e+00 1.038645e+10 
7799 0.000000e+00 0.000000e+00 1.063417e+10 
7800 0.000000e+00 0.000000e+00 1.063884e+10 
7801 0.000000e+00 0.000000e+00 1.073107e+10 
7802 0.000000e+00 0.000000e+00 9.991352e+09 
7803 0.000000e+00 0.000000e+00 9.936795e+09 
7804 0.000000e+00 0.000000e+00 9.928258e+09 
7805 0.000000e+00 0.000000e+00 9.926885e+09 
7806 0.000000e+00 0.000000e+00 9.927922e+09 
7807 0.000000e+00 0.000000e+00 9.927361e+09 
7808 0.000000e+00 0.000000e+00 9.931187e+09 
7809 0.000000e+00 0.000000e+00 9.949662e+09 
7810 0.000000e+00 0.000000e+00 1.023599e+10 
7811 0.000000e+00 0.000000e+00 1.053736e+10 
7812 0.000000e+00 0.000000e+00 1.064666e+10 
7813 0.000000e+00 0.000000e+00 1.067375e+10 
7814 0.000000e+00 0.000000e+00 1.072007e+10 
7815 0.000000e+00 0.000000e+00 9.970467e+09 
7816 0.000000e+00 0.000000e+00 9.931970e+09 
7817 0.000000e+00 0.000000e+00 9.927038e+09 
7818 0.000000e+00 0.000000e+00 9.926992e+09 
7819 0.000000e+00 0.000000e+00 9.927687e+09 
7820 0.000000e+00 0.000000e+00 9.927084e+09 
7821 0.000000e+00 0.000000e+00 9.936548e+09 
7822 0.000000e+00 0.000000e+00 1.003967e+10 
7823 0.000000e+00 0.000000e+00 1.050507e+10 
7824 0.000000e+00 0.000000e+00 1.059212e+10 
7825 0.000000e+00 0.000000e+00 1.069363e+10 
7826 0.000000e+00 0.000000e+00 1.066750e+10 
7827 0.000000e+00 0.000000e+00 9.970858e+09 
7828 0.000000e+00 0.000000e+00 9.930835e+09 
7829 0.000000e+00 0.000000e+00 9.927053e+09 
7830 0.000000e+00 0.000000e+00 9.928310e+09 
7831 0.000000e+00 0.000000e+00 9.926646e+09 
7832 0.000000e+00 0.000000e+00 9.929846e+09 
7833 0.000000e+00 0.000000e+00 9.932471e+09 
7834 0.000000e+00 0.000000e+00 1.004519e+10 
7835 0.000000e+00 0.000000e+00 1.040748e+10 
7836 0.000000e+00 0.000000e+00 1.059324e+10 
7837 0.000000e+00 0.000000e+00 1.059467e+10 
7838 0.000000e+00 0.000000e+00 1.071025e+10 
7839 0.000000e+00 0.000000e+00 1.005694e+10 
7840 0.000000e+00 0.000000e+00 1.005651e+10 
7841 0.000000e+00 0.000000e+00 1.012335e+10 
7842 0.000000e+00 0.000000e+00 1.030590e+10 
7843 0.000000e+00 0.000000e+00 1.041923e+10 
7844 0.000000e+00 0.000000e+00 1.053568e+10 
7845 0.000000e+00 0.000000e+00 1.057807e+10 
7846 0.000000e+00 0.000000e+00 1.066895e+10 
7847 0.000000e+00 0.000000e+00 1.067394e+10 
7848 0.000000e+00 0.000000e+00 1.011003e+10 
7849 0.000000e+00 0.000000e+00 1.006529e+10 
7850 0.000000e+00 0.000000e+00 1.022479e+10 
7851 0.000000e+00 0.000000e+00 1.031768e+10 
7852 0.000000e+00 0.000000e+00 1.048009e+10 
7853 0.000000e+00 0.000000e+00 1.054527e+10 
7854 0.000000e+00 0.000000e+00 1.063071e+10 
7855 0.000000e+00 0.000000e+00 1.067408e+10 
7856 0.000000e+00 0.000000e+00 1.073938e+10 
7857 0.000000e+00 0.000000e+00 9.975108e+09 
7858 0.000000e+00 0.000000e+00 9.932487e+09 
7859 0.000000e+00 0.000000e+00 9.927562e+09 
7860 0.000000e+00 0.000000e+00 9.926673e+09 
7861 0.000000e+00 0.000000e+00 9.927962e+09 
7862 0.000000e+00 0.000000e+00 9.927622e+09 
7863 0.000000e+00 0.000000e+00 9.959383e+09 
7864 0.000000e+00 0.000000e+00 1.017527e+10 
7865 0.000000e+00 0.000000e+00 1.046678e+10 
7866 0.000000e+00 0.000000e+00 1.060267e+10 
7867 0.000000e+00 0.000000e+00 1.065563e+10 
7868 0.000000e+00 0.000000e+00 1.067974e+10 
7869 0.000000e+00 0.000000e+00 1.011602e+10 
7870 0.000000e+00 0.000000e+00 1.009072e+10 
7871 0.000000e+00 0.000000e+00 1.019503e+10 
7872 0.000000e+00 0.000000e+00 1.032052e+10 
7873 0.000000e+00 0.000000e+00 1.050018e+10 
7874 0.000000e+00 0.000000e+00 1.055292e+10 
7875 0.000000e+00 0.000000e+00 1.065053e+10 
7876 0.000000e+00 0.000000e+00 1.064029e+10 
7877 0.000000e+00 0.000000e+00 1.072047e+10 
7878 0.000000e+00 0.000000e+00 1.013239e+10 
7879 0.000000e+00 0.000000e+00 1.014840e+10 
7880 0.000000e+00 0.000000e+00 1.026964e+10 
7881 0.000000e+00 0.000000e+00 1.040738e+10 
7882 0.000000e+00 0.000000e+00 1.050809e+10 
7883 0.000000e+00 0.000000e+00 1.060112e+10 
7884 0.000000e+00 0.000000e+00 1.062130e+10 
7885 0.000000e+00 0.000000e+00 1.067969e+10 
7886 0.000000e+00 0.000000e+00 1.006890e+10 
7887 0.000000e+00 0.000000e+00 1.007524e+10 
7888 0.000000e+00 0.000000e+00 1.015922e+10 
7889 0.000000e+00 0.000000e+00 1.033843e+10 
7890 0.000000e+00 0.000000e+00 1.044577e+10 
7891 0.000000e+00 0.000000e+00 1.058113e+10 
7892 0.000000e+00 0.000000e+00 1.062308e+10 
7893 0.000000e+00 0.000000e+00 1.067173e+10 
7894 0.000000e+00 0.000000e+00 1.067672e+10 
7895 0.000000e+00 0.000000e+00 1.058036e+10 
7896 0.000000e+00 0.000000e+00 1.054632e+10 
7897 0.000000e+00 0.000000e+00 1.063972e+10 
7898 0.000000e+00 0.000000e+00 1.063954e+10 
7899 0.000000e+00 0.000000e+00 1.069757e+10 
7900 0.000000e+00 0.000000e+00 9.970004e+09 
7901 0.000000e+00 0.000000e+00 9.932973e+09 
7902 0.000000e+00 0.000000e+00 9.926951e+09 
7903 0.000000e+00 0.000000e+00 9.927063e+09 
7904 0.000000e+00 0.000000e+00 9.927046e+09 
7905 0.000000e+00 0.000000e+00 9.927120e+09 
7906 0.000000e+00 0.000000e+00 9.927837e+09 
7907 0.000000e+00 0.000000e+00 9.956165e+09 
7908 0.000000e+00 0.000000e+00 1.037025e+10 
7909 0.000000e+00 0.000000e+00 1.063674e+10 
7910 0.000000e+00 0.000000e+00 1.069133e+10 
7911 0.000000e+00 0.000000e+00 1.066656e+10 
7912 0.000000e+00 0.000000e+00 9.976367e+09 
7913 0.000000e+00 0.000000e+00 9.930768e+09 
7914 0.000000e+00 0.000000e+00 9.926856e+09 
7915 0.000000e+00 0.000000e+00 9.927251e+09 
7916 0.000000e+00 0.000000e+00 9.926870e+09 
7917 0.000000e+00 0.000000e+00 9.927761e+09 
7918 0.000000e+00 0.000000e+00 9.927068e+09 
7919 0.000000e+00 0.000000e+00 9.946476e+09 
7920 0.000000e+00 0.000000e+00 1.008659e+10 
7921 0.000000e+00 0.000000e+00 1.039277e+10 
7922 0.000000e+00 0.000000e+00 1.052705e+10 
7923 0.000000e+00 0.000000e+00 1.069704e+10 
7924 0.000000e+00 0.000000e+00 1.071015e+10 
7925 0.000000e+00 0.000000e+00 9.967550e+09 
7926 0.000000e+00 0.000000e+00 9.932278e+09 
7927 0.000000e+00 0.000000e+00 9.927317e+09 
7928 0.000000e+00 0.000000e+00 9.927900e+09 
7929 0.000000e+00 0.000000e+00 9.927477e+09 
7930 0.000000e+00 0.000000e+00 9.927658e+09 
7931 0.000000e+00 0.000000e+00 9.929995e+09 
7932 0.000000e+00 0.000000e+00 9.965843e+09 
7933 0.000000e+00 0.000000e+00 1.031875e+10 
7934 0.000000e+00 0.000000e+00 1.052084e+10 
7935 0.000000e+00 0.000000e+00 1.067469e+10 
7936 0.000000e+00 0.000000e+00 1.002437e+10 
7937 0.000000e+00 0.000000e+00 1.000100e+10 
7938 0.000000e+00 0.000000e+00 1.006076e+10 
7939 0.000000e+00 0.000000e+00 1.017755e+10 
7940 0.000000e+00 0.000000e+00 1.034885e+10 
7941 0.000000e+00 0.000000e+00 1.050328e+10 
7942 0.000000e+00 0.000000e+00 1.060266e+10 
7943 0.000000e+00 0.000000e+00 1.059292e+10 
7944 0.000000e+00 0.000000e+00 1.066146e+10 
7945 0.000000e+00 0.000000e+00 1.006024e+10 
7946 0.000000e+00 0.000000e+00 1.004889e+10 
7947 0.000000e+00 0.000000e+00 1.010269e+10 
7948 0.000000e+00 0.000000e+00 1.027605e+10 
7949 0.000000e+00 0.000000e+00 1.043949e+10 
7950 0.000000e+00 0.000000e+00 1.053631e+10 
7951 0.000000e+00 0.000000e+00 1.059005e+10 
7952 0.000000e+00 0.000000e+00 1.065614e+10 
7953 0.000000e+00 0.000000e+00 1.069141e+10 
7954 0.000000e+00 0.000000e+00 1.010504e+10 
7955 0.000000e+00 0.000000e+00 1.006771e+10 
7956 0.000000e+00 0.000000e+00 1.019572e+10 
7957 0.000000e+00 0.000000e+00 1.035731e+10 
7958 0.000000e+00 0.000000e+00 1.048786e+10 
7959 0.000000e+00 0.000000e+00 1.052947e+10 
7960 0.000000e+00 0.000000e+00 1.064964e+10 
7961 0.000000e+00 0.000000e+00 1.064960e+10 
7962 0.000000e+00 0.000000e+00 1.070404e+10 
7963 0.000000e+00 0.000000e+00 1.013312e+10 
7964 0.000000e+00 0.000000e+00 1.014799e+10 
7965 0.000000e+00 0.000000e+00 1.024059e+10 
7966 0.000000e+00 0.000000e+00 1.039655e+10 
7967 0.000000e+00 0.000000e+00 1.050334e+10 
7968 0.000000e+00 0.000000e+00 1.058080e+10 
7969 0.000000e+00 0.000000e+00 1.064295e+10 
7970 0.000000e+00 0.000000e+00 1.070545e+10 
7971 0.000000e+00 0.000000e+00 1.007449e+10 
7972 0.000000e+00 0.000000e+00 1.004791e+10 
7973 0.000000e+00 0.000000e+00 1.012284e+10 
7974 0.000000e+00 0.000000e+00 1.033304e+10 
7975 0.000000e+00 0.000000e+00 1.041534e+10 
7976 0.000000e+00 0.000000e+00 1.057255e+10 
7977 0.000000e+00 0.000000e+00 1.059827e+10 
7978 0.000000e+00 0.000000e+00 1.065859e+10 
7979 0.000000e+00 0.000000e+00 1.067881e+10 
7980 0.000000e+00 0.000000e+00 1.011379e+10 
7981 0.000000e+00 0.000000e+00 1.009720e+10 
7982 0.000000e+00 0.000000e+00 1.022149e+10 
7983 0.000000e+00 0.000000e+00 1.036496e+10 
7984 0.000000e+00 0.000000e+00 1.050686e+10 
7985 0.000000e+00 0.000000e+00 1.056618e+10 
7986 0.000000e+00 0.000000e+00 1.063440e+10 
7987 0.000000e+00 0.000000e+00 1.065227e+10 
7988 0.000000e+00 0.000000e+00 1.006756e+10 
7989 0.000000e+00 0.000000e+00 1.003574e+10 
7990 0.000000e+00 0.000000e+00 1.012882e+10 
7991 0.000000e+00 0.000000e+00 1.026153e+10 
7992 0.000000e+00 0.000000e+00 1.043435e+10 
7993 0.000000e+00 0.000000e+00 1.049355e+10 
7994 0.000000e+00 0.000000e+00 1.062084e+10 
7995 0.000000e+00 0.000000e+00 1.065645e+10 
7996 0.000000e+00 0.000000e+00 1.069666e+10 
7997 0.000000e+00 0.000000e+00 1.009395e+10 
7998 0.000000e+00 0.000000e+00 1.008017e+10 
7999 0.000000e+00 0.000000e+00 1.015737e+10 
8000 0.000000e+00 0.000000e+00 1.033499e+10 
8001 0.000000e+00 0.000000e+00 1.046869e+10 
8002 0.000000e+00 0.000000e+00 1.059294e+10 
8003 0.000000e+00 0.000000e+00 1.058393e+10 
8004 0.000000e+00 0.000000e+00 1.068854e+10 
8005 0.000000e+00 0.000000e+00 1.065421e+10 
8006 0.000000e+00 0.000000e+00 1.012886e+10 
8007 0.000000e+00 0.000000e+00 1.012886e+10 
8008 0.000000e+00 0.000000e+00 1.029636e+10 
8009 0.000000e+00 0.000000e+00 1.038438e+10 
8010 0.000000e+00 0.000000e+00 1.052749e+10 
8011 0.000000e+00 0.000000e+00 1.057355e+10 
8012 0.000000e+00 0.000000e+00 1.067726e+10 
8013 0.000000e+00 0.000000e+00 1.064246e+10 
8014 0.000000e+00 0.000000e+00 1.008089e+10 
8015 0.000000e+00 0.000000e+00 1.005220e+10 
8016 0.000000e+00 0.000000e+00 1.017020e+10 
8017 0.000000e+00 0.000000e+00 1.029620e+10 
8018 0.000000e+00 0.000000e+00 1.046583e+10 
8019 0.000000e+00 0.000000e+00 1.050609e+10 
8020 0.000000e+00 0.000000e+00 1.065078e+10 
8021 0.000000e+00 0.000000e+00 1.062515e+10 
8022 0.000000e+00 0.000000e+00 1.070685e+10 
8023 0.000000e+00 0.000000e+00 1.010369e+10 
8024 0.000000e+00 0.000000e+00 1.009538e+10 
8025 0.000000e+00 0.000000e+00 1.021649e+10 
8026 0.000000e+00 0.000000e+00 1.038165e+10 
8027 0.000000e+00 0.000000e+00 1.045368e+10 
8028 0.000000e+00 0.000000e+00 1.061356e+10 
8029 0.000000e+00 0.000000e+00 1.061101e+10 
8030 0.000000e+00 0.000000e+00 1.068423e+10 
8031 0.000000e+00 0.000000e+00 1.069451e+10 
8032 0.000000e+00 0.000000e+00 9.960869e+09 
8033 0.000000e+00 0.000000e+00 9.928702e+09 
8034 0.000000e+00 0.000000e+00 9.927297e+09 
8035 0.000000e+00 0.000000e+00 9.926892e+09 
8036 0.000000e+00 0.000000e+00 9.927023e+09 
8037 0.000000e+00 0.000000e+00 9.926970e+09 
8038 0.000000e+00 0.000000e+00 9.930564e+09 
8039 0.000000e+00 0.000000e+00 1.002818e+10 
8040 0.000000e+00 0.000000e+00 1.047039e+10 
8041 0.000000e+00 0.000000e+00 1.058465e+10 
8042 0.000000e+00 0.000000e+00 1.068197e+10 
8043 0.000000e+00 0.000000e+00 1.065628e+10 
8044 0.000000e+00 0.000000e+00 9.966078e+09 
8045 0.000000e+00 0.000000e+00 9.929425e+09 
8046 0.000000e+00 0.000000e+00 9.926669e+09 
8047 0.000000e+00 0.000000e+00 9.927129e+09 
8048 0.000000e+00 0.000000e+00 9.926756e+09 
8049 0.000000e+00 0.000000e+00 9.927666e+09 
8050 0.000000e+00 0.000000e+00 9.927515e+09 
8051 0.000000e+00 0.000000e+00 9.992473e+09 
8052 0.000000e+00 0.000000e+00 1.036756e+10 
8053 0.000000e+00 0.000000e+00 1.059913e+10 
8054 0.000000e+00 0.000000e+00 1.061106e+10 
8055 0.000000e+00 0.000000e+00 1.070522e+10 
8056 0.000000e+00 0.000000e+00 1.068683e+10 
8057 0.000000e+00 0.000000e+00 9.956236e+09 
8058 0.000000e+00 0.000000e+00 9.927757e+09 
8059 0.000000e+00 0.000000e+00 9.927477e+09 
8060 0.000000e+00 0.000000e+00 9.927201e+09 
8061 0.000000e+00 0.000000e+00 9.928250e+09 
8062 0.000000e+00 0.000000e+00 9.929700e+09 
8063 0.000000e+00 0.000000e+00 9.983740e+09 
8064 0.000000e+00 0.000000e+00 1.024447e+10 
8065 0.000000e+00 0.000000e+00 1.052712e+10 
8066 0.000000e+00 0.000000e+00 1.063107e+10 
8067 0.000000e+00 0.000000e+00 1.067631e+10 
8068 0.000000e+00 0.000000e+00 1.067442e+10 
8069 0.000000e+00 0.000000e+00 9.962356e+09 
8070 0.000000e+00 0.000000e+00 9.928568e+09 
8071 0.000000e+00 0.000000e+00 9.926793e+09 
8072 0.000000e+00 0.000000e+00 9.926995e+09 
8073 0.000000e+00 0.000000e+00 9.927032e+09 
8074 0.000000e+00 0.000000e+00 9.926683e+09 
8075 0.000000e+00 0.000000e+00 9.928693e+09 
8076 0.000000e+00 0.000000e+00 9.942235e+09 
8077 0.000000e+00 0.000000e+00 1.034769e+10 
8078 0.000000e+00 0.000000e+00 1.060919e+10 
8079 0.000000e+00 0.000000e+00 1.070086e+10 
8080 0.000000e+00 0.000000e+00 1.063517e+10 
8081 0.000000e+00 0.000000e+00 1.072969e+10 
8082 0.000000e+00 0.000000e+00 9.962508e+09 
8083 0.000000e+00 0.000000e+00 9.929526e+09 
8084 0.000000e+00 0.000000e+00 9.927172e+09 
8085 0.000000e+00 0.000000e+00 9.927370e+09 
8086 0.000000e+00 0.000000e+00 9.927383e+09 
8087 0.000000e+00 0.000000e+00 9.931458e+09 
8088 0.000000e+00 0.000000e+00 9.976375e+09 
8089 0.000000e+00 0.000000e+00 1.027685e+10 
8090 0.000000e+00 0.000000e+00 1.055876e+10 
8091 0.000000e+00 0.000000e+00 1.067078e+10 
8092 0.000000e+00 0.000000e+00 1.065844e+10 
8093 0.000000e+00 0.000000e+00 9.993744e+09 
8094 0.000000e+00 0.000000e+00 9.937084e+09 
8095 0.000000e+00 0.000000e+00 9.926876e+09 
8096 0.000000e+00 0.000000e+00 9.926739e+09 
8097 0.000000e+00 0.000000e+00 9.927219e+09 
8098 0.000000e+00 0.000000e+00 9.926810e+09 
8099 0.000000e+00 0.000000e+00 9.927202e+09 
8100 0.000000e+00 0.000000e+00 9.927262e+09 
8101 0.000000e+00 0.000000e+00 9.958720e+09 
8102 0.000000e+00 0.000000e+00 1.032329e+10 
8103 0.000000e+00 0.000000e+00 1.064759e+10 
8104 0.000000e+00 0.000000e+00 1.062653e+10 
8105 0.000000e+00 0.000000e+00 1.070585e+10 
8106 0.000000e+00 0.000000e+00 9.980139e+09 
8107 0.000000e+00 0.000000e+00 9.934939e+09 
8108 0.000000e+00 0.000000e+00 9.926980e+09 
8109 0.000000e+00 0.000000e+00 9.926920e+09 
8110 0.000000e+00 0.000000e+00 9.927142e+09 
8111 0.000000e+00 0.000000e+00 9.927286e+09 
8112 0.000000e+00 0.000000e+00 9.927259e+09 
8113 0.000000e+00 0.000000e+00 9.930868e+09 
8114 0.000000e+00 0.000000e+00 1.010079e+10 
8115 0.000000e+00 0.000000e+00 1.047858e+10 
8116 0.000000e+00 0.000000e+00 1.066454e+10 
8117 0.000000e+00 0.000000e+00 1.068411e+10 
8118 0.000000e+00 0.000000e+00 9.982222e+09 
8119 0.000000e+00 0.000000e+00 9.933623e+09 
8120 0.000000e+00 0.000000e+00 9.926568e+09 
8121 0.000000e+00 0.000000e+00 9.927211e+09 
8122 0.000000e+00 0.000000e+00 9.926662e+09 
8123 0.000000e+00 0.000000e+00 9.927478e+09 
8124 0.000000e+00 0.000000e+00 9.927072e+09 
8125 0.000000e+00 0.000000e+00 9.954793e+09 
8126 0.000000e+00 0.000000e+00 1.022796e+10 
8127 0.000000e+00 0.000000e+00 1.057499e+10 
8128 0.000000e+00 0.000000e+00 1.057825e+10 
8129 0.000000e+00 0.000000e+00 1.067893e+10 
8130 0.000000e+00 0.000000e+00 1.070785e+10 
8131 0.000000e+00 0.000000e+00 1.015336e+10 
8132 0.000000e+00 0.000000e+00 1.012810e+10 
8133 0.000000e+00 0.000000e+00 1.028543e+10 
8134 0.000000e+00 0.000000e+00 1.040099e+10 
8135 0.000000e+00 0.000000e+00 1.053512e+10 
8136 0.000000e+00 0.000000e+00 1.054358e+10 
8137 0.000000e+00 0.000000e+00 1.066558e+10 
8138 0.000000e+00 0.000000e+00 1.064116e+10 
8139 0.000000e+00 0.000000e+00 1.051903e+10 
8140 0.000000e+00 0.000000e+00 1.047474e+10 
8141 0.000000e+00 0.000000e+00 1.064366e+10 
8142 0.000000e+00 0.000000e+00 1.062438e+10 
8143 0.000000e+00 0.000000e+00 1.075995e+10 
8144 0.000000e+00 0.000000e+00 1.008584e+10 
8145 0.000000e+00 0.000000e+00 1.009360e+10 
8146 0.000000e+00 0.000000e+00 1.016445e+10 
8147 0.000000e+00 0.000000e+00 1.036748e+10 
8148 0.000000e+00 0.000000e+00 1.047428e+10 
8149 0.000000e+00 0.000000e+00 1.058246e+10 
8150 0.000000e+00 0.000000e+00 1.060021e+10 
8151 0.000000e+00 0.000000e+00 1.071099e+10 
8152 0.000000e+00 0.000000e+00 1.041993e+10 
8153 0.000000e+00 0.000000e+00 1.050906e+10 
8154 0.000000e+00 0.000000e+00 1.058564e+10 
8155 0.000000e+00 0.000000e+00 1.066706e+10 
8156 0.000000e+00 0.000000e+00 1.062826e+10 
8157 0.000000e+00 0.000000e+00 1.075592e+10 
8158 0.000000e+00 0.000000e+00 9.972269e+09 
8159 0.000000e+00 0.000000e+00 9.930900e+09 
8160 0.000000e+00 0.000000e+00 9.927149e+09 
8161 0.000000e+00 0.000000e+00 9.927197e+09 
8162 0.000000e+00 0.000000e+00 9.927312e+09 
8163 0.000000e+00 0.000000e+00 9.927582e+09 
8164 0.000000e+00 0.000000e+00 9.934595e+09 
8165 0.000000e+00 0.000000e+00 1.005138e+10 
8166 0.000000e+00 0.000000e+00 1.042111e+10 
8167 0.000000e+00 0.000000e+00 1.066282e+10 
8168 0.000000e+00 0.000000e+00 1.065194e+10 
8169 0.000000e+00 0.000000e+00 1.071605e+10 
8170 0.000000e+00 0.000000e+00 9.982059e+09 
8171 0.000000e+00 0.000000e+00 9.936708e+09 
8172 0.000000e+00 0.000000e+00 9.929670e+09 
8173 0.000000e+00 0.000000e+00 9.927851e+09 
8174 0.000000e+00 0.000000e+00 9.927721e+09 
8175 0.000000e+00 0.000000e+00 9.929398e+09 
8176 0.000000e+00 0.000000e+00 9.928219e+09 
8177 0.000000e+00 0.000000e+00 1.000467e+10 
8178 0.000000e+00 0.000000e+00 1.029598e+10 
8179 0.000000e+00 0.000000e+00 1.047152e+10 
8180 0.000000e+00 0.000000e+00 1.061586e+10 
8181 0.000000e+00 0.000000e+00 1.068843e+10 
8182 0.000000e+00 0.000000e+00 1.066224e+10 
8183 0.000000e+00 0.000000e+00 9.957643e+09 
8184 0.000000e+00 0.000000e+00 9.929276e+09 
8185 0.000000e+00 0.000000e+00 9.927596e+09 
8186 0.000000e+00 0.000000e+00 9.926883e+09 
8187 0.000000e+00 0.000000e+00 9.927450e+09 
8188 0.000000e+00 0.000000e+00 9.928188e+09 
8189 0.000000e+00 0.000000e+00 9.936441e+09 
8190 0.000000e+00 0.000000e+00 1.014333e+10 
8191 0.000000e+00 0.000000e+00 1.050197e+10 
8192 0.000000e+00 0.000000e+00 1.062583e+10 
8193 0.000000e+00 0.000000e+00 1.063219e+10 
8194 0.000000e+00 0.000000e+00 1.046684e+10 
8195 0.000000e+00 0.000000e+00 1.044468e+10 
8196 0.000000e+00 0.000000e+00 1.058457e+10 
8197 0.000000e+00 0.000000e+00 1.062959e+10 
8198 0.000000e+00 0.000000e+00 1.069023e+10 
8199 0.000000e+00 0.000000e+00 1.071466e+10 
8200 0.000000e+00 0.000000e+00 9.961805e+09 
8201 0.000000e+00 0.000000e+00 9.928273e+09 
8202 0.000000e+00 0.000000e+00 9.926790e+09 
8203 0.000000e+00 0.000000e+00 9.926955e+09 
8204 0.000000e+00 0.000000e+00 9.927062e+09 
8205 0.000000e+00 0.000000e+00 9.927281e+09 
8206 0.000000e+00 0.000000e+00 9.932493e+09 
8207 0.000000e+00 0.000000e+00 1.003654e+10 
8208 0.000000e+00 0.000000e+00 1.041912e+10 
8209 0.000000e+00 0.000000e+00 1.060260e+10 
8210 0.000000e+00 0.000000e+00 1.069319e+10 
8211 0.000000e+00 0.000000e+00 1.002412e+10 
8212 0.000000e+00 0.000000e+00 9.986727e+09 
8213 0.000000e+00 0.000000e+00 1.004424e+10 
8214 0.000000e+00 0.000000e+00 1.017900e+10 
8215 0.000000e+00 0.000000e+00 1.033767e+10 
8216 0.000000e+00 0.000000e+00 1.051620e+10 
8217 0.000000e+00 0.000000e+00 1.054726e+10 
8218 0.000000e+00 0.000000e+00 1.064744e+10 
8219 0.000000e+00 0.000000e+00 1.066352e+10 
8220 0.000000e+00 0.000000e+00 1.071997e+10 
8221 0.000000e+00 0.000000e+00 9.968032e+09 
8222 0.000000e+00 0.000000e+00 9.932624e+09 
8223 0.000000e+00 0.000000e+00 9.929839e+09 
8224 0.000000e+00 0.000000e+00 9.930167e+09 
8225 0.000000e+00 0.000000e+00 9.935973e+09 
8226 0.000000e+00 0.000000e+00 9.933479e+09 
8227 0.000000e+00 0.000000e+00 9.948775e+09 
8228 0.000000e+00 0.000000e+00 1.019217e+10 
8229 0.000000e+00 0.000000e+00 1.048310e+10 
8230 0.000000e+00 0.000000e+00 1.063241e+10 
8231 0.000000e+00 0.000000e+00 1.065004e+10 
8232 0.000000e+00 0.000000e+00 1.069096e+10 
8233 0.000000e+00 0.000000e+00 1.010165e+10 
8234 0.000000e+00 0.000000e+00 1.011365e+10 
8235 0.000000e+00 0.000000e+00 1.021312e+10 
8236 0.000000e+00 0.000000e+00 1.038621e+10 
8237 0.000000e+00 0.000000e+00 1.047524e+10 
8238 0.000000e+00 0.000000e+00 1.061951e+10 
8239 0.000000e+00 0.000000e+00 1.061392e+10 
8240 0.000000e+00 0.000000e+00 1.068356e+10 
8241 0.000000e+00 0.000000e+00 1.066076e+10 
8242 0.000000e+00 0.000000e+00 9.959042e+09 
8243 0.000000e+00 0.000000e+00 9.928167e+09 
8244 0.000000e+00 0.000000e+00 9.926986e+09 
8245 0.000000e+00 0.000000e+00 9.927080e+09 
8246 0.000000e+00 0.000000e+00 9.928190e+09 
8247 0.000000e+00 0.000000e+00 9.926889e+09 
8248 0.000000e+00 0.000000e+00 9.933430e+09 
8249 0.000000e+00 0.000000e+00 1.001498e+10 
8250 0.000000e+00 0.000000e+00 1.048088e+10 
8251 0.000000e+00 0.000000e+00 1.057205e+10 
8252 0.000000e+00 0.000000e+00 1.069299e+10 
8253 0.000000e+00 0.000000e+00 1.065676e+10 
8254 0.000000e+00 0.000000e+00 9.968410e+09 
8255 0.000000e+00 0.000000e+00 9.929928e+09 
8256 0.000000e+00 0.000000e+00 9.926782e+09 
8257 0.000000e+00 0.000000e+00 9.927209e+09 
8258 0.000000e+00 0.000000e+00 9.926955e+09 
8259 0.000000e+00 0.000000e+00 9.927792e+09 
8260 0.000000e+00 0.000000e+00 9.928386e+09 
8261 0.000000e+00 0.000000e+00 9.963711e+09 
8262 0.000000e+00 0.000000e+00 1.028055e+10 
8263 0.000000e+00 0.000000e+00 1.059186e+10 
8264 0.000000e+00 0.000000e+00 1.064895e+10 
8265 0.000000e+00 0.000000e+00 1.065813e+10 
8266 0.000000e+00 0.000000e+00 1.072541e+10 
8267 0.000000e+00 0.000000e+00 9.965022e+09 
8268 0.000000e+00 0.000000e+00 9.930774e+09 
8269 0.000000e+00 0.000000e+00 9.927088e+09 
8270 0.000000e+00 0.000000e+00 9.927852e+09 
8271 0.000000e+00 0.000000e+00 9.926808e+09 
8272 0.000000e+00 0.000000e+00 9.930062e+09 
8273 0.000000e+00 0.000000e+00 9.958915e+09 
8274 0.000000e+00 0.000000e+00 1.032916e+10 
8275 0.000000e+00 0.000000e+00 1.056001e+10 
8276 0.000000e+00 0.000000e+00 1.065591e+10 
8277 0.000000e+00 0.000000e+00 1.062378e+10 
8278 0.000000e+00 0.000000e+00 1.069121e+10 
8279 0.000000e+00 0.000000e+00 1.010352e+10 
8280 0.000000e+00 0.000000e+00 1.012702e+10 
8281 0.000000e+00 0.000000e+00 1.022545e+10 
8282 0.000000e+00 0.000000e+00 1.041347e+10 
8283 0.000000e+00 0.000000e+00 1.050639e+10 
8284 0.000000e+00 0.000000e+00 1.058843e+10 
8285 0.000000e+00 0.000000e+00 1.062967e+10 
8286 0.000000e+00 0.000000e+00 1.069382e+10 
8287 0.000000e+00 0.000000e+00 1.069163e+10 
8288 0.000000e+00 0.000000e+00 9.958017e+09 
8289 0.000000e+00 0.000000e+00 9.928599e+09 
8290 0.000000e+00 0.000000e+00 9.927239e+09 
8291 0.000000e+00 0.000000e+00 9.927116e+09 
8292 0.000000e+00 0.000000e+00 9.927714e+09 
8293 0.000000e+00 0.000000e+00 9.927825e+09 
8294 0.000000e+00 0.000000e+00 9.939009e+09 
8295 0.000000e+00 0.000000e+00 1.007946e+10 
8296 0.000000e+00 0.000000e+00 1.047060e+10 
8297 0.000000e+00 0.000000e+00 1.064367e+10 
8298 0.000000e+00 0.000000e+00 1.067940e+10 
8299 0.000000e+00 0.000000e+00 1.071742e+10 
8300 0.000000e+00 0.000000e+00 9.971304e+09 
8301 0.000000e+00 0.000000e+00 9.929870e+09 
8302 0.000000e+00 0.000000e+00 9.926952e+09 
8303 0.000000e+00 0.000000e+00 9.926949e+09 
8304 0.000000e+00 0.000000e+00 9.927572e+09 
8305 0.000000e+00 0.000000e+00 9.926643e+09 
8306 0.000000e+00 0.000000e+00 9.930723e+09 
8307 0.000000e+00 0.000000e+00 9.986283e+09 
8308 0.000000e+00 0.000000e+00 1.037389e+10 
8309 0.000000e+00 0.000000e+00 1.056119e+10 
8310 0.000000e+00 0.000000e+00 1.067990e+10 
8311 0.000000e+00 0.000000e+00 1.063227e+10 
8312 0.000000e+00 0.000000e+00 1.075490e+10 
8313 0.000000e+00 0.000000e+00 9.964648e+09 
8314 0.000000e+00 0.000000e+00 9.930728e+09 
8315 0.000000e+00 0.000000e+00 9.928240e+09 
8316 0.000000e+00 0.000000e+00 9.927012e+09 
8317 0.000000e+00 0.000000e+00 9.928621e+09 
8318 0.000000e+00 0.000000e+00 9.929272e+09 
8319 0.000000e+00 0.000000e+00 9.959665e+09 
8320 0.000000e+00 0.000000e+00 1.011744e+10 
8321 0.000000e+00 0.000000e+00 1.045424e+10 
8322 0.000000e+00 0.000000e+00 1.060379e+10 
8323 0.000000e+00 0.000000e+00 1.067470e+10 
8324 0.000000e+00 0.000000e+00 1.065725e+10 
8325 0.000000e+00 0.000000e+00 9.958897e+09 
8326 0.000000e+00 0.000000e+00 9.928868e+09 
8327 0.000000e+00 0.000000e+00 9.926984e+09 
8328 0.000000e+00 0.000000e+00 9.927174e+09 
8329 0.000000e+00 0.000000e+00 9.926907e+09 
8330 0.000000e+00 0.000000e+00 9.927359e+09 
8331 0.000000e+00 0.000000e+00 9.929019e+09 
8332 0.000000e+00 0.000000e+00 9.971605e+09 
8333 0.000000e+00 0.000000e+00 1.013235e+10 
8334 0.000000e+00 0.000000e+00 1.056951e+10 
8335 0.000000e+00 0.000000e+00 1.065309e+10 
8336 0.000000e+00 0.000000e+00 1.070677e+10 
8337 0.000000e+00 0.000000e+00 9.988719e+09 
8338 0.000000e+00 0.000000e+00 9.935260e+09 
8339 0.000000e+00 0.000000e+00 9.928314e+09 
8340 0.000000e+00 0.000000e+00 9.926715e+09 
8341 0.000000e+00 0.000000e+00 9.927026e+09 
8342 0.000000e+00 0.000000e+00 9.926676e+09 
8343 0.000000e+00 0.000000e+00 9.928939e+09 
8344 0.000000e+00 0.000000e+00 9.952270e+09 
8345 0.000000e+00 0.000000e+00 1.021817e+10 
8346 0.000000e+00 0.000000e+00 1.046429e+10 
8347 0.000000e+00 0.000000e+00 1.067519e+10 
8348 0.000000e+00 0.000000e+00 1.069422e+10 
8349 0.000000e+00 0.000000e+00 1.006643e+10 
8350 0.000000e+00 0.000000e+00 1.003188e+10 
8351 0.000000e+00 0.000000e+00 1.010861e+10 
8352 0.000000e+00 0.000000e+00 1.028256e+10 
8353 0.000000e+00 0.000000e+00 1.044905e+10 
8354 0.000000e+00 0.000000e+00 1.052131e+10 
8355 0.000000e+00 0.000000e+00 1.062470e+10 
8356 0.000000e+00 0.000000e+00 1.065138e+10 
8357 0.000000e+00 0.000000e+00 1.067971e+10 
8358 0.000000e+00 0.000000e+00 1.070662e+10 
8359 0.000000e+00 0.000000e+00 9.954941e+09 
8360 0.000000e+00 0.000000e+00 9.927543e+09 
8361 0.000000e+00 0.000000e+00 9.927933e+09 
8362 0.000000e+00 0.000000e+00 9.927138e+09 
8363 0.000000e+00 0.000000e+00 9.930437e+09 
8364 0.000000e+00 0.000000e+00 9.939504e+09 
8365 0.000000e+00 0.000000e+00 1.005510e+10 
8366 0.000000e+00 0.000000e+00 1.034226e+10 
8367 0.000000e+00 0.000000e+00 1.064577e+10 
8368 0.000000e+00 0.000000e+00 1.060979e+10 
8369 0.000000e+00 0.000000e+00 1.072677e+10 
8370 0.000000e+00 0.000000e+00 1.069225e+10 
8371 0.000000e+00 0.000000e+00 9.960586e+09 
8372 0.000000e+00 0.000000e+00 9.927841e+09 
8373 0.000000e+00 0.000000e+00 9.927048e+09 
8374 0.000000e+00 0.000000e+00 9.927655e+09 
8375 0.000000e+00 0.000000e+00 9.926743e+09 
8376 0.000000e+00 0.000000e+00 9.928830e+09 
8377 0.000000e+00 0.000000e+00 9.940465e+09 
8378 0.000000e+00 0.000000e+00 1.018987e+10 
8379 0.000000e+00 0.000000e+00 1.053596e+10 
8380 0.000000e+00 0.000000e+00 1.062272e+10 
8381 0.000000e+00 0.000000e+00 1.063643e+10 
8382 0.000000e+00 0.000000e+00 1.069793e+10 
8383 0.000000e+00 0.000000e+00 1.010761e+10 
8384 0.000000e+00 0.000000e+00 1.011710e+10 
8385 0.000000e+00 0.000000e+00 1.021078e+10 
8386 0.000000e+00 0.000000e+00 1.039114e+10 
8387 0.000000e+00 0.000000e+00 1.046621e+10 
8388 0.000000e+00 0.000000e+00 1.061446e+10 
8389 0.000000e+00 0.000000e+00 1.063097e+10 
8390 0.000000e+00 0.000000e+00 1.069958e+10 
8391 0.000000e+00 0.000000e+00 1.065339e+10 
8392 0.000000e+00 0.000000e+00 9.957752e+09 
8393 0.000000e+00 0.000000e+00 9.928392e+09 
8394 0.000000e+00 0.000000e+00 9.927467e+09 
8395 0.000000e+00 0.000000e+00 9.927390e+09 
8396 0.000000e+00 0.000000e+00 9.927735e+09 
8397 0.000000e+00 0.000000e+00 9.931282e+09 
8398 0.000000e+00 0.000000e+00 9.972946e+09 
8399 0.000000e+00 0.000000e+00 1.017243e+10 
8400 0.000000e+00 0.000000e+00 1.053698e+10 
8401 0.000000e+00 0.000000e+00 1.060154e+10 
8402 0.000000e+00 0.000000e+00 1.068037e+10 
8403 0.000000e+00 0.000000e+00 1.066531e+10 
8404 0.000000e+00 0.000000e+00 9.968803e+09 
8405 0.000000e+00 0.000000e+00 9.931423e+09 
8406 0.000000e+00 0.000000e+00 9.927548e+09 
8407 0.000000e+00 0.000000e+00 9.926826e+09 
8408 0.000000e+00 0.000000e+00 9.926981e+09 
8409 0.000000e+00 0.000000e+00 9.927665e+09 
8410 0.000000e+00 0.000000e+00 9.928386e+09 
8411 0.000000e+00 0.000000e+00 1.000400e+10 
8412 0.000000e+00 0.000000e+00 1.029678e+10 
8413 0.000000e+00 0.000000e+00 1.056842e+10 
8414 0.000000e+00 0.000000e+00 1.065880e+10 
8415 0.000000e+00 0.000000e+00 1.073871e+10 
8416 0.000000e+00 0.000000e+00 1.006689e+10 
8417 0.000000e+00 0.000000e+00 1.006516e+10 
8418 0.000000e+00 0.000000e+00 1.014690e+10 
8419 0.000000e+00 0.000000e+00 1.037031e+10 
8420 0.000000e+00 0.000000e+00 1.044032e+10 
8421 0.000000e+00 0.000000e+00 1.059542e+10 
8422 0.000000e+00 0.000000e+00 1.060480e+10 
8423 0.000000e+00 0.000000e+00 1.072814e+10 
8424 0.000000e+00 0.000000e+00 1.066091e+10 
8425 0.000000e+00 0.000000e+00 9.964697e+09 
8426 0.000000e+00 0.000000e+00 9.929879e+09 
8427 0.000000e+00 0.000000e+00 9.926789e+09 
8428 0.000000e+00 0.000000e+00 9.926792e+09 
8429 0.000000e+00 0.000000e+00 9.927258e+09 
8430 0.000000e+00 0.000000e+00 9.926744e+09 
8431 0.000000e+00 0.000000e+00 9.929725e+09 
8432 0.000000e+00 0.000000e+00 9.960713e+09 
8433 0.000000e+00 0.000000e+00 1.041760e+10 
8434 0.000000e+00 0.000000e+00 1.057572e+10 
8435 0.000000e+00 0.000000e+00 1.067705e+10 
8436 0.000000e+00 0.000000e+00 1.063921e+10 
8437 0.000000e+00 0.000000e+00 1.009933e+10 
8438 0.000000e+00 0.000000e+00 1.006919e+10 
8439 0.000000e+00 0.000000e+00 1.019273e+10 
8440 0.000000e+00 0.000000e+00 1.032842e+10 
8441 0.000000e+00 0.000000e+00 1.048599e+10 
8442 0.000000e+00 0.000000e+00 1.052715e+10 
8443 0.000000e+00 0.000000e+00 1.061952e+10 
8444 0.000000e+00 0.000000e+00 1.062487e+10 
8445 0.000000e+00 0.000000e+00 1.071071e+10 
8446 0.000000e+00 0.000000e+00 1.010019e+10 
8447 0.000000e+00 0.000000e+00 1.013145e+10 
8448 0.000000e+00 0.000000e+00 1.022163e+10 
8449 0.000000e+00 0.000000e+00 1.040937e+10 
8450 0.000000e+00 0.000000e+00 1.044886e+10 
8451 0.000000e+00 0.000000e+00 1.059401e+10 
8452 0.000000e+00 0.000000e+00 1.064718e+10 
8453 0.000000e+00 0.000000e+00 1.073237e+10 
8454 0.000000e+00 0.000000e+00 1.066665e+10 
8455 0.000000e+00 0.000000e+00 9.957997e+09 
8456 0.000000e+00 0.000000e+00 9.928495e+09 
8457 0.000000e+00 0.000000e+00 9.927375e+09 
8458 0.000000e+00 0.000000e+00 9.926848e+09 
8459 0.000000e+00 0.000000e+00 9.927498e+09 
8460 0.000000e+00 0.000000e+00 9.927400e+09 
8461 0.000000e+00 0.000000e+00 9.954489e+09 
8462 0.000000e+00 0.000000e+00 1.022745e+10 
8463 0.000000e+00 0.000000e+00 1.056915e+10 
8464 0.000000e+00 0.000000e+00 1.060722e+10 
8465 0.000000e+00 0.000000e+00 1.066684e+10 
8466 0.000000e+00 0.000000e+00 1.066136e+10 
8467 0.000000e+00 0.000000e+00 9.967387e+09 
8468 0.000000e+00 0.000000e+00 9.930434e+09 
8469 0.000000e+00 0.000000e+00 9.927346e+09 
8470 0.000000e+00 0.000000e+00 9.927241e+09 
8471 0.000000e+00 0.000000e+00 9.927548e+09 
8472 0.000000e+00 0.000000e+00 9.927825e+09 
8473 0.000000e+00 0.000000e+00 9.930180e+09 
8474 0.000000e+00 0.000000e+00 9.949007e+09 
8475 0.000000e+00 0.000000e+00 1.027051e+10 
8476 0.000000e+00 0.000000e+00 1.056607e+10 
8477 0.000000e+00 0.000000e+00 1.072098e+10 
8478 0.000000e+00 0.000000e+00 1.063512e+10 
8479 0.000000e+00 0.000000e+00 1.074976e+10 
8480 0.000000e+00 0.000000e+00 9.966183e+09 
8481 0.000000e+00 0.000000e+00 9.932561e+09 
8482 0.000000e+00 0.000000e+00 9.926902e+09 
8483 0.000000e+00 0.000000e+00 9.927641e+09 
8484 0.000000e+00 0.000000e+00 9.927068e+09 
8485 0.000000e+00 0.000000e+00 9.933648e+09 
8486 0.000000e+00 0.000000e+00 9.997342e+09 
8487 0.000000e+00 0.000000e+00 1.033937e+10 
8488 0.000000e+00 0.000000e+00 1.054704e+10 
8489 0.000000e+00 0.000000e+00 1.064504e+10 
8490 0.000000e+00 0.000000e+00 1.064757e+10 
8491 0.000000e+00 0.000000e+00 1.072167e+10 
8492 0.000000e+00 0.000000e+00 9.974022e+09 
8493 0.000000e+00 0.000000e+00 9.932149e+09 
8494 0.000000e+00 0.000000e+00 9.926889e+09 
8495 0.000000e+00 0.000000e+00 9.927689e+09 
8496 0.000000e+00 0.000000e+00 9.926630e+09 
8497 0.000000e+00 0.000000e+00 9.930353e+09 
8498 0.000000e+00 0.000000e+00 9.936669e+09 
8499 0.000000e+00 0.000000e+00 1.012585e+10 
8500 0.000000e+00 0.000000e+00 1.047789e+10 
8501 0.000000e+00 0.000000e+00 1.063337e+10 
8502 0.000000e+00 0.000000e+00 1.065638e+10 
8503 0.000000e+00 0.000000e+00 1.073300e+10 
8504 0.000000e+00 0.000000e+00 1.049824e+10 
8505 0.000000e+00 0.000000e+00 1.056654e+10 
8506 0.000000e+00 0.000000e+00 1.057105e+10 
8507 0.000000e+00 0.000000e+00 1.069990e+10 
8508 0.000000e+00 0.000000e+00 1.064118e+10 
8509 0.000000e+00 0.000000e+00 9.966734e+09 
8510 0.000000e+00 0.000000e+00 9.930409e+09 
8511 0.000000e+00 0.000000e+00 9.927100e+09 
8512 0.000000e+00 0.000000e+00 9.927018e+09 
8513 0.000000e+00 0.000000e+00 9.926975e+09 
8514 0.000000e+00 0.000000e+00 9.927515e+09 
8515 0.000000e+00 0.000000e+00 9.927245e+09 
8516 0.000000e+00 0.000000e+00 9.962477e+09 
8517 0.000000e+00 0.000000e+00 1.034257e+10 
8518 0.000000e+00 0.000000e+00 1.060040e+10 
8519 0.000000e+00 0.000000e+00 1.064105e+10 
8520 0.000000e+00 0.000000e+00 1.071257e+10 
8521 0.000000e+00 0.000000e+00 1.005830e+10 
8522 0.000000e+00 0.000000e+00 1.006912e+10 
8523 0.000000e+00 0.000000e+00 1.013251e+10 
8524 0.000000e+00 0.000000e+00 1.034203e+10 
8525 0.000000e+00 0.000000e+00 1.042771e+10 
8526 0.000000e+00 0.000000e+00 1.058841e+10 
8527 0.000000e+00 0.000000e+00 1.058397e+10 
8528 0.000000e+00 0.000000e+00 1.067111e+10 
8529 0.000000e+00 0.000000e+00 1.064538e+10 
8530 0.000000e+00 0.000000e+00 1.075735e+10 
8531 0.000000e+00 0.000000e+00 9.960886e+09 
8532 0.000000e+00 0.000000e+00 9.930410e+09 
8533 0.000000e+00 0.000000e+00 9.928186e+09 
8534 0.000000e+00 0.000000e+00 9.927448e+09 
8535 0.000000e+00 0.000000e+00 9.929633e+09 
8536 0.000000e+00 0.000000e+00 9.931757e+09 
8537 0.000000e+00 0.000000e+00 1.004504e+10 
8538 0.000000e+00 0.000000e+00 1.036610e+10 
8539 0.000000e+00 0.000000e+00 1.061133e+10 
8540 0.000000e+00 0.000000e+00 1.061761e+10 
8541 0.000000e+00 0.000000e+00 1.071364e+10 
8542 0.000000e+00 0.000000e+00 1.006378e+10 
8543 0.000000e+00 0.000000e+00 1.005237e+10 
8544 0.000000e+00 0.000000e+00 1.012005e+10 
8545 0.000000e+00 0.000000e+00 1.029506e+10 
8546 0.000000e+00 0.000000e+00 1.041857e+10 
8547 0.000000e+00 0.000000e+00 1.057640e+10 
8548 0.000000e+00 0.000000e+00 1.058078e+10 
8549 0.000000e+00 0.000000e+00 1.069011e+10 
8550 0.000000e+00 0.000000e+00 1.068724e+10 
8551 0.000000e+00 0.000000e+00 9.968852e+09 
8552 0.000000e+00 0.000000e+00 9.931134e+09 
8553 0.000000e+00 0.000000e+00 9.927096e+09 
8554 0.000000e+00 0.000000e+00 9.926844e+09 
8555 0.000000e+00 0.000000e+00 9.926841e+09 
8556 0.000000e+00 0.000000e+00 9.927098e+09 
8557 0.000000e+00 0.000000e+00 9.927014e+09 
8558 0.000000e+00 0.000000e+00 9.968466e+09 
8559 0.000000e+00 0.000000e+00 1.034362e+10 
8560 0.000000e+00 0.000000e+00 1.059781e+10 
8561 0.000000e+00 0.000000e+00 1.063931e+10 
8562 0.000000e+00 0.000000e+00 1.069639e+10 
8563 0.000000e+00 0.000000e+00 9.996442e+09 
8564 0.000000e+00 0.000000e+00 9.939810e+09 
8565 0.000000e+00 0.000000e+00 9.927515e+09 
8566 0.000000e+00 0.000000e+00 9.926850e+09 
8567 0.000000e+00 0.000000e+00 9.927077e+09 
8568 0.000000e+00 0.000000e+00 9.927773e+09 
8569 0.000000e+00 0.000000e+00 9.927309e+09 
8570 0.000000e+00 0.000000e+00 9.932109e+09 
8571 0.000000e+00 0.000000e+00 9.999937e+09 
8572 0.000000e+00 0.000000e+00 1.028443e+10 
8573 0.000000e+00 0.000000e+00 1.051715e+10 
8574 0.000000e+00 0.000000e+00 1.065388e+10 
8575 0.000000e+00 0.000000e+00 1.003960e+10 
8576 0.000000e+00 0.000000e+00 1.002404e+10 
8577 0.000000e+00 0.000000e+00 1.008488e+10 
8578 0.000000e+00 0.000000e+00 1.020501e+10 
8579 0.000000e+00 0.000000e+00 1.039548e+10 
8580 0.000000e+00 0.000000e+00 1.048477e+10 
8581 0.000000e+00 0.000000e+00 1.057672e+10 
8582 0.000000e+00 0.000000e+00 1.064072e+10 
8583 0.000000e+00 0.000000e+00 1.069328e+10 
8584 0.000000e+00 0.000000e+00 1.007090e+10 
8585 0.000000e+00 0.000000e+00 1.005131e+10 
8586 0.000000e+00 0.000000e+00 1.014231e+10 
8587 0.000000e+00 0.000000e+00 1.031145e+10 
8588 0.000000e+00 0.000000e+00 1.045097e+10 
8589 0.000000e+00 0.000000e+00 1.052417e+10 
8590 0.000000e+00 0.000000e+00 1.063458e+10 
8591 0.000000e+00 0.000000e+00 1.066599e+10 
8592 0.000000e+00 0.000000e+00 1.067630e+10 
8593 0.000000e+00 0.000000e+00 1.011340e+10 
8594 0.000000e+00 0.000000e+00 1.011070e+10 
8595 0.000000e+00 0.000000e+00 1.022128e+10 
8596 0.000000e+00 0.000000e+00 1.036276e+10 
8597 0.000000e+00 0.000000e+00 1.049365e+10 
8598 0.000000e+00 0.000000e+00 1.057027e+10 
8599 0.000000e+00 0.000000e+00 1.063138e+10 
8600 0.000000e+00 0.000000e+00 1.068468e+10 
8601 0.000000e+00 0.000000e+00 9.996128e+09 
8602 0.000000e+00 0.000000e+00 9.938907e+09 
8603 0.000000e+00 0.000000e+00 9.926623e+09 
8604 0.000000e+00 0.000000e+00 9.926870e+09 
8605 0.000000e+00 0.000000e+00 9.927089e+09 
8606 0.000000e+00 0.000000e+00 9.926573e+09 
8607 0.000000e+00 0.000000e+00 9.928296e+09 
8608 0.000000e+00 0.000000e+00 9.936037e+09 
8609 0.000000e+00 0.000000e+00 1.010117e+10 
8610 0.000000e+00 0.000000e+00 1.044506e+10 
8611 0.000000e+00 0.000000e+00 1.063252e+10 
8612 0.000000e+00 0.000000e+00 1.067372e+10 
8613 0.000000e+00 0.000000e+00 1.071256e+10 
8614 0.000000e+00 0.000000e+00 1.048640e+10 
8615 0.000000e+00 0.000000e+00 1.060194e+10 
8616 0.000000e+00 0.000000e+00 1.059947e+10 
8617 0.000000e+00 0.000000e+00 1.073448e+10 
8618 0.000000e+00 0.000000e+00 1.067717e+10 
8619 0.000000e+00 0.000000e+00 1.015015e+10 
8620 0.000000e+00 0.000000e+00 1.011052e+10 
8621 0.000000e+00 0.000000e+00 1.028825e+10 
8622 0.000000e+00 0.000000e+00 1.036626e+10 
8623 0.000000e+00 0.000000e+00 1.056616e+10 
8624 0.000000e+00 0.000000e+00 1.054318e+10 
8625 0.000000e+00 0.000000e+00 1.067755e+10 
8626 0.000000e+00 0.000000e+00 1.067926e+10 
8627 0.000000e+00 0.000000e+00 1.073469e+10 
8628 0.000000e+00 0.000000e+00 9.965657e+09 
8629 0.000000e+00 0.000000e+00 9.931204e+09 
8630 0.000000e+00 0.000000e+00 9.926847e+09 
8631 0.000000e+00 0.000000e+00 9.927743e+09 
8632 0.000000e+00 0.000000e+00 9.927369e+09 
8633 0.000000e+00 0.000000e+00 9.932348e+09 
8634 0.000000e+00 0.000000e+00 9.970161e+09 
8635 0.000000e+00 0.000000e+00 1.019828e+10 
8636 0.000000e+00 0.000000e+00 1.050730e+10 
8637 0.000000e+00 0.000000e+00 1.064011e+10 
8638 0.000000e+00 0.000000e+00 1.064152e+10 
8639 0.000000e+00 0.000000e+00 1.071509e+10 
8640 0.000000e+00 0.000000e+00 9.971736e+09 
8641 0.000000e+00 0.000000e+00 9.934061e+09 
8642 0.000000e+00 0.000000e+00 9.927429e+09 
8643 0.000000e+00 0.000000e+00 9.927063e+09 
8644 0.000000e+00 0.000000e+00 9.927269e+09 
8645 0.000000e+00 0.000000e+00 9.926918e+09 
8646 0.000000e+00 0.000000e+00 9.928975e+09 
8647 0.000000e+00 0.000000e+00 9.968918e+09 
8648 0.000000e+00 0.000000e+00 1.029772e+10 
8649 0.000000e+00 0.000000e+00 1.061590e+10 
8650 0.000000e+00 0.000000e+00 1.067200e+10 
8651 0.000000e+00 0.000000e+00 1.066832e+10 
8652 0.000000e+00 0.000000e+00 9.975937e+09 
8653 0.000000e+00 0.000000e+00 9.931725e+09 
8654 0.000000e+00 0.000000e+00 9.926703e+09 
8655 0.000000e+00 0.000000e+00 9.928884e+09 
8656 0.000000e+00 0.000000e+00 9.927070e+09 
8657 0.000000e+00 0.000000e+00 9.929131e+09 
8658 0.000000e+00 0.000000e+00 9.931219e+09 
8659 0.000000e+00 0.000000e+00 9.996859e+09 
8660 0.000000e+00 0.000000e+00 1.025552e+10 
8661 0.000000e+00 0.000000e+00 1.056800e+10 
8662 0.000000e+00 0.000000e+00 1.060138e+10 
8663 0.000000e+00 0.000000e+00 1.071684e+10 
8664 0.000000e+00 0.000000e+00 1.066180e+10 
8665 0.000000e+00 0.000000e+00 9.959273e+09 
8666 0.000000e+00 0.000000e+00 9.928303e+09 
8667 0.000000e+00 0.000000e+00 9.926917e+09 
8668 0.000000e+00 0.000000e+00 9.927678e+09 
8669 0.000000e+00 0.000000e+00 9.926924e+09 
8670 0.000000e+00 0.000000e+00 9.928508e+09 
8671 0.000000e+00 0.000000e+00 9.944123e+09 
8672 0.000000e+00 0.000000e+00 1.018898e+10 
8673 0.000000e+00 0.000000e+00 1.052459e+10 
8674 0.000000e+00 0.000000e+00 1.061780e+10 
8675 0.000000e+00 0.000000e+00 1.064918e+10 
8676 0.000000e+00 0.000000e+00 1.071796e+10 
8677 0.000000e+00 0.000000e+00 9.984191e+09 
8678 0.000000e+00 0.000000e+00 9.936933e+09 
8679 0.000000e+00 0.000000e+00 9.927270e+09 
8680 0.000000e+00 0.000000e+00 9.927237e+09 
8681 0.000000e+00 0.000000e+00 9.926788e+09 
8682 0.000000e+00 0.000000e+00 9.927918e+09 
8683 0.000000e+00 0.000000e+00 9.927702e+09 
8684 0.000000e+00 0.000000e+00 9.981165e+09 
8685 0.000000e+00 0.000000e+00 1.021653e+10 
8686 0.000000e+00 0.000000e+00 1.047533e+10 
8687 0.000000e+00 0.000000e+00 1.062565e+10 
8688 0.000000e+00 0.000000e+00 1.070376e+10 
8689 0.000000e+00 0.000000e+00 1.000180e+10 
8690 0.000000e+00 0.000000e+00 9.939821e+09 
8691 0.000000e+00 0.000000e+00 9.928116e+09 
8692 0.000000e+00 0.000000e+00 9.926631e+09 
8693 0.000000e+00 0.000000e+00 9.927248e+09 
8694 0.000000e+00 0.000000e+00 9.927502e+09 
8695 0.000000e+00 0.000000e+00 9.927632e+09 
8696 0.000000e+00 0.000000e+00 9.926905e+09 
8697 0.000000e+00 0.000000e+00 9.966513e+09 
8698 0.000000e+00 0.000000e+00 1.031951e+10 
8699 0.000000e+00 0.000000e+00 1.061902e+10 
8700 0.000000e+00 0.000000e+00 1.066770e+10 
8701 0.000000e+00 0.000000e+00 1.072932e+10 
8702 0.000000e+00 0.000000e+00 9.979423e+09 
8703 0.000000e+00 0.000000e+00 9.932530e+09 
8704 0.000000e+00 0.000000e+00 9.927625e+09 
8705 0.000000e+00 0.000000e+00 9.926808e+09 
8706 0.000000e+00 0.000000e+00 9.927188e+09 
8707 0.000000e+00 0.000000e+00 9.927970e+09 
8708 0.000000e+00 0.000000e+00 9.927101e+09 
8709 0.000000e+00 0.000000e+00 9.951563e+09 
8710 0.000000e+00 0.000000e+00 1.023788e+10 
8711 0.000000e+00 0.000000e+00 1.061972e+10 
8712 0.000000e+00 0.000000e+00 1.061199e+10 
8713 0.000000e+00 0.000000e+00 1.068541e+10 
8714 0.000000e+00 0.000000e+00 9.992852e+09 
8715 0.000000e+00 0.000000e+00 9.936550e+09 
8716 0.000000e+00 0.000000e+00 9.926965e+09 
8717 0.000000e+00 0.000000e+00 9.926938e+09 
8718 0.000000e+00 0.000000e+00 9.926878e+09 
8719 0.000000e+00 0.000000e+00 9.926957e+09 
8720 0.000000e+00 0.000000e+00 9.927241e+09 
8721 0.000000e+00 0.000000e+00 9.936037e+09 
8722 0.000000e+00 0.000000e+00 1.012293e+10 
8723 0.000000e+00 0.000000e+00 1.051093e+10 
8724 0.000000e+00 0.000000e+00 1.062786e+10 
8725 0.000000e+00 0.000000e+00 1.066408e+10 
8726 0.000000e+00 0.000000e+00 1.067446e+10 
8727 0.000000e+00 0.000000e+00 9.970504e+09 
8728 0.000000e+00 0.000000e+00 9.931802e+09 
8729 0.000000e+00 0.000000e+00 9.927837e+09 
8730 0.000000e+00 0.000000e+00 9.926661e+09 
8731 0.000000e+00 0.000000e+00 9.927939e+09 
8732 0.000000e+00 0.000000e+00 9.927280e+09 
8733 0.000000e+00 0.000000e+00 9.945191e+09 
8734 0.000000e+00 0.000000e+00 1.012045e+10 
8735 0.000000e+00 0.000000e+00 1.055723e+10 
8736 0.000000e+00 0.000000e+00 1.056875e+10 
8737 0.000000e+00 0.000000e+00 1.071602e+10 
8738 0.000000e+00 0.000000e+00 1.066547e+10 
8739 0.000000e+00 0.000000e+00 9.968642e+09 
8740 0.000000e+00 0.000000e+00 9.930549e+09 
8741 0.000000e+00 0.000000e+00 9.927057e+09 
8742 0.000000e+00 0.000000e+00 9.926804e+09 
8743 0.000000e+00 0.000000e+00 9.926835e+09 
8744 0.000000e+00 0.000000e+00 9.927242e+09 
8745 0.000000e+00 0.000000e+00 9.927604e+09 
8746 0.000000e+00 0.000000e+00 9.949698e+09 
8747 0.000000e+00 0.000000e+00 1.024440e+10 
8748 0.000000e+00 0.000000e+00 1.053743e+10 
8749 0.000000e+00 0.000000e+00 1.065207e+10 
8750 0.000000e+00 0.000000e+00 1.068069e+10 
8751 0.000000e+00 0.000000e+00 1.006389e+10 
8752 0.000000e+00 0.000000e+00 1.003685e+10 
8753 0.000000e+00 0.000000e+00 1.011268e+10 
8754 0.000000e+00 0.000000e+00 1.029662e+10 
8755 0.000000e+00 0.000000e+00 1.046268e+10 
8756 0.000000e+00 0.000000e+00 1.053479e+10 
8757 0.000000e+00 0.000000e+00 1.063095e+10 
8758 0.000000e+00 0.000000e+00 1.064568e+10 
8759 0.000000e+00 0.000000e+00 1.002935e+10 
8760 0.000000e+00 0.000000e+00 9.950038e+09 
8761 0.000000e+00 0.000000e+00 9.930564e+09 
8762 0.000000e+00 0.000000e+00 9.927031e+09 
8763 0.000000e+00 0.000000e+00 9.927279e+09 
8764 0.000000e+00 0.000000e+00 9.926950e+09 
8765 0.000000e+00 0.000000e+00 9.927751e+09 
8766 0.000000e+00 0.000000e+00 9.928217e+09 
8767 0.000000e+00 0.000000e+00 9.970484e+09 
8768 0.000000e+00 0.000000e+00 1.022807e+10 
8769 0.000000e+00 0.000000e+00 1.055204e+10 
8770 0.000000e+00 0.000000e+00 1.060121e+10 
8771 0.000000e+00 0.000000e+00 1.070099e+10 
8772 0.000000e+00 0.000000e+00 1.068590e+10 
8773 0.000000e+00 0.000000e+00 9.956156e+09 
8774 0.000000e+00 0.000000e+00 9.928416e+09 
8775 0.000000e+00 0.000000e+00 9.927134e+09 
8776 0.000000e+00 0.000000e+00 9.927433e+09 
8777 0.000000e+00 0.000000e+00 9.927830e+09 
8778 0.000000e+00 0.000000e+00 9.926892e+09 
8779 0.000000e+00 0.000000e+00 9.944093e+09 
8780 0.000000e+00 0.000000e+00 1.015964e+10 
8781 0.000000e+00 0.000000e+00 1.044259e+10 
8782 0.000000e+00 0.000000e+00 1.054760e+10 
8783 0.000000e+00 0.000000e+00 1.067705e+10 
8784 0.000000e+00 0.000000e+00 1.068677e+10 
8785 0.000000e+00 0.000000e+00 9.964887e+09 
8786 0.000000e+00 0.000000e+00 9.929234e+09 
8787 0.000000e+00 0.000000e+00 9.926885e+09 
8788 0.000000e+00 0.000000e+00 9.926884e+09 
8789 0.000000e+00 0.000000e+00 9.926927e+09 
8790 0.000000e+00 0.000000e+00 9.926897e+09 
8791 0.000000e+00 0.000000e+00 9.927839e+09 
8792 0.000000e+00 0.000000e+00 9.951790e+09 
8793 0.000000e+00 0.000000e+00 1.031112e+10 
8794 0.000000e+00 0.000000e+00 1.060057e+10 
8795 0.000000e+00 0.000000e+00 1.065695e+10 
8796 0.000000e+00 0.000000e+00 1.066162e+10 
8797 0.000000e+00 0.000000e+00 1.008127e+10 
8798 0.000000e+00 0.000000e+00 1.005191e+10 
8799 0.000000e+00 0.000000e+00 1.014614e+10 
8800 0.000000e+00 0.000000e+00 1.031615e+10 
8801 0.000000e+00 0.000000e+00 1.047135e+10 
8802 0.000000e+00 0.000000e+00 1.054772e+10 
8803 0.000000e+00 0.000000e+00 1.059640e+10 
8804 0.000000e+00 0.000000e+00 1.066508e+10 
8805 0.000000e+00 0.000000e+00 1.068418e+10 
8806 0.000000e+00 0.000000e+00 9.967118e+09 
8807 0.000000e+00 0.000000e+00 9.929279e+09 
8808 0.000000e+00 0.000000e+00 9.929217e+09 
8809 0.000000e+00 0.000000e+00 9.927243e+09 
8810 0.000000e+00 0.000000e+00 9.928989e+09 
8811 0.000000e+00 0.000000e+00 9.928173e+09 
8812 0.000000e+00 0.000000e+00 9.980083e+09 
8813 0.000000e+00 0.000000e+00 1.023018e+10 
8814 0.000000e+00 0.000000e+00 1.052726e+10 
8815 0.000000e+00 0.000000e+00 1.057656e+10 
8816 0.000000e+00 0.000000e+00 1.066711e+10 
8817 0.000000e+00 0.000000e+00 1.065617e+10 
8818 0.000000e+00 0.000000e+00 1.010049e+10 
8819 0.000000e+00 0.000000e+00 1.006831e+10 
8820 0.000000e+00 0.000000e+00 1.016890e+10 
8821 0.000000e+00 0.000000e+00 1.030987e+10 
8822 0.000000e+00 0.000000e+00 1.047152e+10 
8823 0.000000e+00 0.000000e+00 1.050689e+10 
8824 0.000000e+00 0.000000e+00 1.063627e+10 
8825 0.000000e+00 0.000000e+00 1.068662e+10 
8826 0.000000e+00 0.000000e+00 1.070450e+10 
8827 0.000000e+00 0.000000e+00 1.011018e+10 
8828 0.000000e+00 0.000000e+00 1.012872e+10 
8829 0.000000e+00 0.000000e+00 1.019730e+10 
8830 0.000000e+00 0.000000e+00 1.042651e+10 
8831 0.000000e+00 0.000000e+00 1.045966e+10 
8832 0.000000e+00 0.000000e+00 1.061066e+10 
8833 0.000000e+00 0.000000e+00 1.061331e+10 
8834 0.000000e+00 0.000000e+00 1.071747e+10 
8835 0.000000e+00 0.000000e+00 1.000262e+10 
8836 0.000000e+00 0.000000e+00 9.941057e+09 
8837 0.000000e+00 0.000000e+00 9.927875e+09 
8838 0.000000e+00 0.000000e+00 9.926588e+09 
8839 0.000000e+00 0.000000e+00 9.926916e+09 
8840 0.000000e+00 0.000000e+00 9.926543e+09 
8841 0.000000e+00 0.000000e+00 9.928603e+09 
8842 0.000000e+00 0.000000e+00 9.943847e+09 
8843 0.000000e+00 0.000000e+00 1.009616e+10 
8844 0.000000e+00 0.000000e+00 1.040233e+10 
8845 0.000000e+00 0.000000e+00 1.066700e+10 
8846 0.000000e+00 0.000000e+00 1.064830e+10 
8847 0.000000e+00 0.000000e+00 1.072879e+10 
8848 0.000000e+00 0.000000e+00 9.978123e+09 
8849 0.000000e+00 0.000000e+00 9.932819e+09 
8850 0.000000e+00 0.000000e+00 9.926707e+09 
8851 0.000000e+00 0.000000e+00 9.926837e+09 
8852 0.000000e+00 0.000000e+00 9.926687e+09 
8853 0.000000e+00 0.000000e+00 9.927432e+09 
8854 0.000000e+00 0.000000e+00 9.927889e+09 
8855 0.000000e+00 0.000000e+00 9.989949e+09 
8856 0.000000e+00 0.000000e+00 1.022962e+10 
8857 0.000000e+00 0.000000e+00 1.062301e+10 
8858 0.000000e+00 0.000000e+00 1.062484e+10 
8859 0.000000e+00 0.000000e+00 1.068837e+10 
8860 0.000000e+00 0.000000e+00 1.007334e+10 
8861 0.000000e+00 0.000000e+00 1.006911e+10 
8862 0.000000e+00 0.000000e+00 1.015428e+10 
8863 0.000000e+00 0.000000e+00 1.035644e+10 
8864 0.000000e+00 0.000000e+00 1.047391e+10 
8865 0.000000e+00 0.000000e+00 1.058801e+10 
8866 0.000000e+00 0.000000e+00 1.062375e+10 
8867 0.000000e+00 0.000000e+00 1.068406e+10 
8868 0.000000e+00 0.000000e+00 1.066781e+10 
8869 0.000000e+00 0.000000e+00 9.965948e+09 
8870 0.000000e+00 0.000000e+00 9.930165e+09 
8871 0.000000e+00 0.000000e+00 9.927023e+09 
8872 0.000000e+00 0.000000e+00 9.927266e+09 
8873 0.000000e+00 0.000000e+00 9.927050e+09 
8874 0.000000e+00 0.000000e+00 9.927397e+09 
8875 0.000000e+00 0.000000e+00 9.926883e+09 
8876 0.000000e+00 0.000000e+00 9.942937e+09 
8877 0.000000e+00 0.000000e+00 1.021022e+10 
8878 0.000000e+00 0.000000e+00 1.062199e+10 
8879 0.000000e+00 0.000000e+00 1.059989e+10 
8880 0.000000e+00 0.000000e+00 1.072782e+10 
8881 0.000000e+00 0.000000e+00 9.994949e+09 
8882 0.000000e+00 0.000000e+00 9.939253e+09 
8883 0.000000e+00 0.000000e+00 9.927693e+09 
8884 0.000000e+00 0.000000e+00 9.926585e+09 
8885 0.000000e+00 0.000000e+00 9.927354e+09 
8886 0.000000e+00 0.000000e+00 9.926569e+09 
8887 0.000000e+00 0.000000e+00 9.929117e+09 
8888 0.000000e+00 0.000000e+00 9.949055e+09 
8889 0.000000e+00 0.000000e+00 1.016736e+10 
8890 0.000000e+00 0.000000e+00 1.048155e+10 
8891 0.000000e+00 0.000000e+00 1.063708e+10 
8892 0.000000e+00 0.000000e+00 1.064721e+10 
8893 0.000000e+00 0.000000e+00 1.073250e+10 
8894 0.000000e+00 0.000000e+00 9.974153e+09 
8895 0.000000e+00 0.000000e+00 9.933640e+09 
8896 0.000000e+00 0.000000e+00 9.926971e+09 
8897 0.000000e+00 0.000000e+00 9.927126e+09 
8898 0.000000e+00 0.000000e+00 9.926747e+09 
8899 0.000000e+00 0.000000e+00 9.926812e+09 
8900 0.000000e+00 0.000000e+00 9.927660e+09 
8901 0.000000e+00 0.000000e+00 9.937704e+09 
8902 0.000000e+00 0.000000e+00 1.017556e+10 
8903 0.000000e+00 0.000000e+00 1.062327e+10 
8904 0.000000e+00 0.000000e+00 1.066485e+10 
8905 0.000000e+00 0.000000e+00 1.067209e+10 
8906 0.000000e+00 0.000000e+00 1.009881e+10 
8907 0.000000e+00 0.000000e+00 1.009767e+10 
8908 0.000000e+00 0.000000e+00 1.017716e+10 
8909 0.000000e+00 0.000000e+00 1.035522e+10 
8910 0.000000e+00 0.000000e+00 1.044257e+10 
8911 0.000000e+00 0.000000e+00 1.058195e+10 
8912 0.000000e+00 0.000000e+00 1.060469e+10 
8913 0.000000e+00 0.000000e+00 1.065750e+10 
8914 0.000000e+00 0.000000e+00 1.004623e+10 
8915 0.000000e+00 0.000000e+00 1.002537e+10 
8916 0.000000e+00 0.000000e+00 1.006329e+10 
8917 0.000000e+00 0.000000e+00 1.021182e+10 
8918 0.000000e+00 0.000000e+00 1.037831e+10 
8919 0.000000e+00 0.000000e+00 1.050427e+10 
8920 0.000000e+00 0.000000e+00 1.058754e+10 
8921 0.000000e+00 0.000000e+00 1.063289e+10 
8922 0.000000e+00 0.000000e+00 1.067366e+10 
8923 0.000000e+00 0.000000e+00 1.070314e+10 
8924 0.000000e+00 0.000000e+00 9.962032e+09 
8925 0.000000e+00 0.000000e+00 9.929890e+09 
8926 0.000000e+00 0.000000e+00 9.927245e+09 
8927 0.000000e+00 0.000000e+00 9.927236e+09 
8928 0.000000e+00 0.000000e+00 9.927321e+09 
8929 0.000000e+00 0.000000e+00 9.931544e+09 
8930 0.000000e+00 0.000000e+00 9.980608e+09 
8931 0.000000e+00 0.000000e+00 1.028891e+10 
8932 0.000000e+00 0.000000e+00 1.051837e+10 
8933 0.000000e+00 0.000000e+00 1.067058e+10 
8934 0.000000e+00 0.000000e+00 1.066872e+10 
8935 0.000000e+00 0.000000e+00 1.069889e+10 
8936 0.000000e+00 0.000000e+00 9.971148e+09 
8937 0.000000e+00 0.000000e+00 9.933619e+09 
8938 0.000000e+00 0.000000e+00 9.927111e+09 
8939 0.000000e+00 0.000000e+00 9.926736e+09 
8940 0.000000e+00 0.000000e+00 9.927619e+09 
8941 0.000000e+00 0.000000e+00 9.926968e+09 
8942 0.000000e+00 0.000000e+00 9.933667e+09 
8943 0.000000e+00 0.000000e+00 1.003257e+10 
8944 0.000000e+00 0.000000e+00 1.044858e+10 
8945 0.000000e+00 0.000000e+00 1.060831e+10 
8946 0.000000e+00 0.000000e+00 1.067319e+10 
8947 0.000000e+00 0.000000e+00 1.066594e+10 
8948 0.000000e+00 0.000000e+00 9.973576e+09 
8949 0.000000e+00 0.000000e+00 9.931012e+09 
8950 0.000000e+00 0.000000e+00 9.926769e+09 
8951 0.000000e+00 0.000000e+00 9.926680e+09 
8952 0.000000e+00 0.000000e+00 9.928163e+09 
8953 0.000000e+00 0.000000e+00 9.927129e+09 
8954 0.000000e+00 0.000000e+00 9.927810e+09 
8955 0.000000e+00 0.000000e+00 9.937996e+09 
8956 0.000000e+00 0.000000e+00 1.017632e+10 
8957 0.000000e+00 0.000000e+00 1.059473e+10 
8958 0.000000e+00 0.000000e+00 1.059807e+10 
8959 0.000000e+00 0.000000e+00 1.066760e+10 
8960 0.000000e+00 0.000000e+00 1.070726e+10 
8961 0.000000e+00 0.000000e+00 9.957967e+09 
8962 0.000000e+00 0.000000e+00 9.928562e+09 
8963 0.000000e+00 0.000000e+00 9.927448e+09 
8964 0.000000e+00 0.000000e+00 9.927072e+09 
8965 0.000000e+00 0.000000e+00 9.927711e+09 
8966 0.000000e+00 0.000000e+00 9.927187e+09 
8967 0.000000e+00 0.000000e+00 9.941172e+09 
8968 0.000000e+00 0.000000e+00 1.007348e+10 
8969 0.000000e+00 0.000000e+00 1.052810e+10 
8970 0.000000e+00 0.000000e+00 1.059951e+10 
8971 0.000000e+00 0.000000e+00 1.067571e+10 
8972 0.000000e+00 0.000000e+00 1.065100e+10 
8973 0.000000e+00 0.000000e+00 1.013141e+10 
8974 0.000000e+00 0.000000e+00 1.009716e+10 
8975 0.000000e+00 0.000000e+00 1.021547e+10 
8976 0.000000e+00 0.000000e+00 1.038043e+10 
8977 0.000000e+00 0.000000e+00 1.048872e+10 
8978 0.000000e+00 0.000000e+00 1.058341e+10 
8979 0.000000e+00 0.000000e+00 1.065696e+10 
8980 0.000000e+00 0.000000e+00 1.064452e+10 
8981 0.000000e+00 0.000000e+00 1.069773e+10 
8982 0.000000e+00 0.000000e+00 9.969676e+09 
8983 0.000000e+00 0.000000e+00 9.932914e+09 
8984 0.000000e+00 0.000000e+00 9.926566e+09 
8985 0.000000e+00 0.000000e+00 9.927481e+09 
8986 0.000000e+00 0.000000e+00 9.926625e+09 
8987 0.000000e+00 0.000000e+00 9.928817e+09 
8988 0.000000e+00 0.000000e+00 9.945131e+09 
8989 0.000000e+00 0.000000e+00 1.007431e+10 
8990 0.000000e+00 0.000000e+00 1.032824e+10 
8991 0.000000e+00 0.000000e+00 1.061666e+10 
8992 0.000000e+00 0.000000e+00 1.068860e+10 
8993 0.000000e+00 0.000000e+00 1.070592e+10 
8994 0.000000e+00 0.000000e+00 9.981234e+09 
8995 0.000000e+00 0.000000e+00 9.934429e+09 
8996 0.000000e+00 0.000000e+00 9.926829e+09 
8997 0.000000e+00 0.000000e+00 9.926774e+09 
8998 0.000000e+00 0.000000e+00 9.926913e+09 
8999 0.000000e+00 0.000000e+00 9.927755e+09 
9000 0.000000e+00 0.000000e+00 9.926707e+09 
9001 0.000000e+00 0.000000e+00 9.967805e+09 
9002 0.000000e+00 0.000000e+00 1.031963e+10 
9003 0.000000e+00 0.000000e+00 1.063006e+10 
9004 0.000000e+00 0.000000e+00 1.059809e+10 
9005 0.000000e+00 0.000000e+00 1.071723e+10 
9006 0.000000e+00 0.000000e+00 1.068243e+10 
9007 0.000000e+00 0.000000e+00 9.957207e+09 
9008 0.000000e+00 0.000000e+00 9.927754e+09 
9009 0.000000e+00 0.000000e+00 9.927113e+09 
9010 0.000000e+00 0.000000e+00 9.927242e+09 
9011 0.000000e+00 0.000000e+00 9.927528e+09 
9012 0.000000e+00 0.000000e+00 9.928241e+09 
9013 0.000000e+00 0.000000e+00 9.934548e+09 
9014 0.000000e+00 0.000000e+00 1.006509e+10 
9015 0.000000e+00 0.000000e+00 1.048513e+10 
9016 0.000000e+00 0.000000e+00 1.059894e+10 
9017 0.000000e+00 0.000000e+00 1.069268e+10 
9018 0.000000e+00 0.000000e+00 1.065728e+10 
9019 0.000000e+00 0.000000e+00 9.964642e+09 
9020 0.000000e+00 0.000000e+00 9.928402e+09 
9021 0.000000e+00 0.000000e+00 9.926813e+09 
9022 0.000000e+00 0.000000e+00 9.928630e+09 
9023 0.000000e+00 0.000000e+00 9.926712e+09 
9024 0.000000e+00 0.000000e+00 9.933918e+09 
9025 0.000000e+00 0.000000e+00 9.952734e+09 
9026 0.000000e+00 0.000000e+00 1.019962e+10 
9027 0.000000e+00 0.000000e+00 1.049005e+10 
9028 0.000000e+00 0.000000e+00 1.065016e+10 
9029 0.000000e+00 0.000000e+00 1.064429e+10 
9030 0.000000e+00 0.000000e+00 1.072822e+10 
9031 0.000000e+00 0.000000e+00 1.008110e+10 
9032 0.000000e+00 0.000000e+00 1.009495e+10 
9033 0.000000e+00 0.000000e+00 1.018486e+10 
9034 0.000000e+00 0.000000e+00 1.035120e+10 
9035 0.000000e+00 0.000000e+00 1.046414e+10 
9036 0.000000e+00 0.000000e+00 1.057406e+10 
9037 0.000000e+00 0.000000e+00 1.061608e+10 
9038 0.000000e+00 0.000000e+00 1.069176e+10 
9039 0.000000e+00 0.000000e+00 1.002817e+10 
9040 0.000000e+00 0.000000e+00 1.001162e+10 
9041 0.000000e+00 0.000000e+00 1.004766e+10 
9042 0.000000e+00 0.000000e+00 1.023501e+10 
9043 0.000000e+00 0.000000e+00 1.036929e+10 
9044 0.000000e+00 0.000000e+00 1.053315e+10 
9045 0.000000e+00 0.000000e+00 1.056819e+10 
9046 0.000000e+00 0.000000e+00 1.066889e+10 
9047 0.000000e+00 0.000000e+00 1.063387e+10 
9048 0.000000e+00 0.000000e+00 1.072985e+10 
9049 0.000000e+00 0.000000e+00 9.963977e+09 
9050 0.000000e+00 0.000000e+00 9.929873e+09 
9051 0.000000e+00 0.000000e+00 9.926719e+09 
9052 0.000000e+00 0.000000e+00 9.927514e+09 
9053 0.000000e+00 0.000000e+00 9.927420e+09 
9054 0.000000e+00 0.000000e+00 9.928323e+09 
9055 0.000000e+00 0.000000e+00 9.956355e+09 
9056 0.000000e+00 0.000000e+00 1.015446e+10 
9057 0.000000e+00 0.000000e+00 1.043543e+10 
9058 0.000000e+00 0.000000e+00 1.061265e+10 
9059 0.000000e+00 0.000000e+00 1.066727e+10 
9060 0.000000e+00 0.000000e+00 1.065848e+10 
9061 0.000000e+00 0.000000e+00 9.963460e+09 
9062 0.000000e+00 0.000000e+00 9.928981e+09 
9063 0.000000e+00 0.000000e+00 9.927330e+09 
9064 0.000000e+00 0.000000e+00 9.926881e+09 
9065 0.000000e+00 0.000000e+00 9.927084e+09 
9066 0.000000e+00 0.000000e+00 9.926823e+09 
9067 0.000000e+00 0.000000e+00 9.927322e+09 
9068 0.000000e+00 0.000000e+00 9.931321e+09 
9069 0.000000e+00 0.000000e+00 1.004363e+10 
9070 0.000000e+00 0.000000e+00 1.051675e+10 
9071 0.000000e+00 0.000000e+00 1.051485e+10 
9072 0.000000e+00 0.000000e+00 1.071105e+10 
9073 0.000000e+00 0.000000e+00 9.990048e+09 
9074 0.000000e+00 0.000000e+00 9.937043e+09 
9075 0.000000e+00 0.000000e+00 9.927247e+09 
9076 0.000000e+00 0.000000e+00 9.926849e+09 
9077 0.000000e+00 0.000000e+00 9.927148e+09 
9078 0.000000e+00 0.000000e+00 9.926860e+09 
9079 0.000000e+00 0.000000e+00 9.928809e+09 
9080 0.000000e+00 0.000000e+00 9.953878e+09 
9081 0.000000e+00 0.000000e+00 1.016588e+10 
9082 0.000000e+00 0.000000e+00 1.039285e+10 
9083 0.000000e+00 0.000000e+00 1.061888e+10 
9084 0.000000e+00 0.000000e+00 1.067398e+10 
9085 0.000000e+00 0.000000e+00 1.067178e+10 
9086 0.000000e+00 0.000000e+00 9.967082e+09 
9087 0.000000e+00 0.000000e+00 9.930704e+09 
9088 0.000000e+00 0.000000e+00 9.926640e+09 
9089 0.000000e+00 0.000000e+00 9.926755e+09 
9090 0.000000e+00 0.000000e+00 9.927088e+09 
9091 0.000000e+00 0.000000e+00 9.927711e+09 
9092 0.000000e+00 0.000000e+00 9.934778e+09 
9093 0.000000e+00 0.000000e+00 1.008756e+10 
9094 0.000000e+00 0.000000e+00 1.044863e+10 
9095 0.000000e+00 0.000000e+00 1.061833e+10 
9096 0.000000e+00 0.000000e+00 1.063377e+10 
9097 0.000000e+00 0.000000e+00 1.071731e+10 
9098 0.000000e+00 0.000000e+00 9.983507e+09 
9099 0.000000e+00 0.000000e+00 9.934275e+09 
9100 0.000000e+00 0.000000e+00 9.927220e+09 
9101 0.000000e+00 0.000000e+00 9.926901e+09 
9102 0.000000e+00 0.000000e+00 9.927748e+09 
9103 0.000000e+00 0.000000e+00 9.926585e+09 
9104 0.000000e+00 0.000000e+00 9.930533e+09 
9105 0.000000e+00 0.000000e+00 9.975872e+09 
9106 0.000000e+00 0.000000e+00 1.045077e+10 
9107 0.000000e+00 0.000000e+00 1.056894e+10 
9108 0.000000e+00 0.000000e+00 1.066090e+10 
9109 0.000000e+00 0.000000e+00 1.066085e+10 
9110 0.000000e+00 0.000000e+00 1.008473e+10 
9111 0.000000e+00 0.000000e+00 1.004759e+10 
9112 0.000000e+00 0.000000e+00 1.011537e+10 
9113 0.000000e+00 0.000000e+00 1.026910e+10 
9114 0.000000e+00 0.000000e+00 1.046485e+10 
9115 0.000000e+00 0.000000e+00 1.049599e+10 
9116 0.000000e+00 0.000000e+00 1.062805e+10 
9117 0.000000e+00 0.000000e+00 1.064094e+10 
9118 0.000000e+00 0.000000e+00 1.071031e+10 
9119 0.000000e+00 0.000000e+00 1.009126e+10 
9120 0.000000e+00 0.000000e+00 1.009657e+10 
9121 0.000000e+00 0.000000e+00 1.021039e+10 
9122 0.000000e+00 0.000000e+00 1.042256e+10 
9123 0.000000e+00 0.000000e+00 1.048026e+10 
9124 0.000000e+00 0.000000e+00 1.057964e+10 
9125 0.000000e+00 0.000000e+00 1.061770e+10 
9126 0.000000e+00 0.000000e+00 1.069721e+10 
9127 0.000000e+00 0.000000e+00 1.067335e+10 
9128 0.000000e+00 0.000000e+00 9.958897e+09 
9129 0.000000e+00 0.000000e+00 9.927998e+09 
9130 0.000000e+00 0.000000e+00 9.927330e+09 
9131 0.000000e+00 0.000000e+00 9.927078e+09 
9132 0.000000e+00 0.000000e+00 9.927538e+09 
9133 0.000000e+00 0.000000e+00 9.926668e+09 
9134 0.000000e+00 0.000000e+00 9.933492e+09 
9135 0.000000e+00 0.000000e+00 1.003981e+10 
9136 0.000000e+00 0.000000e+00 1.052862e+10 
9137 0.000000e+00 0.000000e+00 1.057812e+10 
9138 0.000000e+00 0.000000e+00 1.068196e+10 
9139 0.000000e+00 0.000000e+00 1.063939e+10 
9140 0.000000e+00 0.000000e+00 9.968534e+09 
9141 0.000000e+00 0.000000e+00 9.930248e+09 
9142 0.000000e+00 0.000000e+00 9.927914e+09 
9143 0.000000e+00 0.000000e+00 9.927143e+09 
9144 0.000000e+00 0.000000e+00 9.926979e+09 
9145 0.000000e+00 0.000000e+00 9.927359e+09 
9146 0.000000e+00 0.000000e+00 9.927570e+09 
9147 0.000000e+00 0.000000e+00 9.944053e+09 
9148 0.000000e+00 0.000000e+00 1.013630e+10 
9149 0.000000e+00 0.000000e+00 1.049962e+10 
9150 0.000000e+00 0.000000e+00 1.063392e+10 
9151 0.000000e+00 0.000000e+00 1.071438e+10 
9152 0.000000e+00 0.000000e+00 1.065789e+10 
9153 0.000000e+00 0.000000e+00 9.955253e+09 
9154 0.000000e+00 0.000000e+00 9.927912e+09 
9155 0.000000e+00 0.000000e+00 9.926890e+09 
9156 0.000000e+00 0.000000e+00 9.927026e+09 
9157 0.000000e+00 0.000000e+00 9.926874e+09 
9158 0.000000e+00 0.000000e+00 9.927877e+09 
9159 0.000000e+00 0.000000e+00 9.930489e+09 
9160 0.000000e+00 0.000000e+00 1.006778e+10 
9161 0.000000e+00 0.000000e+00 1.051529e+10 
9162 0.000000e+00 0.000000e+00 1.065114e+10 
9163 0.000000e+00 0.000000e+00 1.062417e+10 
9164 0.000000e+00 0.000000e+00 1.072015e+10 
9165 0.000000e+00 0.000000e+00 9.975485e+09 
9166 0.000000e+00 0.000000e+00 9.936151e+09 
9167 0.000000e+00 0.000000e+00 9.927437e+09 
9168 0.000000e+00 0.000000e+00 9.927355e+09 
9169 0.000000e+00 0.000000e+00 9.928423e+09 
9170 0.000000e+00 0.000000e+00 9.927372e+09 
9171 0.000000e+00 0.000000e+00 9.929473e+09 
9172 0.000000e+00 0.000000e+00 9.937949e+09 
9173 0.000000e+00 0.000000e+00 1.030791e+10 
9174 0.000000e+00 0.000000e+00 1.059264e+10 
9175 0.000000e+00 0.000000e+00 1.069047e+10 
9176 0.000000e+00 0.000000e+00 1.065143e+10 
9177 0.000000e+00 0.000000e+00 9.977159e+09 
9178 0.000000e+00 0.000000e+00 9.931728e+09 
9179 0.000000e+00 0.000000e+00 9.926667e+09 
9180 0.000000e+00 0.000000e+00 9.926917e+09 
9181 0.000000e+00 0.000000e+00 9.926739e+09 
9182 0.000000e+00 0.000000e+00 9.927317e+09 
9183 0.000000e+00 0.000000e+00 9.926750e+09 
9184 0.000000e+00 0.000000e+00 9.957536e+09 
9185 0.000000e+00 0.000000e+00 1.018086e+10 
9186 0.000000e+00 0.000000e+00 1.051567e+10 
9187 0.000000e+00 0.000000e+00 1.062317e+10 
9188 0.000000e+00 0.000000e+00 1.069290e+10 
9189 0.000000e+00 0.000000e+00 1.003812e+10 
9190 0.000000e+00 0.000000e+00 1.003132e+10 
9191 0.000000e+00 0.000000e+00 1.008686e+10 
9192 0.000000e+00 0.000000e+00 1.028426e+10 
9193 0.000000e+00 0.000000e+00 1.037282e+10 
9194 0.000000e+00 0.000000e+00 1.058174e+10 
9195 0.000000e+00 0.000000e+00 1.054964e+10 
9196 0.000000e+00 0.000000e+00 1.066531e+10 
9197 0.000000e+00 0.000000e+00 1.064644e+10 
9198 0.000000e+00 0.000000e+00 1.008745e+10 
9199 0.000000e+00 0.000000e+00 1.007237e+10 
9200 0.000000e+00 0.000000e+00 1.019976e+10 
9201 0.000000e+00 0.000000e+00 1.032215e+10 
9202 0.000000e+00 0.000000e+00 1.050085e+10 
9203 0.000000e+00 0.000000e+00 1.052396e+10 
9204 0.000000e+00 0.000000e+00 1.065539e+10 
9205 0.000000e+00 0.000000e+00 1.064299e+10 
9206 0.000000e+00 0.000000e+00 1.074231e+10 
9207 0.000000e+00 0.000000e+00 9.978431e+09 
9208 0.000000e+00 0.000000e+00 9.935784e+09 
9209 0.000000e+00 0.000000e+00 9.927408e+09 
9210 0.000000e+00 0.000000e+00 9.926882e+09 
9211 0.000000e+00 0.000000e+00 9.927191e+09 
9212 0.000000e+00 0.000000e+00 9.927352e+09 
9213 0.000000e+00 0.000000e+00 9.929214e+09 
9214 0.000000e+00 0.000000e+00 9.971138e+09 
9215 0.000000e+00 0.000000e+00 1.030132e+10 
9216 0.000000e+00 0.000000e+00 1.057988e+10 
9217 0.000000e+00 0.000000e+00 1.064794e+10 
9218 0.000000e+00 0.000000e+00 1.070009e+10 
9219 0.000000e+00 0.000000e+00 1.051078e+10 
9220 0.000000e+00 0.000000e+00 1.051346e+10 
9221 0.000000e+00 0.000000e+00 1.061645e+10 
9222 0.000000e+00 0.000000e+00 1.064748e+10 
9223 0.000000e+00 0.000000e+00 1.066833e+10 
9224 0.000000e+00 0.000000e+00 1.052437e+10 
9225 0.000000e+00 0.000000e+00 1.059111e+10 
9226 0.000000e+00 0.000000e+00 1.059003e+10 
9227 0.000000e+00 0.000000e+00 1.066903e+10 
9228 0.000000e+00 0.000000e+00 1.070421e+10 
9229 0.000000e+00 0.000000e+00 9.971114e+09 
9230 0.000000e+00 0.000000e+00 9.929253e+09 
9231 0.000000e+00 0.000000e+00 9.927469e+09 
9232 0.000000e+00 0.000000e+00 9.927058e+09 
9233 0.000000e+00 0.000000e+00 9.926801e+09 
9234 0.000000e+00 0.000000e+00 9.927986e+09 
9235 0.000000e+00 0.000000e+00 9.927677e+09 
9236 0.000000e+00 0.000000e+00 1.000544e+10 
9237 0.000000e+00 0.000000e+00 1.037219e+10 
9238 0.000000e+00 0.000000e+00 1.063225e+10 
9239 0.000000e+00 0.000000e+00 1.064079e+10 
9240 0.000000e+00 0.000000e+00 1.071126e+10 
9241 0.000000e+00 0.000000e+00 9.993411e+09 
9242 0.000000e+00 0.000000e+00 9.936968e+09 
9243 0.000000e+00 0.000000e+00 9.928349e+09 
9244 0.000000e+00 0.000000e+00 9.926725e+09 
9245 0.000000e+00 0.000000e+00 9.927057e+09 
9246 0.000000e+00 0.000000e+00 9.926797e+09 
9247 0.000000e+00 0.000000e+00 9.929325e+09 
9248 0.000000e+00 0.000000e+00 9.947837e+09 
9249 0.000000e+00 0.000000e+00 1.011578e+10 
9250 0.000000e+00 0.000000e+00 1.051236e+10 
9251 0.000000e+00 0.000000e+00 1.065537e+10 
9252 0.000000e+00 0.000000e+00 1.068082e+10 
9253 0.000000e+00 0.000000e+00 1.072416e+10 
9254 0.000000e+00 0.000000e+00 9.971180e+09 
9255 0.000000e+00 0.000000e+00 9.932520e+09 
9256 0.000000e+00 0.000000e+00 9.927510e+09 
9257 0.000000e+00 0.000000e+00 9.926780e+09 
9258 0.000000e+00 0.000000e+00 9.927202e+09 
9259 0.000000e+00 0.000000e+00 9.926797e+09 
9260 0.000000e+00 0.000000e+00 9.933659e+09 
9261 0.000000e+00 0.000000e+00 1.002096e+10 
9262 0.000000e+00 0.000000e+00 1.048435e+10 
9263 0.000000e+00 0.000000e+00 1.056697e+10 
9264 0.000000e+00 0.000000e+00 1.065865e+10 
9265 0.000000e+00 0.000000e+00 1.067888e+10 
9266 0.000000e+00 0.000000e+00 1.010808e+10 
9267 0.000000e+00 0.000000e+00 1.008799e+10 
9268 0.000000e+00 0.000000e+00 1.020136e+10 
9269 0.000000e+00 0.000000e+00 1.033434e+10 
9270 0.000000e+00 0.000000e+00 1.051336e+10 
9271 0.000000e+00 0.000000e+00 1.053446e+10 
9272 0.000000e+00 0.000000e+00 1.065553e+10 
9273 0.000000e+00 0.000000e+00 1.065003e+10 
9274 0.000000e+00 0.000000e+00 1.071448e+10 
9275 0.000000e+00 0.000000e+00 9.970322e+09 
9276 0.000000e+00 0.000000e+00 9.936016e+09 
9277 0.000000e+00 0.000000e+00 9.927261e+09 
9278 0.000000e+00 0.000000e+00 9.927254e+09 
9279 0.000000e+00 0.000000e+00 9.928160e+09 
9280 0.000000e+00 0.000000e+00 9.928535e+09 
9281 0.000000e+00 0.000000e+00 9.956903e+09 
9282 0.000000e+00 0.000000e+00 1.011082e+10 
9283 0.000000e+00 0.000000e+00 1.045341e+10 
9284 0.000000e+00 0.000000e+00 1.057669e+10 
9285 0.000000e+00 0.000000e+00 1.068919e+10 
9286 0.000000e+00 0.000000e+00 1.064655e+10 
9287 0.000000e+00 0.000000e+00 1.071414e+10 
9288 0.000000e+00 0.000000e+00 9.959470e+09 
9289 0.000000e+00 0.000000e+00 9.930145e+09 
9290 0.000000e+00 0.000000e+00 9.927193e+09 
9291 0.000000e+00 0.000000e+00 9.928618e+09 
9292 0.000000e+00 0.000000e+00 9.930044e+09 
9293 0.000000e+00 0.000000e+00 9.949940e+09 
9294 0.000000e+00 0.000000e+00 1.005946e+10 
9295 0.000000e+00 0.000000e+00 1.031825e+10 
9296 0.000000e+00 0.000000e+00 1.058602e+10 
9297 0.000000e+00 0.000000e+00 1.066816e+10 
9298 0.000000e+00 0.000000e+00 1.070589e+10 
9299 0.000000e+00 0.000000e+00 9.994885e+09 
9300 0.000000e+00 0.000000e+00 9.937412e+09 
9301 0.000000e+00 0.000000e+00 9.927492e+09 
9302 0.000000e+00 0.000000e+00 9.927445e+09 
9303 0.000000e+00 0.000000e+00 9.927116e+09 
9304 0.000000e+00 0.000000e+00 9.927825e+09 
9305 0.000000e+00 0.000000e+00 9.927381e+09 
9306 0.000000e+00 0.000000e+00 9.932853e+09 
9307 0.000000e+00 0.000000e+00 1.001631e+10 
9308 0.000000e+00 0.000000e+00 1.045548e+10 
9309 0.000000e+00 0.000000e+00 1.062040e+10 
9310 0.000000e+00 0.000000e+00 1.063320e+10 
9311 0.000000e+00 0.000000e+00 1.072020e+10 
9312 0.000000e+00 0.000000e+00 1.012505e+10 
9313 0.000000e+00 0.000000e+00 1.011231e+10 
9314 0.000000e+00 0.000000e+00 1.021498e+10 
9315 0.000000e+00 0.000000e+00 1.038025e+10 
9316 0.000000e+00 0.000000e+00 1.052751e+10 
9317 0.000000e+00 0.000000e+00 1.058272e+10 
9318 0.000000e+00 0.000000e+00 1.063656e+10 
9319 0.000000e+00 0.000000e+00 1.068587e+10 
9320 0.000000e+00 0.000000e+00 1.000061e+10 
9321 0.000000e+00 0.000000e+00 9.939619e+09 
9322 0.000000e+00 0.000000e+00 9.929573e+09 
9323 0.000000e+00 0.000000e+00 9.927627e+09 
9324 0.000000e+00 0.000000e+00 9.927220e+09 
9325 0.000000e+00 0.000000e+00 9.927823e+09 
9326 0.000000e+00 0.000000e+00 9.927513e+09 
9327 0.000000e+00 0.000000e+00 9.948820e+09 
9328 0.000000e+00 0.000000e+00 1.015543e+10 
9329 0.000000e+00 0.000000e+00 1.054095e+10 
9330 0.000000e+00 0.000000e+00 1.061703e+10 
9331 0.000000e+00 0.000000e+00 1.071325e+10 
9332 0.000000e+00 0.000000e+00 1.068246e+10 
9333 0.000000e+00 0.000000e+00 1.013455e+10 
9334 0.000000e+00 0.000000e+00 1.009709e+10 
9335 0.000000e+00 0.000000e+00 1.025619e+10 
9336 0.000000e+00 0.000000e+00 1.037826e+10 
9337 0.000000e+00 0.000000e+00 1.052858e+10 
9338 0.000000e+00 0.000000e+00 1.053516e+10 
9339 0.000000e+00 0.000000e+00 1.064596e+10 
9340 0.000000e+00 0.000000e+00 1.066024e+10 
9341 0.000000e+00 0.000000e+00 1.075480e+10 
9342 0.000000e+00 0.000000e+00 9.970049e+09 
9343 0.000000e+00 0.000000e+00 9.931218e+09 
9344 0.000000e+00 0.000000e+00 9.926910e+09 
9345 0.000000e+00 0.000000e+00 9.927082e+09 
9346 0.000000e+00 0.000000e+00 9.927095e+09 
9347 0.000000e+00 0.000000e+00 9.927139e+09 
9348 0.000000e+00 0.000000e+00 9.931514e+09 
9349 0.000000e+00 0.000000e+00 1.000366e+10 
9350 0.000000e+00 0.000000e+00 1.050112e+10 
9351 0.000000e+00 0.000000e+00 1.057481e+10 
9352 0.000000e+00 0.000000e+00 1.066159e+10 
9353 0.000000e+00 0.000000e+00 1.064981e+10 
9354 0.000000e+00 0.000000e+00 9.967940e+09 
9355 0.000000e+00 0.000000e+00 9.929801e+09 
9356 0.000000e+00 0.000000e+00 9.926949e+09 
9357 0.000000e+00 0.000000e+00 9.926765e+09 
9358 0.000000e+00 0.000000e+00 9.926929e+09 
9359 0.000000e+00 0.000000e+00 9.926852e+09 
9360 0.000000e+00 0.000000e+00 9.926801e+09 
9361 0.000000e+00 0.000000e+00 9.929155e+09 
9362 0.000000e+00 0.000000e+00 1.004733e+10 
9363 0.000000e+00 0.000000e+00 1.050391e+10 
9364 0.000000e+00 0.000000e+00 1.065333e+10 
9365 0.000000e+00 0.000000e+00 1.067897e+10 
9366 0.000000e+00 0.000000e+00 9.983199e+09 
9367 0.000000e+00 0.000000e+00 9.932667e+09 
9368 0.000000e+00 0.000000e+00 9.926799e+09 
9369 0.000000e+00 0.000000e+00 9.927076e+09 
9370 0.000000e+00 0.000000e+00 9.927055e+09 
9371 0.000000e+00 0.000000e+00 9.926982e+09 
9372 0.000000e+00 0.000000e+00 9.926881e+09 
9373 0.000000e+00 0.000000e+00 9.933581e+09 
9374 0.000000e+00 0.000000e+00 1.003555e+10 
9375 0.000000e+00 0.000000e+00 1.059595e+10 
9376 0.000000e+00 0.000000e+00 1.059781e+10 
9377 0.000000e+00 0.000000e+00 1.067954e+10 
9378 0.000000e+00 0.000000e+00 1.068553e+10 
9379 0.000000e+00 0.000000e+00 1.013705e+10 
9380 0.000000e+00 0.000000e+00 1.012909e+10 
9381 0.000000e+00 0.000000e+00 1.026657e+10 
9382 0.000000e+00 0.000000e+00 1.037923e+10 
9383 0.000000e+00 0.000000e+00 1.053115e+10 
9384 0.000000e+00 0.000000e+00 1.056630e+10 
9385 0.000000e+00 0.000000e+00 1.065977e+10 
9386 0.000000e+00 0.000000e+00 1.064187e+10 
9387 0.000000e+00 0.000000e+00 1.052256e+10 
9388 0.000000e+00 0.000000e+00 1.050861e+10 
9389 0.000000e+00 0.000000e+00 1.061332e+10 
9390 0.000000e+00 0.000000e+00 1.061407e+10 
9391 0.000000e+00 0.000000e+00 1.070495e+10 
9392 0.000000e+00 0.000000e+00 9.992404e+09 
9393 0.000000e+00 0.000000e+00 9.937370e+09 
9394 0.000000e+00 0.000000e+00 9.927035e+09 
9395 0.000000e+00 0.000000e+00 9.926847e+09 
9396 0.000000e+00 0.000000e+00 9.926935e+09 
9397 0.000000e+00 0.000000e+00 9.926686e+09 
9398 0.000000e+00 0.000000e+00 9.931149e+09 
9399 0.000000e+00 0.000000e+00 9.958123e+09 
9400 0.000000e+00 0.000000e+00 1.016181e+10 
9401 0.000000e+00 0.000000e+00 1.030217e+10 
9402 0.000000e+00 0.000000e+00 1.063147e+10 
9403 0.000000e+00 0.000000e+00 1.064015e+10 
9404 0.000000e+00 0.000000e+00 1.075305e+10 
9405 0.000000e+00 0.000000e+00 9.968989e+09 
9406 0.000000e+00 0.000000e+00 9.931986e+09 
9407 0.000000e+00 0.000000e+00 9.926975e+09 
9408 0.000000e+00 0.000000e+00 9.926992e+09 
9409 0.000000e+00 0.000000e+00 9.927216e+09 
9410 0.000000e+00 0.000000e+00 9.927313e+09 
9411 0.000000e+00 0.000000e+00 9.939745e+09 
9412 0.000000e+00 0.000000e+00 1.008022e+10 
9413 0.000000e+00 0.000000e+00 1.055151e+10 
9414 0.000000e+00 0.000000e+00 1.058841e+10 
9415 0.000000e+00 0.000000e+00 1.066495e+10 
9416 0.000000e+00 0.000000e+00 1.067408e+10 
9417 0.000000e+00 0.000000e+00 9.968358e+09 
9418 0.000000e+00 0.000000e+00 9.930397e+09 
9419 0.000000e+00 0.000000e+00 9.926827e+09 
9420 0.000000e+00 0.000000e+00 9.926944e+09 
9421 0.000000e+00 0.000000e+00 9.926945e+09 
9422 0.000000e+00 0.000000e+00 9.927049e+09 
9423 0.000000e+00 0.000000e+00 9.928348e+09 
9424 0.000000e+00 0.000000e+00 9.943310e+09 
9425 0.000000e+00 0.000000e+00 1.018529e+10 
9426 0.000000e+00 0.000000e+00 1.055375e+10 
9427 0.000000e+00 0.000000e+00 1.065878e+10 
9428 0.000000e+00 0.000000e+00 1.066022e+10 
9429 0.000000e+00 0.000000e+00 1.007567e+10 
9430 0.000000e+00 0.000000e+00 1.005452e+10 
9431 0.000000e+00 0.000000e+00 1.014990e+10 
9432 0.000000e+00 0.000000e+00 1.031627e+10 
9433 0.000000e+00 0.000000e+00 1.049269e+10 
9434 0.000000e+00 0.000000e+00 1.056233e+10 
9435 0.000000e+00 0.000000e+00 1.061030e+10 
9436 0.000000e+00 0.000000e+00 1.064574e+10 
9437 0.000000e+00 0.000000e+00 1.070171e+10 
9438 0.000000e+00 0.000000e+00 1.011984e+10 
9439 0.000000e+00 0.000000e+00 1.012777e+10 
9440 0.000000e+00 0.000000e+00 1.023489e+10 
9441 0.000000e+00 0.000000e+00 1.038512e+10 
9442 0.000000e+00 0.000000e+00 1.047209e+10 
9443 0.000000e+00 0.000000e+00 1.061790e+10 
9444 0.000000e+00 0.000000e+00 1.061816e+10 
9445 0.000000e+00 0.000000e+00 1.071655e+10 
9446 0.000000e+00 0.000000e+00 1.000833e+10 
9447 0.000000e+00 0.000000e+00 9.944362e+09 
9448 0.000000e+00 0.000000e+00 9.929089e+09 
9449 0.000000e+00 0.000000e+00 9.926614e+09 
9450 0.000000e+00 0.000000e+00 9.926980e+09 
9451 0.000000e+00 0.000000e+00 9.927121e+09 
9452 0.000000e+00 0.000000e+00 9.927717e+09 
9453 0.000000e+00 0.000000e+00 9.927181e+09 
9454 0.000000e+00 0.000000e+00 9.969448e+09 
9455 0.000000e+00 0.000000e+00 1.015523e+10 
9456 0.000000e+00 0.000000e+00 1.042502e+10 
9457 0.000000e+00 0.000000e+00 1.064998e+10 
9458 0.000000e+00 0.000000e+00 1.069381e+10 
9459 0.000000e+00 0.000000e+00 9.976927e+09 
9460 0.000000e+00 0.000000e+00 9.934220e+09 
9461 0.000000e+00 0.000000e+00 9.926880e+09 
9462 0.000000e+00 0.000000e+00 9.927678e+09 
9463 0.000000e+00 0.000000e+00 9.927124e+09 
9464 0.000000e+00 0.000000e+00 9.927201e+09 
9465 0.000000e+00 0.000000e+00 9.929227e+09 
9466 0.000000e+00 0.000000e+00 9.945210e+09 
9467 0.000000e+00 0.000000e+00 1.011974e+10 
9468 0.000000e+00 0.000000e+00 1.047923e+10 
9469 0.000000e+00 0.000000e+00 1.070655e+10 
9470 0.000000e+00 0.000000e+00 1.064080e+10 
9471 0.000000e+00 0.000000e+00 1.007822e+10 
9472 0.000000e+00 0.000000e+00 1.005182e+10 
9473 0.000000e+00 0.000000e+00 1.016020e+10 
9474 0.000000e+00 0.000000e+00 1.031827e+10 
9475 0.000000e+00 0.000000e+00 1.044771e+10 
9476 0.000000e+00 0.000000e+00 1.052567e+10 
9477 0.000000e+00 0.000000e+00 1.062263e+10 
9478 0.000000e+00 0.000000e+00 1.064890e+10 
9479 0.000000e+00 0.000000e+00 1.003297e+10 
9480 0.000000e+00 0.000000e+00 9.988918e+09 
9481 0.000000e+00 0.000000e+00 1.004548e+10 
9482 0.000000e+00 0.000000e+00 1.015888e+10 
9483 0.000000e+00 0.000000e+00 1.033916e+10 
9484 0.000000e+00 0.000000e+00 1.047737e+10 
9485 0.000000e+00 0.000000e+00 1.062581e+10 
9486 0.000000e+00 0.000000e+00 1.063182e+10 
9487 0.000000e+00 0.000000e+00 1.067202e+10 
9488 0.000000e+00 0.000000e+00 1.067959e+10 
9489 0.000000e+00 0.000000e+00 1.015486e+10 
9490 0.000000e+00 0.000000e+00 1.014827e+10 
9491 0.000000e+00 0.000000e+00 1.032169e+10 
9492 0.000000e+00 0.000000e+00 1.039883e+10 
9493 0.000000e+00 0.000000e+00 1.053455e+10 
9494 0.000000e+00 0.000000e+00 1.060958e+10 
9495 0.000000e+00 0.000000e+00 1.066611e+10 
9496 0.000000e+00 0.000000e+00 1.066315e+10 
9497 0.000000e+00 0.000000e+00 9.973062e+09 
9498 0.000000e+00 0.000000e+00 9.931507e+09 
9499 0.000000e+00 0.000000e+00 9.926700e+09 
9500 0.000000e+00 0.000000e+00 9.926981e+09 
9501 0.000000e+00 0.000000e+00 9.926728e+09 
9502 0.000000e+00 0.000000e+00 9.926817e+09 
9503 0.000000e+00 0.000000e+00 9.926892e+09 
9504 0.000000e+00 0.000000e+00 9.932598e+09 
9505 0.000000e+00 0.000000e+00 1.003615e+10 
9506 0.000000e+00 0.000000e+00 1.048404e+10 
9507 0.000000e+00 0.000000e+00 1.052928e+10 
9508 0.000000e+00 0.000000e+00 1.069546e+10 
9509 0.000000e+00 0.000000e+00 1.067234e+10 
9510 0.000000e+00 0.000000e+00 1.017106e+10 
9511 0.000000e+00 0.000000e+00 1.014631e+10 
9512 0.000000e+00 0.000000e+00 1.033973e+10 
9513 0.000000e+00 0.000000e+00 1.044282e+10 
9514 0.000000e+00 0.000000e+00 1.054028e+10 
9515 0.000000e+00 0.000000e+00 1.058897e+10 
9516 0.000000e+00 0.000000e+00 1.067043e+10 
9517 0.000000e+00 0.000000e+00 1.064921e+10 
9518 0.000000e+00 0.000000e+00 1.071833e+10 
9519 0.000000e+00 0.000000e+00 9.963409e+09 
9520 0.000000e+00 0.000000e+00 9.931796e+09 
9521 0.000000e+00 0.000000e+00 9.927030e+09 
9522 0.000000e+00 0.000000e+00 9.928970e+09 
9523 0.000000e+00 0.000000e+00 9.928573e+09 
9524 0.000000e+00 0.000000e+00 9.958786e+09 
9525 0.000000e+00 0.000000e+00 1.010980e+10 
9526 0.000000e+00 0.000000e+00 1.048732e+10 
9527 0.000000e+00 0.000000e+00 1.054658e+10 
9528 0.000000e+00 0.000000e+00 1.068532e+10 
9529 0.000000e+00 0.000000e+00 1.064688e+10 
9530 0.000000e+00 0.000000e+00 9.992504e+09 
9531 0.000000e+00 0.000000e+00 9.935931e+09 
9532 0.000000e+00 0.000000e+00 9.926791e+09 
9533 0.000000e+00 0.000000e+00 9.926993e+09 
9534 0.000000e+00 0.000000e+00 9.926668e+09 
9535 0.000000e+00 0.000000e+00 9.928214e+09 
9536 0.000000e+00 0.000000e+00 9.927175e+09 
9537 0.000000e+00 0.000000e+00 9.963720e+09 
9538 0.000000e+00 0.000000e+00 1.017156e+10 
9539 0.000000e+00 0.000000e+00 1.058500e+10 
9540 0.000000e+00 0.000000e+00 1.057938e+10 
9541 0.000000e+00 0.000000e+00 1.068736e+10 
9542 0.000000e+00 0.000000e+00 1.067378e+10 
9543 0.000000e+00 0.000000e+00 1.012103e+10 
9544 0.000000e+00 0.000000e+00 1.008411e+10 
9545 0.000000e+00 0.000000e+00 1.024991e+10 
9546 0.000000e+00 0.000000e+00 1.038616e+10 
9547 0.000000e+00 0.000000e+00 1.054196e+10 
9548 0.000000e+00 0.000000e+00 1.057067e+10 
9549 0.000000e+00 0.000000e+00 1.066073e+10 
9550 0.000000e+00 0.000000e+00 1.066170e+10 
9551 0.000000e+00 0.000000e+00 1.072284e+10 
9552 0.000000e+00 0.000000e+00 9.971555e+09 
9553 0.000000e+00 0.000000e+00 9.935915e+09 
9554 0.000000e+00 0.000000e+00 9.930538e+09 
9555 0.000000e+00 0.000000e+00 9.933433e+09 
9556 0.000000e+00 0.000000e+00 9.930910e+09 
9557 0.000000e+00 0.000000e+00 9.937325e+09 
9558 0.000000e+00 0.000000e+00 9.959446e+09 
9559 0.000000e+00 0.000000e+00 1.024999e+10 
9560 0.000000e+00 0.000000e+00 1.052121e+10 
9561 0.000000e+00 0.000000e+00 1.060727e+10 
9562 0.000000e+00 0.000000e+00 1.062337e+10 
9563 0.000000e+00 0.000000e+00 1.071902e+10 
9564 0.000000e+00 0.000000e+00 1.009750e+10 
9565 0.000000e+00 0.000000e+00 1.010365e+10 
9566 0.000000e+00 0.000000e+00 1.018310e+10 
9567 0.000000e+00 0.000000e+00 1.041976e+10 
9568 0.000000e+00 0.000000e+00 1.048942e+10 
9569 0.000000e+00 0.000000e+00 1.058111e+10 
9570 0.000000e+00 0.000000e+00 1.063523e+10 
9571 0.000000e+00 0.000000e+00 1.068089e+10 
9572 0.000000e+00 0.000000e+00 1.067125e+10 
9573 0.000000e+00 0.000000e+00 1.015409e+10 
9574 0.000000e+00 0.000000e+00 1.014192e+10 
9575 0.000000e+00 0.000000e+00 1.029530e+10 
9576 0.000000e+00 0.000000e+00 1.042728e+10 
9577 0.000000e+00 0.000000e+00 1.055385e+10 
9578 0.000000e+00 0.000000e+00 1.057442e+10 
9579 0.000000e+00 0.000000e+00 1.069331e+10 
9580 0.000000e+00 0.000000e+00 1.068247e+10 
9581 0.000000e+00 0.000000e+00 1.009179e+10 
9582 0.000000e+00 0.000000e+00 1.007738e+10 
9583 0.000000e+00 0.000000e+00 1.022114e+10 
9584 0.000000e+00 0.000000e+00 1.030464e+10 
9585 0.000000e+00 0.000000e+00 1.051526e+10 
9586 0.000000e+00 0.000000e+00 1.053229e+10 
9587 0.000000e+00 0.000000e+00 1.065182e+10 
9588 0.000000e+00 0.000000e+00 1.065740e+10 
9589 0.000000e+00 0.000000e+00 1.072991e+10 
9590 0.000000e+00 0.000000e+00 1.011047e+10 
9591 0.000000e+00 0.000000e+00 1.012801e+10 
9592 0.000000e+00 0.000000e+00 1.022540e+10 
9593 0.000000e+00 0.000000e+00 1.043076e+10 
9594 0.000000e+00 0.000000e+00 1.050201e+10 
9595 0.000000e+00 0.000000e+00 1.061029e+10 
9596 0.000000e+00 0.000000e+00 1.059650e+10 
9597 0.000000e+00 0.000000e+00 1.073982e+10 
9598 0.000000e+00 0.000000e+00 1.005892e+10 
9599 0.000000e+00 0.000000e+00 1.007653e+10 
9600 0.000000e+00 0.000000e+00 1.012195e+10 
9601 0.000000e+00 0.000000e+00 1.030565e+10 
9602 0.000000e+00 0.000000e+00 1.039753e+10 
9603 0.000000e+00 0.000000e+00 1.056529e+10 
9604 0.000000e+00 0.000000e+00 1.059063e+10 
9605 0.000000e+00 0.000000e+00 1.068860e+10 
9606 0.000000e+00 0.000000e+00 1.066809e+10 
9607 0.000000e+00 0.000000e+00 1.012829e+10 
9608 0.000000e+00 0.000000e+00 1.009119e+10 
9609 0.000000e+00 0.000000e+00 1.023640e+10 
9610 0.000000e+00 0.000000e+00 1.035244e+10 
9611 0.000000e+00 0.000000e+00 1.052371e+10 
9612 0.000000e+00 0.000000e+00 1.057997e+10 
9613 0.000000e+00 0.000000e+00 1.064371e+10 
9614 0.000000e+00 0.000000e+00 1.068918e+10 
9615 0.000000e+00 0.000000e+00 1.074501e+10 
9616 0.000000e+00 0.000000e+00 9.970937e+09 
9617 0.000000e+00 0.000000e+00 9.932629e+09 
9618 0.000000e+00 0.000000e+00 9.927755e+09 
9619 0.000000e+00 0.000000e+00 9.927037e+09 
9620 0.000000e+00 0.000000e+00 9.927844e+09 
9621 0.000000e+00 0.000000e+00 9.927646e+09 
9622 0.000000e+00 0.000000e+00 9.950280e+09 
9623 0.000000e+00 0.000000e+00 1.006432e+10 
9624 0.000000e+00 0.000000e+00 1.039354e+10 
9625 0.000000e+00 0.000000e+00 1.057530e+10 
9626 0.000000e+00 0.000000e+00 1.070417e+10 
9627 0.000000e+00 0.000000e+00 1.067744e+10 
9628 0.000000e+00 0.000000e+00 9.972324e+09 
9629 0.000000e+00 0.000000e+00 9.931071e+09 
9630 0.000000e+00 0.000000e+00 9.934182e+09 
9631 0.000000e+00 0.000000e+00 9.933308e+09 
9632 0.000000e+00 0.000000e+00 9.928857e+09 
9633 0.000000e+00 0.000000e+00 9.929008e+09 
9634 0.000000e+00 0.000000e+00 9.934045e+09 
9635 0.000000e+00 0.000000e+00 9.951539e+09 
9636 0.000000e+00 0.000000e+00 1.033943e+10 
9637 0.000000e+00 0.000000e+00 1.057209e+10 
9638 0.000000e+00 0.000000e+00 1.065662e+10 
9639 0.000000e+00 0.000000e+00 1.065310e+10 
9640 0.000000e+00 0.000000e+00 1.007115e+10 
9641 0.000000e+00 0.000000e+00 1.004979e+10 
9642 0.000000e+00 0.000000e+00 1.013664e+10 
9643 0.000000e+00 0.000000e+00 1.028826e+10 
9644 0.000000e+00 0.000000e+00 1.046786e+10 
9645 0.000000e+00 0.000000e+00 1.054916e+10 
9646 0.000000e+00 0.000000e+00 1.062296e+10 
9647 0.000000e+00 0.000000e+00 1.068106e+10 
9648 0.000000e+00 0.000000e+00 1.068506e+10 
9649 0.000000e+00 0.000000e+00 1.011646e+10 
9650 0.000000e+00 0.000000e+00 1.009411e+10 
9651 0.000000e+00 0.000000e+00 1.021323e+10 
9652 0.000000e+00 0.000000e+00 1.036182e+10 
9653 0.000000e+00 0.000000e+00 1.047317e+10 
9654 0.000000e+00 0.000000e+00 1.056370e+10 
9655 0.000000e+00 0.000000e+00 1.065305e+10 
9656 0.000000e+00 0.000000e+00 1.066329e+10 
9657 0.000000e+00 0.000000e+00 1.070596e+10 
9658 0.000000e+00 0.000000e+00 9.962680e+09 
9659 0.000000e+00 0.000000e+00 9.928847e+09 
9660 0.000000e+00 0.000000e+00 9.926939e+09 
9661 0.000000e+00 0.000000e+00 9.927207e+09 
9662 0.000000e+00 0.000000e+00 9.928287e+09 
9663 0.000000e+00 0.000000e+00 9.927157e+09 
9664 0.000000e+00 0.000000e+00 9.948449e+09 
9665 0.000000e+00 0.000000e+00 1.014593e+10 
9666 0.000000e+00 0.000000e+00 1.055383e+10 
9667 0.000000e+00 0.000000e+00 1.058297e+10 
9668 0.000000e+00 0.000000e+00 1.071522e+10 
9669 0.000000e+00 0.000000e+00 1.064594e+10 
9670 0.000000e+00 0.000000e+00 9.969664e+09 
9671 0.000000e+00 0.000000e+00 9.930148e+09 
9672 0.000000e+00 0.000000e+00 9.926736e+09 
9673 0.000000e+00 0.000000e+00 9.926906e+09 
9674 0.000000e+00 0.000000e+00 9.926580e+09 
9675 0.000000e+00 0.000000e+00 9.927641e+09 
9676 0.000000e+00 0.000000e+00 9.929243e+09 
9677 0.000000e+00 0.000000e+00 9.993422e+09 
9678 0.000000e+00 0.000000e+00 1.014807e+10 
9679 0.000000e+00 0.000000e+00 1.049139e+10 
9680 0.000000e+00 0.000000e+00 1.062560e+10 
9681 0.000000e+00 0.000000e+00 1.074190e+10 
9682 0.000000e+00 0.000000e+00 1.005649e+10 
9683 0.000000e+00 0.000000e+00 1.003740e+10 
9684 0.000000e+00 0.000000e+00 1.010154e+10 
9685 0.000000e+00 0.000000e+00 1.027545e+10 
9686 0.000000e+00 0.000000e+00 1.043432e+10 
9687 0.000000e+00 0.000000e+00 1.052947e+10 
9688 0.000000e+00 0.000000e+00 1.057258e+10 
9689 0.000000e+00 0.000000e+00 1.065923e+10 
9690 0.000000e+00 0.000000e+00 1.067977e+10 
9691 0.000000e+00 0.000000e+00 9.974202e+09 
9692 0.000000e+00 0.000000e+00 9.932580e+09 
9693 0.000000e+00 0.000000e+00 9.926762e+09 
9694 0.000000e+00 0.000000e+00 9.927389e+09 
9695 0.000000e+00 0.000000e+00 9.927286e+09 
9696 0.000000e+00 0.000000e+00 9.927548e+09 
9697 0.000000e+00 0.000000e+00 9.926588e+09 
9698 0.000000e+00 0.000000e+00 9.953534e+09 
9699 0.000000e+00 0.000000e+00 1.023711e+10 
9700 0.000000e+00 0.000000e+00 1.059524e+10 
9701 0.000000e+00 0.000000e+00 1.063038e+10 
9702 0.000000e+00 0.000000e+00 1.070892e+10 
9703 0.000000e+00 0.000000e+00 1.000634e+10 
9704 0.000000e+00 0.000000e+00 9.944126e+09 
9705 0.000000e+00 0.000000e+00 9.928352e+09 
9706 0.000000e+00 0.000000e+00 9.926805e+09 
9707 0.000000e+00 0.000000e+00 9.927107e+09 
9708 0.000000e+00 0.000000e+00 9.927081e+09 
9709 0.000000e+00 0.000000e+00 9.927035e+09 
9710 0.000000e+00 0.000000e+00 9.929333e+09 
9711 0.000000e+00 0.000000e+00 9.981416e+09 
9712 0.000000e+00 0.000000e+00 1.037734e+10 
9713 0.000000e+00 0.000000e+00 1.062360e+10 
9714 0.000000e+00 0.000000e+00 1.065567e+10 
9715 0.000000e+00 0.000000e+00 1.070305e+10 
9716 0.000000e+00 0.000000e+00 9.977239e+09 
9717 0.000000e+00 0.000000e+00 9.934573e+09 
9718 0.000000e+00 0.000000e+00 9.927981e+09 
9719 0.000000e+00 0.000000e+00 9.926910e+09 
9720 0.000000e+00 0.000000e+00 9.927511e+09 
9721 0.000000e+00 0.000000e+00 9.927340e+09 
9722 0.000000e+00 0.000000e+00 9.930193e+09 
9723 0.000000e+00 0.000000e+00 9.962867e+09 
9724 0.000000e+00 0.000000e+00 1.025580e+10 
9725 0.000000e+00 0.000000e+00 1.047200e+10 
9726 0.000000e+00 0.000000e+00 1.064718e+10 
9727 0.000000e+00 0.000000e+00 1.065761e+10 
9728 0.000000e+00 0.000000e+00 1.070840e+10 
9729 0.000000e+00 0.000000e+00 9.965043e+09 
9730 0.000000e+00 0.000000e+00 9.930202e+09 
9731 0.000000e+00 0.000000e+00 9.927272e+09 
9732 0.000000e+00 0.000000e+00 9.927665e+09 
9733 0.000000e+00 0.000000e+00 9.927770e+09 
9734 0.000000e+00 0.000000e+00 9.936842e+09 
9735 0.000000e+00 0.000000e+00 9.995011e+09 
9736 0.000000e+00 0.000000e+00 1.022851e+10 
9737 0.000000e+00 0.000000e+00 1.037649e+10 
9738 0.000000e+00 0.000000e+00 1.064714e+10 
9739 0.000000e+00 0.000000e+00 1.067794e+10 
9740 0.000000e+00 0.000000e+00 1.073212e+10 
9741 0.000000e+00 0.000000e+00 9.974345e+09 
9742 0.000000e+00 0.000000e+00 9.932849e+09 
9743 0.000000e+00 0.000000e+00 9.926947e+09 
9744 0.000000e+00 0.000000e+00 9.927467e+09 
9745 0.000000e+00 0.000000e+00 9.927296e+09 
9746 0.000000e+00 0.000000e+00 9.927049e+09 
9747 0.000000e+00 0.000000e+00 9.928524e+09 
9748 0.000000e+00 0.000000e+00 9.947003e+09 
9749 0.000000e+00 0.000000e+00 1.036892e+10 
9750 0.000000e+00 0.000000e+00 1.056632e+10 
9751 0.000000e+00 0.000000e+00 1.068690e+10 
9752 0.000000e+00 0.000000e+00 1.067198e+10 
9753 0.000000e+00 0.000000e+00 9.971392e+09 
9754 0.000000e+00 0.000000e+00 9.930975e+09 
9755 0.000000e+00 0.000000e+00 9.927216e+09 
9756 0.000000e+00 0.000000e+00 9.927197e+09 
9757 0.000000e+00 0.000000e+00 9.927363e+09 
9758 0.000000e+00 0.000000e+00 9.926972e+09 
9759 0.000000e+00 0.000000e+00 9.929767e+09 
9760 0.000000e+00 0.000000e+00 9.951845e+09 
9761 0.000000e+00 0.000000e+00 1.015714e+10 
9762 0.000000e+00 0.000000e+00 1.049882e+10 
9763 0.000000e+00 0.000000e+00 1.068537e+10 
9764 0.000000e+00 0.000000e+00 1.063003e+10 
9765 0.000000e+00 0.000000e+00 1.072844e+10 
9766 0.000000e+00 0.000000e+00 9.969307e+09 
9767 0.000000e+00 0.000000e+00 9.930403e+09 
9768 0.000000e+00 0.000000e+00 9.927015e+09 
9769 0.000000e+00 0.000000e+00 9.926819e+09 
9770 0.000000e+00 0.000000e+00 9.927356e+09 
9771 0.000000e+00 0.000000e+00 9.927428e+09 
9772 0.000000e+00 0.000000e+00 9.937909e+09 
9773 0.000000e+00 0.000000e+00 1.005670e+10 
9774 0.000000e+00 0.000000e+00 1.051099e+10 
9775 0.000000e+00 0.000000e+00 1.060590e+10 
9776 0.000000e+00 0.000000e+00 1.068870e+10 
9777 0.000000e+00 0.000000e+00 1.067427e+10 
9778 0.000000e+00 0.000000e+00 1.012596e+10 
9779 0.000000e+00 0.000000e+00 1.009380e+10 
9780 0.000000e+00 0.000000e+00 1.022779e+10 
9781 0.000000e+00 0.000000e+00 1.037697e+10 
9782 0.000000e+00 0.000000e+00 1.052954e+10 
9783 0.000000e+00 0.000000e+00 1.058561e+10 
9784 0.000000e+00 0.000000e+00 1.064101e+10 
9785 0.000000e+00 0.000000e+00 1.065174e+10 
9786 0.000000e+00 0.000000e+00 1.074273e+10 
9787 0.000000e+00 0.000000e+00 9.969284e+09 
9788 0.000000e+00 0.000000e+00 9.932924e+09 
9789 0.000000e+00 0.000000e+00 9.927098e+09 
9790 0.000000e+00 0.000000e+00 9.926842e+09 
9791 0.000000e+00 0.000000e+00 9.927719e+09 
9792 0.000000e+00 0.000000e+00 9.927690e+09 
9793 0.000000e+00 0.000000e+00 9.940922e+09 
9794 0.000000e+00 0.000000e+00 1.010231e+10 
9795 0.000000e+00 0.000000e+00 1.049817e+10 
9796 0.000000e+00 0.000000e+00 1.059573e+10 
9797 0.000000e+00 0.000000e+00 1.068965e+10 
9798 0.000000e+00 0.000000e+00 1.066657e+10 
9799 0.000000e+00 0.000000e+00 1.053414e+10 
9800 0.000000e+00 0.000000e+00 1.057033e+10 
9801 0.000000e+00 0.000000e+00 1.062033e+10 
9802 0.000000e+00 0.000000e+00 1.065532e+10 
9803 0.000000e+00 0.000000e+00 1.072100e+10 
9804 0.000000e+00 0.000000e+00 9.971535e+09 
9805 0.000000e+00 0.000000e+00 9.931875e+09 
9806 0.000000e+00 0.000000e+00 9.926763e+09 
9807 0.000000e+00 0.000000e+00 9.927044e+09 
9808 0.000000e+00 0.000000e+00 9.926847e+09 
9809 0.000000e+00 0.000000e+00 9.927435e+09 
9810 0.000000e+00 0.000000e+00 9.927739e+09 
9811 0.000000e+00 0.000000e+00 9.976313e+09 
9812 0.000000e+00 0.000000e+00 1.032872e+10 
9813 0.000000e+00 0.000000e+00 1.061446e+10 
9814 0.000000e+00 0.000000e+00 1.063358e+10 
9815 0.000000e+00 0.000000e+00 1.068013e+10 
9816 0.000000e+00 0.000000e+00 1.008974e+10 
9817 0.000000e+00 0.000000e+00 1.007744e+10 
9818 0.000000e+00 0.000000e+00 1.021847e+10 
9819 0.000000e+00 0.000000e+00 1.036257e+10 
9820 0.000000e+00 0.000000e+00 1.044671e+10 
9821 0.000000e+00 0.000000e+00 1.057635e+10 
9822 0.000000e+00 0.000000e+00 1.060289e+10 
9823 0.000000e+00 0.000000e+00 1.069468e+10 
9824 0.000000e+00 0.000000e+00 1.069003e+10 
9825 0.000000e+00 0.000000e+00 9.967444e+09 
9826 0.000000e+00 0.000000e+00 9.928263e+09 
9827 0.000000e+00 0.000000e+00 9.927088e+09 
9828 0.000000e+00 0.000000e+00 9.929847e+09 
9829 0.000000e+00 0.000000e+00 9.927783e+09 
9830 0.000000e+00 0.000000e+00 9.931515e+09 
9831 0.000000e+00 0.000000e+00 9.935944e+09 
9832 0.000000e+00 0.000000e+00 1.009079e+10 
9833 0.000000e+00 0.000000e+00 1.034586e+10 
9834 0.000000e+00 0.000000e+00 1.061629e+10 
9835 0.000000e+00 0.000000e+00 1.065200e+10 
9836 0.000000e+00 0.000000e+00 1.071487e+10 
9837 0.000000e+00 0.000000e+00 1.066509e+10 
9838 0.000000e+00 0.000000e+00 9.954214e+09 
9839 0.000000e+00 0.000000e+00 9.928709e+09 
9840 0.000000e+00 0.000000e+00 9.928347e+09 
9841 0.000000e+00 0.000000e+00 9.927402e+09 
9842 0.000000e+00 0.000000e+00 9.928764e+09 
9843 0.000000e+00 0.000000e+00 9.937246e+09 
9844 0.000000e+00 0.000000e+00 1.001971e+10 
9845 0.000000e+00 0.000000e+00 1.031902e+10 
9846 0.000000e+00 0.000000e+00 1.059687e+10 
9847 0.000000e+00 0.000000e+00 1.064941e+10 
9848 0.000000e+00 0.000000e+00 1.066915e+10 
9849 0.000000e+00 0.000000e+00 1.007132e+10 
9850 0.000000e+00 0.000000e+00 1.003550e+10 
9851 0.000000e+00 0.000000e+00 1.013575e+10 
9852 0.000000e+00 0.000000e+00 1.029581e+10 
9853 0.000000e+00 0.000000e+00 1.043703e+10 
9854 0.000000e+00 0.000000e+00 1.053711e+10 
9855 0.000000e+00 0.000000e+00 1.063275e+10 
9856 0.000000e+00 0.000000e+00 1.064381e+10 
9857 0.000000e+00 0.000000e+00 1.069102e+10 
9858 0.000000e+00 0.000000e+00 1.010521e+10 
9859 0.000000e+00 0.000000e+00 1.008308e+10 
9860 0.000000e+00 0.000000e+00 1.018524e+10 
9861 0.000000e+00 0.000000e+00 1.033898e+10 
9862 0.000000e+00 0.000000e+00 1.048127e+10 
9863 0.000000e+00 0.000000e+00 1.055652e+10 
9864 0.000000e+00 0.000000e+00 1.065770e+10 
9865 0.000000e+00 0.000000e+00 1.066426e+10 
9866 0.000000e+00 0.000000e+00 1.045512e+10 
9867 0.000000e+00 0.000000e+00 1.051585e+10 
9868 0.000000e+00 0.000000e+00 1.059273e+10 
9869 0.000000e+00 0.000000e+00 1.064539e+10 
9870 0.000000e+00 0.000000e+00 1.069957e+10 
9871 0.000000e+00 0.000000e+00 1.047394e+10 
9872 0.000000e+00 0.000000e+00 1.052319e+10 
9873 0.000000e+00 0.000000e+00 1.061287e+10 
9874 0.000000e+00 0.000000e+00 1.063386e+10 
9875 0.000000e+00 0.000000e+00 1.069135e+10 
9876 0.000000e+00 0.000000e+00 1.069889e+10 
9877 0.000000e+00 0.000000e+00 9.964923e+09 
9878 0.000000e+00 0.000000e+00 9.930954e+09 
9879 0.000000e+00 0.000000e+00 9.926800e+09 
9880 0.000000e+00 0.000000e+00 9.927487e+09 
9881 0.000000e+00 0.000000e+00 9.926896e+09 
9882 0.000000e+00 0.000000e+00 9.932930e+09 
9883 0.000000e+00 0.000000e+00 9.979401e+09 
9884 0.000000e+00 0.000000e+00 1.033672e+10 
9885 0.000000e+00 0.000000e+00 1.052753e+10 
9886 0.000000e+00 0.000000e+00 1.065974e+10 
9887 0.000000e+00 0.000000e+00 1.067195e+10 
9888 0.000000e+00 0.000000e+00 1.073010e+10 
9889 0.000000e+00 0.000000e+00 9.978962e+09 
9890 0.000000e+00 0.000000e+00 9.933129e+09 
9891 0.000000e+00 0.000000e+00 9.926725e+09 
9892 0.000000e+00 0.000000e+00 9.926967e+09 
9893 0.000000e+00 0.000000e+00 9.926981e+09 
9894 0.000000e+00 0.000000e+00 9.927025e+09 
9895 0.000000e+00 0.000000e+00 9.927557e+09 
9896 0.000000e+00 0.000000e+00 9.962557e+09 
9897 0.000000e+00 0.000000e+00 1.035483e+10 
9898 0.000000e+00 0.000000e+00 1.065117e+10 
9899 0.000000e+00 0.000000e+00 1.062996e+10 
9900 0.000000e+00 0.000000e+00 1.070004e+10 
9901 0.000000e+00 0.000000e+00 9.987812e+09 
9902 0.000000e+00 0.000000e+00 9.936357e+09 
9903 0.000000e+00 0.000000e+00 9.928959e+09 
9904 0.000000e+00 0.000000e+00 9.926788e+09 
9905 0.000000e+00 0.000000e+00 9.927470e+09 
9906 0.000000e+00 0.000000e+00 9.927310e+09 
9907 0.000000e+00 0.000000e+00 9.927333e+09 
9908 0.000000e+00 0.000000e+00 9.931259e+09 
9909 0.000000e+00 0.000000e+00 1.002975e+10 
9910 0.000000e+00 0.000000e+00 1.053433e+10 
9911 0.000000e+00 0.000000e+00 1.064908e+10 
9912 0.000000e+00 0.000000e+00 1.068032e+10 
9913 0.000000e+00 0.000000e+00 1.071004e+10 
9914 0.000000e+00 0.000000e+00 9.967529e+09 
9915 0.000000e+00 0.000000e+00 9.931326e+09 
9916 0.000000e+00 0.000000e+00 9.926786e+09 
9917 0.000000e+00 0.000000e+00 9.927005e+09 
9918 0.000000e+00 0.000000e+00 9.926637e+09 
9919 0.000000e+00 0.000000e+00 9.929688e+09 
9920 0.000000e+00 0.000000e+00 9.943635e+09 
9921 0.000000e+00 0.000000e+00 1.020555e+10 
9922 0.000000e+00 0.000000e+00 1.052440e+10 
9923 0.000000e+00 0.000000e+00 1.062998e+10 
9924 0.000000e+00 0.000000e+00 1.065077e+10 
9925 0.000000e+00 0.000000e+00 1.069661e+10 
9926 0.000000e+00 0.000000e+00 9.982588e+09 
9927 0.000000e+00 0.000000e+00 9.934182e+09 
9928 0.000000e+00 0.000000e+00 9.927771e+09 
9929 0.000000e+00 0.000000e+00 9.926499e+09 
9930 0.000000e+00 0.000000e+00 9.927435e+09 
9931 0.000000e+00 0.000000e+00 9.926846e+09 
9932 0.000000e+00 0.000000e+00 9.930337e+09 
9933 0.000000e+00 0.000000e+00 9.969472e+09 
9934 0.000000e+00 0.000000e+00 1.024344e+10 
9935 0.000000e+00 0.000000e+00 1.058087e+10 
9936 0.000000e+00 0.000000e+00 1.066207e+10 
9937 0.000000e+00 0.000000e+00 1.068548e+10 
9938 0.000000e+00 0.000000e+00 1.006813e+10 
9939 0.000000e+00 0.000000e+00 1.006569e+10 
9940 0.000000e+00 0.000000e+00 1.015907e+10 
9941 0.000000e+00 0.000000e+00 1.029840e+10 
9942 0.000000e+00 0.000000e+00 1.047056e+10 
9943 0.000000e+00 0.000000e+00 1.056916e+10 
9944 0.000000e+00 0.000000e+00 1.063170e+10 
9945 0.000000e+00 0.000000e+00 1.066666e+10 
9946 0.000000e+00 0.000000e+00 1.071044e+10 
9947 0.000000e+00 0.000000e+00 9.977048e+09 
9948 0.000000e+00 0.000000e+00 9.934243e+09 
9949 0.000000e+00 0.000000e+00 9.926782e+09 
9950 0.000000e+00 0.000000e+00 9.926853e+09 
9951 0.000000e+00 0.000000e+00 9.927093e+09 
9952 0.000000e+00 0.000000e+00 9.926895e+09 
9953 0.000000e+00 0.000000e+00 9.927300e+09 
9954 0.000000e+00 0.000000e+00 9.927725e+09 
9955 0.000000e+00 0.000000e+00 1.000012e+10 
9956 0.000000e+00 0.000000e+00 1.051331e+10 
9957 0.000000e+00 0.000000e+00 1.068198e+10 
9958 0.000000e+00 0.000000e+00 1.065629e+10 
9959 0.000000e+00 0.000000e+00 1.073662e+10 
9960 0.000000e+00 0.000000e+00 9.965157e+09 
9961 0.000000e+00 0.000000e+00 9.929984e+09 
9962 0.000000e+00 0.000000e+00 9.927095e+09 
9963 0.000000e+00 0.000000e+00 9.926709e+09 
9964 0.000000e+00 0.000000e+00 9.927694e+09 
9965 0.000000e+00 0.000000e+00 9.927054e+09 
9966 0.000000e+00 0.000000e+00 9.962804e+09 
9967 0.000000e+00 0.000000e+00 1.021080e+10 
9968 0.000000e+00 0.000000e+00 1.058891e+10 
9969 0.000000e+00 0.000000e+00 1.059562e+10 
9970 0.000000e+00 0.000000e+00 1.068120e+10 
9971 0.000000e+00 0.000000e+00 1.066814e+10 
9972 0.000000e+00 0.000000e+00 1.016379e+10 
9973 0.000000e+00 0.000000e+00 1.012580e+10 
9974 0.000000e+00 0.000000e+00 1.028626e+10 
9975 0.000000e+00 0.000000e+00 1.040328e+10 
9976 0.000000e+00 0.000000e+00 1.051100e+10 
9977 0.000000e+00 0.000000e+00 1.054979e+10 
9978 0.000000e+00 0.000000e+00 1.068408e+10 
9979 0.000000e+00 0.000000e+00 1.064809e+10 
9980 0.000000e+00 0.000000e+00 1.073959e+10 
9981 0.000000e+00 0.000000e+00 9.964398e+09 
9982 0.000000e+00 0.000000e+00 9.931671e+09 
9983 0.000000e+00 0.000000e+00 9.926866e+09 
9984 0.000000e+00 0.000000e+00 9.927643e+09 
9985 0.000000e+00 0.000000e+00 9.926982e+09 
9986 0.000000e+00 0.000000e+00 9.930333e+09 
9987 0.000000e+00 0.000000e+00 9.953053e+09 
9988 0.000000e+00 0.000000e+00 1.023127e+10 
9989 0.000000e+00 0.000000e+00 1.038889e+10 
9990 0.000000e+00 0.000000e+00 1.064504e+10 
9991 0.000000e+00 0.000000e+00 1.067599e+10 
9992 0.000000e+00 0.000000e+00 1.003937e+10 
9993 0.000000e+00 0.000000e+00 9.995685e+09 
9994 0.000000e+00 0.000000e+00 1.005909e+10 
9995 0.000000e+00 0.000000e+00 1.017205e+10 
9996 0.000000e+00 0.000000e+00 1.042731e+10 
9997 0.000000e+00 0.000000e+00 1.053276e+10 
9998 0.000000e+00 0.000000e+00 1.061057e+10 
9999 0.000000e+00 0.000000e+00 1.060719e+10 
10000 0.000000e+00 0.000000e+00 1.069622e+10 
10001 0.000000e+00 0.000000e+00 1.067122e+10 
10002 0.000000e+00 0.000000e+00 9.956299e+09 
10003 0.000000e+00 0.000000e+00 9.928411e+09 
10004 0.000000e+00 0.000000e+00 9.927309e+09 
10005 0.000000e+00 0.000000e+00 9.927116e+09 
10006 0.000000e+00 0.000000e+00 9.927389e+09 
10007 0.000000e+00 0.000000e+00 9.928834e+09 
10008 0.000000e+00 0.000000e+00 9.950233e+09 
10009 0.000000e+00 0.000000e+00 1.017489e+10 
10010 0.000000e+00 0.000000e+00 1.056066e+10 
10011 0.000000e+00 0.000000e+00 1.061403e+10 
10012 0.000000e+00 0.000000e+00 1.066091e+10 
10013 0.000000e+00 0.000000e+00 1.069866e+10 
10014 0.000000e+00 0.000000e+00 1.012451e+10 
10015 0.000000e+00 0.000000e+00 1.013958e+10 
10016 0.000000e+00 0.000000e+00 1.023404e+10 
10017 0.000000e+00 0.000000e+00 1.041825e+10 
10018 0.000000e+00 0.000000e+00 1.051331e+10 
10019 0.000000e+00 0.000000e+00 1.057491e+10 
10020 0.000000e+00 0.000000e+00 1.060726e+10 
10021 0.000000e+00 0.000000e+00 1.068103e+10 
10022 0.000000e+00 0.000000e+00 1.067545e+10 
10023 0.000000e+00 0.000000e+00 9.954015e+09 
10024 0.000000e+00 0.000000e+00 9.927616e+09 
10025 0.000000e+00 0.000000e+00 9.926888e+09 
10026 0.000000e+00 0.000000e+00 9.927372e+09 
10027 0.000000e+00 0.000000e+00 9.926950e+09 
10028 0.000000e+00 0.000000e+00 9.927650e+09 
10029 0.000000e+00 0.000000e+00 9.929824e+09 
10030 0.000000e+00 0.000000e+00 9.994105e+09 
10031 0.000000e+00 0.000000e+00 1.040095e+10 
10032 0.000000e+00 0.000000e+00 1.066213e+10 
10033 0.000000e+00 0.000000e+00 1.064451e+10 
10034 0.000000e+00 0.000000e+00 1.072068e+10 
10035 0.000000e+00 0.000000e+00 1.012985e+10 
10036 0.000000e+00 0.000000e+00 1.013421e+10 
10037 0.000000e+00 0.000000e+00 1.025074e+10 
10038 0.000000e+00 0.000000e+00 1.044504e+10 
10039 0.000000e+00 0.000000e+00 1.051426e+10 
10040 0.000000e+00 0.000000e+00 1.059952e+10 
10041 0.000000e+00 0.000000e+00 1.062002e+10 
10042 0.000000e+00 0.000000e+00 1.068749e+10 
10043 0.000000e+00 0.000000e+00 1.069738e+10 
10044 0.000000e+00 0.000000e+00 9.960650e+09 
10045 0.000000e+00 0.000000e+00 9.927926e+09 
10046 0.000000e+00 0.000000e+00 9.927031e+09 
10047 0.000000e+00 0.000000e+00 9.926945e+09 
10048 0.000000e+00 0.000000e+00 9.927251e+09 
10049 0.000000e+00 0.000000e+00 9.927322e+09 
10050 0.000000e+00 0.000000e+00 9.938894e+09 
10051 0.000000e+00 0.000000e+00 1.012889e+10 
10052 0.000000e+00 0.000000e+00 1.047809e+10 
10053 0.000000e+00 0.000000e+00 1.062871e+10 
10054 0.000000e+00 0.000000e+00 1.068971e+10 
10055 0.000000e+00 0.000000e+00 1.003146e+10 
10056 0.000000e+00 0.000000e+00 1.000863e+10 
10057 0.000000e+00 0.000000e+00 1.008752e+10 
10058 0.000000e+00 0.000000e+00 1.023963e+10 
10059 0.000000e+00 0.000000e+00 1.037962e+10 
10060 0.000000e+00 0.000000e+00 1.048990e+10 
10061 0.000000e+00 0.000000e+00 1.059824e+10 
10062 0.000000e+00 0.000000e+00 1.068141e+10 
10063 0.000000e+00 0.000000e+00 1.066677e+10 
10064 0.000000e+00 0.000000e+00 1.007438e+10 
10065 0.000000e+00 0.000000e+00 1.005163e+10 
10066 0.000000e+00 0.000000e+00 1.016273e+10 
10067 0.000000e+00 0.000000e+00 1.029803e+10 
10068 0.000000e+00 0.000000e+00 1.043547e+10 
10069 0.000000e+00 0.000000e+00 1.054729e+10 
10070 0.000000e+00 0.000000e+00 1.062241e+10 
10071 0.000000e+00 0.000000e+00 1.064778e+10 
10072 0.000000e+00 0.000000e+00 1.069972e+10 
10073 0.000000e+00 0.000000e+00 1.010940e+10 
10074 0.000000e+00 0.000000e+00 1.009240e+10 
10075 0.000000e+00 0.000000e+00 1.020920e+10 
10076 0.000000e+00 0.000000e+00 1.035631e+10 
10077 0.000000e+00 0.000000e+00 1.048224e+10 
10078 0.000000e+00 0.000000e+00 1.056503e+10 
10079 0.000000e+00 0.000000e+00 1.060728e+10 
10080 0.000000e+00 0.000000e+00 1.069647e+10 
10081 0.000000e+00 0.000000e+00 1.004558e+10 
10082 0.000000e+00 0.000000e+00 1.002585e+10 
10083 0.000000e+00 0.000000e+00 1.010657e+10 
10084 0.000000e+00 0.000000e+00 1.024705e+10 
10085 0.000000e+00 0.000000e+00 1.039553e+10 
10086 0.000000e+00 0.000000e+00 1.054196e+10 
10087 0.000000e+00 0.000000e+00 1.057103e+10 
10088 0.000000e+00 0.000000e+00 1.068405e+10 
10089 0.000000e+00 0.000000e+00 1.068431e+10 
10090 0.000000e+00 0.000000e+00 1.053311e+10 
10091 0.000000e+00 0.000000e+00 1.051593e+10 
10092 0.000000e+00 0.000000e+00 1.063793e+10 
10093 0.000000e+00 0.000000e+00 1.063485e+10 
10094 0.000000e+00 0.000000e+00 1.072432e+10 
10095 0.000000e+00 0.000000e+00 9.979360e+09 
10096 0.000000e+00 0.000000e+00 9.934509e+09 
10097 0.000000e+00 0.000000e+00 9.927375e+09 
10098 0.000000e+00 0.000000e+00 9.926709e+09 
10099 0.000000e+00 0.000000e+00 9.927053e+09 
10100 0.000000e+00 0.000000e+00 9.926939e+09 
10101 0.000000e+00 0.000000e+00 9.930308e+09 
10102 0.000000e+00 0.000000e+00 9.963664e+09 
10103 0.000000e+00 0.000000e+00 1.024958e+10 
10104 0.000000e+00 0.000000e+00 1.047376e+10 
10105 0.000000e+00 0.000000e+00 1.066509e+10 
10106 0.000000e+00 0.000000e+00 1.066610e+10 
10107 0.000000e+00 0.000000e+00 1.074953e+10 
10108 0.000000e+00 0.000000e+00 9.964900e+09 
10109 0.000000e+00 0.000000e+00 9.932815e+09 
10110 0.000000e+00 0.000000e+00 9.926755e+09 
10111 0.000000e+00 0.000000e+00 9.927348e+09 
10112 0.000000e+00 0.000000e+00 9.927822e+09 
10113 0.000000e+00 0.000000e+00 9.927389e+09 
10114 0.000000e+00 0.000000e+00 9.953131e+09 
10115 0.000000e+00 0.000000e+00 1.020219e+10 
10116 0.000000e+00 0.000000e+00 1.045927e+10 
10117 0.000000e+00 0.000000e+00 1.059344e+10 
10118 0.000000e+00 0.000000e+00 1.066097e+10 
10119 0.000000e+00 0.000000e+00 1.004278e+10 
10120 0.000000e+00 0.000000e+00 1.000907e+10 
10121 0.000000e+00 0.000000e+00 1.005196e+10 
10122 0.000000e+00 0.000000e+00 1.017496e+10 
10123 0.000000e+00 0.000000e+00 1.036434e+10 
10124 0.000000e+00 0.000000e+00 1.055106e+10 
10125 0.000000e+00 0.000000e+00 1.054211e+10 
10126 0.000000e+00 0.000000e+00 1.067426e+10 
10127 0.000000e+00 0.000000e+00 1.066282e+10 
10128 0.000000e+00 0.000000e+00 1.049601e+10 
10129 0.000000e+00 0.000000e+00 1.051059e+10 
10130 0.000000e+00 0.000000e+00 1.062857e+10 
10131 0.000000e+00 0.000000e+00 1.064226e+10 
10132 0.000000e+00 0.000000e+00 1.067661e+10 
10133 0.000000e+00 0.000000e+00 1.047147e+10 
10134 0.000000e+00 0.000000e+00 1.056647e+10 
10135 0.000000e+00 0.000000e+00 1.056684e+10 
10136 0.000000e+00 0.000000e+00 1.066873e+10 
10137 0.000000e+00 0.000000e+00 1.067277e+10 
10138 0.000000e+00 0.000000e+00 1.009980e+10 
10139 0.000000e+00 0.000000e+00 1.008625e+10 
10140 0.000000e+00 0.000000e+00 1.020971e+10 
10141 0.000000e+00 0.000000e+00 1.033166e+10 
10142 0.000000e+00 0.000000e+00 1.050131e+10 
10143 0.000000e+00 0.000000e+00 1.054459e+10 
10144 0.000000e+00 0.000000e+00 1.066454e+10 
10145 0.000000e+00 0.000000e+00 1.062829e+10 
10146 0.000000e+00 0.000000e+00 1.073031e+10 
10147 0.000000e+00 0.000000e+00 9.972608e+09 
10148 0.000000e+00 0.000000e+00 9.931805e+09 
10149 0.000000e+00 0.000000e+00 9.927108e+09 
10150 0.000000e+00 0.000000e+00 9.927041e+09 
10151 0.000000e+00 0.000000e+00 9.927603e+09 
10152 0.000000e+00 0.000000e+00 9.926849e+09 
10153 0.000000e+00 0.000000e+00 9.928436e+09 
10154 0.000000e+00 0.000000e+00 9.943831e+09 
10155 0.000000e+00 0.000000e+00 1.028561e+10 
10156 0.000000e+00 0.000000e+00 1.060380e+10 
10157 0.000000e+00 0.000000e+00 1.064260e+10 
10158 0.000000e+00 0.000000e+00 1.069394e+10 
10159 0.000000e+00 0.000000e+00 9.981247e+09 
10160 0.000000e+00 0.000000e+00 9.938679e+09 
10161 0.000000e+00 0.000000e+00 9.928294e+09 
10162 0.000000e+00 0.000000e+00 9.926978e+09 
10163 0.000000e+00 0.000000e+00 9.926945e+09 
10164 0.000000e+00 0.000000e+00 9.927014e+09 
10165 0.000000e+00 0.000000e+00 9.929133e+09 
10166 0.000000e+00 0.000000e+00 9.973757e+09 
10167 0.000000e+00 0.000000e+00 1.028238e+10 
10168 0.000000e+00 0.000000e+00 1.056921e+10 
10169 0.000000e+00 0.000000e+00 1.065315e+10 
10170 0.000000e+00 0.000000e+00 1.067529e+10 
10171 0.000000e+00 0.000000e+00 1.071848e+10 
10172 0.000000e+00 0.000000e+00 1.016022e+10 
10173 0.000000e+00 0.000000e+00 1.016482e+10 
10174 0.000000e+00 0.000000e+00 1.032812e+10 
10175 0.000000e+00 0.000000e+00 1.042728e+10 
10176 0.000000e+00 0.000000e+00 1.051054e+10 
10177 0.000000e+00 0.000000e+00 1.063423e+10 
10178 0.000000e+00 0.000000e+00 1.065208e+10 
10179 0.000000e+00 0.000000e+00 1.069932e+10 
10180 0.000000e+00 0.000000e+00 1.010166e+10 
10181 0.000000e+00 0.000000e+00 1.008155e+10 
10182 0.000000e+00 0.000000e+00 1.020593e+10 
10183 0.000000e+00 0.000000e+00 1.041303e+10 
10184 0.000000e+00 0.000000e+00 1.049072e+10 
10185 0.000000e+00 0.000000e+00 1.057245e+10 
10186 0.000000e+00 0.000000e+00 1.062801e+10 
10187 0.000000e+00 0.000000e+00 1.066403e+10 
10188 0.000000e+00 0.000000e+00 1.070015e+10 
10189 0.000000e+00 0.000000e+00 9.965414e+09 
10190 0.000000e+00 0.000000e+00 9.929809e+09 
10191 0.000000e+00 0.000000e+00 9.927368e+09 
10192 0.000000e+00 0.000000e+00 9.927050e+09 
10193 0.000000e+00 0.000000e+00 9.928098e+09 
10194 0.000000e+00 0.000000e+00 9.928195e+09 
10195 0.000000e+00 0.000000e+00 9.941233e+09 
10196 0.000000e+00 0.000000e+00 1.004045e+10 
10197 0.000000e+00 0.000000e+00 1.054399e+10 
10198 0.000000e+00 0.000000e+00 1.057072e+10 
10199 0.000000e+00 0.000000e+00 1.068115e+10 
10200 0.000000e+00 0.000000e+00 1.067644e+10 
10201 0.000000e+00 0.000000e+00 1.010776e+10 
10202 0.000000e+00 0.000000e+00 1.008053e+10 
10203 0.000000e+00 0.000000e+00 1.021006e+10 
10204 0.000000e+00 0.000000e+00 1.033865e+10 
10205 0.000000e+00 0.000000e+00 1.050344e+10 
10206 0.000000e+00 0.000000e+00 1.057573e+10 
10207 0.000000e+00 0.000000e+00 1.066264e+10 
10208 0.000000e+00 0.000000e+00 1.068757e+10 
10209 0.000000e+00 0.000000e+00 1.075313e+10 
10210 0.000000e+00 0.000000e+00 9.972965e+09 
10211 0.000000e+00 0.000000e+00 9.932044e+09 
10212 0.000000e+00 0.000000e+00 9.927634e+09 
10213 0.000000e+00 0.000000e+00 9.926742e+09 
10214 0.000000e+00 0.000000e+00 9.928080e+09 
10215 0.000000e+00 0.000000e+00 9.927419e+09 
10216 0.000000e+00 0.000000e+00 9.949902e+09 
10217 0.000000e+00 0.000000e+00 1.014297e+10 
10218 0.000000e+00 0.000000e+00 1.054150e+10 
10219 0.000000e+00 0.000000e+00 1.059660e+10 
10220 0.000000e+00 0.000000e+00 1.068567e+10 
10221 0.000000e+00 0.000000e+00 1.063953e+10 
10222 0.000000e+00 0.000000e+00 1.072885e+10 
10223 0.000000e+00 0.000000e+00 9.960929e+09 
10224 0.000000e+00 0.000000e+00 9.929871e+09 
10225 0.000000e+00 0.000000e+00 9.928023e+09 
10226 0.000000e+00 0.000000e+00 9.928434e+09 
10227 0.000000e+00 0.000000e+00 9.933426e+09 
10228 0.000000e+00 0.000000e+00 9.960391e+09 
10229 0.000000e+00 0.000000e+00 1.006724e+10 
10230 0.000000e+00 0.000000e+00 1.042551e+10 
10231 0.000000e+00 0.000000e+00 1.059187e+10 
10232 0.000000e+00 0.000000e+00 1.064181e+10 
10233 0.000000e+00 0.000000e+00 1.067231e+10 
10234 0.000000e+00 0.000000e+00 9.989552e+09 
10235 0.000000e+00 0.000000e+00 9.934130e+09 
10236 0.000000e+00 0.000000e+00 9.926917e+09 
10237 0.000000e+00 0.000000e+00 9.926805e+09 
10238 0.000000e+00 0.000000e+00 9.927013e+09 
10239 0.000000e+00 0.000000e+00 9.926939e+09 
10240 0.000000e+00 0.000000e+00 9.927403e+09 
10241 0.000000e+00 0.000000e+00 9.926901e+09 
10242 0.000000e+00 0.000000e+00 9.971090e+09 
10243 0.000000e+00 0.000000e+00 1.020041e+10 
10244 0.000000e+00 0.000000e+00 1.060047e+10 
10245 0.000000e+00 0.000000e+00 1.062242e+10 
10246 0.000000e+00 0.000000e+00 1.074179e+10 
10247 0.000000e+00 0.000000e+00 1.068468e+10 
10248 0.000000e+00 0.000000e+00 9.959012e+09 
10249 0.000000e+00 0.000000e+00 9.931074e+09 
10250 0.000000e+00 0.000000e+00 9.930882e+09 
10251 0.000000e+00 0.000000e+00 9.931591e+09 
10252 0.000000e+00 0.000000e+00 9.950214e+09 
10253 0.000000e+00 0.000000e+00 1.004734e+10 
10254 0.000000e+00 0.000000e+00 1.022327e+10 
10255 0.000000e+00 0.000000e+00 1.050835e+10 
10256 0.000000e+00 0.000000e+00 1.059742e+10 
10257 0.000000e+00 0.000000e+00 1.064706e+10 
10258 0.000000e+00 0.000000e+00 1.067427e+10 
10259 0.000000e+00 0.000000e+00 1.049708e+10 
10260 0.000000e+00 0.000000e+00 1.052362e+10 
10261 0.000000e+00 0.000000e+00 1.061145e+10 
10262 0.000000e+00 0.000000e+00 1.065700e+10 
10263 0.000000e+00 0.000000e+00 1.067945e+10 
10264 0.000000e+00 0.000000e+00 1.010179e+10 
10265 0.000000e+00 0.000000e+00 1.008644e+10 
10266 0.000000e+00 0.000000e+00 1.018353e+10 
10267 0.000000e+00 0.000000e+00 1.033885e+10 
10268 0.000000e+00 0.000000e+00 1.047829e+10 
10269 0.000000e+00 0.000000e+00 1.056608e+10 
10270 0.000000e+00 0.000000e+00 1.065946e+10 
10271 0.000000e+00 0.000000e+00 1.065705e+10 
10272 0.000000e+00 0.000000e+00 1.073551e+10 
10273 0.000000e+00 0.000000e+00 1.013786e+10 
10274 0.000000e+00 0.000000e+00 1.014402e+10 
10275 0.000000e+00 0.000000e+00 1.027340e+10 
10276 0.000000e+00 0.000000e+00 1.045120e+10 
10277 0.000000e+00 0.000000e+00 1.052085e+10 
10278 0.000000e+00 0.000000e+00 1.061635e+10 
10279 0.000000e+00 0.000000e+00 1.065804e+10 
10280 0.000000e+00 0.000000e+00 1.070654e+10 
10281 0.000000e+00 0.000000e+00 1.068505e+10 
10282 0.000000e+00 0.000000e+00 9.958831e+09 
10283 0.000000e+00 0.000000e+00 9.927729e+09 
10284 0.000000e+00 0.000000e+00 9.927999e+09 
10285 0.000000e+00 0.000000e+00 9.927782e+09 
10286 0.000000e+00 0.000000e+00 9.928448e+09 
10287 0.000000e+00 0.000000e+00 9.933005e+09 
10288 0.000000e+00 0.000000e+00 9.992148e+09 
10289 0.000000e+00 0.000000e+00 1.030509e+10 
10290 0.000000e+00 0.000000e+00 1.056467e+10 
10291 0.000000e+00 0.000000e+00 1.061050e+10 
10292 0.000000e+00 0.000000e+00 1.067815e+10 
10293 0.000000e+00 0.000000e+00 1.069676e+10 
10294 0.000000e+00 0.000000e+00 9.965022e+09 
10295 0.000000e+00 0.000000e+00 9.928953e+09 
10296 0.000000e+00 0.000000e+00 9.926832e+09 
10297 0.000000e+00 0.000000e+00 9.926926e+09 
10298 0.000000e+00 0.000000e+00 9.928712e+09 
10299 0.000000e+00 0.000000e+00 9.928505e+09 
10300 0.000000e+00 0.000000e+00 9.929965e+09 
10301 0.000000e+00 0.000000e+00 9.968123e+09 
10302 0.000000e+00 0.000000e+00 1.033952e+10 
10303 0.000000e+00 0.000000e+00 1.052866e+10 
10304 0.000000e+00 0.000000e+00 1.054952e+10 
10305 0.000000e+00 0.000000e+00 1.066906e+10 
10306 0.000000e+00 0.000000e+00 1.051979e+10 
10307 0.000000e+00 0.000000e+00 1.054697e+10 
10308 0.000000e+00 0.000000e+00 1.064632e+10 
10309 0.000000e+00 0.000000e+00 1.067479e+10 
10310 0.000000e+00 0.000000e+00 1.047341e+10 
10311 0.000000e+00 0.000000e+00 1.048642e+10 
10312 0.000000e+00 0.000000e+00 1.060153e+10 
10313 0.000000e+00 0.000000e+00 1.059762e+10 
10314 0.000000e+00 0.000000e+00 1.069189e+10 
10315 0.000000e+00 0.000000e+00 1.069853e+10 
10316 0.000000e+00 0.000000e+00 9.963471e+09 
10317 0.000000e+00 0.000000e+00 9.929904e+09 
10318 0.000000e+00 0.000000e+00 9.927086e+09 
10319 0.000000e+00 0.000000e+00 9.926857e+09 
10320 0.000000e+00 0.000000e+00 9.926832e+09 
10321 0.000000e+00 0.000000e+00 9.927510e+09 
10322 0.000000e+00 0.000000e+00 9.928958e+09 
10323 0.000000e+00 0.000000e+00 1.002572e+10 
10324 0.000000e+00 0.000000e+00 1.032569e+10 
10325 0.000000e+00 0.000000e+00 1.062229e+10 
10326 0.000000e+00 0.000000e+00 1.060417e+10 
10327 0.000000e+00 0.000000e+00 1.073816e+10 
10328 0.000000e+00 0.000000e+00 1.009979e+10 
10329 0.000000e+00 0.000000e+00 1.008713e+10 
10330 0.000000e+00 0.000000e+00 1.015766e+10 
10331 0.000000e+00 0.000000e+00 1.035653e+10 
10332 0.000000e+00 0.000000e+00 1.044722e+10 
10333 0.000000e+00 0.000000e+00 1.056675e+10 
10334 0.000000e+00 0.000000e+00 1.061077e+10 
10335 0.000000e+00 0.000000e+00 1.067174e+10 
10336 0.000000e+00 0.000000e+00 1.066904e+10 
10337 0.000000e+00 0.000000e+00 9.963302e+09 
10338 0.000000e+00 0.000000e+00 9.929158e+09 
10339 0.000000e+00 0.000000e+00 9.927712e+09 
10340 0.000000e+00 0.000000e+00 9.926868e+09 
10341 0.000000e+00 0.000000e+00 9.927753e+09 
10342 0.000000e+00 0.000000e+00 9.926738e+09 
10343 0.000000e+00 0.000000e+00 9.939551e+09 
10344 0.000000e+00 0.000000e+00 1.007537e+10 
10345 0.000000e+00 0.000000e+00 1.047878e+10 
10346 0.000000e+00 0.000000e+00 1.058757e+10 
10347 0.000000e+00 0.000000e+00 1.068135e+10 
10348 0.000000e+00 0.000000e+00 1.068221e+10 
10349 0.000000e+00 0.000000e+00 1.074879e+10 
10350 0.000000e+00 0.000000e+00 9.961112e+09 
10351 0.000000e+00 0.000000e+00 9.930576e+09 
10352 0.000000e+00 0.000000e+00 9.927102e+09 
10353 0.000000e+00 0.000000e+00 9.927526e+09 
10354 0.000000e+00 0.000000e+00 9.929259e+09 
10355 0.000000e+00 0.000000e+00 9.935745e+09 
10356 0.000000e+00 0.000000e+00 1.007480e+10 
10357 0.000000e+00 0.000000e+00 1.042158e+10 
10358 0.000000e+00 0.000000e+00 1.057911e+10 
10359 0.000000e+00 0.000000e+00 1.059490e+10 
10360 0.000000e+00 0.000000e+00 1.069662e+10 
10361 0.000000e+00 0.000000e+00 1.005754e+10 
10362 0.000000e+00 0.000000e+00 1.003903e+10 
10363 0.000000e+00 0.000000e+00 1.010793e+10 
10364 0.000000e+00 0.000000e+00 1.027305e+10 
10365 0.000000e+00 0.000000e+00 1.040126e+10 
10366 0.000000e+00 0.000000e+00 1.052710e+10 
10367 0.000000e+00 0.000000e+00 1.061701e+10 
10368 0.000000e+00 0.000000e+00 1.067810e+10 
10369 0.000000e+00 0.000000e+00 1.066297e+10 
10370 0.000000e+00 0.000000e+00 1.009108e+10 
10371 0.000000e+00 0.000000e+00 1.007233e+10 
10372 0.000000e+00 0.000000e+00 1.018038e+10 
10373 0.000000e+00 0.000000e+00 1.031881e+10 
10374 0.000000e+00 0.000000e+00 1.047821e+10 
10375 0.000000e+00 0.000000e+00 1.053549e+10 
10376 0.000000e+00 0.000000e+00 1.061689e+10 
10377 0.000000e+00 0.000000e+00 1.064176e+10 
10378 0.000000e+00 0.000000e+00 1.070115e+10 
10379 0.000000e+00 0.000000e+00 9.972668e+09 
10380 0.000000e+00 0.000000e+00 9.932221e+09 
10381 0.000000e+00 0.000000e+00 9.926885e+09 
10382 0.000000e+00 0.000000e+00 9.927119e+09 
10383 0.000000e+00 0.000000e+00 9.926828e+09 
10384 0.000000e+00 0.000000e+00 9.927024e+09 
10385 0.000000e+00 0.000000e+00 9.927776e+09 
10386 0.000000e+00 0.000000e+00 9.938131e+09 
10387 0.000000e+00 0.000000e+00 1.012925e+10 
10388 0.000000e+00 0.000000e+00 1.058820e+10 
10389 0.000000e+00 0.000000e+00 1.065790e+10 
10390 0.000000e+00 0.000000e+00 1.070322e+10 
10391 0.000000e+00 0.000000e+00 1.010035e+10 
10392 0.000000e+00 0.000000e+00 1.006999e+10 
10393 0.000000e+00 0.000000e+00 1.019097e+10 
10394 0.000000e+00 0.000000e+00 1.032900e+10 
10395 0.000000e+00 0.000000e+00 1.044810e+10 
10396 0.000000e+00 0.000000e+00 1.056187e+10 
10397 0.000000e+00 0.000000e+00 1.060093e+10 
10398 0.000000e+00 0.000000e+00 1.066972e+10 
10399 0.000000e+00 0.000000e+00 1.072402e+10 
10400 0.000000e+00 0.000000e+00 9.966628e+09 
10401 0.000000e+00 0.000000e+00 9.929932e+09 
10402 0.000000e+00 0.000000e+00 9.927670e+09 
10403 0.000000e+00 0.000000e+00 9.928709e+09 
10404 0.000000e+00 0.000000e+00 9.927318e+09 
10405 0.000000e+00 0.000000e+00 9.927771e+09 
10406 0.000000e+00 0.000000e+00 9.929217e+09 
10407 0.000000e+00 0.000000e+00 9.937333e+09 
10408 0.000000e+00 0.000000e+00 1.009774e+10 
10409 0.000000e+00 0.000000e+00 1.043817e+10 
10410 0.000000e+00 0.000000e+00 1.067729e+10 
10411 0.000000e+00 0.000000e+00 1.065605e+10 
10412 0.000000e+00 0.000000e+00 1.070971e+10 
10413 0.000000e+00 0.000000e+00 9.962998e+09 
10414 0.000000e+00 0.000000e+00 9.930027e+09 
10415 0.000000e+00 0.000000e+00 9.927940e+09 
10416 0.000000e+00 0.000000e+00 9.927059e+09 
10417 0.000000e+00 0.000000e+00 9.929367e+09 
10418 0.000000e+00 0.000000e+00 9.934379e+09 
10419 0.000000e+00 0.000000e+00 1.002326e+10 
10420 0.000000e+00 0.000000e+00 1.033567e+10 
10421 0.000000e+00 0.000000e+00 1.058697e+10 
10422 0.000000e+00 0.000000e+00 1.065483e+10 
10423 0.000000e+00 0.000000e+00 1.071616e+10 
10424 0.000000e+00 0.000000e+00 1.006044e+10 
10425 0.000000e+00 0.000000e+00 1.004339e+10 
10426 0.000000e+00 0.000000e+00 1.010281e+10 
10427 0.000000e+00 0.000000e+00 1.030878e+10 
10428 0.000000e+00 0.000000e+00 1.041065e+10 
10429 0.000000e+00 0.000000e+00 1.058381e+10 
10430 0.000000e+00 0.000000e+00 1.058687e+10 
10431 0.000000e+00 0.000000e+00 1.068144e+10 
10432 0.000000e+00 0.000000e+00 1.066629e+10 
10433 0.000000e+00 0.000000e+00 1.072337e+10 
10434 0.000000e+00 0.000000e+00 9.963052e+09 
10435 0.000000e+00 0.000000e+00 9.932169e+09 
10436 0.000000e+00 0.000000e+00 9.926801e+09 
10437 0.000000e+00 0.000000e+00 9.928397e+09 
10438 0.000000e+00 0.000000e+00 9.927041e+09 
10439 0.000000e+00 0.000000e+00 9.938040e+09 
10440 0.000000e+00 0.000000e+00 1.002469e+10 
10441 0.000000e+00 0.000000e+00 1.045989e+10 
10442 0.000000e+00 0.000000e+00 1.054359e+10 
10443 0.000000e+00 0.000000e+00 1.066766e+10 
10444 0.000000e+00 0.000000e+00 1.065652e+10 
10445 0.000000e+00 0.000000e+00 1.072239e+10 
10446 0.000000e+00 0.000000e+00 9.971124e+09 
10447 0.000000e+00 0.000000e+00 9.932220e+09 
10448 0.000000e+00 0.000000e+00 9.926721e+09 
10449 0.000000e+00 0.000000e+00 9.927252e+09 
10450 0.000000e+00 0.000000e+00 9.926669e+09 
10451 0.000000e+00 0.000000e+00 9.928113e+09 
10452 0.000000e+00 0.000000e+00 9.930130e+09 
10453 0.000000e+00 0.000000e+00 1.005495e+10 
10454 0.000000e+00 0.000000e+00 1.048157e+10 
10455 0.000000e+00 0.000000e+00 1.062323e+10 
10456 0.000000e+00 0.000000e+00 1.063928e+10 
10457 0.000000e+00 0.000000e+00 1.073817e+10 
10458 0.000000e+00 0.000000e+00 9.980154e+09 
10459 0.000000e+00 0.000000e+00 9.935556e+09 
10460 0.000000e+00 0.000000e+00 9.927664e+09 
10461 0.000000e+00 0.000000e+00 9.927312e+09 
10462 0.000000e+00 0.000000e+00 9.927491e+09 
10463 0.000000e+00 0.000000e+00 9.928404e+09 
10464 0.000000e+00 0.000000e+00 9.929637e+09 
10465 0.000000e+00 0.000000e+00 9.956942e+09 
10466 0.000000e+00 0.000000e+00 1.019190e+10 
10467 0.000000e+00 0.000000e+00 1.055675e+10 
10468 0.000000e+00 0.000000e+00 1.064658e+10 
10469 0.000000e+00 0.000000e+00 1.064847e+10 
10470 0.000000e+00 0.000000e+00 1.006639e+10 
10471 0.000000e+00 0.000000e+00 1.004977e+10 
10472 0.000000e+00 0.000000e+00 1.010403e+10 
10473 0.000000e+00 0.000000e+00 1.027174e+10 
10474 0.000000e+00 0.000000e+00 1.044601e+10 
10475 0.000000e+00 0.000000e+00 1.053705e+10 
10476 0.000000e+00 0.000000e+00 1.064704e+10 
10477 0.000000e+00 0.000000e+00 1.063243e+10 
10478 0.000000e+00 0.000000e+00 1.068680e+10 
10479 0.000000e+00 0.000000e+00 1.011047e+10 
10480 0.000000e+00 0.000000e+00 1.008656e+10 
10481 0.000000e+00 0.000000e+00 1.022845e+10 
10482 0.000000e+00 0.000000e+00 1.034211e+10 
10483 0.000000e+00 0.000000e+00 1.049670e+10 
10484 0.000000e+00 0.000000e+00 1.055152e+10 
10485 0.000000e+00 0.000000e+00 1.063237e+10 
10486 0.000000e+00 0.000000e+00 1.064649e+10 
10487 0.000000e+00 0.000000e+00 1.070163e+10 
10488 0.000000e+00 0.000000e+00 9.959005e+09 
10489 0.000000e+00 0.000000e+00 9.928259e+09 
10490 0.000000e+00 0.000000e+00 9.927102e+09 
10491 0.000000e+00 0.000000e+00 9.927518e+09 
10492 0.000000e+00 0.000000e+00 9.927442e+09 
10493 0.000000e+00 0.000000e+00 9.928873e+09 
10494 0.000000e+00 0.000000e+00 9.931363e+09 
10495 0.000000e+00 0.000000e+00 1.006097e+10 
10496 0.000000e+00 0.000000e+00 1.050296e+10 
10497 0.000000e+00 0.000000e+00 1.065965e+10 
10498 0.000000e+00 0.000000e+00 1.064893e+10 
10499 0.000000e+00 0.000000e+00 1.069174e+10 
10500 0.000000e+00 0.000000e+00 9.979840e+09 
10501 0.000000e+00 0.000000e+00 9.934268e+09 
10502 0.000000e+00 0.000000e+00 9.928202e+09 
10503 0.000000e+00 0.000000e+00 9.926800e+09 
10504 0.000000e+00 0.000000e+00 9.927297e+09 
10505 0.000000e+00 0.000000e+00 9.927265e+09 
10506 0.000000e+00 0.000000e+00 9.927427e+09 
10507 0.000000e+00 0.000000e+00 9.936551e+09 
10508 0.000000e+00 0.000000e+00 1.014551e+10 
10509 0.000000e+00 0.000000e+00 1.055447e+10 
10510 0.000000e+00 0.000000e+00 1.062380e+10 
10511 0.000000e+00 0.000000e+00 1.068680e+10 
10512 0.000000e+00 0.000000e+00 9.987753e+09 
10513 0.000000e+00 0.000000e+00 9.933838e+09 
10514 0.000000e+00 0.000000e+00 9.926962e+09 
10515 0.000000e+00 0.000000e+00 9.927103e+09 
10516 0.000000e+00 0.000000e+00 9.927102e+09 
10517 0.000000e+00 0.000000e+00 9.927022e+09 
10518 0.000000e+00 0.000000e+00 9.928056e+09 
10519 0.000000e+00 0.000000e+00 9.931937e+09 
10520 0.000000e+00 0.000000e+00 1.004024e+10 
10521 0.000000e+00 0.000000e+00 1.046914e+10 
10522 0.000000e+00 0.000000e+00 1.065175e+10 
10523 0.000000e+00 0.000000e+00 1.062661e+10 
10524 0.000000e+00 0.000000e+00 1.073337e+10 
10525 0.000000e+00 0.000000e+00 1.013451e+10 
10526 0.000000e+00 0.000000e+00 1.014232e+10 
10527 0.000000e+00 0.000000e+00 1.022520e+10 
10528 0.000000e+00 0.000000e+00 1.040887e+10 
10529 0.000000e+00 0.000000e+00 1.048503e+10 
10530 0.000000e+00 0.000000e+00 1.059818e+10 
10531 0.000000e+00 0.000000e+00 1.060552e+10 
10532 0.000000e+00 0.000000e+00 1.069876e+10 
10533 0.000000e+00 0.000000e+00 1.070548e+10 
10534 0.000000e+00 0.000000e+00 1.017729e+10 
10535 0.000000e+00 0.000000e+00 1.015062e+10 
10536 0.000000e+00 0.000000e+00 1.030439e+10 
10537 0.000000e+00 0.000000e+00 1.041524e+10 
10538 0.000000e+00 0.000000e+00 1.057879e+10 
10539 0.000000e+00 0.000000e+00 1.057420e+10 
10540 0.000000e+00 0.000000e+00 1.071248e+10 
10541 0.000000e+00 0.000000e+00 1.064961e+10 
10542 0.000000e+00 0.000000e+00 1.012293e+10 
10543 0.000000e+00 0.000000e+00 1.008831e+10 
10544 0.000000e+00 0.000000e+00 1.021600e+10 
10545 0.000000e+00 0.000000e+00 1.033766e+10 
10546 0.000000e+00 0.000000e+00 1.053121e+10 
10547 0.000000e+00 0.000000e+00 1.055589e+10 
10548 0.000000e+00 0.000000e+00 1.064993e+10 
10549 0.000000e+00 0.000000e+00 1.066654e+10 
10550 0.000000e+00 0.000000e+00 1.069757e+10 
10551 0.000000e+00 0.000000e+00 9.967754e+09 
10552 0.000000e+00 0.000000e+00 9.931171e+09 
10553 0.000000e+00 0.000000e+00 9.926955e+09 
10554 0.000000e+00 0.000000e+00 9.926791e+09 
10555 0.000000e+00 0.000000e+00 9.927008e+09 
10556 0.000000e+00 0.000000e+00 9.926820e+09 
10557 0.000000e+00 0.000000e+00 9.931785e+09 
10558 0.000000e+00 0.000000e+00 1.000397e+10 
10559 0.000000e+00 0.000000e+00 1.049619e+10 
10560 0.000000e+00 0.000000e+00 1.060416e+10 
10561 0.000000e+00 0.000000e+00 1.068799e+10 
10562 0.000000e+00 0.000000e+00 1.066517e+10 
10563 0.000000e+00 0.000000e+00 1.012872e+10 
10564 0.000000e+00 0.000000e+00 1.008019e+10 
10565 0.000000e+00 0.000000e+00 1.022996e+10 
10566 0.000000e+00 0.000000e+00 1.035237e+10 
10567 0.000000e+00 0.000000e+00 1.051384e+10 
10568 0.000000e+00 0.000000e+00 1.055518e+10 
10569 0.000000e+00 0.000000e+00 1.063607e+10 
10570 0.000000e+00 0.000000e+00 1.064214e+10 
10571 0.000000e+00 0.000000e+00 1.072990e+10 
10572 0.000000e+00 0.000000e+00 9.972693e+09 
10573 0.000000e+00 0.000000e+00 9.931877e+09 
10574 0.000000e+00 0.000000e+00 9.926783e+09 
10575 0.000000e+00 0.000000e+00 9.926875e+09 
10576 0.000000e+00 0.000000e+00 9.926921e+09 
10577 0.000000e+00 0.000000e+00 9.926638e+09 
10578 0.000000e+00 0.000000e+00 9.929620e+09 
10579 0.000000e+00 0.000000e+00 9.979270e+09 
10580 0.000000e+00 0.000000e+00 1.043344e+10 
10581 0.000000e+00 0.000000e+00 1.058433e+10 
10582 0.000000e+00 0.000000e+00 1.069266e+10 
10583 0.000000e+00 0.000000e+00 1.064680e+10 
10584 0.000000e+00 0.000000e+00 1.071731e+10 
10585 0.000000e+00 0.000000e+00 9.960332e+09 
10586 0.000000e+00 0.000000e+00 9.930417e+09 
10587 0.000000e+00 0.000000e+00 9.927601e+09 
10588 0.000000e+00 0.000000e+00 9.929689e+09 
10589 0.000000e+00 0.000000e+00 9.934234e+09 
10590 0.000000e+00 0.000000e+00 9.985363e+09 
10591 0.000000e+00 0.000000e+00 1.018551e+10 
10592 0.000000e+00 0.000000e+00 1.051024e+10 
10593 0.000000e+00 0.000000e+00 1.054413e+10 
10594 0.000000e+00 0.000000e+00 1.067417e+10 
10595 0.000000e+00 0.000000e+00 1.063656e+10 
10596 0.000000e+00 0.000000e+00 9.984739e+09 
10597 0.000000e+00 0.000000e+00 9.934325e+09 
10598 0.000000e+00 0.000000e+00 9.926941e+09 
10599 0.000000e+00 0.000000e+00 9.927132e+09 
10600 0.000000e+00 0.000000e+00 9.927395e+09 
10601 0.000000e+00 0.000000e+00 9.927367e+09 
10602 0.000000e+00 0.000000e+00 9.926753e+09 
10603 0.000000e+00 0.000000e+00 9.942272e+09 
10604 0.000000e+00 0.000000e+00 1.014082e+10 
10605 0.000000e+00 0.000000e+00 1.063030e+10 
10606 0.000000e+00 0.000000e+00 1.057858e+10 
10607 0.000000e+00 0.000000e+00 1.069311e+10 
10608 0.000000e+00 0.000000e+00 1.064952e+10 
10609 0.000000e+00 0.000000e+00 1.075013e+10 
10610 0.000000e+00 0.000000e+00 9.958767e+09 
10611 0.000000e+00 0.000000e+00 9.930779e+09 
10612 0.000000e+00 0.000000e+00 9.928371e+09 
10613 0.000000e+00 0.000000e+00 9.931649e+09 
10614 0.000000e+00 0.000000e+00 9.942928e+09 
10615 0.000000e+00 0.000000e+00 1.002104e+10 
10616 0.000000e+00 0.000000e+00 1.021849e+10 
10617 0.000000e+00 0.000000e+00 1.044177e+10 
10618 0.000000e+00 0.000000e+00 1.060457e+10 
10619 0.000000e+00 0.000000e+00 1.063746e+10 
10620 0.000000e+00 0.000000e+00 1.067268e+10 
10621 0.000000e+00 0.000000e+00 1.009339e+10 
10622 0.000000e+00 0.000000e+00 1.006306e+10 
10623 0.000000e+00 0.000000e+00 1.017730e+10 
10624 0.000000e+00 0.000000e+00 1.032462e+10 
10625 0.000000e+00 0.000000e+00 1.046792e+10 
10626 0.000000e+00 0.000000e+00 1.054212e+10 
10627 0.000000e+00 0.000000e+00 1.062890e+10 
10628 0.000000e+00 0.000000e+00 1.065040e+10 
10629 0.000000e+00 0.000000e+00 1.071582e+10 
10630 0.000000e+00 0.000000e+00 9.975072e+09 
10631 0.000000e+00 0.000000e+00 9.933499e+09 
10632 0.000000e+00 0.000000e+00 9.926764e+09 
10633 0.000000e+00 0.000000e+00 9.927352e+09 
10634 0.000000e+00 0.000000e+00 9.927585e+09 
10635 0.000000e+00 0.000000e+00 9.926782e+09 
10636 0.000000e+00 0.000000e+00 9.931474e+09 
10637 0.000000e+00 0.000000e+00 9.997189e+09 
10638 0.000000e+00 0.000000e+00 1.035525e+10 
10639 0.000000e+00 0.000000e+00 1.054100e+10 
10640 0.000000e+00 0.000000e+00 1.068154e+10 
10641 0.000000e+00 0.000000e+00 1.065312e+10 
10642 0.000000e+00 0.000000e+00 9.974859e+09 
10643 0.000000e+00 0.000000e+00 9.932269e+09 
10644 0.000000e+00 0.000000e+00 9.927008e+09 
10645 0.000000e+00 0.000000e+00 9.926805e+09 
10646 0.000000e+00 0.000000e+00 9.927291e+09 
10647 0.000000e+00 0.000000e+00 9.926757e+09 
10648 0.000000e+00 0.000000e+00 9.929239e+09 
10649 0.000000e+00 0.000000e+00 9.945331e+09 
10650 0.000000e+00 0.000000e+00 1.020141e+10 
10651 0.000000e+00 0.000000e+00 1.050645e+10 
10652 0.000000e+00 0.000000e+00 1.065729e+10 
10653 0.000000e+00 0.000000e+00 1.066123e+10 
10654 0.000000e+00 0.000000e+00 1.073108e+10 
10655 0.000000e+00 0.000000e+00 9.973385e+09 
10656 0.000000e+00 0.000000e+00 9.931915e+09 
10657 0.000000e+00 0.000000e+00 9.926850e+09 
10658 0.000000e+00 0.000000e+00 9.927242e+09 
10659 0.000000e+00 0.000000e+00 9.926851e+09 
10660 0.000000e+00 0.000000e+00 9.927036e+09 
10661 0.000000e+00 0.000000e+00 9.927723e+09 
10662 0.000000e+00 0.000000e+00 9.960683e+09 
10663 0.000000e+00 0.000000e+00 1.030239e+10 
10664 0.000000e+00 0.000000e+00 1.064843e+10 
10665 0.000000e+00 0.000000e+00 1.066448e+10 
10666 0.000000e+00 0.000000e+00 1.067641e+10 
10667 0.000000e+00 0.000000e+00 9.980835e+09 
10668 0.000000e+00 0.000000e+00 9.934958e+09 
10669 0.000000e+00 0.000000e+00 9.928302e+09 
10670 0.000000e+00 0.000000e+00 9.926521e+09 
10671 0.000000e+00 0.000000e+00 9.927960e+09 
10672 0.000000e+00 0.000000e+00 9.926718e+09 
10673 0.000000e+00 0.000000e+00 9.933298e+09 
10674 0.000000e+00 0.000000e+00 9.999228e+09 
10675 0.000000e+00 0.000000e+00 1.032567e+10 
10676 0.000000e+00 0.000000e+00 1.046361e+10 
10677 0.000000e+00 0.000000e+00 1.068197e+10 
10678 0.000000e+00 0.000000e+00 1.067636e+10 
10679 0.000000e+00 0.000000e+00 1.006945e+10 
10680 0.000000e+00 0.000000e+00 1.003761e+10 
10681 0.000000e+00 0.000000e+00 1.014559e+10 
10682 0.000000e+00 0.000000e+00 1.025831e+10 
10683 0.000000e+00 0.000000e+00 1.046449e+10 
10684 0.000000e+00 0.000000e+00 1.053889e+10 
10685 0.000000e+00 0.000000e+00 1.061514e+10 
10686 0.000000e+00 0.000000e+00 1.062618e+10 
10687 0.000000e+00 0.000000e+00 1.073012e+10 
10688 0.000000e+00 0.000000e+00 1.009428e+10 
10689 0.000000e+00 0.000000e+00 1.011643e+10 
10690 0.000000e+00 0.000000e+00 1.020319e+10 
10691 0.000000e+00 0.000000e+00 1.035593e+10 
10692 0.000000e+00 0.000000e+00 1.043616e+10 
10693 0.000000e+00 0.000000e+00 1.059497e+10 
10694 0.000000e+00 0.000000e+00 1.061542e+10 
10695 0.000000e+00 0.000000e+00 1.070275e+10 
10696 0.000000e+00 0.000000e+00 1.067331e+10 
10697 0.000000e+00 0.000000e+00 9.960325e+09 
10698 0.000000e+00 0.000000e+00 9.929561e+09 
10699 0.000000e+00 0.000000e+00 9.927651e+09 
10700 0.000000e+00 0.000000e+00 9.928195e+09 
10701 0.000000e+00 0.000000e+00 9.927981e+09 
10702 0.000000e+00 0.000000e+00 9.929414e+09 
10703 0.000000e+00 0.000000e+00 9.933941e+09 
10704 0.000000e+00 0.000000e+00 1.009408e+10 
10705 0.000000e+00 0.000000e+00 1.044011e+10 
10706 0.000000e+00 0.000000e+00 1.063992e+10 
10707 0.000000e+00 0.000000e+00 1.062849e+10 
10708 0.000000e+00 0.000000e+00 1.070116e+10 
10709 0.000000e+00 0.000000e+00 9.989092e+09 
10710 0.000000e+00 0.000000e+00 9.938205e+09 
10711 0.000000e+00 0.000000e+00 9.927561e+09 
10712 0.000000e+00 0.000000e+00 9.927258e+09 
10713 0.000000e+00 0.000000e+00 9.927825e+09 
10714 0.000000e+00 0.000000e+00 9.926733e+09 
10715 0.000000e+00 0.000000e+00 9.932463e+09 
10716 0.000000e+00 0.000000e+00 9.978798e+09 
10717 0.000000e+00 0.000000e+00 1.037634e+10 
10718 0.000000e+00 0.000000e+00 1.054965e+10 
10719 0.000000e+00 0.000000e+00 1.064338e+10 
10720 0.000000e+00 0.000000e+00 1.066075e+10 
10721 0.000000e+00 0.000000e+00 9.985529e+09 
10722 0.000000e+00 0.000000e+00 9.934195e+09 
10723 0.000000e+00 0.000000e+00 9.926825e+09 
10724 0.000000e+00 0.000000e+00 9.926777e+09 
10725 0.000000e+00 0.000000e+00 9.926927e+09 
10726 0.000000e+00 0.000000e+00 9.927121e+09 
10727 0.000000e+00 0.000000e+00 9.926865e+09 
10728 0.000000e+00 0.000000e+00 9.927799e+09 
10729 0.000000e+00 0.000000e+00 9.934803e+09 
10730 0.000000e+00 0.000000e+00 1.022800e+10 
10731 0.000000e+00 0.000000e+00 1.060437e+10 
10732 0.000000e+00 0.000000e+00 1.066371e+10 
10733 0.000000e+00 0.000000e+00 1.066065e+10 
10734 0.000000e+00 0.000000e+00 1.013860e+10 
10735 0.000000e+00 0.000000e+00 1.011786e+10 
10736 0.000000e+00 0.000000e+00 1.025894e+10 
10737 0.000000e+00 0.000000e+00 1.037544e+10 
10738 0.000000e+00 0.000000e+00 1.052376e+10 
10739 0.000000e+00 0.000000e+00 1.056282e+10 
10740 0.000000e+00 0.000000e+00 1.065299e+10 
10741 0.000000e+00 0.000000e+00 1.065264e+10 
10742 0.000000e+00 0.000000e+00 1.007682e+10 
10743 0.000000e+00 0.000000e+00 1.003403e+10 
10744 0.000000e+00 0.000000e+00 1.013266e+10 
10745 0.000000e+00 0.000000e+00 1.028066e+10 
10746 0.000000e+00 0.000000e+00 1.046779e+10 
10747 0.000000e+00 0.000000e+00 1.048448e+10 
10748 0.000000e+00 0.000000e+00 1.060753e+10 
10749 0.000000e+00 0.000000e+00 1.061926e+10 
10750 0.000000e+00 0.000000e+00 1.070424e+10 
10751 0.000000e+00 0.000000e+00 1.049672e+10 
10752 0.000000e+00 0.000000e+00 1.058687e+10 
10753 0.000000e+00 0.000000e+00 1.059893e+10 
10754 0.000000e+00 0.000000e+00 1.067800e+10 
10755 0.000000e+00 0.000000e+00 1.069056e+10 
10756 0.000000e+00 0.000000e+00 9.968439e+09 
10757 0.000000e+00 0.000000e+00 9.929619e+09 
10758 0.000000e+00 0.000000e+00 9.926853e+09 
10759 0.000000e+00 0.000000e+00 9.927023e+09 
10760 0.000000e+00 0.000000e+00 9.927232e+09 
10761 0.000000e+00 0.000000e+00 9.926972e+09 
10762 0.000000e+00 0.000000e+00 9.927162e+09 
10763 0.000000e+00 0.000000e+00 9.933340e+09 
10764 0.000000e+00 0.000000e+00 1.008586e+10 
10765 0.000000e+00 0.000000e+00 1.057321e+10 
10766 0.000000e+00 0.000000e+00 1.062718e+10 
10767 0.000000e+00 0.000000e+00 1.067607e+10 
10768 0.000000e+00 0.000000e+00 1.007398e+10 
10769 0.000000e+00 0.000000e+00 1.005847e+10 
10770 0.000000e+00 0.000000e+00 1.012860e+10 
10771 0.000000e+00 0.000000e+00 1.031568e+10 
10772 0.000000e+00 0.000000e+00 1.041925e+10 
10773 0.000000e+00 0.000000e+00 1.054708e+10 
10774 0.000000e+00 0.000000e+00 1.059186e+10 
10775 0.000000e+00 0.000000e+00 1.069482e+10 
10776 0.000000e+00 0.000000e+00 1.067167e+10 
10777 0.000000e+00 0.000000e+00 9.967415e+09 
10778 0.000000e+00 0.000000e+00 9.929498e+09 
10779 0.000000e+00 0.000000e+00 9.926773e+09 
10780 0.000000e+00 0.000000e+00 9.926852e+09 
10781 0.000000e+00 0.000000e+00 9.927000e+09 
10782 0.000000e+00 0.000000e+00 9.926748e+09 
10783 0.000000e+00 0.000000e+00 9.928455e+09 
10784 0.000000e+00 0.000000e+00 9.944769e+09 
10785 0.000000e+00 0.000000e+00 1.029025e+10 
10786 0.000000e+00 0.000000e+00 1.057530e+10 
10787 0.000000e+00 0.000000e+00 1.070720e+10 
10788 0.000000e+00 0.000000e+00 1.066793e+10 
10789 0.000000e+00 0.000000e+00 1.071333e+10 
10790 0.000000e+00 0.000000e+00 9.964107e+09 
10791 0.000000e+00 0.000000e+00 9.930502e+09 
10792 0.000000e+00 0.000000e+00 9.926937e+09 
10793 0.000000e+00 0.000000e+00 9.927890e+09 
10794 0.000000e+00 0.000000e+00 9.927247e+09 
10795 0.000000e+00 0.000000e+00 9.935609e+09 
10796 0.000000e+00 0.000000e+00 9.994573e+09 
10797 0.000000e+00 0.000000e+00 1.032607e+10 
10798 0.000000e+00 0.000000e+00 1.055022e+10 
10799 0.000000e+00 0.000000e+00 1.065901e+10 
10800 0.000000e+00 0.000000e+00 1.065928e+10 
10801 0.000000e+00 0.000000e+00 1.046136e+10 
10802 0.000000e+00 0.000000e+00 1.048293e+10 
10803 0.000000e+00 0.000000e+00 1.060904e+10 
10804 0.000000e+00 0.000000e+00 1.061407e+10 
10805 0.000000e+00 0.000000e+00 1.067505e+10 
10806 0.000000e+00 0.000000e+00 1.000305e+10 
10807 0.000000e+00 0.000000e+00 9.943493e+09 
10808 0.000000e+00 0.000000e+00 9.929328e+09 
10809 0.000000e+00 0.000000e+00 9.926761e+09 
10810 0.000000e+00 0.000000e+00 9.927156e+09 
10811 0.000000e+00 0.000000e+00 9.927208e+09 
10812 0.000000e+00 0.000000e+00 9.926731e+09 
10813 0.000000e+00 0.000000e+00 9.932012e+09 
10814 0.000000e+00 0.000000e+00 1.001727e+10 
10815 0.000000e+00 0.000000e+00 1.036738e+10 
10816 0.000000e+00 0.000000e+00 1.056833e+10 
10817 0.000000e+00 0.000000e+00 1.071188e+10 
10818 0.000000e+00 0.000000e+00 1.068423e+10 
10819 0.000000e+00 0.000000e+00 1.012526e+10 
10820 0.000000e+00 0.000000e+00 1.011287e+10 
10821 0.000000e+00 0.000000e+00 1.024247e+10 
10822 0.000000e+00 0.000000e+00 1.038608e+10 
10823 0.000000e+00 0.000000e+00 1.049766e+10 
10824 0.000000e+00 0.000000e+00 1.056136e+10 
10825 0.000000e+00 0.000000e+00 1.064866e+10 
10826 0.000000e+00 0.000000e+00 1.066414e+10 
10827 0.000000e+00 0.000000e+00 1.071213e+10 
10828 0.000000e+00 0.000000e+00 9.970494e+09 
10829 0.000000e+00 0.000000e+00 9.931020e+09 
10830 0.000000e+00 0.000000e+00 9.926822e+09 
10831 0.000000e+00 0.000000e+00 9.927204e+09 
10832 0.000000e+00 0.000000e+00 9.926830e+09 
10833 0.000000e+00 0.000000e+00 9.927816e+09 
10834 0.000000e+00 0.000000e+00 9.933855e+09 
10835 0.000000e+00 0.000000e+00 1.007195e+10 
10836 0.000000e+00 0.000000e+00 1.038931e+10 
10837 0.000000e+00 0.000000e+00 1.062406e+10 
10838 0.000000e+00 0.000000e+00 1.062754e+10 
10839 0.000000e+00 0.000000e+00 1.071282e+10 
10840 0.000000e+00 0.000000e+00 9.981979e+09 
10841 0.000000e+00 0.000000e+00 9.934718e+09 
10842 0.000000e+00 0.000000e+00 9.927484e+09 
10843 0.000000e+00 0.000000e+00 9.926753e+09 
10844 0.000000e+00 0.000000e+00 9.927264e+09 
10845 0.000000e+00 0.000000e+00 9.926639e+09 
10846 0.000000e+00 0.000000e+00 9.932177e+09 
10847 0.000000e+00 0.000000e+00 9.969185e+09 
10848 0.000000e+00 0.000000e+00 1.027901e+10 
10849 0.000000e+00 0.000000e+00 1.052674e+10 
10850 0.000000e+00 0.000000e+00 1.065555e+10 
10851 0.000000e+00 0.000000e+00 1.067855e+10 
10852 0.000000e+00 0.000000e+00 1.073753e+10 
10853 0.000000e+00 0.000000e+00 9.964376e+09 
10854 0.000000e+00 0.000000e+00 9.932998e+09 
10855 0.000000e+00 0.000000e+00 9.927388e+09 
10856 0.000000e+00 0.000000e+00 9.928063e+09 
10857 0.000000e+00 0.000000e+00 9.927793e+09 
10858 0.000000e+00 0.000000e+00 9.935401e+09 
10859 0.000000e+00 0.000000e+00 9.993013e+09 
10860 0.000000e+00 0.000000e+00 1.020488e+10 
10861 0.000000e+00 0.000000e+00 1.060142e+10 
10862 0.000000e+00 0.000000e+00 1.063850e+10 
10863 0.000000e+00 0.000000e+00 1.067877e+10 
10864 0.000000e+00 0.000000e+00 1.068924e+10 
10865 0.000000e+00 0.000000e+00 1.013158e+10 
10866 0.000000e+00 0.000000e+00 1.014568e+10 
10867 0.000000e+00 0.000000e+00 1.024995e+10 
10868 0.000000e+00 0.000000e+00 1.040275e+10 
10869 0.000000e+00 0.000000e+00 1.049115e+10 
10870 0.000000e+00 0.000000e+00 1.058661e+10 
10871 0.000000e+00 0.000000e+00 1.064812e+10 
10872 0.000000e+00 0.000000e+00 1.068995e+10 
10873 0.000000e+00 0.000000e+00 9.990321e+09 
10874 0.000000e+00 0.000000e+00 9.940430e+09 
10875 0.000000e+00 0.000000e+00 9.927915e+09 
10876 0.000000e+00 0.000000e+00 9.927291e+09 
10877 0.000000e+00 0.000000e+00 9.927583e+09 
10878 0.000000e+00 0.000000e+00 9.927128e+09 
10879 0.000000e+00 0.000000e+00 9.928158e+09 
10880 0.000000e+00 0.000000e+00 9.929641e+09 
10881 0.000000e+00 0.000000e+00 1.004267e+10 
10882 0.000000e+00 0.000000e+00 1.026610e+10 
10883 0.000000e+00 0.000000e+00 1.069049e+10 
10884 0.000000e+00 0.000000e+00 1.061710e+10 
10885 0.000000e+00 0.000000e+00 1.071423e+10 
10886 0.000000e+00 0.000000e+00 9.972819e+09 
10887 0.000000e+00 0.000000e+00 9.932815e+09 
10888 0.000000e+00 0.000000e+00 9.928092e+09 
10889 0.000000e+00 0.000000e+00 9.927358e+09 
10890 0.000000e+00 0.000000e+00 9.928979e+09 
10891 0.000000e+00 0.000000e+00 9.927404e+09 
10892 0.000000e+00 0.000000e+00 9.946689e+09 
10893 0.000000e+00 0.000000e+00 1.013289e+10 
10894 0.000000e+00 0.000000e+00 1.054554e+10 
10895 0.000000e+00 0.000000e+00 1.057720e+10 
10896 0.000000e+00 0.000000e+00 1.067457e+10 
10897 0.000000e+00 0.000000e+00 1.063944e+10 
10898 0.000000e+00 0.000000e+00 1.010241e+10 
10899 0.000000e+00 0.000000e+00 1.006108e+10 
10900 0.000000e+00 0.000000e+00 1.018989e+10 
10901 0.000000e+00 0.000000e+00 1.030589e+10 
10902 0.000000e+00 0.000000e+00 1.051400e+10 
10903 0.000000e+00 0.000000e+00 1.055474e+10 
10904 0.000000e+00 0.000000e+00 1.066460e+10 
10905 0.000000e+00 0.000000e+00 1.066373e+10 
10906 0.000000e+00 0.000000e+00 1.070912e+10 
10907 0.000000e+00 0.000000e+00 9.972866e+09 
10908 0.000000e+00 0.000000e+00 9.931450e+09 
10909 0.000000e+00 0.000000e+00 9.927029e+09 
10910 0.000000e+00 0.000000e+00 9.927693e+09 
10911 0.000000e+00 0.000000e+00 9.926790e+09 
10912 0.000000e+00 0.000000e+00 9.929306e+09 
10913 0.000000e+00 0.000000e+00 9.930625e+09 
10914 0.000000e+00 0.000000e+00 1.005467e+10 
10915 0.000000e+00 0.000000e+00 1.040692e+10 
10916 0.000000e+00 0.000000e+00 1.064378e+10 
10917 0.000000e+00 0.000000e+00 1.062077e+10 
10918 0.000000e+00 0.000000e+00 1.072446e+10 
10919 0.000000e+00 0.000000e+00 9.989263e+09 
10920 0.000000e+00 0.000000e+00 9.937671e+09 
10921 0.000000e+00 0.000000e+00 9.927411e+09 
10922 0.000000e+00 0.000000e+00 9.926797e+09 
10923 0.000000e+00 0.000000e+00 9.927175e+09 
10924 0.000000e+00 0.000000e+00 9.926678e+09 
10925 0.000000e+00 0.000000e+00 9.929016e+09 
10926 0.000000e+00 0.000000e+00 9.946405e+09 
10927 0.000000e+00 0.000000e+00 1.012444e+10 
10928 0.000000e+00 0.000000e+00 1.047500e+10 
10929 0.000000e+00 0.000000e+00 1.066371e+10 
10930 0.000000e+00 0.000000e+00 1.066024e+10 
10931 0.000000e+00 0.000000e+00 1.072293e+10 
10932 0.000000e+00 0.000000e+00 9.969946e+09 
10933 0.000000e+00 0.000000e+00 9.931118e+09 
10934 0.000000e+00 0.000000e+00 9.927049e+09 
10935 0.000000e+00 0.000000e+00 9.926966e+09 
10936 0.000000e+00 0.000000e+00 9.926969e+09 
10937 0.000000e+00 0.000000e+00 9.927332e+09 
10938 0.000000e+00 0.000000e+00 9.932920e+09 
10939 0.000000e+00 0.000000e+00 1.003511e+10 
10940 0.000000e+00 0.000000e+00 1.052554e+10 
10941 0.000000e+00 0.000000e+00 1.060901e+10 
10942 0.000000e+00 0.000000e+00 1.066276e+10 
10943 0.000000e+00 0.000000e+00 1.069302e+10 
10944 0.000000e+00 0.000000e+00 9.977582e+09 
10945 0.000000e+00 0.000000e+00 9.933671e+09 
10946 0.000000e+00 0.000000e+00 9.926791e+09 
10947 0.000000e+00 0.000000e+00 9.927160e+09 
10948 0.000000e+00 0.000000e+00 9.927222e+09 
10949 0.000000e+00 0.000000e+00 9.926725e+09 
10950 0.000000e+00 0.000000e+00 9.929724e+09 
10951 0.000000e+00 0.000000e+00 9.955156e+09 
10952 0.000000e+00 0.000000e+00 1.024001e+10 
10953 0.000000e+00 0.000000e+00 1.033732e+10 
10954 0.000000e+00 0.000000e+00 1.065151e+10 
10955 0.000000e+00 0.000000e+00 1.064017e+10 
10956 0.000000e+00 0.000000e+00 1.050922e+10 
10957 0.000000e+00 0.000000e+00 1.049044e+10 
10958 0.000000e+00 0.000000e+00 1.064419e+10 
10959 0.000000e+00 0.000000e+00 1.062734e+10 
10960 0.000000e+00 0.000000e+00 1.074732e+10 
10961 0.000000e+00 0.000000e+00 9.996261e+09 
10962 0.000000e+00 0.000000e+00 9.937762e+09 
10963 0.000000e+00 0.000000e+00 9.927466e+09 
10964 0.000000e+00 0.000000e+00 9.926785e+09 
10965 0.000000e+00 0.000000e+00 9.927111e+09 
10966 0.000000e+00 0.000000e+00 9.926810e+09 
10967 0.000000e+00 0.000000e+00 9.928707e+09 
10968 0.000000e+00 0.000000e+00 9.936678e+09 
10969 0.000000e+00 0.000000e+00 1.009895e+10 
10970 0.000000e+00 0.000000e+00 1.040957e+10 
10971 0.000000e+00 0.000000e+00 1.067011e+10 
10972 0.000000e+00 0.000000e+00 1.063765e+10 
10973 0.000000e+00 0.000000e+00 1.073558e+10 
10974 0.000000e+00 0.000000e+00 9.968924e+09 
10975 0.000000e+00 0.000000e+00 9.932808e+09 
10976 0.000000e+00 0.000000e+00 9.927122e+09 
10977 0.000000e+00 0.000000e+00 9.926968e+09 
10978 0.000000e+00 0.000000e+00 9.927082e+09 
10979 0.000000e+00 0.000000e+00 9.927410e+09 
10980 0.000000e+00 0.000000e+00 9.929079e+09 
10981 0.000000e+00 0.000000e+00 9.993327e+09 
10982 0.000000e+00 0.000000e+00 1.049392e+10 
10983 0.000000e+00 0.000000e+00 1.059701e+10 
10984 0.000000e+00 0.000000e+00 1.063361e+10 
10985 0.000000e+00 0.000000e+00 1.067629e+10 
10986 0.000000e+00 0.000000e+00 9.974286e+09 
10987 0.000000e+00 0.000000e+00 9.931896e+09 
10988 0.000000e+00 0.000000e+00 9.926854e+09 
10989 0.000000e+00 0.000000e+00 9.927027e+09 
10990 0.000000e+00 0.000000e+00 9.926776e+09 
10991 0.000000e+00 0.000000e+00 9.927309e+09 
10992 0.000000e+00 0.000000e+00 9.926626e+09 
10993 0.000000e+00 0.000000e+00 9.945493e+09 
10994 0.000000e+00 0.000000e+00 1.023018e+10 
10995 0.000000e+00 0.000000e+00 1.058592e+10 
10996 0.000000e+00 0.000000e+00 1.060687e+10 
10997 0.000000e+00 0.000000e+00 1.073627e+10 
10998 0.000000e+00 0.000000e+00 1.068381e+10 
10999 0.000000e+00 0.000000e+00 9.956539e+09 
11000 0.000000e+00 0.000000e+00 9.931278e+09 
11001 0.000000e+00 0.000000e+00 9.927867e+09 
11002 0.000000e+00 0.000000e+00 9.932520e+09 
11003 0.000000e+00 0.000000e+00 9.929220e+09 
11004 0.000000e+00 0.000000e+00 9.931358e+09 
11005 0.000000e+00 0.000000e+00 9.936643e+09 
11006 0.000000e+00 0.000000e+00 1.006081e+10 
11007 0.000000e+00 0.000000e+00 1.039182e+10 
11008 0.000000e+00 0.000000e+00 1.061350e+10 
11009 0.000000e+00 0.000000e+00 1.063018e+10 
11010 0.000000e+00 0.000000e+00 1.072273e+10 
11011 0.000000e+00 0.000000e+00 9.978840e+09 
11012 0.000000e+00 0.000000e+00 9.937124e+09 
11013 0.000000e+00 0.000000e+00 9.927503e+09 
11014 0.000000e+00 0.000000e+00 9.927698e+09 
11015 0.000000e+00 0.000000e+00 9.927347e+09 
11016 0.000000e+00 0.000000e+00 9.928142e+09 
11017 0.000000e+00 0.000000e+00 9.927625e+09 
11018 0.000000e+00 0.000000e+00 9.980473e+09 
11019 0.000000e+00 0.000000e+00 1.035775e+10 
11020 0.000000e+00 0.000000e+00 1.063146e+10 
11021 0.000000e+00 0.000000e+00 1.063551e+10 
11022 0.000000e+00 0.000000e+00 1.073155e+10 
11023 0.000000e+00 0.000000e+00 1.066655e+10 
11024 0.000000e+00 0.000000e+00 9.956075e+09 
11025 0.000000e+00 0.000000e+00 9.927692e+09 
11026 0.000000e+00 0.000000e+00 9.927583e+09 
11027 0.000000e+00 0.000000e+00 9.927160e+09 
11028 0.000000e+00 0.000000e+00 9.929469e+09 
11029 0.000000e+00 0.000000e+00 9.939542e+09 
11030 0.000000e+00 0.000000e+00 1.008621e+10 
11031 0.000000e+00 0.000000e+00 1.030592e+10 
11032 0.000000e+00 0.000000e+00 1.047168e+10 
11033 0.000000e+00 0.000000e+00 1.065726e+10 
11034 0.000000e+00 0.000000e+00 1.066617e+10 
11035 0.000000e+00 0.000000e+00 1.046507e+10 
11036 0.000000e+00 0.000000e+00 1.052164e+10 
11037 0.000000e+00 0.000000e+00 1.057514e+10 
11038 0.000000e+00 0.000000e+00 1.063118e+10 
11039 0.000000e+00 0.000000e+00 1.065581e+10 
11040 0.000000e+00 0.000000e+00 9.987558e+09 
11041 0.000000e+00 0.000000e+00 9.933997e+09 
11042 0.000000e+00 0.000000e+00 9.926562e+09 
11043 0.000000e+00 0.000000e+00 9.927237e+09 
11044 0.000000e+00 0.000000e+00 9.927089e+09 
11045 0.000000e+00 0.000000e+00 9.926967e+09 
11046 0.000000e+00 0.000000e+00 9.926935e+09 
11047 0.000000e+00 0.000000e+00 9.928083e+09 
11048 0.000000e+00 0.000000e+00 9.948457e+09 
11049 0.000000e+00 0.000000e+00 1.034314e+10 
11050 0.000000e+00 0.000000e+00 1.059294e+10 
11051 0.000000e+00 0.000000e+00 1.068038e+10 
11052 0.000000e+00 0.000000e+00 1.069428e+10 
11053 0.000000e+00 0.000000e+00 9.964918e+09 
11054 0.000000e+00 0.000000e+00 9.929255e+09 
11055 0.000000e+00 0.000000e+00 9.927408e+09 
11056 0.000000e+00 0.000000e+00 9.927519e+09 
11057 0.000000e+00 0.000000e+00 9.927126e+09 
11058 0.000000e+00 0.000000e+00 9.927188e+09 
11059 0.000000e+00 0.000000e+00 9.929042e+09 
11060 0.000000e+00 0.000000e+00 9.961301e+09 
11061 0.000000e+00 0.000000e+00 1.033595e+10 
11062 0.000000e+00 0.000000e+00 1.061603e+10 
11063 0.000000e+00 0.000000e+00 1.063320e+10 
11064 0.000000e+00 0.000000e+00 1.067040e+10 
11065 0.000000e+00 0.000000e+00 1.008750e+10 
11066 0.000000e+00 0.000000e+00 1.007904e+10 
11067 0.000000e+00 0.000000e+00 1.016486e+10 
11068 0.000000e+00 0.000000e+00 1.032853e+10 
11069 0.000000e+00 0.000000e+00 1.045808e+10 
11070 0.000000e+00 0.000000e+00 1.052443e+10 
11071 0.000000e+00 0.000000e+00 1.060627e+10 
11072 0.000000e+00 0.000000e+00 1.064999e+10 
11073 0.000000e+00 0.000000e+00 1.066839e+10 
11074 0.000000e+00 0.000000e+00 1.011237e+10 
11075 0.000000e+00 0.000000e+00 1.010834e+10 
11076 0.000000e+00 0.000000e+00 1.025679e+10 
11077 0.000000e+00 0.000000e+00 1.040741e+10 
11078 0.000000e+00 0.000000e+00 1.052596e+10 
11079 0.000000e+00 0.000000e+00 1.060028e+10 
11080 0.000000e+00 0.000000e+00 1.062608e+10 
11081 0.000000e+00 0.000000e+00 1.067227e+10 
11082 0.000000e+00 0.000000e+00 1.069862e+10 
11083 0.000000e+00 0.000000e+00 9.964877e+09 
11084 0.000000e+00 0.000000e+00 9.930320e+09 
11085 0.000000e+00 0.000000e+00 9.927159e+09 
11086 0.000000e+00 0.000000e+00 9.927299e+09 
11087 0.000000e+00 0.000000e+00 9.927489e+09 
11088 0.000000e+00 0.000000e+00 9.927846e+09 
11089 0.000000e+00 0.000000e+00 9.936166e+09 
11090 0.000000e+00 0.000000e+00 1.010698e+10 
11091 0.000000e+00 0.000000e+00 1.052242e+10 
11092 0.000000e+00 0.000000e+00 1.061726e+10 
11093 0.000000e+00 0.000000e+00 1.069052e+10 
11094 0.000000e+00 0.000000e+00 1.071069e+10 
11095 0.000000e+00 0.000000e+00 9.974530e+09 
11096 0.000000e+00 0.000000e+00 9.934959e+09 
11097 0.000000e+00 0.000000e+00 9.927517e+09 
11098 0.000000e+00 0.000000e+00 9.927531e+09 
11099 0.000000e+00 0.000000e+00 9.927507e+09 
11100 0.000000e+00 0.000000e+00 9.927645e+09 
11101 0.000000e+00 0.000000e+00 9.927240e+09 
11102 0.000000e+00 0.000000e+00 9.946534e+09 
11103 0.000000e+00 0.000000e+00 1.015414e+10 
11104 0.000000e+00 0.000000e+00 1.058258e+10 
11105 0.000000e+00 0.000000e+00 1.066008e+10 
11106 0.000000e+00 0.000000e+00 1.070957e+10 
11107 0.000000e+00 0.000000e+00 1.068048e+10 
11108 0.000000e+00 0.000000e+00 9.958645e+09 
11109 0.000000e+00 0.000000e+00 9.927471e+09 
11110 0.000000e+00 0.000000e+00 9.927630e+09 
11111 0.000000e+00 0.000000e+00 9.927351e+09 
11112 0.000000e+00 0.000000e+00 9.928545e+09 
11113 0.000000e+00 0.000000e+00 9.928040e+09 
11114 0.000000e+00 0.000000e+00 9.952623e+09 
11115 0.000000e+00 0.000000e+00 1.016040e+10 
11116 0.000000e+00 0.000000e+00 1.044416e+10 
11117 0.000000e+00 0.000000e+00 1.059168e+10 
11118 0.000000e+00 0.000000e+00 1.070851e+10 
11119 0.000000e+00 0.000000e+00 1.067363e+10 
11120 0.000000e+00 0.000000e+00 1.015776e+10 
11121 0.000000e+00 0.000000e+00 1.012691e+10 
11122 0.000000e+00 0.000000e+00 1.029397e+10 
11123 0.000000e+00 0.000000e+00 1.040078e+10 
11124 0.000000e+00 0.000000e+00 1.052428e+10 
11125 0.000000e+00 0.000000e+00 1.059542e+10 
11126 0.000000e+00 0.000000e+00 1.069917e+10 
11127 0.000000e+00 0.000000e+00 1.064597e+10 
11128 0.000000e+00 0.000000e+00 1.051295e+10 
11129 0.000000e+00 0.000000e+00 1.048780e+10 
11130 0.000000e+00 0.000000e+00 1.062668e+10 
11131 0.000000e+00 0.000000e+00 1.063271e+10 
11132 0.000000e+00 0.000000e+00 1.070256e+10 
11133 0.000000e+00 0.000000e+00 1.010346e+10 
11134 0.000000e+00 0.000000e+00 1.012349e+10 
11135 0.000000e+00 0.000000e+00 1.019333e+10 
11136 0.000000e+00 0.000000e+00 1.039120e+10 
11137 0.000000e+00 0.000000e+00 1.049018e+10 
11138 0.000000e+00 0.000000e+00 1.058210e+10 
11139 0.000000e+00 0.000000e+00 1.059871e+10 
11140 0.000000e+00 0.000000e+00 1.071404e+10 
11141 0.000000e+00 0.000000e+00 1.066520e+10 
11142 0.000000e+00 0.000000e+00 1.014641e+10 
11143 0.000000e+00 0.000000e+00 1.014516e+10 
11144 0.000000e+00 0.000000e+00 1.031731e+10 
11145 0.000000e+00 0.000000e+00 1.037893e+10 
11146 0.000000e+00 0.000000e+00 1.054662e+10 
11147 0.000000e+00 0.000000e+00 1.059209e+10 
11148 0.000000e+00 0.000000e+00 1.071318e+10 
11149 0.000000e+00 0.000000e+00 1.065134e+10 
11150 0.000000e+00 0.000000e+00 9.977109e+09 
11151 0.000000e+00 0.000000e+00 9.932328e+09 
11152 0.000000e+00 0.000000e+00 9.926670e+09 
11153 0.000000e+00 0.000000e+00 9.927301e+09 
11154 0.000000e+00 0.000000e+00 9.926892e+09 
11155 0.000000e+00 0.000000e+00 9.927324e+09 
11156 0.000000e+00 0.000000e+00 9.927096e+09 
11157 0.000000e+00 0.000000e+00 9.940542e+09 
11158 0.000000e+00 0.000000e+00 1.007477e+10 
11159 0.000000e+00 0.000000e+00 1.063428e+10 
11160 0.000000e+00 0.000000e+00 1.062397e+10 
11161 0.000000e+00 0.000000e+00 1.072438e+10 
11162 0.000000e+00 0.000000e+00 1.069428e+10 
11163 0.000000e+00 0.000000e+00 9.961328e+09 
11164 0.000000e+00 0.000000e+00 9.928111e+09 
11165 0.000000e+00 0.000000e+00 9.926802e+09 
11166 0.000000e+00 0.000000e+00 9.927027e+09 
11167 0.000000e+00 0.000000e+00 9.927122e+09 
11168 0.000000e+00 0.000000e+00 9.927316e+09 
11169 0.000000e+00 0.000000e+00 9.928951e+09 
11170 0.000000e+00 0.000000e+00 9.982155e+09 
11171 0.000000e+00 0.000000e+00 1.037267e+10 
11172 0.000000e+00 0.000000e+00 1.062724e+10 
11173 0.000000e+00 0.000000e+00 1.064565e+10 
11174 0.000000e+00 0.000000e+00 1.072894e+10 
11175 0.000000e+00 0.000000e+00 1.069559e+10 
11176 0.000000e+00 0.000000e+00 9.954764e+09 
11177 0.000000e+00 0.000000e+00 9.928921e+09 
11178 0.000000e+00 0.000000e+00 9.927328e+09 
11179 0.000000e+00 0.000000e+00 9.928187e+09 
11180 0.000000e+00 0.000000e+00 9.929148e+09 
11181 0.000000e+00 0.000000e+00 9.950221e+09 
11182 0.000000e+00 0.000000e+00 1.007347e+10 
11183 0.000000e+00 0.000000e+00 1.050086e+10 
11184 0.000000e+00 0.000000e+00 1.055144e+10 
11185 0.000000e+00 0.000000e+00 1.064521e+10 
11186 0.000000e+00 0.000000e+00 1.066839e+10 
11187 0.000000e+00 0.000000e+00 1.074460e+10 
11188 0.000000e+00 0.000000e+00 9.967689e+09 
11189 0.000000e+00 0.000000e+00 9.932095e+09 
11190 0.000000e+00 0.000000e+00 9.927330e+09 
11191 0.000000e+00 0.000000e+00 9.927068e+09 
11192 0.000000e+00 0.000000e+00 9.927089e+09 
11193 0.000000e+00 0.000000e+00 9.927218e+09 
11194 0.000000e+00 0.000000e+00 9.932876e+09 
11195 0.000000e+00 0.000000e+00 1.002607e+10 
11196 0.000000e+00 0.000000e+00 1.033649e+10 
11197 0.000000e+00 0.000000e+00 1.063956e+10 
11198 0.000000e+00 0.000000e+00 1.066004e+10 
11199 0.000000e+00 0.000000e+00 1.069158e+10 
11200 0.000000e+00 0.000000e+00 9.975874e+09 
11201 0.000000e+00 0.000000e+00 9.933446e+09 
11202 0.000000e+00 0.000000e+00 9.927327e+09 
11203 0.000000e+00 0.000000e+00 9.926820e+09 
11204 0.000000e+00 0.000000e+00 9.927460e+09 
11205 0.000000e+00 0.000000e+00 9.927186e+09 
11206 0.000000e+00 0.000000e+00 9.928137e+09 
11207 0.000000e+00 0.000000e+00 9.945203e+09 
11208 0.000000e+00 0.000000e+00 1.033339e+10 
11209 0.000000e+00 0.000000e+00 1.057262e+10 
11210 0.000000e+00 0.000000e+00 1.062544e+10 
11211 0.000000e+00 0.000000e+00 1.067580e+10 
11212 0.000000e+00 0.000000e+00 1.049080e+10 
11213 0.000000e+00 0.000000e+00 1.051617e+10 
11214 0.000000e+00 0.000000e+00 1.060433e+10 
11215 0.000000e+00 0.000000e+00 1.065017e+10 
11216 0.000000e+00 0.000000e+00 1.068114e+10 
11217 0.000000e+00 0.000000e+00 1.070454e+10 
11218 0.000000e+00 0.000000e+00 9.955324e+09 
11219 0.000000e+00 0.000000e+00 9.928399e+09 
11220 0.000000e+00 0.000000e+00 9.927906e+09 
11221 0.000000e+00 0.000000e+00 9.927680e+09 
11222 0.000000e+00 0.000000e+00 9.928881e+09 
11223 0.000000e+00 0.000000e+00 9.936254e+09 
11224 0.000000e+00 0.000000e+00 1.002290e+10 
11225 0.000000e+00 0.000000e+00 1.028931e+10 
11226 0.000000e+00 0.000000e+00 1.045909e+10 
11227 0.000000e+00 0.000000e+00 1.062297e+10 
11228 0.000000e+00 0.000000e+00 1.067490e+10 
11229 0.000000e+00 0.000000e+00 1.068257e+10 
11230 0.000000e+00 0.000000e+00 9.962781e+09 
11231 0.000000e+00 0.000000e+00 9.930487e+09 
11232 0.000000e+00 0.000000e+00 9.927360e+09 
11233 0.000000e+00 0.000000e+00 9.927919e+09 
11234 0.000000e+00 0.000000e+00 9.927110e+09 
11235 0.000000e+00 0.000000e+00 9.931432e+09 
11236 0.000000e+00 0.000000e+00 9.966910e+09 
11237 0.000000e+00 0.000000e+00 1.028706e+10 
11238 0.000000e+00 0.000000e+00 1.050982e+10 
11239 0.000000e+00 0.000000e+00 1.062392e+10 
11240 0.000000e+00 0.000000e+00 1.061953e+10 
11241 0.000000e+00 0.000000e+00 1.069801e+10 
11242 0.000000e+00 0.000000e+00 9.980052e+09 
11243 0.000000e+00 0.000000e+00 9.933801e+09 
11244 0.000000e+00 0.000000e+00 9.926696e+09 
11245 0.000000e+00 0.000000e+00 9.927342e+09 
11246 0.000000e+00 0.000000e+00 9.926906e+09 
11247 0.000000e+00 0.000000e+00 9.927273e+09 
11248 0.000000e+00 0.000000e+00 9.928063e+09 
11249 0.000000e+00 0.000000e+00 9.946191e+09 
11250 0.000000e+00 0.000000e+00 1.030269e+10 
11251 0.000000e+00 0.000000e+00 1.061632e+10 
11252 0.000000e+00 0.000000e+00 1.064519e+10 
11253 0.000000e+00 0.000000e+00 1.066058e+10 
11254 0.000000e+00 0.000000e+00 1.072778e+10 
11255 0.000000e+00 0.000000e+00 9.963481e+09 
11256 0.000000e+00 0.000000e+00 9.930138e+09 
11257 0.000000e+00 0.000000e+00 9.927105e+09 
11258 0.000000e+00 0.000000e+00 9.928259e+09 
11259 0.000000e+00 0.000000e+00 9.929032e+09 
11260 0.000000e+00 0.000000e+00 9.940366e+09 
11261 0.000000e+00 0.000000e+00 1.001104e+10 
11262 0.000000e+00 0.000000e+00 1.027754e+10 
11263 0.000000e+00 0.000000e+00 1.056637e+10 
11264 0.000000e+00 0.000000e+00 1.064951e+10 
11265 0.000000e+00 0.000000e+00 1.064061e+10 
11266 0.000000e+00 0.000000e+00 1.070783e+10 
11267 0.000000e+00 0.000000e+00 9.972658e+09 
11268 0.000000e+00 0.000000e+00 9.932117e+09 
11269 0.000000e+00 0.000000e+00 9.927650e+09 
11270 0.000000e+00 0.000000e+00 9.927333e+09 
11271 0.000000e+00 0.000000e+00 9.927725e+09 
11272 0.000000e+00 0.000000e+00 9.927342e+09 
11273 0.000000e+00 0.000000e+00 9.929248e+09 
11274 0.000000e+00 0.000000e+00 9.950165e+09 
11275 0.000000e+00 0.000000e+00 1.026039e+10 
11276 0.000000e+00 0.000000e+00 1.061226e+10 
11277 0.000000e+00 0.000000e+00 1.066295e+10 
11278 0.000000e+00 0.000000e+00 1.067906e+10 
11279 0.000000e+00 0.000000e+00 1.011521e+10 
11280 0.000000e+00 0.000000e+00 1.010089e+10 
11281 0.000000e+00 0.000000e+00 1.022044e+10 
11282 0.000000e+00 0.000000e+00 1.036435e+10 
11283 0.000000e+00 0.000000e+00 1.048578e+10 
11284 0.000000e+00 0.000000e+00 1.058760e+10 
11285 0.000000e+00 0.000000e+00 1.065352e+10 
11286 0.000000e+00 0.000000e+00 1.064990e+10 
11287 0.000000e+00 0.000000e+00 1.072341e+10 
11288 0.000000e+00 0.000000e+00 9.972416e+09 
11289 0.000000e+00 0.000000e+00 9.935048e+09 
11290 0.000000e+00 0.000000e+00 9.930719e+09 
11291 0.000000e+00 0.000000e+00 9.927904e+09 
11292 0.000000e+00 0.000000e+00 9.927395e+09 
11293 0.000000e+00 0.000000e+00 9.927375e+09 
11294 0.000000e+00 0.000000e+00 9.928400e+09 
11295 0.000000e+00 0.000000e+00 9.965194e+09 
11296 0.000000e+00 0.000000e+00 1.017583e+10 
11297 0.000000e+00 0.000000e+00 1.053658e+10 
11298 0.000000e+00 0.000000e+00 1.064445e+10 
11299 0.000000e+00 0.000000e+00 1.072181e+10 
11300 0.000000e+00 0.000000e+00 1.008399e+10 
11301 0.000000e+00 0.000000e+00 1.009512e+10 
11302 0.000000e+00 0.000000e+00 1.014938e+10 
11303 0.000000e+00 0.000000e+00 1.038724e+10 
11304 0.000000e+00 0.000000e+00 1.047612e+10 
11305 0.000000e+00 0.000000e+00 1.059751e+10 
11306 0.000000e+00 0.000000e+00 1.063394e+10 
11307 0.000000e+00 0.000000e+00 1.068253e+10 
11308 0.000000e+00 0.000000e+00 1.068885e+10 
11309 0.000000e+00 0.000000e+00 9.962257e+09 
11310 0.000000e+00 0.000000e+00 9.928972e+09 
11311 0.000000e+00 0.000000e+00 9.927345e+09 
11312 0.000000e+00 0.000000e+00 9.926862e+09 
11313 0.000000e+00 0.000000e+00 9.927190e+09 
11314 0.000000e+00 0.000000e+00 9.926661e+09 
11315 0.000000e+00 0.000000e+00 9.929631e+09 
11316 0.000000e+00 0.000000e+00 9.959412e+09 
11317 0.000000e+00 0.000000e+00 1.033980e+10 
11318 0.000000e+00 0.000000e+00 1.059210e+10 
11319 0.000000e+00 0.000000e+00 1.065767e+10 
11320 0.000000e+00 0.000000e+00 1.065985e+10 
11321 0.000000e+00 0.000000e+00 1.010214e+10 
11322 0.000000e+00 0.000000e+00 1.007170e+10 
11323 0.000000e+00 0.000000e+00 1.021028e+10 
11324 0.000000e+00 0.000000e+00 1.034304e+10 
11325 0.000000e+00 0.000000e+00 1.051106e+10 
11326 0.000000e+00 0.000000e+00 1.057117e+10 
11327 0.000000e+00 0.000000e+00 1.063737e+10 
11328 0.000000e+00 0.000000e+00 1.066193e+10 
11329 0.000000e+00 0.000000e+00 1.074117e+10 
11330 0.000000e+00 0.000000e+00 9.974898e+09 
11331 0.000000e+00 0.000000e+00 9.933553e+09 
11332 0.000000e+00 0.000000e+00 9.926970e+09 
11333 0.000000e+00 0.000000e+00 9.927095e+09 
11334 0.000000e+00 0.000000e+00 9.926827e+09 
11335 0.000000e+00 0.000000e+00 9.927497e+09 
11336 0.000000e+00 0.000000e+00 9.926916e+09 
11337 0.000000e+00 0.000000e+00 9.946245e+09 
11338 0.000000e+00 0.000000e+00 1.022554e+10 
11339 0.000000e+00 0.000000e+00 1.063619e+10 
11340 0.000000e+00 0.000000e+00 1.066358e+10 
11341 0.000000e+00 0.000000e+00 1.069958e+10 
11342 0.000000e+00 0.000000e+00 1.009405e+10 
11343 0.000000e+00 0.000000e+00 1.009143e+10 
11344 0.000000e+00 0.000000e+00 1.019227e+10 
11345 0.000000e+00 0.000000e+00 1.035292e+10 
11346 0.000000e+00 0.000000e+00 1.047732e+10 
11347 0.000000e+00 0.000000e+00 1.059519e+10 
11348 0.000000e+00 0.000000e+00 1.059936e+10 
11349 0.000000e+00 0.000000e+00 1.073143e+10 
11350 0.000000e+00 0.000000e+00 1.072041e+10 
11351 0.000000e+00 0.000000e+00 1.015902e+10 
11352 0.000000e+00 0.000000e+00 1.015637e+10 
11353 0.000000e+00 0.000000e+00 1.029007e+10 
11354 0.000000e+00 0.000000e+00 1.041443e+10 
11355 0.000000e+00 0.000000e+00 1.054455e+10 
11356 0.000000e+00 0.000000e+00 1.056482e+10 
11357 0.000000e+00 0.000000e+00 1.065723e+10 
11358 0.000000e+00 0.000000e+00 1.068205e+10 
11359 0.000000e+00 0.000000e+00 1.073642e+10 
11360 0.000000e+00 0.000000e+00 9.965718e+09 
11361 0.000000e+00 0.000000e+00 9.933900e+09 
11362 0.000000e+00 0.000000e+00 9.926876e+09 
11363 0.000000e+00 0.000000e+00 9.927007e+09 
11364 0.000000e+00 0.000000e+00 9.926684e+09 
11365 0.000000e+00 0.000000e+00 9.930883e+09 
11366 0.000000e+00 0.000000e+00 9.957541e+09 
11367 0.000000e+00 0.000000e+00 1.033041e+10 
11368 0.000000e+00 0.000000e+00 1.052237e+10 
11369 0.000000e+00 0.000000e+00 1.065895e+10 
11370 0.000000e+00 0.000000e+00 1.062946e+10 
11371 0.000000e+00 0.000000e+00 1.070967e+10 
11372 0.000000e+00 0.000000e+00 9.971567e+09 
11373 0.000000e+00 0.000000e+00 9.931690e+09 
11374 0.000000e+00 0.000000e+00 9.927016e+09 
11375 0.000000e+00 0.000000e+00 9.927155e+09 
11376 0.000000e+00 0.000000e+00 9.926880e+09 
11377 0.000000e+00 0.000000e+00 9.927309e+09 
11378 0.000000e+00 0.000000e+00 9.927133e+09 
11379 0.000000e+00 0.000000e+00 9.949851e+09 
11380 0.000000e+00 0.000000e+00 1.023169e+10 
11381 0.000000e+00 0.000000e+00 1.056852e+10 
11382 0.000000e+00 0.000000e+00 1.062249e+10 
11383 0.000000e+00 0.000000e+00 1.069333e+10 
11384 0.000000e+00 0.000000e+00 1.068966e+10 
11385 0.000000e+00 0.000000e+00 9.955437e+09 
11386 0.000000e+00 0.000000e+00 9.927621e+09 
11387 0.000000e+00 0.000000e+00 9.927962e+09 
11388 0.000000e+00 0.000000e+00 9.926945e+09 
11389 0.000000e+00 0.000000e+00 9.929021e+09 
11390 0.000000e+00 0.000000e+00 9.933376e+09 
11391 0.000000e+00 0.000000e+00 1.003021e+10 
11392 0.000000e+00 0.000000e+00 1.037707e+10 
11393 0.000000e+00 0.000000e+00 1.060868e+10 
11394 0.000000e+00 0.000000e+00 1.061243e+10 
11395 0.000000e+00 0.000000e+00 1.067863e+10 
11396 0.000000e+00 0.000000e+00 1.067090e+10 
11397 0.000000e+00 0.000000e+00 9.959696e+09 
11398 0.000000e+00 0.000000e+00 9.929406e+09 
11399 0.000000e+00 0.000000e+00 9.926975e+09 
11400 0.000000e+00 0.000000e+00 9.927261e+09 
11401 0.000000e+00 0.000000e+00 9.926806e+09 
11402 0.000000e+00 0.000000e+00 9.928130e+09 
11403 0.000000e+00 0.000000e+00 9.930681e+09 
11404 0.000000e+00 0.000000e+00 1.004687e+10 
11405 0.000000e+00 0.000000e+00 1.024807e+10 
11406 0.000000e+00 0.000000e+00 1.055184e+10 
11407 0.000000e+00 0.000000e+00 1.065684e+10 
11408 0.000000e+00 0.000000e+00 1.072979e+10 
11409 0.000000e+00 0.000000e+00 1.052324e+10 
11410 0.000000e+00 0.000000e+00 1.058852e+10 
11411 0.000000e+00 0.000000e+00 1.060985e+10 
11412 0.000000e+00 0.000000e+00 1.071699e+10 
11413 0.000000e+00 0.000000e+00 1.065900e+10 
11414 0.000000e+00 0.000000e+00 9.962836e+09 
11415 0.000000e+00 0.000000e+00 9.928895e+09 
11416 0.000000e+00 0.000000e+00 9.926820e+09 
11417 0.000000e+00 0.000000e+00 9.927549e+09 
11418 0.000000e+00 0.000000e+00 9.927271e+09 
11419 0.000000e+00 0.000000e+00 9.927149e+09 
11420 0.000000e+00 0.000000e+00 9.926963e+09 
11421 0.000000e+00 0.000000e+00 9.941355e+09 
11422 0.000000e+00 0.000000e+00 1.014403e+10 
11423 0.000000e+00 0.000000e+00 1.057971e+10 
11424 0.000000e+00 0.000000e+00 1.065154e+10 
11425 0.000000e+00 0.000000e+00 1.067988e+10 
11426 0.000000e+00 0.000000e+00 9.987793e+09 
11427 0.000000e+00 0.000000e+00 9.936098e+09 
11428 0.000000e+00 0.000000e+00 9.927531e+09 
11429 0.000000e+00 0.000000e+00 9.926888e+09 
11430 0.000000e+00 0.000000e+00 9.927355e+09 
11431 0.000000e+00 0.000000e+00 9.927208e+09 
11432 0.000000e+00 0.000000e+00 9.926686e+09 
11433 0.000000e+00 0.000000e+00 9.934304e+09 
11434 0.000000e+00 0.000000e+00 1.007767e+10 
11435 0.000000e+00 0.000000e+00 1.046946e+10 
11436 0.000000e+00 0.000000e+00 1.053689e+10 
11437 0.000000e+00 0.000000e+00 1.071707e+10 
11438 0.000000e+00 0.000000e+00 1.004676e+10 
11439 0.000000e+00 0.000000e+00 1.003339e+10 
11440 0.000000e+00 0.000000e+00 1.008773e+10 
11441 0.000000e+00 0.000000e+00 1.029277e+10 
11442 0.000000e+00 0.000000e+00 1.040011e+10 
11443 0.000000e+00 0.000000e+00 1.055615e+10 
11444 0.000000e+00 0.000000e+00 1.056055e+10 
11445 0.000000e+00 0.000000e+00 1.066857e+10 
11446 0.000000e+00 0.000000e+00 1.067185e+10 
11447 0.000000e+00 0.000000e+00 1.011182e+10 
11448 0.000000e+00 0.000000e+00 1.006159e+10 
11449 0.000000e+00 0.000000e+00 1.017345e+10 
11450 0.000000e+00 0.000000e+00 1.033073e+10 
11451 0.000000e+00 0.000000e+00 1.050538e+10 
11452 0.000000e+00 0.000000e+00 1.054270e+10 
11453 0.000000e+00 0.000000e+00 1.062453e+10 
11454 0.000000e+00 0.000000e+00 1.062460e+10 
11455 0.000000e+00 0.000000e+00 1.071727e+10 
11456 0.000000e+00 0.000000e+00 9.974752e+09 
11457 0.000000e+00 0.000000e+00 9.932017e+09 
11458 0.000000e+00 0.000000e+00 9.926727e+09 
11459 0.000000e+00 0.000000e+00 9.926825e+09 
11460 0.000000e+00 0.000000e+00 9.926767e+09 
11461 0.000000e+00 0.000000e+00 9.927186e+09 
11462 0.000000e+00 0.000000e+00 9.927485e+09 
11463 0.000000e+00 0.000000e+00 9.973766e+09 
11464 0.000000e+00 0.000000e+00 1.017339e+10 
11465 0.000000e+00 0.000000e+00 1.049661e+10 
11466 0.000000e+00 0.000000e+00 1.067167e+10 
11467 0.000000e+00 0.000000e+00 1.068494e+10 
11468 0.000000e+00 0.000000e+00 1.008463e+10 
11469 0.000000e+00 0.000000e+00 1.011630e+10 
11470 0.000000e+00 0.000000e+00 1.014688e+10 
11471 0.000000e+00 0.000000e+00 1.032842e+10 
11472 0.000000e+00 0.000000e+00 1.042807e+10 
11473 0.000000e+00 0.000000e+00 1.060241e+10 
11474 0.000000e+00 0.000000e+00 1.061905e+10 
11475 0.000000e+00 0.000000e+00 1.068980e+10 
11476 0.000000e+00 0.000000e+00 1.001718e+10 
11477 0.000000e+00 0.000000e+00 9.945044e+09 
11478 0.000000e+00 0.000000e+00 9.929207e+09 
11479 0.000000e+00 0.000000e+00 9.926910e+09 
11480 0.000000e+00 0.000000e+00 9.927549e+09 
11481 0.000000e+00 0.000000e+00 9.926567e+09 
11482 0.000000e+00 0.000000e+00 9.929065e+09 
11483 0.000000e+00 0.000000e+00 9.933760e+09 
11484 0.000000e+00 0.000000e+00 1.011454e+10 
11485 0.000000e+00 0.000000e+00 1.046408e+10 
11486 0.000000e+00 0.000000e+00 1.060790e+10 
11487 0.000000e+00 0.000000e+00 1.064939e+10 
11488 0.000000e+00 0.000000e+00 1.072262e+10 
11489 0.000000e+00 0.000000e+00 9.990087e+09 
11490 0.000000e+00 0.000000e+00 9.936203e+09 
11491 0.000000e+00 0.000000e+00 9.927671e+09 
11492 0.000000e+00 0.000000e+00 9.926798e+09 
11493 0.000000e+00 0.000000e+00 9.927781e+09 
11494 0.000000e+00 0.000000e+00 9.926562e+09 
11495 0.000000e+00 0.000000e+00 9.933778e+09 
11496 0.000000e+00 0.000000e+00 9.993398e+09 
11497 0.000000e+00 0.000000e+00 1.038406e+10 
11498 0.000000e+00 0.000000e+00 1.056083e+10 
11499 0.000000e+00 0.000000e+00 1.067255e+10 
11500 0.000000e+00 0.000000e+00 1.066930e+10 
11501 0.000000e+00 0.000000e+00 1.073389e+10 
11502 0.000000e+00 0.000000e+00 9.970186e+09 
11503 0.000000e+00 0.000000e+00 9.931836e+09 
11504 0.000000e+00 0.000000e+00 9.927329e+09 
11505 0.000000e+00 0.000000e+00 9.927230e+09 
11506 0.000000e+00 0.000000e+00 9.927714e+09 
11507 0.000000e+00 0.000000e+00 9.927231e+09 
11508 0.000000e+00 0.000000e+00 9.954009e+09 
11509 0.000000e+00 0.000000e+00 1.012896e+10 
11510 0.000000e+00 0.000000e+00 1.042466e+10 
11511 0.000000e+00 0.000000e+00 1.060421e+10 
11512 0.000000e+00 0.000000e+00 1.066008e+10 
11513 0.000000e+00 0.000000e+00 1.066307e+10 
11514 0.000000e+00 0.000000e+00 9.967989e+09 
11515 0.000000e+00 0.000000e+00 9.929896e+09 
11516 0.000000e+00 0.000000e+00 9.926876e+09 
11517 0.000000e+00 0.000000e+00 9.926824e+09 
11518 0.000000e+00 0.000000e+00 9.927157e+09 
11519 0.000000e+00 0.000000e+00 9.926795e+09 
11520 0.000000e+00 0.000000e+00 9.928680e+09 
11521 0.000000e+00 0.000000e+00 9.938393e+09 
11522 0.000000e+00 0.000000e+00 1.022043e+10 
11523 0.000000e+00 0.000000e+00 1.056575e+10 
11524 0.000000e+00 0.000000e+00 1.069719e+10 
11525 0.000000e+00 0.000000e+00 1.067435e+10 
11526 0.000000e+00 0.000000e+00 1.071842e+10 
11527 0.000000e+00 0.000000e+00 9.969861e+09 
11528 0.000000e+00 0.000000e+00 9.931058e+09 
11529 0.000000e+00 0.000000e+00 9.927065e+09 
11530 0.000000e+00 0.000000e+00 9.927903e+09 
11531 0.000000e+00 0.000000e+00 9.927772e+09 
11532 0.000000e+00 0.000000e+00 9.936861e+09 
11533 0.000000e+00 0.000000e+00 1.000207e+10 
11534 0.000000e+00 0.000000e+00 1.029734e+10 
11535 0.000000e+00 0.000000e+00 1.055379e+10 
11536 0.000000e+00 0.000000e+00 1.060706e+10 
11537 0.000000e+00 0.000000e+00 1.064747e+10 
11538 0.000000e+00 0.000000e+00 1.070540e+10 
11539 0.000000e+00 0.000000e+00 9.977461e+09 
11540 0.000000e+00 0.000000e+00 9.933921e+09 
11541 0.000000e+00 0.000000e+00 9.928332e+09 
11542 0.000000e+00 0.000000e+00 9.926780e+09 
11543 0.000000e+00 0.000000e+00 9.927146e+09 
11544 0.000000e+00 0.000000e+00 9.927413e+09 
11545 0.000000e+00 0.000000e+00 9.927628e+09 
11546 0.000000e+00 0.000000e+00 9.946081e+09 
11547 0.000000e+00 0.000000e+00 1.019332e+10 
11548 0.000000e+00 0.000000e+00 1.051725e+10 
11549 0.000000e+00 0.000000e+00 1.065800e+10 
11550 0.000000e+00 0.000000e+00 1.070520e+10 
11551 0.000000e+00 0.000000e+00 1.052344e+10 
11552 0.000000e+00 0.000000e+00 1.055956e+10 
11553 0.000000e+00 0.000000e+00 1.059178e+10 
11554 0.000000e+00 0.000000e+00 1.065721e+10 
11555 0.000000e+00 0.000000e+00 1.068262e+10 
11556 0.000000e+00 0.000000e+00 9.978847e+09 
11557 0.000000e+00 0.000000e+00 9.933918e+09 
11558 0.000000e+00 0.000000e+00 9.928319e+09 
11559 0.000000e+00 0.000000e+00 9.927151e+09 
11560 0.000000e+00 0.000000e+00 9.927208e+09 
11561 0.000000e+00 0.000000e+00 9.926504e+09 
11562 0.000000e+00 0.000000e+00 9.930421e+09 
11563 0.000000e+00 0.000000e+00 9.966364e+09 
11564 0.000000e+00 0.000000e+00 1.034462e+10 
11565 0.000000e+00 0.000000e+00 1.056640e+10 
11566 0.000000e+00 0.000000e+00 1.069982e+10 
11567 0.000000e+00 0.000000e+00 1.065849e+10 
11568 0.000000e+00 0.000000e+00 1.071308e+10 
11569 0.000000e+00 0.000000e+00 9.965498e+09 
11570 0.000000e+00 0.000000e+00 9.930429e+09 
11571 0.000000e+00 0.000000e+00 9.926779e+09 
11572 0.000000e+00 0.000000e+00 9.927276e+09 
11573 0.000000e+00 0.000000e+00 9.926745e+09 
11574 0.000000e+00 0.000000e+00 9.928728e+09 
11575 0.000000e+00 0.000000e+00 9.946085e+09 
11576 0.000000e+00 0.000000e+00 1.019002e+10 
11577 0.000000e+00 0.000000e+00 1.049917e+10 
11578 0.000000e+00 0.000000e+00 1.065548e+10 
11579 0.000000e+00 0.000000e+00 1.063620e+10 
11580 0.000000e+00 0.000000e+00 1.075997e+10 
11581 0.000000e+00 0.000000e+00 9.981548e+09 
11582 0.000000e+00 0.000000e+00 9.935826e+09 
11583 0.000000e+00 0.000000e+00 9.929026e+09 
11584 0.000000e+00 0.000000e+00 9.927018e+09 
11585 0.000000e+00 0.000000e+00 9.927368e+09 
11586 0.000000e+00 0.000000e+00 9.926889e+09 
11587 0.000000e+00 0.000000e+00 9.931293e+09 
11588 0.000000e+00 0.000000e+00 9.966279e+09 
11589 0.000000e+00 0.000000e+00 1.024650e+10 
11590 0.000000e+00 0.000000e+00 1.056058e+10 
11591 0.000000e+00 0.000000e+00 1.068432e+10 
11592 0.000000e+00 0.000000e+00 1.069880e+10 
11593 0.000000e+00 0.000000e+00 1.072112e+10 
11594 0.000000e+00 0.000000e+00 9.964783e+09 
11595 0.000000e+00 0.000000e+00 9.931076e+09 
11596 0.000000e+00 0.000000e+00 9.928125e+09 
11597 0.000000e+00 0.000000e+00 9.928452e+09 
11598 0.000000e+00 0.000000e+00 9.930186e+09 
11599 0.000000e+00 0.000000e+00 9.953859e+09 
11600 0.000000e+00 0.000000e+00 1.011307e+10 
11601 0.000000e+00 0.000000e+00 1.038664e+10 
11602 0.000000e+00 0.000000e+00 1.059232e+10 
11603 0.000000e+00 0.000000e+00 1.063044e+10 
11604 0.000000e+00 0.000000e+00 1.067460e+10 
11605 0.000000e+00 0.000000e+00 1.068402e+10 
11606 0.000000e+00 0.000000e+00 9.971314e+09 
11607 0.000000e+00 0.000000e+00 9.931966e+09 
11608 0.000000e+00 0.000000e+00 9.926597e+09 
11609 0.000000e+00 0.000000e+00 9.927171e+09 
11610 0.000000e+00 0.000000e+00 9.926850e+09 
11611 0.000000e+00 0.000000e+00 9.927571e+09 
11612 0.000000e+00 0.000000e+00 9.927875e+09 
11613 0.000000e+00 0.000000e+00 9.982166e+09 
11614 0.000000e+00 0.000000e+00 1.025837e+10 
11615 0.000000e+00 0.000000e+00 1.057730e+10 
11616 0.000000e+00 0.000000e+00 1.067916e+10 
11617 0.000000e+00 0.000000e+00 1.072239e+10 
11618 0.000000e+00 0.000000e+00 1.052485e+10 
11619 0.000000e+00 0.000000e+00 1.055041e+10 
11620 0.000000e+00 0.000000e+00 1.065041e+10 
11621 0.000000e+00 0.000000e+00 1.065008e+10 
11622 0.000000e+00 0.000000e+00 1.068793e+10 
11623 0.000000e+00 0.000000e+00 1.012333e+10 
11624 0.000000e+00 0.000000e+00 1.014067e+10 
11625 0.000000e+00 0.000000e+00 1.022755e+10 
11626 0.000000e+00 0.000000e+00 1.037429e+10 
11627 0.000000e+00 0.000000e+00 1.054083e+10 
11628 0.000000e+00 0.000000e+00 1.059258e+10 
11629 0.000000e+00 0.000000e+00 1.065416e+10 
11630 0.000000e+00 0.000000e+00 1.069861e+10 
11631 0.000000e+00 0.000000e+00 1.069570e+10 
11632 0.000000e+00 0.000000e+00 9.968331e+09 
11633 0.000000e+00 0.000000e+00 9.931687e+09 
11634 0.000000e+00 0.000000e+00 9.927126e+09 
11635 0.000000e+00 0.000000e+00 9.927530e+09 
11636 0.000000e+00 0.000000e+00 9.927882e+09 
11637 0.000000e+00 0.000000e+00 9.928536e+09 
11638 0.000000e+00 0.000000e+00 9.948803e+09 
11639 0.000000e+00 0.000000e+00 1.017562e+10 
11640 0.000000e+00 0.000000e+00 1.058812e+10 
11641 0.000000e+00 0.000000e+00 1.056209e+10 
11642 0.000000e+00 0.000000e+00 1.066206e+10 
11643 0.000000e+00 0.000000e+00 1.066842e+10 
11644 0.000000e+00 0.000000e+00 9.964936e+09 
11645 0.000000e+00 0.000000e+00 9.929761e+09 
11646 0.000000e+00 0.000000e+00 9.927047e+09 
11647 0.000000e+00 0.000000e+00 9.927690e+09 
11648 0.000000e+00 0.000000e+00 9.927058e+09 
11649 0.000000e+00 0.000000e+00 9.927658e+09 
11650 0.000000e+00 0.000000e+00 9.928019e+09 
11651 0.000000e+00 0.000000e+00 9.960275e+09 
11652 0.000000e+00 0.000000e+00 1.026411e+10 
11653 0.000000e+00 0.000000e+00 1.061467e+10 
11654 0.000000e+00 0.000000e+00 1.065740e+10 
11655 0.000000e+00 0.000000e+00 1.067666e+10 
11656 0.000000e+00 0.000000e+00 1.009491e+10 
11657 0.000000e+00 0.000000e+00 1.006787e+10 
11658 0.000000e+00 0.000000e+00 1.015896e+10 
11659 0.000000e+00 0.000000e+00 1.036082e+10 
11660 0.000000e+00 0.000000e+00 1.045001e+10 
11661 0.000000e+00 0.000000e+00 1.055704e+10 
11662 0.000000e+00 0.000000e+00 1.060466e+10 
11663 0.000000e+00 0.000000e+00 1.067280e+10 
11664 0.000000e+00 0.000000e+00 1.067627e+10 
11665 0.000000e+00 0.000000e+00 9.967984e+09 
11666 0.000000e+00 0.000000e+00 9.929245e+09 
11667 0.000000e+00 0.000000e+00 9.927280e+09 
11668 0.000000e+00 0.000000e+00 9.926792e+09 
11669 0.000000e+00 0.000000e+00 9.927245e+09 
11670 0.000000e+00 0.000000e+00 9.926723e+09 
11671 0.000000e+00 0.000000e+00 9.934358e+09 
11672 0.000000e+00 0.000000e+00 9.986989e+09 
11673 0.000000e+00 0.000000e+00 1.040323e+10 
11674 0.000000e+00 0.000000e+00 1.059273e+10 
11675 0.000000e+00 0.000000e+00 1.069442e+10 
11676 0.000000e+00 0.000000e+00 1.064934e+10 
11677 0.000000e+00 0.000000e+00 1.071388e+10 
11678 0.000000e+00 0.000000e+00 9.964259e+09 
11679 0.000000e+00 0.000000e+00 9.930602e+09 
11680 0.000000e+00 0.000000e+00 9.927084e+09 
11681 0.000000e+00 0.000000e+00 9.928447e+09 
11682 0.000000e+00 0.000000e+00 9.929792e+09 
11683 0.000000e+00 0.000000e+00 9.947468e+09 
11684 0.000000e+00 0.000000e+00 1.003187e+10 
11685 0.000000e+00 0.000000e+00 1.039304e+10 
11686 0.000000e+00 0.000000e+00 1.054784e+10 
11687 0.000000e+00 0.000000e+00 1.061900e+10 
11688 0.000000e+00 0.000000e+00 1.065430e+10 
11689 0.000000e+00 0.000000e+00 1.073158e+10 
11690 0.000000e+00 0.000000e+00 9.972001e+09 
11691 0.000000e+00 0.000000e+00 9.931780e+09 
11692 0.000000e+00 0.000000e+00 9.927155e+09 
11693 0.000000e+00 0.000000e+00 9.927005e+09 
11694 0.000000e+00 0.000000e+00 9.926937e+09 
11695 0.000000e+00 0.000000e+00 9.927217e+09 
11696 0.000000e+00 0.000000e+00 9.927893e+09 
11697 0.000000e+00 0.000000e+00 9.971513e+09 
11698 0.000000e+00 0.000000e+00 1.030768e+10 
11699 0.000000e+00 0.000000e+00 1.063082e+10 
11700 0.000000e+00 0.000000e+00 1.065179e+10 
11701 0.000000e+00 0.000000e+00 1.075802e+10 
11702 0.000000e+00 0.000000e+00 1.047612e+10 
11703 0.000000e+00 0.000000e+00 1.058886e+10 
11704 0.000000e+00 0.000000e+00 1.057770e+10 
11705 0.000000e+00 0.000000e+00 1.069757e+10 
11706 0.000000e+00 0.000000e+00 1.065081e+10 
11707 0.000000e+00 0.000000e+00 1.013909e+10 
11708 0.000000e+00 0.000000e+00 1.012250e+10 
11709 0.000000e+00 0.000000e+00 1.027054e+10 
11710 0.000000e+00 0.000000e+00 1.035836e+10 
11711 0.000000e+00 0.000000e+00 1.050000e+10 
11712 0.000000e+00 0.000000e+00 1.056441e+10 
11713 0.000000e+00 0.000000e+00 1.067978e+10 
11714 0.000000e+00 0.000000e+00 1.063625e+10 
11715 0.000000e+00 0.000000e+00 1.074505e+10 
11716 0.000000e+00 0.000000e+00 9.967061e+09 
11717 0.000000e+00 0.000000e+00 9.931873e+09 
11718 0.000000e+00 0.000000e+00 9.926924e+09 
11719 0.000000e+00 0.000000e+00 9.927166e+09 
11720 0.000000e+00 0.000000e+00 9.926974e+09 
11721 0.000000e+00 0.000000e+00 9.928281e+09 
11722 0.000000e+00 0.000000e+00 9.936012e+09 
11723 0.000000e+00 0.000000e+00 1.007672e+10 
11724 0.000000e+00 0.000000e+00 1.054817e+10 
11725 0.000000e+00 0.000000e+00 1.061526e+10 
11726 0.000000e+00 0.000000e+00 1.066259e+10 
11727 0.000000e+00 0.000000e+00 1.068364e+10 
11728 0.000000e+00 0.000000e+00 9.974803e+09 
11729 0.000000e+00 0.000000e+00 9.933705e+09 
11730 0.000000e+00 0.000000e+00 9.928032e+09 
11731 0.000000e+00 0.000000e+00 9.927021e+09 
11732 0.000000e+00 0.000000e+00 9.926822e+09 
11733 0.000000e+00 0.000000e+00 9.928180e+09 
11734 0.000000e+00 0.000000e+00 9.927389e+09 
11735 0.000000e+00 0.000000e+00 9.978191e+09 
11736 0.000000e+00 0.000000e+00 1.036662e+10 
11737 0.000000e+00 0.000000e+00 1.060586e+10 
11738 0.000000e+00 0.000000e+00 1.064668e+10 
11739 0.000000e+00 0.000000e+00 1.070342e+10 
11740 0.000000e+00 0.000000e+00 9.992982e+09 
11741 0.000000e+00 0.000000e+00 9.938771e+09 
11742 0.000000e+00 0.000000e+00 9.928151e+09 
11743 0.000000e+00 0.000000e+00 9.926645e+09 
11744 0.000000e+00 0.000000e+00 9.927156e+09 
11745 0.000000e+00 0.000000e+00 9.926880e+09 
11746 0.000000e+00 0.000000e+00 9.927743e+09 
11747 0.000000e+00 0.000000e+00 9.930187e+09 
11748 0.000000e+00 0.000000e+00 1.006913e+10 
11749 0.000000e+00 0.000000e+00 1.043219e+10 
11750 0.000000e+00 0.000000e+00 1.064556e+10 
11751 0.000000e+00 0.000000e+00 1.063184e+10 
11752 0.000000e+00 0.000000e+00 1.005668e+10 
11753 0.000000e+00 0.000000e+00 1.001083e+10 
11754 0.000000e+00 0.000000e+00 1.008120e+10 
11755 0.000000e+00 0.000000e+00 1.018571e+10 
11756 0.000000e+00 0.000000e+00 1.038648e+10 
11757 0.000000e+00 0.000000e+00 1.051182e+10 
11758 0.000000e+00 0.000000e+00 1.062239e+10 
11759 0.000000e+00 0.000000e+00 1.064769e+10 
11760 0.000000e+00 0.000000e+00 1.072590e+10 
11761 0.000000e+00 0.000000e+00 1.006244e+10 
11762 0.000000e+00 0.000000e+00 1.004964e+10 
11763 0.000000e+00 0.000000e+00 1.013015e+10 
11764 0.000000e+00 0.000000e+00 1.032479e+10 
11765 0.000000e+00 0.000000e+00 1.045901e+10 
11766 0.000000e+00 0.000000e+00 1.056502e+10 
11767 0.000000e+00 0.000000e+00 1.058249e+10 
11768 0.000000e+00 0.000000e+00 1.067600e+10 
11769 0.000000e+00 0.000000e+00 1.067762e+10 
11770 0.000000e+00 0.000000e+00 1.013263e+10 
11771 0.000000e+00 0.000000e+00 1.008431e+10 
11772 0.000000e+00 0.000000e+00 1.024063e+10 
11773 0.000000e+00 0.000000e+00 1.037326e+10 
11774 0.000000e+00 0.000000e+00 1.050506e+10 
11775 0.000000e+00 0.000000e+00 1.056052e+10 
11776 0.000000e+00 0.000000e+00 1.068900e+10 
11777 0.000000e+00 0.000000e+00 1.063068e+10 
11778 0.000000e+00 0.000000e+00 1.073232e+10 
11779 0.000000e+00 0.000000e+00 9.969448e+09 
11780 0.000000e+00 0.000000e+00 9.930766e+09 
11781 0.000000e+00 0.000000e+00 9.930262e+09 
11782 0.000000e+00 0.000000e+00 9.926758e+09 
11783 0.000000e+00 0.000000e+00 9.927917e+09 
11784 0.000000e+00 0.000000e+00 9.927155e+09 
11785 0.000000e+00 0.000000e+00 9.951312e+09 
11786 0.000000e+00 0.000000e+00 1.013987e+10 
11787 0.000000e+00 0.000000e+00 1.044516e+10 
11788 0.000000e+00 0.000000e+00 1.057070e+10 
11789 0.000000e+00 0.000000e+00 1.066337e+10 
11790 0.000000e+00 0.000000e+00 1.001645e+10 
11791 0.000000e+00 0.000000e+00 1.000476e+10 
11792 0.000000e+00 0.000000e+00 1.003596e+10 
11793 0.000000e+00 0.000000e+00 1.019712e+10 
11794 0.000000e+00 0.000000e+00 1.037766e+10 
11795 0.000000e+00 0.000000e+00 1.051367e+10 
11796 0.000000e+00 0.000000e+00 1.054151e+10 
11797 0.000000e+00 0.000000e+00 1.065141e+10 
11798 0.000000e+00 0.000000e+00 1.062755e+10 
11799 0.000000e+00 0.000000e+00 1.073972e+10 
11800 0.000000e+00 0.000000e+00 9.969852e+09 
11801 0.000000e+00 0.000000e+00 9.931600e+09 
11802 0.000000e+00 0.000000e+00 9.927396e+09 
11803 0.000000e+00 0.000000e+00 9.927477e+09 
11804 0.000000e+00 0.000000e+00 9.926895e+09 
11805 0.000000e+00 0.000000e+00 9.928721e+09 
11806 0.000000e+00 0.000000e+00 9.932641e+09 
11807 0.000000e+00 0.000000e+00 1.004265e+10 
11808 0.000000e+00 0.000000e+00 1.037103e+10 
11809 0.000000e+00 0.000000e+00 1.046967e+10 
11810 0.000000e+00 0.000000e+00 1.044636e+10 
11811 0.000000e+00 0.000000e+00 1.075923e+10 
11812 0.000000e+00 0.000000e+00 9.980784e+09 
11813 0.000000e+00 0.000000e+00 9.933700e+09 
11814 0.000000e+00 0.000000e+00 9.927355e+09 
11815 0.000000e+00 0.000000e+00 9.926772e+09 
11816 0.000000e+00 0.000000e+00 9.927102e+09 
11817 0.000000e+00 0.000000e+00 9.926704e+09 
11818 0.000000e+00 0.000000e+00 9.930264e+09 
11819 0.000000e+00 0.000000e+00 9.959214e+09 
11820 0.000000e+00 0.000000e+00 1.028993e+10 
11821 0.000000e+00 0.000000e+00 1.048945e+10 
11822 0.000000e+00 0.000000e+00 1.064801e+10 
11823 0.000000e+00 0.000000e+00 1.068906e+10 
11824 0.000000e+00 0.000000e+00 1.071323e+10 
11825 0.000000e+00 0.000000e+00 9.964235e+09 
11826 0.000000e+00 0.000000e+00 9.930092e+09 
11827 0.000000e+00 0.000000e+00 9.927182e+09 
11828 0.000000e+00 0.000000e+00 9.928876e+09 
11829 0.000000e+00 0.000000e+00 9.927095e+09 
11830 0.000000e+00 0.000000e+00 9.938547e+09 
11831 0.000000e+00 0.000000e+00 9.982986e+09 
11832 0.000000e+00 0.000000e+00 1.037937e+10 
11833 0.000000e+00 0.000000e+00 1.052785e+10 
11834 0.000000e+00 0.000000e+00 1.067759e+10 
11835 0.000000e+00 0.000000e+00 1.061557e+10 
11836 0.000000e+00 0.000000e+00 1.070768e+10 
11837 0.000000e+00 0.000000e+00 9.972514e+09 
11838 0.000000e+00 0.000000e+00 9.931688e+09 
11839 0.000000e+00 0.000000e+00 9.926721e+09 
11840 0.000000e+00 0.000000e+00 9.926747e+09 
11841 0.000000e+00 0.000000e+00 9.928864e+09 
11842 0.000000e+00 0.000000e+00 9.929791e+09 
11843 0.000000e+00 0.000000e+00 9.982626e+09 
11844 0.000000e+00 0.000000e+00 1.018744e+10 
11845 0.000000e+00 0.000000e+00 1.052039e+10 
11846 0.000000e+00 0.000000e+00 1.057651e+10 
11847 0.000000e+00 0.000000e+00 1.067019e+10 
11848 0.000000e+00 0.000000e+00 1.065254e+10 
11849 0.000000e+00 0.000000e+00 1.074562e+10 
11850 0.000000e+00 0.000000e+00 9.962569e+09 
11851 0.000000e+00 0.000000e+00 9.930769e+09 
11852 0.000000e+00 0.000000e+00 9.928172e+09 
11853 0.000000e+00 0.000000e+00 9.929594e+09 
11854 0.000000e+00 0.000000e+00 9.931445e+09 
11855 0.000000e+00 0.000000e+00 9.967751e+09 
11856 0.000000e+00 0.000000e+00 1.007520e+10 
11857 0.000000e+00 0.000000e+00 1.031799e+10 
11858 0.000000e+00 0.000000e+00 1.054265e+10 
11859 0.000000e+00 0.000000e+00 1.062364e+10 
11860 0.000000e+00 0.000000e+00 1.068136e+10 
11861 0.000000e+00 0.000000e+00 1.069987e+10 
11862 0.000000e+00 0.000000e+00 9.964890e+09 
11863 0.000000e+00 0.000000e+00 9.930667e+09 
11864 0.000000e+00 0.000000e+00 9.926634e+09 
11865 0.000000e+00 0.000000e+00 9.927660e+09 
11866 0.000000e+00 0.000000e+00 9.926999e+09 
11867 0.000000e+00 0.000000e+00 9.928865e+09 
11868 0.000000e+00 0.000000e+00 9.938403e+09 
11869 0.000000e+00 0.000000e+00 1.007676e+10 
11870 0.000000e+00 0.000000e+00 1.046609e+10 
11871 0.000000e+00 0.000000e+00 1.065126e+10 
11872 0.000000e+00 0.000000e+00 1.061293e+10 
11873 0.000000e+00 0.000000e+00 1.071069e+10 
11874 0.000000e+00 0.000000e+00 1.048520e+10 
11875 0.000000e+00 0.000000e+00 1.059653e+10 
11876 0.000000e+00 0.000000e+00 1.059083e+10 
11877 0.000000e+00 0.000000e+00 1.069051e+10 
11878 0.000000e+00 0.000000e+00 1.066162e+10 
11879 0.000000e+00 0.000000e+00 9.963742e+09 
11880 0.000000e+00 0.000000e+00 9.928580e+09 
11881 0.000000e+00 0.000000e+00 9.926900e+09 
11882 0.000000e+00 0.000000e+00 9.928000e+09 
11883 0.000000e+00 0.000000e+00 9.926695e+09 
11884 0.000000e+00 0.000000e+00 9.928967e+09 
11885 0.000000e+00 0.000000e+00 9.932073e+09 
11886 0.000000e+00 0.000000e+00 1.009242e+10 
11887 0.000000e+00 0.000000e+00 1.037121e+10 
11888 0.000000e+00 0.000000e+00 1.058065e+10 
11889 0.000000e+00 0.000000e+00 1.063474e+10 
11890 0.000000e+00 0.000000e+00 1.071414e+10 
11891 0.000000e+00 0.000000e+00 1.049706e+10 
11892 0.000000e+00 0.000000e+00 1.056799e+10 
11893 0.000000e+00 0.000000e+00 1.060029e+10 
11894 0.000000e+00 0.000000e+00 1.068552e+10 
11895 0.000000e+00 0.000000e+00 1.065209e+10 
11896 0.000000e+00 0.000000e+00 1.012110e+10 
11897 0.000000e+00 0.000000e+00 1.008389e+10 
11898 0.000000e+00 0.000000e+00 1.024244e+10 
11899 0.000000e+00 0.000000e+00 1.033720e+10 
11900 0.000000e+00 0.000000e+00 1.050067e+10 
11901 0.000000e+00 0.000000e+00 1.053757e+10 
11902 0.000000e+00 0.000000e+00 1.066980e+10 
11903 0.000000e+00 0.000000e+00 1.067250e+10 
11904 0.000000e+00 0.000000e+00 1.048405e+10 
11905 0.000000e+00 0.000000e+00 1.047040e+10 
11906 0.000000e+00 0.000000e+00 1.059292e+10 
11907 0.000000e+00 0.000000e+00 1.063377e+10 
11908 0.000000e+00 0.000000e+00 1.070335e+10 
11909 0.000000e+00 0.000000e+00 1.006334e+10 
11910 0.000000e+00 0.000000e+00 1.005965e+10 
11911 0.000000e+00 0.000000e+00 1.011530e+10 
11912 0.000000e+00 0.000000e+00 1.033625e+10 
11913 0.000000e+00 0.000000e+00 1.040440e+10 
11914 0.000000e+00 0.000000e+00 1.061743e+10 
11915 0.000000e+00 0.000000e+00 1.056822e+10 
11916 0.000000e+00 0.000000e+00 1.069419e+10 
11917 0.000000e+00 0.000000e+00 1.066237e+10 
11918 0.000000e+00 0.000000e+00 1.012389e+10 
11919 0.000000e+00 0.000000e+00 1.008992e+10 
11920 0.000000e+00 0.000000e+00 1.024357e+10 
11921 0.000000e+00 0.000000e+00 1.038552e+10 
11922 0.000000e+00 0.000000e+00 1.052149e+10 
11923 0.000000e+00 0.000000e+00 1.053910e+10 
11924 0.000000e+00 0.000000e+00 1.066752e+10 
11925 0.000000e+00 0.000000e+00 1.065232e+10 
11926 0.000000e+00 0.000000e+00 1.071234e+10 
11927 0.000000e+00 0.000000e+00 9.973675e+09 
11928 0.000000e+00 0.000000e+00 9.934510e+09 
11929 0.000000e+00 0.000000e+00 9.926959e+09 
11930 0.000000e+00 0.000000e+00 9.927261e+09 
11931 0.000000e+00 0.000000e+00 9.927134e+09 
11932 0.000000e+00 0.000000e+00 9.928368e+09 
11933 0.000000e+00 0.000000e+00 9.928512e+09 
11934 0.000000e+00 0.000000e+00 1.004256e+10 
11935 0.000000e+00 0.000000e+00 1.044553e+10 
11936 0.000000e+00 0.000000e+00 1.063888e+10 
11937 0.000000e+00 0.000000e+00 1.065940e+10 
11938 0.000000e+00 0.000000e+00 1.069945e+10 
11939 0.000000e+00 0.000000e+00 1.068376e+10 
11940 0.000000e+00 0.000000e+00 9.955151e+09 
11941 0.000000e+00 0.000000e+00 9.928546e+09 
11942 0.000000e+00 0.000000e+00 9.928881e+09 
11943 0.000000e+00 0.000000e+00 9.929314e+09 
11944 0.000000e+00 0.000000e+00 9.937344e+09 
11945 0.000000e+00 0.000000e+00 9.983530e+09 
11946 0.000000e+00 0.000000e+00 1.011929e+10 
11947 0.000000e+00 0.000000e+00 1.036555e+10 
11948 0.000000e+00 0.000000e+00 1.062586e+10 
11949 0.000000e+00 0.000000e+00 1.063357e+10 
11950 0.000000e+00 0.000000e+00 1.068691e+10 
11951 0.000000e+00 0.000000e+00 1.072029e+10 
11952 0.000000e+00 0.000000e+00 9.958059e+09 
11953 0.000000e+00 0.000000e+00 9.928341e+09 
11954 0.000000e+00 0.000000e+00 9.927213e+09 
11955 0.000000e+00 0.000000e+00 9.926910e+09 
11956 0.000000e+00 0.000000e+00 9.926928e+09 
11957 0.000000e+00 0.000000e+00 9.927672e+09 
11958 0.000000e+00 0.000000e+00 9.931669e+09 
11959 0.000000e+00 0.000000e+00 1.001923e+10 
11960 0.000000e+00 0.000000e+00 1.049721e+10 
11961 0.000000e+00 0.000000e+00 1.059880e+10 
11962 0.000000e+00 0.000000e+00 1.065911e+10 
11963 0.000000e+00 0.000000e+00 1.069967e+10 
11964 0.000000e+00 0.000000e+00 9.966659e+09 
11965 0.000000e+00 0.000000e+00 9.928780e+09 
11966 0.000000e+00 0.000000e+00 9.926847e+09 
11967 0.000000e+00 0.000000e+00 9.927225e+09 
11968 0.000000e+00 0.000000e+00 9.927183e+09 
11969 0.000000e+00 0.000000e+00 9.926744e+09 
11970 0.000000e+00 0.000000e+00 9.930207e+09 
11971 0.000000e+00 0.000000e+00 9.982520e+09 
11972 0.000000e+00 0.000000e+00 1.040616e+10 
11973 0.000000e+00 0.000000e+00 1.057357e+10 
11974 0.000000e+00 0.000000e+00 1.069630e+10 
11975 0.000000e+00 0.000000e+00 1.066778e+10 
11976 0.000000e+00 0.000000e+00 1.010375e+10 
11977 0.000000e+00 0.000000e+00 1.006457e+10 
11978 0.000000e+00 0.000000e+00 1.019636e+10 
11979 0.000000e+00 0.000000e+00 1.030994e+10 
11980 0.000000e+00 0.000000e+00 1.049069e+10 
11981 0.000000e+00 0.000000e+00 1.051594e+10 
11982 0.000000e+00 0.000000e+00 1.066637e+10 
11983 0.000000e+00 0.000000e+00 1.064664e+10 
11984 0.000000e+00 0.000000e+00 1.071362e+10 
11985 0.000000e+00 0.000000e+00 9.974941e+09 
11986 0.000000e+00 0.000000e+00 9.933629e+09 
11987 0.000000e+00 0.000000e+00 9.927076e+09 
11988 0.000000e+00 0.000000e+00 9.926983e+09 
11989 0.000000e+00 0.000000e+00 9.927590e+09 
11990 0.000000e+00 0.000000e+00 9.926728e+09 
11991 0.000000e+00 0.000000e+00 9.936760e+09 
11992 0.000000e+00 0.000000e+00 1.002111e+10 
11993 0.000000e+00 0.000000e+00 1.037823e+10 
11994 0.000000e+00 0.000000e+00 1.055880e+10 
11995 0.000000e+00 0.000000e+00 1.067956e+10 
11996 0.000000e+00 0.000000e+00 1.065813e+10 
11997 0.000000e+00 0.000000e+00 1.053655e+10 
11998 0.000000e+00 0.000000e+00 1.054138e+10 
11999 0.000000e+00 0.000000e+00 1.065424e+10 
12000 0.000000e+00 0.000000e+00 1.062150e+10 
12001 0.000000e+00 0.000000e+00 1.073095e+10 
12002 0.000000e+00 0.000000e+00 9.984645e+09 
12003 0.000000e+00 0.000000e+00 9.935173e+09 
12004 0.000000e+00 0.000000e+00 9.927851e+09 
12005 0.000000e+00 0.000000e+00 9.926793e+09 
12006 0.000000e+00 0.000000e+00 9.928806e+09 
12007 0.000000e+00 0.000000e+00 9.928145e+09 
12008 0.000000e+00 0.000000e+00 9.955750e+09 
12009 0.000000e+00 0.000000e+00 1.012873e+10 
12010 0.000000e+00 0.000000e+00 1.048313e+10 
12011 0.000000e+00 0.000000e+00 1.053520e+10 
12012 0.000000e+00 0.000000e+00 1.065321e+10 
12013 0.000000e+00 0.000000e+00 1.064070e+10 
12014 0.000000e+00 0.000000e+00 1.073817e+10 
12015 0.000000e+00 0.000000e+00 9.965927e+09 
12016 0.000000e+00 0.000000e+00 9.931042e+09 
12017 0.000000e+00 0.000000e+00 9.926876e+09 
12018 0.000000e+00 0.000000e+00 9.927954e+09 
12019 0.000000e+00 0.000000e+00 9.926966e+09 
12020 0.000000e+00 0.000000e+00 9.931081e+09 
12021 0.000000e+00 0.000000e+00 9.942523e+09 
12022 0.000000e+00 0.000000e+00 1.023508e+10 
12023 0.000000e+00 0.000000e+00 1.055491e+10 
12024 0.000000e+00 0.000000e+00 1.064216e+10 
12025 0.000000e+00 0.000000e+00 1.061665e+10 
12026 0.000000e+00 0.000000e+00 1.072424e+10 
12027 0.000000e+00 0.000000e+00 9.981842e+09 
12028 0.000000e+00 0.000000e+00 9.933341e+09 
12029 0.000000e+00 0.000000e+00 9.927391e+09 
12030 0.000000e+00 0.000000e+00 9.927559e+09 
12031 0.000000e+00 0.000000e+00 9.926845e+09 
12032 0.000000e+00 0.000000e+00 9.927486e+09 
12033 0.000000e+00 0.000000e+00 9.927417e+09 
12034 0.000000e+00 0.000000e+00 9.974313e+09 
12035 0.000000e+00 0.000000e+00 1.030605e+10 
12036 0.000000e+00 0.000000e+00 1.063392e+10 
12037 0.000000e+00 0.000000e+00 1.062493e+10 
12038 0.000000e+00 0.000000e+00 1.068797e+10 
12039 0.000000e+00 0.000000e+00 1.008399e+10 
12040 0.000000e+00 0.000000e+00 1.007482e+10 
12041 0.000000e+00 0.000000e+00 1.014323e+10 
12042 0.000000e+00 0.000000e+00 1.038159e+10 
12043 0.000000e+00 0.000000e+00 1.043415e+10 
12044 0.000000e+00 0.000000e+00 1.056828e+10 
12045 0.000000e+00 0.000000e+00 1.060272e+10 
12046 0.000000e+00 0.000000e+00 1.068514e+10 
12047 0.000000e+00 0.000000e+00 1.065210e+10 
12048 0.000000e+00 0.000000e+00 1.013952e+10 
12049 0.000000e+00 0.000000e+00 1.010231e+10 
12050 0.000000e+00 0.000000e+00 1.026549e+10 
12051 0.000000e+00 0.000000e+00 1.037973e+10 
12052 0.000000e+00 0.000000e+00 1.052133e+10 
12053 0.000000e+00 0.000000e+00 1.054197e+10 
12054 0.000000e+00 0.000000e+00 1.069981e+10 
12055 0.000000e+00 0.000000e+00 1.065081e+10 
12056 0.000000e+00 0.000000e+00 1.072283e+10 
12057 0.000000e+00 0.000000e+00 9.965856e+09 
12058 0.000000e+00 0.000000e+00 9.930531e+09 
12059 0.000000e+00 0.000000e+00 9.926764e+09 
12060 0.000000e+00 0.000000e+00 9.927298e+09 
12061 0.000000e+00 0.000000e+00 9.926766e+09 
12062 0.000000e+00 0.000000e+00 9.929593e+09 
12063 0.000000e+00 0.000000e+00 9.947899e+09 
12064 0.000000e+00 0.000000e+00 1.015662e+10 
12065 0.000000e+00 0.000000e+00 1.047441e+10 
12066 0.000000e+00 0.000000e+00 1.065529e+10 
12067 0.000000e+00 0.000000e+00 1.066238e+10 
12068 0.000000e+00 0.000000e+00 1.070285e+10 
12069 0.000000e+00 0.000000e+00 9.975569e+09 
12070 0.000000e+00 0.000000e+00 9.933307e+09 
12071 0.000000e+00 0.000000e+00 9.927425e+09 
12072 0.000000e+00 0.000000e+00 9.926829e+09 
12073 0.000000e+00 0.000000e+00 9.926960e+09 
12074 0.000000e+00 0.000000e+00 9.926790e+09 
12075 0.000000e+00 0.000000e+00 9.929769e+09 
12076 0.000000e+00 0.000000e+00 9.967892e+09 
12077 0.000000e+00 0.000000e+00 1.023670e+10 
12078 0.000000e+00 0.000000e+00 1.052992e+10 
12079 0.000000e+00 0.000000e+00 1.066275e+10 
12080 0.000000e+00 0.000000e+00 1.066572e+10 
12081 0.000000e+00 0.000000e+00 1.008583e+10 
12082 0.000000e+00 0.000000e+00 1.007258e+10 
12083 0.000000e+00 0.000000e+00 1.015994e+10 
12084 0.000000e+00 0.000000e+00 1.032543e+10 
12085 0.000000e+00 0.000000e+00 1.047285e+10 
12086 0.000000e+00 0.000000e+00 1.056127e+10 
12087 0.000000e+00 0.000000e+00 1.063995e+10 
12088 0.000000e+00 0.000000e+00 1.065144e+10 
12089 0.000000e+00 0.000000e+00 1.045749e+10 
12090 0.000000e+00 0.000000e+00 1.050503e+10 
12091 0.000000e+00 0.000000e+00 1.058897e+10 
12092 0.000000e+00 0.000000e+00 1.061241e+10 
12093 0.000000e+00 0.000000e+00 1.069571e+10 
12094 0.000000e+00 0.000000e+00 1.046246e+10 
12095 0.000000e+00 0.000000e+00 1.050905e+10 
12096 0.000000e+00 0.000000e+00 1.057600e+10 
12097 0.000000e+00 0.000000e+00 1.063380e+10 
12098 0.000000e+00 0.000000e+00 1.070518e+10 
12099 0.000000e+00 0.000000e+00 1.069623e+10 
12100 0.000000e+00 0.000000e+00 9.966183e+09 
12101 0.000000e+00 0.000000e+00 9.930837e+09 
12102 0.000000e+00 0.000000e+00 9.926894e+09 
12103 0.000000e+00 0.000000e+00 9.927760e+09 
12104 0.000000e+00 0.000000e+00 9.927007e+09 
12105 0.000000e+00 0.000000e+00 9.929477e+09 
12106 0.000000e+00 0.000000e+00 9.939781e+09 
12107 0.000000e+00 0.000000e+00 1.013269e+10 
12108 0.000000e+00 0.000000e+00 1.047522e+10 
12109 0.000000e+00 0.000000e+00 1.060508e+10 
12110 0.000000e+00 0.000000e+00 1.065876e+10 
12111 0.000000e+00 0.000000e+00 1.069486e+10 
12112 0.000000e+00 0.000000e+00 1.012334e+10 
12113 0.000000e+00 0.000000e+00 1.011319e+10 
12114 0.000000e+00 0.000000e+00 1.023252e+10 
12115 0.000000e+00 0.000000e+00 1.039105e+10 
12116 0.000000e+00 0.000000e+00 1.053423e+10 
12117 0.000000e+00 0.000000e+00 1.061009e+10 
12118 0.000000e+00 0.000000e+00 1.064425e+10 
12119 0.000000e+00 0.000000e+00 1.070055e+10 
12120 0.000000e+00 0.000000e+00 1.069944e+10 
12121 0.000000e+00 0.000000e+00 9.960447e+09 
12122 0.000000e+00 0.000000e+00 9.928542e+09 
12123 0.000000e+00 0.000000e+00 9.926932e+09 
12124 0.000000e+00 0.000000e+00 9.927682e+09 
12125 0.000000e+00 0.000000e+00 9.926696e+09 
12126 0.000000e+00 0.000000e+00 9.930991e+09 
12127 0.000000e+00 0.000000e+00 9.951562e+09 
12128 0.000000e+00 0.000000e+00 1.026939e+10 
12129 0.000000e+00 0.000000e+00 1.049719e+10 
12130 0.000000e+00 0.000000e+00 1.067985e+10 
12131 0.000000e+00 0.000000e+00 1.064702e+10 
12132 0.000000e+00 0.000000e+00 1.070929e+10 
12133 0.000000e+00 0.000000e+00 9.978850e+09 
12134 0.000000e+00 0.000000e+00 9.933593e+09 
12135 0.000000e+00 0.000000e+00 9.927053e+09 
12136 0.000000e+00 0.000000e+00 9.926881e+09 
12137 0.000000e+00 0.000000e+00 9.926741e+09 
12138 0.000000e+00 0.000000e+00 9.927061e+09 
12139 0.000000e+00 0.000000e+00 9.927575e+09 
12140 0.000000e+00 0.000000e+00 9.945065e+09 
12141 0.000000e+00 0.000000e+00 1.026768e+10 
12142 0.000000e+00 0.000000e+00 1.059300e+10 
12143 0.000000e+00 0.000000e+00 1.067126e+10 
12144 0.000000e+00 0.000000e+00 1.069478e+10 
12145 0.000000e+00 0.000000e+00 9.981651e+09 
12146 0.000000e+00 0.000000e+00 9.935000e+09 
12147 0.000000e+00 0.000000e+00 9.926592e+09 
12148 0.000000e+00 0.000000e+00 9.927013e+09 
12149 0.000000e+00 0.000000e+00 9.926723e+09 
12150 0.000000e+00 0.000000e+00 9.927622e+09 
12151 0.000000e+00 0.000000e+00 9.927346e+09 
12152 0.000000e+00 0.000000e+00 9.961371e+09 
12153 0.000000e+00 0.000000e+00 1.023782e+10 
12154 0.000000e+00 0.000000e+00 1.059973e+10 
12155 0.000000e+00 0.000000e+00 1.060035e+10 
12156 0.000000e+00 0.000000e+00 1.069432e+10 
12157 0.000000e+00 0.000000e+00 1.066574e+10 
12158 0.000000e+00 0.000000e+00 9.959802e+09 
12159 0.000000e+00 0.000000e+00 9.929279e+09 
12160 0.000000e+00 0.000000e+00 9.926900e+09 
12161 0.000000e+00 0.000000e+00 9.926972e+09 
12162 0.000000e+00 0.000000e+00 9.926931e+09 
12163 0.000000e+00 0.000000e+00 9.927264e+09 
12164 0.000000e+00 0.000000e+00 9.926796e+09 
12165 0.000000e+00 0.000000e+00 9.948834e+09 
12166 0.000000e+00 0.000000e+00 1.019706e+10 
12167 0.000000e+00 0.000000e+00 1.061081e+10 
12168 0.000000e+00 0.000000e+00 1.061826e+10 
12169 0.000000e+00 0.000000e+00 1.070261e+10 
12170 0.000000e+00 0.000000e+00 1.008672e+10 
12171 0.000000e+00 0.000000e+00 1.010809e+10 
12172 0.000000e+00 0.000000e+00 1.017095e+10 
12173 0.000000e+00 0.000000e+00 1.035222e+10 
12174 0.000000e+00 0.000000e+00 1.045119e+10 
12175 0.000000e+00 0.000000e+00 1.058124e+10 
12176 0.000000e+00 0.000000e+00 1.058409e+10 
12177 0.000000e+00 0.000000e+00 1.069518e+10 
12178 0.000000e+00 0.000000e+00 1.042168e+10 
12179 0.000000e+00 0.000000e+00 1.048657e+10 
12180 0.000000e+00 0.000000e+00 1.057419e+10 
12181 0.000000e+00 0.000000e+00 1.064131e+10 
12182 0.000000e+00 0.000000e+00 1.068575e+10 
12183 0.000000e+00 0.000000e+00 1.071825e+10 
12184 0.000000e+00 0.000000e+00 9.967439e+09 
12185 0.000000e+00 0.000000e+00 9.931099e+09 
12186 0.000000e+00 0.000000e+00 9.926855e+09 
12187 0.000000e+00 0.000000e+00 9.927340e+09 
12188 0.000000e+00 0.000000e+00 9.927457e+09 
12189 0.000000e+00 0.000000e+00 9.927044e+09 
12190 0.000000e+00 0.000000e+00 9.952315e+09 
12191 0.000000e+00 0.000000e+00 1.015665e+10 
12192 0.000000e+00 0.000000e+00 1.045725e+10 
12193 0.000000e+00 0.000000e+00 1.057643e+10 
12194 0.000000e+00 0.000000e+00 1.071257e+10 
12195 0.000000e+00 0.000000e+00 1.066599e+10 
12196 0.000000e+00 0.000000e+00 1.056248e+10 
12197 0.000000e+00 0.000000e+00 1.057329e+10 
12198 0.000000e+00 0.000000e+00 1.066484e+10 
12199 0.000000e+00 0.000000e+00 1.066271e+10 
12200 0.000000e+00 0.000000e+00 1.071903e+10 
12201 0.000000e+00 0.000000e+00 9.971468e+09 
12202 0.000000e+00 0.000000e+00 9.934584e+09 
12203 0.000000e+00 0.000000e+00 9.927624e+09 
12204 0.000000e+00 0.000000e+00 9.928377e+09 
12205 0.000000e+00 0.000000e+00 9.926788e+09 
12206 0.000000e+00 0.000000e+00 9.934079e+09 
12207 0.000000e+00 0.000000e+00 9.963840e+09 
12208 0.000000e+00 0.000000e+00 1.022627e+10 
12209 0.000000e+00 0.000000e+00 1.052548e+10 
12210 0.000000e+00 0.000000e+00 1.062949e+10 
12211 0.000000e+00 0.000000e+00 1.065269e+10 
12212 0.000000e+00 0.000000e+00 1.073539e+10 
12213 0.000000e+00 0.000000e+00 1.048938e+10 
12214 0.000000e+00 0.000000e+00 1.054493e+10 
12215 0.000000e+00 0.000000e+00 1.059710e+10 
12216 0.000000e+00 0.000000e+00 1.071028e+10 
12217 0.000000e+00 0.000000e+00 1.068555e+10 
12218 0.000000e+00 0.000000e+00 9.966957e+09 
12219 0.000000e+00 0.000000e+00 9.929265e+09 
12220 0.000000e+00 0.000000e+00 9.927107e+09 
12221 0.000000e+00 0.000000e+00 9.926712e+09 
12222 0.000000e+00 0.000000e+00 9.927432e+09 
12223 0.000000e+00 0.000000e+00 9.926879e+09 
12224 0.000000e+00 0.000000e+00 9.930092e+09 
12225 0.000000e+00 0.000000e+00 9.957496e+09 
12226 0.000000e+00 0.000000e+00 1.040989e+10 
12227 0.000000e+00 0.000000e+00 1.057840e+10 
12228 0.000000e+00 0.000000e+00 1.067655e+10 
12229 0.000000e+00 0.000000e+00 1.068892e+10 
12230 0.000000e+00 0.000000e+00 1.075931e+10 
12231 0.000000e+00 0.000000e+00 9.963844e+09 
12232 0.000000e+00 0.000000e+00 9.929977e+09 
12233 0.000000e+00 0.000000e+00 9.926565e+09 
12234 0.000000e+00 0.000000e+00 9.927443e+09 
12235 0.000000e+00 0.000000e+00 9.926873e+09 
12236 0.000000e+00 0.000000e+00 9.932230e+09 
12237 0.000000e+00 0.000000e+00 9.974385e+09 
12238 0.000000e+00 0.000000e+00 1.026339e+10 
12239 0.000000e+00 0.000000e+00 1.052809e+10 
12240 0.000000e+00 0.000000e+00 1.063154e+10 
12241 0.000000e+00 0.000000e+00 1.063832e+10 
12242 0.000000e+00 0.000000e+00 1.072468e+10 
12243 0.000000e+00 0.000000e+00 9.976731e+09 
12244 0.000000e+00 0.000000e+00 9.933871e+09 
12245 0.000000e+00 0.000000e+00 9.927393e+09 
12246 0.000000e+00 0.000000e+00 9.926987e+09 
12247 0.000000e+00 0.000000e+00 9.927020e+09 
12248 0.000000e+00 0.000000e+00 9.927193e+09 
12249 0.000000e+00 0.000000e+00 9.926993e+09 
12250 0.000000e+00 0.000000e+00 9.942158e+09 
12251 0.000000e+00 0.000000e+00 1.020501e+10 
12252 0.000000e+00 0.000000e+00 1.064352e+10 
12253 0.000000e+00 0.000000e+00 1.063219e+10 
12254 0.000000e+00 0.000000e+00 1.069854e+10 
12255 0.000000e+00 0.000000e+00 1.008667e+10 
12256 0.000000e+00 0.000000e+00 1.008310e+10 
12257 0.000000e+00 0.000000e+00 1.016422e+10 
12258 0.000000e+00 0.000000e+00 1.035527e+10 
12259 0.000000e+00 0.000000e+00 1.046973e+10 
12260 0.000000e+00 0.000000e+00 1.056912e+10 
12261 0.000000e+00 0.000000e+00 1.062038e+10 
12262 0.000000e+00 0.000000e+00 1.069093e+10 
12263 0.000000e+00 0.000000e+00 1.068755e+10 
12264 0.000000e+00 0.000000e+00 9.967333e+09 
12265 0.000000e+00 0.000000e+00 9.929078e+09 
12266 0.000000e+00 0.000000e+00 9.926921e+09 
12267 0.000000e+00 0.000000e+00 9.927109e+09 
12268 0.000000e+00 0.000000e+00 9.926760e+09 
12269 0.000000e+00 0.000000e+00 9.927419e+09 
12270 0.000000e+00 0.000000e+00 9.927583e+09 
12271 0.000000e+00 0.000000e+00 1.001249e+10 
12272 0.000000e+00 0.000000e+00 1.037954e+10 
12273 0.000000e+00 0.000000e+00 1.059822e+10 
12274 0.000000e+00 0.000000e+00 1.062115e+10 
12275 0.000000e+00 0.000000e+00 1.073285e+10 
12276 0.000000e+00 0.000000e+00 1.067753e+10 
12277 0.000000e+00 0.000000e+00 9.953308e+09 
12278 0.000000e+00 0.000000e+00 9.927960e+09 
12279 0.000000e+00 0.000000e+00 9.928010e+09 
12280 0.000000e+00 0.000000e+00 9.927442e+09 
12281 0.000000e+00 0.000000e+00 9.928181e+09 
12282 0.000000e+00 0.000000e+00 9.931372e+09 
12283 0.000000e+00 0.000000e+00 9.998277e+09 
12284 0.000000e+00 0.000000e+00 1.038458e+10 
12285 0.000000e+00 0.000000e+00 1.061974e+10 
12286 0.000000e+00 0.000000e+00 1.058111e+10 
12287 0.000000e+00 0.000000e+00 1.067577e+10 
12288 0.000000e+00 0.000000e+00 1.068228e+10 
12289 0.000000e+00 0.000000e+00 9.959247e+09 
12290 0.000000e+00 0.000000e+00 9.928614e+09 
12291 0.000000e+00 0.000000e+00 9.927626e+09 
12292 0.000000e+00 0.000000e+00 9.926815e+09 
12293 0.000000e+00 0.000000e+00 9.926992e+09 
12294 0.000000e+00 0.000000e+00 9.928999e+09 
12295 0.000000e+00 0.000000e+00 9.934050e+09 
12296 0.000000e+00 0.000000e+00 1.009769e+10 
12297 0.000000e+00 0.000000e+00 1.053986e+10 
12298 0.000000e+00 0.000000e+00 1.062070e+10 
12299 0.000000e+00 0.000000e+00 1.066469e+10 
12300 0.000000e+00 0.000000e+00 1.069959e+10 
12301 0.000000e+00 0.000000e+00 9.979240e+09 
12302 0.000000e+00 0.000000e+00 9.935774e+09 
12303 0.000000e+00 0.000000e+00 9.926991e+09 
12304 0.000000e+00 0.000000e+00 9.927077e+09 
12305 0.000000e+00 0.000000e+00 9.926891e+09 
12306 0.000000e+00 0.000000e+00 9.926906e+09 
12307 0.000000e+00 0.000000e+00 9.927153e+09 
12308 0.000000e+00 0.000000e+00 9.928275e+09 
12309 0.000000e+00 0.000000e+00 1.002064e+10 
12310 0.000000e+00 0.000000e+00 1.055631e+10 
12311 0.000000e+00 0.000000e+00 1.062762e+10 
12312 0.000000e+00 0.000000e+00 1.067953e+10 
12313 0.000000e+00 0.000000e+00 9.986058e+09 
12314 0.000000e+00 0.000000e+00 9.933737e+09 
12315 0.000000e+00 0.000000e+00 9.926646e+09 
12316 0.000000e+00 0.000000e+00 9.927194e+09 
12317 0.000000e+00 0.000000e+00 9.926761e+09 
12318 0.000000e+00 0.000000e+00 9.927739e+09 
12319 0.000000e+00 0.000000e+00 9.927029e+09 
12320 0.000000e+00 0.000000e+00 9.945503e+09 
12321 0.000000e+00 0.000000e+00 1.016101e+10 
12322 0.000000e+00 0.000000e+00 1.059596e+10 
12323 0.000000e+00 0.000000e+00 1.060212e+10 
12324 0.000000e+00 0.000000e+00 1.067238e+10 
12325 0.000000e+00 0.000000e+00 1.068817e+10 
12326 0.000000e+00 0.000000e+00 9.964882e+09 
12327 0.000000e+00 0.000000e+00 9.929147e+09 
12328 0.000000e+00 0.000000e+00 9.927120e+09 
12329 0.000000e+00 0.000000e+00 9.927259e+09 
12330 0.000000e+00 0.000000e+00 9.928456e+09 
12331 0.000000e+00 0.000000e+00 9.928056e+09 
12332 0.000000e+00 0.000000e+00 9.929799e+09 
12333 0.000000e+00 0.000000e+00 9.987950e+09 
12334 0.000000e+00 0.000000e+00 1.025019e+10 
12335 0.000000e+00 0.000000e+00 1.064066e+10 
12336 0.000000e+00 0.000000e+00 1.060809e+10 
12337 0.000000e+00 0.000000e+00 1.072535e+10 
12338 0.000000e+00 0.000000e+00 1.069060e+10 
12339 0.000000e+00 0.000000e+00 9.953658e+09 
12340 0.000000e+00 0.000000e+00 9.929511e+09 
12341 0.000000e+00 0.000000e+00 9.928036e+09 
12342 0.000000e+00 0.000000e+00 9.928163e+09 
12343 0.000000e+00 0.000000e+00 9.927688e+09 
12344 0.000000e+00 0.000000e+00 9.936415e+09 
12345 0.000000e+00 0.000000e+00 1.001914e+10 
12346 0.000000e+00 0.000000e+00 1.043119e+10 
12347 0.000000e+00 0.000000e+00 1.055831e+10 
12348 0.000000e+00 0.000000e+00 1.063657e+10 
12349 0.000000e+00 0.000000e+00 1.062475e+10 
12350 0.000000e+00 0.000000e+00 1.072584e+10 
12351 0.000000e+00 0.000000e+00 9.968911e+09 
12352 0.000000e+00 0.000000e+00 9.930925e+09 
12353 0.000000e+00 0.000000e+00 9.926816e+09 
12354 0.000000e+00 0.000000e+00 9.927286e+09 
12355 0.000000e+00 0.000000e+00 9.926647e+09 
12356 0.000000e+00 0.000000e+00 9.929464e+09 
12357 0.000000e+00 0.000000e+00 9.940846e+09 
12358 0.000000e+00 0.000000e+00 1.017709e+10 
12359 0.000000e+00 0.000000e+00 1.042696e+10 
12360 0.000000e+00 0.000000e+00 1.066594e+10 
12361 0.000000e+00 0.000000e+00 1.066637e+10 
12362 0.000000e+00 0.000000e+00 1.071758e+10 
12363 0.000000e+00 0.000000e+00 1.010610e+10 
12364 0.000000e+00 0.000000e+00 1.011593e+10 
12365 0.000000e+00 0.000000e+00 1.022287e+10 
12366 0.000000e+00 0.000000e+00 1.042511e+10 
12367 0.000000e+00 0.000000e+00 1.044509e+10 
12368 0.000000e+00 0.000000e+00 1.058597e+10 
12369 0.000000e+00 0.000000e+00 1.061285e+10 
12370 0.000000e+00 0.000000e+00 1.070232e+10 
12371 0.000000e+00 0.000000e+00 1.065838e+10 
12372 0.000000e+00 0.000000e+00 9.958605e+09 
12373 0.000000e+00 0.000000e+00 9.928030e+09 
12374 0.000000e+00 0.000000e+00 9.927729e+09 
12375 0.000000e+00 0.000000e+00 9.926773e+09 
12376 0.000000e+00 0.000000e+00 9.927213e+09 
12377 0.000000e+00 0.000000e+00 9.927061e+09 
12378 0.000000e+00 0.000000e+00 9.928635e+09 
12379 0.000000e+00 0.000000e+00 9.940421e+09 
12380 0.000000e+00 0.000000e+00 1.019327e+10 
12381 0.000000e+00 0.000000e+00 1.054137e+10 
12382 0.000000e+00 0.000000e+00 1.065816e+10 
12383 0.000000e+00 0.000000e+00 1.070133e+10 
12384 0.000000e+00 0.000000e+00 9.970643e+09 
12385 0.000000e+00 0.000000e+00 9.930889e+09 
12386 0.000000e+00 0.000000e+00 9.926935e+09 
12387 0.000000e+00 0.000000e+00 9.926846e+09 
12388 0.000000e+00 0.000000e+00 9.926891e+09 
12389 0.000000e+00 0.000000e+00 9.926659e+09 
12390 0.000000e+00 0.000000e+00 9.928017e+09 
12391 0.000000e+00 0.000000e+00 9.948695e+09 
12392 0.000000e+00 0.000000e+00 1.017472e+10 
12393 0.000000e+00 0.000000e+00 1.041706e+10 
12394 0.000000e+00 0.000000e+00 1.069167e+10 
12395 0.000000e+00 0.000000e+00 1.063855e+10 
12396 0.000000e+00 0.000000e+00 1.050112e+10 
12397 0.000000e+00 0.000000e+00 1.051191e+10 
12398 0.000000e+00 0.000000e+00 1.063193e+10 
12399 0.000000e+00 0.000000e+00 1.064788e+10 
12400 0.000000e+00 0.000000e+00 1.072431e+10 
12401 0.000000e+00 0.000000e+00 9.990978e+09 
12402 0.000000e+00 0.000000e+00 9.937697e+09 
12403 0.000000e+00 0.000000e+00 9.927004e+09 
12404 0.000000e+00 0.000000e+00 9.926928e+09 
12405 0.000000e+00 0.000000e+00 9.926801e+09 
12406 0.000000e+00 0.000000e+00 9.926940e+09 
12407 0.000000e+00 0.000000e+00 9.926786e+09 
12408 0.000000e+00 0.000000e+00 9.930092e+09 
12409 0.000000e+00 0.000000e+00 9.988168e+09 
12410 0.000000e+00 0.000000e+00 1.031890e+10 
12411 0.000000e+00 0.000000e+00 1.066657e+10 
12412 0.000000e+00 0.000000e+00 1.065395e+10 
12413 0.000000e+00 0.000000e+00 1.069358e+10 
12414 0.000000e+00 0.000000e+00 9.967950e+09 
12415 0.000000e+00 0.000000e+00 9.931872e+09 
12416 0.000000e+00 0.000000e+00 9.927057e+09 
12417 0.000000e+00 0.000000e+00 9.927120e+09 
12418 0.000000e+00 0.000000e+00 9.927170e+09 
12419 0.000000e+00 0.000000e+00 9.926735e+09 
12420 0.000000e+00 0.000000e+00 9.931254e+09 
12421 0.000000e+00 0.000000e+00 9.979767e+09 
12422 0.000000e+00 0.000000e+00 1.043550e+10 
12423 0.000000e+00 0.000000e+00 1.058628e+10 
12424 0.000000e+00 0.000000e+00 1.069470e+10 
12425 0.000000e+00 0.000000e+00 1.067417e+10 
12426 0.000000e+00 0.000000e+00 1.012052e+10 
12427 0.000000e+00 0.000000e+00 1.010560e+10 
12428 0.000000e+00 0.000000e+00 1.023161e+10 
12429 0.000000e+00 0.000000e+00 1.035429e+10 
12430 0.000000e+00 0.000000e+00 1.051906e+10 
12431 0.000000e+00 0.000000e+00 1.057563e+10 
12432 0.000000e+00 0.000000e+00 1.063380e+10 
12433 0.000000e+00 0.000000e+00 1.066631e+10 
12434 0.000000e+00 0.000000e+00 1.069181e+10 
12435 0.000000e+00 0.000000e+00 9.970867e+09 
12436 0.000000e+00 0.000000e+00 9.932576e+09 
12437 0.000000e+00 0.000000e+00 9.926755e+09 
12438 0.000000e+00 0.000000e+00 9.927506e+09 
12439 0.000000e+00 0.000000e+00 9.927242e+09 
12440 0.000000e+00 0.000000e+00 9.929005e+09 
12441 0.000000e+00 0.000000e+00 9.930428e+09 
12442 0.000000e+00 0.000000e+00 1.006254e+10 
12443 0.000000e+00 0.000000e+00 1.035671e+10 
12444 0.000000e+00 0.000000e+00 1.062690e+10 
12445 0.000000e+00 0.000000e+00 1.067739e+10 
12446 0.000000e+00 0.000000e+00 1.071888e+10 
12447 0.000000e+00 0.000000e+00 1.066753e+10 
12448 0.000000e+00 0.000000e+00 9.953956e+09 
12449 0.000000e+00 0.000000e+00 9.928748e+09 
12450 0.000000e+00 0.000000e+00 9.929484e+09 
12451 0.000000e+00 0.000000e+00 9.929354e+09 
12452 0.000000e+00 0.000000e+00 9.940162e+09 
12453 0.000000e+00 0.000000e+00 9.991665e+09 
12454 0.000000e+00 0.000000e+00 1.017798e+10 
12455 0.000000e+00 0.000000e+00 1.047100e+10 
12456 0.000000e+00 0.000000e+00 1.058497e+10 
12457 0.000000e+00 0.000000e+00 1.061377e+10 
12458 0.000000e+00 0.000000e+00 1.071943e+10 
12459 0.000000e+00 0.000000e+00 1.067998e+10 
12460 0.000000e+00 0.000000e+00 9.957064e+09 
12461 0.000000e+00 0.000000e+00 9.927746e+09 
12462 0.000000e+00 0.000000e+00 9.927011e+09 
12463 0.000000e+00 0.000000e+00 9.927284e+09 
12464 0.000000e+00 0.000000e+00 9.927469e+09 
12465 0.000000e+00 0.000000e+00 9.927152e+09 
12466 0.000000e+00 0.000000e+00 9.930811e+09 
12467 0.000000e+00 0.000000e+00 1.000878e+10 
12468 0.000000e+00 0.000000e+00 1.049313e+10 
12469 0.000000e+00 0.000000e+00 1.062183e+10 
12470 0.000000e+00 0.000000e+00 1.068039e+10 
12471 0.000000e+00 0.000000e+00 1.071163e+10 
12472 0.000000e+00 0.000000e+00 9.973843e+09 
12473 0.000000e+00 0.000000e+00 9.933456e+09 
12474 0.000000e+00 0.000000e+00 9.926750e+09 
12475 0.000000e+00 0.000000e+00 9.927026e+09 
12476 0.000000e+00 0.000000e+00 9.927204e+09 
12477 0.000000e+00 0.000000e+00 9.926496e+09 
12478 0.000000e+00 0.000000e+00 9.930693e+09 
12479 0.000000e+00 0.000000e+00 9.991930e+09 
12480 0.000000e+00 0.000000e+00 1.033834e+10 
12481 0.000000e+00 0.000000e+00 1.056410e+10 
12482 0.000000e+00 0.000000e+00 1.065821e+10 
12483 0.000000e+00 0.000000e+00 1.064247e+10 
12484 0.000000e+00 0.000000e+00 1.051437e+10 
12485 0.000000e+00 0.000000e+00 1.052626e+10 
12486 0.000000e+00 0.000000e+00 1.066000e+10 
12487 0.000000e+00 0.000000e+00 1.061343e+10 
12488 0.000000e+00 0.000000e+00 1.073617e+10 
12489 0.000000e+00 0.000000e+00 9.984929e+09 
12490 0.000000e+00 0.000000e+00 9.935979e+09 
12491 0.000000e+00 0.000000e+00 9.927741e+09 
12492 0.000000e+00 0.000000e+00 9.927944e+09 
12493 0.000000e+00 0.000000e+00 9.926715e+09 
12494 0.000000e+00 0.000000e+00 9.928862e+09 
12495 0.000000e+00 0.000000e+00 9.929457e+09 
12496 0.000000e+00 0.000000e+00 1.000332e+10 
12497 0.000000e+00 0.000000e+00 1.035293e+10 
12498 0.000000e+00 0.000000e+00 1.059204e+10 
12499 0.000000e+00 0.000000e+00 1.059508e+10 
12500 0.000000e+00 0.000000e+00 1.069967e+10 
12501 0.000000e+00 0.000000e+00 1.005886e+10 
12502 0.000000e+00 0.000000e+00 1.005323e+10 
12503 0.000000e+00 0.000000e+00 1.010518e+10 
12504 0.000000e+00 0.000000e+00 1.029702e+10 
12505 0.000000e+00 0.000000e+00 1.042864e+10 
12506 0.000000e+00 0.000000e+00 1.056077e+10 
12507 0.000000e+00 0.000000e+00 1.056974e+10 
12508 0.000000e+00 0.000000e+00 1.070113e+10 
12509 0.000000e+00 0.000000e+00 1.067125e+10 
12510 0.000000e+00 0.000000e+00 9.972586e+09 
12511 0.000000e+00 0.000000e+00 9.931203e+09 
12512 0.000000e+00 0.000000e+00 9.926758e+09 
12513 0.000000e+00 0.000000e+00 9.926991e+09 
12514 0.000000e+00 0.000000e+00 9.927124e+09 
12515 0.000000e+00 0.000000e+00 9.927155e+09 
12516 0.000000e+00 0.000000e+00 9.927451e+09 
12517 0.000000e+00 0.000000e+00 9.930657e+09 
12518 0.000000e+00 0.000000e+00 1.003763e+10 
12519 0.000000e+00 0.000000e+00 1.051464e+10 
12520 0.000000e+00 0.000000e+00 1.064753e+10 
12521 0.000000e+00 0.000000e+00 1.062874e+10 
12522 0.000000e+00 0.000000e+00 1.008093e+10 
12523 0.000000e+00 0.000000e+00 1.003799e+10 
12524 0.000000e+00 0.000000e+00 1.013919e+10 
12525 0.000000e+00 0.000000e+00 1.028493e+10 
12526 0.000000e+00 0.000000e+00 1.048329e+10 
12527 0.000000e+00 0.000000e+00 1.054182e+10 
12528 0.000000e+00 0.000000e+00 1.062721e+10 
12529 0.000000e+00 0.000000e+00 1.063944e+10 
12530 0.000000e+00 0.000000e+00 1.072438e+10 
12531 0.000000e+00 0.000000e+00 1.067258e+10 
12532 0.000000e+00 0.000000e+00 9.953850e+09 
12533 0.000000e+00 0.000000e+00 9.928923e+09 
12534 0.000000e+00 0.000000e+00 9.928744e+09 
12535 0.000000e+00 0.000000e+00 9.928319e+09 
12536 0.000000e+00 0.000000e+00 9.933692e+09 
12537 0.000000e+00 0.000000e+00 9.973551e+09 
12538 0.000000e+00 0.000000e+00 1.012382e+10 
12539 0.000000e+00 0.000000e+00 1.041340e+10 
12540 0.000000e+00 0.000000e+00 1.064745e+10 
12541 0.000000e+00 0.000000e+00 1.063691e+10 
12542 0.000000e+00 0.000000e+00 1.072242e+10 
12543 0.000000e+00 0.000000e+00 1.071366e+10 
12544 0.000000e+00 0.000000e+00 9.960626e+09 
12545 0.000000e+00 0.000000e+00 9.927759e+09 
12546 0.000000e+00 0.000000e+00 9.927213e+09 
12547 0.000000e+00 0.000000e+00 9.927369e+09 
12548 0.000000e+00 0.000000e+00 9.927868e+09 
12549 0.000000e+00 0.000000e+00 9.928739e+09 
12550 0.000000e+00 0.000000e+00 9.953800e+09 
12551 0.000000e+00 0.000000e+00 1.014344e+10 
12552 0.000000e+00 0.000000e+00 1.047549e+10 
12553 0.000000e+00 0.000000e+00 1.064594e+10 
12554 0.000000e+00 0.000000e+00 1.064540e+10 
12555 0.000000e+00 0.000000e+00 1.067710e+10 
12556 0.000000e+00 0.000000e+00 9.975772e+09 
12557 0.000000e+00 0.000000e+00 9.934370e+09 
12558 0.000000e+00 0.000000e+00 9.927260e+09 
12559 0.000000e+00 0.000000e+00 9.927242e+09 
12560 0.000000e+00 0.000000e+00 9.927042e+09 
12561 0.000000e+00 0.000000e+00 9.926824e+09 
12562 0.000000e+00 0.000000e+00 9.927911e+09 
12563 0.000000e+00 0.000000e+00 9.936082e+09 
12564 0.000000e+00 0.000000e+00 1.016374e+10 
12565 0.000000e+00 0.000000e+00 1.048360e+10 
12566 0.000000e+00 0.000000e+00 1.066130e+10 
12567 0.000000e+00 0.000000e+00 1.069385e+10 
12568 0.000000e+00 0.000000e+00 1.050413e+10 
12569 0.000000e+00 0.000000e+00 1.053354e+10 
12570 0.000000e+00 0.000000e+00 1.063054e+10 
12571 0.000000e+00 0.000000e+00 1.065419e+10 
12572 0.000000e+00 0.000000e+00 1.068516e+10 
12573 0.000000e+00 0.000000e+00 9.981827e+09 
12574 0.000000e+00 0.000000e+00 9.936684e+09 
12575 0.000000e+00 0.000000e+00 9.927324e+09 
12576 0.000000e+00 0.000000e+00 9.926905e+09 
12577 0.000000e+00 0.000000e+00 9.926832e+09 
12578 0.000000e+00 0.000000e+00 9.927310e+09 
12579 0.000000e+00 0.000000e+00 9.927305e+09 
12580 0.000000e+00 0.000000e+00 9.935969e+09 
12581 0.000000e+00 0.000000e+00 1.010094e+10 
12582 0.000000e+00 0.000000e+00 1.056498e+10 
12583 0.000000e+00 0.000000e+00 1.066520e+10 
12584 0.000000e+00 0.000000e+00 1.066651e+10 
12585 0.000000e+00 0.000000e+00 1.070084e+10 
12586 0.000000e+00 0.000000e+00 9.966828e+09 
12587 0.000000e+00 0.000000e+00 9.930828e+09 
12588 0.000000e+00 0.000000e+00 9.926898e+09 
12589 0.000000e+00 0.000000e+00 9.927355e+09 
12590 0.000000e+00 0.000000e+00 9.926812e+09 
12591 0.000000e+00 0.000000e+00 9.929078e+09 
12592 0.000000e+00 0.000000e+00 9.940019e+09 
12593 0.000000e+00 0.000000e+00 1.019616e+10 
12594 0.000000e+00 0.000000e+00 1.055159e+10 
12595 0.000000e+00 0.000000e+00 1.061428e+10 
12596 0.000000e+00 0.000000e+00 1.062759e+10 
12597 0.000000e+00 0.000000e+00 1.069849e+10 
12598 0.000000e+00 0.000000e+00 1.010952e+10 
12599 0.000000e+00 0.000000e+00 1.010578e+10 
12600 0.000000e+00 0.000000e+00 1.022498e+10 
12601 0.000000e+00 0.000000e+00 1.040222e+10 
12602 0.000000e+00 0.000000e+00 1.051338e+10 
12603 0.000000e+00 0.000000e+00 1.060138e+10 
12604 0.000000e+00 0.000000e+00 1.062695e+10 
12605 0.000000e+00 0.000000e+00 1.066308e+10 
12606 0.000000e+00 0.000000e+00 1.045344e+10 
12607 0.000000e+00 0.000000e+00 1.053980e+10 
12608 0.000000e+00 0.000000e+00 1.055025e+10 
12609 0.000000e+00 0.000000e+00 1.066547e+10 
12610 0.000000e+00 0.000000e+00 1.066226e+10 
12611 0.000000e+00 0.000000e+00 1.008503e+10 
12612 0.000000e+00 0.000000e+00 1.006468e+10 
12613 0.000000e+00 0.000000e+00 1.014824e+10 
12614 0.000000e+00 0.000000e+00 1.031065e+10 
12615 0.000000e+00 0.000000e+00 1.048197e+10 
12616 0.000000e+00 0.000000e+00 1.053385e+10 
12617 0.000000e+00 0.000000e+00 1.064738e+10 
12618 0.000000e+00 0.000000e+00 1.062653e+10 
12619 0.000000e+00 0.000000e+00 1.069013e+10 
12620 0.000000e+00 0.000000e+00 9.977870e+09 
12621 0.000000e+00 0.000000e+00 9.934122e+09 
12622 0.000000e+00 0.000000e+00 9.926679e+09 
12623 0.000000e+00 0.000000e+00 9.927083e+09 
12624 0.000000e+00 0.000000e+00 9.926579e+09 
12625 0.000000e+00 0.000000e+00 9.927708e+09 
12626 0.000000e+00 0.000000e+00 9.927525e+09 
12627 0.000000e+00 0.000000e+00 9.989329e+09 
12628 0.000000e+00 0.000000e+00 1.034604e+10 
12629 0.000000e+00 0.000000e+00 1.064003e+10 
12630 0.000000e+00 0.000000e+00 1.059669e+10 
12631 0.000000e+00 0.000000e+00 1.069662e+10 
12632 0.000000e+00 0.000000e+00 1.067763e+10 
12633 0.000000e+00 0.000000e+00 9.954945e+09 
12634 0.000000e+00 0.000000e+00 9.927640e+09 
12635 0.000000e+00 0.000000e+00 9.927128e+09 
12636 0.000000e+00 0.000000e+00 9.927340e+09 
12637 0.000000e+00 0.000000e+00 9.926932e+09 
12638 0.000000e+00 0.000000e+00 9.930920e+09 
12639 0.000000e+00 0.000000e+00 9.959260e+09 
12640 0.000000e+00 0.000000e+00 1.032303e+10 
12641 0.000000e+00 0.000000e+00 1.055232e+10 
12642 0.000000e+00 0.000000e+00 1.062649e+10 
12643 0.000000e+00 0.000000e+00 1.068169e+10 
12644 0.000000e+00 0.000000e+00 1.069994e+10 
12645 0.000000e+00 0.000000e+00 9.972359e+09 
12646 0.000000e+00 0.000000e+00 9.931550e+09 
12647 0.000000e+00 0.000000e+00 9.926911e+09 
12648 0.000000e+00 0.000000e+00 9.927378e+09 
12649 0.000000e+00 0.000000e+00 9.926916e+09 
12650 0.000000e+00 0.000000e+00 9.928490e+09 
12651 0.000000e+00 0.000000e+00 9.932350e+09 
12652 0.000000e+00 0.000000e+00 1.010319e+10 
12653 0.000000e+00 0.000000e+00 1.044826e+10 
12654 0.000000e+00 0.000000e+00 1.061483e+10 
12655 0.000000e+00 0.000000e+00 1.063158e+10 
12656 0.000000e+00 0.000000e+00 1.071997e+10 
12657 0.000000e+00 0.000000e+00 9.989026e+09 
12658 0.000000e+00 0.000000e+00 9.937865e+09 
12659 0.000000e+00 0.000000e+00 9.927252e+09 
12660 0.000000e+00 0.000000e+00 9.927174e+09 
12661 0.000000e+00 0.000000e+00 9.927027e+09 
12662 0.000000e+00 0.000000e+00 9.926665e+09 
12663 0.000000e+00 0.000000e+00 9.928063e+09 
12664 0.000000e+00 0.000000e+00 9.947909e+09 
12665 0.000000e+00 0.000000e+00 1.012613e+10 
12666 0.000000e+00 0.000000e+00 1.044295e+10 
12667 0.000000e+00 0.000000e+00 1.065228e+10 
12668 0.000000e+00 0.000000e+00 1.066838e+10 
12669 0.000000e+00 0.000000e+00 1.069675e+10 
12670 0.000000e+00 0.000000e+00 1.015561e+10 
12671 0.000000e+00 0.000000e+00 1.015415e+10 
12672 0.000000e+00 0.000000e+00 1.030667e+10 
12673 0.000000e+00 0.000000e+00 1.042644e+10 
12674 0.000000e+00 0.000000e+00 1.051235e+10 
12675 0.000000e+00 0.000000e+00 1.060253e+10 
12676 0.000000e+00 0.000000e+00 1.063432e+10 
12677 0.000000e+00 0.000000e+00 1.068346e+10 
12678 0.000000e+00 0.000000e+00 1.010157e+10 
12679 0.000000e+00 0.000000e+00 1.007165e+10 
12680 0.000000e+00 0.000000e+00 1.019413e+10 
12681 0.000000e+00 0.000000e+00 1.035759e+10 
12682 0.000000e+00 0.000000e+00 1.046036e+10 
12683 0.000000e+00 0.000000e+00 1.058169e+10 
12684 0.000000e+00 0.000000e+00 1.063092e+10 
12685 0.000000e+00 0.000000e+00 1.067912e+10 
12686 0.000000e+00 0.000000e+00 1.069933e+10 
12687 0.000000e+00 0.000000e+00 9.962267e+09 
12688 0.000000e+00 0.000000e+00 9.928967e+09 
12689 0.000000e+00 0.000000e+00 9.926768e+09 
12690 0.000000e+00 0.000000e+00 9.926982e+09 
12691 0.000000e+00 0.000000e+00 9.926781e+09 
12692 0.000000e+00 0.000000e+00 9.927082e+09 
12693 0.000000e+00 0.000000e+00 9.926795e+09 
12694 0.000000e+00 0.000000e+00 9.931138e+09 
12695 0.000000e+00 0.000000e+00 1.003266e+10 
12696 0.000000e+00 0.000000e+00 1.059337e+10 
12697 0.000000e+00 0.000000e+00 1.063948e+10 
12698 0.000000e+00 0.000000e+00 1.067215e+10 
12699 0.000000e+00 0.000000e+00 1.008883e+10 
12700 0.000000e+00 0.000000e+00 1.007768e+10 
12701 0.000000e+00 0.000000e+00 1.018171e+10 
12702 0.000000e+00 0.000000e+00 1.035641e+10 
12703 0.000000e+00 0.000000e+00 1.044573e+10 
12704 0.000000e+00 0.000000e+00 1.055006e+10 
12705 0.000000e+00 0.000000e+00 1.061433e+10 
12706 0.000000e+00 0.000000e+00 1.067468e+10 
12707 0.000000e+00 0.000000e+00 1.066804e+10 
12708 0.000000e+00 0.000000e+00 9.971166e+09 
12709 0.000000e+00 0.000000e+00 9.932172e+09 
12710 0.000000e+00 0.000000e+00 9.927246e+09 
12711 0.000000e+00 0.000000e+00 9.926806e+09 
12712 0.000000e+00 0.000000e+00 9.928442e+09 
12713 0.000000e+00 0.000000e+00 9.927767e+09 
12714 0.000000e+00 0.000000e+00 9.963932e+09 
12715 0.000000e+00 0.000000e+00 1.022046e+10 
12716 0.000000e+00 0.000000e+00 1.054046e+10 
12717 0.000000e+00 0.000000e+00 1.057667e+10 
12718 0.000000e+00 0.000000e+00 1.069958e+10 
12719 0.000000e+00 0.000000e+00 1.064972e+10 
12720 0.000000e+00 0.000000e+00 9.976680e+09 
12721 0.000000e+00 0.000000e+00 9.931820e+09 
12722 0.000000e+00 0.000000e+00 9.926736e+09 
12723 0.000000e+00 0.000000e+00 9.926891e+09 
12724 0.000000e+00 0.000000e+00 9.926995e+09 
12725 0.000000e+00 0.000000e+00 9.927546e+09 
12726 0.000000e+00 0.000000e+00 9.930494e+09 
12727 0.000000e+00 0.000000e+00 9.962729e+09 
12728 0.000000e+00 0.000000e+00 1.020769e+10 
12729 0.000000e+00 0.000000e+00 1.055105e+10 
12730 0.000000e+00 0.000000e+00 1.062627e+10 
12731 0.000000e+00 0.000000e+00 1.069822e+10 
12732 0.000000e+00 0.000000e+00 1.046715e+10 
12733 0.000000e+00 0.000000e+00 1.051488e+10 
12734 0.000000e+00 0.000000e+00 1.059748e+10 
12735 0.000000e+00 0.000000e+00 1.066008e+10 
12736 0.000000e+00 0.000000e+00 1.069988e+10 
12737 0.000000e+00 0.000000e+00 1.069492e+10 
12738 0.000000e+00 0.000000e+00 9.964769e+09 
12739 0.000000e+00 0.000000e+00 9.930294e+09 
12740 0.000000e+00 0.000000e+00 9.927230e+09 
12741 0.000000e+00 0.000000e+00 9.927811e+09 
12742 0.000000e+00 0.000000e+00 9.927603e+09 
12743 0.000000e+00 0.000000e+00 9.931452e+09 
12744 0.000000e+00 0.000000e+00 9.982444e+09 
12745 0.000000e+00 0.000000e+00 1.020782e+10 
12746 0.000000e+00 0.000000e+00 1.056023e+10 
12747 0.000000e+00 0.000000e+00 1.065737e+10 
12748 0.000000e+00 0.000000e+00 1.066282e+10 
12749 0.000000e+00 0.000000e+00 1.071028e+10 
12750 0.000000e+00 0.000000e+00 9.972253e+09 
12751 0.000000e+00 0.000000e+00 9.932266e+09 
12752 0.000000e+00 0.000000e+00 9.926933e+09 
12753 0.000000e+00 0.000000e+00 9.927200e+09 
12754 0.000000e+00 0.000000e+00 9.926844e+09 
12755 0.000000e+00 0.000000e+00 9.927768e+09 
12756 0.000000e+00 0.000000e+00 9.927269e+09 
12757 0.000000e+00 0.000000e+00 9.978202e+09 
12758 0.000000e+00 0.000000e+00 1.038165e+10 
12759 0.000000e+00 0.000000e+00 1.061871e+10 
12760 0.000000e+00 0.000000e+00 1.066385e+10 
12761 0.000000e+00 0.000000e+00 1.070574e+10 
12762 0.000000e+00 0.000000e+00 1.008993e+10 
12763 0.000000e+00 0.000000e+00 1.008897e+10 
12764 0.000000e+00 0.000000e+00 1.017886e+10 
12765 0.000000e+00 0.000000e+00 1.035039e+10 
12766 0.000000e+00 0.000000e+00 1.044802e+10 
12767 0.000000e+00 0.000000e+00 1.059226e+10 
12768 0.000000e+00 0.000000e+00 1.059389e+10 
12769 0.000000e+00 0.000000e+00 1.068108e+10 
12770 0.000000e+00 0.000000e+00 1.003585e+10 
12771 0.000000e+00 0.000000e+00 1.001444e+10 
12772 0.000000e+00 0.000000e+00 1.006229e+10 
12773 0.000000e+00 0.000000e+00 1.023358e+10 
12774 0.000000e+00 0.000000e+00 1.037365e+10 
12775 0.000000e+00 0.000000e+00 1.054714e+10 
12776 0.000000e+00 0.000000e+00 1.059087e+10 
12777 0.000000e+00 0.000000e+00 1.064877e+10 
12778 0.000000e+00 0.000000e+00 1.067116e+10 
12779 0.000000e+00 0.000000e+00 1.070807e+10 
12780 0.000000e+00 0.000000e+00 9.965890e+09 
12781 0.000000e+00 0.000000e+00 9.931125e+09 
12782 0.000000e+00 0.000000e+00 9.927085e+09 
12783 0.000000e+00 0.000000e+00 9.927498e+09 
12784 0.000000e+00 0.000000e+00 9.928634e+09 
12785 0.000000e+00 0.000000e+00 9.939437e+09 
12786 0.000000e+00 0.000000e+00 1.004113e+10 
12787 0.000000e+00 0.000000e+00 1.045303e+10 
12788 0.000000e+00 0.000000e+00 1.057490e+10 
12789 0.000000e+00 0.000000e+00 1.061324e+10 
12790 0.000000e+00 0.000000e+00 1.064855e+10 
12791 0.000000e+00 0.000000e+00 1.069146e+10 
12792 0.000000e+00 0.000000e+00 9.970147e+09 
12793 0.000000e+00 0.000000e+00 9.932385e+09 
12794 0.000000e+00 0.000000e+00 9.927842e+09 
12795 0.000000e+00 0.000000e+00 9.927298e+09 
12796 0.000000e+00 0.000000e+00 9.927368e+09 
12797 0.000000e+00 0.000000e+00 9.927745e+09 
12798 0.000000e+00 0.000000e+00 9.928277e+09 
12799 0.000000e+00 0.000000e+00 9.946950e+09 
12800 0.000000e+00 0.000000e+00 1.017422e+10 
12801 0.000000e+00 0.000000e+00 1.058432e+10 
12802 0.000000e+00 0.000000e+00 1.061234e+10 
12803 0.000000e+00 0.000000e+00 1.071576e+10 
12804 0.000000e+00 0.000000e+00 9.993070e+09 
12805 0.000000e+00 0.000000e+00 9.937063e+09 
12806 0.000000e+00 0.000000e+00 9.927181e+09 
12807 0.000000e+00 0.000000e+00 9.927003e+09 
12808 0.000000e+00 0.000000e+00 9.926731e+09 
12809 0.000000e+00 0.000000e+00 9.928739e+09 
12810 0.000000e+00 0.000000e+00 9.928681e+09 
12811 0.000000e+00 0.000000e+00 1.000732e+10 
12812 0.000000e+00 0.000000e+00 1.034119e+10 
12813 0.000000e+00 0.000000e+00 1.060465e+10 
12814 0.000000e+00 0.000000e+00 1.058330e+10 
12815 0.000000e+00 0.000000e+00 1.071245e+10 
12816 0.000000e+00 0.000000e+00 1.004229e+10 
12817 0.000000e+00 0.000000e+00 1.002566e+10 
12818 0.000000e+00 0.000000e+00 1.007768e+10 
12819 0.000000e+00 0.000000e+00 1.029258e+10 
12820 0.000000e+00 0.000000e+00 1.042887e+10 
12821 0.000000e+00 0.000000e+00 1.052015e+10 
12822 0.000000e+00 0.000000e+00 1.061870e+10 
12823 0.000000e+00 0.000000e+00 1.064361e+10 
12824 0.000000e+00 0.000000e+00 1.067040e+10 
12825 0.000000e+00 0.000000e+00 1.054462e+10 
12826 0.000000e+00 0.000000e+00 1.051626e+10 
12827 0.000000e+00 0.000000e+00 1.064529e+10 
12828 0.000000e+00 0.000000e+00 1.062102e+10 
12829 0.000000e+00 0.000000e+00 1.072194e+10 
12830 0.000000e+00 0.000000e+00 9.982528e+09 
12831 0.000000e+00 0.000000e+00 9.934072e+09 
12832 0.000000e+00 0.000000e+00 9.928160e+09 
12833 0.000000e+00 0.000000e+00 9.927490e+09 
12834 0.000000e+00 0.000000e+00 9.927239e+09 
12835 0.000000e+00 0.000000e+00 9.926932e+09 
12836 0.000000e+00 0.000000e+00 9.928241e+09 
12837 0.000000e+00 0.000000e+00 9.943219e+09 
12838 0.000000e+00 0.000000e+00 1.013474e+10 
12839 0.000000e+00 0.000000e+00 1.028930e+10 
12840 0.000000e+00 0.000000e+00 1.054740e+10 
12841 0.000000e+00 0.000000e+00 1.066598e+10 
12842 0.000000e+00 0.000000e+00 1.007240e+10 
12843 0.000000e+00 0.000000e+00 1.004292e+10 
12844 0.000000e+00 0.000000e+00 1.015864e+10 
12845 0.000000e+00 0.000000e+00 1.029171e+10 
12846 0.000000e+00 0.000000e+00 1.044768e+10 
12847 0.000000e+00 0.000000e+00 1.053301e+10 
12848 0.000000e+00 0.000000e+00 1.065142e+10 
12849 0.000000e+00 0.000000e+00 1.062708e+10 
12850 0.000000e+00 0.000000e+00 1.075349e+10 
12851 0.000000e+00 0.000000e+00 9.988665e+09 
12852 0.000000e+00 0.000000e+00 9.937282e+09 
12853 0.000000e+00 0.000000e+00 9.927433e+09 
12854 0.000000e+00 0.000000e+00 9.926789e+09 
12855 0.000000e+00 0.000000e+00 9.927358e+09 
12856 0.000000e+00 0.000000e+00 9.926560e+09 
12857 0.000000e+00 0.000000e+00 9.929917e+09 
12858 0.000000e+00 0.000000e+00 9.969894e+09 
12859 0.000000e+00 0.000000e+00 1.024381e+10 
12860 0.000000e+00 0.000000e+00 1.058279e+10 
12861 0.000000e+00 0.000000e+00 1.066932e+10 
12862 0.000000e+00 0.000000e+00 1.065333e+10 
12863 0.000000e+00 0.000000e+00 1.008617e+10 
12864 0.000000e+00 0.000000e+00 1.004468e+10 
12865 0.000000e+00 0.000000e+00 1.016934e+10 
12866 0.000000e+00 0.000000e+00 1.029245e+10 
12867 0.000000e+00 0.000000e+00 1.047930e+10 
12868 0.000000e+00 0.000000e+00 1.052279e+10 
12869 0.000000e+00 0.000000e+00 1.062001e+10 
12870 0.000000e+00 0.000000e+00 1.064347e+10 
12871 0.000000e+00 0.000000e+00 1.070882e+10 
12872 0.000000e+00 0.000000e+00 1.010247e+10 
12873 0.000000e+00 0.000000e+00 1.012876e+10 
12874 0.000000e+00 0.000000e+00 1.022686e+10 
12875 0.000000e+00 0.000000e+00 1.042289e+10 
12876 0.000000e+00 0.000000e+00 1.044210e+10 
12877 0.000000e+00 0.000000e+00 1.060660e+10 
12878 0.000000e+00 0.000000e+00 1.062445e+10 
12879 0.000000e+00 0.000000e+00 1.073383e+10 
12880 0.000000e+00 0.000000e+00 1.065325e+10 
12881 0.000000e+00 0.000000e+00 1.016972e+10 
12882 0.000000e+00 0.000000e+00 1.013971e+10 
12883 0.000000e+00 0.000000e+00 1.029962e+10 
12884 0.000000e+00 0.000000e+00 1.038934e+10 
12885 0.000000e+00 0.000000e+00 1.057725e+10 
12886 0.000000e+00 0.000000e+00 1.056400e+10 
12887 0.000000e+00 0.000000e+00 1.066752e+10 
12888 0.000000e+00 0.000000e+00 1.068061e+10 
12889 0.000000e+00 0.000000e+00 1.010232e+10 
12890 0.000000e+00 0.000000e+00 1.006218e+10 
12891 0.000000e+00 0.000000e+00 1.019419e+10 
12892 0.000000e+00 0.000000e+00 1.030584e+10 
12893 0.000000e+00 0.000000e+00 1.049013e+10 
12894 0.000000e+00 0.000000e+00 1.051832e+10 
12895 0.000000e+00 0.000000e+00 1.065093e+10 
12896 0.000000e+00 0.000000e+00 1.065647e+10 
12897 0.000000e+00 0.000000e+00 1.072277e+10 
12898 0.000000e+00 0.000000e+00 9.974416e+09 
12899 0.000000e+00 0.000000e+00 9.933339e+09 
12900 0.000000e+00 0.000000e+00 9.927545e+09 
12901 0.000000e+00 0.000000e+00 9.926950e+09 
12902 0.000000e+00 0.000000e+00 9.927221e+09 
12903 0.000000e+00 0.000000e+00 9.927085e+09 
12904 0.000000e+00 0.000000e+00 9.928428e+09 
12905 0.000000e+00 0.000000e+00 9.936783e+09 
12906 0.000000e+00 0.000000e+00 1.016968e+10 
12907 0.000000e+00 0.000000e+00 1.057150e+10 
12908 0.000000e+00 0.000000e+00 1.065261e+10 
12909 0.000000e+00 0.000000e+00 1.064912e+10 
12910 0.000000e+00 0.000000e+00 1.070449e+10 
12911 0.000000e+00 0.000000e+00 9.962262e+09 
12912 0.000000e+00 0.000000e+00 9.929934e+09 
12913 0.000000e+00 0.000000e+00 9.927252e+09 
12914 0.000000e+00 0.000000e+00 9.927651e+09 
12915 0.000000e+00 0.000000e+00 9.929108e+09 
12916 0.000000e+00 0.000000e+00 9.943978e+09 
12917 0.000000e+00 0.000000e+00 1.005701e+10 
12918 0.000000e+00 0.000000e+00 1.033423e+10 
12919 0.000000e+00 0.000000e+00 1.054609e+10 
12920 0.000000e+00 0.000000e+00 1.062862e+10 
12921 0.000000e+00 0.000000e+00 1.068183e+10 
12922 0.000000e+00 0.000000e+00 1.069017e+10 
12923 0.000000e+00 0.000000e+00 9.970049e+09 
12924 0.000000e+00 0.000000e+00 9.932433e+09 
12925 0.000000e+00 0.000000e+00 9.927731e+09 
12926 0.000000e+00 0.000000e+00 9.927261e+09 
12927 0.000000e+00 0.000000e+00 9.928451e+09 
12928 0.000000e+00 0.000000e+00 9.928243e+09 
12929 0.000000e+00 0.000000e+00 9.965153e+09 
12930 0.000000e+00 0.000000e+00 1.018689e+10 
12931 0.000000e+00 0.000000e+00 1.054784e+10 
12932 0.000000e+00 0.000000e+00 1.060890e+10 
12933 0.000000e+00 0.000000e+00 1.068162e+10 
12934 0.000000e+00 0.000000e+00 1.066322e+10 
12935 0.000000e+00 0.000000e+00 9.968048e+09 
12936 0.000000e+00 0.000000e+00 9.931082e+09 
12937 0.000000e+00 0.000000e+00 9.926704e+09 
12938 0.000000e+00 0.000000e+00 9.927096e+09 
12939 0.000000e+00 0.000000e+00 9.927144e+09 
12940 0.000000e+00 0.000000e+00 9.926772e+09 
12941 0.000000e+00 0.000000e+00 9.930110e+09 
12942 0.000000e+00 0.000000e+00 9.966074e+09 
12943 0.000000e+00 0.000000e+00 1.022841e+10 
12944 0.000000e+00 0.000000e+00 1.036836e+10 
12945 0.000000e+00 0.000000e+00 1.062939e+10 
12946 0.000000e+00 0.000000e+00 9.989156e+09 
12947 0.000000e+00 0.000000e+00 9.966639e+09 
12948 0.000000e+00 0.000000e+00 9.976686e+09 
12949 0.000000e+00 0.000000e+00 1.007274e+10 
12950 0.000000e+00 0.000000e+00 1.018711e+10 
12951 0.000000e+00 0.000000e+00 1.036984e+10 
12952 0.000000e+00 0.000000e+00 1.050410e+10 
12953 0.000000e+00 0.000000e+00 1.061010e+10 
12954 0.000000e+00 0.000000e+00 1.061092e+10 
12955 0.000000e+00 0.000000e+00 1.070792e+10 
12956 0.000000e+00 0.000000e+00 1.067417e+10 
12957 0.000000e+00 0.000000e+00 9.956496e+09 
12958 0.000000e+00 0.000000e+00 9.928068e+09 
12959 0.000000e+00 0.000000e+00 9.928189e+09 
12960 0.000000e+00 0.000000e+00 9.927577e+09 
12961 0.000000e+00 0.000000e+00 9.931673e+09 
12962 0.000000e+00 0.000000e+00 9.954096e+09 
12963 0.000000e+00 0.000000e+00 1.007154e+10 
12964 0.000000e+00 0.000000e+00 1.037418e+10 
12965 0.000000e+00 0.000000e+00 1.057375e+10 
12966 0.000000e+00 0.000000e+00 1.066040e+10 
12967 0.000000e+00 0.000000e+00 1.069032e+10 
12968 0.000000e+00 0.000000e+00 1.006368e+10 
12969 0.000000e+00 0.000000e+00 1.004419e+10 
12970 0.000000e+00 0.000000e+00 1.013763e+10 
12971 0.000000e+00 0.000000e+00 1.029719e+10 
12972 0.000000e+00 0.000000e+00 1.044399e+10 
12973 0.000000e+00 0.000000e+00 1.054388e+10 
12974 0.000000e+00 0.000000e+00 1.059752e+10 
12975 0.000000e+00 0.000000e+00 1.067796e+10 
12976 0.000000e+00 0.000000e+00 1.072130e+10 
12977 0.000000e+00 0.000000e+00 1.071182e+10 
12978 0.000000e+00 0.000000e+00 9.958948e+09 
12979 0.000000e+00 0.000000e+00 9.930434e+09 
12980 0.000000e+00 0.000000e+00 9.927465e+09 
12981 0.000000e+00 0.000000e+00 9.929592e+09 
12982 0.000000e+00 0.000000e+00 9.933606e+09 
12983 0.000000e+00 0.000000e+00 9.983210e+09 
12984 0.000000e+00 0.000000e+00 1.015431e+10 
12985 0.000000e+00 0.000000e+00 1.049437e+10 
12986 0.000000e+00 0.000000e+00 1.058586e+10 
12987 0.000000e+00 0.000000e+00 1.065461e+10 
12988 0.000000e+00 0.000000e+00 1.067689e+10 
12989 0.000000e+00 0.000000e+00 1.071476e+10 
12990 0.000000e+00 0.000000e+00 9.963915e+09 
12991 0.000000e+00 0.000000e+00 9.930820e+09 
12992 0.000000e+00 0.000000e+00 9.926775e+09 
12993 0.000000e+00 0.000000e+00 9.927508e+09 
12994 0.000000e+00 0.000000e+00 9.926837e+09 
12995 0.000000e+00 0.000000e+00 9.932174e+09 
12996 0.000000e+00 0.000000e+00 9.963396e+09 
12997 0.000000e+00 0.000000e+00 1.021967e+10 
12998 0.000000e+00 0.000000e+00 1.053516e+10 
12999 0.000000e+00 0.000000e+00 1.063094e+10 
13000 0.000000e+00 0.000000e+00 1.065117e+10 
13001 0.000000e+00 0.000000e+00 1.000462e+10 
13002 0.000000e+00 0.000000e+00 9.939385e+09 
13003 0.000000e+00 0.000000e+00 9.927277e+09 
13004 0.000000e+00 0.000000e+00 9.927046e+09 
13005 0.000000e+00 0.000000e+00 9.927065e+09 
13006 0.000000e+00 0.000000e+00 9.926844e+09 
13007 0.000000e+00 0.000000e+00 9.927575e+09 
13008 0.000000e+00 0.000000e+00 9.927263e+09 
13009 0.000000e+00 0.000000e+00 9.983092e+09 
13010 0.000000e+00 0.000000e+00 1.035944e+10 
13011 0.000000e+00 0.000000e+00 1.061580e+10 
13012 0.000000e+00 0.000000e+00 1.062263e+10 
13013 0.000000e+00 0.000000e+00 1.071084e+10 
13014 0.000000e+00 0.000000e+00 1.006790e+10 
13015 0.000000e+00 0.000000e+00 1.006357e+10 
13016 0.000000e+00 0.000000e+00 1.016831e+10 
13017 0.000000e+00 0.000000e+00 1.035121e+10 
13018 0.000000e+00 0.000000e+00 1.045812e+10 
13019 0.000000e+00 0.000000e+00 1.058056e+10 
13020 0.000000e+00 0.000000e+00 1.061903e+10 
13021 0.000000e+00 0.000000e+00 1.068684e+10 
13022 0.000000e+00 0.000000e+00 1.066530e+10 
13023 0.000000e+00 0.000000e+00 9.964993e+09 
13024 0.000000e+00 0.000000e+00 9.929422e+09 
13025 0.000000e+00 0.000000e+00 9.927096e+09 
13026 0.000000e+00 0.000000e+00 9.927684e+09 
13027 0.000000e+00 0.000000e+00 9.927268e+09 
13028 0.000000e+00 0.000000e+00 9.927888e+09 
13029 0.000000e+00 0.000000e+00 9.932085e+09 
13030 0.000000e+00 0.000000e+00 9.954696e+09 
13031 0.000000e+00 0.000000e+00 1.019158e+10 
13032 0.000000e+00 0.000000e+00 1.057197e+10 
13033 0.000000e+00 0.000000e+00 1.067273e+10 
13034 0.000000e+00 0.000000e+00 1.065483e+10 
13035 0.000000e+00 0.000000e+00 1.070269e+10 
13036 0.000000e+00 0.000000e+00 9.962474e+09 
13037 0.000000e+00 0.000000e+00 9.929940e+09 
13038 0.000000e+00 0.000000e+00 9.926757e+09 
13039 0.000000e+00 0.000000e+00 9.927103e+09 
13040 0.000000e+00 0.000000e+00 9.928049e+09 
13041 0.000000e+00 0.000000e+00 9.928386e+09 
13042 0.000000e+00 0.000000e+00 9.950587e+09 
13043 0.000000e+00 0.000000e+00 1.009203e+10 
13044 0.000000e+00 0.000000e+00 1.051710e+10 
13045 0.000000e+00 0.000000e+00 1.064272e+10 
13046 0.000000e+00 0.000000e+00 1.069271e+10 
13047 0.000000e+00 0.000000e+00 1.068742e+10 
13048 0.000000e+00 0.000000e+00 1.014381e+10 
13049 0.000000e+00 0.000000e+00 1.013563e+10 
13050 0.000000e+00 0.000000e+00 1.024546e+10 
13051 0.000000e+00 0.000000e+00 1.041026e+10 
13052 0.000000e+00 0.000000e+00 1.049631e+10 
13053 0.000000e+00 0.000000e+00 1.060711e+10 
13054 0.000000e+00 0.000000e+00 1.063131e+10 
13055 0.000000e+00 0.000000e+00 1.068231e+10 
13056 0.000000e+00 0.000000e+00 1.007912e+10 
13057 0.000000e+00 0.000000e+00 1.005784e+10 
13058 0.000000e+00 0.000000e+00 1.016015e+10 
13059 0.000000e+00 0.000000e+00 1.031883e+10 
13060 0.000000e+00 0.000000e+00 1.046899e+10 
13061 0.000000e+00 0.000000e+00 1.057243e+10 
13062 0.000000e+00 0.000000e+00 1.061995e+10 
13063 0.000000e+00 0.000000e+00 1.068073e+10 
13064 0.000000e+00 0.000000e+00 1.069099e+10 
13065 0.000000e+00 0.000000e+00 9.968721e+09 
13066 0.000000e+00 0.000000e+00 9.930698e+09 
13067 0.000000e+00 0.000000e+00 9.929034e+09 
13068 0.000000e+00 0.000000e+00 9.927440e+09 
13069 0.000000e+00 0.000000e+00 9.927422e+09 
13070 0.000000e+00 0.000000e+00 9.927189e+09 
13071 0.000000e+00 0.000000e+00 9.930168e+09 
13072 0.000000e+00 0.000000e+00 9.947943e+09 
13073 0.000000e+00 0.000000e+00 1.023486e+10 
13074 0.000000e+00 0.000000e+00 1.048438e+10 
13075 0.000000e+00 0.000000e+00 1.066264e+10 
13076 0.000000e+00 0.000000e+00 1.067894e+10 
13077 0.000000e+00 0.000000e+00 1.048790e+10 
13078 0.000000e+00 0.000000e+00 1.053758e+10 
13079 0.000000e+00 0.000000e+00 1.066217e+10 
13080 0.000000e+00 0.000000e+00 1.062146e+10 
13081 0.000000e+00 0.000000e+00 1.069962e+10 
13082 0.000000e+00 0.000000e+00 9.987554e+09 
13083 0.000000e+00 0.000000e+00 9.936054e+09 
13084 0.000000e+00 0.000000e+00 9.928223e+09 
13085 0.000000e+00 0.000000e+00 9.926749e+09 
13086 0.000000e+00 0.000000e+00 9.927159e+09 
13087 0.000000e+00 0.000000e+00 9.926773e+09 
13088 0.000000e+00 0.000000e+00 9.928008e+09 
13089 0.000000e+00 0.000000e+00 9.935887e+09 
13090 0.000000e+00 0.000000e+00 1.008034e+10 
13091 0.000000e+00 0.000000e+00 1.039367e+10 
13092 0.000000e+00 0.000000e+00 1.063956e+10 
13093 0.000000e+00 0.000000e+00 1.069156e+10 
13094 0.000000e+00 0.000000e+00 1.069346e+10 
13095 0.000000e+00 0.000000e+00 9.967934e+09 
13096 0.000000e+00 0.000000e+00 9.932088e+09 
13097 0.000000e+00 0.000000e+00 9.926963e+09 
13098 0.000000e+00 0.000000e+00 9.927339e+09 
13099 0.000000e+00 0.000000e+00 9.927092e+09 
13100 0.000000e+00 0.000000e+00 9.927415e+09 
13101 0.000000e+00 0.000000e+00 9.932573e+09 
13102 0.000000e+00 0.000000e+00 1.006615e+10 
13103 0.000000e+00 0.000000e+00 1.051863e+10 
13104 0.000000e+00 0.000000e+00 1.061834e+10 
13105 0.000000e+00 0.000000e+00 1.069268e+10 
13106 0.000000e+00 0.000000e+00 1.068767e+10 
13107 0.000000e+00 0.000000e+00 9.975605e+09 
13108 0.000000e+00 0.000000e+00 9.933423e+09 
13109 0.000000e+00 0.000000e+00 9.927100e+09 
13110 0.000000e+00 0.000000e+00 9.926824e+09 
13111 0.000000e+00 0.000000e+00 9.926850e+09 
13112 0.000000e+00 0.000000e+00 9.927152e+09 
13113 0.000000e+00 0.000000e+00 9.927010e+09 
13114 0.000000e+00 0.000000e+00 9.946173e+09 
13115 0.000000e+00 0.000000e+00 1.016194e+10 
13116 0.000000e+00 0.000000e+00 1.047262e+10 
13117 0.000000e+00 0.000000e+00 1.064493e+10 
13118 0.000000e+00 0.000000e+00 1.072815e+10 
13119 0.000000e+00 0.000000e+00 9.995962e+09 
13120 0.000000e+00 0.000000e+00 9.937926e+09 
13121 0.000000e+00 0.000000e+00 9.927425e+09 
13122 0.000000e+00 0.000000e+00 9.926733e+09 
13123 0.000000e+00 0.000000e+00 9.926829e+09 
13124 0.000000e+00 0.000000e+00 9.926595e+09 
13125 0.000000e+00 0.000000e+00 9.927883e+09 
13126 0.000000e+00 0.000000e+00 9.937113e+09 
13127 0.000000e+00 0.000000e+00 1.009068e+10 
13128 0.000000e+00 0.000000e+00 1.041623e+10 
13129 0.000000e+00 0.000000e+00 1.065726e+10 
13130 0.000000e+00 0.000000e+00 1.067049e+10 
13131 0.000000e+00 0.000000e+00 1.071540e+10 
13132 0.000000e+00 0.000000e+00 9.975763e+09 
13133 0.000000e+00 0.000000e+00 9.935575e+09 
13134 0.000000e+00 0.000000e+00 9.928065e+09 
13135 0.000000e+00 0.000000e+00 9.932468e+09 
13136 0.000000e+00 0.000000e+00 9.936197e+09 
13137 0.000000e+00 0.000000e+00 9.961306e+09 
13138 0.000000e+00 0.000000e+00 9.983027e+09 
13139 0.000000e+00 0.000000e+00 1.031174e+10 
13140 0.000000e+00 0.000000e+00 1.053538e+10 
13141 0.000000e+00 0.000000e+00 1.061376e+10 
13142 0.000000e+00 0.000000e+00 1.061825e+10 
13143 0.000000e+00 0.000000e+00 1.071060e+10 
13144 0.000000e+00 0.000000e+00 1.009077e+10 
13145 0.000000e+00 0.000000e+00 1.011246e+10 
13146 0.000000e+00 0.000000e+00 1.018541e+10 
13147 0.000000e+00 0.000000e+00 1.035722e+10 
13148 0.000000e+00 0.000000e+00 1.045046e+10 
13149 0.000000e+00 0.000000e+00 1.059530e+10 
13150 0.000000e+00 0.000000e+00 1.058268e+10 
13151 0.000000e+00 0.000000e+00 1.069016e+10 
13152 0.000000e+00 0.000000e+00 1.003665e+10 
13153 0.000000e+00 0.000000e+00 1.001997e+10 
13154 0.000000e+00 0.000000e+00 1.007026e+10 
13155 0.000000e+00 0.000000e+00 1.024869e+10 
13156 0.000000e+00 0.000000e+00 1.041891e+10 
13157 0.000000e+00 0.000000e+00 1.052910e+10 
13158 0.000000e+00 0.000000e+00 1.058837e+10 
13159 0.000000e+00 0.000000e+00 1.067573e+10 
13160 0.000000e+00 0.000000e+00 1.066957e+10 
13161 0.000000e+00 0.000000e+00 1.008732e+10 
13162 0.000000e+00 0.000000e+00 1.006798e+10 
13163 0.000000e+00 0.000000e+00 1.018436e+10 
13164 0.000000e+00 0.000000e+00 1.029728e+10 
13165 0.000000e+00 0.000000e+00 1.049534e+10 
13166 0.000000e+00 0.000000e+00 1.052191e+10 
13167 0.000000e+00 0.000000e+00 1.064470e+10 
13168 0.000000e+00 0.000000e+00 1.062822e+10 
13169 0.000000e+00 0.000000e+00 1.072446e+10 
13170 0.000000e+00 0.000000e+00 9.979482e+09 
13171 0.000000e+00 0.000000e+00 9.934293e+09 
13172 0.000000e+00 0.000000e+00 9.927225e+09 
13173 0.000000e+00 0.000000e+00 9.926616e+09 
13174 0.000000e+00 0.000000e+00 9.927289e+09 
13175 0.000000e+00 0.000000e+00 9.926628e+09 
13176 0.000000e+00 0.000000e+00 9.930537e+09 
13177 0.000000e+00 0.000000e+00 9.979481e+09 
13178 0.000000e+00 0.000000e+00 1.029977e+10 
13179 0.000000e+00 0.000000e+00 1.055389e+10 
13180 0.000000e+00 0.000000e+00 1.067496e+10 
13181 0.000000e+00 0.000000e+00 1.068848e+10 
13182 0.000000e+00 0.000000e+00 9.983200e+09 
13183 0.000000e+00 0.000000e+00 9.932848e+09 
13184 0.000000e+00 0.000000e+00 9.927530e+09 
13185 0.000000e+00 0.000000e+00 9.927147e+09 
13186 0.000000e+00 0.000000e+00 9.927583e+09 
13187 0.000000e+00 0.000000e+00 9.927318e+09 
13188 0.000000e+00 0.000000e+00 9.929501e+09 
13189 0.000000e+00 0.000000e+00 9.944091e+09 
13190 0.000000e+00 0.000000e+00 1.024152e+10 
13191 0.000000e+00 0.000000e+00 1.055844e+10 
13192 0.000000e+00 0.000000e+00 1.065407e+10 
13193 0.000000e+00 0.000000e+00 1.065002e+10 
13194 0.000000e+00 0.000000e+00 1.073473e+10 
13195 0.000000e+00 0.000000e+00 1.051075e+10 
13196 0.000000e+00 0.000000e+00 1.060053e+10 
13197 0.000000e+00 0.000000e+00 1.060571e+10 
13198 0.000000e+00 0.000000e+00 1.072494e+10 
13199 0.000000e+00 0.000000e+00 1.067205e+10 
13200 0.000000e+00 0.000000e+00 9.957266e+09 
13201 0.000000e+00 0.000000e+00 9.927949e+09 
13202 0.000000e+00 0.000000e+00 9.927214e+09 
13203 0.000000e+00 0.000000e+00 9.926778e+09 
13204 0.000000e+00 0.000000e+00 9.927342e+09 
13205 0.000000e+00 0.000000e+00 9.926959e+09 
13206 0.000000e+00 0.000000e+00 9.943094e+09 
13207 0.000000e+00 0.000000e+00 1.014651e+10 
13208 0.000000e+00 0.000000e+00 1.058392e+10 
13209 0.000000e+00 0.000000e+00 1.056396e+10 
13210 0.000000e+00 0.000000e+00 1.067147e+10 
13211 0.000000e+00 0.000000e+00 1.064974e+10 
13212 0.000000e+00 0.000000e+00 1.011986e+10 
13213 0.000000e+00 0.000000e+00 1.008904e+10 
13214 0.000000e+00 0.000000e+00 1.024931e+10 
13215 0.000000e+00 0.000000e+00 1.034198e+10 
13216 0.000000e+00 0.000000e+00 1.054786e+10 
13217 0.000000e+00 0.000000e+00 1.056110e+10 
13218 0.000000e+00 0.000000e+00 1.065020e+10 
13219 0.000000e+00 0.000000e+00 1.064962e+10 
13220 0.000000e+00 0.000000e+00 9.988937e+09 
13221 0.000000e+00 0.000000e+00 9.935723e+09 
13222 0.000000e+00 0.000000e+00 9.926958e+09 
13223 0.000000e+00 0.000000e+00 9.926725e+09 
13224 0.000000e+00 0.000000e+00 9.927388e+09 
13225 0.000000e+00 0.000000e+00 9.927047e+09 
13226 0.000000e+00 0.000000e+00 9.927819e+09 
13227 0.000000e+00 0.000000e+00 9.927558e+09 
13228 0.000000e+00 0.000000e+00 9.975106e+09 
13229 0.000000e+00 0.000000e+00 1.043059e+10 
13230 0.000000e+00 0.000000e+00 1.063509e+10 
13231 0.000000e+00 0.000000e+00 1.065221e+10 
13232 0.000000e+00 0.000000e+00 1.069708e+10 
13233 0.000000e+00 0.000000e+00 9.979695e+09 
13234 0.000000e+00 0.000000e+00 9.935601e+09 
13235 0.000000e+00 0.000000e+00 9.926887e+09 
13236 0.000000e+00 0.000000e+00 9.927615e+09 
13237 0.000000e+00 0.000000e+00 9.928269e+09 
13238 0.000000e+00 0.000000e+00 9.926788e+09 
13239 0.000000e+00 0.000000e+00 9.937085e+09 
13240 0.000000e+00 0.000000e+00 1.002381e+10 
13241 0.000000e+00 0.000000e+00 1.038545e+10 
13242 0.000000e+00 0.000000e+00 1.060147e+10 
13243 0.000000e+00 0.000000e+00 1.065911e+10 
13244 0.000000e+00 0.000000e+00 1.065847e+10 
13245 0.000000e+00 0.000000e+00 1.052377e+10 
13246 0.000000e+00 0.000000e+00 1.050404e+10 
13247 0.000000e+00 0.000000e+00 1.060876e+10 
13248 0.000000e+00 0.000000e+00 1.062061e+10 
13249 0.000000e+00 0.000000e+00 1.071282e+10 
13250 0.000000e+00 0.000000e+00 1.008284e+10 
13251 0.000000e+00 0.000000e+00 1.008720e+10 
13252 0.000000e+00 0.000000e+00 1.016941e+10 
13253 0.000000e+00 0.000000e+00 1.037366e+10 
13254 0.000000e+00 0.000000e+00 1.045259e+10 
13255 0.000000e+00 0.000000e+00 1.058549e+10 
13256 0.000000e+00 0.000000e+00 1.060887e+10 
13257 0.000000e+00 0.000000e+00 1.067083e+10 
13258 0.000000e+00 0.000000e+00 1.066932e+10 
13259 0.000000e+00 0.000000e+00 9.962222e+09 
13260 0.000000e+00 0.000000e+00 9.928556e+09 
13261 0.000000e+00 0.000000e+00 9.926636e+09 
13262 0.000000e+00 0.000000e+00 9.926964e+09 
13263 0.000000e+00 0.000000e+00 9.927704e+09 
13264 0.000000e+00 0.000000e+00 9.926457e+09 
13265 0.000000e+00 0.000000e+00 9.936695e+09 
13266 0.000000e+00 0.000000e+00 1.004599e+10 
13267 0.000000e+00 0.000000e+00 1.053804e+10 
13268 0.000000e+00 0.000000e+00 1.057944e+10 
13269 0.000000e+00 0.000000e+00 1.066139e+10 
13270 0.000000e+00 0.000000e+00 1.065661e+10 
13271 0.000000e+00 0.000000e+00 1.011007e+10 
13272 0.000000e+00 0.000000e+00 1.007285e+10 
13273 0.000000e+00 0.000000e+00 1.019310e+10 
13274 0.000000e+00 0.000000e+00 1.030347e+10 
13275 0.000000e+00 0.000000e+00 1.051945e+10 
13276 0.000000e+00 0.000000e+00 1.051661e+10 
13277 0.000000e+00 0.000000e+00 1.068278e+10 
13278 0.000000e+00 0.000000e+00 1.063500e+10 
13279 0.000000e+00 0.000000e+00 1.070744e+10 
13280 0.000000e+00 0.000000e+00 1.011310e+10 
13281 0.000000e+00 0.000000e+00 1.015177e+10 
13282 0.000000e+00 0.000000e+00 1.027620e+10 
13283 0.000000e+00 0.000000e+00 1.043919e+10 
13284 0.000000e+00 0.000000e+00 1.049026e+10 
13285 0.000000e+00 0.000000e+00 1.061114e+10 
13286 0.000000e+00 0.000000e+00 1.060394e+10 
13287 0.000000e+00 0.000000e+00 1.072275e+10 
13288 0.000000e+00 0.000000e+00 1.066548e+10 
13289 0.000000e+00 0.000000e+00 9.956704e+09 
13290 0.000000e+00 0.000000e+00 9.928972e+09 
13291 0.000000e+00 0.000000e+00 9.926943e+09 
13292 0.000000e+00 0.000000e+00 9.927314e+09 
13293 0.000000e+00 0.000000e+00 9.926686e+09 
13294 0.000000e+00 0.000000e+00 9.929133e+09 
13295 0.000000e+00 0.000000e+00 9.944473e+09 
13296 0.000000e+00 0.000000e+00 1.021947e+10 
13297 0.000000e+00 0.000000e+00 1.050238e+10 
13298 0.000000e+00 0.000000e+00 1.064762e+10 
13299 0.000000e+00 0.000000e+00 1.060967e+10 
13300 0.000000e+00 0.000000e+00 1.070106e+10 
13301 0.000000e+00 0.000000e+00 1.011812e+10 
13302 0.000000e+00 0.000000e+00 1.014192e+10 
13303 0.000000e+00 0.000000e+00 1.024834e+10 
13304 0.000000e+00 0.000000e+00 1.043379e+10 
13305 0.000000e+00 0.000000e+00 1.045516e+10 
13306 0.000000e+00 0.000000e+00 1.059125e+10 
13307 0.000000e+00 0.000000e+00 1.061853e+10 
13308 0.000000e+00 0.000000e+00 1.069424e+10 
13309 0.000000e+00 0.000000e+00 1.068881e+10 
13310 0.000000e+00 0.000000e+00 9.958296e+09 
13311 0.000000e+00 0.000000e+00 9.928414e+09 
13312 0.000000e+00 0.000000e+00 9.927059e+09 
13313 0.000000e+00 0.000000e+00 9.926973e+09 
13314 0.000000e+00 0.000000e+00 9.927120e+09 
13315 0.000000e+00 0.000000e+00 9.928678e+09 
13316 0.000000e+00 0.000000e+00 9.946367e+09 
13317 0.000000e+00 0.000000e+00 1.012252e+10 
13318 0.000000e+00 0.000000e+00 1.052461e+10 
13319 0.000000e+00 0.000000e+00 1.063987e+10 
13320 0.000000e+00 0.000000e+00 1.064855e+10 
13321 0.000000e+00 0.000000e+00 1.069686e+10 
13322 0.000000e+00 0.000000e+00 9.974862e+09 
13323 0.000000e+00 0.000000e+00 9.933089e+09 
13324 0.000000e+00 0.000000e+00 9.926850e+09 
13325 0.000000e+00 0.000000e+00 9.927159e+09 
13326 0.000000e+00 0.000000e+00 9.926678e+09 
13327 0.000000e+00 0.000000e+00 9.927782e+09 
13328 0.000000e+00 0.000000e+00 9.929177e+09 
13329 0.000000e+00 0.000000e+00 1.002952e+10 
13330 0.000000e+00 0.000000e+00 1.041615e+10 
13331 0.000000e+00 0.000000e+00 1.061709e+10 
13332 0.000000e+00 0.000000e+00 1.062543e+10 
13333 0.000000e+00 0.000000e+00 1.069953e+10 
13334 0.000000e+00 0.000000e+00 1.007695e+10 
13335 0.000000e+00 0.000000e+00 1.009417e+10 
13336 0.000000e+00 0.000000e+00 1.015173e+10 
13337 0.000000e+00 0.000000e+00 1.035893e+10 
13338 0.000000e+00 0.000000e+00 1.044953e+10 
13339 0.000000e+00 0.000000e+00 1.058215e+10 
13340 0.000000e+00 0.000000e+00 1.062247e+10 
13341 0.000000e+00 0.000000e+00 1.071211e+10 
13342 0.000000e+00 0.000000e+00 1.068773e+10 
13343 0.000000e+00 0.000000e+00 9.966635e+09 
13344 0.000000e+00 0.000000e+00 9.929681e+09 
13345 0.000000e+00 0.000000e+00 9.927347e+09 
13346 0.000000e+00 0.000000e+00 9.927684e+09 
13347 0.000000e+00 0.000000e+00 9.927424e+09 
13348 0.000000e+00 0.000000e+00 9.926995e+09 
13349 0.000000e+00 0.000000e+00 9.934283e+09 
13350 0.000000e+00 0.000000e+00 9.990425e+09 
13351 0.000000e+00 0.000000e+00 1.030666e+10 
13352 0.000000e+00 0.000000e+00 1.060811e+10 
13353 0.000000e+00 0.000000e+00 1.065840e+10 
13354 0.000000e+00 0.000000e+00 1.066875e+10 
13355 0.000000e+00 0.000000e+00 1.074754e+10 
13356 0.000000e+00 0.000000e+00 9.961800e+09 
13357 0.000000e+00 0.000000e+00 9.931334e+09 
13358 0.000000e+00 0.000000e+00 9.927329e+09 
13359 0.000000e+00 0.000000e+00 9.929395e+09 
13360 0.000000e+00 0.000000e+00 9.928521e+09 
13361 0.000000e+00 0.000000e+00 9.943261e+09 
13362 0.000000e+00 0.000000e+00 1.002431e+10 
13363 0.000000e+00 0.000000e+00 1.042510e+10 
13364 0.000000e+00 0.000000e+00 1.058483e+10 
13365 0.000000e+00 0.000000e+00 1.064740e+10 
13366 0.000000e+00 0.000000e+00 1.067522e+10 
13367 0.000000e+00 0.000000e+00 1.070416e+10 
13368 0.000000e+00 0.000000e+00 9.971153e+09 
13369 0.000000e+00 0.000000e+00 9.931787e+09 
13370 0.000000e+00 0.000000e+00 9.927075e+09 
13371 0.000000e+00 0.000000e+00 9.926943e+09 
13372 0.000000e+00 0.000000e+00 9.928215e+09 
13373 0.000000e+00 0.000000e+00 9.928093e+09 
13374 0.000000e+00 0.000000e+00 9.965329e+09 
13375 0.000000e+00 0.000000e+00 1.013091e+10 
13376 0.000000e+00 0.000000e+00 1.047654e+10 
13377 0.000000e+00 0.000000e+00 1.059032e+10 
13378 0.000000e+00 0.000000e+00 1.071330e+10 
13379 0.000000e+00 0.000000e+00 1.066195e+10 
13380 0.000000e+00 0.000000e+00 1.012322e+10 
13381 0.000000e+00 0.000000e+00 1.009328e+10 
13382 0.000000e+00 0.000000e+00 1.021248e+10 
13383 0.000000e+00 0.000000e+00 1.036823e+10 
13384 0.000000e+00 0.000000e+00 1.053153e+10 
13385 0.000000e+00 0.000000e+00 1.055168e+10 
13386 0.000000e+00 0.000000e+00 1.064502e+10 
13387 0.000000e+00 0.000000e+00 1.065299e+10 
13388 0.000000e+00 0.000000e+00 1.075984e+10 
13389 0.000000e+00 0.000000e+00 1.013274e+10 
13390 0.000000e+00 0.000000e+00 1.015524e+10 
13391 0.000000e+00 0.000000e+00 1.026726e+10 
13392 0.000000e+00 0.000000e+00 1.043389e+10 
13393 0.000000e+00 0.000000e+00 1.050916e+10 
13394 0.000000e+00 0.000000e+00 1.060872e+10 
13395 0.000000e+00 0.000000e+00 1.060944e+10 
13396 0.000000e+00 0.000000e+00 1.073400e+10 
13397 0.000000e+00 0.000000e+00 1.007923e+10 
13398 0.000000e+00 0.000000e+00 1.008922e+10 
13399 0.000000e+00 0.000000e+00 1.015291e+10 
13400 0.000000e+00 0.000000e+00 1.036021e+10 
13401 0.000000e+00 0.000000e+00 1.046088e+10 
13402 0.000000e+00 0.000000e+00 1.057806e+10 
13403 0.000000e+00 0.000000e+00 1.057833e+10 
13404 0.000000e+00 0.000000e+00 1.068288e+10 
13405 0.000000e+00 0.000000e+00 1.067415e+10 
13406 0.000000e+00 0.000000e+00 1.012937e+10 
13407 0.000000e+00 0.000000e+00 1.009660e+10 
13408 0.000000e+00 0.000000e+00 1.023945e+10 
13409 0.000000e+00 0.000000e+00 1.035203e+10 
13410 0.000000e+00 0.000000e+00 1.052600e+10 
13411 0.000000e+00 0.000000e+00 1.056593e+10 
13412 0.000000e+00 0.000000e+00 1.064184e+10 
13413 0.000000e+00 0.000000e+00 1.067199e+10 
13414 0.000000e+00 0.000000e+00 1.071574e+10 
13415 0.000000e+00 0.000000e+00 9.963428e+09 
13416 0.000000e+00 0.000000e+00 9.932218e+09 
13417 0.000000e+00 0.000000e+00 9.926994e+09 
13418 0.000000e+00 0.000000e+00 9.927818e+09 
13419 0.000000e+00 0.000000e+00 9.926871e+09 
13420 0.000000e+00 0.000000e+00 9.929226e+09 
13421 0.000000e+00 0.000000e+00 9.935288e+09 
13422 0.000000e+00 0.000000e+00 1.012054e+10 
13423 0.000000e+00 0.000000e+00 1.054179e+10 
13424 0.000000e+00 0.000000e+00 1.062475e+10 
13425 0.000000e+00 0.000000e+00 1.066473e+10 
13426 0.000000e+00 0.000000e+00 1.071789e+10 
13427 0.000000e+00 0.000000e+00 1.011869e+10 
13428 0.000000e+00 0.000000e+00 1.013280e+10 
13429 0.000000e+00 0.000000e+00 1.024554e+10 
13430 0.000000e+00 0.000000e+00 1.043512e+10 
13431 0.000000e+00 0.000000e+00 1.048423e+10 
13432 0.000000e+00 0.000000e+00 1.059508e+10 
13433 0.000000e+00 0.000000e+00 1.060195e+10 
13434 0.000000e+00 0.000000e+00 1.072127e+10 
13435 0.000000e+00 0.000000e+00 1.005813e+10 
13436 0.000000e+00 0.000000e+00 1.006124e+10 
13437 0.000000e+00 0.000000e+00 1.010112e+10 
13438 0.000000e+00 0.000000e+00 1.029518e+10 
13439 0.000000e+00 0.000000e+00 1.044369e+10 
13440 0.000000e+00 0.000000e+00 1.055997e+10 
13441 0.000000e+00 0.000000e+00 1.057627e+10 
13442 0.000000e+00 0.000000e+00 1.068244e+10 
13443 0.000000e+00 0.000000e+00 1.067312e+10 
13444 0.000000e+00 0.000000e+00 1.012562e+10 
13445 0.000000e+00 0.000000e+00 1.009390e+10 
13446 0.000000e+00 0.000000e+00 1.020667e+10 
13447 0.000000e+00 0.000000e+00 1.036197e+10 
13448 0.000000e+00 0.000000e+00 1.050068e+10 
13449 0.000000e+00 0.000000e+00 1.052887e+10 
13450 0.000000e+00 0.000000e+00 1.066868e+10 
13451 0.000000e+00 0.000000e+00 1.067382e+10 
13452 0.000000e+00 0.000000e+00 1.070609e+10 
13453 0.000000e+00 0.000000e+00 9.970595e+09 
13454 0.000000e+00 0.000000e+00 9.932937e+09 
13455 0.000000e+00 0.000000e+00 9.926838e+09 
13456 0.000000e+00 0.000000e+00 9.927360e+09 
13457 0.000000e+00 0.000000e+00 9.926792e+09 
13458 0.000000e+00 0.000000e+00 9.927965e+09 
13459 0.000000e+00 0.000000e+00 9.932638e+09 
13460 0.000000e+00 0.000000e+00 1.007678e+10 
13461 0.000000e+00 0.000000e+00 1.031937e+10 
13462 0.000000e+00 0.000000e+00 1.066902e+10 
13463 0.000000e+00 0.000000e+00 1.062134e+10 
13464 0.000000e+00 0.000000e+00 1.073789e+10 
13465 0.000000e+00 0.000000e+00 9.986017e+09 
13466 0.000000e+00 0.000000e+00 9.937054e+09 
13467 0.000000e+00 0.000000e+00 9.928055e+09 
13468 0.000000e+00 0.000000e+00 9.926873e+09 
13469 0.000000e+00 0.000000e+00 9.927236e+09 
13470 0.000000e+00 0.000000e+00 9.926763e+09 
13471 0.000000e+00 0.000000e+00 9.927950e+09 
13472 0.000000e+00 0.000000e+00 9.936440e+09 
13473 0.000000e+00 0.000000e+00 1.010998e+10 
13474 0.000000e+00 0.000000e+00 1.043715e+10 
13475 0.000000e+00 0.000000e+00 1.059708e+10 
13476 0.000000e+00 0.000000e+00 1.068973e+10 
13477 0.000000e+00 0.000000e+00 1.070808e+10 
13478 0.000000e+00 0.000000e+00 9.968780e+09 
13479 0.000000e+00 0.000000e+00 9.932588e+09 
13480 0.000000e+00 0.000000e+00 9.927235e+09 
13481 0.000000e+00 0.000000e+00 9.927252e+09 
13482 0.000000e+00 0.000000e+00 9.927657e+09 
13483 0.000000e+00 0.000000e+00 9.927512e+09 
13484 0.000000e+00 0.000000e+00 9.938811e+09 
13485 0.000000e+00 0.000000e+00 1.010757e+10 
13486 0.000000e+00 0.000000e+00 1.050665e+10 
13487 0.000000e+00 0.000000e+00 1.060887e+10 
13488 0.000000e+00 0.000000e+00 1.064157e+10 
13489 0.000000e+00 0.000000e+00 1.068423e+10 
13490 0.000000e+00 0.000000e+00 9.974672e+09 
13491 0.000000e+00 0.000000e+00 9.934834e+09 
13492 0.000000e+00 0.000000e+00 9.928442e+09 
13493 0.000000e+00 0.000000e+00 9.927409e+09 
13494 0.000000e+00 0.000000e+00 9.930879e+09 
13495 0.000000e+00 0.000000e+00 9.929047e+09 
13496 0.000000e+00 0.000000e+00 9.955978e+09 
13497 0.000000e+00 0.000000e+00 1.011652e+10 
13498 0.000000e+00 0.000000e+00 1.046520e+10 
13499 0.000000e+00 0.000000e+00 1.055162e+10 
13500 0.000000e+00 0.000000e+00 1.068072e+10 
13501 0.000000e+00 0.000000e+00 1.064166e+10 
13502 0.000000e+00 0.000000e+00 1.008966e+10 
13503 0.000000e+00 0.000000e+00 1.005435e+10 
13504 0.000000e+00 0.000000e+00 1.017725e+10 
13505 0.000000e+00 0.000000e+00 1.029067e+10 
13506 0.000000e+00 0.000000e+00 1.046574e+10 
13507 0.000000e+00 0.000000e+00 1.051097e+10 
13508 0.000000e+00 0.000000e+00 1.065833e+10 
13509 0.000000e+00 0.000000e+00 1.062658e+10 
13510 0.000000e+00 0.000000e+00 1.074641e+10 
13511 0.000000e+00 0.000000e+00 9.977191e+09 
13512 0.000000e+00 0.000000e+00 9.933786e+09 
13513 0.000000e+00 0.000000e+00 9.927393e+09 
13514 0.000000e+00 0.000000e+00 9.926840e+09 
13515 0.000000e+00 0.000000e+00 9.927399e+09 
13516 0.000000e+00 0.000000e+00 9.926479e+09 
13517 0.000000e+00 0.000000e+00 9.934233e+09 
13518 0.000000e+00 0.000000e+00 9.995730e+09 
13519 0.000000e+00 0.000000e+00 1.034887e+10 
13520 0.000000e+00 0.000000e+00 1.055888e+10 
13521 0.000000e+00 0.000000e+00 1.065664e+10 
13522 0.000000e+00 0.000000e+00 1.066178e+10 
13523 0.000000e+00 0.000000e+00 1.073715e+10 
13524 0.000000e+00 0.000000e+00 9.962350e+09 
13525 0.000000e+00 0.000000e+00 9.929869e+09 
13526 0.000000e+00 0.000000e+00 9.927184e+09 
13527 0.000000e+00 0.000000e+00 9.927436e+09 
13528 0.000000e+00 0.000000e+00 9.927320e+09 
13529 0.000000e+00 0.000000e+00 9.930858e+09 
13530 0.000000e+00 0.000000e+00 9.969165e+09 
13531 0.000000e+00 0.000000e+00 1.019447e+10 
13532 0.000000e+00 0.000000e+00 1.057387e+10 
13533 0.000000e+00 0.000000e+00 1.063333e+10 
13534 0.000000e+00 0.000000e+00 1.067506e+10 
13535 0.000000e+00 0.000000e+00 1.071319e+10 
13536 0.000000e+00 0.000000e+00 9.968594e+09 
13537 0.000000e+00 0.000000e+00 9.932071e+09 
13538 0.000000e+00 0.000000e+00 9.927186e+09 
13539 0.000000e+00 0.000000e+00 9.926844e+09 
13540 0.000000e+00 0.000000e+00 9.927163e+09 
13541 0.000000e+00 0.000000e+00 9.927329e+09 
13542 0.000000e+00 0.000000e+00 9.927945e+09 
13543 0.000000e+00 0.000000e+00 9.974438e+09 
13544 0.000000e+00 0.000000e+00 1.032061e+10 
13545 0.000000e+00 0.000000e+00 1.063833e+10 
13546 0.000000e+00 0.000000e+00 1.063555e+10 
13547 0.000000e+00 0.000000e+00 1.071104e+10 
13548 0.000000e+00 0.000000e+00 9.984676e+09 
13549 0.000000e+00 0.000000e+00 9.936477e+09 
13550 0.000000e+00 0.000000e+00 9.928533e+09 
13551 0.000000e+00 0.000000e+00 9.927721e+09 
13552 0.000000e+00 0.000000e+00 9.926899e+09 
13553 0.000000e+00 0.000000e+00 9.929187e+09 
13554 0.000000e+00 0.000000e+00 9.930122e+09 
13555 0.000000e+00 0.000000e+00 9.995197e+09 
13556 0.000000e+00 0.000000e+00 1.033109e+10 
13557 0.000000e+00 0.000000e+00 1.063723e+10 
13558 0.000000e+00 0.000000e+00 1.061563e+10 
13559 0.000000e+00 0.000000e+00 1.069715e+10 
13560 0.000000e+00 0.000000e+00 1.005284e+10 
13561 0.000000e+00 0.000000e+00 1.004560e+10 
13562 0.000000e+00 0.000000e+00 1.013603e+10 
13563 0.000000e+00 0.000000e+00 1.032085e+10 
13564 0.000000e+00 0.000000e+00 1.043825e+10 
13565 0.000000e+00 0.000000e+00 1.058537e+10 
13566 0.000000e+00 0.000000e+00 1.059222e+10 
13567 0.000000e+00 0.000000e+00 1.069722e+10 
13568 0.000000e+00 0.000000e+00 1.068167e+10 
13569 0.000000e+00 0.000000e+00 9.973112e+09 
13570 0.000000e+00 0.000000e+00 9.931353e+09 
13571 0.000000e+00 0.000000e+00 9.926869e+09 
13572 0.000000e+00 0.000000e+00 9.927039e+09 
13573 0.000000e+00 0.000000e+00 9.927432e+09 
13574 0.000000e+00 0.000000e+00 9.926961e+09 
13575 0.000000e+00 0.000000e+00 9.928852e+09 
13576 0.000000e+00 0.000000e+00 9.935710e+09 
13577 0.000000e+00 0.000000e+00 1.015361e+10 
13578 0.000000e+00 0.000000e+00 1.045701e+10 
13579 0.000000e+00 0.000000e+00 1.065682e+10 
13580 0.000000e+00 0.000000e+00 1.064768e+10 
13581 0.000000e+00 0.000000e+00 1.048537e+10 
13582 0.000000e+00 0.000000e+00 1.050181e+10 
13583 0.000000e+00 0.000000e+00 1.059629e+10 
13584 0.000000e+00 0.000000e+00 1.064512e+10 
13585 0.000000e+00 0.000000e+00 1.069729e+10 
13586 0.000000e+00 0.000000e+00 1.007590e+10 
13587 0.000000e+00 0.000000e+00 1.005830e+10 
13588 0.000000e+00 0.000000e+00 1.012995e+10 
13589 0.000000e+00 0.000000e+00 1.033872e+10 
13590 0.000000e+00 0.000000e+00 1.042935e+10 
13591 0.000000e+00 0.000000e+00 1.057505e+10 
13592 0.000000e+00 0.000000e+00 1.056831e+10 
13593 0.000000e+00 0.000000e+00 1.067231e+10 
13594 0.000000e+00 0.000000e+00 1.065970e+10 
13595 0.000000e+00 0.000000e+00 1.012541e+10 
13596 0.000000e+00 0.000000e+00 1.009474e+10 
13597 0.000000e+00 0.000000e+00 1.024629e+10 
13598 0.000000e+00 0.000000e+00 1.035199e+10 
13599 0.000000e+00 0.000000e+00 1.050567e+10 
13600 0.000000e+00 0.000000e+00 1.055817e+10 
13601 0.000000e+00 0.000000e+00 1.062190e+10 
13602 0.000000e+00 0.000000e+00 1.065051e+10 
13603 0.000000e+00 0.000000e+00 1.071799e+10 
13604 0.000000e+00 0.000000e+00 9.970635e+09 
13605 0.000000e+00 0.000000e+00 9.932151e+09 
13606 0.000000e+00 0.000000e+00 9.926963e+09 
13607 0.000000e+00 0.000000e+00 9.927282e+09 
13608 0.000000e+00 0.000000e+00 9.927640e+09 
13609 0.000000e+00 0.000000e+00 9.926953e+09 
13610 0.000000e+00 0.000000e+00 9.935340e+09 
13611 0.000000e+00 0.000000e+00 1.005420e+10 
13612 0.000000e+00 0.000000e+00 1.056389e+10 
13613 0.000000e+00 0.000000e+00 1.059247e+10 
13614 0.000000e+00 0.000000e+00 1.067014e+10 
13615 0.000000e+00 0.000000e+00 1.065347e+10 
13616 0.000000e+00 0.000000e+00 9.965960e+09 
13617 0.000000e+00 0.000000e+00 9.930281e+09 
13618 0.000000e+00 0.000000e+00 9.927594e+09 
13619 0.000000e+00 0.000000e+00 9.926990e+09 
13620 0.000000e+00 0.000000e+00 9.927187e+09 
13621 0.000000e+00 0.000000e+00 9.927013e+09 
13622 0.000000e+00 0.000000e+00 9.928816e+09 
13623 0.000000e+00 0.000000e+00 9.944928e+09 
13624 0.000000e+00 0.000000e+00 1.026078e+10 
13625 0.000000e+00 0.000000e+00 1.060627e+10 
13626 0.000000e+00 0.000000e+00 1.067764e+10 
13627 0.000000e+00 0.000000e+00 1.067205e+10 
13628 0.000000e+00 0.000000e+00 9.982467e+09 
13629 0.000000e+00 0.000000e+00 9.932639e+09 
13630 0.000000e+00 0.000000e+00 9.926663e+09 
13631 0.000000e+00 0.000000e+00 9.927105e+09 
13632 0.000000e+00 0.000000e+00 9.926979e+09 
13633 0.000000e+00 0.000000e+00 9.926822e+09 
13634 0.000000e+00 0.000000e+00 9.927332e+09 
13635 0.000000e+00 0.000000e+00 9.926733e+09 
13636 0.000000e+00 0.000000e+00 9.965738e+09 
13637 0.000000e+00 0.000000e+00 1.016245e+10 
13638 0.000000e+00 0.000000e+00 1.032845e+10 
13639 0.000000e+00 0.000000e+00 1.062868e+10 
13640 0.000000e+00 0.000000e+00 1.074854e+10 
13641 0.000000e+00 0.000000e+00 9.974820e+09 
13642 0.000000e+00 0.000000e+00 9.933400e+09 
13643 0.000000e+00 0.000000e+00 9.927083e+09 
13644 0.000000e+00 0.000000e+00 9.926742e+09 
13645 0.000000e+00 0.000000e+00 9.927042e+09 
13646 0.000000e+00 0.000000e+00 9.926463e+09 
13647 0.000000e+00 0.000000e+00 9.932810e+09 
13648 0.000000e+00 0.000000e+00 1.000967e+10 
13649 0.000000e+00 0.000000e+00 1.036854e+10 
13650 0.000000e+00 0.000000e+00 1.059613e+10 
13651 0.000000e+00 0.000000e+00 1.067316e+10 
13652 0.000000e+00 0.000000e+00 1.066527e+10 
13653 0.000000e+00 0.000000e+00 9.973030e+09 
13654 0.000000e+00 0.000000e+00 9.930657e+09 
13655 0.000000e+00 0.000000e+00 9.926813e+09 
13656 0.000000e+00 0.000000e+00 9.929597e+09 
13657 0.000000e+00 0.000000e+00 9.926770e+09 
13658 0.000000e+00 0.000000e+00 9.928651e+09 
13659 0.000000e+00 0.000000e+00 9.927553e+09 
13660 0.000000e+00 0.000000e+00 9.974537e+09 
13661 0.000000e+00 0.000000e+00 1.030455e+10 
13662 0.000000e+00 0.000000e+00 1.058883e+10 
13663 0.000000e+00 0.000000e+00 1.060525e+10 
13664 0.000000e+00 0.000000e+00 1.070955e+10 
13665 0.000000e+00 0.000000e+00 1.065874e+10 
13666 0.000000e+00 0.000000e+00 9.956501e+09 
13667 0.000000e+00 0.000000e+00 9.927774e+09 
13668 0.000000e+00 0.000000e+00 9.926961e+09 
13669 0.000000e+00 0.000000e+00 9.926955e+09 
13670 0.000000e+00 0.000000e+00 9.927075e+09 
13671 0.000000e+00 0.000000e+00 9.927130e+09 
13672 0.000000e+00 0.000000e+00 9.940536e+09 
13673 0.000000e+00 0.000000e+00 1.017749e+10 
13674 0.000000e+00 0.000000e+00 1.057571e+10 
13675 0.000000e+00 0.000000e+00 1.060414e+10 
13676 0.000000e+00 0.000000e+00 1.068237e+10 
13677 0.000000e+00 0.000000e+00 1.002203e+10 
13678 0.000000e+00 0.000000e+00 9.947844e+09 
13679 0.000000e+00 0.000000e+00 9.928853e+09 
13680 0.000000e+00 0.000000e+00 9.926820e+09 
13681 0.000000e+00 0.000000e+00 9.927089e+09 
13682 0.000000e+00 0.000000e+00 9.927231e+09 
13683 0.000000e+00 0.000000e+00 9.926690e+09 
13684 0.000000e+00 0.000000e+00 9.932651e+09 
13685 0.000000e+00 0.000000e+00 9.988791e+09 
13686 0.000000e+00 0.000000e+00 1.042106e+10 
13687 0.000000e+00 0.000000e+00 1.055801e+10 
13688 0.000000e+00 0.000000e+00 1.065881e+10 
13689 0.000000e+00 0.000000e+00 1.063725e+10 
13690 0.000000e+00 0.000000e+00 1.007978e+10 
13691 0.000000e+00 0.000000e+00 1.006335e+10 
13692 0.000000e+00 0.000000e+00 1.018831e+10 
13693 0.000000e+00 0.000000e+00 1.032082e+10 
13694 0.000000e+00 0.000000e+00 1.045397e+10 
13695 0.000000e+00 0.000000e+00 1.053746e+10 
13696 0.000000e+00 0.000000e+00 1.068620e+10 
13697 0.000000e+00 0.000000e+00 1.063502e+10 
13698 0.000000e+00 0.000000e+00 1.072052e+10 
13699 0.000000e+00 0.000000e+00 9.980320e+09 
13700 0.000000e+00 0.000000e+00 9.936492e+09 
13701 0.000000e+00 0.000000e+00 9.928889e+09 
13702 0.000000e+00 0.000000e+00 9.927371e+09 
13703 0.000000e+00 0.000000e+00 9.927434e+09 
13704 0.000000e+00 0.000000e+00 9.927175e+09 
13705 0.000000e+00 0.000000e+00 9.930332e+09 
13706 0.000000e+00 0.000000e+00 9.940656e+09 
13707 0.000000e+00 0.000000e+00 1.015724e+10 
13708 0.000000e+00 0.000000e+00 1.053938e+10 
13709 0.000000e+00 0.000000e+00 1.066232e+10 
13710 0.000000e+00 0.000000e+00 1.066075e+10 
13711 0.000000e+00 0.000000e+00 1.071845e+10 
13712 0.000000e+00 0.000000e+00 9.966815e+09 
13713 0.000000e+00 0.000000e+00 9.929834e+09 
13714 0.000000e+00 0.000000e+00 9.927495e+09 
13715 0.000000e+00 0.000000e+00 9.927315e+09 
13716 0.000000e+00 0.000000e+00 9.928250e+09 
13717 0.000000e+00 0.000000e+00 9.928822e+09 
13718 0.000000e+00 0.000000e+00 9.964740e+09 
13719 0.000000e+00 0.000000e+00 1.027527e+10 
13720 0.000000e+00 0.000000e+00 1.056763e+10 
13721 0.000000e+00 0.000000e+00 1.062168e+10 
13722 0.000000e+00 0.000000e+00 1.065713e+10 
13723 0.000000e+00 0.000000e+00 1.003672e+10 
13724 0.000000e+00 0.000000e+00 1.002922e+10 
13725 0.000000e+00 0.000000e+00 1.007872e+10 
13726 0.000000e+00 0.000000e+00 1.020821e+10 
13727 0.000000e+00 0.000000e+00 1.036028e+10 
13728 0.000000e+00 0.000000e+00 1.053689e+10 
13729 0.000000e+00 0.000000e+00 1.058419e+10 
13730 0.000000e+00 0.000000e+00 1.063171e+10 
13731 0.000000e+00 0.000000e+00 1.067370e+10 
13732 0.000000e+00 0.000000e+00 1.008524e+10 
13733 0.000000e+00 0.000000e+00 1.005972e+10 
13734 0.000000e+00 0.000000e+00 1.012779e+10 
13735 0.000000e+00 0.000000e+00 1.030067e+10 
13736 0.000000e+00 0.000000e+00 1.044496e+10 
13737 0.000000e+00 0.000000e+00 1.054788e+10 
13738 0.000000e+00 0.000000e+00 1.061880e+10 
13739 0.000000e+00 0.000000e+00 1.063648e+10 
13740 0.000000e+00 0.000000e+00 1.068524e+10 
13741 0.000000e+00 0.000000e+00 1.011253e+10 
13742 0.000000e+00 0.000000e+00 1.010438e+10 
13743 0.000000e+00 0.000000e+00 1.020392e+10 
13744 0.000000e+00 0.000000e+00 1.036061e+10 
13745 0.000000e+00 0.000000e+00 1.047372e+10 
13746 0.000000e+00 0.000000e+00 1.059540e+10 
13747 0.000000e+00 0.000000e+00 1.059911e+10 
13748 0.000000e+00 0.000000e+00 1.068879e+10 
13749 0.000000e+00 0.000000e+00 1.004867e+10 
13750 0.000000e+00 0.000000e+00 1.002355e+10 
13751 0.000000e+00 0.000000e+00 1.007038e+10 
13752 0.000000e+00 0.000000e+00 1.024717e+10 
13753 0.000000e+00 0.000000e+00 1.043093e+10 
13754 0.000000e+00 0.000000e+00 1.053653e+10 
13755 0.000000e+00 0.000000e+00 1.061292e+10 
13756 0.000000e+00 0.000000e+00 1.066569e+10 
13757 0.000000e+00 0.000000e+00 1.065425e+10 
13758 0.000000e+00 0.000000e+00 1.051274e+10 
13759 0.000000e+00 0.000000e+00 1.051394e+10 
13760 0.000000e+00 0.000000e+00 1.059306e+10 
13761 0.000000e+00 0.000000e+00 1.066973e+10 
13762 0.000000e+00 0.000000e+00 1.066468e+10 
13763 0.000000e+00 0.000000e+00 1.009664e+10 
13764 0.000000e+00 0.000000e+00 1.011450e+10 
13765 0.000000e+00 0.000000e+00 1.021037e+10 
13766 0.000000e+00 0.000000e+00 1.038973e+10 
13767 0.000000e+00 0.000000e+00 1.049090e+10 
13768 0.000000e+00 0.000000e+00 1.060046e+10 
13769 0.000000e+00 0.000000e+00 1.065366e+10 
13770 0.000000e+00 0.000000e+00 1.064924e+10 
13771 0.000000e+00 0.000000e+00 1.068922e+10 
13772 0.000000e+00 0.000000e+00 9.969404e+09 
13773 0.000000e+00 0.000000e+00 9.932707e+09 
13774 0.000000e+00 0.000000e+00 9.926887e+09 
13775 0.000000e+00 0.000000e+00 9.927014e+09 
13776 0.000000e+00 0.000000e+00 9.926714e+09 
13777 0.000000e+00 0.000000e+00 9.927796e+09 
13778 0.000000e+00 0.000000e+00 9.931995e+09 
13779 0.000000e+00 0.000000e+00 1.007296e+10 
13780 0.000000e+00 0.000000e+00 1.053035e+10 
13781 0.000000e+00 0.000000e+00 1.059898e+10 
13782 0.000000e+00 0.000000e+00 1.062323e+10 
13783 0.000000e+00 0.000000e+00 1.072115e+10 
13784 0.000000e+00 0.000000e+00 1.049832e+10 
13785 0.000000e+00 0.000000e+00 1.056638e+10 
13786 0.000000e+00 0.000000e+00 1.063364e+10 
13787 0.000000e+00 0.000000e+00 1.068542e+10 
13788 0.000000e+00 0.000000e+00 1.066019e+10 
13789 0.000000e+00 0.000000e+00 9.966147e+09 
13790 0.000000e+00 0.000000e+00 9.929018e+09 
13791 0.000000e+00 0.000000e+00 9.926888e+09 
13792 0.000000e+00 0.000000e+00 9.927151e+09 
13793 0.000000e+00 0.000000e+00 9.926849e+09 
13794 0.000000e+00 0.000000e+00 9.927201e+09 
13795 0.000000e+00 0.000000e+00 9.928763e+09 
13796 0.000000e+00 0.000000e+00 9.955177e+09 
13797 0.000000e+00 0.000000e+00 1.027864e+10 
13798 0.000000e+00 0.000000e+00 1.058436e+10 
13799 0.000000e+00 0.000000e+00 1.063356e+10 
13800 0.000000e+00 0.000000e+00 1.068638e+10 
13801 0.000000e+00 0.000000e+00 9.986126e+09 
13802 0.000000e+00 0.000000e+00 9.936497e+09 
13803 0.000000e+00 0.000000e+00 9.928142e+09 
13804 0.000000e+00 0.000000e+00 9.927115e+09 
13805 0.000000e+00 0.000000e+00 9.927119e+09 
13806 0.000000e+00 0.000000e+00 9.927303e+09 
13807 0.000000e+00 0.000000e+00 9.927158e+09 
13808 0.000000e+00 0.000000e+00 9.939452e+09 
13809 0.000000e+00 0.000000e+00 1.007136e+10 
13810 0.000000e+00 0.000000e+00 1.054870e+10 
13811 0.000000e+00 0.000000e+00 1.061582e+10 
13812 0.000000e+00 0.000000e+00 1.067865e+10 
13813 0.000000e+00 0.000000e+00 1.068719e+10 
13814 0.000000e+00 0.000000e+00 9.960101e+09 
13815 0.000000e+00 0.000000e+00 9.928951e+09 
13816 0.000000e+00 0.000000e+00 9.927028e+09 
13817 0.000000e+00 0.000000e+00 9.927484e+09 
13818 0.000000e+00 0.000000e+00 9.927539e+09 
13819 0.000000e+00 0.000000e+00 9.928080e+09 
13820 0.000000e+00 0.000000e+00 9.932033e+09 
13821 0.000000e+00 0.000000e+00 9.994894e+09 
13822 0.000000e+00 0.000000e+00 1.038779e+10 
13823 0.000000e+00 0.000000e+00 1.062658e+10 
13824 0.000000e+00 0.000000e+00 1.065023e+10 
13825 0.000000e+00 0.000000e+00 1.070787e+10 
13826 0.000000e+00 0.000000e+00 9.981850e+09 
13827 0.000000e+00 0.000000e+00 9.935011e+09 
13828 0.000000e+00 0.000000e+00 9.927454e+09 
13829 0.000000e+00 0.000000e+00 9.926802e+09 
13830 0.000000e+00 0.000000e+00 9.926971e+09 
13831 0.000000e+00 0.000000e+00 9.927321e+09 
13832 0.000000e+00 0.000000e+00 9.927288e+09 
13833 0.000000e+00 0.000000e+00 9.955748e+09 
13834 0.000000e+00 0.000000e+00 1.023695e+10 
13835 0.000000e+00 0.000000e+00 1.062513e+10 
13836 0.000000e+00 0.000000e+00 1.059305e+10 
13837 0.000000e+00 0.000000e+00 1.070815e+10 
13838 0.000000e+00 0.000000e+00 1.068990e+10 
13839 0.000000e+00 0.000000e+00 9.956154e+09 
13840 0.000000e+00 0.000000e+00 9.927767e+09 
13841 0.000000e+00 0.000000e+00 9.927633e+09 
13842 0.000000e+00 0.000000e+00 9.927380e+09 
13843 0.000000e+00 0.000000e+00 9.928044e+09 
13844 0.000000e+00 0.000000e+00 9.932666e+09 
13845 0.000000e+00 0.000000e+00 9.986959e+09 
13846 0.000000e+00 0.000000e+00 1.023471e+10 
13847 0.000000e+00 0.000000e+00 1.053165e+10 
13848 0.000000e+00 0.000000e+00 1.063344e+10 
13849 0.000000e+00 0.000000e+00 1.065674e+10 
13850 0.000000e+00 0.000000e+00 1.070032e+10 
13851 0.000000e+00 0.000000e+00 9.976278e+09 
13852 0.000000e+00 0.000000e+00 9.933302e+09 
13853 0.000000e+00 0.000000e+00 9.927481e+09 
13854 0.000000e+00 0.000000e+00 9.927263e+09 
13855 0.000000e+00 0.000000e+00 9.927295e+09 
13856 0.000000e+00 0.000000e+00 9.927708e+09 
13857 0.000000e+00 0.000000e+00 9.927625e+09 
13858 0.000000e+00 0.000000e+00 9.948374e+09 
13859 0.000000e+00 0.000000e+00 1.022904e+10 
13860 0.000000e+00 0.000000e+00 1.061387e+10 
13861 0.000000e+00 0.000000e+00 1.064216e+10 
13862 0.000000e+00 0.000000e+00 1.067325e+10 
13863 0.000000e+00 0.000000e+00 1.008868e+10 
13864 0.000000e+00 0.000000e+00 1.007277e+10 
13865 0.000000e+00 0.000000e+00 1.018000e+10 
13866 0.000000e+00 0.000000e+00 1.033169e+10 
13867 0.000000e+00 0.000000e+00 1.046866e+10 
13868 0.000000e+00 0.000000e+00 1.057462e+10 
13869 0.000000e+00 0.000000e+00 1.063938e+10 
13870 0.000000e+00 0.000000e+00 1.067127e+10 
13871 0.000000e+00 0.000000e+00 1.072002e+10 
13872 0.000000e+00 0.000000e+00 1.013294e+10 
13873 0.000000e+00 0.000000e+00 1.014215e+10 
13874 0.000000e+00 0.000000e+00 1.025454e+10 
13875 0.000000e+00 0.000000e+00 1.041293e+10 
13876 0.000000e+00 0.000000e+00 1.049646e+10 
13877 0.000000e+00 0.000000e+00 1.062366e+10 
13878 0.000000e+00 0.000000e+00 1.062893e+10 
13879 0.000000e+00 0.000000e+00 1.069944e+10 
13880 0.000000e+00 0.000000e+00 1.070867e+10 
13881 0.000000e+00 0.000000e+00 9.958948e+09 
13882 0.000000e+00 0.000000e+00 9.928100e+09 
13883 0.000000e+00 0.000000e+00 9.928109e+09 
13884 0.000000e+00 0.000000e+00 9.927717e+09 
13885 0.000000e+00 0.000000e+00 9.928467e+09 
13886 0.000000e+00 0.000000e+00 9.927769e+09 
13887 0.000000e+00 0.000000e+00 9.958754e+09 
13888 0.000000e+00 0.000000e+00 1.025154e+10 
13889 0.000000e+00 0.000000e+00 1.057262e+10 
13890 0.000000e+00 0.000000e+00 1.058769e+10 
13891 0.000000e+00 0.000000e+00 1.068509e+10 
13892 0.000000e+00 0.000000e+00 1.041577e+10 
13893 0.000000e+00 0.000000e+00 1.048116e+10 
13894 0.000000e+00 0.000000e+00 1.055870e+10 
13895 0.000000e+00 0.000000e+00 1.067571e+10 
13896 0.000000e+00 0.000000e+00 1.067182e+10 
13897 0.000000e+00 0.000000e+00 1.072562e+10 
13898 0.000000e+00 0.000000e+00 9.971930e+09 
13899 0.000000e+00 0.000000e+00 9.933990e+09 
13900 0.000000e+00 0.000000e+00 9.926684e+09 
13901 0.000000e+00 0.000000e+00 9.927117e+09 
13902 0.000000e+00 0.000000e+00 9.927399e+09 
13903 0.000000e+00 0.000000e+00 9.926842e+09 
13904 0.000000e+00 0.000000e+00 9.941057e+09 
13905 0.000000e+00 0.000000e+00 1.009263e+10 
13906 0.000000e+00 0.000000e+00 1.041797e+10 
13907 0.000000e+00 0.000000e+00 1.056419e+10 
13908 0.000000e+00 0.000000e+00 1.065033e+10 
13909 0.000000e+00 0.000000e+00 1.066499e+10 
13910 0.000000e+00 0.000000e+00 1.009530e+10 
13911 0.000000e+00 0.000000e+00 1.007047e+10 
13912 0.000000e+00 0.000000e+00 1.019876e+10 
13913 0.000000e+00 0.000000e+00 1.036062e+10 
13914 0.000000e+00 0.000000e+00 1.048544e+10 
13915 0.000000e+00 0.000000e+00 1.059911e+10 
13916 0.000000e+00 0.000000e+00 1.061515e+10 
13917 0.000000e+00 0.000000e+00 1.065336e+10 
13918 0.000000e+00 0.000000e+00 1.071095e+10 
13919 0.000000e+00 0.000000e+00 9.971810e+09 
13920 0.000000e+00 0.000000e+00 9.932229e+09 
13921 0.000000e+00 0.000000e+00 9.926767e+09 
13922 0.000000e+00 0.000000e+00 9.926875e+09 
13923 0.000000e+00 0.000000e+00 9.926708e+09 
13924 0.000000e+00 0.000000e+00 9.927018e+09 
13925 0.000000e+00 0.000000e+00 9.927571e+09 
13926 0.000000e+00 0.000000e+00 9.965528e+09 
13927 0.000000e+00 0.000000e+00 1.039448e+10 
13928 0.000000e+00 0.000000e+00 1.061246e+10 
13929 0.000000e+00 0.000000e+00 1.063546e+10 
13930 0.000000e+00 0.000000e+00 1.071287e+10 
13931 0.000000e+00 0.000000e+00 1.010082e+10 
13932 0.000000e+00 0.000000e+00 1.007790e+10 
13933 0.000000e+00 0.000000e+00 1.019279e+10 
13934 0.000000e+00 0.000000e+00 1.036219e+10 
13935 0.000000e+00 0.000000e+00 1.046954e+10 
13936 0.000000e+00 0.000000e+00 1.056239e+10 
13937 0.000000e+00 0.000000e+00 1.065131e+10 
13938 0.000000e+00 0.000000e+00 1.067593e+10 
13939 0.000000e+00 0.000000e+00 1.069393e+10 
13940 0.000000e+00 0.000000e+00 9.962084e+09 
13941 0.000000e+00 0.000000e+00 9.929484e+09 
13942 0.000000e+00 0.000000e+00 9.927719e+09 
13943 0.000000e+00 0.000000e+00 9.927021e+09 
13944 0.000000e+00 0.000000e+00 9.927297e+09 
13945 0.000000e+00 0.000000e+00 9.927137e+09 
13946 0.000000e+00 0.000000e+00 9.928681e+09 
13947 0.000000e+00 0.000000e+00 9.973066e+09 
13948 0.000000e+00 0.000000e+00 1.036800e+10 
13949 0.000000e+00 0.000000e+00 1.062956e+10 
13950 0.000000e+00 0.000000e+00 1.065131e+10 
13951 0.000000e+00 0.000000e+00 1.066674e+10 
13952 0.000000e+00 0.000000e+00 1.008736e+10 
13953 0.000000e+00 0.000000e+00 1.010297e+10 
13954 0.000000e+00 0.000000e+00 1.018056e+10 
13955 0.000000e+00 0.000000e+00 1.036668e+10 
13956 0.000000e+00 0.000000e+00 1.047120e+10 
13957 0.000000e+00 0.000000e+00 1.053895e+10 
13958 0.000000e+00 0.000000e+00 1.060813e+10 
13959 0.000000e+00 0.000000e+00 1.067090e+10 
13960 0.000000e+00 0.000000e+00 1.069736e+10 
13961 0.000000e+00 0.000000e+00 9.973371e+09 
13962 0.000000e+00 0.000000e+00 9.932143e+09 
13963 0.000000e+00 0.000000e+00 9.926621e+09 
13964 0.000000e+00 0.000000e+00 9.927022e+09 
13965 0.000000e+00 0.000000e+00 9.927143e+09 
13966 0.000000e+00 0.000000e+00 9.927254e+09 
13967 0.000000e+00 0.000000e+00 9.928658e+09 
13968 0.000000e+00 0.000000e+00 9.945412e+09 
13969 0.000000e+00 0.000000e+00 1.018613e+10 
13970 0.000000e+00 0.000000e+00 1.064624e+10 
13971 0.000000e+00 0.000000e+00 1.064266e+10 
13972 0.000000e+00 0.000000e+00 1.073468e+10 
13973 0.000000e+00 0.000000e+00 9.988154e+09 
13974 0.000000e+00 0.000000e+00 9.934863e+09 
13975 0.000000e+00 0.000000e+00 9.927121e+09 
13976 0.000000e+00 0.000000e+00 9.926864e+09 
13977 0.000000e+00 0.000000e+00 9.927036e+09 
13978 0.000000e+00 0.000000e+00 9.926470e+09 
13979 0.000000e+00 0.000000e+00 9.930606e+09 
13980 0.000000e+00 0.000000e+00 9.972210e+09 
13981 0.000000e+00 0.000000e+00 1.025228e+10 
13982 0.000000e+00 0.000000e+00 1.045380e+10 
13983 0.000000e+00 0.000000e+00 1.068986e+10 
13984 0.000000e+00 0.000000e+00 1.063199e+10 
13985 0.000000e+00 0.000000e+00 9.988154e+09 
13986 0.000000e+00 0.000000e+00 9.937351e+09 
13987 0.000000e+00 0.000000e+00 9.927021e+09 
13988 0.000000e+00 0.000000e+00 9.927006e+09 
13989 0.000000e+00 0.000000e+00 9.926914e+09 
13990 0.000000e+00 0.000000e+00 9.927679e+09 
13991 0.000000e+00 0.000000e+00 9.926782e+09 
13992 0.000000e+00 0.000000e+00 9.949546e+09 
13993 0.000000e+00 0.000000e+00 1.015240e+10 
13994 0.000000e+00 0.000000e+00 1.048176e+10 
13995 0.000000e+00 0.000000e+00 1.057310e+10 
13996 0.000000e+00 0.000000e+00 1.068522e+10 
13997 0.000000e+00 0.000000e+00 1.068754e+10 
13998 0.000000e+00 0.000000e+00 9.965248e+09 
13999 0.000000e+00 0.000000e+00 9.929660e+09 
14000 0.000000e+00 0.000000e+00 9.927022e+09 
14001 0.000000e+00 0.000000e+00 9.927765e+09 
14002 0.000000e+00 0.000000e+00 9.926700e+09 
14003 0.000000e+00 0.000000e+00 9.928635e+09 
14004 0.000000e+00 0.000000e+00 9.927174e+09 
14005 0.000000e+00 0.000000e+00 9.969649e+09 
14006 0.000000e+00 0.000000e+00 1.027785e+10 
14007 0.000000e+00 0.000000e+00 1.061926e+10 
14008 0.000000e+00 0.000000e+00 1.062432e+10 
14009 0.000000e+00 0.000000e+00 1.069688e+10 
14010 0.000000e+00 0.000000e+00 9.992728e+09 
14011 0.000000e+00 0.000000e+00 9.938849e+09 
14012 0.000000e+00 0.000000e+00 9.927610e+09 
14013 0.000000e+00 0.000000e+00 9.926752e+09 
14014 0.000000e+00 0.000000e+00 9.926971e+09 
14015 0.000000e+00 0.000000e+00 9.926692e+09 
14016 0.000000e+00 0.000000e+00 9.927648e+09 
14017 0.000000e+00 0.000000e+00 9.936958e+09 
14018 0.000000e+00 0.000000e+00 1.010107e+10 
14019 0.000000e+00 0.000000e+00 1.045706e+10 
14020 0.000000e+00 0.000000e+00 1.066835e+10 
14021 0.000000e+00 0.000000e+00 1.068688e+10 
14022 0.000000e+00 0.000000e+00 1.070621e+10 
14023 0.000000e+00 0.000000e+00 9.971610e+09 
14024 0.000000e+00 0.000000e+00 9.932046e+09 
14025 0.000000e+00 0.000000e+00 9.927669e+09 
14026 0.000000e+00 0.000000e+00 9.927464e+09 
14027 0.000000e+00 0.000000e+00 9.927704e+09 
14028 0.000000e+00 0.000000e+00 9.928120e+09 
14029 0.000000e+00 0.000000e+00 9.938642e+09 
14030 0.000000e+00 0.000000e+00 1.006579e+10 
14031 0.000000e+00 0.000000e+00 1.048550e+10 
14032 0.000000e+00 0.000000e+00 1.057286e+10 
14033 0.000000e+00 0.000000e+00 1.063701e+10 
14034 0.000000e+00 0.000000e+00 1.068772e+10 
14035 0.000000e+00 0.000000e+00 1.009394e+10 
14036 0.000000e+00 0.000000e+00 1.007436e+10 
14037 0.000000e+00 0.000000e+00 1.019647e+10 
14038 0.000000e+00 0.000000e+00 1.032574e+10 
14039 0.000000e+00 0.000000e+00 1.048974e+10 
14040 0.000000e+00 0.000000e+00 1.059487e+10 
14041 0.000000e+00 0.000000e+00 1.065010e+10 
14042 0.000000e+00 0.000000e+00 1.065310e+10 
14043 0.000000e+00 0.000000e+00 1.004676e+10 
14044 0.000000e+00 0.000000e+00 1.003029e+10 
14045 0.000000e+00 0.000000e+00 1.007245e+10 
14046 0.000000e+00 0.000000e+00 1.021800e+10 
14047 0.000000e+00 0.000000e+00 1.042369e+10 
14048 0.000000e+00 0.000000e+00 1.050481e+10 
14049 0.000000e+00 0.000000e+00 1.060327e+10 
14050 0.000000e+00 0.000000e+00 1.065427e+10 
14051 0.000000e+00 0.000000e+00 1.069220e+10 
14052 0.000000e+00 0.000000e+00 1.007429e+10 
14053 0.000000e+00 0.000000e+00 1.005957e+10 
14054 0.000000e+00 0.000000e+00 1.014061e+10 
14055 0.000000e+00 0.000000e+00 1.030264e+10 
14056 0.000000e+00 0.000000e+00 1.044640e+10 
14057 0.000000e+00 0.000000e+00 1.055780e+10 
14058 0.000000e+00 0.000000e+00 1.061436e+10 
14059 0.000000e+00 0.000000e+00 1.067666e+10 
14060 0.000000e+00 0.000000e+00 1.066936e+10 
14061 0.000000e+00 0.000000e+00 1.012221e+10 
14062 0.000000e+00 0.000000e+00 1.011007e+10 
14063 0.000000e+00 0.000000e+00 1.023040e+10 
14064 0.000000e+00 0.000000e+00 1.040780e+10 
14065 0.000000e+00 0.000000e+00 1.050976e+10 
14066 0.000000e+00 0.000000e+00 1.057886e+10 
14067 0.000000e+00 0.000000e+00 1.064878e+10 
14068 0.000000e+00 0.000000e+00 1.070830e+10 
14069 0.000000e+00 0.000000e+00 1.048564e+10 
14070 0.000000e+00 0.000000e+00 1.050886e+10 
14071 0.000000e+00 0.000000e+00 1.060128e+10 
14072 0.000000e+00 0.000000e+00 1.064031e+10 
14073 0.000000e+00 0.000000e+00 1.069673e+10 
14074 0.000000e+00 0.000000e+00 9.993964e+09 
14075 0.000000e+00 0.000000e+00 9.938216e+09 
14076 0.000000e+00 0.000000e+00 9.927910e+09 
14077 0.000000e+00 0.000000e+00 9.926735e+09 
14078 0.000000e+00 0.000000e+00 9.926945e+09 
14079 0.000000e+00 0.000000e+00 9.927216e+09 
14080 0.000000e+00 0.000000e+00 9.926544e+09 
14081 0.000000e+00 0.000000e+00 9.938834e+09 
14082 0.000000e+00 0.000000e+00 1.010673e+10 
14083 0.000000e+00 0.000000e+00 1.054799e+10 
14084 0.000000e+00 0.000000e+00 1.058124e+10 
14085 0.000000e+00 0.000000e+00 1.068325e+10 
14086 0.000000e+00 0.000000e+00 1.067557e+10 
14087 0.000000e+00 0.000000e+00 9.961153e+09 
14088 0.000000e+00 0.000000e+00 9.928532e+09 
14089 0.000000e+00 0.000000e+00 9.926705e+09 
14090 0.000000e+00 0.000000e+00 9.926832e+09 
14091 0.000000e+00 0.000000e+00 9.926638e+09 
14092 0.000000e+00 0.000000e+00 9.927531e+09 
14093 0.000000e+00 0.000000e+00 9.929864e+09 
14094 0.000000e+00 0.000000e+00 1.003040e+10 
14095 0.000000e+00 0.000000e+00 1.026785e+10 
14096 0.000000e+00 0.000000e+00 1.055981e+10 
14097 0.000000e+00 0.000000e+00 1.065691e+10 
14098 0.000000e+00 0.000000e+00 1.071256e+10 
14099 0.000000e+00 0.000000e+00 1.066420e+10 
14100 0.000000e+00 0.000000e+00 9.951488e+09 
14101 0.000000e+00 0.000000e+00 9.928319e+09 
14102 0.000000e+00 0.000000e+00 9.928694e+09 
14103 0.000000e+00 0.000000e+00 9.928145e+09 
14104 0.000000e+00 0.000000e+00 9.931445e+09 
14105 0.000000e+00 0.000000e+00 9.949577e+09 
14106 0.000000e+00 0.000000e+00 1.005913e+10 
14107 0.000000e+00 0.000000e+00 1.039752e+10 
14108 0.000000e+00 0.000000e+00 1.058110e+10 
14109 0.000000e+00 0.000000e+00 1.060670e+10 
14110 0.000000e+00 0.000000e+00 1.069328e+10 
14111 0.000000e+00 0.000000e+00 1.069196e+10 
14112 0.000000e+00 0.000000e+00 9.959461e+09 
14113 0.000000e+00 0.000000e+00 9.928313e+09 
14114 0.000000e+00 0.000000e+00 9.927072e+09 
14115 0.000000e+00 0.000000e+00 9.926825e+09 
14116 0.000000e+00 0.000000e+00 9.927746e+09 
14117 0.000000e+00 0.000000e+00 9.927590e+09 
14118 0.000000e+00 0.000000e+00 9.950661e+09 
14119 0.000000e+00 0.000000e+00 1.012801e+10 
14120 0.000000e+00 0.000000e+00 1.049401e+10 
14121 0.000000e+00 0.000000e+00 1.059732e+10 
14122 0.000000e+00 0.000000e+00 1.067536e+10 
14123 0.000000e+00 0.000000e+00 1.068131e+10 
14124 0.000000e+00 0.000000e+00 1.012916e+10 
14125 0.000000e+00 0.000000e+00 1.010235e+10 
14126 0.000000e+00 0.000000e+00 1.022668e+10 
14127 0.000000e+00 0.000000e+00 1.034748e+10 
14128 0.000000e+00 0.000000e+00 1.052373e+10 
14129 0.000000e+00 0.000000e+00 1.056023e+10 
14130 0.000000e+00 0.000000e+00 1.065985e+10 
14131 0.000000e+00 0.000000e+00 1.063675e+10 
14132 0.000000e+00 0.000000e+00 1.051474e+10 
14133 0.000000e+00 0.000000e+00 1.048242e+10 
14134 0.000000e+00 0.000000e+00 1.060556e+10 
14135 0.000000e+00 0.000000e+00 1.062806e+10 
14136 0.000000e+00 0.000000e+00 1.067983e+10 
14137 0.000000e+00 0.000000e+00 1.006488e+10 
14138 0.000000e+00 0.000000e+00 1.005218e+10 
14139 0.000000e+00 0.000000e+00 1.013985e+10 
14140 0.000000e+00 0.000000e+00 1.032172e+10 
14141 0.000000e+00 0.000000e+00 1.041082e+10 
14142 0.000000e+00 0.000000e+00 1.057302e+10 
14143 0.000000e+00 0.000000e+00 1.057370e+10 
14144 0.000000e+00 0.000000e+00 1.069452e+10 
14145 0.000000e+00 0.000000e+00 1.067811e+10 
14146 0.000000e+00 0.000000e+00 9.966192e+09 
14147 0.000000e+00 0.000000e+00 9.930598e+09 
14148 0.000000e+00 0.000000e+00 9.927029e+09 
14149 0.000000e+00 0.000000e+00 9.927254e+09 
14150 0.000000e+00 0.000000e+00 9.926551e+09 
14151 0.000000e+00 0.000000e+00 9.928080e+09 
14152 0.000000e+00 0.000000e+00 9.927260e+09 
14153 0.000000e+00 0.000000e+00 9.967544e+09 
14154 0.000000e+00 0.000000e+00 1.024173e+10 
14155 0.000000e+00 0.000000e+00 1.062600e+10 
14156 0.000000e+00 0.000000e+00 1.063329e+10 
14157 0.000000e+00 0.000000e+00 1.068830e+10 
14158 0.000000e+00 0.000000e+00 1.067638e+10 
14159 0.000000e+00 0.000000e+00 9.956015e+09 
14160 0.000000e+00 0.000000e+00 9.928509e+09 
14161 0.000000e+00 0.000000e+00 9.927361e+09 
14162 0.000000e+00 0.000000e+00 9.927317e+09 
14163 0.000000e+00 0.000000e+00 9.927434e+09 
14164 0.000000e+00 0.000000e+00 9.929793e+09 
14165 0.000000e+00 0.000000e+00 9.954039e+09 
14166 0.000000e+00 0.000000e+00 1.021057e+10 
14167 0.000000e+00 0.000000e+00 1.055250e+10 
14168 0.000000e+00 0.000000e+00 1.065177e+10 
14169 0.000000e+00 0.000000e+00 1.063380e+10 
14170 0.000000e+00 0.000000e+00 9.997675e+09 
14171 0.000000e+00 0.000000e+00 9.937936e+09 
14172 0.000000e+00 0.000000e+00 9.927349e+09 
14173 0.000000e+00 0.000000e+00 9.927103e+09 
14174 0.000000e+00 0.000000e+00 9.926949e+09 
14175 0.000000e+00 0.000000e+00 9.927893e+09 
14176 0.000000e+00 0.000000e+00 9.927487e+09 
14177 0.000000e+00 0.000000e+00 9.945452e+09 
14178 0.000000e+00 0.000000e+00 1.011601e+10 
14179 0.000000e+00 0.000000e+00 1.055297e+10 
14180 0.000000e+00 0.000000e+00 1.059155e+10 
14181 0.000000e+00 0.000000e+00 1.065983e+10 
14182 0.000000e+00 0.000000e+00 1.065593e+10 
14183 0.000000e+00 0.000000e+00 1.073931e+10 
14184 0.000000e+00 0.000000e+00 9.961969e+09 
14185 0.000000e+00 0.000000e+00 9.930341e+09 
14186 0.000000e+00 0.000000e+00 9.927511e+09 
14187 0.000000e+00 0.000000e+00 9.927386e+09 
14188 0.000000e+00 0.000000e+00 9.928385e+09 
14189 0.000000e+00 0.000000e+00 9.938072e+09 
14190 0.000000e+00 0.000000e+00 1.004734e+10 
14191 0.000000e+00 0.000000e+00 1.039825e+10 
14192 0.000000e+00 0.000000e+00 1.057320e+10 
14193 0.000000e+00 0.000000e+00 1.062165e+10 
14194 0.000000e+00 0.000000e+00 1.070730e+10 
14195 0.000000e+00 0.000000e+00 1.067315e+10 
14196 0.000000e+00 0.000000e+00 1.014816e+10 
14197 0.000000e+00 0.000000e+00 1.014318e+10 
14198 0.000000e+00 0.000000e+00 1.029761e+10 
14199 0.000000e+00 0.000000e+00 1.040769e+10 
14200 0.000000e+00 0.000000e+00 1.054173e+10 
14201 0.000000e+00 0.000000e+00 1.060179e+10 
14202 0.000000e+00 0.000000e+00 1.065878e+10 
14203 0.000000e+00 0.000000e+00 1.065379e+10 
14204 0.000000e+00 0.000000e+00 1.008396e+10 
14205 0.000000e+00 0.000000e+00 1.006340e+10 
14206 0.000000e+00 0.000000e+00 1.016417e+10 
14207 0.000000e+00 0.000000e+00 1.034146e+10 
14208 0.000000e+00 0.000000e+00 1.049552e+10 
14209 0.000000e+00 0.000000e+00 1.054582e+10 
14210 0.000000e+00 0.000000e+00 1.064339e+10 
14211 0.000000e+00 0.000000e+00 1.067108e+10 
14212 0.000000e+00 0.000000e+00 1.069578e+10 
14213 0.000000e+00 0.000000e+00 9.974369e+09 
14214 0.000000e+00 0.000000e+00 9.934470e+09 
14215 0.000000e+00 0.000000e+00 9.927550e+09 
14216 0.000000e+00 0.000000e+00 9.927141e+09 
14217 0.000000e+00 0.000000e+00 9.927138e+09 
14218 0.000000e+00 0.000000e+00 9.927184e+09 
14219 0.000000e+00 0.000000e+00 9.933072e+09 
14220 0.000000e+00 0.000000e+00 9.966876e+09 
14221 0.000000e+00 0.000000e+00 1.035030e+10 
14222 0.000000e+00 0.000000e+00 1.059021e+10 
14223 0.000000e+00 0.000000e+00 1.069114e+10 
14224 0.000000e+00 0.000000e+00 1.065815e+10 
14225 0.000000e+00 0.000000e+00 1.009381e+10 
14226 0.000000e+00 0.000000e+00 1.007031e+10 
14227 0.000000e+00 0.000000e+00 1.020698e+10 
14228 0.000000e+00 0.000000e+00 1.031196e+10 
14229 0.000000e+00 0.000000e+00 1.046906e+10 
14230 0.000000e+00 0.000000e+00 1.051892e+10 
14231 0.000000e+00 0.000000e+00 1.064209e+10 
14232 0.000000e+00 0.000000e+00 1.065370e+10 
14233 0.000000e+00 0.000000e+00 1.073212e+10 
14234 0.000000e+00 0.000000e+00 9.976811e+09 
14235 0.000000e+00 0.000000e+00 9.934118e+09 
14236 0.000000e+00 0.000000e+00 9.927328e+09 
14237 0.000000e+00 0.000000e+00 9.927098e+09 
14238 0.000000e+00 0.000000e+00 9.926931e+09 
14239 0.000000e+00 0.000000e+00 9.927534e+09 
14240 0.000000e+00 0.000000e+00 9.927423e+09 
14241 0.000000e+00 0.000000e+00 9.929358e+09 
14242 0.000000e+00 0.000000e+00 1.008462e+10 
14243 0.000000e+00 0.000000e+00 1.052925e+10 
14244 0.000000e+00 0.000000e+00 1.066352e+10 
14245 0.000000e+00 0.000000e+00 1.066439e+10 
14246 0.000000e+00 0.000000e+00 1.074002e+10 
14247 0.000000e+00 0.000000e+00 9.963467e+09 
14248 0.000000e+00 0.000000e+00 9.931447e+09 
14249 0.000000e+00 0.000000e+00 9.927144e+09 
14250 0.000000e+00 0.000000e+00 9.927165e+09 
14251 0.000000e+00 0.000000e+00 9.928204e+09 
14252 0.000000e+00 0.000000e+00 9.928712e+09 
14253 0.000000e+00 0.000000e+00 9.996535e+09 
14254 0.000000e+00 0.000000e+00 1.021228e+10 
14255 0.000000e+00 0.000000e+00 1.041942e+10 
14256 0.000000e+00 0.000000e+00 1.059609e+10 
14257 0.000000e+00 0.000000e+00 1.068125e+10 
14258 0.000000e+00 0.000000e+00 1.068232e+10 
14259 0.000000e+00 0.000000e+00 9.961568e+09 
14260 0.000000e+00 0.000000e+00 9.928301e+09 
14261 0.000000e+00 0.000000e+00 9.927101e+09 
14262 0.000000e+00 0.000000e+00 9.926808e+09 
14263 0.000000e+00 0.000000e+00 9.926804e+09 
14264 0.000000e+00 0.000000e+00 9.927890e+09 
14265 0.000000e+00 0.000000e+00 9.934161e+09 
14266 0.000000e+00 0.000000e+00 1.011054e+10 
14267 0.000000e+00 0.000000e+00 1.053481e+10 
14268 0.000000e+00 0.000000e+00 1.062659e+10 
14269 0.000000e+00 0.000000e+00 1.061934e+10 
14270 0.000000e+00 0.000000e+00 1.069328e+10 
14271 0.000000e+00 0.000000e+00 1.010443e+10 
14272 0.000000e+00 0.000000e+00 1.010632e+10 
14273 0.000000e+00 0.000000e+00 1.017970e+10 
14274 0.000000e+00 0.000000e+00 1.040087e+10 
14275 0.000000e+00 0.000000e+00 1.046634e+10 
14276 0.000000e+00 0.000000e+00 1.057752e+10 
14277 0.000000e+00 0.000000e+00 1.060065e+10 
14278 0.000000e+00 0.000000e+00 1.066995e+10 
14279 0.000000e+00 0.000000e+00 1.070108e+10 
14280 0.000000e+00 0.000000e+00 9.961604e+09 
14281 0.000000e+00 0.000000e+00 9.928346e+09 
14282 0.000000e+00 0.000000e+00 9.927176e+09 
14283 0.000000e+00 0.000000e+00 9.927180e+09 
14284 0.000000e+00 0.000000e+00 9.927920e+09 
14285 0.000000e+00 0.000000e+00 9.927151e+09 
14286 0.000000e+00 0.000000e+00 9.938960e+09 
14287 0.000000e+00 0.000000e+00 1.003124e+10 
14288 0.000000e+00 0.000000e+00 1.048939e+10 
14289 0.000000e+00 0.000000e+00 1.059723e+10 
14290 0.000000e+00 0.000000e+00 1.066478e+10 
14291 0.000000e+00 0.000000e+00 1.068040e+10 
14292 0.000000e+00 0.000000e+00 1.075388e+10 
14293 0.000000e+00 0.000000e+00 9.960658e+09 
14294 0.000000e+00 0.000000e+00 9.931482e+09 
14295 0.000000e+00 0.000000e+00 9.927636e+09 
14296 0.000000e+00 0.000000e+00 9.928951e+09 
14297 0.000000e+00 0.000000e+00 9.933357e+09 
14298 0.000000e+00 0.000000e+00 9.979074e+09 
14299 0.000000e+00 0.000000e+00 1.017226e+10 
14300 0.000000e+00 0.000000e+00 1.050087e+10 
14301 0.000000e+00 0.000000e+00 1.056786e+10 
14302 0.000000e+00 0.000000e+00 1.067436e+10 
14303 0.000000e+00 0.000000e+00 1.066794e+10 
14304 0.000000e+00 0.000000e+00 1.048534e+10 
14305 0.000000e+00 0.000000e+00 1.051953e+10 
14306 0.000000e+00 0.000000e+00 1.059384e+10 
14307 0.000000e+00 0.000000e+00 1.063714e+10 
14308 0.000000e+00 0.000000e+00 1.070318e+10 
14309 0.000000e+00 0.000000e+00 9.987885e+09 
14310 0.000000e+00 0.000000e+00 9.937919e+09 
14311 0.000000e+00 0.000000e+00 9.927406e+09 
14312 0.000000e+00 0.000000e+00 9.927173e+09 
14313 0.000000e+00 0.000000e+00 9.927760e+09 
14314 0.000000e+00 0.000000e+00 9.926781e+09 
14315 0.000000e+00 0.000000e+00 9.929710e+09 
14316 0.000000e+00 0.000000e+00 9.940133e+09 
14317 0.000000e+00 0.000000e+00 1.021766e+10 
14318 0.000000e+00 0.000000e+00 1.052701e+10 
14319 0.000000e+00 0.000000e+00 1.064830e+10 
14320 0.000000e+00 0.000000e+00 1.065125e+10 
14321 0.000000e+00 0.000000e+00 1.073798e+10 
14322 0.000000e+00 0.000000e+00 9.969397e+09 
14323 0.000000e+00 0.000000e+00 9.931685e+09 
14324 0.000000e+00 0.000000e+00 9.927018e+09 
14325 0.000000e+00 0.000000e+00 9.926970e+09 
14326 0.000000e+00 0.000000e+00 9.927152e+09 
14327 0.000000e+00 0.000000e+00 9.927117e+09 
14328 0.000000e+00 0.000000e+00 9.928250e+09 
14329 0.000000e+00 0.000000e+00 9.952854e+09 
14330 0.000000e+00 0.000000e+00 1.027008e+10 
14331 0.000000e+00 0.000000e+00 1.065759e+10 
14332 0.000000e+00 0.000000e+00 1.066391e+10 
14333 0.000000e+00 0.000000e+00 1.068721e+10 
14334 0.000000e+00 0.000000e+00 9.978659e+09 
14335 0.000000e+00 0.000000e+00 9.933813e+09 
14336 0.000000e+00 0.000000e+00 9.927238e+09 
14337 0.000000e+00 0.000000e+00 9.927041e+09 
14338 0.000000e+00 0.000000e+00 9.926827e+09 
14339 0.000000e+00 0.000000e+00 9.927182e+09 
14340 0.000000e+00 0.000000e+00 9.927515e+09 
14341 0.000000e+00 0.000000e+00 9.941423e+09 
14342 0.000000e+00 0.000000e+00 1.020047e+10 
14343 0.000000e+00 0.000000e+00 1.050986e+10 
14344 0.000000e+00 0.000000e+00 1.063442e+10 
14345 0.000000e+00 0.000000e+00 1.065413e+10 
14346 0.000000e+00 0.000000e+00 9.984393e+09 
14347 0.000000e+00 0.000000e+00 9.934407e+09 
14348 0.000000e+00 0.000000e+00 9.927263e+09 
14349 0.000000e+00 0.000000e+00 9.926996e+09 
14350 0.000000e+00 0.000000e+00 9.926958e+09 
14351 0.000000e+00 0.000000e+00 9.926919e+09 
14352 0.000000e+00 0.000000e+00 9.927344e+09 
14353 0.000000e+00 0.000000e+00 9.927393e+09 
14354 0.000000e+00 0.000000e+00 9.944682e+09 
14355 0.000000e+00 0.000000e+00 1.027551e+10 
14356 0.000000e+00 0.000000e+00 1.063066e+10 
14357 0.000000e+00 0.000000e+00 1.067387e+10 
14358 0.000000e+00 0.000000e+00 1.069824e+10 
14359 0.000000e+00 0.000000e+00 1.011943e+10 
14360 0.000000e+00 0.000000e+00 1.010710e+10 
14361 0.000000e+00 0.000000e+00 1.021688e+10 
14362 0.000000e+00 0.000000e+00 1.035592e+10 
14363 0.000000e+00 0.000000e+00 1.048919e+10 
14364 0.000000e+00 0.000000e+00 1.060620e+10 
14365 0.000000e+00 0.000000e+00 1.065896e+10 
14366 0.000000e+00 0.000000e+00 1.067178e+10 
14367 0.000000e+00 0.000000e+00 1.007008e+10 
14368 0.000000e+00 0.000000e+00 1.005188e+10 
14369 0.000000e+00 0.000000e+00 1.011593e+10 
14370 0.000000e+00 0.000000e+00 1.030246e+10 
14371 0.000000e+00 0.000000e+00 1.042386e+10 
14372 0.000000e+00 0.000000e+00 1.052355e+10 
14373 0.000000e+00 0.000000e+00 1.059147e+10 
14374 0.000000e+00 0.000000e+00 1.064250e+10 
14375 0.000000e+00 0.000000e+00 1.066805e+10 
14376 0.000000e+00 0.000000e+00 1.010499e+10 
14377 0.000000e+00 0.000000e+00 1.008881e+10 
14378 0.000000e+00 0.000000e+00 1.020326e+10 
14379 0.000000e+00 0.000000e+00 1.037025e+10 
14380 0.000000e+00 0.000000e+00 1.048106e+10 
14381 0.000000e+00 0.000000e+00 1.058177e+10 
14382 0.000000e+00 0.000000e+00 1.064268e+10 
14383 0.000000e+00 0.000000e+00 1.067995e+10 
14384 0.000000e+00 0.000000e+00 1.068938e+10 
14385 0.000000e+00 0.000000e+00 9.963208e+09 
14386 0.000000e+00 0.000000e+00 9.929359e+09 
14387 0.000000e+00 0.000000e+00 9.927152e+09 
14388 0.000000e+00 0.000000e+00 9.927246e+09 
14389 0.000000e+00 0.000000e+00 9.927456e+09 
14390 0.000000e+00 0.000000e+00 9.927541e+09 
14391 0.000000e+00 0.000000e+00 9.929322e+09 
14392 0.000000e+00 0.000000e+00 9.953417e+09 
14393 0.000000e+00 0.000000e+00 1.028839e+10 
14394 0.000000e+00 0.000000e+00 1.063276e+10 
14395 0.000000e+00 0.000000e+00 1.066413e+10 
14396 0.000000e+00 0.000000e+00 1.068762e+10 
14397 0.000000e+00 0.000000e+00 1.010741e+10 
14398 0.000000e+00 0.000000e+00 1.010096e+10 
14399 0.000000e+00 0.000000e+00 1.023450e+10 
14400 0.000000e+00 0.000000e+00 1.034665e+10 
14401 0.000000e+00 0.000000e+00 1.048290e+10 
14402 0.000000e+00 0.000000e+00 1.056221e+10 
14403 0.000000e+00 0.000000e+00 1.063060e+10 
14404 0.000000e+00 0.000000e+00 1.064988e+10 
14405 0.000000e+00 0.000000e+00 1.073856e+10 
14406 0.000000e+00 0.000000e+00 9.972706e+09 
14407 0.000000e+00 0.000000e+00 9.934447e+09 
14408 0.000000e+00 0.000000e+00 9.927486e+09 
14409 0.000000e+00 0.000000e+00 9.927453e+09 
14410 0.000000e+00 0.000000e+00 9.927006e+09 
14411 0.000000e+00 0.000000e+00 9.927635e+09 
14412 0.000000e+00 0.000000e+00 9.926727e+09 
14413 0.000000e+00 0.000000e+00 9.976916e+09 
14414 0.000000e+00 0.000000e+00 1.038499e+10 
14415 0.000000e+00 0.000000e+00 1.062771e+10 
14416 0.000000e+00 0.000000e+00 1.061810e+10 
14417 0.000000e+00 0.000000e+00 1.072953e+10 
14418 0.000000e+00 0.000000e+00 1.008457e+10 
14419 0.000000e+00 0.000000e+00 1.009037e+10 
14420 0.000000e+00 0.000000e+00 1.018331e+10 
14421 0.000000e+00 0.000000e+00 1.036297e+10 
14422 0.000000e+00 0.000000e+00 1.049202e+10 
14423 0.000000e+00 0.000000e+00 1.060817e+10 
14424 0.000000e+00 0.000000e+00 1.062169e+10 
14425 0.000000e+00 0.000000e+00 1.070022e+10 
14426 0.000000e+00 0.000000e+00 1.065345e+10 
14427 0.000000e+00 0.000000e+00 9.962369e+09 
14428 0.000000e+00 0.000000e+00 9.928853e+09 
14429 0.000000e+00 0.000000e+00 9.927037e+09 
14430 0.000000e+00 0.000000e+00 9.927222e+09 
14431 0.000000e+00 0.000000e+00 9.928143e+09 
14432 0.000000e+00 0.000000e+00 9.927489e+09 
14433 0.000000e+00 0.000000e+00 9.946758e+09 
14434 0.000000e+00 0.000000e+00 1.010955e+10 
14435 0.000000e+00 0.000000e+00 1.054569e+10 
14436 0.000000e+00 0.000000e+00 1.057947e+10 
14437 0.000000e+00 0.000000e+00 1.069682e+10 
14438 0.000000e+00 0.000000e+00 1.068517e+10 
14439 0.000000e+00 0.000000e+00 9.974980e+09 
14440 0.000000e+00 0.000000e+00 9.930779e+09 
14441 0.000000e+00 0.000000e+00 9.926722e+09 
14442 0.000000e+00 0.000000e+00 9.927057e+09 
14443 0.000000e+00 0.000000e+00 9.926795e+09 
14444 0.000000e+00 0.000000e+00 9.928403e+09 
14445 0.000000e+00 0.000000e+00 9.928539e+09 
14446 0.000000e+00 0.000000e+00 9.998872e+09 
14447 0.000000e+00 0.000000e+00 1.025260e+10 
14448 0.000000e+00 0.000000e+00 1.056736e+10 
14449 0.000000e+00 0.000000e+00 1.062549e+10 
14450 0.000000e+00 0.000000e+00 1.069919e+10 
14451 0.000000e+00 0.000000e+00 1.000307e+10 
14452 0.000000e+00 0.000000e+00 9.941666e+09 
14453 0.000000e+00 0.000000e+00 9.928067e+09 
14454 0.000000e+00 0.000000e+00 9.926950e+09 
14455 0.000000e+00 0.000000e+00 9.927037e+09 
14456 0.000000e+00 0.000000e+00 9.926761e+09 
14457 0.000000e+00 0.000000e+00 9.927211e+09 
14458 0.000000e+00 0.000000e+00 9.930078e+09 
14459 0.000000e+00 0.000000e+00 1.004553e+10 
14460 0.000000e+00 0.000000e+00 1.042203e+10 
14461 0.000000e+00 0.000000e+00 1.062653e+10 
14462 0.000000e+00 0.000000e+00 1.068747e+10 
14463 0.000000e+00 0.000000e+00 1.071742e+10 
14464 0.000000e+00 0.000000e+00 1.050807e+10 
14465 0.000000e+00 0.000000e+00 1.056133e+10 
14466 0.000000e+00 0.000000e+00 1.062252e+10 
14467 0.000000e+00 0.000000e+00 1.066615e+10 
14468 0.000000e+00 0.000000e+00 1.069637e+10 
14469 0.000000e+00 0.000000e+00 9.961531e+09 
14470 0.000000e+00 0.000000e+00 9.929003e+09 
14471 0.000000e+00 0.000000e+00 9.927132e+09 
14472 0.000000e+00 0.000000e+00 9.926842e+09 
14473 0.000000e+00 0.000000e+00 9.927742e+09 
14474 0.000000e+00 0.000000e+00 9.926595e+09 
14475 0.000000e+00 0.000000e+00 9.932252e+09 
14476 0.000000e+00 0.000000e+00 1.001416e+10 
14477 0.000000e+00 0.000000e+00 1.049559e+10 
14478 0.000000e+00 0.000000e+00 1.057025e+10 
14479 0.000000e+00 0.000000e+00 1.068461e+10 
14480 0.000000e+00 0.000000e+00 1.066153e+10 
14481 0.000000e+00 0.000000e+00 1.055736e+10 
14482 0.000000e+00 0.000000e+00 1.051716e+10 
14483 0.000000e+00 0.000000e+00 1.064506e+10 
14484 0.000000e+00 0.000000e+00 1.063036e+10 
14485 0.000000e+00 0.000000e+00 1.071159e+10 
14486 0.000000e+00 0.000000e+00 9.979639e+09 
14487 0.000000e+00 0.000000e+00 9.933404e+09 
14488 0.000000e+00 0.000000e+00 9.927156e+09 
14489 0.000000e+00 0.000000e+00 9.927360e+09 
14490 0.000000e+00 0.000000e+00 9.926772e+09 
14491 0.000000e+00 0.000000e+00 9.927685e+09 
14492 0.000000e+00 0.000000e+00 9.926802e+09 
14493 0.000000e+00 0.000000e+00 9.937754e+09 
14494 0.000000e+00 0.000000e+00 1.016319e+10 
14495 0.000000e+00 0.000000e+00 1.048050e+10 
14496 0.000000e+00 0.000000e+00 1.065561e+10 
14497 0.000000e+00 0.000000e+00 1.071377e+10 
14498 0.000000e+00 0.000000e+00 1.066390e+10 
14499 0.000000e+00 0.000000e+00 9.957229e+09 
14500 0.000000e+00 0.000000e+00 9.928222e+09 
14501 0.000000e+00 0.000000e+00 9.927567e+09 
14502 0.000000e+00 0.000000e+00 9.927488e+09 
14503 0.000000e+00 0.000000e+00 9.927589e+09 
14504 0.000000e+00 0.000000e+00 9.928257e+09 
14505 0.000000e+00 0.000000e+00 9.956800e+09 
14506 0.000000e+00 0.000000e+00 1.015687e+10 
14507 0.000000e+00 0.000000e+00 1.062722e+10 
14508 0.000000e+00 0.000000e+00 1.061524e+10 
14509 0.000000e+00 0.000000e+00 1.071137e+10 
14510 0.000000e+00 0.000000e+00 1.067089e+10 
14511 0.000000e+00 0.000000e+00 9.964906e+09 
14512 0.000000e+00 0.000000e+00 9.930650e+09 
14513 0.000000e+00 0.000000e+00 9.927598e+09 
14514 0.000000e+00 0.000000e+00 9.926691e+09 
14515 0.000000e+00 0.000000e+00 9.927858e+09 
14516 0.000000e+00 0.000000e+00 9.926747e+09 
14517 0.000000e+00 0.000000e+00 9.942043e+09 
14518 0.000000e+00 0.000000e+00 1.001730e+10 
14519 0.000000e+00 0.000000e+00 1.047654e+10 
14520 0.000000e+00 0.000000e+00 1.059826e+10 
14521 0.000000e+00 0.000000e+00 1.067800e+10 
14522 0.000000e+00 0.000000e+00 1.064892e+10 
14523 0.000000e+00 0.000000e+00 1.010901e+10 
14524 0.000000e+00 0.000000e+00 1.006359e+10 
14525 0.000000e+00 0.000000e+00 1.018622e+10 
14526 0.000000e+00 0.000000e+00 1.032039e+10 
14527 0.000000e+00 0.000000e+00 1.049361e+10 
14528 0.000000e+00 0.000000e+00 1.051967e+10 
14529 0.000000e+00 0.000000e+00 1.064138e+10 
14530 0.000000e+00 0.000000e+00 1.064087e+10 
14531 0.000000e+00 0.000000e+00 1.070915e+10 
14532 0.000000e+00 0.000000e+00 9.971274e+09 
14533 0.000000e+00 0.000000e+00 9.932842e+09 
14534 0.000000e+00 0.000000e+00 9.926849e+09 
14535 0.000000e+00 0.000000e+00 9.927542e+09 
14536 0.000000e+00 0.000000e+00 9.926493e+09 
14537 0.000000e+00 0.000000e+00 9.930228e+09 
14538 0.000000e+00 0.000000e+00 9.945670e+09 
14539 0.000000e+00 0.000000e+00 1.020973e+10 
14540 0.000000e+00 0.000000e+00 1.049443e+10 
14541 0.000000e+00 0.000000e+00 1.064365e+10 
14542 0.000000e+00 0.000000e+00 1.061332e+10 
14543 0.000000e+00 0.000000e+00 1.072213e+10 
14544 0.000000e+00 0.000000e+00 1.067894e+10 
14545 0.000000e+00 0.000000e+00 9.957621e+09 
14546 0.000000e+00 0.000000e+00 9.928285e+09 
14547 0.000000e+00 0.000000e+00 9.927707e+09 
14548 0.000000e+00 0.000000e+00 9.927123e+09 
14549 0.000000e+00 0.000000e+00 9.927239e+09 
14550 0.000000e+00 0.000000e+00 9.932806e+09 
14551 0.000000e+00 0.000000e+00 1.001225e+10 
14552 0.000000e+00 0.000000e+00 1.045318e+10 
14553 0.000000e+00 0.000000e+00 1.057214e+10 
14554 0.000000e+00 0.000000e+00 1.064861e+10 
14555 0.000000e+00 0.000000e+00 1.065003e+10 
14556 0.000000e+00 0.000000e+00 1.005968e+10 
14557 0.000000e+00 0.000000e+00 1.002480e+10 
14558 0.000000e+00 0.000000e+00 1.011883e+10 
14559 0.000000e+00 0.000000e+00 1.027637e+10 
14560 0.000000e+00 0.000000e+00 1.048227e+10 
14561 0.000000e+00 0.000000e+00 1.052115e+10 
14562 0.000000e+00 0.000000e+00 1.061723e+10 
14563 0.000000e+00 0.000000e+00 1.066262e+10 
14564 0.000000e+00 0.000000e+00 1.070402e+10 
14565 0.000000e+00 0.000000e+00 9.989225e+09 
14566 0.000000e+00 0.000000e+00 9.936528e+09 
14567 0.000000e+00 0.000000e+00 9.929302e+09 
14568 0.000000e+00 0.000000e+00 9.927182e+09 
14569 0.000000e+00 0.000000e+00 9.927653e+09 
14570 0.000000e+00 0.000000e+00 9.926767e+09 
14571 0.000000e+00 0.000000e+00 9.932293e+09 
14572 0.000000e+00 0.000000e+00 9.976243e+09 
14573 0.000000e+00 0.000000e+00 1.025431e+10 
14574 0.000000e+00 0.000000e+00 1.057083e+10 
14575 0.000000e+00 0.000000e+00 1.066833e+10 
14576 0.000000e+00 0.000000e+00 1.063882e+10 
14577 0.000000e+00 0.000000e+00 9.991953e+09 
14578 0.000000e+00 0.000000e+00 9.934579e+09 
14579 0.000000e+00 0.000000e+00 9.926640e+09 
14580 0.000000e+00 0.000000e+00 9.926776e+09 
14581 0.000000e+00 0.000000e+00 9.926765e+09 
14582 0.000000e+00 0.000000e+00 9.926876e+09 
14583 0.000000e+00 0.000000e+00 9.926611e+09 
14584 0.000000e+00 0.000000e+00 9.929895e+09 
14585 0.000000e+00 0.000000e+00 9.986156e+09 
14586 0.000000e+00 0.000000e+00 1.048145e+10 
14587 0.000000e+00 0.000000e+00 1.059447e+10 
14588 0.000000e+00 0.000000e+00 1.072720e+10 
14589 0.000000e+00 0.000000e+00 1.064887e+10 
14590 0.000000e+00 0.000000e+00 1.013857e+10 
14591 0.000000e+00 0.000000e+00 1.010128e+10 
14592 0.000000e+00 0.000000e+00 1.022751e+10 
14593 0.000000e+00 0.000000e+00 1.035454e+10 
14594 0.000000e+00 0.000000e+00 1.053057e+10 
14595 0.000000e+00 0.000000e+00 1.053842e+10 
14596 0.000000e+00 0.000000e+00 1.066784e+10 
14597 0.000000e+00 0.000000e+00 1.066689e+10 
14598 0.000000e+00 0.000000e+00 1.049367e+10 
14599 0.000000e+00 0.000000e+00 1.052329e+10 
14600 0.000000e+00 0.000000e+00 1.059459e+10 
14601 0.000000e+00 0.000000e+00 1.063163e+10 
14602 0.000000e+00 0.000000e+00 1.069238e+10 
14603 0.000000e+00 0.000000e+00 1.047244e+10 
14604 0.000000e+00 0.000000e+00 1.054169e+10 
14605 0.000000e+00 0.000000e+00 1.061762e+10 
14606 0.000000e+00 0.000000e+00 1.065529e+10 
14607 0.000000e+00 0.000000e+00 1.070325e+10 
14608 0.000000e+00 0.000000e+00 1.010330e+10 
14609 0.000000e+00 0.000000e+00 1.006978e+10 
14610 0.000000e+00 0.000000e+00 1.023024e+10 
14611 0.000000e+00 0.000000e+00 1.034742e+10 
14612 0.000000e+00 0.000000e+00 1.051360e+10 
14613 0.000000e+00 0.000000e+00 1.053768e+10 
14614 0.000000e+00 0.000000e+00 1.066754e+10 
14615 0.000000e+00 0.000000e+00 1.064957e+10 
14616 0.000000e+00 0.000000e+00 1.073316e+10 
14617 0.000000e+00 0.000000e+00 1.011621e+10 
14618 0.000000e+00 0.000000e+00 1.013898e+10 
14619 0.000000e+00 0.000000e+00 1.024148e+10 
14620 0.000000e+00 0.000000e+00 1.042807e+10 
14621 0.000000e+00 0.000000e+00 1.046901e+10 
14622 0.000000e+00 0.000000e+00 1.063930e+10 
14623 0.000000e+00 0.000000e+00 1.064025e+10 
14624 0.000000e+00 0.000000e+00 1.070147e+10 
14625 0.000000e+00 0.000000e+00 1.047040e+10 
14626 0.000000e+00 0.000000e+00 1.054261e+10 
14627 0.000000e+00 0.000000e+00 1.058769e+10 
14628 0.000000e+00 0.000000e+00 1.070821e+10 
14629 0.000000e+00 0.000000e+00 1.064095e+10 
14630 0.000000e+00 0.000000e+00 9.973071e+09 
14631 0.000000e+00 0.000000e+00 9.931135e+09 
14632 0.000000e+00 0.000000e+00 9.926834e+09 
14633 0.000000e+00 0.000000e+00 9.926948e+09 
14634 0.000000e+00 0.000000e+00 9.927281e+09 
14635 0.000000e+00 0.000000e+00 9.927093e+09 
14636 0.000000e+00 0.000000e+00 9.927375e+09 
14637 0.000000e+00 0.000000e+00 9.928359e+09 
14638 0.000000e+00 0.000000e+00 9.976144e+09 
14639 0.000000e+00 0.000000e+00 1.050763e+10 
14640 0.000000e+00 0.000000e+00 1.063879e+10 
14641 0.000000e+00 0.000000e+00 1.069730e+10 
14642 0.000000e+00 0.000000e+00 1.069807e+10 
14643 0.000000e+00 0.000000e+00 9.958601e+09 
14644 0.000000e+00 0.000000e+00 9.928524e+09 
14645 0.000000e+00 0.000000e+00 9.927562e+09 
14646 0.000000e+00 0.000000e+00 9.926998e+09 
14647 0.000000e+00 0.000000e+00 9.927615e+09 
14648 0.000000e+00 0.000000e+00 9.927130e+09 
14649 0.000000e+00 0.000000e+00 9.934863e+09 
14650 0.000000e+00 0.000000e+00 1.004151e+10 
14651 0.000000e+00 0.000000e+00 1.045127e+10 
14652 0.000000e+00 0.000000e+00 1.056263e+10 
14653 0.000000e+00 0.000000e+00 1.067668e+10 
14654 0.000000e+00 0.000000e+00 1.070210e+10 
14655 0.000000e+00 0.000000e+00 1.052936e+10 
14656 0.000000e+00 0.000000e+00 1.055815e+10 
14657 0.000000e+00 0.000000e+00 1.064902e+10 
14658 0.000000e+00 0.000000e+00 1.064713e+10 
14659 0.000000e+00 0.000000e+00 1.073104e+10 
14660 0.000000e+00 0.000000e+00 9.974890e+09 
14661 0.000000e+00 0.000000e+00 9.931703e+09 
14662 0.000000e+00 0.000000e+00 9.927293e+09 
14663 0.000000e+00 0.000000e+00 9.927229e+09 
14664 0.000000e+00 0.000000e+00 9.927762e+09 
14665 0.000000e+00 0.000000e+00 9.926981e+09 
14666 0.000000e+00 0.000000e+00 9.943216e+09 
14667 0.000000e+00 0.000000e+00 1.009364e+10 
14668 0.000000e+00 0.000000e+00 1.052332e+10 
14669 0.000000e+00 0.000000e+00 1.057754e+10 
14670 0.000000e+00 0.000000e+00 1.069361e+10 
14671 0.000000e+00 0.000000e+00 1.068010e+10 
14672 0.000000e+00 0.000000e+00 9.973151e+09 
14673 0.000000e+00 0.000000e+00 9.930901e+09 
14674 0.000000e+00 0.000000e+00 9.926796e+09 
14675 0.000000e+00 0.000000e+00 9.927521e+09 
14676 0.000000e+00 0.000000e+00 9.926933e+09 
14677 0.000000e+00 0.000000e+00 9.927846e+09 
14678 0.000000e+00 0.000000e+00 9.927409e+09 
14679 0.000000e+00 0.000000e+00 9.954506e+09 
14680 0.000000e+00 0.000000e+00 1.019109e+10 
14681 0.000000e+00 0.000000e+00 1.050329e+10 
14682 0.000000e+00 0.000000e+00 1.058472e+10 
14683 0.000000e+00 0.000000e+00 1.068098e+10 
14684 0.000000e+00 0.000000e+00 1.001008e+10 
14685 0.000000e+00 0.000000e+00 9.945620e+09 
14686 0.000000e+00 0.000000e+00 9.928102e+09 
14687 0.000000e+00 0.000000e+00 9.926801e+09 
14688 0.000000e+00 0.000000e+00 9.927160e+09 
14689 0.000000e+00 0.000000e+00 9.926960e+09 
14690 0.000000e+00 0.000000e+00 9.927842e+09 
14691 0.000000e+00 0.000000e+00 9.927835e+09 
14692 0.000000e+00 0.000000e+00 1.000657e+10 
14693 0.000000e+00 0.000000e+00 1.036733e+10 
14694 0.000000e+00 0.000000e+00 1.063420e+10 
14695 0.000000e+00 0.000000e+00 1.061625e+10 
14696 0.000000e+00 0.000000e+00 1.071154e+10 
14697 0.000000e+00 0.000000e+00 9.983575e+09 
14698 0.000000e+00 0.000000e+00 9.933838e+09 
14699 0.000000e+00 0.000000e+00 9.927532e+09 
14700 0.000000e+00 0.000000e+00 9.926892e+09 
14701 0.000000e+00 0.000000e+00 9.927010e+09 
14702 0.000000e+00 0.000000e+00 9.926828e+09 
14703 0.000000e+00 0.000000e+00 9.928368e+09 
14704 0.000000e+00 0.000000e+00 9.938203e+09 
14705 0.000000e+00 0.000000e+00 1.021709e+10 
14706 0.000000e+00 0.000000e+00 1.057886e+10 
14707 0.000000e+00 0.000000e+00 1.067483e+10 
14708 0.000000e+00 0.000000e+00 1.065381e+10 
14709 0.000000e+00 0.000000e+00 1.074134e+10 
14710 0.000000e+00 0.000000e+00 9.966293e+09 
14711 0.000000e+00 0.000000e+00 9.932621e+09 
14712 0.000000e+00 0.000000e+00 9.927349e+09 
14713 0.000000e+00 0.000000e+00 9.928858e+09 
14714 0.000000e+00 0.000000e+00 9.928330e+09 
14715 0.000000e+00 0.000000e+00 9.945261e+09 
14716 0.000000e+00 0.000000e+00 1.005020e+10 
14717 0.000000e+00 0.000000e+00 1.041559e+10 
14718 0.000000e+00 0.000000e+00 1.052552e+10 
14719 0.000000e+00 0.000000e+00 1.066137e+10 
14720 0.000000e+00 0.000000e+00 1.064442e+10 
14721 0.000000e+00 0.000000e+00 1.070871e+10 
14722 0.000000e+00 0.000000e+00 9.973662e+09 
14723 0.000000e+00 0.000000e+00 9.931908e+09 
14724 0.000000e+00 0.000000e+00 9.926744e+09 
14725 0.000000e+00 0.000000e+00 9.926946e+09 
14726 0.000000e+00 0.000000e+00 9.927067e+09 
14727 0.000000e+00 0.000000e+00 9.926999e+09 
14728 0.000000e+00 0.000000e+00 9.926967e+09 
14729 0.000000e+00 0.000000e+00 9.935027e+09 
14730 0.000000e+00 0.000000e+00 1.013227e+10 
14731 0.000000e+00 0.000000e+00 1.044242e+10 
14732 0.000000e+00 0.000000e+00 1.049366e+10 
14733 0.000000e+00 0.000000e+00 1.071174e+10 
14734 0.000000e+00 0.000000e+00 1.008511e+10 
14735 0.000000e+00 0.000000e+00 1.006088e+10 
14736 0.000000e+00 0.000000e+00 1.017385e+10 
14737 0.000000e+00 0.000000e+00 1.036297e+10 
14738 0.000000e+00 0.000000e+00 1.047773e+10 
14739 0.000000e+00 0.000000e+00 1.055112e+10 
14740 0.000000e+00 0.000000e+00 1.060971e+10 
14741 0.000000e+00 0.000000e+00 1.065934e+10 
14742 0.000000e+00 0.000000e+00 1.068691e+10 
14743 0.000000e+00 0.000000e+00 1.014393e+10 
14744 0.000000e+00 0.000000e+00 1.014059e+10 
14745 0.000000e+00 0.000000e+00 1.026135e+10 
14746 0.000000e+00 0.000000e+00 1.041444e+10 
14747 0.000000e+00 0.000000e+00 1.049036e+10 
14748 0.000000e+00 0.000000e+00 1.059100e+10 
14749 0.000000e+00 0.000000e+00 1.063781e+10 
14750 0.000000e+00 0.000000e+00 1.066522e+10 
14751 0.000000e+00 0.000000e+00 1.049925e+10 
14752 0.000000e+00 0.000000e+00 1.050069e+10 
14753 0.000000e+00 0.000000e+00 1.058921e+10 
14754 0.000000e+00 0.000000e+00 1.066296e+10 
14755 0.000000e+00 0.000000e+00 1.070443e+10 
14756 0.000000e+00 0.000000e+00 1.008942e+10 
14757 0.000000e+00 0.000000e+00 1.006945e+10 
14758 0.000000e+00 0.000000e+00 1.017526e+10 
14759 0.000000e+00 0.000000e+00 1.034283e+10 
14760 0.000000e+00 0.000000e+00 1.052112e+10 
14761 0.000000e+00 0.000000e+00 1.056059e+10 
14762 0.000000e+00 0.000000e+00 1.060894e+10 
14763 0.000000e+00 0.000000e+00 1.066253e+10 
14764 0.000000e+00 0.000000e+00 1.070188e+10 
14765 0.000000e+00 0.000000e+00 9.968866e+09 
14766 0.000000e+00 0.000000e+00 9.929851e+09 
14767 0.000000e+00 0.000000e+00 9.927067e+09 
14768 0.000000e+00 0.000000e+00 9.927506e+09 
14769 0.000000e+00 0.000000e+00 9.927009e+09 
14770 0.000000e+00 0.000000e+00 9.927918e+09 
14771 0.000000e+00 0.000000e+00 9.928044e+09 
14772 0.000000e+00 0.000000e+00 9.953111e+09 
14773 0.000000e+00 0.000000e+00 1.024762e+10 
14774 0.000000e+00 0.000000e+00 1.066277e+10 
14775 0.000000e+00 0.000000e+00 1.063575e+10 
14776 0.000000e+00 0.000000e+00 1.075824e+10 
14777 0.000000e+00 0.000000e+00 1.048175e+10 
14778 0.000000e+00 0.000000e+00 1.057848e+10 
14779 0.000000e+00 0.000000e+00 1.061172e+10 
14780 0.000000e+00 0.000000e+00 1.066624e+10 
14781 0.000000e+00 0.000000e+00 1.065664e+10 
14782 0.000000e+00 0.000000e+00 1.012645e+10 
14783 0.000000e+00 0.000000e+00 1.007871e+10 
14784 0.000000e+00 0.000000e+00 1.020997e+10 
14785 0.000000e+00 0.000000e+00 1.035852e+10 
14786 0.000000e+00 0.000000e+00 1.050082e+10 
14787 0.000000e+00 0.000000e+00 1.053289e+10 
14788 0.000000e+00 0.000000e+00 1.069178e+10 
14789 0.000000e+00 0.000000e+00 1.064157e+10 
14790 0.000000e+00 0.000000e+00 1.049073e+10 
14791 0.000000e+00 0.000000e+00 1.050463e+10 
14792 0.000000e+00 0.000000e+00 1.059639e+10 
14793 0.000000e+00 0.000000e+00 1.063375e+10 
14794 0.000000e+00 0.000000e+00 1.071219e+10 
14795 0.000000e+00 0.000000e+00 1.045463e+10 
14796 0.000000e+00 0.000000e+00 1.057353e+10 
14797 0.000000e+00 0.000000e+00 1.057134e+10 
14798 0.000000e+00 0.000000e+00 1.066359e+10 
14799 0.000000e+00 0.000000e+00 1.064370e+10 
14800 0.000000e+00 0.000000e+00 1.051140e+10 
14801 0.000000e+00 0.000000e+00 1.051248e+10 
14802 0.000000e+00 0.000000e+00 1.062996e+10 
14803 0.000000e+00 0.000000e+00 1.063034e+10 
14804 0.000000e+00 0.000000e+00 1.072253e+10 
14805 0.000000e+00 0.000000e+00 1.008908e+10 
14806 0.000000e+00 0.000000e+00 1.010899e+10 
14807 0.000000e+00 0.000000e+00 1.021015e+10 
14808 0.000000e+00 0.000000e+00 1.042357e+10 
14809 0.000000e+00 0.000000e+00 1.045187e+10 
14810 0.000000e+00 0.000000e+00 1.063501e+10 
14811 0.000000e+00 0.000000e+00 1.060625e+10 
14812 0.000000e+00 0.000000e+00 1.071218e+10 
14813 0.000000e+00 0.000000e+00 1.065807e+10 
14814 0.000000e+00 0.000000e+00 9.961263e+09 
14815 0.000000e+00 0.000000e+00 9.928682e+09 
14816 0.000000e+00 0.000000e+00 9.927152e+09 
14817 0.000000e+00 0.000000e+00 9.927257e+09 
14818 0.000000e+00 0.000000e+00 9.927937e+09 
14819 0.000000e+00 0.000000e+00 9.927522e+09 
14820 0.000000e+00 0.000000e+00 9.930748e+09 
14821 0.000000e+00 0.000000e+00 9.994887e+09 
14822 0.000000e+00 0.000000e+00 1.036805e+10 
14823 0.000000e+00 0.000000e+00 1.053223e+10 
14824 0.000000e+00 0.000000e+00 1.058596e+10 
14825 0.000000e+00 0.000000e+00 1.070357e+10 
14826 0.000000e+00 0.000000e+00 9.988039e+09 
14827 0.000000e+00 0.000000e+00 9.936329e+09 
14828 0.000000e+00 0.000000e+00 9.927158e+09 
14829 0.000000e+00 0.000000e+00 9.927146e+09 
14830 0.000000e+00 0.000000e+00 9.927309e+09 
14831 0.000000e+00 0.000000e+00 9.927325e+09 
14832 0.000000e+00 0.000000e+00 9.927644e+09 
14833 0.000000e+00 0.000000e+00 9.942952e+09 
14834 0.000000e+00 0.000000e+00 1.017189e+10 
14835 0.000000e+00 0.000000e+00 1.059921e+10 
14836 0.000000e+00 0.000000e+00 1.065253e+10 
14837 0.000000e+00 0.000000e+00 1.067470e+10 
14838 0.000000e+00 0.000000e+00 1.007058e+10 
14839 0.000000e+00 0.000000e+00 1.004732e+10 
14840 0.000000e+00 0.000000e+00 1.011845e+10 
14841 0.000000e+00 0.000000e+00 1.028804e+10 
14842 0.000000e+00 0.000000e+00 1.042992e+10 
14843 0.000000e+00 0.000000e+00 1.051879e+10 
14844 0.000000e+00 0.000000e+00 1.059220e+10 
14845 0.000000e+00 0.000000e+00 1.063461e+10 
14846 0.000000e+00 0.000000e+00 1.068440e+10 
14847 0.000000e+00 0.000000e+00 1.068319e+10 
14848 0.000000e+00 0.000000e+00 9.953699e+09 
14849 0.000000e+00 0.000000e+00 9.928459e+09 
14850 0.000000e+00 0.000000e+00 9.927823e+09 
14851 0.000000e+00 0.000000e+00 9.927363e+09 
14852 0.000000e+00 0.000000e+00 9.930014e+09 
14853 0.000000e+00 0.000000e+00 9.948601e+09 
14854 0.000000e+00 0.000000e+00 1.010720e+10 
14855 0.000000e+00 0.000000e+00 1.046511e+10 
14856 0.000000e+00 0.000000e+00 1.057934e+10 
14857 0.000000e+00 0.000000e+00 1.064157e+10 
14858 0.000000e+00 0.000000e+00 1.068846e+10 
14859 0.000000e+00 0.000000e+00 9.998017e+09 
14860 0.000000e+00 0.000000e+00 9.940265e+09 
14861 0.000000e+00 0.000000e+00 9.928182e+09 
14862 0.000000e+00 0.000000e+00 9.926960e+09 
14863 0.000000e+00 0.000000e+00 9.927108e+09 
14864 0.000000e+00 0.000000e+00 9.927122e+09 
14865 0.000000e+00 0.000000e+00 9.926933e+09 
14866 0.000000e+00 0.000000e+00 9.933728e+09 
14867 0.000000e+00 0.000000e+00 1.001715e+10 
14868 0.000000e+00 0.000000e+00 1.039955e+10 
14869 0.000000e+00 0.000000e+00 1.061724e+10 
14870 0.000000e+00 0.000000e+00 1.066891e+10 
14871 0.000000e+00 0.000000e+00 1.067695e+10 
14872 0.000000e+00 0.000000e+00 9.974415e+09 
14873 0.000000e+00 0.000000e+00 9.932699e+09 
14874 0.000000e+00 0.000000e+00 9.927158e+09 
14875 0.000000e+00 0.000000e+00 9.927328e+09 
14876 0.000000e+00 0.000000e+00 9.927129e+09 
14877 0.000000e+00 0.000000e+00 9.927496e+09 
14878 0.000000e+00 0.000000e+00 9.927041e+09 
14879 0.000000e+00 0.000000e+00 9.944860e+09 
14880 0.000000e+00 0.000000e+00 1.022526e+10 
14881 0.000000e+00 0.000000e+00 1.063775e+10 
14882 0.000000e+00 0.000000e+00 1.059973e+10 
14883 0.000000e+00 0.000000e+00 1.069678e+10 
14884 0.000000e+00 0.000000e+00 1.006998e+10 
14885 0.000000e+00 0.000000e+00 1.007520e+10 
14886 0.000000e+00 0.000000e+00 1.013896e+10 
14887 0.000000e+00 0.000000e+00 1.032439e+10 
14888 0.000000e+00 0.000000e+00 1.044004e+10 
14889 0.000000e+00 0.000000e+00 1.058635e+10 
14890 0.000000e+00 0.000000e+00 1.057624e+10 
14891 0.000000e+00 0.000000e+00 1.072756e+10 
14892 0.000000e+00 0.000000e+00 1.068065e+10 
14893 0.000000e+00 0.000000e+00 1.012689e+10 
14894 0.000000e+00 0.000000e+00 1.009238e+10 
14895 0.000000e+00 0.000000e+00 1.027100e+10 
14896 0.000000e+00 0.000000e+00 1.039527e+10 
14897 0.000000e+00 0.000000e+00 1.053974e+10 
14898 0.000000e+00 0.000000e+00 1.055781e+10 
14899 0.000000e+00 0.000000e+00 1.068825e+10 
14900 0.000000e+00 0.000000e+00 1.066354e+10 
14901 0.000000e+00 0.000000e+00 1.071114e+10 
14902 0.000000e+00 0.000000e+00 9.966591e+09 
14903 0.000000e+00 0.000000e+00 9.930371e+09 
14904 0.000000e+00 0.000000e+00 9.926742e+09 
14905 0.000000e+00 0.000000e+00 9.927031e+09 
14906 0.000000e+00 0.000000e+00 9.927135e+09 
14907 0.000000e+00 0.000000e+00 9.928519e+09 
14908 0.000000e+00 0.000000e+00 9.930453e+09 
14909 0.000000e+00 0.000000e+00 1.003602e+10 
14910 0.000000e+00 0.000000e+00 1.039164e+10 
14911 0.000000e+00 0.000000e+00 1.062488e+10 
14912 0.000000e+00 0.000000e+00 1.065463e+10 
14913 0.000000e+00 0.000000e+00 1.071062e+10 
14914 0.000000e+00 0.000000e+00 9.979427e+09 
14915 0.000000e+00 0.000000e+00 9.933955e+09 
14916 0.000000e+00 0.000000e+00 9.927950e+09 
14917 0.000000e+00 0.000000e+00 9.926895e+09 
14918 0.000000e+00 0.000000e+00 9.927687e+09 
14919 0.000000e+00 0.000000e+00 9.928310e+09 
14920 0.000000e+00 0.000000e+00 9.928293e+09 
14921 0.000000e+00 0.000000e+00 9.939537e+09 
14922 0.000000e+00 0.000000e+00 1.015010e+10 
14923 0.000000e+00 0.000000e+00 1.060433e+10 
14924 0.000000e+00 0.000000e+00 1.059953e+10 
14925 0.000000e+00 0.000000e+00 1.068515e+10 
14926 0.000000e+00 0.000000e+00 1.068918e+10 
14927 0.000000e+00 0.000000e+00 9.953370e+09 
14928 0.000000e+00 0.000000e+00 9.927869e+09 
14929 0.000000e+00 0.000000e+00 9.927269e+09 
14930 0.000000e+00 0.000000e+00 9.927720e+09 
14931 0.000000e+00 0.000000e+00 9.927804e+09 
14932 0.000000e+00 0.000000e+00 9.928936e+09 
14933 0.000000e+00 0.000000e+00 9.952256e+09 
14934 0.000000e+00 0.000000e+00 1.013435e+10 
14935 0.000000e+00 0.000000e+00 1.060537e+10 
14936 0.000000e+00 0.000000e+00 1.058759e+10 
14937 0.000000e+00 0.000000e+00 1.071074e+10 
14938 0.000000e+00 0.000000e+00 1.065253e+10 
14939 0.000000e+00 0.000000e+00 1.014823e+10 
14940 0.000000e+00 0.000000e+00 1.012223e+10 
14941 0.000000e+00 0.000000e+00 1.027057e+10 
14942 0.000000e+00 0.000000e+00 1.040874e+10 
14943 0.000000e+00 0.000000e+00 1.055300e+10 
14944 0.000000e+00 0.000000e+00 1.058846e+10 
14945 0.000000e+00 0.000000e+00 1.068269e+10 
14946 0.000000e+00 0.000000e+00 1.064122e+10 
14947 0.000000e+00 0.000000e+00 1.053257e+10 
14948 0.000000e+00 0.000000e+00 1.054986e+10 
14949 0.000000e+00 0.000000e+00 1.061659e+10 
14950 0.000000e+00 0.000000e+00 1.062091e+10 
14951 0.000000e+00 0.000000e+00 1.070571e+10 
14952 0.000000e+00 0.000000e+00 9.986858e+09 
14953 0.000000e+00 0.000000e+00 9.935309e+09 
14954 0.000000e+00 0.000000e+00 9.927347e+09 
14955 0.000000e+00 0.000000e+00 9.926690e+09 
14956 0.000000e+00 0.000000e+00 9.927710e+09 
14957 0.000000e+00 0.000000e+00 9.927231e+09 
14958 0.000000e+00 0.000000e+00 9.929497e+09 
14959 0.000000e+00 0.000000e+00 9.933113e+09 
14960 0.000000e+00 0.000000e+00 1.009554e+10 
14961 0.000000e+00 0.000000e+00 1.057418e+10 
14962 0.000000e+00 0.000000e+00 1.065933e+10 
14963 0.000000e+00 0.000000e+00 1.068164e+10 
14964 0.000000e+00 0.000000e+00 1.073360e+10 
14965 0.000000e+00 0.000000e+00 9.969028e+09 
14966 0.000000e+00 0.000000e+00 9.932079e+09 
14967 0.000000e+00 0.000000e+00 9.926835e+09 
14968 0.000000e+00 0.000000e+00 9.927692e+09 
14969 0.000000e+00 0.000000e+00 9.926937e+09 
14970 0.000000e+00 0.000000e+00 9.931157e+09 
14971 0.000000e+00 0.000000e+00 9.960458e+09 
14972 0.000000e+00 0.000000e+00 1.017515e+10 
14973 0.000000e+00 0.000000e+00 1.043360e+10 
14974 0.000000e+00 0.000000e+00 1.063620e+10 
14975 0.000000e+00 0.000000e+00 1.061606e+10 
14976 0.000000e+00 0.000000e+00 1.073490e+10 
14977 0.000000e+00 0.000000e+00 9.978827e+09 
14978 0.000000e+00 0.000000e+00 9.934405e+09 
14979 0.000000e+00 0.000000e+00 9.927203e+09 
14980 0.000000e+00 0.000000e+00 9.928171e+09 
14981 0.000000e+00 0.000000e+00 9.927461e+09 
14982 0.000000e+00 0.000000e+00 9.928633e+09 
14983 0.000000e+00 0.000000e+00 9.929019e+09 
14984 0.000000e+00 0.000000e+00 1.001524e+10 
14985 0.000000e+00 0.000000e+00 1.042279e+10 
14986 0.000000e+00 0.000000e+00 1.060795e+10 
14987 0.000000e+00 0.000000e+00 1.061558e+10 
14988 0.000000e+00 0.000000e+00 1.074017e+10 
14989 0.000000e+00 0.000000e+00 1.067786e+10 
14990 0.000000e+00 0.000000e+00 9.954792e+09 
14991 0.000000e+00 0.000000e+00 9.927372e+09 
14992 0.000000e+00 0.000000e+00 9.926968e+09 
14993 0.000000e+00 0.000000e+00 9.927055e+09 
14994 0.000000e+00 0.000000e+00 9.928383e+09 
14995 0.000000e+00 0.000000e+00 9.930730e+09 
14996 0.000000e+00 0.000000e+00 1.001579e+10 
14997 0.000000e+00 0.000000e+00 1.036379e+10 
14998 0.000000e+00 0.000000e+00 1.059553e+10 
14999 0.000000e+00 0.000000e+00 1.057898e+10 
15000 0.000000e+00 0.000000e+00 1.072758e+10 
15001 0.000000e+00 0.000000e+00 1.066528e+10 
15002 0.000000e+00 0.000000e+00 9.963406e+09 
15003 0.000000e+00 0.000000e+00 9.928878e+09 
15004 0.000000e+00 0.000000e+00 9.927037e+09 
15005 0.000000e+00 0.000000e+00 9.927496e+09 
15006 0.000000e+00 0.000000e+00 9.926718e+09 
15007 0.000000e+00 0.000000e+00 9.929065e+09 
15008 0.000000e+00 0.000000e+00 9.934197e+09 
15009 0.000000e+00 0.000000e+00 1.008947e+10 
15010 0.000000e+00 0.000000e+00 1.035403e+10 
15011 0.000000e+00 0.000000e+00 1.059870e+10 
15012 0.000000e+00 0.000000e+00 1.061750e+10 
15013 0.000000e+00 0.000000e+00 1.067865e+10 
15014 0.000000e+00 0.000000e+00 1.009614e+10 
15015 0.000000e+00 0.000000e+00 1.009115e+10 
15016 0.000000e+00 0.000000e+00 1.018280e+10 
15017 0.000000e+00 0.000000e+00 1.035421e+10 
15018 0.000000e+00 0.000000e+00 1.046900e+10 
15019 0.000000e+00 0.000000e+00 1.057055e+10 
15020 0.000000e+00 0.000000e+00 1.059062e+10 
15021 0.000000e+00 0.000000e+00 1.069258e+10 
15022 0.000000e+00 0.000000e+00 1.068466e+10 
15023 0.000000e+00 0.000000e+00 9.960297e+09 
15024 0.000000e+00 0.000000e+00 9.928244e+09 
15025 0.000000e+00 0.000000e+00 9.926890e+09 
15026 0.000000e+00 0.000000e+00 9.927088e+09 
15027 0.000000e+00 0.000000e+00 9.926853e+09 
15028 0.000000e+00 0.000000e+00 9.927079e+09 
15029 0.000000e+00 0.000000e+00 9.926755e+09 
15030 0.000000e+00 0.000000e+00 9.942374e+09 
15031 0.000000e+00 0.000000e+00 1.020500e+10 
15032 0.000000e+00 0.000000e+00 1.066127e+10 
15033 0.000000e+00 0.000000e+00 1.062961e+10 
15034 0.000000e+00 0.000000e+00 1.071955e+10 
15035 0.000000e+00 0.000000e+00 1.010401e+10 
15036 0.000000e+00 0.000000e+00 1.008890e+10 
15037 0.000000e+00 0.000000e+00 1.016027e+10 
15038 0.000000e+00 0.000000e+00 1.034645e+10 
15039 0.000000e+00 0.000000e+00 1.043726e+10 
15040 0.000000e+00 0.000000e+00 1.057503e+10 
15041 0.000000e+00 0.000000e+00 1.062846e+10 
15042 0.000000e+00 0.000000e+00 1.068096e+10 
15043 0.000000e+00 0.000000e+00 1.001235e+10 
15044 0.000000e+00 0.000000e+00 9.945375e+09 
15045 0.000000e+00 0.000000e+00 9.928497e+09 
15046 0.000000e+00 0.000000e+00 9.926747e+09 
15047 0.000000e+00 0.000000e+00 9.927010e+09 
15048 0.000000e+00 0.000000e+00 9.926917e+09 
15049 0.000000e+00 0.000000e+00 9.927344e+09 
15050 0.000000e+00 0.000000e+00 9.926742e+09 
15051 0.000000e+00 0.000000e+00 9.956624e+09 
15052 0.000000e+00 0.000000e+00 1.023342e+10 
15053 0.000000e+00 0.000000e+00 1.066515e+10 
15054 0.000000e+00 0.000000e+00 1.060458e+10 
15055 0.000000e+00 0.000000e+00 1.072242e+10 
15056 0.000000e+00 0.000000e+00 1.009206e+10 
15057 0.000000e+00 0.000000e+00 1.008590e+10 
15058 0.000000e+00 0.000000e+00 1.018984e+10 
15059 0.000000e+00 0.000000e+00 1.038253e+10 
15060 0.000000e+00 0.000000e+00 1.043436e+10 
15061 0.000000e+00 0.000000e+00 1.057874e+10 
15062 0.000000e+00 0.000000e+00 1.062256e+10 
15063 0.000000e+00 0.000000e+00 1.070494e+10 
15064 0.000000e+00 0.000000e+00 1.003010e+10 
15065 0.000000e+00 0.000000e+00 1.001554e+10 
15066 0.000000e+00 0.000000e+00 1.006936e+10 
15067 0.000000e+00 0.000000e+00 1.022176e+10 
15068 0.000000e+00 0.000000e+00 1.037797e+10 
15069 0.000000e+00 0.000000e+00 1.051993e+10 
15070 0.000000e+00 0.000000e+00 1.057582e+10 
15071 0.000000e+00 0.000000e+00 1.067504e+10 
15072 0.000000e+00 0.000000e+00 1.064491e+10 
15073 0.000000e+00 0.000000e+00 1.070893e+10 
15074 0.000000e+00 0.000000e+00 9.963899e+09 
15075 0.000000e+00 0.000000e+00 9.930642e+09 
15076 0.000000e+00 0.000000e+00 9.926721e+09 
15077 0.000000e+00 0.000000e+00 9.927610e+09 
15078 0.000000e+00 0.000000e+00 9.926854e+09 
15079 0.000000e+00 0.000000e+00 9.936037e+09 
15080 0.000000e+00 0.000000e+00 1.001073e+10 
15081 0.000000e+00 0.000000e+00 1.032536e+10 
15082 0.000000e+00 0.000000e+00 1.052341e+10 
15083 0.000000e+00 0.000000e+00 1.066826e+10 
15084 0.000000e+00 0.000000e+00 1.062601e+10 
15085 0.000000e+00 0.000000e+00 1.073075e+10 
15086 0.000000e+00 0.000000e+00 9.974618e+09 
15087 0.000000e+00 0.000000e+00 9.932893e+09 
15088 0.000000e+00 0.000000e+00 9.926926e+09 
15089 0.000000e+00 0.000000e+00 9.926913e+09 
15090 0.000000e+00 0.000000e+00 9.926815e+09 
15091 0.000000e+00 0.000000e+00 9.927004e+09 
15092 0.000000e+00 0.000000e+00 9.927091e+09 
15093 0.000000e+00 0.000000e+00 9.948156e+09 
15094 0.000000e+00 0.000000e+00 1.028725e+10 
15095 0.000000e+00 0.000000e+00 1.064545e+10 
15096 0.000000e+00 0.000000e+00 1.063441e+10 
15097 0.000000e+00 0.000000e+00 1.071840e+10 
15098 0.000000e+00 0.000000e+00 9.986909e+09 
15099 0.000000e+00 0.000000e+00 9.937179e+09 
15100 0.000000e+00 0.000000e+00 9.926945e+09 
15101 0.000000e+00 0.000000e+00 9.926903e+09 
15102 0.000000e+00 0.000000e+00 9.926910e+09 
15103 0.000000e+00 0.000000e+00 9.926878e+09 
15104 0.000000e+00 0.000000e+00 9.926995e+09 
15105 0.000000e+00 0.000000e+00 9.930175e+09 
15106 0.000000e+00 0.000000e+00 1.000430e+10 
15107 0.000000e+00 0.000000e+00 1.049426e+10 
15108 0.000000e+00 0.000000e+00 1.062956e+10 
15109 0.000000e+00 0.000000e+00 1.072500e+10 
15110 0.000000e+00 0.000000e+00 1.048653e+10 
15111 0.000000e+00 0.000000e+00 1.051938e+10 
15112 0.000000e+00 0.000000e+00 1.058620e+10 
15113 0.000000e+00 0.000000e+00 1.067315e+10 
15114 0.000000e+00 0.000000e+00 1.068185e+10 
15115 0.000000e+00 0.000000e+00 1.071969e+10 
15116 0.000000e+00 0.000000e+00 9.963396e+09 
15117 0.000000e+00 0.000000e+00 9.930243e+09 
15118 0.000000e+00 0.000000e+00 9.926554e+09 
15119 0.000000e+00 0.000000e+00 9.927776e+09 
15120 0.000000e+00 0.000000e+00 9.927490e+09 
15121 0.000000e+00 0.000000e+00 9.939415e+09 
15122 0.000000e+00 0.000000e+00 1.003101e+10 
15123 0.000000e+00 0.000000e+00 1.041622e+10 
15124 0.000000e+00 0.000000e+00 1.053171e+10 
15125 0.000000e+00 0.000000e+00 1.068682e+10 
15126 0.000000e+00 0.000000e+00 1.063436e+10 
15127 0.000000e+00 0.000000e+00 1.072779e+10 
15128 0.000000e+00 0.000000e+00 9.975210e+09 
15129 0.000000e+00 0.000000e+00 9.932468e+09 
15130 0.000000e+00 0.000000e+00 9.926667e+09 
15131 0.000000e+00 0.000000e+00 9.926848e+09 
15132 0.000000e+00 0.000000e+00 9.926740e+09 
15133 0.000000e+00 0.000000e+00 9.927135e+09 
15134 0.000000e+00 0.000000e+00 9.927155e+09 
15135 0.000000e+00 0.000000e+00 9.969660e+09 
15136 0.000000e+00 0.000000e+00 1.024675e+10 
15137 0.000000e+00 0.000000e+00 1.059111e+10 
15138 0.000000e+00 0.000000e+00 1.067146e+10 
15139 0.000000e+00 0.000000e+00 1.070685e+10 
15140 0.000000e+00 0.000000e+00 1.007360e+10 
15141 0.000000e+00 0.000000e+00 1.009423e+10 
15142 0.000000e+00 0.000000e+00 1.015382e+10 
15143 0.000000e+00 0.000000e+00 1.035402e+10 
15144 0.000000e+00 0.000000e+00 1.044294e+10 
15145 0.000000e+00 0.000000e+00 1.059723e+10 
15146 0.000000e+00 0.000000e+00 1.059482e+10 
15147 0.000000e+00 0.000000e+00 1.068321e+10 
15148 0.000000e+00 0.000000e+00 1.068901e+10 
15149 0.000000e+00 0.000000e+00 9.964591e+09 
15150 0.000000e+00 0.000000e+00 9.929230e+09 
15151 0.000000e+00 0.000000e+00 9.927091e+09 
15152 0.000000e+00 0.000000e+00 9.927329e+09 
15153 0.000000e+00 0.000000e+00 9.928223e+09 
15154 0.000000e+00 0.000000e+00 9.928834e+09 
15155 0.000000e+00 0.000000e+00 9.929560e+09 
15156 0.000000e+00 0.000000e+00 1.001263e+10 
15157 0.000000e+00 0.000000e+00 1.027325e+10 
15158 0.000000e+00 0.000000e+00 1.049441e+10 
15159 0.000000e+00 0.000000e+00 1.058789e+10 
15160 0.000000e+00 0.000000e+00 1.070975e+10 
15161 0.000000e+00 0.000000e+00 1.067865e+10 
15162 0.000000e+00 0.000000e+00 9.952044e+09 
15163 0.000000e+00 0.000000e+00 9.928081e+09 
15164 0.000000e+00 0.000000e+00 9.927301e+09 
15165 0.000000e+00 0.000000e+00 9.927443e+09 
15166 0.000000e+00 0.000000e+00 9.928270e+09 
15167 0.000000e+00 0.000000e+00 9.936338e+09 
15168 0.000000e+00 0.000000e+00 1.000349e+10 
15169 0.000000e+00 0.000000e+00 1.024268e+10 
15170 0.000000e+00 0.000000e+00 1.045711e+10 
15171 0.000000e+00 0.000000e+00 1.061396e+10 
15172 0.000000e+00 0.000000e+00 1.069161e+10 
15173 0.000000e+00 0.000000e+00 1.068170e+10 
15174 0.000000e+00 0.000000e+00 9.960346e+09 
15175 0.000000e+00 0.000000e+00 9.928366e+09 
15176 0.000000e+00 0.000000e+00 9.926929e+09 
15177 0.000000e+00 0.000000e+00 9.927263e+09 
15178 0.000000e+00 0.000000e+00 9.927120e+09 
15179 0.000000e+00 0.000000e+00 9.928978e+09 
15180 0.000000e+00 0.000000e+00 9.939334e+09 
15181 0.000000e+00 0.000000e+00 1.011855e+10 
15182 0.000000e+00 0.000000e+00 1.049452e+10 
15183 0.000000e+00 0.000000e+00 1.061882e+10 
15184 0.000000e+00 0.000000e+00 1.062948e+10 
15185 0.000000e+00 0.000000e+00 1.074475e+10 
15186 0.000000e+00 0.000000e+00 1.009567e+10 
15187 0.000000e+00 0.000000e+00 1.011047e+10 
15188 0.000000e+00 0.000000e+00 1.021230e+10 
15189 0.000000e+00 0.000000e+00 1.043061e+10 
15190 0.000000e+00 0.000000e+00 1.049565e+10 
15191 0.000000e+00 0.000000e+00 1.059082e+10 
15192 0.000000e+00 0.000000e+00 1.062060e+10 
15193 0.000000e+00 0.000000e+00 1.070097e+10 
15194 0.000000e+00 0.000000e+00 1.065397e+10 
15195 0.000000e+00 0.000000e+00 9.959523e+09 
15196 0.000000e+00 0.000000e+00 9.927887e+09 
15197 0.000000e+00 0.000000e+00 9.927889e+09 
15198 0.000000e+00 0.000000e+00 9.927712e+09 
15199 0.000000e+00 0.000000e+00 9.927775e+09 
15200 0.000000e+00 0.000000e+00 9.929511e+09 
15201 0.000000e+00 0.000000e+00 9.932780e+09 
15202 0.000000e+00 0.000000e+00 1.005561e+10 
15203 0.000000e+00 0.000000e+00 1.055522e+10 
15204 0.000000e+00 0.000000e+00 1.061285e+10 
15205 0.000000e+00 0.000000e+00 1.066402e+10 
15206 0.000000e+00 0.000000e+00 1.073241e+10 
15207 0.000000e+00 0.000000e+00 1.051571e+10 
15208 0.000000e+00 0.000000e+00 1.055509e+10 
15209 0.000000e+00 0.000000e+00 1.063651e+10 
15210 0.000000e+00 0.000000e+00 1.064780e+10 
15211 0.000000e+00 0.000000e+00 1.067059e+10 
15212 0.000000e+00 0.000000e+00 1.012429e+10 
15213 0.000000e+00 0.000000e+00 1.011044e+10 
15214 0.000000e+00 0.000000e+00 1.023977e+10 
15215 0.000000e+00 0.000000e+00 1.041769e+10 
15216 0.000000e+00 0.000000e+00 1.050279e+10 
15217 0.000000e+00 0.000000e+00 1.055903e+10 
15218 0.000000e+00 0.000000e+00 1.064284e+10 
15219 0.000000e+00 0.000000e+00 1.067609e+10 
15220 0.000000e+00 0.000000e+00 1.047536e+10 
15221 0.000000e+00 0.000000e+00 1.053090e+10 
15222 0.000000e+00 0.000000e+00 1.059782e+10 
15223 0.000000e+00 0.000000e+00 1.063461e+10 
15224 0.000000e+00 0.000000e+00 1.068563e+10 
15225 0.000000e+00 0.000000e+00 1.009500e+10 
15226 0.000000e+00 0.000000e+00 1.006633e+10 
15227 0.000000e+00 0.000000e+00 1.015818e+10 
15228 0.000000e+00 0.000000e+00 1.034937e+10 
15229 0.000000e+00 0.000000e+00 1.048948e+10 
15230 0.000000e+00 0.000000e+00 1.056164e+10 
15231 0.000000e+00 0.000000e+00 1.060130e+10 
15232 0.000000e+00 0.000000e+00 1.066684e+10 
15233 0.000000e+00 0.000000e+00 1.067528e+10 
15234 0.000000e+00 0.000000e+00 9.967365e+09 
15235 0.000000e+00 0.000000e+00 9.929385e+09 
15236 0.000000e+00 0.000000e+00 9.926997e+09 
15237 0.000000e+00 0.000000e+00 9.926666e+09 
15238 0.000000e+00 0.000000e+00 9.927140e+09 
15239 0.000000e+00 0.000000e+00 9.926679e+09 
15240 0.000000e+00 0.000000e+00 9.927468e+09 
15241 0.000000e+00 0.000000e+00 9.935199e+09 
15242 0.000000e+00 0.000000e+00 1.013978e+10 
15243 0.000000e+00 0.000000e+00 1.040908e+10 
15244 0.000000e+00 0.000000e+00 1.062500e+10 
15245 0.000000e+00 0.000000e+00 1.067359e+10 
15246 0.000000e+00 0.000000e+00 1.010016e+10 
15247 0.000000e+00 0.000000e+00 1.006011e+10 
15248 0.000000e+00 0.000000e+00 1.020277e+10 
15249 0.000000e+00 0.000000e+00 1.032178e+10 
15250 0.000000e+00 0.000000e+00 1.048763e+10 
15251 0.000000e+00 0.000000e+00 1.053757e+10 
15252 0.000000e+00 0.000000e+00 1.067213e+10 
15253 0.000000e+00 0.000000e+00 1.063946e+10 
15254 0.000000e+00 0.000000e+00 1.071946e+10 
15255 0.000000e+00 0.000000e+00 9.977363e+09 
15256 0.000000e+00 0.000000e+00 9.933384e+09 
15257 0.000000e+00 0.000000e+00 9.926836e+09 
15258 0.000000e+00 0.000000e+00 9.926797e+09 
15259 0.000000e+00 0.000000e+00 9.927101e+09 
15260 0.000000e+00 0.000000e+00 9.926707e+09 
15261 0.000000e+00 0.000000e+00 9.927923e+09 
15262 0.000000e+00 0.000000e+00 9.936373e+09 
15263 0.000000e+00 0.000000e+00 1.020026e+10 
15264 0.000000e+00 0.000000e+00 1.055938e+10 
15265 0.000000e+00 0.000000e+00 1.067987e+10 
15266 0.000000e+00 0.000000e+00 1.067255e+10 
15267 0.000000e+00 0.000000e+00 1.049960e+10 
15268 0.000000e+00 0.000000e+00 1.053265e+10 
15269 0.000000e+00 0.000000e+00 1.062790e+10 
15270 0.000000e+00 0.000000e+00 1.061622e+10 
15271 0.000000e+00 0.000000e+00 1.002321e+10 
15272 0.000000e+00 0.000000e+00 9.984645e+09 
15273 0.000000e+00 0.000000e+00 1.003414e+10 
15274 0.000000e+00 0.000000e+00 1.014772e+10 
15275 0.000000e+00 0.000000e+00 1.033519e+10 
15276 0.000000e+00 0.000000e+00 1.047172e+10 
15277 0.000000e+00 0.000000e+00 1.059977e+10 
15278 0.000000e+00 0.000000e+00 1.060963e+10 
15279 0.000000e+00 0.000000e+00 1.069912e+10 
15280 0.000000e+00 0.000000e+00 1.067473e+10 
15281 0.000000e+00 0.000000e+00 9.961307e+09 
15282 0.000000e+00 0.000000e+00 9.929236e+09 
15283 0.000000e+00 0.000000e+00 9.928037e+09 
15284 0.000000e+00 0.000000e+00 9.926875e+09 
15285 0.000000e+00 0.000000e+00 9.927721e+09 
15286 0.000000e+00 0.000000e+00 9.926983e+09 
15287 0.000000e+00 0.000000e+00 9.951754e+09 
15288 0.000000e+00 0.000000e+00 1.012730e+10 
15289 0.000000e+00 0.000000e+00 1.045402e+10 
15290 0.000000e+00 0.000000e+00 1.057833e+10 
15291 0.000000e+00 0.000000e+00 1.068819e+10 
15292 0.000000e+00 0.000000e+00 1.064704e+10 
15293 0.000000e+00 0.000000e+00 1.074402e+10 
15294 0.000000e+00 0.000000e+00 9.962677e+09 
15295 0.000000e+00 0.000000e+00 9.933272e+09 
15296 0.000000e+00 0.000000e+00 9.929539e+09 
15297 0.000000e+00 0.000000e+00 9.929556e+09 
15298 0.000000e+00 0.000000e+00 9.936246e+09 
15299 0.000000e+00 0.000000e+00 9.995937e+09 
15300 0.000000e+00 0.000000e+00 1.012546e+10 
15301 0.000000e+00 0.000000e+00 1.048873e+10 
15302 0.000000e+00 0.000000e+00 1.054437e+10 
15303 0.000000e+00 0.000000e+00 1.065256e+10 
15304 0.000000e+00 0.000000e+00 1.064845e+10 
15305 0.000000e+00 0.000000e+00 1.073082e+10 
15306 0.000000e+00 0.000000e+00 9.966343e+09 
15307 0.000000e+00 0.000000e+00 9.930728e+09 
15308 0.000000e+00 0.000000e+00 9.926823e+09 
15309 0.000000e+00 0.000000e+00 9.927025e+09 
15310 0.000000e+00 0.000000e+00 9.926963e+09 
15311 0.000000e+00 0.000000e+00 9.927543e+09 
15312 0.000000e+00 0.000000e+00 9.941435e+09 
15313 0.000000e+00 0.000000e+00 1.009421e+10 
15314 0.000000e+00 0.000000e+00 1.047129e+10 
15315 0.000000e+00 0.000000e+00 1.062640e+10 
15316 0.000000e+00 0.000000e+00 1.065794e+10 
15317 0.000000e+00 0.000000e+00 1.067248e+10 
15318 0.000000e+00 0.000000e+00 1.013937e+10 
15319 0.000000e+00 0.000000e+00 1.011295e+10 
15320 0.000000e+00 0.000000e+00 1.024953e+10 
15321 0.000000e+00 0.000000e+00 1.035329e+10 
15322 0.000000e+00 0.000000e+00 1.051932e+10 
15323 0.000000e+00 0.000000e+00 1.058028e+10 
15324 0.000000e+00 0.000000e+00 1.066455e+10 
15325 0.000000e+00 0.000000e+00 1.065091e+10 
15326 0.000000e+00 0.000000e+00 1.073825e+10 
15327 0.000000e+00 0.000000e+00 9.966736e+09 
15328 0.000000e+00 0.000000e+00 9.934733e+09 
15329 0.000000e+00 0.000000e+00 9.927380e+09 
15330 0.000000e+00 0.000000e+00 9.929735e+09 
15331 0.000000e+00 0.000000e+00 9.929598e+09 
15332 0.000000e+00 0.000000e+00 9.939675e+09 
15333 0.000000e+00 0.000000e+00 9.997525e+09 
15334 0.000000e+00 0.000000e+00 1.032889e+10 
15335 0.000000e+00 0.000000e+00 1.054262e+10 
15336 0.000000e+00 0.000000e+00 1.066032e+10 
15337 0.000000e+00 0.000000e+00 1.065238e+10 
15338 0.000000e+00 0.000000e+00 1.072746e+10 
15339 0.000000e+00 0.000000e+00 1.012766e+10 
15340 0.000000e+00 0.000000e+00 1.012659e+10 
15341 0.000000e+00 0.000000e+00 1.024519e+10 
15342 0.000000e+00 0.000000e+00 1.041459e+10 
15343 0.000000e+00 0.000000e+00 1.047995e+10 
15344 0.000000e+00 0.000000e+00 1.060833e+10 
15345 0.000000e+00 0.000000e+00 1.061022e+10 
15346 0.000000e+00 0.000000e+00 1.074322e+10 
15347 0.000000e+00 0.000000e+00 1.066304e+10 
15348 0.000000e+00 0.000000e+00 9.956974e+09 
15349 0.000000e+00 0.000000e+00 9.927947e+09 
15350 0.000000e+00 0.000000e+00 9.927235e+09 
15351 0.000000e+00 0.000000e+00 9.927000e+09 
15352 0.000000e+00 0.000000e+00 9.927877e+09 
15353 0.000000e+00 0.000000e+00 9.927243e+09 
15354 0.000000e+00 0.000000e+00 9.949331e+09 
15355 0.000000e+00 0.000000e+00 1.019472e+10 
15356 0.000000e+00 0.000000e+00 1.059276e+10 
15357 0.000000e+00 0.000000e+00 1.060278e+10 
15358 0.000000e+00 0.000000e+00 1.070725e+10 
15359 0.000000e+00 0.000000e+00 1.067642e+10 
15360 0.000000e+00 0.000000e+00 9.964734e+09 
15361 0.000000e+00 0.000000e+00 9.929664e+09 
15362 0.000000e+00 0.000000e+00 9.927023e+09 
15363 0.000000e+00 0.000000e+00 9.927163e+09 
15364 0.000000e+00 0.000000e+00 9.927115e+09 
15365 0.000000e+00 0.000000e+00 9.926975e+09 
15366 0.000000e+00 0.000000e+00 9.930131e+09 
15367 0.000000e+00 0.000000e+00 9.955082e+09 
15368 0.000000e+00 0.000000e+00 1.029019e+10 
15369 0.000000e+00 0.000000e+00 1.044922e+10 
15370 0.000000e+00 0.000000e+00 1.066451e+10 
15371 0.000000e+00 0.000000e+00 1.063706e+10 
15372 0.000000e+00 0.000000e+00 1.008613e+10 
15373 0.000000e+00 0.000000e+00 1.004829e+10 
15374 0.000000e+00 0.000000e+00 1.015408e+10 
15375 0.000000e+00 0.000000e+00 1.032827e+10 
15376 0.000000e+00 0.000000e+00 1.050037e+10 
15377 0.000000e+00 0.000000e+00 1.054999e+10 
15378 0.000000e+00 0.000000e+00 1.064596e+10 
15379 0.000000e+00 0.000000e+00 1.063617e+10 
15380 0.000000e+00 0.000000e+00 1.072626e+10 
15381 0.000000e+00 0.000000e+00 9.977296e+09 
15382 0.000000e+00 0.000000e+00 9.933199e+09 
15383 0.000000e+00 0.000000e+00 9.926571e+09 
15384 0.000000e+00 0.000000e+00 9.926801e+09 
15385 0.000000e+00 0.000000e+00 9.926575e+09 
15386 0.000000e+00 0.000000e+00 9.928771e+09 
15387 0.000000e+00 0.000000e+00 9.932453e+09 
15388 0.000000e+00 0.000000e+00 1.006544e+10 
15389 0.000000e+00 0.000000e+00 1.043510e+10 
15390 0.000000e+00 0.000000e+00 1.059875e+10 
15391 0.000000e+00 0.000000e+00 1.064631e+10 
15392 0.000000e+00 0.000000e+00 1.071743e+10 
15393 0.000000e+00 0.000000e+00 1.065742e+10 
15394 0.000000e+00 0.000000e+00 9.956816e+09 
15395 0.000000e+00 0.000000e+00 9.927970e+09 
15396 0.000000e+00 0.000000e+00 9.928274e+09 
15397 0.000000e+00 0.000000e+00 9.927485e+09 
15398 0.000000e+00 0.000000e+00 9.929770e+09 
15399 0.000000e+00 0.000000e+00 9.935815e+09 
15400 0.000000e+00 0.000000e+00 1.006087e+10 
15401 0.000000e+00 0.000000e+00 1.041964e+10 
15402 0.000000e+00 0.000000e+00 1.057148e+10 
15403 0.000000e+00 0.000000e+00 1.059843e+10 
15404 0.000000e+00 0.000000e+00 1.069244e+10 
15405 0.000000e+00 0.000000e+00 1.068350e+10 
15406 0.000000e+00 0.000000e+00 9.960987e+09 
15407 0.000000e+00 0.000000e+00 9.929255e+09 
15408 0.000000e+00 0.000000e+00 9.927370e+09 
15409 0.000000e+00 0.000000e+00 9.929454e+09 
15410 0.000000e+00 0.000000e+00 9.928611e+09 
15411 0.000000e+00 0.000000e+00 9.932285e+09 
15412 0.000000e+00 0.000000e+00 9.945369e+09 
15413 0.000000e+00 0.000000e+00 1.001481e+10 
15414 0.000000e+00 0.000000e+00 1.029164e+10 
15415 0.000000e+00 0.000000e+00 1.060874e+10 
15416 0.000000e+00 0.000000e+00 1.064864e+10 
15417 0.000000e+00 0.000000e+00 1.065854e+10 
15418 0.000000e+00 0.000000e+00 1.072982e+10 
15419 0.000000e+00 0.000000e+00 9.960698e+09 
15420 0.000000e+00 0.000000e+00 9.930644e+09 
15421 0.000000e+00 0.000000e+00 9.927546e+09 
15422 0.000000e+00 0.000000e+00 9.929598e+09 
15423 0.000000e+00 0.000000e+00 9.931213e+09 
15424 0.000000e+00 0.000000e+00 9.967443e+09 
15425 0.000000e+00 0.000000e+00 1.014994e+10 
15426 0.000000e+00 0.000000e+00 1.036351e+10 
15427 0.000000e+00 0.000000e+00 1.039042e+10 
15428 0.000000e+00 0.000000e+00 1.068480e+10 
15429 0.000000e+00 0.000000e+00 1.065588e+10 
15430 0.000000e+00 0.000000e+00 1.007333e+10 
15431 0.000000e+00 0.000000e+00 1.002335e+10 
15432 0.000000e+00 0.000000e+00 1.013073e+10 
15433 0.000000e+00 0.000000e+00 1.027820e+10 
15434 0.000000e+00 0.000000e+00 1.044686e+10 
15435 0.000000e+00 0.000000e+00 1.052527e+10 
15436 0.000000e+00 0.000000e+00 1.065380e+10 
15437 0.000000e+00 0.000000e+00 1.062567e+10 
15438 0.000000e+00 0.000000e+00 1.072664e+10 
15439 0.000000e+00 0.000000e+00 1.008510e+10 
15440 0.000000e+00 0.000000e+00 1.010849e+10 
15441 0.000000e+00 0.000000e+00 1.020474e+10 
15442 0.000000e+00 0.000000e+00 1.039678e+10 
15443 0.000000e+00 0.000000e+00 1.046894e+10 
15444 0.000000e+00 0.000000e+00 1.056509e+10 
15445 0.000000e+00 0.000000e+00 1.064920e+10 
15446 0.000000e+00 0.000000e+00 1.073735e+10 
15447 0.000000e+00 0.000000e+00 1.064430e+10 
15448 0.000000e+00 0.000000e+00 9.958538e+09 
15449 0.000000e+00 0.000000e+00 9.930550e+09 
15450 0.000000e+00 0.000000e+00 9.927226e+09 
15451 0.000000e+00 0.000000e+00 9.927126e+09 
15452 0.000000e+00 0.000000e+00 9.926988e+09 
15453 0.000000e+00 0.000000e+00 9.927675e+09 
15454 0.000000e+00 0.000000e+00 9.928862e+09 
15455 0.000000e+00 0.000000e+00 1.004002e+10 
15456 0.000000e+00 0.000000e+00 1.044605e+10 
15457 0.000000e+00 0.000000e+00 1.060895e+10 
15458 0.000000e+00 0.000000e+00 1.061744e+10 
15459 0.000000e+00 0.000000e+00 1.074383e+10 
15460 0.000000e+00 0.000000e+00 1.047271e+10 
15461 0.000000e+00 0.000000e+00 1.058228e+10 
15462 0.000000e+00 0.000000e+00 1.058064e+10 
15463 0.000000e+00 0.000000e+00 1.066719e+10 
15464 0.000000e+00 0.000000e+00 1.064313e+10 
15465 0.000000e+00 0.000000e+00 9.964177e+09 
15466 0.000000e+00 0.000000e+00 9.929858e+09 
15467 0.000000e+00 0.000000e+00 9.926868e+09 
15468 0.000000e+00 0.000000e+00 9.927185e+09 
15469 0.000000e+00 0.000000e+00 9.927449e+09 
15470 0.000000e+00 0.000000e+00 9.926575e+09 
15471 0.000000e+00 0.000000e+00 9.932505e+09 
15472 0.000000e+00 0.000000e+00 9.993843e+09 
15473 0.000000e+00 0.000000e+00 1.029876e+10 
15474 0.000000e+00 0.000000e+00 1.051134e+10 
15475 0.000000e+00 0.000000e+00 1.065789e+10 
15476 0.000000e+00 0.000000e+00 1.065506e+10 
15477 0.000000e+00 0.000000e+00 1.009205e+10 
15478 0.000000e+00 0.000000e+00 1.005633e+10 
15479 0.000000e+00 0.000000e+00 1.016473e+10 
15480 0.000000e+00 0.000000e+00 1.028675e+10 
15481 0.000000e+00 0.000000e+00 1.048209e+10 
15482 0.000000e+00 0.000000e+00 1.050584e+10 
15483 0.000000e+00 0.000000e+00 1.066429e+10 
15484 0.000000e+00 0.000000e+00 1.067163e+10 
15485 0.000000e+00 0.000000e+00 1.073340e+10 
15486 0.000000e+00 0.000000e+00 9.982611e+09 
15487 0.000000e+00 0.000000e+00 9.933590e+09 
15488 0.000000e+00 0.000000e+00 9.927705e+09 
15489 0.000000e+00 0.000000e+00 9.926985e+09 
15490 0.000000e+00 0.000000e+00 9.927174e+09 
15491 0.000000e+00 0.000000e+00 9.926992e+09 
15492 0.000000e+00 0.000000e+00 9.928265e+09 
15493 0.000000e+00 0.000000e+00 9.933267e+09 
15494 0.000000e+00 0.000000e+00 1.012489e+10 
15495 0.000000e+00 0.000000e+00 1.053184e+10 
15496 0.000000e+00 0.000000e+00 1.071659e+10 
15497 0.000000e+00 0.000000e+00 1.066426e+10 
15498 0.000000e+00 0.000000e+00 1.008365e+10 
15499 0.000000e+00 0.000000e+00 1.004894e+10 
15500 0.000000e+00 0.000000e+00 1.016689e+10 
15501 0.000000e+00 0.000000e+00 1.030301e+10 
15502 0.000000e+00 0.000000e+00 1.050733e+10 
15503 0.000000e+00 0.000000e+00 1.052793e+10 
15504 0.000000e+00 0.000000e+00 1.064093e+10 
15505 0.000000e+00 0.000000e+00 1.063756e+10 
15506 0.000000e+00 0.000000e+00 1.076474e+10 
15507 0.000000e+00 0.000000e+00 1.009955e+10 
15508 0.000000e+00 0.000000e+00 1.012513e+10 
15509 0.000000e+00 0.000000e+00 1.018995e+10 
15510 0.000000e+00 0.000000e+00 1.038727e+10 
15511 0.000000e+00 0.000000e+00 1.050878e+10 
15512 0.000000e+00 0.000000e+00 1.058119e+10 
15513 0.000000e+00 0.000000e+00 1.060398e+10 
15514 0.000000e+00 0.000000e+00 1.068815e+10 
15515 0.000000e+00 0.000000e+00 1.044443e+10 
15516 0.000000e+00 0.000000e+00 1.053919e+10 
15517 0.000000e+00 0.000000e+00 1.058244e+10 
15518 0.000000e+00 0.000000e+00 1.067668e+10 
15519 0.000000e+00 0.000000e+00 1.066625e+10 
15520 0.000000e+00 0.000000e+00 1.009223e+10 
15521 0.000000e+00 0.000000e+00 1.006605e+10 
15522 0.000000e+00 0.000000e+00 1.019017e+10 
15523 0.000000e+00 0.000000e+00 1.034050e+10 
15524 0.000000e+00 0.000000e+00 1.049087e+10 
15525 0.000000e+00 0.000000e+00 1.052851e+10 
15526 0.000000e+00 0.000000e+00 1.065739e+10 
15527 0.000000e+00 0.000000e+00 1.063520e+10 
15528 0.000000e+00 0.000000e+00 1.044039e+10 
15529 0.000000e+00 0.000000e+00 1.046874e+10 
15530 0.000000e+00 0.000000e+00 1.060032e+10 
15531 0.000000e+00 0.000000e+00 1.063542e+10 
15532 0.000000e+00 0.000000e+00 1.068601e+10 
15533 0.000000e+00 0.000000e+00 1.068510e+10 
15534 0.000000e+00 0.000000e+00 1.016340e+10 
15535 0.000000e+00 0.000000e+00 1.012954e+10 
15536 0.000000e+00 0.000000e+00 1.027415e+10 
15537 0.000000e+00 0.000000e+00 1.039532e+10 
15538 0.000000e+00 0.000000e+00 1.051884e+10 
15539 0.000000e+00 0.000000e+00 1.059198e+10 
15540 0.000000e+00 0.000000e+00 1.067776e+10 
15541 0.000000e+00 0.000000e+00 1.068006e+10 
15542 0.000000e+00 0.000000e+00 1.008086e+10 
15543 0.000000e+00 0.000000e+00 1.004189e+10 
15544 0.000000e+00 0.000000e+00 1.017995e+10 
15545 0.000000e+00 0.000000e+00 1.029739e+10 
15546 0.000000e+00 0.000000e+00 1.045638e+10 
15547 0.000000e+00 0.000000e+00 1.050420e+10 
15548 0.000000e+00 0.000000e+00 1.063654e+10 
15549 0.000000e+00 0.000000e+00 1.064923e+10 
15550 0.000000e+00 0.000000e+00 1.073409e+10 
15551 0.000000e+00 0.000000e+00 1.010134e+10 
15552 0.000000e+00 0.000000e+00 1.010474e+10 
15553 0.000000e+00 0.000000e+00 1.020095e+10 
15554 0.000000e+00 0.000000e+00 1.038467e+10 
15555 0.000000e+00 0.000000e+00 1.049143e+10 
15556 0.000000e+00 0.000000e+00 1.060116e+10 
15557 0.000000e+00 0.000000e+00 1.061941e+10 
15558 0.000000e+00 0.000000e+00 1.071003e+10 
15559 0.000000e+00 0.000000e+00 1.000240e+10 
15560 0.000000e+00 0.000000e+00 9.941068e+09 
15561 0.000000e+00 0.000000e+00 9.928344e+09 
15562 0.000000e+00 0.000000e+00 9.926838e+09 
15563 0.000000e+00 0.000000e+00 9.927115e+09 
15564 0.000000e+00 0.000000e+00 9.926719e+09 
15565 0.000000e+00 0.000000e+00 9.927860e+09 
15566 0.000000e+00 0.000000e+00 9.928893e+09 
15567 0.000000e+00 0.000000e+00 1.003210e+10 
15568 0.000000e+00 0.000000e+00 1.032943e+10 
15569 0.000000e+00 0.000000e+00 1.065080e+10 
15570 0.000000e+00 0.000000e+00 1.066886e+10 
15571 0.000000e+00 0.000000e+00 1.072114e+10 
15572 0.000000e+00 0.000000e+00 9.981461e+09 
15573 0.000000e+00 0.000000e+00 9.934766e+09 
15574 0.000000e+00 0.000000e+00 9.927617e+09 
15575 0.000000e+00 0.000000e+00 9.927267e+09 
15576 0.000000e+00 0.000000e+00 9.927835e+09 
15577 0.000000e+00 0.000000e+00 9.927656e+09 
15578 0.000000e+00 0.000000e+00 9.946518e+09 
15579 0.000000e+00 0.000000e+00 1.007590e+10 
15580 0.000000e+00 0.000000e+00 1.038365e+10 
15581 0.000000e+00 0.000000e+00 1.058704e+10 
15582 0.000000e+00 0.000000e+00 1.066561e+10 
15583 0.000000e+00 0.000000e+00 1.066825e+10 
15584 0.000000e+00 0.000000e+00 1.072641e+10 
15585 0.000000e+00 0.000000e+00 9.968139e+09 
15586 0.000000e+00 0.000000e+00 9.931023e+09 
15587 0.000000e+00 0.000000e+00 9.926953e+09 
15588 0.000000e+00 0.000000e+00 9.927413e+09 
15589 0.000000e+00 0.000000e+00 9.926868e+09 
15590 0.000000e+00 0.000000e+00 9.931571e+09 
15591 0.000000e+00 0.000000e+00 9.968803e+09 
15592 0.000000e+00 0.000000e+00 1.024820e+10 
15593 0.000000e+00 0.000000e+00 1.052558e+10 
15594 0.000000e+00 0.000000e+00 1.066829e+10 
15595 0.000000e+00 0.000000e+00 1.063128e+10 
15596 0.000000e+00 0.000000e+00 1.048596e+10 
15597 0.000000e+00 0.000000e+00 1.044820e+10 
15598 0.000000e+00 0.000000e+00 1.061555e+10 
15599 0.000000e+00 0.000000e+00 1.062256e+10 
15600 0.000000e+00 0.000000e+00 1.071742e+10 
15601 0.000000e+00 0.000000e+00 1.066715e+10 
15602 0.000000e+00 0.000000e+00 9.958883e+09 
15603 0.000000e+00 0.000000e+00 9.928415e+09 
15604 0.000000e+00 0.000000e+00 9.927461e+09 
15605 0.000000e+00 0.000000e+00 9.927887e+09 
15606 0.000000e+00 0.000000e+00 9.928125e+09 
15607 0.000000e+00 0.000000e+00 9.928653e+09 
15608 0.000000e+00 0.000000e+00 9.941159e+09 
15609 0.000000e+00 0.000000e+00 1.005745e+10 
15610 0.000000e+00 0.000000e+00 1.050957e+10 
15611 0.000000e+00 0.000000e+00 1.058568e+10 
15612 0.000000e+00 0.000000e+00 1.071606e+10 
15613 0.000000e+00 0.000000e+00 1.066039e+10 
15614 0.000000e+00 0.000000e+00 1.012322e+10 
15615 0.000000e+00 0.000000e+00 1.010339e+10 
15616 0.000000e+00 0.000000e+00 1.022385e+10 
15617 0.000000e+00 0.000000e+00 1.034823e+10 
15618 0.000000e+00 0.000000e+00 1.051256e+10 
15619 0.000000e+00 0.000000e+00 1.057061e+10 
15620 0.000000e+00 0.000000e+00 1.070115e+10 
15621 0.000000e+00 0.000000e+00 1.067601e+10 
15622 0.000000e+00 0.000000e+00 1.006192e+10 
15623 0.000000e+00 0.000000e+00 1.003170e+10 
15624 0.000000e+00 0.000000e+00 1.012132e+10 
15625 0.000000e+00 0.000000e+00 1.022640e+10 
15626 0.000000e+00 0.000000e+00 1.047270e+10 
15627 0.000000e+00 0.000000e+00 1.048698e+10 
15628 0.000000e+00 0.000000e+00 1.060100e+10 
15629 0.000000e+00 0.000000e+00 1.062518e+10 
15630 0.000000e+00 0.000000e+00 1.072821e+10 
15631 0.000000e+00 0.000000e+00 1.008454e+10 
15632 0.000000e+00 0.000000e+00 1.009649e+10 
15633 0.000000e+00 0.000000e+00 1.016414e+10 
15634 0.000000e+00 0.000000e+00 1.038371e+10 
15635 0.000000e+00 0.000000e+00 1.045428e+10 
15636 0.000000e+00 0.000000e+00 1.060708e+10 
15637 0.000000e+00 0.000000e+00 1.058556e+10 
15638 0.000000e+00 0.000000e+00 1.073157e+10 
15639 0.000000e+00 0.000000e+00 1.066810e+10 
15640 0.000000e+00 0.000000e+00 1.013499e+10 
15641 0.000000e+00 0.000000e+00 1.011513e+10 
15642 0.000000e+00 0.000000e+00 1.026719e+10 
15643 0.000000e+00 0.000000e+00 1.038672e+10 
15644 0.000000e+00 0.000000e+00 1.051038e+10 
15645 0.000000e+00 0.000000e+00 1.057879e+10 
15646 0.000000e+00 0.000000e+00 1.067289e+10 
15647 0.000000e+00 0.000000e+00 1.062988e+10 
15648 0.000000e+00 0.000000e+00 1.008261e+10 
15649 0.000000e+00 0.000000e+00 1.003735e+10 
15650 0.000000e+00 0.000000e+00 1.015141e+10 
15651 0.000000e+00 0.000000e+00 1.026693e+10 
15652 0.000000e+00 0.000000e+00 1.050268e+10 
15653 0.000000e+00 0.000000e+00 1.050126e+10 
15654 0.000000e+00 0.000000e+00 1.068514e+10 
15655 0.000000e+00 0.000000e+00 1.061202e+10 
15656 0.000000e+00 0.000000e+00 1.072034e+10 
15657 0.000000e+00 0.000000e+00 9.981433e+09 
15658 0.000000e+00 0.000000e+00 9.933759e+09 
15659 0.000000e+00 0.000000e+00 9.928427e+09 
15660 0.000000e+00 0.000000e+00 9.927348e+09 
15661 0.000000e+00 0.000000e+00 9.927447e+09 
15662 0.000000e+00 0.000000e+00 9.927540e+09 
15663 0.000000e+00 0.000000e+00 9.931949e+09 
15664 0.000000e+00 0.000000e+00 9.948670e+09 
15665 0.000000e+00 0.000000e+00 1.021750e+10 
15666 0.000000e+00 0.000000e+00 1.057127e+10 
15667 0.000000e+00 0.000000e+00 1.067437e+10 
15668 0.000000e+00 0.000000e+00 1.064978e+10 
15669 0.000000e+00 0.000000e+00 1.008594e+10 
15670 0.000000e+00 0.000000e+00 1.003552e+10 
15671 0.000000e+00 0.000000e+00 1.016866e+10 
15672 0.000000e+00 0.000000e+00 1.027495e+10 
15673 0.000000e+00 0.000000e+00 1.047703e+10 
15674 0.000000e+00 0.000000e+00 1.054250e+10 
15675 0.000000e+00 0.000000e+00 1.066160e+10 
15676 0.000000e+00 0.000000e+00 1.062272e+10 
15677 0.000000e+00 0.000000e+00 1.070815e+10 
15678 0.000000e+00 0.000000e+00 9.980019e+09 
15679 0.000000e+00 0.000000e+00 9.934497e+09 
15680 0.000000e+00 0.000000e+00 9.927442e+09 
15681 0.000000e+00 0.000000e+00 9.927115e+09 
15682 0.000000e+00 0.000000e+00 9.927501e+09 
15683 0.000000e+00 0.000000e+00 9.927700e+09 
15684 0.000000e+00 0.000000e+00 9.927081e+09 
15685 0.000000e+00 0.000000e+00 9.940814e+09 
15686 0.000000e+00 0.000000e+00 1.006094e+10 
15687 0.000000e+00 0.000000e+00 1.038681e+10 
15688 0.000000e+00 0.000000e+00 1.069088e+10 
15689 0.000000e+00 0.000000e+00 1.067860e+10 
15690 0.000000e+00 0.000000e+00 1.007382e+10 
15691 0.000000e+00 0.000000e+00 1.005428e+10 
15692 0.000000e+00 0.000000e+00 1.014215e+10 
15693 0.000000e+00 0.000000e+00 1.034028e+10 
15694 0.000000e+00 0.000000e+00 1.043435e+10 
15695 0.000000e+00 0.000000e+00 1.054127e+10 
15696 0.000000e+00 0.000000e+00 1.060938e+10 
15697 0.000000e+00 0.000000e+00 1.064151e+10 
15698 0.000000e+00 0.000000e+00 1.072230e+10 
15699 0.000000e+00 0.000000e+00 9.980836e+09 
15700 0.000000e+00 0.000000e+00 9.934823e+09 
15701 0.000000e+00 0.000000e+00 9.927393e+09 
15702 0.000000e+00 0.000000e+00 9.927226e+09 
15703 0.000000e+00 0.000000e+00 9.927031e+09 
15704 0.000000e+00 0.000000e+00 9.926847e+09 
15705 0.000000e+00 0.000000e+00 9.927690e+09 
15706 0.000000e+00 0.000000e+00 9.935529e+09 
15707 0.000000e+00 0.000000e+00 1.015015e+10 
15708 0.000000e+00 0.000000e+00 1.057714e+10 
15709 0.000000e+00 0.000000e+00 1.066628e+10 
15710 0.000000e+00 0.000000e+00 1.064726e+10 
15711 0.000000e+00 0.000000e+00 1.070465e+10 
15712 0.000000e+00 0.000000e+00 9.966267e+09 
15713 0.000000e+00 0.000000e+00 9.929766e+09 
15714 0.000000e+00 0.000000e+00 9.926868e+09 
15715 0.000000e+00 0.000000e+00 9.927633e+09 
15716 0.000000e+00 0.000000e+00 9.927058e+09 
15717 0.000000e+00 0.000000e+00 9.927657e+09 
15718 0.000000e+00 0.000000e+00 9.930562e+09 
15719 0.000000e+00 0.000000e+00 1.002251e+10 
15720 0.000000e+00 0.000000e+00 1.047036e+10 
15721 0.000000e+00 0.000000e+00 1.062950e+10 
15722 0.000000e+00 0.000000e+00 1.062208e+10 
15723 0.000000e+00 0.000000e+00 1.044727e+10 
15724 0.000000e+00 0.000000e+00 1.046383e+10 
15725 0.000000e+00 0.000000e+00 1.060658e+10 
15726 0.000000e+00 0.000000e+00 1.058619e+10 
15727 0.000000e+00 0.000000e+00 1.067344e+10 
15728 0.000000e+00 0.000000e+00 1.067653e+10 
15729 0.000000e+00 0.000000e+00 9.960194e+09 
15730 0.000000e+00 0.000000e+00 9.928907e+09 
15731 0.000000e+00 0.000000e+00 9.927361e+09 
15732 0.000000e+00 0.000000e+00 9.926944e+09 
15733 0.000000e+00 0.000000e+00 9.928125e+09 
15734 0.000000e+00 0.000000e+00 9.926768e+09 
15735 0.000000e+00 0.000000e+00 9.944047e+09 
15736 0.000000e+00 0.000000e+00 1.011588e+10 
15737 0.000000e+00 0.000000e+00 1.049241e+10 
15738 0.000000e+00 0.000000e+00 1.056621e+10 
15739 0.000000e+00 0.000000e+00 1.067225e+10 
15740 0.000000e+00 0.000000e+00 1.065051e+10 
15741 0.000000e+00 0.000000e+00 1.010565e+10 
15742 0.000000e+00 0.000000e+00 1.007939e+10 
15743 0.000000e+00 0.000000e+00 1.021661e+10 
15744 0.000000e+00 0.000000e+00 1.035045e+10 
15745 0.000000e+00 0.000000e+00 1.052288e+10 
15746 0.000000e+00 0.000000e+00 1.058080e+10 
15747 0.000000e+00 0.000000e+00 1.066135e+10 
15748 0.000000e+00 0.000000e+00 1.063442e+10 
15749 0.000000e+00 0.000000e+00 1.073607e+10 
15750 0.000000e+00 0.000000e+00 9.973506e+09 
15751 0.000000e+00 0.000000e+00 9.932426e+09 
15752 0.000000e+00 0.000000e+00 9.926817e+09 
15753 0.000000e+00 0.000000e+00 9.927060e+09 
15754 0.000000e+00 0.000000e+00 9.926763e+09 
15755 0.000000e+00 0.000000e+00 9.927525e+09 
15756 0.000000e+00 0.000000e+00 9.930575e+09 
15757 0.000000e+00 0.000000e+00 1.001988e+10 
15758 0.000000e+00 0.000000e+00 1.034487e+10 
15759 0.000000e+00 0.000000e+00 1.066289e+10 
15760 0.000000e+00 0.000000e+00 1.065773e+10 
15761 0.000000e+00 0.000000e+00 1.072582e+10 
15762 0.000000e+00 0.000000e+00 9.982247e+09 
15763 0.000000e+00 0.000000e+00 9.934340e+09 
15764 0.000000e+00 0.000000e+00 9.927372e+09 
15765 0.000000e+00 0.000000e+00 9.926686e+09 
15766 0.000000e+00 0.000000e+00 9.927471e+09 
15767 0.000000e+00 0.000000e+00 9.926811e+09 
15768 0.000000e+00 0.000000e+00 9.936637e+09 
15769 0.000000e+00 0.000000e+00 1.002765e+10 
15770 0.000000e+00 0.000000e+00 1.045189e+10 
15771 0.000000e+00 0.000000e+00 1.053336e+10 
15772 0.000000e+00 0.000000e+00 1.070024e+10 
15773 0.000000e+00 0.000000e+00 1.065528e+10 
15774 0.000000e+00 0.000000e+00 1.073236e+10 
15775 0.000000e+00 0.000000e+00 9.967915e+09 
15776 0.000000e+00 0.000000e+00 9.932309e+09 
15777 0.000000e+00 0.000000e+00 9.927006e+09 
15778 0.000000e+00 0.000000e+00 9.926963e+09 
15779 0.000000e+00 0.000000e+00 9.928179e+09 
15780 0.000000e+00 0.000000e+00 9.927703e+09 
15781 0.000000e+00 0.000000e+00 9.957070e+09 
15782 0.000000e+00 0.000000e+00 1.018274e+10 
15783 0.000000e+00 0.000000e+00 1.055712e+10 
15784 0.000000e+00 0.000000e+00 1.060653e+10 
15785 0.000000e+00 0.000000e+00 1.068762e+10 
15786 0.000000e+00 0.000000e+00 1.067478e+10 
15787 0.000000e+00 0.000000e+00 1.013866e+10 
15788 0.000000e+00 0.000000e+00 1.010276e+10 
15789 0.000000e+00 0.000000e+00 1.024444e+10 
15790 0.000000e+00 0.000000e+00 1.037174e+10 
15791 0.000000e+00 0.000000e+00 1.050737e+10 
15792 0.000000e+00 0.000000e+00 1.059203e+10 
15793 0.000000e+00 0.000000e+00 1.065943e+10 
15794 0.000000e+00 0.000000e+00 1.068263e+10 
15795 0.000000e+00 0.000000e+00 1.070307e+10 
15796 0.000000e+00 0.000000e+00 9.965714e+09 
15797 0.000000e+00 0.000000e+00 9.932126e+09 
15798 0.000000e+00 0.000000e+00 9.926714e+09 
15799 0.000000e+00 0.000000e+00 9.927365e+09 
15800 0.000000e+00 0.000000e+00 9.926441e+09 
15801 0.000000e+00 0.000000e+00 9.931324e+09 
15802 0.000000e+00 0.000000e+00 9.958772e+09 
15803 0.000000e+00 0.000000e+00 1.019970e+10 
15804 0.000000e+00 0.000000e+00 1.051255e+10 
15805 0.000000e+00 0.000000e+00 1.067978e+10 
15806 0.000000e+00 0.000000e+00 1.067671e+10 
15807 0.000000e+00 0.000000e+00 1.071173e+10 
15808 0.000000e+00 0.000000e+00 9.976525e+09 
15809 0.000000e+00 0.000000e+00 9.934187e+09 
15810 0.000000e+00 0.000000e+00 9.927046e+09 
15811 0.000000e+00 0.000000e+00 9.927128e+09 
15812 0.000000e+00 0.000000e+00 9.926792e+09 
15813 0.000000e+00 0.000000e+00 9.928070e+09 
15814 0.000000e+00 0.000000e+00 9.931932e+09 
15815 0.000000e+00 0.000000e+00 1.006244e+10 
15816 0.000000e+00 0.000000e+00 1.044965e+10 
15817 0.000000e+00 0.000000e+00 1.062371e+10 
15818 0.000000e+00 0.000000e+00 1.062938e+10 
15819 0.000000e+00 0.000000e+00 1.070849e+10 
15820 0.000000e+00 0.000000e+00 1.008393e+10 
15821 0.000000e+00 0.000000e+00 1.006869e+10 
15822 0.000000e+00 0.000000e+00 1.013017e+10 
15823 0.000000e+00 0.000000e+00 1.032648e+10 
15824 0.000000e+00 0.000000e+00 1.045293e+10 
15825 0.000000e+00 0.000000e+00 1.059368e+10 
15826 0.000000e+00 0.000000e+00 1.057256e+10 
15827 0.000000e+00 0.000000e+00 1.069503e+10 
15828 0.000000e+00 0.000000e+00 1.066093e+10 
15829 0.000000e+00 0.000000e+00 9.966005e+09 
15830 0.000000e+00 0.000000e+00 9.930363e+09 
15831 0.000000e+00 0.000000e+00 9.927539e+09 
15832 0.000000e+00 0.000000e+00 9.927060e+09 
15833 0.000000e+00 0.000000e+00 9.927852e+09 
15834 0.000000e+00 0.000000e+00 9.926830e+09 
15835 0.000000e+00 0.000000e+00 9.931570e+09 
15836 0.000000e+00 0.000000e+00 9.983537e+09 
15837 0.000000e+00 0.000000e+00 1.034108e+10 
15838 0.000000e+00 0.000000e+00 1.055901e+10 
15839 0.000000e+00 0.000000e+00 1.068053e+10 
15840 0.000000e+00 0.000000e+00 1.064439e+10 
15841 0.000000e+00 0.000000e+00 1.009074e+10 
15842 0.000000e+00 0.000000e+00 1.005469e+10 
15843 0.000000e+00 0.000000e+00 1.017891e+10 
15844 0.000000e+00 0.000000e+00 1.030281e+10 
15845 0.000000e+00 0.000000e+00 1.048855e+10 
15846 0.000000e+00 0.000000e+00 1.053051e+10 
15847 0.000000e+00 0.000000e+00 1.064067e+10 
15848 0.000000e+00 0.000000e+00 1.062760e+10 
15849 0.000000e+00 0.000000e+00 1.071430e+10 
15850 0.000000e+00 0.000000e+00 9.978015e+09 
15851 0.000000e+00 0.000000e+00 9.933607e+09 
15852 0.000000e+00 0.000000e+00 9.927188e+09 
15853 0.000000e+00 0.000000e+00 9.927106e+09 
15854 0.000000e+00 0.000000e+00 9.926941e+09 
15855 0.000000e+00 0.000000e+00 9.926897e+09 
15856 0.000000e+00 0.000000e+00 9.928745e+09 
15857 0.000000e+00 0.000000e+00 9.938444e+09 
15858 0.000000e+00 0.000000e+00 1.018165e+10 
15859 0.000000e+00 0.000000e+00 1.056224e+10 
15860 0.000000e+00 0.000000e+00 1.065638e+10 
15861 0.000000e+00 0.000000e+00 1.066808e+10 
15862 0.000000e+00 0.000000e+00 1.051439e+10 
15863 0.000000e+00 0.000000e+00 1.050095e+10 
15864 0.000000e+00 0.000000e+00 1.065032e+10 
15865 0.000000e+00 0.000000e+00 1.062577e+10 
15866 0.000000e+00 0.000000e+00 1.068034e+10 
15867 0.000000e+00 0.000000e+00 1.008928e+10 
15868 0.000000e+00 0.000000e+00 1.008829e+10 
15869 0.000000e+00 0.000000e+00 1.017511e+10 
15870 0.000000e+00 0.000000e+00 1.037754e+10 
15871 0.000000e+00 0.000000e+00 1.045141e+10 
15872 0.000000e+00 0.000000e+00 1.056597e+10 
15873 0.000000e+00 0.000000e+00 1.062371e+10 
15874 0.000000e+00 0.000000e+00 1.068161e+10 
15875 0.000000e+00 0.000000e+00 1.069313e+10 
15876 0.000000e+00 0.000000e+00 9.959780e+09 
15877 0.000000e+00 0.000000e+00 9.928748e+09 
15878 0.000000e+00 0.000000e+00 9.927261e+09 
15879 0.000000e+00 0.000000e+00 9.927142e+09 
15880 0.000000e+00 0.000000e+00 9.927265e+09 
15881 0.000000e+00 0.000000e+00 9.929824e+09 
15882 0.000000e+00 0.000000e+00 9.930258e+09 
15883 0.000000e+00 0.000000e+00 1.003926e+10 
15884 0.000000e+00 0.000000e+00 1.043946e+10 
15885 0.000000e+00 0.000000e+00 1.064111e+10 
15886 0.000000e+00 0.000000e+00 1.062217e+10 
15887 0.000000e+00 0.000000e+00 1.073504e+10 
15888 0.000000e+00 0.000000e+00 1.069919e+10 
15889 0.000000e+00 0.000000e+00 9.954363e+09 
15890 0.000000e+00 0.000000e+00 9.928376e+09 
15891 0.000000e+00 0.000000e+00 9.928574e+09 
15892 0.000000e+00 0.000000e+00 9.927925e+09 
15893 0.000000e+00 0.000000e+00 9.930577e+09 
15894 0.000000e+00 0.000000e+00 9.947771e+09 
15895 0.000000e+00 0.000000e+00 1.007129e+10 
15896 0.000000e+00 0.000000e+00 1.038285e+10 
15897 0.000000e+00 0.000000e+00 1.058811e+10 
15898 0.000000e+00 0.000000e+00 1.062796e+10 
15899 0.000000e+00 0.000000e+00 1.064816e+10 
15900 0.000000e+00 0.000000e+00 1.072212e+10 
15901 0.000000e+00 0.000000e+00 9.969722e+09 
15902 0.000000e+00 0.000000e+00 9.930623e+09 
15903 0.000000e+00 0.000000e+00 9.927102e+09 
15904 0.000000e+00 0.000000e+00 9.927266e+09 
15905 0.000000e+00 0.000000e+00 9.927435e+09 
15906 0.000000e+00 0.000000e+00 9.927524e+09 
15907 0.000000e+00 0.000000e+00 9.936867e+09 
15908 0.000000e+00 0.000000e+00 1.006789e+10 
15909 0.000000e+00 0.000000e+00 1.040429e+10 
15910 0.000000e+00 0.000000e+00 1.065326e+10 
15911 0.000000e+00 0.000000e+00 1.069642e+10 
15912 0.000000e+00 0.000000e+00 1.066455e+10 
15913 0.000000e+00 0.000000e+00 1.012743e+10 
15914 0.000000e+00 0.000000e+00 1.010744e+10 
15915 0.000000e+00 0.000000e+00 1.024967e+10 
15916 0.000000e+00 0.000000e+00 1.041281e+10 
15917 0.000000e+00 0.000000e+00 1.050482e+10 
15918 0.000000e+00 0.000000e+00 1.059084e+10 
15919 0.000000e+00 0.000000e+00 1.066461e+10 
15920 0.000000e+00 0.000000e+00 1.064793e+10 
15921 0.000000e+00 0.000000e+00 9.986389e+09 
15922 0.000000e+00 0.000000e+00 9.934594e+09 
15923 0.000000e+00 0.000000e+00 9.926863e+09 
15924 0.000000e+00 0.000000e+00 9.927581e+09 
15925 0.000000e+00 0.000000e+00 9.926997e+09 
15926 0.000000e+00 0.000000e+00 9.928087e+09 
15927 0.000000e+00 0.000000e+00 9.926771e+09 
15928 0.000000e+00 0.000000e+00 9.946535e+09 
15929 0.000000e+00 0.000000e+00 1.012899e+10 
15930 0.000000e+00 0.000000e+00 1.057128e+10 
15931 0.000000e+00 0.000000e+00 1.057372e+10 
15932 0.000000e+00 0.000000e+00 1.070758e+10 
15933 0.000000e+00 0.000000e+00 1.068806e+10 
15934 0.000000e+00 0.000000e+00 9.965515e+09 
15935 0.000000e+00 0.000000e+00 9.932125e+09 
15936 0.000000e+00 0.000000e+00 9.927940e+09 
15937 0.000000e+00 0.000000e+00 9.927146e+09 
15938 0.000000e+00 0.000000e+00 9.927292e+09 
15939 0.000000e+00 0.000000e+00 9.927497e+09 
15940 0.000000e+00 0.000000e+00 9.926988e+09 
15941 0.000000e+00 0.000000e+00 9.932587e+09 
15942 0.000000e+00 0.000000e+00 1.009242e+10 
15943 0.000000e+00 0.000000e+00 1.063238e+10 
15944 0.000000e+00 0.000000e+00 1.060387e+10 
15945 0.000000e+00 0.000000e+00 1.073641e+10 
15946 0.000000e+00 0.000000e+00 1.067960e+10 
15947 0.000000e+00 0.000000e+00 9.955024e+09 
15948 0.000000e+00 0.000000e+00 9.927856e+09 
15949 0.000000e+00 0.000000e+00 9.927173e+09 
15950 0.000000e+00 0.000000e+00 9.927294e+09 
15951 0.000000e+00 0.000000e+00 9.929003e+09 
15952 0.000000e+00 0.000000e+00 9.939112e+09 
15953 0.000000e+00 0.000000e+00 1.005325e+10 
15954 0.000000e+00 0.000000e+00 1.032525e+10 
15955 0.000000e+00 0.000000e+00 1.057936e+10 
15956 0.000000e+00 0.000000e+00 1.065349e+10 
15957 0.000000e+00 0.000000e+00 1.071283e+10 
15958 0.000000e+00 0.000000e+00 1.070687e+10 
15959 0.000000e+00 0.000000e+00 9.966419e+09 
15960 0.000000e+00 0.000000e+00 9.928752e+09 
15961 0.000000e+00 0.000000e+00 9.928664e+09 
15962 0.000000e+00 0.000000e+00 9.927008e+09 
15963 0.000000e+00 0.000000e+00 9.927336e+09 
15964 0.000000e+00 0.000000e+00 9.927216e+09 
15965 0.000000e+00 0.000000e+00 9.942125e+09 
15966 0.000000e+00 0.000000e+00 1.007678e+10 
15967 0.000000e+00 0.000000e+00 1.054893e+10 
15968 0.000000e+00 0.000000e+00 1.054869e+10 
15969 0.000000e+00 0.000000e+00 1.066767e+10 
15970 0.000000e+00 0.000000e+00 1.068173e+10 
15971 0.000000e+00 0.000000e+00 1.011315e+10 
15972 0.000000e+00 0.000000e+00 1.006761e+10 
15973 0.000000e+00 0.000000e+00 1.019978e+10 
15974 0.000000e+00 0.000000e+00 1.033417e+10 
15975 0.000000e+00 0.000000e+00 1.051774e+10 
15976 0.000000e+00 0.000000e+00 1.054717e+10 
15977 0.000000e+00 0.000000e+00 1.063940e+10 
15978 0.000000e+00 0.000000e+00 1.068831e+10 
15979 0.000000e+00 0.000000e+00 1.070059e+10 
15980 0.000000e+00 0.000000e+00 9.971016e+09 
15981 0.000000e+00 0.000000e+00 9.932214e+09 
15982 0.000000e+00 0.000000e+00 9.927224e+09 
15983 0.000000e+00 0.000000e+00 9.926936e+09 
15984 0.000000e+00 0.000000e+00 9.927724e+09 
15985 0.000000e+00 0.000000e+00 9.926853e+09 
15986 0.000000e+00 0.000000e+00 9.939137e+09 
15987 0.000000e+00 0.000000e+00 1.005930e+10 
15988 0.000000e+00 0.000000e+00 1.045060e+10 
15989 0.000000e+00 0.000000e+00 1.056636e+10 
15990 0.000000e+00 0.000000e+00 1.067318e+10 
15991 0.000000e+00 0.000000e+00 1.068974e+10 
15992 0.000000e+00 0.000000e+00 1.071312e+10 
15993 0.000000e+00 0.000000e+00 9.959571e+09 
15994 0.000000e+00 0.000000e+00 9.930285e+09 
15995 0.000000e+00 0.000000e+00 9.927136e+09 
15996 0.000000e+00 0.000000e+00 9.928238e+09 
15997 0.000000e+00 0.000000e+00 9.929554e+09 
15998 0.000000e+00 0.000000e+00 9.947578e+09 
15999 0.000000e+00 0.000000e+00 1.007517e+10 
16000 0.000000e+00 0.000000e+00 1.050542e+10 
16001 0.000000e+00 0.000000e+00 1.055752e+10 
16002 0.000000e+00 0.000000e+00 1.062875e+10 
16003 0.000000e+00 0.000000e+00 1.067220e+10 
16004 0.000000e+00 0.000000e+00 1.006923e+10 
16005 0.000000e+00 0.000000e+00 1.004203e+10 
16006 0.000000e+00 0.000000e+00 1.011303e+10 
16007 0.000000e+00 0.000000e+00 1.025661e+10 
16008 0.000000e+00 0.000000e+00 1.044105e+10 
16009 0.000000e+00 0.000000e+00 1.050427e+10 
16010 0.000000e+00 0.000000e+00 1.065630e+10 
16011 0.000000e+00 0.000000e+00 1.062220e+10 
16012 0.000000e+00 0.000000e+00 1.071724e+10 
16013 0.000000e+00 0.000000e+00 9.984567e+09 
16014 0.000000e+00 0.000000e+00 9.935557e+09 
16015 0.000000e+00 0.000000e+00 9.928715e+09 
16016 0.000000e+00 0.000000e+00 9.926925e+09 
16017 0.000000e+00 0.000000e+00 9.927767e+09 
16018 0.000000e+00 0.000000e+00 9.926937e+09 
16019 0.000000e+00 0.000000e+00 9.930108e+09 
16020 0.000000e+00 0.000000e+00 9.937192e+09 
16021 0.000000e+00 0.000000e+00 1.024365e+10 
16022 0.000000e+00 0.000000e+00 1.057447e+10 
16023 0.000000e+00 0.000000e+00 1.063429e+10 
16024 0.000000e+00 0.000000e+00 1.065853e+10 
16025 0.000000e+00 0.000000e+00 1.006635e+10 
16026 0.000000e+00 0.000000e+00 1.001750e+10 
16027 0.000000e+00 0.000000e+00 1.011034e+10 
16028 0.000000e+00 0.000000e+00 1.027205e+10 
16029 0.000000e+00 0.000000e+00 1.043237e+10 
16030 0.000000e+00 0.000000e+00 1.049364e+10 
16031 0.000000e+00 0.000000e+00 1.061552e+10 
16032 0.000000e+00 0.000000e+00 1.060608e+10 
16033 0.000000e+00 0.000000e+00 1.074075e+10 
16034 0.000000e+00 0.000000e+00 1.007959e+10 
16035 0.000000e+00 0.000000e+00 1.008007e+10 
16036 0.000000e+00 0.000000e+00 1.016245e+10 
16037 0.000000e+00 0.000000e+00 1.040375e+10 
16038 0.000000e+00 0.000000e+00 1.045005e+10 
16039 0.000000e+00 0.000000e+00 1.061261e+10 
16040 0.000000e+00 0.000000e+00 1.058883e+10 
16041 0.000000e+00 0.000000e+00 1.067457e+10 
16042 0.000000e+00 0.000000e+00 1.068597e+10 
16043 0.000000e+00 0.000000e+00 9.965036e+09 
16044 0.000000e+00 0.000000e+00 9.929455e+09 
16045 0.000000e+00 0.000000e+00 9.926935e+09 
16046 0.000000e+00 0.000000e+00 9.927092e+09 
16047 0.000000e+00 0.000000e+00 9.927198e+09 
16048 0.000000e+00 0.000000e+00 9.926839e+09 
16049 0.000000e+00 0.000000e+00 9.927983e+09 
16050 0.000000e+00 0.000000e+00 9.933606e+09 
16051 0.000000e+00 0.000000e+00 1.019055e+10 
16052 0.000000e+00 0.000000e+00 1.061522e+10 
16053 0.000000e+00 0.000000e+00 1.068528e+10 
16054 0.000000e+00 0.000000e+00 1.066331e+10 
16055 0.000000e+00 0.000000e+00 1.010482e+10 
16056 0.000000e+00 0.000000e+00 1.006438e+10 
16057 0.000000e+00 0.000000e+00 1.018103e+10 
16058 0.000000e+00 0.000000e+00 1.033333e+10 
16059 0.000000e+00 0.000000e+00 1.049934e+10 
16060 0.000000e+00 0.000000e+00 1.053248e+10 
16061 0.000000e+00 0.000000e+00 1.065836e+10 
16062 0.000000e+00 0.000000e+00 1.066580e+10 
16063 0.000000e+00 0.000000e+00 1.075439e+10 
16064 0.000000e+00 0.000000e+00 9.976709e+09 
16065 0.000000e+00 0.000000e+00 9.933191e+09 
16066 0.000000e+00 0.000000e+00 9.927751e+09 
16067 0.000000e+00 0.000000e+00 9.926684e+09 
16068 0.000000e+00 0.000000e+00 9.927494e+09 
16069 0.000000e+00 0.000000e+00 9.926519e+09 
16070 0.000000e+00 0.000000e+00 9.932445e+09 
16071 0.000000e+00 0.000000e+00 9.985654e+09 
16072 0.000000e+00 0.000000e+00 1.041444e+10 
16073 0.000000e+00 0.000000e+00 1.055791e+10 
16074 0.000000e+00 0.000000e+00 1.066381e+10 
16075 0.000000e+00 0.000000e+00 1.064178e+10 
16076 0.000000e+00 0.000000e+00 9.972632e+09 
16077 0.000000e+00 0.000000e+00 9.930881e+09 
16078 0.000000e+00 0.000000e+00 9.927048e+09 
16079 0.000000e+00 0.000000e+00 9.926957e+09 
16080 0.000000e+00 0.000000e+00 9.926770e+09 
16081 0.000000e+00 0.000000e+00 9.927997e+09 
16082 0.000000e+00 0.000000e+00 9.927614e+09 
16083 0.000000e+00 0.000000e+00 9.967850e+09 
16084 0.000000e+00 0.000000e+00 1.019293e+10 
16085 0.000000e+00 0.000000e+00 1.047531e+10 
16086 0.000000e+00 0.000000e+00 1.058849e+10 
16087 0.000000e+00 0.000000e+00 1.068717e+10 
16088 0.000000e+00 0.000000e+00 1.067891e+10 
16089 0.000000e+00 0.000000e+00 9.959784e+09 
16090 0.000000e+00 0.000000e+00 9.928317e+09 
16091 0.000000e+00 0.000000e+00 9.926936e+09 
16092 0.000000e+00 0.000000e+00 9.927139e+09 
16093 0.000000e+00 0.000000e+00 9.926882e+09 
16094 0.000000e+00 0.000000e+00 9.928151e+09 
16095 0.000000e+00 0.000000e+00 9.929655e+09 
16096 0.000000e+00 0.000000e+00 1.007999e+10 
16097 0.000000e+00 0.000000e+00 1.049393e+10 
16098 0.000000e+00 0.000000e+00 1.062712e+10 
16099 0.000000e+00 0.000000e+00 1.066252e+10 
16100 0.000000e+00 0.000000e+00 1.070438e+10 
16101 0.000000e+00 0.000000e+00 9.981976e+09 
16102 0.000000e+00 0.000000e+00 9.938618e+09 
16103 0.000000e+00 0.000000e+00 9.927451e+09 
16104 0.000000e+00 0.000000e+00 9.929276e+09 
16105 0.000000e+00 0.000000e+00 9.926739e+09 
16106 0.000000e+00 0.000000e+00 9.931458e+09 
16107 0.000000e+00 0.000000e+00 9.930746e+09 
16108 0.000000e+00 0.000000e+00 1.006997e+10 
16109 0.000000e+00 0.000000e+00 1.046232e+10 
16110 0.000000e+00 0.000000e+00 1.066642e+10 
16111 0.000000e+00 0.000000e+00 1.064259e+10 
16112 0.000000e+00 0.000000e+00 1.071972e+10 
16113 0.000000e+00 0.000000e+00 1.006599e+10 
16114 0.000000e+00 0.000000e+00 1.005618e+10 
16115 0.000000e+00 0.000000e+00 1.011158e+10 
16116 0.000000e+00 0.000000e+00 1.032041e+10 
16117 0.000000e+00 0.000000e+00 1.040555e+10 
16118 0.000000e+00 0.000000e+00 1.057281e+10 
16119 0.000000e+00 0.000000e+00 1.058961e+10 
16120 0.000000e+00 0.000000e+00 1.069061e+10 
16121 0.000000e+00 0.000000e+00 1.066030e+10 
16122 0.000000e+00 0.000000e+00 1.012643e+10 
16123 0.000000e+00 0.000000e+00 1.008733e+10 
16124 0.000000e+00 0.000000e+00 1.023817e+10 
16125 0.000000e+00 0.000000e+00 1.037054e+10 
16126 0.000000e+00 0.000000e+00 1.051408e+10 
16127 0.000000e+00 0.000000e+00 1.052678e+10 
16128 0.000000e+00 0.000000e+00 1.067802e+10 
16129 0.000000e+00 0.000000e+00 1.063038e+10 
16130 0.000000e+00 0.000000e+00 1.074916e+10 
16131 0.000000e+00 0.000000e+00 9.971828e+09 
16132 0.000000e+00 0.000000e+00 9.931280e+09 
16133 0.000000e+00 0.000000e+00 9.927523e+09 
16134 0.000000e+00 0.000000e+00 9.927833e+09 
16135 0.000000e+00 0.000000e+00 9.927237e+09 
16136 0.000000e+00 0.000000e+00 9.926775e+09 
16137 0.000000e+00 0.000000e+00 9.930789e+09 
16138 0.000000e+00 0.000000e+00 9.981999e+09 
16139 0.000000e+00 0.000000e+00 1.046755e+10 
16140 0.000000e+00 0.000000e+00 1.057633e+10 
16141 0.000000e+00 0.000000e+00 1.068913e+10 
16142 0.000000e+00 0.000000e+00 1.066859e+10 
16143 0.000000e+00 0.000000e+00 1.053262e+10 
16144 0.000000e+00 0.000000e+00 1.053903e+10 
16145 0.000000e+00 0.000000e+00 1.066606e+10 
16146 0.000000e+00 0.000000e+00 1.064570e+10 
16147 0.000000e+00 0.000000e+00 1.044126e+10 
16148 0.000000e+00 0.000000e+00 1.046082e+10 
16149 0.000000e+00 0.000000e+00 1.056656e+10 
16150 0.000000e+00 0.000000e+00 1.060884e+10 
16151 0.000000e+00 0.000000e+00 1.069255e+10 
16152 0.000000e+00 0.000000e+00 1.067789e+10 
16153 0.000000e+00 0.000000e+00 9.957287e+09 
16154 0.000000e+00 0.000000e+00 9.928191e+09 
16155 0.000000e+00 0.000000e+00 9.926684e+09 
16156 0.000000e+00 0.000000e+00 9.927425e+09 
16157 0.000000e+00 0.000000e+00 9.926731e+09 
16158 0.000000e+00 0.000000e+00 9.929389e+09 
16159 0.000000e+00 0.000000e+00 9.937569e+09 
16160 0.000000e+00 0.000000e+00 1.017452e+10 
16161 0.000000e+00 0.000000e+00 1.054431e+10 
16162 0.000000e+00 0.000000e+00 1.061404e+10 
16163 0.000000e+00 0.000000e+00 1.063060e+10 
16164 0.000000e+00 0.000000e+00 1.070472e+10 
16165 0.000000e+00 0.000000e+00 1.009509e+10 
16166 0.000000e+00 0.000000e+00 1.010232e+10 
16167 0.000000e+00 0.000000e+00 1.019287e+10 
16168 0.000000e+00 0.000000e+00 1.037688e+10 
16169 0.000000e+00 0.000000e+00 1.048478e+10 
16170 0.000000e+00 0.000000e+00 1.057418e+10 
16171 0.000000e+00 0.000000e+00 1.059069e+10 
16172 0.000000e+00 0.000000e+00 1.069883e+10 
16173 0.000000e+00 0.000000e+00 1.067726e+10 
16174 0.000000e+00 0.000000e+00 9.960000e+09 
16175 0.000000e+00 0.000000e+00 9.928134e+09 
16176 0.000000e+00 0.000000e+00 9.927305e+09 
16177 0.000000e+00 0.000000e+00 9.926985e+09 
16178 0.000000e+00 0.000000e+00 9.927878e+09 
16179 0.000000e+00 0.000000e+00 9.927377e+09 
16180 0.000000e+00 0.000000e+00 9.934653e+09 
16181 0.000000e+00 0.000000e+00 1.004337e+10 
16182 0.000000e+00 0.000000e+00 1.052084e+10 
16183 0.000000e+00 0.000000e+00 1.062349e+10 
16184 0.000000e+00 0.000000e+00 1.063467e+10 
16185 0.000000e+00 0.000000e+00 1.069418e+10 
16186 0.000000e+00 0.000000e+00 1.011894e+10 
16187 0.000000e+00 0.000000e+00 1.009626e+10 
16188 0.000000e+00 0.000000e+00 1.018694e+10 
16189 0.000000e+00 0.000000e+00 1.033947e+10 
16190 0.000000e+00 0.000000e+00 1.046361e+10 
16191 0.000000e+00 0.000000e+00 1.057240e+10 
16192 0.000000e+00 0.000000e+00 1.059884e+10 
16193 0.000000e+00 0.000000e+00 1.064850e+10 
16194 0.000000e+00 0.000000e+00 1.071667e+10 
16195 0.000000e+00 0.000000e+00 9.962957e+09 
16196 0.000000e+00 0.000000e+00 9.928208e+09 
16197 0.000000e+00 0.000000e+00 9.926812e+09 
16198 0.000000e+00 0.000000e+00 9.927562e+09 
16199 0.000000e+00 0.000000e+00 9.927000e+09 
16200 0.000000e+00 0.000000e+00 9.927703e+09 
16201 0.000000e+00 0.000000e+00 9.927268e+09 
16202 0.000000e+00 0.000000e+00 9.982342e+09 
16203 0.000000e+00 0.000000e+00 1.043434e+10 
16204 0.000000e+00 0.000000e+00 1.061860e+10 
16205 0.000000e+00 0.000000e+00 1.062716e+10 
16206 0.000000e+00 0.000000e+00 1.075160e+10 
16207 0.000000e+00 0.000000e+00 1.009543e+10 
16208 0.000000e+00 0.000000e+00 1.011497e+10 
16209 0.000000e+00 0.000000e+00 1.021605e+10 
16210 0.000000e+00 0.000000e+00 1.037195e+10 
16211 0.000000e+00 0.000000e+00 1.047374e+10 
16212 0.000000e+00 0.000000e+00 1.061967e+10 
16213 0.000000e+00 0.000000e+00 1.060528e+10 
16214 0.000000e+00 0.000000e+00 1.071541e+10 
16215 0.000000e+00 0.000000e+00 1.068256e+10 
16216 0.000000e+00 0.000000e+00 9.959634e+09 
16217 0.000000e+00 0.000000e+00 9.927938e+09 
16218 0.000000e+00 0.000000e+00 9.930215e+09 
16219 0.000000e+00 0.000000e+00 9.926903e+09 
16220 0.000000e+00 0.000000e+00 9.929085e+09 
16221 0.000000e+00 0.000000e+00 9.927872e+09 
16222 0.000000e+00 0.000000e+00 9.958069e+09 
16223 0.000000e+00 0.000000e+00 1.021249e+10 
16224 0.000000e+00 0.000000e+00 1.056909e+10 
16225 0.000000e+00 0.000000e+00 1.059112e+10 
16226 0.000000e+00 0.000000e+00 1.071653e+10 
16227 0.000000e+00 0.000000e+00 1.064340e+10 
16228 0.000000e+00 0.000000e+00 9.968282e+09 
16229 0.000000e+00 0.000000e+00 9.930073e+09 
16230 0.000000e+00 0.000000e+00 9.926815e+09 
16231 0.000000e+00 0.000000e+00 9.927036e+09 
16232 0.000000e+00 0.000000e+00 9.927235e+09 
16233 0.000000e+00 0.000000e+00 9.926915e+09 
16234 0.000000e+00 0.000000e+00 9.927436e+09 
16235 0.000000e+00 0.000000e+00 9.929529e+09 
16236 0.000000e+00 0.000000e+00 1.007095e+10 
16237 0.000000e+00 0.000000e+00 1.052569e+10 
16238 0.000000e+00 0.000000e+00 1.065821e+10 
16239 0.000000e+00 0.000000e+00 1.068288e+10 
16240 0.000000e+00 0.000000e+00 9.989302e+09 
16241 0.000000e+00 0.000000e+00 9.934969e+09 
16242 0.000000e+00 0.000000e+00 9.927475e+09 
16243 0.000000e+00 0.000000e+00 9.926832e+09 
16244 0.000000e+00 0.000000e+00 9.927294e+09 
16245 0.000000e+00 0.000000e+00 9.927134e+09 
16246 0.000000e+00 0.000000e+00 9.927632e+09 
16247 0.000000e+00 0.000000e+00 9.927954e+09 
16248 0.000000e+00 0.000000e+00 1.003056e+10 
16249 0.000000e+00 0.000000e+00 1.039530e+10 
16250 0.000000e+00 0.000000e+00 1.062091e+10 
16251 0.000000e+00 0.000000e+00 1.062575e+10 
16252 0.000000e+00 0.000000e+00 1.073202e+10 
16253 0.000000e+00 0.000000e+00 9.976745e+09 
16254 0.000000e+00 0.000000e+00 9.934887e+09 
16255 0.000000e+00 0.000000e+00 9.927074e+09 
16256 0.000000e+00 0.000000e+00 9.927017e+09 
16257 0.000000e+00 0.000000e+00 9.926819e+09 
16258 0.000000e+00 0.000000e+00 9.927169e+09 
16259 0.000000e+00 0.000000e+00 9.928334e+09 
16260 0.000000e+00 0.000000e+00 9.975651e+09 
16261 0.000000e+00 0.000000e+00 1.034458e+10 
16262 0.000000e+00 0.000000e+00 1.060618e+10 
16263 0.000000e+00 0.000000e+00 1.066374e+10 
16264 0.000000e+00 0.000000e+00 1.071409e+10 
16265 0.000000e+00 0.000000e+00 9.981241e+09 
16266 0.000000e+00 0.000000e+00 9.932046e+09 
16267 0.000000e+00 0.000000e+00 9.926763e+09 
16268 0.000000e+00 0.000000e+00 9.926827e+09 
16269 0.000000e+00 0.000000e+00 9.928024e+09 
16270 0.000000e+00 0.000000e+00 9.926538e+09 
16271 0.000000e+00 0.000000e+00 9.932056e+09 
16272 0.000000e+00 0.000000e+00 9.951825e+09 
16273 0.000000e+00 0.000000e+00 1.027366e+10 
16274 0.000000e+00 0.000000e+00 1.054170e+10 
16275 0.000000e+00 0.000000e+00 1.066134e+10 
16276 0.000000e+00 0.000000e+00 1.063623e+10 
16277 0.000000e+00 0.000000e+00 1.050107e+10 
16278 0.000000e+00 0.000000e+00 1.046373e+10 
16279 0.000000e+00 0.000000e+00 1.058936e+10 
16280 0.000000e+00 0.000000e+00 1.061711e+10 
16281 0.000000e+00 0.000000e+00 1.070985e+10 
16282 0.000000e+00 0.000000e+00 1.045483e+10 
16283 0.000000e+00 0.000000e+00 1.054750e+10 
16284 0.000000e+00 0.000000e+00 1.058133e+10 
16285 0.000000e+00 0.000000e+00 1.066631e+10 
16286 0.000000e+00 0.000000e+00 1.067539e+10 
16287 0.000000e+00 0.000000e+00 1.009434e+10 
16288 0.000000e+00 0.000000e+00 1.005730e+10 
16289 0.000000e+00 0.000000e+00 1.016435e+10 
16290 0.000000e+00 0.000000e+00 1.030077e+10 
16291 0.000000e+00 0.000000e+00 1.048994e+10 
16292 0.000000e+00 0.000000e+00 1.054433e+10 
16293 0.000000e+00 0.000000e+00 1.063823e+10 
16294 0.000000e+00 0.000000e+00 1.062303e+10 
16295 0.000000e+00 0.000000e+00 1.071744e+10 
16296 0.000000e+00 0.000000e+00 9.978138e+09 
16297 0.000000e+00 0.000000e+00 9.934047e+09 
16298 0.000000e+00 0.000000e+00 9.927095e+09 
16299 0.000000e+00 0.000000e+00 9.927250e+09 
16300 0.000000e+00 0.000000e+00 9.927530e+09 
16301 0.000000e+00 0.000000e+00 9.927544e+09 
16302 0.000000e+00 0.000000e+00 9.927473e+09 
16303 0.000000e+00 0.000000e+00 9.937933e+09 
16304 0.000000e+00 0.000000e+00 1.018568e+10 
16305 0.000000e+00 0.000000e+00 1.061551e+10 
16306 0.000000e+00 0.000000e+00 1.061446e+10 
16307 0.000000e+00 0.000000e+00 1.068736e+10 
16308 0.000000e+00 0.000000e+00 1.006848e+10 
16309 0.000000e+00 0.000000e+00 1.006043e+10 
16310 0.000000e+00 0.000000e+00 1.016648e+10 
16311 0.000000e+00 0.000000e+00 1.030624e+10 
16312 0.000000e+00 0.000000e+00 1.046122e+10 
16313 0.000000e+00 0.000000e+00 1.052307e+10 
16314 0.000000e+00 0.000000e+00 1.059427e+10 
16315 0.000000e+00 0.000000e+00 1.066011e+10 
16316 0.000000e+00 0.000000e+00 1.070346e+10 
16317 0.000000e+00 0.000000e+00 9.976631e+09 
16318 0.000000e+00 0.000000e+00 9.934128e+09 
16319 0.000000e+00 0.000000e+00 9.929491e+09 
16320 0.000000e+00 0.000000e+00 9.928478e+09 
16321 0.000000e+00 0.000000e+00 9.929250e+09 
16322 0.000000e+00 0.000000e+00 9.929798e+09 
16323 0.000000e+00 0.000000e+00 9.949901e+09 
16324 0.000000e+00 0.000000e+00 1.004507e+10 
16325 0.000000e+00 0.000000e+00 1.045740e+10 
16326 0.000000e+00 0.000000e+00 1.056663e+10 
16327 0.000000e+00 0.000000e+00 1.065456e+10 
16328 0.000000e+00 0.000000e+00 1.065840e+10 
16329 0.000000e+00 0.000000e+00 1.072758e+10 
16330 0.000000e+00 0.000000e+00 9.964890e+09 
16331 0.000000e+00 0.000000e+00 9.931283e+09 
16332 0.000000e+00 0.000000e+00 9.927140e+09 
16333 0.000000e+00 0.000000e+00 9.928275e+09 
16334 0.000000e+00 0.000000e+00 9.927368e+09 
16335 0.000000e+00 0.000000e+00 9.930534e+09 
16336 0.000000e+00 0.000000e+00 9.945555e+09 
16337 0.000000e+00 0.000000e+00 1.024731e+10 
16338 0.000000e+00 0.000000e+00 1.059804e+10 
16339 0.000000e+00 0.000000e+00 1.063145e+10 
16340 0.000000e+00 0.000000e+00 1.062330e+10 
16341 0.000000e+00 0.000000e+00 1.073160e+10 
16342 0.000000e+00 0.000000e+00 9.970874e+09 
16343 0.000000e+00 0.000000e+00 9.932255e+09 
16344 0.000000e+00 0.000000e+00 9.926538e+09 
16345 0.000000e+00 0.000000e+00 9.927256e+09 
16346 0.000000e+00 0.000000e+00 9.926439e+09 
16347 0.000000e+00 0.000000e+00 9.928401e+09 
16348 0.000000e+00 0.000000e+00 9.942502e+09 
16349 0.000000e+00 0.000000e+00 1.008832e+10 
16350 0.000000e+00 0.000000e+00 1.033107e+10 
16351 0.000000e+00 0.000000e+00 1.051090e+10 
16352 0.000000e+00 0.000000e+00 1.064568e+10 
16353 0.000000e+00 0.000000e+00 1.070951e+10 
16354 0.000000e+00 0.000000e+00 9.982951e+09 
16355 0.000000e+00 0.000000e+00 9.937184e+09 
16356 0.000000e+00 0.000000e+00 9.927126e+09 
16357 0.000000e+00 0.000000e+00 9.926822e+09 
16358 0.000000e+00 0.000000e+00 9.927217e+09 
16359 0.000000e+00 0.000000e+00 9.926991e+09 
16360 0.000000e+00 0.000000e+00 9.928783e+09 
16361 0.000000e+00 0.000000e+00 9.947873e+09 
16362 0.000000e+00 0.000000e+00 1.023471e+10 
16363 0.000000e+00 0.000000e+00 1.061055e+10 
16364 0.000000e+00 0.000000e+00 1.063345e+10 
16365 0.000000e+00 0.000000e+00 1.065287e+10 
16366 0.000000e+00 0.000000e+00 1.069643e+10 
16367 0.000000e+00 0.000000e+00 9.970071e+09 
16368 0.000000e+00 0.000000e+00 9.932919e+09 
16369 0.000000e+00 0.000000e+00 9.926717e+09 
16370 0.000000e+00 0.000000e+00 9.927082e+09 
16371 0.000000e+00 0.000000e+00 9.926842e+09 
16372 0.000000e+00 0.000000e+00 9.928069e+09 
16373 0.000000e+00 0.000000e+00 9.935941e+09 
16374 0.000000e+00 0.000000e+00 1.007157e+10 
16375 0.000000e+00 0.000000e+00 1.036536e+10 
16376 0.000000e+00 0.000000e+00 1.062200e+10 
16377 0.000000e+00 0.000000e+00 1.064715e+10 
16378 0.000000e+00 0.000000e+00 1.071122e+10 
16379 0.000000e+00 0.000000e+00 9.976580e+09 
16380 0.000000e+00 0.000000e+00 9.933861e+09 
16381 0.000000e+00 0.000000e+00 9.927503e+09 
16382 0.000000e+00 0.000000e+00 9.927101e+09 
16383 0.000000e+00 0.000000e+00 9.926680e+09 
16384 0.000000e+00 0.000000e+00 9.927644e+09 
16385 0.000000e+00 0.000000e+00 9.927073e+09 
16386 0.000000e+00 0.000000e+00 9.980665e+09 
16387 0.000000e+00 0.000000e+00 1.034415e+10 
16388 0.000000e+00 0.000000e+00 1.062142e+10 
16389 0.000000e+00 0.000000e+00 1.061425e+10 
16390 0.000000e+00 0.000000e+00 1.070309e+10 
16391 0.000000e+00 0.000000e+00 1.006299e+10 
16392 0.000000e+00 0.000000e+00 1.005932e+10 
16393 0.000000e+00 0.000000e+00 1.011641e+10 
16394 0.000000e+00 0.000000e+00 1.032305e+10 
16395 0.000000e+00 0.000000e+00 1.041922e+10 
16396 0.000000e+00 0.000000e+00 1.056537e+10 
16397 0.000000e+00 0.000000e+00 1.059917e+10 
16398 0.000000e+00 0.000000e+00 1.070316e+10 
16399 0.000000e+00 0.000000e+00 1.066556e+10 
16400 0.000000e+00 0.000000e+00 9.966428e+09 
16401 0.000000e+00 0.000000e+00 9.929515e+09 
16402 0.000000e+00 0.000000e+00 9.927635e+09 
16403 0.000000e+00 0.000000e+00 9.927125e+09 
16404 0.000000e+00 0.000000e+00 9.927402e+09 
16405 0.000000e+00 0.000000e+00 9.926766e+09 
16406 0.000000e+00 0.000000e+00 9.929008e+09 
16407 0.000000e+00 0.000000e+00 9.939678e+09 
16408 0.000000e+00 0.000000e+00 1.023358e+10 
16409 0.000000e+00 0.000000e+00 1.043764e+10 
16410 0.000000e+00 0.000000e+00 1.065016e+10 
16411 0.000000e+00 0.000000e+00 1.066354e+10 
16412 0.000000e+00 0.000000e+00 9.978621e+09 
16413 0.000000e+00 0.000000e+00 9.932209e+09 
16414 0.000000e+00 0.000000e+00 9.926581e+09 
16415 0.000000e+00 0.000000e+00 9.926895e+09 
16416 0.000000e+00 0.000000e+00 9.927305e+09 
16417 0.000000e+00 0.000000e+00 9.926907e+09 
16418 0.000000e+00 0.000000e+00 9.927518e+09 
16419 0.000000e+00 0.000000e+00 9.928771e+09 
16420 0.000000e+00 0.000000e+00 1.005407e+10 
16421 0.000000e+00 0.000000e+00 1.047696e+10 
16422 0.000000e+00 0.000000e+00 1.064975e+10 
16423 0.000000e+00 0.000000e+00 1.065568e+10 
16424 0.000000e+00 0.000000e+00 1.071330e+10 
16425 0.000000e+00 0.000000e+00 9.972406e+09 
16426 0.000000e+00 0.000000e+00 9.931859e+09 
16427 0.000000e+00 0.000000e+00 9.927041e+09 
16428 0.000000e+00 0.000000e+00 9.926916e+09 
16429 0.000000e+00 0.000000e+00 9.926848e+09 
16430 0.000000e+00 0.000000e+00 9.927364e+09 
16431 0.000000e+00 0.000000e+00 9.928925e+09 
16432 0.000000e+00 0.000000e+00 9.989484e+09 
16433 0.000000e+00 0.000000e+00 1.025342e+10 
16434 0.000000e+00 0.000000e+00 1.054304e+10 
16435 0.000000e+00 0.000000e+00 1.065720e+10 
16436 0.000000e+00 0.000000e+00 1.069632e+10 
16437 0.000000e+00 0.000000e+00 1.009311e+10 
16438 0.000000e+00 0.000000e+00 1.007281e+10 
16439 0.000000e+00 0.000000e+00 1.019039e+10 
16440 0.000000e+00 0.000000e+00 1.036095e+10 
16441 0.000000e+00 0.000000e+00 1.045148e+10 
16442 0.000000e+00 0.000000e+00 1.055005e+10 
16443 0.000000e+00 0.000000e+00 1.059920e+10 
16444 0.000000e+00 0.000000e+00 1.069550e+10 
16445 0.000000e+00 0.000000e+00 1.068752e+10 
16446 0.000000e+00 0.000000e+00 9.970342e+09 
16447 0.000000e+00 0.000000e+00 9.932688e+09 
16448 0.000000e+00 0.000000e+00 9.926889e+09 
16449 0.000000e+00 0.000000e+00 9.926989e+09 
16450 0.000000e+00 0.000000e+00 9.927649e+09 
16451 0.000000e+00 0.000000e+00 9.926921e+09 
16452 0.000000e+00 0.000000e+00 9.941520e+09 
16453 0.000000e+00 0.000000e+00 1.010692e+10 
16454 0.000000e+00 0.000000e+00 1.055095e+10 
16455 0.000000e+00 0.000000e+00 1.060709e+10 
16456 0.000000e+00 0.000000e+00 1.066673e+10 
16457 0.000000e+00 0.000000e+00 1.066460e+10 
16458 0.000000e+00 0.000000e+00 1.010653e+10 
16459 0.000000e+00 0.000000e+00 1.007934e+10 
16460 0.000000e+00 0.000000e+00 1.020910e+10 
16461 0.000000e+00 0.000000e+00 1.032767e+10 
16462 0.000000e+00 0.000000e+00 1.051137e+10 
16463 0.000000e+00 0.000000e+00 1.054204e+10 
16464 0.000000e+00 0.000000e+00 1.066247e+10 
16465 0.000000e+00 0.000000e+00 1.062802e+10 
16466 0.000000e+00 0.000000e+00 1.075361e+10 
16467 0.000000e+00 0.000000e+00 9.975562e+09 
16468 0.000000e+00 0.000000e+00 9.932719e+09 
16469 0.000000e+00 0.000000e+00 9.929941e+09 
16470 0.000000e+00 0.000000e+00 9.926932e+09 
16471 0.000000e+00 0.000000e+00 9.928833e+09 
16472 0.000000e+00 0.000000e+00 9.928428e+09 
16473 0.000000e+00 0.000000e+00 9.934636e+09 
16474 0.000000e+00 0.000000e+00 9.961960e+09 
16475 0.000000e+00 0.000000e+00 1.024473e+10 
16476 0.000000e+00 0.000000e+00 1.057790e+10 
16477 0.000000e+00 0.000000e+00 1.064245e+10 
16478 0.000000e+00 0.000000e+00 1.071408e+10 
16479 0.000000e+00 0.000000e+00 1.066487e+10 
16480 0.000000e+00 0.000000e+00 9.951158e+09 
16481 0.000000e+00 0.000000e+00 9.928283e+09 
16482 0.000000e+00 0.000000e+00 9.927799e+09 
16483 0.000000e+00 0.000000e+00 9.927514e+09 
16484 0.000000e+00 0.000000e+00 9.928662e+09 
16485 0.000000e+00 0.000000e+00 9.940490e+09 
16486 0.000000e+00 0.000000e+00 1.003807e+10 
16487 0.000000e+00 0.000000e+00 1.024365e+10 
16488 0.000000e+00 0.000000e+00 1.048778e+10 
16489 0.000000e+00 0.000000e+00 1.054249e+10 
16490 0.000000e+00 0.000000e+00 1.064415e+10 
16491 0.000000e+00 0.000000e+00 1.005809e+10 
16492 0.000000e+00 0.000000e+00 1.002805e+10 
16493 0.000000e+00 0.000000e+00 1.011036e+10 
16494 0.000000e+00 0.000000e+00 1.024957e+10 
16495 0.000000e+00 0.000000e+00 1.044683e+10 
16496 0.000000e+00 0.000000e+00 1.051836e+10 
16497 0.000000e+00 0.000000e+00 1.061919e+10 
16498 0.000000e+00 0.000000e+00 1.065692e+10 
16499 0.000000e+00 0.000000e+00 1.070249e+10 
16500 0.000000e+00 0.000000e+00 1.071352e+10 
16501 0.000000e+00 0.000000e+00 9.956702e+09 
16502 0.000000e+00 0.000000e+00 9.929671e+09 
16503 0.000000e+00 0.000000e+00 9.930855e+09 
16504 0.000000e+00 0.000000e+00 9.928882e+09 
16505 0.000000e+00 0.000000e+00 9.934921e+09 
16506 0.000000e+00 0.000000e+00 9.961347e+09 
16507 0.000000e+00 0.000000e+00 1.014651e+10 
16508 0.000000e+00 0.000000e+00 1.043533e+10 
16509 0.000000e+00 0.000000e+00 1.058828e+10 
16510 0.000000e+00 0.000000e+00 1.062389e+10 
16511 0.000000e+00 0.000000e+00 1.066959e+10 
16512 0.000000e+00 0.000000e+00 1.070071e+10 
16513 0.000000e+00 0.000000e+00 9.968548e+09 
16514 0.000000e+00 0.000000e+00 9.932092e+09 
16515 0.000000e+00 0.000000e+00 9.926961e+09 
16516 0.000000e+00 0.000000e+00 9.927634e+09 
16517 0.000000e+00 0.000000e+00 9.927200e+09 
16518 0.000000e+00 0.000000e+00 9.929018e+09 
16519 0.000000e+00 0.000000e+00 9.931437e+09 
16520 0.000000e+00 0.000000e+00 1.007683e+10 
16521 0.000000e+00 0.000000e+00 1.051145e+10 
16522 0.000000e+00 0.000000e+00 1.060957e+10 
16523 0.000000e+00 0.000000e+00 1.066644e+10 
16524 0.000000e+00 0.000000e+00 1.069584e+10 
16525 0.000000e+00 0.000000e+00 1.010598e+10 
16526 0.000000e+00 0.000000e+00 1.010655e+10 
16527 0.000000e+00 0.000000e+00 1.022720e+10 
16528 0.000000e+00 0.000000e+00 1.041006e+10 
16529 0.000000e+00 0.000000e+00 1.045763e+10 
16530 0.000000e+00 0.000000e+00 1.059009e+10 
16531 0.000000e+00 0.000000e+00 1.062463e+10 
16532 0.000000e+00 0.000000e+00 1.068849e+10 
16533 0.000000e+00 0.000000e+00 1.046088e+10 
16534 0.000000e+00 0.000000e+00 1.055837e+10 
16535 0.000000e+00 0.000000e+00 1.055728e+10 
16536 0.000000e+00 0.000000e+00 1.066566e+10 
16537 0.000000e+00 0.000000e+00 1.066601e+10 
16538 0.000000e+00 0.000000e+00 1.073138e+10 
16539 0.000000e+00 0.000000e+00 9.965396e+09 
16540 0.000000e+00 0.000000e+00 9.929495e+09 
16541 0.000000e+00 0.000000e+00 9.926885e+09 
16542 0.000000e+00 0.000000e+00 9.926869e+09 
16543 0.000000e+00 0.000000e+00 9.927161e+09 
16544 0.000000e+00 0.000000e+00 9.928776e+09 
16545 0.000000e+00 0.000000e+00 9.955993e+09 
16546 0.000000e+00 0.000000e+00 1.028635e+10 
16547 0.000000e+00 0.000000e+00 1.055509e+10 
16548 0.000000e+00 0.000000e+00 1.061569e+10 
16549 0.000000e+00 0.000000e+00 1.066247e+10 
16550 0.000000e+00 0.000000e+00 1.044370e+10 
16551 0.000000e+00 0.000000e+00 1.046753e+10 
16552 0.000000e+00 0.000000e+00 1.055905e+10 
16553 0.000000e+00 0.000000e+00 1.063998e+10 
16554 0.000000e+00 0.000000e+00 1.069612e+10 
16555 0.000000e+00 0.000000e+00 1.048083e+10 
16556 0.000000e+00 0.000000e+00 1.050629e+10 
16557 0.000000e+00 0.000000e+00 1.058590e+10 
16558 0.000000e+00 0.000000e+00 1.065947e+10 
16559 0.000000e+00 0.000000e+00 1.067480e+10 
16560 0.000000e+00 0.000000e+00 1.047324e+10 
16561 0.000000e+00 0.000000e+00 1.050317e+10 
16562 0.000000e+00 0.000000e+00 1.061357e+10 
16563 0.000000e+00 0.000000e+00 1.062283e+10 
16564 0.000000e+00 0.000000e+00 1.067890e+10 
16565 0.000000e+00 0.000000e+00 1.008917e+10 
16566 0.000000e+00 0.000000e+00 1.005818e+10 
16567 0.000000e+00 0.000000e+00 1.017229e+10 
16568 0.000000e+00 0.000000e+00 1.034613e+10 
16569 0.000000e+00 0.000000e+00 1.045836e+10 
16570 0.000000e+00 0.000000e+00 1.057687e+10 
16571 0.000000e+00 0.000000e+00 1.060367e+10 
16572 0.000000e+00 0.000000e+00 1.065990e+10 
16573 0.000000e+00 0.000000e+00 1.071322e+10 
16574 0.000000e+00 0.000000e+00 9.968237e+09 
16575 0.000000e+00 0.000000e+00 9.930673e+09 
16576 0.000000e+00 0.000000e+00 9.927156e+09 
16577 0.000000e+00 0.000000e+00 9.927142e+09 
16578 0.000000e+00 0.000000e+00 9.926616e+09 
16579 0.000000e+00 0.000000e+00 9.928810e+09 
16580 0.000000e+00 0.000000e+00 9.930355e+09 
16581 0.000000e+00 0.000000e+00 1.006481e+10 
16582 0.000000e+00 0.000000e+00 1.044686e+10 
16583 0.000000e+00 0.000000e+00 1.063624e+10 
16584 0.000000e+00 0.000000e+00 1.063010e+10 
16585 0.000000e+00 0.000000e+00 1.073591e+10 
16586 0.000000e+00 0.000000e+00 9.992775e+09 
16587 0.000000e+00 0.000000e+00 9.937648e+09 
16588 0.000000e+00 0.000000e+00 9.928598e+09 
16589 0.000000e+00 0.000000e+00 9.926759e+09 
16590 0.000000e+00 0.000000e+00 9.927564e+09 
16591 0.000000e+00 0.000000e+00 9.927079e+09 
16592 0.000000e+00 0.000000e+00 9.937587e+09 
16593 0.000000e+00 0.000000e+00 1.000579e+10 
16594 0.000000e+00 0.000000e+00 1.033310e+10 
16595 0.000000e+00 0.000000e+00 1.055732e+10 
16596 0.000000e+00 0.000000e+00 1.064857e+10 
16597 0.000000e+00 0.000000e+00 1.063178e+10 
16598 0.000000e+00 0.000000e+00 1.075111e+10 
16599 0.000000e+00 0.000000e+00 9.971586e+09 
16600 0.000000e+00 0.000000e+00 9.932230e+09 
16601 0.000000e+00 0.000000e+00 9.927384e+09 
16602 0.000000e+00 0.000000e+00 9.927366e+09 
16603 0.000000e+00 0.000000e+00 9.926993e+09 
16604 0.000000e+00 0.000000e+00 9.928341e+09 
16605 0.000000e+00 0.000000e+00 9.938166e+09 
16606 0.000000e+00 0.000000e+00 1.007833e+10 
16607 0.000000e+00 0.000000e+00 1.048239e+10 
16608 0.000000e+00 0.000000e+00 1.063289e+10 
16609 0.000000e+00 0.000000e+00 1.061781e+10 
16610 0.000000e+00 0.000000e+00 1.072914e+10 
16611 0.000000e+00 0.000000e+00 9.984783e+09 
16612 0.000000e+00 0.000000e+00 9.936477e+09 
16613 0.000000e+00 0.000000e+00 9.927457e+09 
16614 0.000000e+00 0.000000e+00 9.927324e+09 
16615 0.000000e+00 0.000000e+00 9.927353e+09 
16616 0.000000e+00 0.000000e+00 9.927671e+09 
16617 0.000000e+00 0.000000e+00 9.927160e+09 
16618 0.000000e+00 0.000000e+00 9.938901e+09 
16619 0.000000e+00 0.000000e+00 1.010215e+10 
16620 0.000000e+00 0.000000e+00 1.044824e+10 
16621 0.000000e+00 0.000000e+00 1.046991e+10 
16622 0.000000e+00 0.000000e+00 1.065631e+10 
16623 0.000000e+00 0.000000e+00 1.006381e+10 
16624 0.000000e+00 0.000000e+00 1.004573e+10 
16625 0.000000e+00 0.000000e+00 1.013806e+10 
16626 0.000000e+00 0.000000e+00 1.030509e+10 
16627 0.000000e+00 0.000000e+00 1.042254e+10 
16628 0.000000e+00 0.000000e+00 1.056474e+10 
16629 0.000000e+00 0.000000e+00 1.060994e+10 
16630 0.000000e+00 0.000000e+00 1.065077e+10 
16631 0.000000e+00 0.000000e+00 1.069008e+10 
16632 0.000000e+00 0.000000e+00 1.011082e+10 
16633 0.000000e+00 0.000000e+00 1.009328e+10 
16634 0.000000e+00 0.000000e+00 1.019888e+10 
16635 0.000000e+00 0.000000e+00 1.035578e+10 
16636 0.000000e+00 0.000000e+00 1.051440e+10 
16637 0.000000e+00 0.000000e+00 1.056576e+10 
16638 0.000000e+00 0.000000e+00 1.063786e+10 
16639 0.000000e+00 0.000000e+00 1.065238e+10 
16640 0.000000e+00 0.000000e+00 1.070687e+10 
16641 0.000000e+00 0.000000e+00 9.968405e+09 
16642 0.000000e+00 0.000000e+00 9.930855e+09 
16643 0.000000e+00 0.000000e+00 9.927764e+09 
16644 0.000000e+00 0.000000e+00 9.926779e+09 
16645 0.000000e+00 0.000000e+00 9.929387e+09 
16646 0.000000e+00 0.000000e+00 9.928268e+09 
16647 0.000000e+00 0.000000e+00 9.977775e+09 
16648 0.000000e+00 0.000000e+00 1.026207e+10 
16649 0.000000e+00 0.000000e+00 1.057776e+10 
16650 0.000000e+00 0.000000e+00 1.057643e+10 
16651 0.000000e+00 0.000000e+00 1.071028e+10 
16652 0.000000e+00 0.000000e+00 1.069073e+10 
16653 0.000000e+00 0.000000e+00 1.012629e+10 
16654 0.000000e+00 0.000000e+00 1.008787e+10 
16655 0.000000e+00 0.000000e+00 1.025373e+10 
16656 0.000000e+00 0.000000e+00 1.035228e+10 
16657 0.000000e+00 0.000000e+00 1.053126e+10 
16658 0.000000e+00 0.000000e+00 1.052426e+10 
16659 0.000000e+00 0.000000e+00 1.064047e+10 
16660 0.000000e+00 0.000000e+00 1.067379e+10 
16661 0.000000e+00 0.000000e+00 1.075368e+10 
16662 0.000000e+00 0.000000e+00 9.969125e+09 
16663 0.000000e+00 0.000000e+00 9.932787e+09 
16664 0.000000e+00 0.000000e+00 9.926971e+09 
16665 0.000000e+00 0.000000e+00 9.926767e+09 
16666 0.000000e+00 0.000000e+00 9.926913e+09 
16667 0.000000e+00 0.000000e+00 9.927921e+09 
16668 0.000000e+00 0.000000e+00 9.927466e+09 
16669 0.000000e+00 0.000000e+00 9.979613e+09 
16670 0.000000e+00 0.000000e+00 1.041173e+10 
16671 0.000000e+00 0.000000e+00 1.062179e+10 
16672 0.000000e+00 0.000000e+00 1.063676e+10 
16673 0.000000e+00 0.000000e+00 1.072417e+10 
16674 0.000000e+00 0.000000e+00 9.984389e+09 
16675 0.000000e+00 0.000000e+00 9.935766e+09 
16676 0.000000e+00 0.000000e+00 9.927075e+09 
16677 0.000000e+00 0.000000e+00 9.927247e+09 
16678 0.000000e+00 0.000000e+00 9.928217e+09 
16679 0.000000e+00 0.000000e+00 9.926854e+09 
16680 0.000000e+00 0.000000e+00 9.934584e+09 
16681 0.000000e+00 0.000000e+00 9.994369e+09 
16682 0.000000e+00 0.000000e+00 1.040565e+10 
16683 0.000000e+00 0.000000e+00 1.055944e+10 
16684 0.000000e+00 0.000000e+00 1.066851e+10 
16685 0.000000e+00 0.000000e+00 1.066253e+10 
16686 0.000000e+00 0.000000e+00 9.984644e+09 
16687 0.000000e+00 0.000000e+00 9.934720e+09 
16688 0.000000e+00 0.000000e+00 9.927728e+09 
16689 0.000000e+00 0.000000e+00 9.926742e+09 
16690 0.000000e+00 0.000000e+00 9.927912e+09 
16691 0.000000e+00 0.000000e+00 9.927744e+09 
16692 0.000000e+00 0.000000e+00 9.927891e+09 
16693 0.000000e+00 0.000000e+00 9.936606e+09 
16694 0.000000e+00 0.000000e+00 1.003959e+10 
16695 0.000000e+00 0.000000e+00 1.056231e+10 
16696 0.000000e+00 0.000000e+00 1.059527e+10 
16697 0.000000e+00 0.000000e+00 1.068551e+10 
16698 0.000000e+00 0.000000e+00 1.067431e+10 
16699 0.000000e+00 0.000000e+00 9.965534e+09 
16700 0.000000e+00 0.000000e+00 9.929056e+09 
16701 0.000000e+00 0.000000e+00 9.926896e+09 
16702 0.000000e+00 0.000000e+00 9.927162e+09 
16703 0.000000e+00 0.000000e+00 9.926829e+09 
16704 0.000000e+00 0.000000e+00 9.928776e+09 
16705 0.000000e+00 0.000000e+00 9.931502e+09 
16706 0.000000e+00 0.000000e+00 1.003729e+10 
16707 0.000000e+00 0.000000e+00 1.044050e+10 
16708 0.000000e+00 0.000000e+00 1.061722e+10 
16709 0.000000e+00 0.000000e+00 1.063308e+10 
16710 0.000000e+00 0.000000e+00 1.069789e+10 
16711 0.000000e+00 0.000000e+00 1.007411e+10 
16712 0.000000e+00 0.000000e+00 1.008788e+10 
16713 0.000000e+00 0.000000e+00 1.016661e+10 
16714 0.000000e+00 0.000000e+00 1.034348e+10 
16715 0.000000e+00 0.000000e+00 1.043281e+10 
16716 0.000000e+00 0.000000e+00 1.056277e+10 
16717 0.000000e+00 0.000000e+00 1.061518e+10 
16718 0.000000e+00 0.000000e+00 1.069223e+10 
16719 0.000000e+00 0.000000e+00 1.067813e+10 
16720 0.000000e+00 0.000000e+00 9.964287e+09 
16721 0.000000e+00 0.000000e+00 9.929311e+09 
16722 0.000000e+00 0.000000e+00 9.927071e+09 
16723 0.000000e+00 0.000000e+00 9.927815e+09 
16724 0.000000e+00 0.000000e+00 9.926968e+09 
16725 0.000000e+00 0.000000e+00 9.928739e+09 
16726 0.000000e+00 0.000000e+00 9.933488e+09 
16727 0.000000e+00 0.000000e+00 1.002511e+10 
16728 0.000000e+00 0.000000e+00 1.033780e+10 
16729 0.000000e+00 0.000000e+00 1.059048e+10 
16730 0.000000e+00 0.000000e+00 1.062300e+10 
16731 0.000000e+00 0.000000e+00 1.068701e+10 
16732 0.000000e+00 0.000000e+00 9.992884e+09 
16733 0.000000e+00 0.000000e+00 9.938952e+09 
16734 0.000000e+00 0.000000e+00 9.927838e+09 
16735 0.000000e+00 0.000000e+00 9.926677e+09 
16736 0.000000e+00 0.000000e+00 9.926959e+09 
16737 0.000000e+00 0.000000e+00 9.927019e+09 
16738 0.000000e+00 0.000000e+00 9.927063e+09 
16739 0.000000e+00 0.000000e+00 9.927891e+09 
16740 0.000000e+00 0.000000e+00 9.953712e+09 
16741 0.000000e+00 0.000000e+00 1.022331e+10 
16742 0.000000e+00 0.000000e+00 1.045885e+10 
16743 0.000000e+00 0.000000e+00 1.069823e+10 
16744 0.000000e+00 0.000000e+00 1.069139e+10 
16745 0.000000e+00 0.000000e+00 9.966000e+09 
16746 0.000000e+00 0.000000e+00 9.929919e+09 
16747 0.000000e+00 0.000000e+00 9.927840e+09 
16748 0.000000e+00 0.000000e+00 9.927646e+09 
16749 0.000000e+00 0.000000e+00 9.926677e+09 
16750 0.000000e+00 0.000000e+00 9.928352e+09 
16751 0.000000e+00 0.000000e+00 9.928361e+09 
16752 0.000000e+00 0.000000e+00 1.000506e+10 
16753 0.000000e+00 0.000000e+00 1.035308e+10 
16754 0.000000e+00 0.000000e+00 1.060682e+10 
16755 0.000000e+00 0.000000e+00 1.064365e+10 
16756 0.000000e+00 0.000000e+00 1.072727e+10 
16757 0.000000e+00 0.000000e+00 1.009251e+10 
16758 0.000000e+00 0.000000e+00 1.010059e+10 
16759 0.000000e+00 0.000000e+00 1.018819e+10 
16760 0.000000e+00 0.000000e+00 1.040291e+10 
16761 0.000000e+00 0.000000e+00 1.048439e+10 
16762 0.000000e+00 0.000000e+00 1.057256e+10 
16763 0.000000e+00 0.000000e+00 1.061394e+10 
16764 0.000000e+00 0.000000e+00 1.071899e+10 
16765 0.000000e+00 0.000000e+00 1.069084e+10 
16766 0.000000e+00 0.000000e+00 9.960827e+09 
16767 0.000000e+00 0.000000e+00 9.928448e+09 
16768 0.000000e+00 0.000000e+00 9.926767e+09 
16769 0.000000e+00 0.000000e+00 9.927261e+09 
16770 0.000000e+00 0.000000e+00 9.926698e+09 
16771 0.000000e+00 0.000000e+00 9.927825e+09 
16772 0.000000e+00 0.000000e+00 9.933630e+09 
16773 0.000000e+00 0.000000e+00 1.012186e+10 
16774 0.000000e+00 0.000000e+00 1.051564e+10 
16775 0.000000e+00 0.000000e+00 1.063334e+10 
16776 0.000000e+00 0.000000e+00 1.060633e+10 
16777 0.000000e+00 0.000000e+00 1.071992e+10 
16778 0.000000e+00 0.000000e+00 9.986263e+09 
16779 0.000000e+00 0.000000e+00 9.934451e+09 
16780 0.000000e+00 0.000000e+00 9.927982e+09 
16781 0.000000e+00 0.000000e+00 9.926715e+09 
16782 0.000000e+00 0.000000e+00 9.927523e+09 
16783 0.000000e+00 0.000000e+00 9.926788e+09 
16784 0.000000e+00 0.000000e+00 9.935403e+09 
16785 0.000000e+00 0.000000e+00 9.996195e+09 
16786 0.000000e+00 0.000000e+00 1.040298e+10 
16787 0.000000e+00 0.000000e+00 1.055116e+10 
16788 0.000000e+00 0.000000e+00 1.065190e+10 
16789 0.000000e+00 0.000000e+00 1.064866e+10 
16790 0.000000e+00 0.000000e+00 9.982020e+09 
16791 0.000000e+00 0.000000e+00 9.933196e+09 
16792 0.000000e+00 0.000000e+00 9.926847e+09 
16793 0.000000e+00 0.000000e+00 9.927196e+09 
16794 0.000000e+00 0.000000e+00 9.927075e+09 
16795 0.000000e+00 0.000000e+00 9.927446e+09 
16796 0.000000e+00 0.000000e+00 9.926571e+09 
16797 0.000000e+00 0.000000e+00 9.931547e+09 
16798 0.000000e+00 0.000000e+00 9.992097e+09 
16799 0.000000e+00 0.000000e+00 1.049288e+10 
16800 0.000000e+00 0.000000e+00 1.061387e+10 
16801 0.000000e+00 0.000000e+00 1.066892e+10 
16802 0.000000e+00 0.000000e+00 1.069782e+10 
16803 0.000000e+00 0.000000e+00 9.970044e+09 
16804 0.000000e+00 0.000000e+00 9.929578e+09 
16805 0.000000e+00 0.000000e+00 9.927265e+09 
16806 0.000000e+00 0.000000e+00 9.927070e+09 
16807 0.000000e+00 0.000000e+00 9.927310e+09 
16808 0.000000e+00 0.000000e+00 9.927222e+09 
16809 0.000000e+00 0.000000e+00 9.928446e+09 
16810 0.000000e+00 0.000000e+00 9.941351e+09 
16811 0.000000e+00 0.000000e+00 1.015110e+10 
16812 0.000000e+00 0.000000e+00 1.038339e+10 
16813 0.000000e+00 0.000000e+00 1.065407e+10 
16814 0.000000e+00 0.000000e+00 1.070086e+10 
16815 0.000000e+00 0.000000e+00 1.048410e+10 
16816 0.000000e+00 0.000000e+00 1.051114e+10 
16817 0.000000e+00 0.000000e+00 1.058993e+10 
16818 0.000000e+00 0.000000e+00 1.063701e+10 
16819 0.000000e+00 0.000000e+00 1.066800e+10 
16820 0.000000e+00 0.000000e+00 9.973971e+09 
16821 0.000000e+00 0.000000e+00 9.932063e+09 
16822 0.000000e+00 0.000000e+00 9.926828e+09 
16823 0.000000e+00 0.000000e+00 9.926917e+09 
16824 0.000000e+00 0.000000e+00 9.927149e+09 
16825 0.000000e+00 0.000000e+00 9.926879e+09 
16826 0.000000e+00 0.000000e+00 9.926769e+09 
16827 0.000000e+00 0.000000e+00 9.930113e+09 
16828 0.000000e+00 0.000000e+00 1.000087e+10 
16829 0.000000e+00 0.000000e+00 1.056238e+10 
16830 0.000000e+00 0.000000e+00 1.060692e+10 
16831 0.000000e+00 0.000000e+00 1.071117e+10 
16832 0.000000e+00 0.000000e+00 1.066107e+10 
16833 0.000000e+00 0.000000e+00 9.957209e+09 
16834 0.000000e+00 0.000000e+00 9.927922e+09 
16835 0.000000e+00 0.000000e+00 9.927388e+09 
16836 0.000000e+00 0.000000e+00 9.927008e+09 
16837 0.000000e+00 0.000000e+00 9.927732e+09 
16838 0.000000e+00 0.000000e+00 9.929696e+09 
16839 0.000000e+00 0.000000e+00 9.958668e+09 
16840 0.000000e+00 0.000000e+00 1.014373e+10 
16841 0.000000e+00 0.000000e+00 1.050690e+10 
16842 0.000000e+00 0.000000e+00 1.057664e+10 
16843 0.000000e+00 0.000000e+00 1.070812e+10 
16844 0.000000e+00 0.000000e+00 1.064662e+10 
16845 0.000000e+00 0.000000e+00 9.965063e+09 
16846 0.000000e+00 0.000000e+00 9.929314e+09 
16847 0.000000e+00 0.000000e+00 9.927645e+09 
16848 0.000000e+00 0.000000e+00 9.927118e+09 
16849 0.000000e+00 0.000000e+00 9.927830e+09 
16850 0.000000e+00 0.000000e+00 9.926581e+09 
16851 0.000000e+00 0.000000e+00 9.936880e+09 
16852 0.000000e+00 0.000000e+00 1.005811e+10 
16853 0.000000e+00 0.000000e+00 1.056673e+10 
16854 0.000000e+00 0.000000e+00 1.058740e+10 
16855 0.000000e+00 0.000000e+00 1.068785e+10 
16856 0.000000e+00 0.000000e+00 1.064179e+10 
16857 0.000000e+00 0.000000e+00 1.008964e+10 
16858 0.000000e+00 0.000000e+00 1.005944e+10 
16859 0.000000e+00 0.000000e+00 1.018452e+10 
16860 0.000000e+00 0.000000e+00 1.032139e+10 
16861 0.000000e+00 0.000000e+00 1.046408e+10 
16862 0.000000e+00 0.000000e+00 1.053957e+10 
16863 0.000000e+00 0.000000e+00 1.062149e+10 
16864 0.000000e+00 0.000000e+00 1.063106e+10 
16865 0.000000e+00 0.000000e+00 1.073298e+10 
16866 0.000000e+00 0.000000e+00 1.066905e+10 
16867 0.000000e+00 0.000000e+00 9.956755e+09 
16868 0.000000e+00 0.000000e+00 9.930181e+09 
16869 0.000000e+00 0.000000e+00 9.931357e+09 
16870 0.000000e+00 0.000000e+00 9.932730e+09 
16871 0.000000e+00 0.000000e+00 9.951604e+09 
16872 0.000000e+00 0.000000e+00 1.002712e+10 
16873 0.000000e+00 0.000000e+00 1.017264e+10 
16874 0.000000e+00 0.000000e+00 1.021246e+10 
16875 0.000000e+00 0.000000e+00 1.056756e+10 
16876 0.000000e+00 0.000000e+00 1.063857e+10 
16877 0.000000e+00 0.000000e+00 1.065665e+10 
16878 0.000000e+00 0.000000e+00 1.072075e+10 
16879 0.000000e+00 0.000000e+00 9.964446e+09 
16880 0.000000e+00 0.000000e+00 9.930816e+09 
16881 0.000000e+00 0.000000e+00 9.926985e+09 
16882 0.000000e+00 0.000000e+00 9.927886e+09 
16883 0.000000e+00 0.000000e+00 9.927296e+09 
16884 0.000000e+00 0.000000e+00 9.938947e+09 
16885 0.000000e+00 0.000000e+00 1.003309e+10 
16886 0.000000e+00 0.000000e+00 1.041744e+10 
16887 0.000000e+00 0.000000e+00 1.052653e+10 
16888 0.000000e+00 0.000000e+00 1.064925e+10 
16889 0.000000e+00 0.000000e+00 1.066402e+10 
16890 0.000000e+00 0.000000e+00 1.068320e+10 
16891 0.000000e+00 0.000000e+00 9.972652e+09 
16892 0.000000e+00 0.000000e+00 9.933240e+09 
16893 0.000000e+00 0.000000e+00 9.927017e+09 
16894 0.000000e+00 0.000000e+00 9.927211e+09 
16895 0.000000e+00 0.000000e+00 9.926959e+09 
16896 0.000000e+00 0.000000e+00 9.927261e+09 
16897 0.000000e+00 0.000000e+00 9.930557e+09 
16898 0.000000e+00 0.000000e+00 1.003095e+10 
16899 0.000000e+00 0.000000e+00 1.045140e+10 
16900 0.000000e+00 0.000000e+00 1.061500e+10 
16901 0.000000e+00 0.000000e+00 1.063242e+10 
16902 0.000000e+00 0.000000e+00 1.069167e+10 
16903 0.000000e+00 0.000000e+00 9.983237e+09 
16904 0.000000e+00 0.000000e+00 9.935315e+09 
16905 0.000000e+00 0.000000e+00 9.929010e+09 
16906 0.000000e+00 0.000000e+00 9.927155e+09 
16907 0.000000e+00 0.000000e+00 9.926892e+09 
16908 0.000000e+00 0.000000e+00 9.927203e+09 
16909 0.000000e+00 0.000000e+00 9.927505e+09 
16910 0.000000e+00 0.000000e+00 9.936314e+09 
16911 0.000000e+00 0.000000e+00 1.015962e+10 
16912 0.000000e+00 0.000000e+00 1.057721e+10 
16913 0.000000e+00 0.000000e+00 1.062636e+10 
16914 0.000000e+00 0.000000e+00 1.066779e+10 
16915 0.000000e+00 0.000000e+00 1.067099e+10 
16916 0.000000e+00 0.000000e+00 1.015134e+10 
16917 0.000000e+00 0.000000e+00 1.016064e+10 
16918 0.000000e+00 0.000000e+00 1.028736e+10 
16919 0.000000e+00 0.000000e+00 1.044233e+10 
16920 0.000000e+00 0.000000e+00 1.050896e+10 
16921 0.000000e+00 0.000000e+00 1.058654e+10 
16922 0.000000e+00 0.000000e+00 1.063899e+10 
16923 0.000000e+00 0.000000e+00 1.069619e+10 
16924 0.000000e+00 0.000000e+00 1.048863e+10 
16925 0.000000e+00 0.000000e+00 1.057237e+10 
16926 0.000000e+00 0.000000e+00 1.060103e+10 
16927 0.000000e+00 0.000000e+00 1.063370e+10 
16928 0.000000e+00 0.000000e+00 1.066271e+10 
16929 0.000000e+00 0.000000e+00 1.011450e+10 
16930 0.000000e+00 0.000000e+00 1.010109e+10 
16931 0.000000e+00 0.000000e+00 1.020465e+10 
16932 0.000000e+00 0.000000e+00 1.035144e+10 
16933 0.000000e+00 0.000000e+00 1.049524e+10 
16934 0.000000e+00 0.000000e+00 1.056230e+10 
16935 0.000000e+00 0.000000e+00 1.064186e+10 
16936 0.000000e+00 0.000000e+00 1.067656e+10 
16937 0.000000e+00 0.000000e+00 1.004907e+10 
16938 0.000000e+00 0.000000e+00 1.005057e+10 
16939 0.000000e+00 0.000000e+00 1.010212e+10 
16940 0.000000e+00 0.000000e+00 1.029749e+10 
16941 0.000000e+00 0.000000e+00 1.043734e+10 
16942 0.000000e+00 0.000000e+00 1.052568e+10 
16943 0.000000e+00 0.000000e+00 1.060401e+10 
16944 0.000000e+00 0.000000e+00 1.062528e+10 
16945 0.000000e+00 0.000000e+00 1.069439e+10 
16946 0.000000e+00 0.000000e+00 9.986110e+09 
16947 0.000000e+00 0.000000e+00 9.936387e+09 
16948 0.000000e+00 0.000000e+00 9.927293e+09 
16949 0.000000e+00 0.000000e+00 9.926680e+09 
16950 0.000000e+00 0.000000e+00 9.927631e+09 
16951 0.000000e+00 0.000000e+00 9.926768e+09 
16952 0.000000e+00 0.000000e+00 9.934989e+09 
16953 0.000000e+00 0.000000e+00 1.000991e+10 
16954 0.000000e+00 0.000000e+00 1.036996e+10 
16955 0.000000e+00 0.000000e+00 1.054978e+10 
16956 0.000000e+00 0.000000e+00 1.067407e+10 
16957 0.000000e+00 0.000000e+00 1.065168e+10 
16958 0.000000e+00 0.000000e+00 1.072325e+10 
16959 0.000000e+00 0.000000e+00 9.966819e+09 
16960 0.000000e+00 0.000000e+00 9.931135e+09 
16961 0.000000e+00 0.000000e+00 9.926840e+09 
16962 0.000000e+00 0.000000e+00 9.927268e+09 
16963 0.000000e+00 0.000000e+00 9.926957e+09 
16964 0.000000e+00 0.000000e+00 9.928838e+09 
16965 0.000000e+00 0.000000e+00 9.932366e+09 
16966 0.000000e+00 0.000000e+00 1.008006e+10 
16967 0.000000e+00 0.000000e+00 1.053985e+10 
16968 0.000000e+00 0.000000e+00 1.061965e+10 
16969 0.000000e+00 0.000000e+00 1.062046e+10 
16970 0.000000e+00 0.000000e+00 1.071946e+10 
16971 0.000000e+00 0.000000e+00 9.979107e+09 
16972 0.000000e+00 0.000000e+00 9.934817e+09 
16973 0.000000e+00 0.000000e+00 9.927551e+09 
16974 0.000000e+00 0.000000e+00 9.927318e+09 
16975 0.000000e+00 0.000000e+00 9.927182e+09 
16976 0.000000e+00 0.000000e+00 9.927989e+09 
16977 0.000000e+00 0.000000e+00 9.927694e+09 
16978 0.000000e+00 0.000000e+00 9.939852e+09 
16979 0.000000e+00 0.000000e+00 1.009438e+10 
16980 0.000000e+00 0.000000e+00 1.061439e+10 
16981 0.000000e+00 0.000000e+00 1.063638e+10 
16982 0.000000e+00 0.000000e+00 1.068671e+10 
16983 0.000000e+00 0.000000e+00 1.070310e+10 
16984 0.000000e+00 0.000000e+00 9.958012e+09 
16985 0.000000e+00 0.000000e+00 9.927948e+09 
16986 0.000000e+00 0.000000e+00 9.927304e+09 
16987 0.000000e+00 0.000000e+00 9.926980e+09 
16988 0.000000e+00 0.000000e+00 9.927490e+09 
16989 0.000000e+00 0.000000e+00 9.929508e+09 
16990 0.000000e+00 0.000000e+00 9.953605e+09 
16991 0.000000e+00 0.000000e+00 1.011602e+10 
16992 0.000000e+00 0.000000e+00 1.056563e+10 
16993 0.000000e+00 0.000000e+00 1.064481e+10 
16994 0.000000e+00 0.000000e+00 1.065540e+10 
16995 0.000000e+00 0.000000e+00 1.068358e+10 
16996 0.000000e+00 0.000000e+00 9.973450e+09 
16997 0.000000e+00 0.000000e+00 9.933215e+09 
16998 0.000000e+00 0.000000e+00 9.926666e+09 
16999 0.000000e+00 0.000000e+00 9.927575e+09 
17000 0.000000e+00 0.000000e+00 9.927014e+09 
17001 0.000000e+00 0.000000e+00 9.928356e+09 
17002 0.000000e+00 0.000000e+00 9.929948e+09 
17003 0.000000e+00 0.000000e+00 1.002571e+10 
17004 0.000000e+00 0.000000e+00 1.034970e+10 
17005 0.000000e+00 0.000000e+00 1.060171e+10 
17006 0.000000e+00 0.000000e+00 1.063932e+10 
17007 0.000000e+00 0.000000e+00 1.069491e+10 
17008 0.000000e+00 0.000000e+00 1.050376e+10 
17009 0.000000e+00 0.000000e+00 1.053455e+10 
17010 0.000000e+00 0.000000e+00 1.061958e+10 
17011 0.000000e+00 0.000000e+00 1.069220e+10 
17012 0.000000e+00 0.000000e+00 1.001996e+10 
17013 0.000000e+00 0.000000e+00 9.996783e+09 
17014 0.000000e+00 0.000000e+00 1.003747e+10 
17015 0.000000e+00 0.000000e+00 1.015753e+10 
17016 0.000000e+00 0.000000e+00 1.030354e+10 
17017 0.000000e+00 0.000000e+00 1.051676e+10 
17018 0.000000e+00 0.000000e+00 1.052057e+10 
17019 0.000000e+00 0.000000e+00 1.063124e+10 
17020 0.000000e+00 0.000000e+00 1.063759e+10 
17021 0.000000e+00 0.000000e+00 1.072429e+10 
17022 0.000000e+00 0.000000e+00 9.969825e+09 
17023 0.000000e+00 0.000000e+00 9.930571e+09 
17024 0.000000e+00 0.000000e+00 9.927141e+09 
17025 0.000000e+00 0.000000e+00 9.926925e+09 
17026 0.000000e+00 0.000000e+00 9.927024e+09 
17027 0.000000e+00 0.000000e+00 9.927669e+09 
17028 0.000000e+00 0.000000e+00 9.931032e+09 
17029 0.000000e+00 0.000000e+00 1.000057e+10 
17030 0.000000e+00 0.000000e+00 1.032677e+10 
17031 0.000000e+00 0.000000e+00 1.066039e+10 
17032 0.000000e+00 0.000000e+00 1.064617e+10 
17033 0.000000e+00 0.000000e+00 1.071642e+10 
17034 0.000000e+00 0.000000e+00 1.009292e+10 
17035 0.000000e+00 0.000000e+00 1.009464e+10 
17036 0.000000e+00 0.000000e+00 1.019689e+10 
17037 0.000000e+00 0.000000e+00 1.040298e+10 
17038 0.000000e+00 0.000000e+00 1.046081e+10 
17039 0.000000e+00 0.000000e+00 1.057081e+10 
17040 0.000000e+00 0.000000e+00 1.061324e+10 
17041 0.000000e+00 0.000000e+00 1.070609e+10 
17042 0.000000e+00 0.000000e+00 1.068337e+10 
17043 0.000000e+00 0.000000e+00 9.958766e+09 
17044 0.000000e+00 0.000000e+00 9.930073e+09 
17045 0.000000e+00 0.000000e+00 9.927203e+09 
17046 0.000000e+00 0.000000e+00 9.927605e+09 
17047 0.000000e+00 0.000000e+00 9.927351e+09 
17048 0.000000e+00 0.000000e+00 9.930455e+09 
17049 0.000000e+00 0.000000e+00 9.953643e+09 
17050 0.000000e+00 0.000000e+00 1.020516e+10 
17051 0.000000e+00 0.000000e+00 1.053420e+10 
17052 0.000000e+00 0.000000e+00 1.061357e+10 
17053 0.000000e+00 0.000000e+00 1.063951e+10 
17054 0.000000e+00 0.000000e+00 1.070569e+10 
17055 0.000000e+00 0.000000e+00 1.009416e+10 
17056 0.000000e+00 0.000000e+00 1.010248e+10 
17057 0.000000e+00 0.000000e+00 1.019800e+10 
17058 0.000000e+00 0.000000e+00 1.041048e+10 
17059 0.000000e+00 0.000000e+00 1.050206e+10 
17060 0.000000e+00 0.000000e+00 1.061025e+10 
17061 0.000000e+00 0.000000e+00 1.062832e+10 
17062 0.000000e+00 0.000000e+00 1.069945e+10 
17063 0.000000e+00 0.000000e+00 1.046022e+10 
17064 0.000000e+00 0.000000e+00 1.051558e+10 
17065 0.000000e+00 0.000000e+00 1.054562e+10 
17066 0.000000e+00 0.000000e+00 1.065124e+10 
17067 0.000000e+00 0.000000e+00 1.066715e+10 
17068 0.000000e+00 0.000000e+00 1.072917e+10 
17069 0.000000e+00 0.000000e+00 9.966001e+09 
17070 0.000000e+00 0.000000e+00 9.930371e+09 
17071 0.000000e+00 0.000000e+00 9.926552e+09 
17072 0.000000e+00 0.000000e+00 9.926994e+09 
17073 0.000000e+00 0.000000e+00 9.926842e+09 
17074 0.000000e+00 0.000000e+00 9.928141e+09 
17075 0.000000e+00 0.000000e+00 9.938163e+09 
17076 0.000000e+00 0.000000e+00 1.013379e+10 
17077 0.000000e+00 0.000000e+00 1.055621e+10 
17078 0.000000e+00 0.000000e+00 1.064619e+10 
17079 0.000000e+00 0.000000e+00 1.067358e+10 
17080 0.000000e+00 0.000000e+00 1.046045e+10 
17081 0.000000e+00 0.000000e+00 1.048074e+10 
17082 0.000000e+00 0.000000e+00 1.059741e+10 
17083 0.000000e+00 0.000000e+00 1.063412e+10 
17084 0.000000e+00 0.000000e+00 1.071732e+10 
17085 0.000000e+00 0.000000e+00 1.068949e+10 
17086 0.000000e+00 0.000000e+00 9.964293e+09 
17087 0.000000e+00 0.000000e+00 9.929784e+09 
17088 0.000000e+00 0.000000e+00 9.927790e+09 
17089 0.000000e+00 0.000000e+00 9.927345e+09 
17090 0.000000e+00 0.000000e+00 9.927276e+09 
17091 0.000000e+00 0.000000e+00 9.927207e+09 
17092 0.000000e+00 0.000000e+00 9.928506e+09 
17093 0.000000e+00 0.000000e+00 9.975817e+09 
17094 0.000000e+00 0.000000e+00 1.051871e+10 
17095 0.000000e+00 0.000000e+00 1.058260e+10 
17096 0.000000e+00 0.000000e+00 1.067931e+10 
17097 0.000000e+00 0.000000e+00 1.066625e+10 
17098 0.000000e+00 0.000000e+00 9.970754e+09 
17099 0.000000e+00 0.000000e+00 9.931850e+09 
17100 0.000000e+00 0.000000e+00 9.926900e+09 
17101 0.000000e+00 0.000000e+00 9.927289e+09 
17102 0.000000e+00 0.000000e+00 9.926971e+09 
17103 0.000000e+00 0.000000e+00 9.927146e+09 
17104 0.000000e+00 0.000000e+00 9.926876e+09 
17105 0.000000e+00 0.000000e+00 9.933266e+09 
17106 0.000000e+00 0.000000e+00 1.005234e+10 
17107 0.000000e+00 0.000000e+00 1.062087e+10 
17108 0.000000e+00 0.000000e+00 1.061464e+10 
17109 0.000000e+00 0.000000e+00 1.071037e+10 
17110 0.000000e+00 0.000000e+00 1.005484e+10 
17111 0.000000e+00 0.000000e+00 1.004966e+10 
17112 0.000000e+00 0.000000e+00 1.012701e+10 
17113 0.000000e+00 0.000000e+00 1.030270e+10 
17114 0.000000e+00 0.000000e+00 1.044003e+10 
17115 0.000000e+00 0.000000e+00 1.055114e+10 
17116 0.000000e+00 0.000000e+00 1.057287e+10 
17117 0.000000e+00 0.000000e+00 1.068289e+10 
17118 0.000000e+00 0.000000e+00 1.068145e+10 
17119 0.000000e+00 0.000000e+00 1.011549e+10 
17120 0.000000e+00 0.000000e+00 1.008448e+10 
17121 0.000000e+00 0.000000e+00 1.021665e+10 
17122 0.000000e+00 0.000000e+00 1.037497e+10 
17123 0.000000e+00 0.000000e+00 1.053131e+10 
17124 0.000000e+00 0.000000e+00 1.057959e+10 
17125 0.000000e+00 0.000000e+00 1.063691e+10 
17126 0.000000e+00 0.000000e+00 1.069059e+10 
17127 0.000000e+00 0.000000e+00 1.072163e+10 
17128 0.000000e+00 0.000000e+00 9.972579e+09 
17129 0.000000e+00 0.000000e+00 9.931181e+09 
17130 0.000000e+00 0.000000e+00 9.926719e+09 
17131 0.000000e+00 0.000000e+00 9.926916e+09 
17132 0.000000e+00 0.000000e+00 9.927008e+09 
17133 0.000000e+00 0.000000e+00 9.927206e+09 
17134 0.000000e+00 0.000000e+00 9.927659e+09 
17135 0.000000e+00 0.000000e+00 9.958168e+09 
17136 0.000000e+00 0.000000e+00 1.032643e+10 
17137 0.000000e+00 0.000000e+00 1.063708e+10 
17138 0.000000e+00 0.000000e+00 1.063580e+10 
17139 0.000000e+00 0.000000e+00 1.073097e+10 
17140 0.000000e+00 0.000000e+00 1.009270e+10 
17141 0.000000e+00 0.000000e+00 1.011311e+10 
17142 0.000000e+00 0.000000e+00 1.021552e+10 
17143 0.000000e+00 0.000000e+00 1.039817e+10 
17144 0.000000e+00 0.000000e+00 1.045889e+10 
17145 0.000000e+00 0.000000e+00 1.056926e+10 
17146 0.000000e+00 0.000000e+00 1.061278e+10 
17147 0.000000e+00 0.000000e+00 1.069340e+10 
17148 0.000000e+00 0.000000e+00 1.068202e+10 
17149 0.000000e+00 0.000000e+00 9.958058e+09 
17150 0.000000e+00 0.000000e+00 9.928285e+09 
17151 0.000000e+00 0.000000e+00 9.926820e+09 
17152 0.000000e+00 0.000000e+00 9.927267e+09 
17153 0.000000e+00 0.000000e+00 9.926697e+09 
17154 0.000000e+00 0.000000e+00 9.928676e+09 
17155 0.000000e+00 0.000000e+00 9.937737e+09 
17156 0.000000e+00 0.000000e+00 1.008456e+10 
17157 0.000000e+00 0.000000e+00 1.038789e+10 
17158 0.000000e+00 0.000000e+00 1.063845e+10 
17159 0.000000e+00 0.000000e+00 1.068389e+10 
17160 0.000000e+00 0.000000e+00 1.070925e+10 
17161 0.000000e+00 0.000000e+00 1.010869e+10 
17162 0.000000e+00 0.000000e+00 1.010679e+10 
17163 0.000000e+00 0.000000e+00 1.019626e+10 
17164 0.000000e+00 0.000000e+00 1.038473e+10 
17165 0.000000e+00 0.000000e+00 1.047485e+10 
17166 0.000000e+00 0.000000e+00 1.057855e+10 
17167 0.000000e+00 0.000000e+00 1.063077e+10 
17168 0.000000e+00 0.000000e+00 1.070795e+10 
17169 0.000000e+00 0.000000e+00 1.048146e+10 
17170 0.000000e+00 0.000000e+00 1.049748e+10 
17171 0.000000e+00 0.000000e+00 1.056486e+10 
17172 0.000000e+00 0.000000e+00 1.064567e+10 
17173 0.000000e+00 0.000000e+00 1.068777e+10 
17174 0.000000e+00 0.000000e+00 1.073275e+10 
17175 0.000000e+00 0.000000e+00 9.966637e+09 
17176 0.000000e+00 0.000000e+00 9.930471e+09 
17177 0.000000e+00 0.000000e+00 9.927547e+09 
17178 0.000000e+00 0.000000e+00 9.927517e+09 
17179 0.000000e+00 0.000000e+00 9.927159e+09 
17180 0.000000e+00 0.000000e+00 9.927213e+09 
17181 0.000000e+00 0.000000e+00 9.934320e+09 
17182 0.000000e+00 0.000000e+00 1.002203e+10 
17183 0.000000e+00 0.000000e+00 1.032650e+10 
17184 0.000000e+00 0.000000e+00 1.059069e+10 
17185 0.000000e+00 0.000000e+00 1.064779e+10 
17186 0.000000e+00 0.000000e+00 1.068144e+10 
17187 0.000000e+00 0.000000e+00 9.974403e+09 
17188 0.000000e+00 0.000000e+00 9.932285e+09 
17189 0.000000e+00 0.000000e+00 9.928915e+09 
17190 0.000000e+00 0.000000e+00 9.927277e+09 
17191 0.000000e+00 0.000000e+00 9.927426e+09 
17192 0.000000e+00 0.000000e+00 9.928581e+09 
17193 0.000000e+00 0.000000e+00 9.932058e+09 
17194 0.000000e+00 0.000000e+00 1.002079e+10 
17195 0.000000e+00 0.000000e+00 1.041678e+10 
17196 0.000000e+00 0.000000e+00 1.058749e+10 
17197 0.000000e+00 0.000000e+00 1.062254e+10 
17198 0.000000e+00 0.000000e+00 1.069450e+10 
17199 0.000000e+00 0.000000e+00 9.982948e+09 
17200 0.000000e+00 0.000000e+00 9.932852e+09 
17201 0.000000e+00 0.000000e+00 9.926881e+09 
17202 0.000000e+00 0.000000e+00 9.926900e+09 
17203 0.000000e+00 0.000000e+00 9.927087e+09 
17204 0.000000e+00 0.000000e+00 9.926845e+09 
17205 0.000000e+00 0.000000e+00 9.927230e+09 
17206 0.000000e+00 0.000000e+00 9.927592e+09 
17207 0.000000e+00 0.000000e+00 9.955559e+09 
17208 0.000000e+00 0.000000e+00 1.036983e+10 
17209 0.000000e+00 0.000000e+00 1.065765e+10 
17210 0.000000e+00 0.000000e+00 1.066150e+10 
17211 0.000000e+00 0.000000e+00 1.072945e+10 
17212 0.000000e+00 0.000000e+00 9.972292e+09 
17213 0.000000e+00 0.000000e+00 9.931936e+09 
17214 0.000000e+00 0.000000e+00 9.927329e+09 
17215 0.000000e+00 0.000000e+00 9.926705e+09 
17216 0.000000e+00 0.000000e+00 9.928535e+09 
17217 0.000000e+00 0.000000e+00 9.927493e+09 
17218 0.000000e+00 0.000000e+00 9.959582e+09 
17219 0.000000e+00 0.000000e+00 1.013178e+10 
17220 0.000000e+00 0.000000e+00 1.052845e+10 
17221 0.000000e+00 0.000000e+00 1.060800e+10 
17222 0.000000e+00 0.000000e+00 1.067684e+10 
17223 0.000000e+00 0.000000e+00 1.067156e+10 
17224 0.000000e+00 0.000000e+00 9.973085e+09 
17225 0.000000e+00 0.000000e+00 9.930169e+09 
17226 0.000000e+00 0.000000e+00 9.927504e+09 
17227 0.000000e+00 0.000000e+00 9.927017e+09 
17228 0.000000e+00 0.000000e+00 9.929019e+09 
17229 0.000000e+00 0.000000e+00 9.928114e+09 
17230 0.000000e+00 0.000000e+00 9.960180e+09 
17231 0.000000e+00 0.000000e+00 1.016461e+10 
17232 0.000000e+00 0.000000e+00 1.048729e+10 
17233 0.000000e+00 0.000000e+00 1.058048e+10 
17234 0.000000e+00 0.000000e+00 1.065275e+10 
17235 0.000000e+00 0.000000e+00 1.066715e+10 
17236 0.000000e+00 0.000000e+00 1.007912e+10 
17237 0.000000e+00 0.000000e+00 1.004799e+10 
17238 0.000000e+00 0.000000e+00 1.014175e+10 
17239 0.000000e+00 0.000000e+00 1.027110e+10 
17240 0.000000e+00 0.000000e+00 1.045177e+10 
17241 0.000000e+00 0.000000e+00 1.053750e+10 
17242 0.000000e+00 0.000000e+00 1.062897e+10 
17243 0.000000e+00 0.000000e+00 1.066216e+10 
17244 0.000000e+00 0.000000e+00 1.074352e+10 
17245 0.000000e+00 0.000000e+00 1.009091e+10 
17246 0.000000e+00 0.000000e+00 1.010149e+10 
17247 0.000000e+00 0.000000e+00 1.020102e+10 
17248 0.000000e+00 0.000000e+00 1.040646e+10 
17249 0.000000e+00 0.000000e+00 1.048414e+10 
17250 0.000000e+00 0.000000e+00 1.058388e+10 
17251 0.000000e+00 0.000000e+00 1.058880e+10 
17252 0.000000e+00 0.000000e+00 1.068182e+10 
17253 0.000000e+00 0.000000e+00 1.068243e+10 
17254 0.000000e+00 0.000000e+00 9.962304e+09 
17255 0.000000e+00 0.000000e+00 9.928448e+09 
17256 0.000000e+00 0.000000e+00 9.926932e+09 
17257 0.000000e+00 0.000000e+00 9.927099e+09 
17258 0.000000e+00 0.000000e+00 9.927043e+09 
17259 0.000000e+00 0.000000e+00 9.926807e+09 
17260 0.000000e+00 0.000000e+00 9.929200e+09 
17261 0.000000e+00 0.000000e+00 9.949500e+09 
17262 0.000000e+00 0.000000e+00 1.038636e+10 
17263 0.000000e+00 0.000000e+00 1.057188e+10 
17264 0.000000e+00 0.000000e+00 1.072384e+10 
17265 0.000000e+00 0.000000e+00 1.064654e+10 
17266 0.000000e+00 0.000000e+00 1.076195e+10 
17267 0.000000e+00 0.000000e+00 9.961313e+09 
17268 0.000000e+00 0.000000e+00 9.931713e+09 
17269 0.000000e+00 0.000000e+00 9.927775e+09 
17270 0.000000e+00 0.000000e+00 9.927849e+09 
17271 0.000000e+00 0.000000e+00 9.927723e+09 
17272 0.000000e+00 0.000000e+00 9.928073e+09 
17273 0.000000e+00 0.000000e+00 9.944402e+09 
17274 0.000000e+00 0.000000e+00 1.018621e+10 
17275 0.000000e+00 0.000000e+00 1.061320e+10 
17276 0.000000e+00 0.000000e+00 1.058885e+10 
17277 0.000000e+00 0.000000e+00 1.070517e+10 
17278 0.000000e+00 0.000000e+00 1.066958e+10 
17279 0.000000e+00 0.000000e+00 9.957494e+09 
17280 0.000000e+00 0.000000e+00 9.928934e+09 
17281 0.000000e+00 0.000000e+00 9.927230e+09 
17282 0.000000e+00 0.000000e+00 9.927218e+09 
17283 0.000000e+00 0.000000e+00 9.927908e+09 
17284 0.000000e+00 0.000000e+00 9.928083e+09 
17285 0.000000e+00 0.000000e+00 9.960907e+09 
17286 0.000000e+00 0.000000e+00 1.023643e+10 
17287 0.000000e+00 0.000000e+00 1.045801e+10 
17288 0.000000e+00 0.000000e+00 1.057144e+10 
17289 0.000000e+00 0.000000e+00 1.068947e+10 
17290 0.000000e+00 0.000000e+00 1.003456e+10 
17291 0.000000e+00 0.000000e+00 1.001003e+10 
17292 0.000000e+00 0.000000e+00 1.005483e+10 
17293 0.000000e+00 0.000000e+00 1.018622e+10 
17294 0.000000e+00 0.000000e+00 1.032216e+10 
17295 0.000000e+00 0.000000e+00 1.049245e+10 
17296 0.000000e+00 0.000000e+00 1.054424e+10 
17297 0.000000e+00 0.000000e+00 1.067140e+10 
17298 0.000000e+00 0.000000e+00 1.065135e+10 
17299 0.000000e+00 0.000000e+00 1.006568e+10 
17300 0.000000e+00 0.000000e+00 1.004342e+10 
17301 0.000000e+00 0.000000e+00 1.012112e+10 
17302 0.000000e+00 0.000000e+00 1.028315e+10 
17303 0.000000e+00 0.000000e+00 1.045760e+10 
17304 0.000000e+00 0.000000e+00 1.053243e+10 
17305 0.000000e+00 0.000000e+00 1.060134e+10 
17306 0.000000e+00 0.000000e+00 1.065885e+10 
17307 0.000000e+00 0.000000e+00 1.070436e+10 
17308 0.000000e+00 0.000000e+00 1.008788e+10 
17309 0.000000e+00 0.000000e+00 1.008293e+10 
17310 0.000000e+00 0.000000e+00 1.018469e+10 
17311 0.000000e+00 0.000000e+00 1.038515e+10 
17312 0.000000e+00 0.000000e+00 1.044118e+10 
17313 0.000000e+00 0.000000e+00 1.058509e+10 
17314 0.000000e+00 0.000000e+00 1.059955e+10 
17315 0.000000e+00 0.000000e+00 1.068117e+10 
17316 0.000000e+00 0.000000e+00 1.067583e+10 
17317 0.000000e+00 0.000000e+00 9.958791e+09 
17318 0.000000e+00 0.000000e+00 9.928590e+09 
17319 0.000000e+00 0.000000e+00 9.927413e+09 
17320 0.000000e+00 0.000000e+00 9.927235e+09 
17321 0.000000e+00 0.000000e+00 9.927995e+09 
17322 0.000000e+00 0.000000e+00 9.927053e+09 
17323 0.000000e+00 0.000000e+00 9.945752e+09 
17324 0.000000e+00 0.000000e+00 1.008223e+10 
17325 0.000000e+00 0.000000e+00 1.050985e+10 
17326 0.000000e+00 0.000000e+00 1.058487e+10 
17327 0.000000e+00 0.000000e+00 1.067987e+10 
17328 0.000000e+00 0.000000e+00 1.067464e+10 
17329 0.000000e+00 0.000000e+00 9.973256e+09 
17330 0.000000e+00 0.000000e+00 9.931625e+09 
17331 0.000000e+00 0.000000e+00 9.926890e+09 
17332 0.000000e+00 0.000000e+00 9.926997e+09 
17333 0.000000e+00 0.000000e+00 9.926794e+09 
17334 0.000000e+00 0.000000e+00 9.927376e+09 
17335 0.000000e+00 0.000000e+00 9.927067e+09 
17336 0.000000e+00 0.000000e+00 9.965290e+09 
17337 0.000000e+00 0.000000e+00 1.030554e+10 
17338 0.000000e+00 0.000000e+00 1.060956e+10 
17339 0.000000e+00 0.000000e+00 1.059080e+10 
17340 0.000000e+00 0.000000e+00 1.071433e+10 
17341 0.000000e+00 0.000000e+00 1.005869e+10 
17342 0.000000e+00 0.000000e+00 1.003939e+10 
17343 0.000000e+00 0.000000e+00 1.009684e+10 
17344 0.000000e+00 0.000000e+00 1.031835e+10 
17345 0.000000e+00 0.000000e+00 1.042856e+10 
17346 0.000000e+00 0.000000e+00 1.054658e+10 
17347 0.000000e+00 0.000000e+00 1.056181e+10 
17348 0.000000e+00 0.000000e+00 1.067936e+10 
17349 0.000000e+00 0.000000e+00 1.066345e+10 
17350 0.000000e+00 0.000000e+00 1.054675e+10 
17351 0.000000e+00 0.000000e+00 1.052869e+10 
17352 0.000000e+00 0.000000e+00 1.064674e+10 
17353 0.000000e+00 0.000000e+00 1.065141e+10 
17354 0.000000e+00 0.000000e+00 1.071931e+10 
17355 0.000000e+00 0.000000e+00 9.981675e+09 
17356 0.000000e+00 0.000000e+00 9.934944e+09 
17357 0.000000e+00 0.000000e+00 9.927486e+09 
17358 0.000000e+00 0.000000e+00 9.926822e+09 
17359 0.000000e+00 0.000000e+00 9.927258e+09 
17360 0.000000e+00 0.000000e+00 9.926863e+09 
17361 0.000000e+00 0.000000e+00 9.927801e+09 
17362 0.000000e+00 0.000000e+00 9.937079e+09 
17363 0.000000e+00 0.000000e+00 1.021451e+10 
17364 0.000000e+00 0.000000e+00 1.044277e+10 
17365 0.000000e+00 0.000000e+00 1.065045e+10 
17366 0.000000e+00 0.000000e+00 1.067310e+10 
17367 0.000000e+00 0.000000e+00 1.073284e+10 
17368 0.000000e+00 0.000000e+00 9.967305e+09 
17369 0.000000e+00 0.000000e+00 9.932025e+09 
17370 0.000000e+00 0.000000e+00 9.927603e+09 
17371 0.000000e+00 0.000000e+00 9.927562e+09 
17372 0.000000e+00 0.000000e+00 9.929741e+09 
17373 0.000000e+00 0.000000e+00 9.937075e+09 
17374 0.000000e+00 0.000000e+00 1.003001e+10 
17375 0.000000e+00 0.000000e+00 1.039818e+10 
17376 0.000000e+00 0.000000e+00 1.055532e+10 
17377 0.000000e+00 0.000000e+00 1.059095e+10 
17378 0.000000e+00 0.000000e+00 1.064271e+10 
17379 0.000000e+00 0.000000e+00 1.069878e+10 
17380 0.000000e+00 0.000000e+00 9.970053e+09 
17381 0.000000e+00 0.000000e+00 9.931254e+09 
17382 0.000000e+00 0.000000e+00 9.928262e+09 
17383 0.000000e+00 0.000000e+00 9.926867e+09 
17384 0.000000e+00 0.000000e+00 9.928540e+09 
17385 0.000000e+00 0.000000e+00 9.927007e+09 
17386 0.000000e+00 0.000000e+00 9.946038e+09 
17387 0.000000e+00 0.000000e+00 1.012242e+10 
17388 0.000000e+00 0.000000e+00 1.056794e+10 
17389 0.000000e+00 0.000000e+00 1.058772e+10 
17390 0.000000e+00 0.000000e+00 1.066527e+10 
17391 0.000000e+00 0.000000e+00 1.066723e+10 
17392 0.000000e+00 0.000000e+00 9.972904e+09 
17393 0.000000e+00 0.000000e+00 9.930945e+09 
17394 0.000000e+00 0.000000e+00 9.926724e+09 
17395 0.000000e+00 0.000000e+00 9.927175e+09 
17396 0.000000e+00 0.000000e+00 9.926909e+09 
17397 0.000000e+00 0.000000e+00 9.927078e+09 
17398 0.000000e+00 0.000000e+00 9.927198e+09 
17399 0.000000e+00 0.000000e+00 9.929776e+09 
17400 0.000000e+00 0.000000e+00 1.004316e+10 
17401 0.000000e+00 0.000000e+00 1.055819e+10 
17402 0.000000e+00 0.000000e+00 1.063587e+10 
17403 0.000000e+00 0.000000e+00 1.064696e+10 
17404 0.000000e+00 0.000000e+00 1.071051e+10 
17405 0.000000e+00 0.000000e+00 9.958976e+09 
17406 0.000000e+00 0.000000e+00 9.928337e+09 
17407 0.000000e+00 0.000000e+00 9.926965e+09 
17408 0.000000e+00 0.000000e+00 9.926847e+09 
17409 0.000000e+00 0.000000e+00 9.926935e+09 
17410 0.000000e+00 0.000000e+00 9.927264e+09 
17411 0.000000e+00 0.000000e+00 9.929181e+09 
17412 0.000000e+00 0.000000e+00 9.979072e+09 
17413 0.000000e+00 0.000000e+00 1.018062e+10 
17414 0.000000e+00 0.000000e+00 1.064470e+10 
17415 0.000000e+00 0.000000e+00 1.061785e+10 
17416 0.000000e+00 0.000000e+00 1.074482e+10 
17417 0.000000e+00 0.000000e+00 9.980644e+09 
17418 0.000000e+00 0.000000e+00 9.934279e+09 
17419 0.000000e+00 0.000000e+00 9.927407e+09 
17420 0.000000e+00 0.000000e+00 9.926852e+09 
17421 0.000000e+00 0.000000e+00 9.926865e+09 
17422 0.000000e+00 0.000000e+00 9.927027e+09 
17423 0.000000e+00 0.000000e+00 9.927980e+09 
17424 0.000000e+00 0.000000e+00 9.956093e+09 
17425 0.000000e+00 0.000000e+00 1.029956e+10 
17426 0.000000e+00 0.000000e+00 1.049899e+10 
17427 0.000000e+00 0.000000e+00 1.062062e+10 
17428 0.000000e+00 0.000000e+00 1.066367e+10 
17429 0.000000e+00 0.000000e+00 1.007416e+10 
17430 0.000000e+00 0.000000e+00 1.007550e+10 
17431 0.000000e+00 0.000000e+00 1.013686e+10 
17432 0.000000e+00 0.000000e+00 1.028916e+10 
17433 0.000000e+00 0.000000e+00 1.048038e+10 
17434 0.000000e+00 0.000000e+00 1.054304e+10 
17435 0.000000e+00 0.000000e+00 1.062862e+10 
17436 0.000000e+00 0.000000e+00 1.066192e+10 
17437 0.000000e+00 0.000000e+00 1.065643e+10 
17438 0.000000e+00 0.000000e+00 1.053963e+10 
17439 0.000000e+00 0.000000e+00 1.054952e+10 
17440 0.000000e+00 0.000000e+00 1.064079e+10 
17441 0.000000e+00 0.000000e+00 1.067046e+10 
17442 0.000000e+00 0.000000e+00 1.068922e+10 
17443 0.000000e+00 0.000000e+00 1.012856e+10 
17444 0.000000e+00 0.000000e+00 1.013813e+10 
17445 0.000000e+00 0.000000e+00 1.023918e+10 
17446 0.000000e+00 0.000000e+00 1.041004e+10 
17447 0.000000e+00 0.000000e+00 1.053876e+10 
17448 0.000000e+00 0.000000e+00 1.056955e+10 
17449 0.000000e+00 0.000000e+00 1.063273e+10 
17450 0.000000e+00 0.000000e+00 1.067685e+10 
17451 0.000000e+00 0.000000e+00 1.006514e+10 
17452 0.000000e+00 0.000000e+00 1.003896e+10 
17453 0.000000e+00 0.000000e+00 1.014190e+10 
17454 0.000000e+00 0.000000e+00 1.030539e+10 
17455 0.000000e+00 0.000000e+00 1.045360e+10 
17456 0.000000e+00 0.000000e+00 1.054484e+10 
17457 0.000000e+00 0.000000e+00 1.061885e+10 
17458 0.000000e+00 0.000000e+00 1.064302e+10 
17459 0.000000e+00 0.000000e+00 1.066947e+10 
17460 0.000000e+00 0.000000e+00 1.011961e+10 
17461 0.000000e+00 0.000000e+00 1.010074e+10 
17462 0.000000e+00 0.000000e+00 1.023440e+10 
17463 0.000000e+00 0.000000e+00 1.037570e+10 
17464 0.000000e+00 0.000000e+00 1.050117e+10 
17465 0.000000e+00 0.000000e+00 1.057664e+10 
17466 0.000000e+00 0.000000e+00 1.064293e+10 
17467 0.000000e+00 0.000000e+00 1.067991e+10 
17468 0.000000e+00 0.000000e+00 1.069674e+10 
17469 0.000000e+00 0.000000e+00 9.958040e+09 
17470 0.000000e+00 0.000000e+00 9.927579e+09 
17471 0.000000e+00 0.000000e+00 9.926842e+09 
17472 0.000000e+00 0.000000e+00 9.927250e+09 
17473 0.000000e+00 0.000000e+00 9.927466e+09 
17474 0.000000e+00 0.000000e+00 9.926563e+09 
17475 0.000000e+00 0.000000e+00 9.933609e+09 
17476 0.000000e+00 0.000000e+00 1.001046e+10 
17477 0.000000e+00 0.000000e+00 1.047011e+10 
17478 0.000000e+00 0.000000e+00 1.059538e+10 
17479 0.000000e+00 0.000000e+00 1.065866e+10 
17480 0.000000e+00 0.000000e+00 1.067582e+10 
17481 0.000000e+00 0.000000e+00 9.968412e+09 
17482 0.000000e+00 0.000000e+00 9.929911e+09 
17483 0.000000e+00 0.000000e+00 9.927535e+09 
17484 0.000000e+00 0.000000e+00 9.926925e+09 
17485 0.000000e+00 0.000000e+00 9.927373e+09 
17486 0.000000e+00 0.000000e+00 9.926843e+09 
17487 0.000000e+00 0.000000e+00 9.931672e+09 
17488 0.000000e+00 0.000000e+00 9.979703e+09 
17489 0.000000e+00 0.000000e+00 1.032269e+10 
17490 0.000000e+00 0.000000e+00 1.057331e+10 
17491 0.000000e+00 0.000000e+00 1.070751e+10 
17492 0.000000e+00 0.000000e+00 1.065365e+10 
17493 0.000000e+00 0.000000e+00 1.008080e+10 
17494 0.000000e+00 0.000000e+00 1.004343e+10 
17495 0.000000e+00 0.000000e+00 1.014693e+10 
17496 0.000000e+00 0.000000e+00 1.028393e+10 
17497 0.000000e+00 0.000000e+00 1.048240e+10 
17498 0.000000e+00 0.000000e+00 1.052859e+10 
17499 0.000000e+00 0.000000e+00 1.063228e+10 
17500 0.000000e+00 0.000000e+00 1.061447e+10 
17501 0.000000e+00 0.000000e+00 1.071597e+10 
17502 0.000000e+00 0.000000e+00 1.009693e+10 
17503 0.000000e+00 0.000000e+00 1.010452e+10 
17504 0.000000e+00 0.000000e+00 1.020316e+10 
17505 0.000000e+00 0.000000e+00 1.040942e+10 
17506 0.000000e+00 0.000000e+00 1.046563e+10 
17507 0.000000e+00 0.000000e+00 1.060640e+10 
17508 0.000000e+00 0.000000e+00 1.061266e+10 
17509 0.000000e+00 0.000000e+00 1.069615e+10 
17510 0.000000e+00 0.000000e+00 1.068855e+10 
17511 0.000000e+00 0.000000e+00 9.963155e+09 
17512 0.000000e+00 0.000000e+00 9.928803e+09 
17513 0.000000e+00 0.000000e+00 9.927259e+09 
17514 0.000000e+00 0.000000e+00 9.926780e+09 
17515 0.000000e+00 0.000000e+00 9.927231e+09 
17516 0.000000e+00 0.000000e+00 9.926533e+09 
17517 0.000000e+00 0.000000e+00 9.935738e+09 
17518 0.000000e+00 0.000000e+00 1.005641e+10 
17519 0.000000e+00 0.000000e+00 1.048111e+10 
17520 0.000000e+00 0.000000e+00 1.056631e+10 
17521 0.000000e+00 0.000000e+00 1.070656e+10 
17522 0.000000e+00 0.000000e+00 1.040167e+10 
17523 0.000000e+00 0.000000e+00 1.047975e+10 
17524 0.000000e+00 0.000000e+00 1.053643e+10 
17525 0.000000e+00 0.000000e+00 1.066767e+10 
17526 0.000000e+00 0.000000e+00 1.061783e+10 
17527 0.000000e+00 0.000000e+00 1.073290e+10 
17528 0.000000e+00 0.000000e+00 1.068347e+10 
17529 0.000000e+00 0.000000e+00 9.956692e+09 
17530 0.000000e+00 0.000000e+00 9.929719e+09 
17531 0.000000e+00 0.000000e+00 9.929520e+09 
17532 0.000000e+00 0.000000e+00 9.929338e+09 
17533 0.000000e+00 0.000000e+00 9.939389e+09 
17534 0.000000e+00 0.000000e+00 1.000888e+10 
17535 0.000000e+00 0.000000e+00 1.021598e+10 
17536 0.000000e+00 0.000000e+00 1.053606e+10 
17537 0.000000e+00 0.000000e+00 1.061101e+10 
17538 0.000000e+00 0.000000e+00 1.064854e+10 
17539 0.000000e+00 0.000000e+00 1.071257e+10 
17540 0.000000e+00 0.000000e+00 1.009864e+10 
17541 0.000000e+00 0.000000e+00 1.008270e+10 
17542 0.000000e+00 0.000000e+00 1.016934e+10 
17543 0.000000e+00 0.000000e+00 1.035467e+10 
17544 0.000000e+00 0.000000e+00 1.047161e+10 
17545 0.000000e+00 0.000000e+00 1.059521e+10 
17546 0.000000e+00 0.000000e+00 1.059419e+10 
17547 0.000000e+00 0.000000e+00 1.067647e+10 
17548 0.000000e+00 0.000000e+00 1.069563e+10 
17549 0.000000e+00 0.000000e+00 9.966325e+09 
17550 0.000000e+00 0.000000e+00 9.929107e+09 
17551 0.000000e+00 0.000000e+00 9.926992e+09 
17552 0.000000e+00 0.000000e+00 9.926867e+09 
17553 0.000000e+00 0.000000e+00 9.926955e+09 
17554 0.000000e+00 0.000000e+00 9.927210e+09 
17555 0.000000e+00 0.000000e+00 9.927452e+09 
17556 0.000000e+00 0.000000e+00 9.967191e+09 
17557 0.000000e+00 0.000000e+00 1.036553e+10 
17558 0.000000e+00 0.000000e+00 1.063055e+10 
17559 0.000000e+00 0.000000e+00 1.061937e+10 
17560 0.000000e+00 0.000000e+00 1.070321e+10 
17561 0.000000e+00 0.000000e+00 1.007942e+10 
17562 0.000000e+00 0.000000e+00 1.006865e+10 
17563 0.000000e+00 0.000000e+00 1.015610e+10 
17564 0.000000e+00 0.000000e+00 1.034919e+10 
17565 0.000000e+00 0.000000e+00 1.044550e+10 
17566 0.000000e+00 0.000000e+00 1.061514e+10 
17567 0.000000e+00 0.000000e+00 1.057630e+10 
17568 0.000000e+00 0.000000e+00 1.070220e+10 
17569 0.000000e+00 0.000000e+00 1.002836e+10 
17570 0.000000e+00 0.000000e+00 1.001085e+10 
17571 0.000000e+00 0.000000e+00 1.004923e+10 
17572 0.000000e+00 0.000000e+00 1.016353e+10 
17573 0.000000e+00 0.000000e+00 1.035875e+10 
17574 0.000000e+00 0.000000e+00 1.051852e+10 
17575 0.000000e+00 0.000000e+00 1.055577e+10 
17576 0.000000e+00 0.000000e+00 1.063976e+10 
17577 0.000000e+00 0.000000e+00 1.064020e+10 
17578 0.000000e+00 0.000000e+00 1.007434e+10 
17579 0.000000e+00 0.000000e+00 1.003772e+10 
17580 0.000000e+00 0.000000e+00 1.010728e+10 
17581 0.000000e+00 0.000000e+00 1.025856e+10 
17582 0.000000e+00 0.000000e+00 1.042575e+10 
17583 0.000000e+00 0.000000e+00 1.052131e+10 
17584 0.000000e+00 0.000000e+00 1.061417e+10 
17585 0.000000e+00 0.000000e+00 1.061994e+10 
17586 0.000000e+00 0.000000e+00 1.068628e+10 
17587 0.000000e+00 0.000000e+00 9.982042e+09 
17588 0.000000e+00 0.000000e+00 9.935525e+09 
17589 0.000000e+00 0.000000e+00 9.927311e+09 
17590 0.000000e+00 0.000000e+00 9.926871e+09 
17591 0.000000e+00 0.000000e+00 9.927056e+09 
17592 0.000000e+00 0.000000e+00 9.926673e+09 
17593 0.000000e+00 0.000000e+00 9.928811e+09 
17594 0.000000e+00 0.000000e+00 9.958586e+09 
17595 0.000000e+00 0.000000e+00 1.015654e+10 
17596 0.000000e+00 0.000000e+00 1.052176e+10 
17597 0.000000e+00 0.000000e+00 1.065182e+10 
17598 0.000000e+00 0.000000e+00 1.065970e+10 
17599 0.000000e+00 0.000000e+00 1.076405e+10 
17600 0.000000e+00 0.000000e+00 9.964680e+09 
17601 0.000000e+00 0.000000e+00 9.931604e+09 
17602 0.000000e+00 0.000000e+00 9.926826e+09 
17603 0.000000e+00 0.000000e+00 9.927494e+09 
17604 0.000000e+00 0.000000e+00 9.927481e+09 
17605 0.000000e+00 0.000000e+00 9.928613e+09 
17606 0.000000e+00 0.000000e+00 9.939386e+09 
17607 0.000000e+00 0.000000e+00 1.011561e+10 
17608 0.000000e+00 0.000000e+00 1.048103e+10 
17609 0.000000e+00 0.000000e+00 1.062455e+10 
17610 0.000000e+00 0.000000e+00 1.066597e+10 
17611 0.000000e+00 0.000000e+00 1.074424e+10 
17612 0.000000e+00 0.000000e+00 9.975779e+09 
17613 0.000000e+00 0.000000e+00 9.933985e+09 
17614 0.000000e+00 0.000000e+00 9.926800e+09 
17615 0.000000e+00 0.000000e+00 9.927024e+09 
17616 0.000000e+00 0.000000e+00 9.926781e+09 
17617 0.000000e+00 0.000000e+00 9.927166e+09 
17618 0.000000e+00 0.000000e+00 9.934382e+09 
17619 0.000000e+00 0.000000e+00 9.991695e+09 
17620 0.000000e+00 0.000000e+00 1.041083e+10 
17621 0.000000e+00 0.000000e+00 1.058445e+10 
17622 0.000000e+00 0.000000e+00 1.063692e+10 
17623 0.000000e+00 0.000000e+00 1.067920e+10 
17624 0.000000e+00 0.000000e+00 1.008270e+10 
17625 0.000000e+00 0.000000e+00 1.005705e+10 
17626 0.000000e+00 0.000000e+00 1.015529e+10 
17627 0.000000e+00 0.000000e+00 1.032923e+10 
17628 0.000000e+00 0.000000e+00 1.047528e+10 
17629 0.000000e+00 0.000000e+00 1.056489e+10 
17630 0.000000e+00 0.000000e+00 1.064495e+10 
17631 0.000000e+00 0.000000e+00 1.065469e+10 
17632 0.000000e+00 0.000000e+00 1.069883e+10 
17633 0.000000e+00 0.000000e+00 9.974665e+09 
17634 0.000000e+00 0.000000e+00 9.932485e+09 
17635 0.000000e+00 0.000000e+00 9.926589e+09 
17636 0.000000e+00 0.000000e+00 9.926938e+09 
17637 0.000000e+00 0.000000e+00 9.926932e+09 
17638 0.000000e+00 0.000000e+00 9.926874e+09 
17639 0.000000e+00 0.000000e+00 9.927727e+09 
17640 0.000000e+00 0.000000e+00 9.941152e+09 
17641 0.000000e+00 0.000000e+00 1.027203e+10 
17642 0.000000e+00 0.000000e+00 1.065805e+10 
17643 0.000000e+00 0.000000e+00 1.064892e+10 
17644 0.000000e+00 0.000000e+00 1.066907e+10 
17645 0.000000e+00 0.000000e+00 1.050112e+10 
17646 0.000000e+00 0.000000e+00 1.051117e+10 
17647 0.000000e+00 0.000000e+00 1.059117e+10 
17648 0.000000e+00 0.000000e+00 1.067278e+10 
17649 0.000000e+00 0.000000e+00 1.066673e+10 
17650 0.000000e+00 0.000000e+00 1.010253e+10 
17651 0.000000e+00 0.000000e+00 1.010310e+10 
17652 0.000000e+00 0.000000e+00 1.018680e+10 
17653 0.000000e+00 0.000000e+00 1.038732e+10 
17654 0.000000e+00 0.000000e+00 1.045559e+10 
17655 0.000000e+00 0.000000e+00 1.057379e+10 
17656 0.000000e+00 0.000000e+00 1.060887e+10 
17657 0.000000e+00 0.000000e+00 1.068517e+10 
17658 0.000000e+00 0.000000e+00 1.044525e+10 
17659 0.000000e+00 0.000000e+00 1.052212e+10 
17660 0.000000e+00 0.000000e+00 1.057949e+10 
17661 0.000000e+00 0.000000e+00 1.064717e+10 
17662 0.000000e+00 0.000000e+00 1.065315e+10 
17663 0.000000e+00 0.000000e+00 1.048324e+10 
17664 0.000000e+00 0.000000e+00 1.050140e+10 
17665 0.000000e+00 0.000000e+00 1.058261e+10 
17666 0.000000e+00 0.000000e+00 1.063366e+10 
17667 0.000000e+00 0.000000e+00 1.066910e+10 
17668 0.000000e+00 0.000000e+00 1.071058e+10 
17669 0.000000e+00 0.000000e+00 9.964091e+09 
17670 0.000000e+00 0.000000e+00 9.932087e+09 
17671 0.000000e+00 0.000000e+00 9.927218e+09 
17672 0.000000e+00 0.000000e+00 9.927309e+09 
17673 0.000000e+00 0.000000e+00 9.927090e+09 
17674 0.000000e+00 0.000000e+00 9.931058e+09 
17675 0.000000e+00 0.000000e+00 9.982570e+09 
17676 0.000000e+00 0.000000e+00 1.028523e+10 
17677 0.000000e+00 0.000000e+00 1.057154e+10 
17678 0.000000e+00 0.000000e+00 1.062874e+10 
17679 0.000000e+00 0.000000e+00 1.066147e+10 
17680 0.000000e+00 0.000000e+00 1.071749e+10 
17681 0.000000e+00 0.000000e+00 1.013610e+10 
17682 0.000000e+00 0.000000e+00 1.014733e+10 
17683 0.000000e+00 0.000000e+00 1.025928e+10 
17684 0.000000e+00 0.000000e+00 1.044625e+10 
17685 0.000000e+00 0.000000e+00 1.049627e+10 
17686 0.000000e+00 0.000000e+00 1.060783e+10 
17687 0.000000e+00 0.000000e+00 1.062419e+10 
17688 0.000000e+00 0.000000e+00 1.071078e+10 
17689 0.000000e+00 0.000000e+00 1.007546e+10 
17690 0.000000e+00 0.000000e+00 1.006175e+10 
17691 0.000000e+00 0.000000e+00 1.012157e+10 
17692 0.000000e+00 0.000000e+00 1.033434e+10 
17693 0.000000e+00 0.000000e+00 1.045398e+10 
17694 0.000000e+00 0.000000e+00 1.053590e+10 
17695 0.000000e+00 0.000000e+00 1.059393e+10 
17696 0.000000e+00 0.000000e+00 1.064353e+10 
17697 0.000000e+00 0.000000e+00 1.065766e+10 
17698 0.000000e+00 0.000000e+00 1.014071e+10 
17699 0.000000e+00 0.000000e+00 1.012695e+10 
17700 0.000000e+00 0.000000e+00 1.026813e+10 
17701 0.000000e+00 0.000000e+00 1.038346e+10 
17702 0.000000e+00 0.000000e+00 1.049348e+10 
17703 0.000000e+00 0.000000e+00 1.054382e+10 
17704 0.000000e+00 0.000000e+00 1.065182e+10 
17705 0.000000e+00 0.000000e+00 1.067964e+10 
17706 0.000000e+00 0.000000e+00 1.049160e+10 
17707 0.000000e+00 0.000000e+00 1.050044e+10 
17708 0.000000e+00 0.000000e+00 1.062945e+10 
17709 0.000000e+00 0.000000e+00 1.061526e+10 
17710 0.000000e+00 0.000000e+00 1.070191e+10 
17711 0.000000e+00 0.000000e+00 1.008024e+10 
17712 0.000000e+00 0.000000e+00 1.007149e+10 
17713 0.000000e+00 0.000000e+00 1.015032e+10 
17714 0.000000e+00 0.000000e+00 1.033977e+10 
17715 0.000000e+00 0.000000e+00 1.044169e+10 
17716 0.000000e+00 0.000000e+00 1.055170e+10 
17717 0.000000e+00 0.000000e+00 1.057930e+10 
17718 0.000000e+00 0.000000e+00 1.068680e+10 
17719 0.000000e+00 0.000000e+00 1.065756e+10 
17720 0.000000e+00 0.000000e+00 9.966657e+09 
17721 0.000000e+00 0.000000e+00 9.930295e+09 
17722 0.000000e+00 0.000000e+00 9.926916e+09 
17723 0.000000e+00 0.000000e+00 9.927230e+09 
17724 0.000000e+00 0.000000e+00 9.927206e+09 
17725 0.000000e+00 0.000000e+00 9.926947e+09 
17726 0.000000e+00 0.000000e+00 9.928862e+09 
17727 0.000000e+00 0.000000e+00 9.946152e+09 
17728 0.000000e+00 0.000000e+00 1.029444e+10 
17729 0.000000e+00 0.000000e+00 1.060779e+10 
17730 0.000000e+00 0.000000e+00 1.064423e+10 
17731 0.000000e+00 0.000000e+00 1.068799e+10 
17732 0.000000e+00 0.000000e+00 1.050334e+10 
17733 0.000000e+00 0.000000e+00 1.052996e+10 
17734 0.000000e+00 0.000000e+00 1.062738e+10 
17735 0.000000e+00 0.000000e+00 1.062621e+10 
17736 0.000000e+00 0.000000e+00 1.069286e+10 
17737 0.000000e+00 0.000000e+00 9.982815e+09 
17738 0.000000e+00 0.000000e+00 9.935139e+09 
17739 0.000000e+00 0.000000e+00 9.927276e+09 
17740 0.000000e+00 0.000000e+00 9.926700e+09 
17741 0.000000e+00 0.000000e+00 9.927554e+09 
17742 0.000000e+00 0.000000e+00 9.926649e+09 
17743 0.000000e+00 0.000000e+00 9.937011e+09 
17744 0.000000e+00 0.000000e+00 1.000812e+10 
17745 0.000000e+00 0.000000e+00 1.038424e+10 
17746 0.000000e+00 0.000000e+00 1.055413e+10 
17747 0.000000e+00 0.000000e+00 1.064880e+10 
17748 0.000000e+00 0.000000e+00 1.063574e+10 
17749 0.000000e+00 0.000000e+00 1.050594e+10 
17750 0.000000e+00 0.000000e+00 1.048071e+10 
17751 0.000000e+00 0.000000e+00 1.060573e+10 
17752 0.000000e+00 0.000000e+00 1.060593e+10 
17753 0.000000e+00 0.000000e+00 1.071056e+10 
17754 0.000000e+00 0.000000e+00 1.069828e+10 
17755 0.000000e+00 0.000000e+00 9.955193e+09 
17756 0.000000e+00 0.000000e+00 9.927586e+09 
17757 0.000000e+00 0.000000e+00 9.927757e+09 
17758 0.000000e+00 0.000000e+00 9.927865e+09 
17759 0.000000e+00 0.000000e+00 9.928119e+09 
17760 0.000000e+00 0.000000e+00 9.934764e+09 
17761 0.000000e+00 0.000000e+00 9.990334e+09 
17762 0.000000e+00 0.000000e+00 1.024016e+10 
17763 0.000000e+00 0.000000e+00 1.054588e+10 
17764 0.000000e+00 0.000000e+00 1.061541e+10 
17765 0.000000e+00 0.000000e+00 1.066029e+10 
17766 0.000000e+00 0.000000e+00 1.071356e+10 
17767 0.000000e+00 0.000000e+00 1.014632e+10 
17768 0.000000e+00 0.000000e+00 1.016792e+10 
17769 0.000000e+00 0.000000e+00 1.027768e+10 
17770 0.000000e+00 0.000000e+00 1.041377e+10 
17771 0.000000e+00 0.000000e+00 1.048709e+10 
17772 0.000000e+00 0.000000e+00 1.058579e+10 
17773 0.000000e+00 0.000000e+00 1.062513e+10 
17774 0.000000e+00 0.000000e+00 1.069925e+10 
17775 0.000000e+00 0.000000e+00 9.993593e+09 
17776 0.000000e+00 0.000000e+00 9.940349e+09 
17777 0.000000e+00 0.000000e+00 9.930105e+09 
17778 0.000000e+00 0.000000e+00 9.926742e+09 
17779 0.000000e+00 0.000000e+00 9.927499e+09 
17780 0.000000e+00 0.000000e+00 9.926925e+09 
17781 0.000000e+00 0.000000e+00 9.929289e+09 
17782 0.000000e+00 0.000000e+00 9.937298e+09 
17783 0.000000e+00 0.000000e+00 1.010660e+10 
17784 0.000000e+00 0.000000e+00 1.046582e+10 
17785 0.000000e+00 0.000000e+00 1.068002e+10 
17786 0.000000e+00 0.000000e+00 1.065790e+10 
17787 0.000000e+00 0.000000e+00 1.070319e+10 
17788 0.000000e+00 0.000000e+00 9.973696e+09 
17789 0.000000e+00 0.000000e+00 9.932013e+09 
17790 0.000000e+00 0.000000e+00 9.926778e+09 
17791 0.000000e+00 0.000000e+00 9.927284e+09 
17792 0.000000e+00 0.000000e+00 9.926987e+09 
17793 0.000000e+00 0.000000e+00 9.927420e+09 
17794 0.000000e+00 0.000000e+00 9.930509e+09 
17795 0.000000e+00 0.000000e+00 9.971883e+09 
17796 0.000000e+00 0.000000e+00 1.037799e+10 
17797 0.000000e+00 0.000000e+00 1.059739e+10 
17798 0.000000e+00 0.000000e+00 1.067916e+10 
17799 0.000000e+00 0.000000e+00 1.064725e+10 
17800 0.000000e+00 0.000000e+00 1.071313e+10 
17801 0.000000e+00 0.000000e+00 9.961132e+09 
17802 0.000000e+00 0.000000e+00 9.931251e+09 
17803 0.000000e+00 0.000000e+00 9.928472e+09 
17804 0.000000e+00 0.000000e+00 9.930055e+09 
17805 0.000000e+00 0.000000e+00 9.935940e+09 
17806 0.000000e+00 0.000000e+00 9.977840e+09 
17807 0.000000e+00 0.000000e+00 1.012281e+10 
17808 0.000000e+00 0.000000e+00 1.037804e+10 
17809 0.000000e+00 0.000000e+00 1.054523e+10 
17810 0.000000e+00 0.000000e+00 1.064562e+10 
17811 0.000000e+00 0.000000e+00 1.064709e+10 
17812 0.000000e+00 0.000000e+00 1.071012e+10 
17813 0.000000e+00 0.000000e+00 9.969002e+09 
17814 0.000000e+00 0.000000e+00 9.931329e+09 
17815 0.000000e+00 0.000000e+00 9.926897e+09 
17816 0.000000e+00 0.000000e+00 9.927215e+09 
17817 0.000000e+00 0.000000e+00 9.927218e+09 
17818 0.000000e+00 0.000000e+00 9.927779e+09 
17819 0.000000e+00 0.000000e+00 9.938289e+09 
17820 0.000000e+00 0.000000e+00 1.016153e+10 
17821 0.000000e+00 0.000000e+00 1.056389e+10 
17822 0.000000e+00 0.000000e+00 1.062956e+10 
17823 0.000000e+00 0.000000e+00 1.066249e+10 
17824 0.000000e+00 0.000000e+00 1.001964e+10 
17825 0.000000e+00 0.000000e+00 9.994576e+09 
17826 0.000000e+00 0.000000e+00 1.003600e+10 
17827 0.000000e+00 0.000000e+00 1.015274e+10 
17828 0.000000e+00 0.000000e+00 1.040109e+10 
17829 0.000000e+00 0.000000e+00 1.051403e+10 
17830 0.000000e+00 0.000000e+00 1.059858e+10 
17831 0.000000e+00 0.000000e+00 1.061080e+10 
17832 0.000000e+00 0.000000e+00 1.065491e+10 
17833 0.000000e+00 0.000000e+00 1.071736e+10 
17834 0.000000e+00 0.000000e+00 9.959613e+09 
17835 0.000000e+00 0.000000e+00 9.928344e+09 
17836 0.000000e+00 0.000000e+00 9.927504e+09 
17837 0.000000e+00 0.000000e+00 9.926954e+09 
17838 0.000000e+00 0.000000e+00 9.927034e+09 
17839 0.000000e+00 0.000000e+00 9.927051e+09 
17840 0.000000e+00 0.000000e+00 9.940282e+09 
17841 0.000000e+00 0.000000e+00 1.012114e+10 
17842 0.000000e+00 0.000000e+00 1.052226e+10 
17843 0.000000e+00 0.000000e+00 1.060171e+10 
17844 0.000000e+00 0.000000e+00 1.068523e+10 
17845 0.000000e+00 0.000000e+00 1.064488e+10 
17846 0.000000e+00 0.000000e+00 1.013642e+10 
17847 0.000000e+00 0.000000e+00 1.010227e+10 
17848 0.000000e+00 0.000000e+00 1.025612e+10 
17849 0.000000e+00 0.000000e+00 1.034745e+10 
17850 0.000000e+00 0.000000e+00 1.051917e+10 
17851 0.000000e+00 0.000000e+00 1.056476e+10 
17852 0.000000e+00 0.000000e+00 1.065252e+10 
17853 0.000000e+00 0.000000e+00 1.066033e+10 
17854 0.000000e+00 0.000000e+00 1.070712e+10 
17855 0.000000e+00 0.000000e+00 9.969285e+09 
17856 0.000000e+00 0.000000e+00 9.931284e+09 
17857 0.000000e+00 0.000000e+00 9.926918e+09 
17858 0.000000e+00 0.000000e+00 9.927378e+09 
17859 0.000000e+00 0.000000e+00 9.927826e+09 
17860 0.000000e+00 0.000000e+00 9.927014e+09 
17861 0.000000e+00 0.000000e+00 9.932548e+09 
17862 0.000000e+00 0.000000e+00 1.000945e+10 
17863 0.000000e+00 0.000000e+00 1.055816e+10 
17864 0.000000e+00 0.000000e+00 1.058701e+10 
17865 0.000000e+00 0.000000e+00 1.067781e+10 
17866 0.000000e+00 0.000000e+00 1.066143e+10 
17867 0.000000e+00 0.000000e+00 9.967199e+09 
17868 0.000000e+00 0.000000e+00 9.929645e+09 
17869 0.000000e+00 0.000000e+00 9.927321e+09 
17870 0.000000e+00 0.000000e+00 9.927163e+09 
17871 0.000000e+00 0.000000e+00 9.927055e+09 
17872 0.000000e+00 0.000000e+00 9.927203e+09 
17873 0.000000e+00 0.000000e+00 9.928076e+09 
17874 0.000000e+00 0.000000e+00 9.970570e+09 
17875 0.000000e+00 0.000000e+00 1.033787e+10 
17876 0.000000e+00 0.000000e+00 1.058892e+10 
17877 0.000000e+00 0.000000e+00 1.065477e+10 
17878 0.000000e+00 0.000000e+00 1.066493e+10 
17879 0.000000e+00 0.000000e+00 1.068890e+10 
17880 0.000000e+00 0.000000e+00 1.017391e+10 
17881 0.000000e+00 0.000000e+00 1.018822e+10 
17882 0.000000e+00 0.000000e+00 1.030365e+10 
17883 0.000000e+00 0.000000e+00 1.047510e+10 
17884 0.000000e+00 0.000000e+00 1.054881e+10 
17885 0.000000e+00 0.000000e+00 1.057935e+10 
17886 0.000000e+00 0.000000e+00 1.064891e+10 
17887 0.000000e+00 0.000000e+00 1.071064e+10 
17888 0.000000e+00 0.000000e+00 1.011651e+10 
17889 0.000000e+00 0.000000e+00 1.012090e+10 
17890 0.000000e+00 0.000000e+00 1.021349e+10 
17891 0.000000e+00 0.000000e+00 1.037672e+10 
17892 0.000000e+00 0.000000e+00 1.050948e+10 
17893 0.000000e+00 0.000000e+00 1.058625e+10 
17894 0.000000e+00 0.000000e+00 1.060413e+10 
17895 0.000000e+00 0.000000e+00 1.068454e+10 
17896 0.000000e+00 0.000000e+00 1.067247e+10 
17897 0.000000e+00 0.000000e+00 9.968032e+09 
17898 0.000000e+00 0.000000e+00 9.931471e+09 
17899 0.000000e+00 0.000000e+00 9.926637e+09 
17900 0.000000e+00 0.000000e+00 9.927155e+09 
17901 0.000000e+00 0.000000e+00 9.927300e+09 
17902 0.000000e+00 0.000000e+00 9.927220e+09 
17903 0.000000e+00 0.000000e+00 9.934744e+09 
17904 0.000000e+00 0.000000e+00 1.003056e+10 
17905 0.000000e+00 0.000000e+00 1.052127e+10 
17906 0.000000e+00 0.000000e+00 1.057379e+10 
17907 0.000000e+00 0.000000e+00 1.068327e+10 
17908 0.000000e+00 0.000000e+00 1.066780e+10 
17909 0.000000e+00 0.000000e+00 1.012318e+10 
17910 0.000000e+00 0.000000e+00 1.010529e+10 
17911 0.000000e+00 0.000000e+00 1.024999e+10 
17912 0.000000e+00 0.000000e+00 1.036828e+10 
17913 0.000000e+00 0.000000e+00 1.055101e+10 
17914 0.000000e+00 0.000000e+00 1.052313e+10 
17915 0.000000e+00 0.000000e+00 1.067156e+10 
17916 0.000000e+00 0.000000e+00 1.065432e+10 
17917 0.000000e+00 0.000000e+00 1.052499e+10 
17918 0.000000e+00 0.000000e+00 1.050183e+10 
17919 0.000000e+00 0.000000e+00 1.064194e+10 
17920 0.000000e+00 0.000000e+00 1.059332e+10 
17921 0.000000e+00 0.000000e+00 1.072116e+10 
17922 0.000000e+00 0.000000e+00 1.068540e+10 
17923 0.000000e+00 0.000000e+00 9.955325e+09 
17924 0.000000e+00 0.000000e+00 9.927717e+09 
17925 0.000000e+00 0.000000e+00 9.929443e+09 
17926 0.000000e+00 0.000000e+00 9.927025e+09 
17927 0.000000e+00 0.000000e+00 9.929372e+09 
17928 0.000000e+00 0.000000e+00 9.928441e+09 
17929 0.000000e+00 0.000000e+00 9.989581e+09 
17930 0.000000e+00 0.000000e+00 1.034926e+10 
17931 0.000000e+00 0.000000e+00 1.059134e+10 
17932 0.000000e+00 0.000000e+00 1.058588e+10 
17933 0.000000e+00 0.000000e+00 1.071822e+10 
17934 0.000000e+00 0.000000e+00 1.065233e+10 
17935 0.000000e+00 0.000000e+00 9.960873e+09 
17936 0.000000e+00 0.000000e+00 9.928644e+09 
17937 0.000000e+00 0.000000e+00 9.927252e+09 
17938 0.000000e+00 0.000000e+00 9.926837e+09 
17939 0.000000e+00 0.000000e+00 9.927516e+09 
17940 0.000000e+00 0.000000e+00 9.926472e+09 
17941 0.000000e+00 0.000000e+00 9.937683e+09 
17942 0.000000e+00 0.000000e+00 1.004450e+10 
17943 0.000000e+00 0.000000e+00 1.055438e+10 
17944 0.000000e+00 0.000000e+00 1.054610e+10 
17945 0.000000e+00 0.000000e+00 1.067291e+10 
17946 0.000000e+00 0.000000e+00 1.065065e+10 
17947 0.000000e+00 0.000000e+00 9.971884e+09 
17948 0.000000e+00 0.000000e+00 9.931305e+09 
17949 0.000000e+00 0.000000e+00 9.926726e+09 
17950 0.000000e+00 0.000000e+00 9.926954e+09 
17951 0.000000e+00 0.000000e+00 9.927110e+09 
17952 0.000000e+00 0.000000e+00 9.926749e+09 
17953 0.000000e+00 0.000000e+00 9.928315e+09 
17954 0.000000e+00 0.000000e+00 9.935695e+09 
17955 0.000000e+00 0.000000e+00 1.018258e+10 
17956 0.000000e+00 0.000000e+00 1.045230e+10 
17957 0.000000e+00 0.000000e+00 1.063690e+10 
17958 0.000000e+00 0.000000e+00 1.065995e+10 
17959 0.000000e+00 0.000000e+00 1.070764e+10 
17960 0.000000e+00 0.000000e+00 9.969233e+09 
17961 0.000000e+00 0.000000e+00 9.931586e+09 
17962 0.000000e+00 0.000000e+00 9.926594e+09 
17963 0.000000e+00 0.000000e+00 9.927888e+09 
17964 0.000000e+00 0.000000e+00 9.926525e+09 
17965 0.000000e+00 0.000000e+00 9.930963e+09 
17966 0.000000e+00 0.000000e+00 9.954380e+09 
17967 0.000000e+00 0.000000e+00 1.022702e+10 
17968 0.000000e+00 0.000000e+00 1.052942e+10 
17969 0.000000e+00 0.000000e+00 1.061822e+10 
17970 0.000000e+00 0.000000e+00 1.065642e+10 
17971 0.000000e+00 0.000000e+00 1.071893e+10 
17972 0.000000e+00 0.000000e+00 9.979019e+09 
17973 0.000000e+00 0.000000e+00 9.933850e+09 
17974 0.000000e+00 0.000000e+00 9.928187e+09 
17975 0.000000e+00 0.000000e+00 9.927091e+09 
17976 0.000000e+00 0.000000e+00 9.927085e+09 
17977 0.000000e+00 0.000000e+00 9.927461e+09 
17978 0.000000e+00 0.000000e+00 9.927069e+09 
17979 0.000000e+00 0.000000e+00 9.933238e+09 
17980 0.000000e+00 0.000000e+00 1.010536e+10 
17981 0.000000e+00 0.000000e+00 1.059693e+10 
17982 0.000000e+00 0.000000e+00 1.062599e+10 
17983 0.000000e+00 0.000000e+00 1.066003e+10 
17984 0.000000e+00 0.000000e+00 9.983914e+09 
17985 0.000000e+00 0.000000e+00 9.934993e+09 
17986 0.000000e+00 0.000000e+00 9.926916e+09 
17987 0.000000e+00 0.000000e+00 9.927027e+09 
17988 0.000000e+00 0.000000e+00 9.927455e+09 
17989 0.000000e+00 0.000000e+00 9.926454e+09 
17990 0.000000e+00 0.000000e+00 9.930669e+09 
17991 0.000000e+00 0.000000e+00 9.944868e+09 
17992 0.000000e+00 0.000000e+00 1.023027e+10 
17993 0.000000e+00 0.000000e+00 1.053057e+10 
17994 0.000000e+00 0.000000e+00 1.063874e+10 
17995 0.000000e+00 0.000000e+00 1.062273e+10 
17996 0.000000e+00 0.000000e+00 1.074106e+10 
17997 0.000000e+00 0.000000e+00 1.012510e+10 
17998 0.000000e+00 0.000000e+00 1.014951e+10 
17999 0.000000e+00 0.000000e+00 1.022956e+10 
18000 0.000000e+00 0.000000e+00 1.044814e+10 
18001 0.000000e+00 0.000000e+00 1.046054e+10 
18002 0.000000e+00 0.000000e+00 1.062820e+10 
18003 0.000000e+00 0.000000e+00 1.062240e+10 
18004 0.000000e+00 0.000000e+00 1.069031e+10 
18005 0.000000e+00 0.000000e+00 1.007337e+10 
18006 0.000000e+00 0.000000e+00 1.005445e+10 
18007 0.000000e+00 0.000000e+00 1.012919e+10 
18008 0.000000e+00 0.000000e+00 1.030367e+10 
18009 0.000000e+00 0.000000e+00 1.040774e+10 
18010 0.000000e+00 0.000000e+00 1.057400e+10 
18011 0.000000e+00 0.000000e+00 1.062011e+10 
18012 0.000000e+00 0.000000e+00 1.067844e+10 
18013 0.000000e+00 0.000000e+00 1.066420e+10 
18014 0.000000e+00 0.000000e+00 9.966612e+09 
18015 0.000000e+00 0.000000e+00 9.930361e+09 
18016 0.000000e+00 0.000000e+00 9.926959e+09 
18017 0.000000e+00 0.000000e+00 9.927578e+09 
18018 0.000000e+00 0.000000e+00 9.926612e+09 
18019 0.000000e+00 0.000000e+00 9.928239e+09 
18020 0.000000e+00 0.000000e+00 9.930214e+09 
18021 0.000000e+00 0.000000e+00 1.001200e+10 
18022 0.000000e+00 0.000000e+00 1.026422e+10 
18023 0.000000e+00 0.000000e+00 1.062690e+10 
18024 0.000000e+00 0.000000e+00 1.061614e+10 
18025 0.000000e+00 0.000000e+00 1.073404e+10 
18026 0.000000e+00 0.000000e+00 1.068819e+10 
18027 0.000000e+00 0.000000e+00 9.956597e+09 
18028 0.000000e+00 0.000000e+00 9.928120e+09 
18029 0.000000e+00 0.000000e+00 9.927662e+09 
18030 0.000000e+00 0.000000e+00 9.927382e+09 
18031 0.000000e+00 0.000000e+00 9.927267e+09 
18032 0.000000e+00 0.000000e+00 9.929827e+09 
18033 0.000000e+00 0.000000e+00 9.955662e+09 
18034 0.000000e+00 0.000000e+00 1.023225e+10 
18035 0.000000e+00 0.000000e+00 1.056438e+10 
18036 0.000000e+00 0.000000e+00 1.060598e+10 
18037 0.000000e+00 0.000000e+00 1.064602e+10 
18038 0.000000e+00 0.000000e+00 1.000029e+10 
18039 0.000000e+00 0.000000e+00 9.937915e+09 
18040 0.000000e+00 0.000000e+00 9.926987e+09 
18041 0.000000e+00 0.000000e+00 9.926736e+09 
18042 0.000000e+00 0.000000e+00 9.927310e+09 
18043 0.000000e+00 0.000000e+00 9.926754e+09 
18044 0.000000e+00 0.000000e+00 9.928659e+09 
18045 0.000000e+00 0.000000e+00 9.934848e+09 
18046 0.000000e+00 0.000000e+00 1.008300e+10 
18047 0.000000e+00 0.000000e+00 1.033477e+10 
18048 0.000000e+00 0.000000e+00 1.059715e+10 
18049 0.000000e+00 0.000000e+00 1.062487e+10 
18050 0.000000e+00 0.000000e+00 1.073864e+10 
18051 0.000000e+00 0.000000e+00 1.007506e+10 
18052 0.000000e+00 0.000000e+00 1.009601e+10 
18053 0.000000e+00 0.000000e+00 1.016379e+10 
18054 0.000000e+00 0.000000e+00 1.035427e+10 
18055 0.000000e+00 0.000000e+00 1.042131e+10 
18056 0.000000e+00 0.000000e+00 1.056547e+10 
18057 0.000000e+00 0.000000e+00 1.062238e+10 
18058 0.000000e+00 0.000000e+00 1.067775e+10 
18059 0.000000e+00 0.000000e+00 1.070214e+10 
18060 0.000000e+00 0.000000e+00 9.964903e+09 
18061 0.000000e+00 0.000000e+00 9.929350e+09 
18062 0.000000e+00 0.000000e+00 9.927392e+09 
18063 0.000000e+00 0.000000e+00 9.927403e+09 
18064 0.000000e+00 0.000000e+00 9.927538e+09 
18065 0.000000e+00 0.000000e+00 9.926825e+09 
18066 0.000000e+00 0.000000e+00 9.935324e+09 
18067 0.000000e+00 0.000000e+00 1.003180e+10 
18068 0.000000e+00 0.000000e+00 1.054467e+10 
18069 0.000000e+00 0.000000e+00 1.054173e+10 
18070 0.000000e+00 0.000000e+00 1.068240e+10 
18071 0.000000e+00 0.000000e+00 1.066937e+10 
18072 0.000000e+00 0.000000e+00 1.072217e+10 
18073 0.000000e+00 0.000000e+00 9.961157e+09 
18074 0.000000e+00 0.000000e+00 9.929835e+09 
18075 0.000000e+00 0.000000e+00 9.926931e+09 
18076 0.000000e+00 0.000000e+00 9.927762e+09 
18077 0.000000e+00 0.000000e+00 9.927060e+09 
18078 0.000000e+00 0.000000e+00 9.930154e+09 
18079 0.000000e+00 0.000000e+00 9.961147e+09 
18080 0.000000e+00 0.000000e+00 1.026929e+10 
18081 0.000000e+00 0.000000e+00 1.054594e+10 
18082 0.000000e+00 0.000000e+00 1.065664e+10 
18083 0.000000e+00 0.000000e+00 1.064828e+10 
18084 0.000000e+00 0.000000e+00 1.074333e+10 
18085 0.000000e+00 0.000000e+00 1.014032e+10 
18086 0.000000e+00 0.000000e+00 1.016017e+10 
18087 0.000000e+00 0.000000e+00 1.025866e+10 
18088 0.000000e+00 0.000000e+00 1.045976e+10 
18089 0.000000e+00 0.000000e+00 1.051599e+10 
18090 0.000000e+00 0.000000e+00 1.063732e+10 
18091 0.000000e+00 0.000000e+00 1.062183e+10 
18092 0.000000e+00 0.000000e+00 1.069619e+10 
18093 0.000000e+00 0.000000e+00 1.068780e+10 
18094 0.000000e+00 0.000000e+00 9.955422e+09 
18095 0.000000e+00 0.000000e+00 9.928111e+09 
18096 0.000000e+00 0.000000e+00 9.927772e+09 
18097 0.000000e+00 0.000000e+00 9.927359e+09 
18098 0.000000e+00 0.000000e+00 9.928809e+09 
18099 0.000000e+00 0.000000e+00 9.932118e+09 
18100 0.000000e+00 0.000000e+00 1.000781e+10 
18101 0.000000e+00 0.000000e+00 1.038706e+10 
18102 0.000000e+00 0.000000e+00 1.057338e+10 
18103 0.000000e+00 0.000000e+00 1.064084e+10 
18104 0.000000e+00 0.000000e+00 1.070847e+10 
18105 0.000000e+00 0.000000e+00 1.043897e+10 
18106 0.000000e+00 0.000000e+00 1.052626e+10 
18107 0.000000e+00 0.000000e+00 1.054356e+10 
18108 0.000000e+00 0.000000e+00 1.067729e+10 
18109 0.000000e+00 0.000000e+00 1.066555e+10 
18110 0.000000e+00 0.000000e+00 1.072826e+10 
18111 0.000000e+00 0.000000e+00 9.964013e+09 
18112 0.000000e+00 0.000000e+00 9.931331e+09 
18113 0.000000e+00 0.000000e+00 9.927150e+09 
18114 0.000000e+00 0.000000e+00 9.927624e+09 
18115 0.000000e+00 0.000000e+00 9.926678e+09 
18116 0.000000e+00 0.000000e+00 9.930486e+09 
18117 0.000000e+00 0.000000e+00 9.955055e+09 
18118 0.000000e+00 0.000000e+00 1.029586e+10 
18119 0.000000e+00 0.000000e+00 1.052081e+10 
18120 0.000000e+00 0.000000e+00 1.062711e+10 
18121 0.000000e+00 0.000000e+00 1.067080e+10 
18122 0.000000e+00 0.000000e+00 1.072867e+10 
18123 0.000000e+00 0.000000e+00 9.978112e+09 
18124 0.000000e+00 0.000000e+00 9.932564e+09 
18125 0.000000e+00 0.000000e+00 9.929402e+09 
18126 0.000000e+00 0.000000e+00 9.926634e+09 
18127 0.000000e+00 0.000000e+00 9.928596e+09 
18128 0.000000e+00 0.000000e+00 9.926731e+09 
18129 0.000000e+00 0.000000e+00 9.941687e+09 
18130 0.000000e+00 0.000000e+00 1.004506e+10 
18131 0.000000e+00 0.000000e+00 1.052662e+10 
18132 0.000000e+00 0.000000e+00 1.060410e+10 
18133 0.000000e+00 0.000000e+00 1.068829e+10 
18134 0.000000e+00 0.000000e+00 1.063593e+10 
18135 0.000000e+00 0.000000e+00 1.075868e+10 
18136 0.000000e+00 0.000000e+00 9.962829e+09 
18137 0.000000e+00 0.000000e+00 9.932545e+09 
18138 0.000000e+00 0.000000e+00 9.927815e+09 
18139 0.000000e+00 0.000000e+00 9.928593e+09 
18140 0.000000e+00 0.000000e+00 9.930000e+09 
18141 0.000000e+00 0.000000e+00 9.944797e+09 
18142 0.000000e+00 0.000000e+00 1.004014e+10 
18143 0.000000e+00 0.000000e+00 1.032373e+10 
18144 0.000000e+00 0.000000e+00 1.058067e+10 
18145 0.000000e+00 0.000000e+00 1.065123e+10 
18146 0.000000e+00 0.000000e+00 1.067271e+10 
18147 0.000000e+00 0.000000e+00 9.999730e+09 
18148 0.000000e+00 0.000000e+00 9.937617e+09 
18149 0.000000e+00 0.000000e+00 9.927427e+09 
18150 0.000000e+00 0.000000e+00 9.926748e+09 
18151 0.000000e+00 0.000000e+00 9.927322e+09 
18152 0.000000e+00 0.000000e+00 9.926997e+09 
18153 0.000000e+00 0.000000e+00 9.927551e+09 
18154 0.000000e+00 0.000000e+00 9.927153e+09 
18155 0.000000e+00 0.000000e+00 9.969131e+09 
18156 0.000000e+00 0.000000e+00 1.024177e+10 
18157 0.000000e+00 0.000000e+00 1.063979e+10 
18158 0.000000e+00 0.000000e+00 1.063026e+10 
18159 0.000000e+00 0.000000e+00 1.073272e+10 
18160 0.000000e+00 0.000000e+00 9.982842e+09 
18161 0.000000e+00 0.000000e+00 9.935303e+09 
18162 0.000000e+00 0.000000e+00 9.928126e+09 
18163 0.000000e+00 0.000000e+00 9.926634e+09 
18164 0.000000e+00 0.000000e+00 9.927244e+09 
18165 0.000000e+00 0.000000e+00 9.927062e+09 
18166 0.000000e+00 0.000000e+00 9.929885e+09 
18167 0.000000e+00 0.000000e+00 9.960953e+09 
18168 0.000000e+00 0.000000e+00 1.016726e+10 
18169 0.000000e+00 0.000000e+00 1.055249e+10 
18170 0.000000e+00 0.000000e+00 1.065618e+10 
18171 0.000000e+00 0.000000e+00 1.069583e+10 
18172 0.000000e+00 0.000000e+00 1.071965e+10 
18173 0.000000e+00 0.000000e+00 9.964203e+09 
18174 0.000000e+00 0.000000e+00 9.930735e+09 
18175 0.000000e+00 0.000000e+00 9.927054e+09 
18176 0.000000e+00 0.000000e+00 9.927231e+09 
18177 0.000000e+00 0.000000e+00 9.927941e+09 
18178 0.000000e+00 0.000000e+00 9.927757e+09 
18179 0.000000e+00 0.000000e+00 9.948096e+09 
18180 0.000000e+00 0.000000e+00 1.017447e+10 
18181 0.000000e+00 0.000000e+00 1.054669e+10 
18182 0.000000e+00 0.000000e+00 1.056928e+10 
18183 0.000000e+00 0.000000e+00 1.071325e+10 
18184 0.000000e+00 0.000000e+00 1.064415e+10 
18185 0.000000e+00 0.000000e+00 9.962374e+09 
18186 0.000000e+00 0.000000e+00 9.929822e+09 
18187 0.000000e+00 0.000000e+00 9.927470e+09 
18188 0.000000e+00 0.000000e+00 9.927635e+09 
18189 0.000000e+00 0.000000e+00 9.927196e+09 
18190 0.000000e+00 0.000000e+00 9.928586e+09 
18191 0.000000e+00 0.000000e+00 9.927132e+09 
18192 0.000000e+00 0.000000e+00 9.941458e+09 
18193 0.000000e+00 0.000000e+00 1.017411e+10 
18194 0.000000e+00 0.000000e+00 1.064842e+10 
18195 0.000000e+00 0.000000e+00 1.062258e+10 
18196 0.000000e+00 0.000000e+00 1.069309e+10 
18197 0.000000e+00 0.000000e+00 1.068115e+10 
18198 0.000000e+00 0.000000e+00 9.955188e+09 
18199 0.000000e+00 0.000000e+00 9.928065e+09 
18200 0.000000e+00 0.000000e+00 9.927327e+09 
18201 0.000000e+00 0.000000e+00 9.927067e+09 
18202 0.000000e+00 0.000000e+00 9.927524e+09 
18203 0.000000e+00 0.000000e+00 9.931249e+09 
18204 0.000000e+00 0.000000e+00 9.994170e+09 
18205 0.000000e+00 0.000000e+00 1.030400e+10 
18206 0.000000e+00 0.000000e+00 1.057310e+10 
18207 0.000000e+00 0.000000e+00 1.061667e+10 
18208 0.000000e+00 0.000000e+00 1.068699e+10 
18209 0.000000e+00 0.000000e+00 1.070432e+10 
18210 0.000000e+00 0.000000e+00 9.966232e+09 
18211 0.000000e+00 0.000000e+00 9.928906e+09 
18212 0.000000e+00 0.000000e+00 9.926873e+09 
18213 0.000000e+00 0.000000e+00 9.927479e+09 
18214 0.000000e+00 0.000000e+00 9.926828e+09 
18215 0.000000e+00 0.000000e+00 9.929753e+09 
18216 0.000000e+00 0.000000e+00 9.941489e+09 
18217 0.000000e+00 0.000000e+00 1.016781e+10 
18218 0.000000e+00 0.000000e+00 1.036151e+10 
18219 0.000000e+00 0.000000e+00 1.054568e+10 
18220 0.000000e+00 0.000000e+00 1.062173e+10 
18221 0.000000e+00 0.000000e+00 1.069865e+10 
18222 0.000000e+00 0.000000e+00 1.008853e+10 
18223 0.000000e+00 0.000000e+00 1.008764e+10 
18224 0.000000e+00 0.000000e+00 1.019086e+10 
18225 0.000000e+00 0.000000e+00 1.038683e+10 
18226 0.000000e+00 0.000000e+00 1.046932e+10 
18227 0.000000e+00 0.000000e+00 1.056760e+10 
18228 0.000000e+00 0.000000e+00 1.062466e+10 
18229 0.000000e+00 0.000000e+00 1.066942e+10 
18230 0.000000e+00 0.000000e+00 1.067405e+10 
18231 0.000000e+00 0.000000e+00 9.962305e+09 
18232 0.000000e+00 0.000000e+00 9.928982e+09 
18233 0.000000e+00 0.000000e+00 9.927321e+09 
18234 0.000000e+00 0.000000e+00 9.927072e+09 
18235 0.000000e+00 0.000000e+00 9.927407e+09 
18236 0.000000e+00 0.000000e+00 9.926586e+09 
18237 0.000000e+00 0.000000e+00 9.933302e+09 
18238 0.000000e+00 0.000000e+00 1.001927e+10 
18239 0.000000e+00 0.000000e+00 1.042891e+10 
18240 0.000000e+00 0.000000e+00 1.058471e+10 
18241 0.000000e+00 0.000000e+00 1.068125e+10 
18242 0.000000e+00 0.000000e+00 1.066300e+10 
18243 0.000000e+00 0.000000e+00 9.972608e+09 
18244 0.000000e+00 0.000000e+00 9.931829e+09 
18245 0.000000e+00 0.000000e+00 9.926937e+09 
18246 0.000000e+00 0.000000e+00 9.927214e+09 
18247 0.000000e+00 0.000000e+00 9.926871e+09 
18248 0.000000e+00 0.000000e+00 9.927211e+09 
18249 0.000000e+00 0.000000e+00 9.927813e+09 
18250 0.000000e+00 0.000000e+00 9.950107e+09 
18251 0.000000e+00 0.000000e+00 1.018182e+10 
18252 0.000000e+00 0.000000e+00 1.043571e+10 
18253 0.000000e+00 0.000000e+00 1.062791e+10 
18254 0.000000e+00 0.000000e+00 1.065413e+10 
18255 0.000000e+00 0.000000e+00 1.069979e+10 
18256 0.000000e+00 0.000000e+00 9.956686e+09 
18257 0.000000e+00 0.000000e+00 9.927738e+09 
18258 0.000000e+00 0.000000e+00 9.927236e+09 
18259 0.000000e+00 0.000000e+00 9.929722e+09 
18260 0.000000e+00 0.000000e+00 9.928033e+09 
18261 0.000000e+00 0.000000e+00 9.957838e+09 
18262 0.000000e+00 0.000000e+00 1.013012e+10 
18263 0.000000e+00 0.000000e+00 1.042377e+10 
18264 0.000000e+00 0.000000e+00 1.054089e+10 
18265 0.000000e+00 0.000000e+00 1.066137e+10 
18266 0.000000e+00 0.000000e+00 1.062458e+10 
18267 0.000000e+00 0.000000e+00 1.073566e+10 
18268 0.000000e+00 0.000000e+00 9.977139e+09 
18269 0.000000e+00 0.000000e+00 9.934529e+09 
18270 0.000000e+00 0.000000e+00 9.926923e+09 
18271 0.000000e+00 0.000000e+00 9.927811e+09 
18272 0.000000e+00 0.000000e+00 9.927028e+09 
18273 0.000000e+00 0.000000e+00 9.930423e+09 
18274 0.000000e+00 0.000000e+00 9.936080e+09 
18275 0.000000e+00 0.000000e+00 1.012513e+10 
18276 0.000000e+00 0.000000e+00 1.044088e+10 
18277 0.000000e+00 0.000000e+00 1.059496e+10 
18278 0.000000e+00 0.000000e+00 1.064479e+10 
18279 0.000000e+00 0.000000e+00 1.072951e+10 
18280 0.000000e+00 0.000000e+00 1.067694e+10 
18281 0.000000e+00 0.000000e+00 9.958749e+09 
18282 0.000000e+00 0.000000e+00 9.927667e+09 
18283 0.000000e+00 0.000000e+00 9.927312e+09 
18284 0.000000e+00 0.000000e+00 9.927191e+09 
18285 0.000000e+00 0.000000e+00 9.927946e+09 
18286 0.000000e+00 0.000000e+00 9.931267e+09 
18287 0.000000e+00 0.000000e+00 9.974085e+09 
18288 0.000000e+00 0.000000e+00 1.016992e+10 
18289 0.000000e+00 0.000000e+00 1.050528e+10 
18290 0.000000e+00 0.000000e+00 1.065436e+10 
18291 0.000000e+00 0.000000e+00 1.070357e+10 
18292 0.000000e+00 0.000000e+00 1.046680e+10 
18293 0.000000e+00 0.000000e+00 1.047811e+10 
18294 0.000000e+00 0.000000e+00 1.056666e+10 
18295 0.000000e+00 0.000000e+00 1.063890e+10 
18296 0.000000e+00 0.000000e+00 1.065888e+10 
18297 0.000000e+00 0.000000e+00 1.070824e+10 
18298 0.000000e+00 0.000000e+00 9.964826e+09 
18299 0.000000e+00 0.000000e+00 9.931048e+09 
18300 0.000000e+00 0.000000e+00 9.926909e+09 
18301 0.000000e+00 0.000000e+00 9.926817e+09 
18302 0.000000e+00 0.000000e+00 9.927097e+09 
18303 0.000000e+00 0.000000e+00 9.927054e+09 
18304 0.000000e+00 0.000000e+00 9.931058e+09 
18305 0.000000e+00 0.000000e+00 9.999792e+09 
18306 0.000000e+00 0.000000e+00 1.038386e+10 
18307 0.000000e+00 0.000000e+00 1.058783e+10 
18308 0.000000e+00 0.000000e+00 1.069282e+10 
18309 0.000000e+00 0.000000e+00 1.067241e+10 
18310 0.000000e+00 0.000000e+00 9.966931e+09 
18311 0.000000e+00 0.000000e+00 9.930412e+09 
18312 0.000000e+00 0.000000e+00 9.926915e+09 
18313 0.000000e+00 0.000000e+00 9.926958e+09 
18314 0.000000e+00 0.000000e+00 9.927262e+09 
18315 0.000000e+00 0.000000e+00 9.926873e+09 
18316 0.000000e+00 0.000000e+00 9.928373e+09 
18317 0.000000e+00 0.000000e+00 9.936257e+09 
18318 0.000000e+00 0.000000e+00 1.022389e+10 
18319 0.000000e+00 0.000000e+00 1.043089e+10 
18320 0.000000e+00 0.000000e+00 1.066317e+10 
18321 0.000000e+00 0.000000e+00 1.063951e+10 
18322 0.000000e+00 0.000000e+00 1.073723e+10 
18323 0.000000e+00 0.000000e+00 9.967251e+09 
18324 0.000000e+00 0.000000e+00 9.929667e+09 
18325 0.000000e+00 0.000000e+00 9.926933e+09 
18326 0.000000e+00 0.000000e+00 9.927474e+09 
18327 0.000000e+00 0.000000e+00 9.927809e+09 
18328 0.000000e+00 0.000000e+00 9.934874e+09 
18329 0.000000e+00 0.000000e+00 9.986664e+09 
18330 0.000000e+00 0.000000e+00 1.025862e+10 
18331 0.000000e+00 0.000000e+00 1.040519e+10 
18332 0.000000e+00 0.000000e+00 1.064526e+10 
18333 0.000000e+00 0.000000e+00 1.067205e+10 
18334 0.000000e+00 0.000000e+00 1.069739e+10 
18335 0.000000e+00 0.000000e+00 9.972946e+09 
18336 0.000000e+00 0.000000e+00 9.934128e+09 
18337 0.000000e+00 0.000000e+00 9.926555e+09 
18338 0.000000e+00 0.000000e+00 9.927361e+09 
18339 0.000000e+00 0.000000e+00 9.926882e+09 
18340 0.000000e+00 0.000000e+00 9.927318e+09 
18341 0.000000e+00 0.000000e+00 9.927124e+09 
18342 0.000000e+00 0.000000e+00 9.939856e+09 
18343 0.000000e+00 0.000000e+00 1.019080e+10 
18344 0.000000e+00 0.000000e+00 1.049671e+10 
18345 0.000000e+00 0.000000e+00 1.062869e+10 
18346 0.000000e+00 0.000000e+00 1.069130e+10 
18347 0.000000e+00 0.000000e+00 1.009183e+10 
18348 0.000000e+00 0.000000e+00 1.008519e+10 
18349 0.000000e+00 0.000000e+00 1.017855e+10 
18350 0.000000e+00 0.000000e+00 1.036891e+10 
18351 0.000000e+00 0.000000e+00 1.048354e+10 
18352 0.000000e+00 0.000000e+00 1.054549e+10 
18353 0.000000e+00 0.000000e+00 1.063220e+10 
18354 0.000000e+00 0.000000e+00 1.066442e+10 
18355 0.000000e+00 0.000000e+00 1.043642e+10 
18356 0.000000e+00 0.000000e+00 1.048960e+10 
18357 0.000000e+00 0.000000e+00 1.058999e+10 
18358 0.000000e+00 0.000000e+00 1.065773e+10 
18359 0.000000e+00 0.000000e+00 1.066196e+10 
18360 0.000000e+00 0.000000e+00 1.071059e+10 
18361 0.000000e+00 0.000000e+00 9.965673e+09 
18362 0.000000e+00 0.000000e+00 9.930712e+09 
18363 0.000000e+00 0.000000e+00 9.926553e+09 
18364 0.000000e+00 0.000000e+00 9.927083e+09 
18365 0.000000e+00 0.000000e+00 9.926686e+09 
18366 0.000000e+00 0.000000e+00 9.929338e+09 
18367 0.000000e+00 0.000000e+00 9.945449e+09 
18368 0.000000e+00 0.000000e+00 1.017079e+10 
18369 0.000000e+00 0.000000e+00 1.051677e+10 
18370 0.000000e+00 0.000000e+00 1.062567e+10 
18371 0.000000e+00 0.000000e+00 1.064114e+10 
18372 0.000000e+00 0.000000e+00 1.072126e+10 
18373 0.000000e+00 0.000000e+00 9.979125e+09 
18374 0.000000e+00 0.000000e+00 9.934782e+09 
18375 0.000000e+00 0.000000e+00 9.927469e+09 
18376 0.000000e+00 0.000000e+00 9.928025e+09 
18377 0.000000e+00 0.000000e+00 9.926923e+09 
18378 0.000000e+00 0.000000e+00 9.926999e+09 
18379 0.000000e+00 0.000000e+00 9.928071e+09 
18380 0.000000e+00 0.000000e+00 9.934472e+09 
18381 0.000000e+00 0.000000e+00 1.015092e+10 
18382 0.000000e+00 0.000000e+00 1.059853e+10 
18383 0.000000e+00 0.000000e+00 1.064029e+10 
18384 0.000000e+00 0.000000e+00 1.069363e+10 
18385 0.000000e+00 0.000000e+00 1.006766e+10 
18386 0.000000e+00 0.000000e+00 1.007578e+10 
18387 0.000000e+00 0.000000e+00 1.013707e+10 
18388 0.000000e+00 0.000000e+00 1.030311e+10 
18389 0.000000e+00 0.000000e+00 1.046898e+10 
18390 0.000000e+00 0.000000e+00 1.056276e+10 
18391 0.000000e+00 0.000000e+00 1.059699e+10 
18392 0.000000e+00 0.000000e+00 1.065956e+10 
18393 0.000000e+00 0.000000e+00 1.068873e+10 
18394 0.000000e+00 0.000000e+00 1.050959e+10 
18395 0.000000e+00 0.000000e+00 1.056383e+10 
18396 0.000000e+00 0.000000e+00 1.061279e+10 
18397 0.000000e+00 0.000000e+00 1.067358e+10 
18398 0.000000e+00 0.000000e+00 1.068692e+10 
18399 0.000000e+00 0.000000e+00 9.963814e+09 
18400 0.000000e+00 0.000000e+00 9.929040e+09 
18401 0.000000e+00 0.000000e+00 9.926976e+09 
18402 0.000000e+00 0.000000e+00 9.927213e+09 
18403 0.000000e+00 0.000000e+00 9.927348e+09 
18404 0.000000e+00 0.000000e+00 9.926909e+09 
18405 0.000000e+00 0.000000e+00 9.935129e+09 
18406 0.000000e+00 0.000000e+00 1.000682e+10 
18407 0.000000e+00 0.000000e+00 1.031935e+10 
18408 0.000000e+00 0.000000e+00 1.057379e+10 
18409 0.000000e+00 0.000000e+00 1.069043e+10 
18410 0.000000e+00 0.000000e+00 1.063490e+10 
18411 0.000000e+00 0.000000e+00 1.071694e+10 
18412 0.000000e+00 0.000000e+00 9.963667e+09 
18413 0.000000e+00 0.000000e+00 9.929442e+09 
18414 0.000000e+00 0.000000e+00 9.928297e+09 
18415 0.000000e+00 0.000000e+00 9.928028e+09 
18416 0.000000e+00 0.000000e+00 9.931195e+09 
18417 0.000000e+00 0.000000e+00 9.950483e+09 
18418 0.000000e+00 0.000000e+00 1.005759e+10 
18419 0.000000e+00 0.000000e+00 1.037701e+10 
18420 0.000000e+00 0.000000e+00 1.060342e+10 
18421 0.000000e+00 0.000000e+00 1.065074e+10 
18422 0.000000e+00 0.000000e+00 1.065192e+10 
18423 0.000000e+00 0.000000e+00 1.050098e+10 
18424 0.000000e+00 0.000000e+00 1.049219e+10 
18425 0.000000e+00 0.000000e+00 1.058589e+10 
18426 0.000000e+00 0.000000e+00 1.061002e+10 
18427 0.000000e+00 0.000000e+00 1.069500e+10 
18428 0.000000e+00 0.000000e+00 1.046640e+10 
18429 0.000000e+00 0.000000e+00 1.052096e+10 
18430 0.000000e+00 0.000000e+00 1.057759e+10 
18431 0.000000e+00 0.000000e+00 1.064916e+10 
18432 0.000000e+00 0.000000e+00 1.066765e+10 
18433 0.000000e+00 0.000000e+00 1.008713e+10 
18434 0.000000e+00 0.000000e+00 1.005388e+10 
18435 0.000000e+00 0.000000e+00 1.016845e+10 
18436 0.000000e+00 0.000000e+00 1.034276e+10 
18437 0.000000e+00 0.000000e+00 1.046059e+10 
18438 0.000000e+00 0.000000e+00 1.054374e+10 
18439 0.000000e+00 0.000000e+00 1.065176e+10 
18440 0.000000e+00 0.000000e+00 1.065338e+10 
18441 0.000000e+00 0.000000e+00 1.045045e+10 
18442 0.000000e+00 0.000000e+00 1.046757e+10 
18443 0.000000e+00 0.000000e+00 1.061046e+10 
18444 0.000000e+00 0.000000e+00 1.064040e+10 
18445 0.000000e+00 0.000000e+00 1.068110e+10 
18446 0.000000e+00 0.000000e+00 1.068425e+10 
18447 0.000000e+00 0.000000e+00 9.964630e+09 
18448 0.000000e+00 0.000000e+00 9.928763e+09 
18449 0.000000e+00 0.000000e+00 9.927714e+09 
18450 0.000000e+00 0.000000e+00 9.927285e+09 
18451 0.000000e+00 0.000000e+00 9.926886e+09 
18452 0.000000e+00 0.000000e+00 9.927567e+09 
18453 0.000000e+00 0.000000e+00 9.928204e+09 
18454 0.000000e+00 0.000000e+00 9.981857e+09 
18455 0.000000e+00 0.000000e+00 1.034863e+10 
18456 0.000000e+00 0.000000e+00 1.061893e+10 
18457 0.000000e+00 0.000000e+00 1.066866e+10 
18458 0.000000e+00 0.000000e+00 1.069198e+10 
18459 0.000000e+00 0.000000e+00 1.010473e+10 
18460 0.000000e+00 0.000000e+00 1.012951e+10 
18461 0.000000e+00 0.000000e+00 1.021457e+10 
18462 0.000000e+00 0.000000e+00 1.039835e+10 
18463 0.000000e+00 0.000000e+00 1.050256e+10 
18464 0.000000e+00 0.000000e+00 1.059163e+10 
18465 0.000000e+00 0.000000e+00 1.062954e+10 
18466 0.000000e+00 0.000000e+00 1.067620e+10 
18467 0.000000e+00 0.000000e+00 1.000415e+10 
18468 0.000000e+00 0.000000e+00 9.942918e+09 
18469 0.000000e+00 0.000000e+00 9.928119e+09 
18470 0.000000e+00 0.000000e+00 9.926993e+09 
18471 0.000000e+00 0.000000e+00 9.927045e+09 
18472 0.000000e+00 0.000000e+00 9.926756e+09 
18473 0.000000e+00 0.000000e+00 9.928330e+09 
18474 0.000000e+00 0.000000e+00 9.935054e+09 
18475 0.000000e+00 0.000000e+00 1.006823e+10 
18476 0.000000e+00 0.000000e+00 1.033081e+10 
18477 0.000000e+00 0.000000e+00 1.060488e+10 
18478 0.000000e+00 0.000000e+00 1.065198e+10 
18479 0.000000e+00 0.000000e+00 1.069904e+10 
18480 0.000000e+00 0.000000e+00 1.051221e+10 
18481 0.000000e+00 0.000000e+00 1.054441e+10 
18482 0.000000e+00 0.000000e+00 1.065993e+10 
18483 0.000000e+00 0.000000e+00 1.068317e+10 
18484 0.000000e+00 0.000000e+00 1.066512e+10 
18485 0.000000e+00 0.000000e+00 1.013004e+10 
18486 0.000000e+00 0.000000e+00 1.013268e+10 
18487 0.000000e+00 0.000000e+00 1.025904e+10 
18488 0.000000e+00 0.000000e+00 1.039485e+10 
18489 0.000000e+00 0.000000e+00 1.049323e+10 
18490 0.000000e+00 0.000000e+00 1.059932e+10 
18491 0.000000e+00 0.000000e+00 1.063098e+10 
18492 0.000000e+00 0.000000e+00 1.068785e+10 
18493 0.000000e+00 0.000000e+00 9.986592e+09 
18494 0.000000e+00 0.000000e+00 9.935402e+09 
18495 0.000000e+00 0.000000e+00 9.926650e+09 
18496 0.000000e+00 0.000000e+00 9.926937e+09 
18497 0.000000e+00 0.000000e+00 9.929784e+09 
18498 0.000000e+00 0.000000e+00 9.926458e+09 
18499 0.000000e+00 0.000000e+00 9.933606e+09 
18500 0.000000e+00 0.000000e+00 9.960585e+09 
18501 0.000000e+00 0.000000e+00 1.029022e+10 
18502 0.000000e+00 0.000000e+00 1.052859e+10 
18503 0.000000e+00 0.000000e+00 1.066088e+10 
18504 0.000000e+00 0.000000e+00 1.063323e+10 
18505 0.000000e+00 0.000000e+00 1.071636e+10 
18506 0.000000e+00 0.000000e+00 9.976018e+09 
18507 0.000000e+00 0.000000e+00 9.933444e+09 
18508 0.000000e+00 0.000000e+00 9.927445e+09 
18509 0.000000e+00 0.000000e+00 9.926798e+09 
18510 0.000000e+00 0.000000e+00 9.927226e+09 
18511 0.000000e+00 0.000000e+00 9.926701e+09 
18512 0.000000e+00 0.000000e+00 9.938799e+09 
18513 0.000000e+00 0.000000e+00 1.004120e+10 
18514 0.000000e+00 0.000000e+00 1.038293e+10 
18515 0.000000e+00 0.000000e+00 1.049013e+10 
18516 0.000000e+00 0.000000e+00 1.071655e+10 
18517 0.000000e+00 0.000000e+00 1.065013e+10 
18518 0.000000e+00 0.000000e+00 1.009399e+10 
18519 0.000000e+00 0.000000e+00 1.007684e+10 
18520 0.000000e+00 0.000000e+00 1.019147e+10 
18521 0.000000e+00 0.000000e+00 1.033216e+10 
18522 0.000000e+00 0.000000e+00 1.049570e+10 
18523 0.000000e+00 0.000000e+00 1.052955e+10 
18524 0.000000e+00 0.000000e+00 1.068143e+10 
18525 0.000000e+00 0.000000e+00 1.065380e+10 
18526 0.000000e+00 0.000000e+00 1.070238e+10 
18527 0.000000e+00 0.000000e+00 1.012105e+10 
18528 0.000000e+00 0.000000e+00 1.014641e+10 
18529 0.000000e+00 0.000000e+00 1.022264e+10 
18530 0.000000e+00 0.000000e+00 1.042992e+10 
18531 0.000000e+00 0.000000e+00 1.047393e+10 
18532 0.000000e+00 0.000000e+00 1.062224e+10 
18533 0.000000e+00 0.000000e+00 1.061160e+10 
18534 0.000000e+00 0.000000e+00 1.073870e+10 
18535 0.000000e+00 0.000000e+00 1.006671e+10 
18536 0.000000e+00 0.000000e+00 1.007351e+10 
18537 0.000000e+00 0.000000e+00 1.011877e+10 
18538 0.000000e+00 0.000000e+00 1.031693e+10 
18539 0.000000e+00 0.000000e+00 1.042572e+10 
18540 0.000000e+00 0.000000e+00 1.059115e+10 
18541 0.000000e+00 0.000000e+00 1.060275e+10 
18542 0.000000e+00 0.000000e+00 1.067978e+10 
18543 0.000000e+00 0.000000e+00 1.068831e+10 
18544 0.000000e+00 0.000000e+00 9.970395e+09 
18545 0.000000e+00 0.000000e+00 9.930302e+09 
18546 0.000000e+00 0.000000e+00 9.926663e+09 
18547 0.000000e+00 0.000000e+00 9.927010e+09 
18548 0.000000e+00 0.000000e+00 9.926724e+09 
18549 0.000000e+00 0.000000e+00 9.927528e+09 
18550 0.000000e+00 0.000000e+00 9.926867e+09 
18551 0.000000e+00 0.000000e+00 9.956829e+09 
18552 0.000000e+00 0.000000e+00 1.011210e+10 
18553 0.000000e+00 0.000000e+00 1.053654e+10 
18554 0.000000e+00 0.000000e+00 1.063208e+10 
18555 0.000000e+00 0.000000e+00 1.071576e+10 
18556 0.000000e+00 0.000000e+00 1.070044e+10 
18557 0.000000e+00 0.000000e+00 9.961315e+09 
18558 0.000000e+00 0.000000e+00 9.928142e+09 
18559 0.000000e+00 0.000000e+00 9.927638e+09 
18560 0.000000e+00 0.000000e+00 9.931370e+09 
18561 0.000000e+00 0.000000e+00 9.928105e+09 
18562 0.000000e+00 0.000000e+00 9.929571e+09 
18563 0.000000e+00 0.000000e+00 9.961671e+09 
18564 0.000000e+00 0.000000e+00 1.019329e+10 
18565 0.000000e+00 0.000000e+00 1.057058e+10 
18566 0.000000e+00 0.000000e+00 1.057626e+10 
18567 0.000000e+00 0.000000e+00 1.067997e+10 
18568 0.000000e+00 0.000000e+00 1.067154e+10 
18569 0.000000e+00 0.000000e+00 1.013204e+10 
18570 0.000000e+00 0.000000e+00 1.009933e+10 
18571 0.000000e+00 0.000000e+00 1.029542e+10 
18572 0.000000e+00 0.000000e+00 1.039842e+10 
18573 0.000000e+00 0.000000e+00 1.057771e+10 
18574 0.000000e+00 0.000000e+00 1.058491e+10 
18575 0.000000e+00 0.000000e+00 1.066326e+10 
18576 0.000000e+00 0.000000e+00 1.066351e+10 
18577 0.000000e+00 0.000000e+00 1.073149e+10 
18578 0.000000e+00 0.000000e+00 9.965135e+09 
18579 0.000000e+00 0.000000e+00 9.930354e+09 
18580 0.000000e+00 0.000000e+00 9.926670e+09 
18581 0.000000e+00 0.000000e+00 9.928086e+09 
18582 0.000000e+00 0.000000e+00 9.926755e+09 
18583 0.000000e+00 0.000000e+00 9.934664e+09 
18584 0.000000e+00 0.000000e+00 9.987933e+09 
18585 0.000000e+00 0.000000e+00 1.038299e+10 
18586 0.000000e+00 0.000000e+00 1.056281e+10 
18587 0.000000e+00 0.000000e+00 1.061855e+10 
18588 0.000000e+00 0.000000e+00 1.062808e+10 
18589 0.000000e+00 0.000000e+00 1.073404e+10 
18590 0.000000e+00 0.000000e+00 1.067300e+10 
18591 0.000000e+00 0.000000e+00 9.957021e+09 
18592 0.000000e+00 0.000000e+00 9.930819e+09 
18593 0.000000e+00 0.000000e+00 9.931897e+09 
18594 0.000000e+00 0.000000e+00 9.934341e+09 
18595 0.000000e+00 0.000000e+00 9.956198e+09 
18596 0.000000e+00 0.000000e+00 1.004727e+10 
18597 0.000000e+00 0.000000e+00 1.022184e+10 
18598 0.000000e+00 0.000000e+00 1.041605e+10 
18599 0.000000e+00 0.000000e+00 1.062612e+10 
18600 0.000000e+00 0.000000e+00 1.065050e+10 
18601 0.000000e+00 0.000000e+00 1.067869e+10 
18602 0.000000e+00 0.000000e+00 1.007853e+10 
18603 0.000000e+00 0.000000e+00 1.006625e+10 
18604 0.000000e+00 0.000000e+00 1.016755e+10 
18605 0.000000e+00 0.000000e+00 1.037936e+10 
18606 0.000000e+00 0.000000e+00 1.047564e+10 
18607 0.000000e+00 0.000000e+00 1.055911e+10 
18608 0.000000e+00 0.000000e+00 1.060632e+10 
18609 0.000000e+00 0.000000e+00 1.068574e+10 
18610 0.000000e+00 0.000000e+00 1.068989e+10 
18611 0.000000e+00 0.000000e+00 1.013077e+10 
18612 0.000000e+00 0.000000e+00 1.010419e+10 
18613 0.000000e+00 0.000000e+00 1.025914e+10 
18614 0.000000e+00 0.000000e+00 1.040400e+10 
18615 0.000000e+00 0.000000e+00 1.053527e+10 
18616 0.000000e+00 0.000000e+00 1.057864e+10 
18617 0.000000e+00 0.000000e+00 1.065010e+10 
18618 0.000000e+00 0.000000e+00 1.066292e+10 
18619 0.000000e+00 0.000000e+00 1.070235e+10 
18620 0.000000e+00 0.000000e+00 9.963367e+09 
18621 0.000000e+00 0.000000e+00 9.930291e+09 
18622 0.000000e+00 0.000000e+00 9.927454e+09 
18623 0.000000e+00 0.000000e+00 9.927272e+09 
18624 0.000000e+00 0.000000e+00 9.926950e+09 
18625 0.000000e+00 0.000000e+00 9.928186e+09 
18626 0.000000e+00 0.000000e+00 9.928711e+09 
18627 0.000000e+00 0.000000e+00 1.002847e+10 
18628 0.000000e+00 0.000000e+00 1.040176e+10 
18629 0.000000e+00 0.000000e+00 1.065193e+10 
18630 0.000000e+00 0.000000e+00 1.063253e+10 
18631 0.000000e+00 0.000000e+00 1.073072e+10 
18632 0.000000e+00 0.000000e+00 9.977962e+09 
18633 0.000000e+00 0.000000e+00 9.932592e+09 
18634 0.000000e+00 0.000000e+00 9.927343e+09 
18635 0.000000e+00 0.000000e+00 9.926596e+09 
18636 0.000000e+00 0.000000e+00 9.927700e+09 
18637 0.000000e+00 0.000000e+00 9.926820e+09 
18638 0.000000e+00 0.000000e+00 9.930409e+09 
18639 0.000000e+00 0.000000e+00 9.963947e+09 
18640 0.000000e+00 0.000000e+00 1.021090e+10 
18641 0.000000e+00 0.000000e+00 1.050331e+10 
18642 0.000000e+00 0.000000e+00 1.066131e+10 
18643 0.000000e+00 0.000000e+00 1.067248e+10 
18644 0.000000e+00 0.000000e+00 9.976576e+09 
18645 0.000000e+00 0.000000e+00 9.933521e+09 
18646 0.000000e+00 0.000000e+00 9.926765e+09 
18647 0.000000e+00 0.000000e+00 9.927192e+09 
18648 0.000000e+00 0.000000e+00 9.927310e+09 
18649 0.000000e+00 0.000000e+00 9.927371e+09 
18650 0.000000e+00 0.000000e+00 9.928601e+09 
18651 0.000000e+00 0.000000e+00 9.935568e+09 
18652 0.000000e+00 0.000000e+00 1.006101e+10 
18653 0.000000e+00 0.000000e+00 1.042579e+10 
18654 0.000000e+00 0.000000e+00 1.065057e+10 
18655 0.000000e+00 0.000000e+00 1.065483e+10 
18656 0.000000e+00 0.000000e+00 1.068938e+10 
18657 0.000000e+00 0.000000e+00 9.969787e+09 
18658 0.000000e+00 0.000000e+00 9.931855e+09 
18659 0.000000e+00 0.000000e+00 9.927700e+09 
18660 0.000000e+00 0.000000e+00 9.926948e+09 
18661 0.000000e+00 0.000000e+00 9.927091e+09 
18662 0.000000e+00 0.000000e+00 9.927284e+09 
18663 0.000000e+00 0.000000e+00 9.928467e+09 
18664 0.000000e+00 0.000000e+00 9.998663e+09 
18665 0.000000e+00 0.000000e+00 1.045785e+10 
18666 0.000000e+00 0.000000e+00 1.064589e+10 
18667 0.000000e+00 0.000000e+00 1.066070e+10 
18668 0.000000e+00 0.000000e+00 1.071347e+10 
18669 0.000000e+00 0.000000e+00 9.986851e+09 
18670 0.000000e+00 0.000000e+00 9.937262e+09 
18671 0.000000e+00 0.000000e+00 9.927396e+09 
18672 0.000000e+00 0.000000e+00 9.926885e+09 
18673 0.000000e+00 0.000000e+00 9.927275e+09 
18674 0.000000e+00 0.000000e+00 9.927005e+09 
18675 0.000000e+00 0.000000e+00 9.927309e+09 
18676 0.000000e+00 0.000000e+00 9.929285e+09 
18677 0.000000e+00 0.000000e+00 1.004129e+10 
18678 0.000000e+00 0.000000e+00 1.051219e+10 
18679 0.000000e+00 0.000000e+00 1.066484e+10 
18680 0.000000e+00 0.000000e+00 1.068838e+10 
18681 0.000000e+00 0.000000e+00 1.051149e+10 
18682 0.000000e+00 0.000000e+00 1.048360e+10 
18683 0.000000e+00 0.000000e+00 1.062023e+10 
18684 0.000000e+00 0.000000e+00 1.062532e+10 
18685 0.000000e+00 0.000000e+00 1.069688e+10 
18686 0.000000e+00 0.000000e+00 1.007705e+10 
18687 0.000000e+00 0.000000e+00 1.006319e+10 
18688 0.000000e+00 0.000000e+00 1.016959e+10 
18689 0.000000e+00 0.000000e+00 1.035678e+10 
18690 0.000000e+00 0.000000e+00 1.042480e+10 
18691 0.000000e+00 0.000000e+00 1.056858e+10 
18692 0.000000e+00 0.000000e+00 1.061225e+10 
18693 0.000000e+00 0.000000e+00 1.068462e+10 
18694 0.000000e+00 0.000000e+00 1.066146e+10 
18695 0.000000e+00 0.000000e+00 9.965880e+09 
18696 0.000000e+00 0.000000e+00 9.929180e+09 
18697 0.000000e+00 0.000000e+00 9.926865e+09 
18698 0.000000e+00 0.000000e+00 9.927038e+09 
18699 0.000000e+00 0.000000e+00 9.927573e+09 
18700 0.000000e+00 0.000000e+00 9.926604e+09 
18701 0.000000e+00 0.000000e+00 9.930707e+09 
18702 0.000000e+00 0.000000e+00 9.990556e+09 
18703 0.000000e+00 0.000000e+00 1.045977e+10 
18704 0.000000e+00 0.000000e+00 1.055153e+10 
18705 0.000000e+00 0.000000e+00 1.072067e+10 
18706 0.000000e+00 0.000000e+00 1.063353e+10 
18707 0.000000e+00 0.000000e+00 9.975009e+09 
18708 0.000000e+00 0.000000e+00 9.931618e+09 
18709 0.000000e+00 0.000000e+00 9.926685e+09 
18710 0.000000e+00 0.000000e+00 9.927117e+09 
18711 0.000000e+00 0.000000e+00 9.927086e+09 
18712 0.000000e+00 0.000000e+00 9.927529e+09 
18713 0.000000e+00 0.000000e+00 9.927172e+09 
18714 0.000000e+00 0.000000e+00 9.932724e+09 
18715 0.000000e+00 0.000000e+00 1.005344e+10 
18716 0.000000e+00 0.000000e+00 1.044506e+10 
18717 0.000000e+00 0.000000e+00 1.065317e+10 
18718 0.000000e+00 0.000000e+00 1.067779e+10 
18719 0.000000e+00 0.000000e+00 1.068522e+10 
18720 0.000000e+00 0.000000e+00 9.971759e+09 
18721 0.000000e+00 0.000000e+00 9.932004e+09 
18722 0.000000e+00 0.000000e+00 9.927246e+09 
18723 0.000000e+00 0.000000e+00 9.927063e+09 
18724 0.000000e+00 0.000000e+00 9.926933e+09 
18725 0.000000e+00 0.000000e+00 9.927470e+09 
18726 0.000000e+00 0.000000e+00 9.927079e+09 
18727 0.000000e+00 0.000000e+00 9.942449e+09 
18728 0.000000e+00 0.000000e+00 1.017664e+10 
18729 0.000000e+00 0.000000e+00 1.068206e+10 
18730 0.000000e+00 0.000000e+00 1.062369e+10 
18731 0.000000e+00 0.000000e+00 1.072672e+10 
18732 0.000000e+00 0.000000e+00 9.986497e+09 
18733 0.000000e+00 0.000000e+00 9.937217e+09 
18734 0.000000e+00 0.000000e+00 9.927979e+09 
18735 0.000000e+00 0.000000e+00 9.926881e+09 
18736 0.000000e+00 0.000000e+00 9.927444e+09 
18737 0.000000e+00 0.000000e+00 9.927039e+09 
18738 0.000000e+00 0.000000e+00 9.928953e+09 
18739 0.000000e+00 0.000000e+00 9.938737e+09 
18740 0.000000e+00 0.000000e+00 1.015692e+10 
18741 0.000000e+00 0.000000e+00 1.050931e+10 
18742 0.000000e+00 0.000000e+00 1.067957e+10 
18743 0.000000e+00 0.000000e+00 1.064421e+10 
18744 0.000000e+00 0.000000e+00 1.050580e+10 
18745 0.000000e+00 0.000000e+00 1.048098e+10 
18746 0.000000e+00 0.000000e+00 1.061751e+10 
18747 0.000000e+00 0.000000e+00 1.061586e+10 
18748 0.000000e+00 0.000000e+00 1.069005e+10 
18749 0.000000e+00 0.000000e+00 1.007780e+10 
18750 0.000000e+00 0.000000e+00 1.007146e+10 
18751 0.000000e+00 0.000000e+00 1.013175e+10 
18752 0.000000e+00 0.000000e+00 1.035422e+10 
18753 0.000000e+00 0.000000e+00 1.046959e+10 
18754 0.000000e+00 0.000000e+00 1.058273e+10 
18755 0.000000e+00 0.000000e+00 1.060301e+10 
18756 0.000000e+00 0.000000e+00 1.068874e+10 
18757 0.000000e+00 0.000000e+00 1.069345e+10 
18758 0.000000e+00 0.000000e+00 1.054351e+10 
18759 0.000000e+00 0.000000e+00 1.052619e+10 
18760 0.000000e+00 0.000000e+00 1.063382e+10 
18761 0.000000e+00 0.000000e+00 1.063272e+10 
18762 0.000000e+00 0.000000e+00 1.072475e+10 
18763 0.000000e+00 0.000000e+00 9.973639e+09 
18764 0.000000e+00 0.000000e+00 9.933065e+09 
18765 0.000000e+00 0.000000e+00 9.926595e+09 
18766 0.000000e+00 0.000000e+00 9.927208e+09 
18767 0.000000e+00 0.000000e+00 9.928086e+09 
18768 0.000000e+00 0.000000e+00 9.928325e+09 
18769 0.000000e+00 0.000000e+00 9.968290e+09 
18770 0.000000e+00 0.000000e+00 1.014730e+10 
18771 0.000000e+00 0.000000e+00 1.041918e+10 
18772 0.000000e+00 0.000000e+00 1.054399e+10 
18773 0.000000e+00 0.000000e+00 1.068791e+10 
18774 0.000000e+00 0.000000e+00 1.065302e+10 
18775 0.000000e+00 0.000000e+00 1.072195e+10 
18776 0.000000e+00 0.000000e+00 9.963734e+09 
18777 0.000000e+00 0.000000e+00 9.930744e+09 
18778 0.000000e+00 0.000000e+00 9.927949e+09 
18779 0.000000e+00 0.000000e+00 9.928331e+09 
18780 0.000000e+00 0.000000e+00 9.929955e+09 
18781 0.000000e+00 0.000000e+00 9.949536e+09 
18782 0.000000e+00 0.000000e+00 1.004740e+10 
18783 0.000000e+00 0.000000e+00 1.043223e+10 
18784 0.000000e+00 0.000000e+00 1.057254e+10 
18785 0.000000e+00 0.000000e+00 1.064474e+10 
18786 0.000000e+00 0.000000e+00 1.070258e+10 
18787 0.000000e+00 0.000000e+00 1.006470e+10 
18788 0.000000e+00 0.000000e+00 1.004100e+10 
18789 0.000000e+00 0.000000e+00 1.009989e+10 
18790 0.000000e+00 0.000000e+00 1.027052e+10 
18791 0.000000e+00 0.000000e+00 1.044029e+10 
18792 0.000000e+00 0.000000e+00 1.054016e+10 
18793 0.000000e+00 0.000000e+00 1.064853e+10 
18794 0.000000e+00 0.000000e+00 1.063150e+10 
18795 0.000000e+00 0.000000e+00 1.070153e+10 
18796 0.000000e+00 0.000000e+00 9.985067e+09 
18797 0.000000e+00 0.000000e+00 9.935571e+09 
18798 0.000000e+00 0.000000e+00 9.927750e+09 
18799 0.000000e+00 0.000000e+00 9.926838e+09 
18800 0.000000e+00 0.000000e+00 9.927168e+09 
18801 0.000000e+00 0.000000e+00 9.926627e+09 
18802 0.000000e+00 0.000000e+00 9.928551e+09 
18803 0.000000e+00 0.000000e+00 9.940502e+09 
18804 0.000000e+00 0.000000e+00 1.015486e+10 
18805 0.000000e+00 0.000000e+00 1.041884e+10 
18806 0.000000e+00 0.000000e+00 1.067225e+10 
18807 0.000000e+00 0.000000e+00 1.064975e+10 
18808 0.000000e+00 0.000000e+00 9.992077e+09 
18809 0.000000e+00 0.000000e+00 9.933942e+09 
18810 0.000000e+00 0.000000e+00 9.926729e+09 
18811 0.000000e+00 0.000000e+00 9.927259e+09 
18812 0.000000e+00 0.000000e+00 9.926747e+09 
18813 0.000000e+00 0.000000e+00 9.928494e+09 
18814 0.000000e+00 0.000000e+00 9.927686e+09 
18815 0.000000e+00 0.000000e+00 9.967146e+09 
18816 0.000000e+00 0.000000e+00 1.025957e+10 
18817 0.000000e+00 0.000000e+00 1.057646e+10 
18818 0.000000e+00 0.000000e+00 1.060042e+10 
18819 0.000000e+00 0.000000e+00 1.072196e+10 
18820 0.000000e+00 0.000000e+00 1.070069e+10 
18821 0.000000e+00 0.000000e+00 9.967050e+09 
18822 0.000000e+00 0.000000e+00 9.930168e+09 
18823 0.000000e+00 0.000000e+00 9.927249e+09 
18824 0.000000e+00 0.000000e+00 9.927031e+09 
18825 0.000000e+00 0.000000e+00 9.926964e+09 
18826 0.000000e+00 0.000000e+00 9.927064e+09 
18827 0.000000e+00 0.000000e+00 9.927678e+09 
18828 0.000000e+00 0.000000e+00 9.958557e+09 
18829 0.000000e+00 0.000000e+00 1.029062e+10 
18830 0.000000e+00 0.000000e+00 1.055410e+10 
18831 0.000000e+00 0.000000e+00 1.066883e+10 
18832 0.000000e+00 0.000000e+00 1.067140e+10 
18833 0.000000e+00 0.000000e+00 1.048436e+10 
18834 0.000000e+00 0.000000e+00 1.050594e+10 
18835 0.000000e+00 0.000000e+00 1.058811e+10 
18836 0.000000e+00 0.000000e+00 1.064720e+10 
18837 0.000000e+00 0.000000e+00 1.067691e+10 
18838 0.000000e+00 0.000000e+00 9.976379e+09 
18839 0.000000e+00 0.000000e+00 9.933494e+09 
18840 0.000000e+00 0.000000e+00 9.928374e+09 
18841 0.000000e+00 0.000000e+00 9.926997e+09 
18842 0.000000e+00 0.000000e+00 9.927341e+09 
18843 0.000000e+00 0.000000e+00 9.927051e+09 
18844 0.000000e+00 0.000000e+00 9.928537e+09 
18845 0.000000e+00 0.000000e+00 9.938447e+09 
18846 0.000000e+00 0.000000e+00 1.018217e+10 
18847 0.000000e+00 0.000000e+00 1.043634e+10 
18848 0.000000e+00 0.000000e+00 1.072146e+10 
18849 0.000000e+00 0.000000e+00 1.064976e+10 
18850 0.000000e+00 0.000000e+00 1.073464e+10 
18851 0.000000e+00 0.000000e+00 9.969702e+09 
18852 0.000000e+00 0.000000e+00 9.930807e+09 
18853 0.000000e+00 0.000000e+00 9.927133e+09 
18854 0.000000e+00 0.000000e+00 9.927154e+09 
18855 0.000000e+00 0.000000e+00 9.927315e+09 
18856 0.000000e+00 0.000000e+00 9.927277e+09 
18857 0.000000e+00 0.000000e+00 9.931081e+09 
18858 0.000000e+00 0.000000e+00 9.980698e+09 
18859 0.000000e+00 0.000000e+00 1.042387e+10 
18860 0.000000e+00 0.000000e+00 1.058635e+10 
18861 0.000000e+00 0.000000e+00 1.065081e+10 
18862 0.000000e+00 0.000000e+00 1.070187e+10 
18863 0.000000e+00 0.000000e+00 1.011384e+10 
18864 0.000000e+00 0.000000e+00 1.009185e+10 
18865 0.000000e+00 0.000000e+00 1.020760e+10 
18866 0.000000e+00 0.000000e+00 1.038764e+10 
18867 0.000000e+00 0.000000e+00 1.051819e+10 
18868 0.000000e+00 0.000000e+00 1.054653e+10 
18869 0.000000e+00 0.000000e+00 1.066121e+10 
18870 0.000000e+00 0.000000e+00 1.067479e+10 
18871 0.000000e+00 0.000000e+00 1.005489e+10 
18872 0.000000e+00 0.000000e+00 1.002731e+10 
18873 0.000000e+00 0.000000e+00 1.009687e+10 
18874 0.000000e+00 0.000000e+00 1.022811e+10 
18875 0.000000e+00 0.000000e+00 1.041871e+10 
18876 0.000000e+00 0.000000e+00 1.050263e+10 
18877 0.000000e+00 0.000000e+00 1.061420e+10 
18878 0.000000e+00 0.000000e+00 1.062072e+10 
18879 0.000000e+00 0.000000e+00 1.071402e+10 
18880 0.000000e+00 0.000000e+00 1.009148e+10 
18881 0.000000e+00 0.000000e+00 1.008439e+10 
18882 0.000000e+00 0.000000e+00 1.015121e+10 
18883 0.000000e+00 0.000000e+00 1.033750e+10 
18884 0.000000e+00 0.000000e+00 1.045492e+10 
18885 0.000000e+00 0.000000e+00 1.057443e+10 
18886 0.000000e+00 0.000000e+00 1.061307e+10 
18887 0.000000e+00 0.000000e+00 1.068005e+10 
18888 0.000000e+00 0.000000e+00 1.068412e+10 
18889 0.000000e+00 0.000000e+00 1.014575e+10 
18890 0.000000e+00 0.000000e+00 1.011326e+10 
18891 0.000000e+00 0.000000e+00 1.028541e+10 
18892 0.000000e+00 0.000000e+00 1.038182e+10 
18893 0.000000e+00 0.000000e+00 1.051712e+10 
18894 0.000000e+00 0.000000e+00 1.055126e+10 
18895 0.000000e+00 0.000000e+00 1.063415e+10 
18896 0.000000e+00 0.000000e+00 1.064259e+10 
18897 0.000000e+00 0.000000e+00 9.980317e+09 
18898 0.000000e+00 0.000000e+00 9.932904e+09 
18899 0.000000e+00 0.000000e+00 9.926791e+09 
18900 0.000000e+00 0.000000e+00 9.926930e+09 
18901 0.000000e+00 0.000000e+00 9.927594e+09 
18902 0.000000e+00 0.000000e+00 9.926709e+09 
18903 0.000000e+00 0.000000e+00 9.929424e+09 
18904 0.000000e+00 0.000000e+00 9.938926e+09 
18905 0.000000e+00 0.000000e+00 1.020583e+10 
18906 0.000000e+00 0.000000e+00 1.056228e+10 
18907 0.000000e+00 0.000000e+00 1.066208e+10 
18908 0.000000e+00 0.000000e+00 1.064414e+10 
18909 0.000000e+00 0.000000e+00 1.073544e+10 
18910 0.000000e+00 0.000000e+00 9.973413e+09 
18911 0.000000e+00 0.000000e+00 9.932516e+09 
18912 0.000000e+00 0.000000e+00 9.929796e+09 
18913 0.000000e+00 0.000000e+00 9.926995e+09 
18914 0.000000e+00 0.000000e+00 9.927880e+09 
18915 0.000000e+00 0.000000e+00 9.927293e+09 
18916 0.000000e+00 0.000000e+00 9.942485e+09 
18917 0.000000e+00 0.000000e+00 1.007860e+10 
18918 0.000000e+00 0.000000e+00 1.044954e+10 
18919 0.000000e+00 0.000000e+00 1.058065e+10 
18920 0.000000e+00 0.000000e+00 1.068589e+10 
18921 0.000000e+00 0.000000e+00 1.065841e+10 
18922 0.000000e+00 0.000000e+00 1.009826e+10 
18923 0.000000e+00 0.000000e+00 1.007337e+10 
18924 0.000000e+00 0.000000e+00 1.021575e+10 
18925 0.000000e+00 0.000000e+00 1.034543e+10 
18926 0.000000e+00 0.000000e+00 1.049479e+10 
18927 0.000000e+00 0.000000e+00 1.056740e+10 
18928 0.000000e+00 0.000000e+00 1.064316e+10 
18929 0.000000e+00 0.000000e+00 1.064382e+10 
18930 0.000000e+00 0.000000e+00 1.074903e+10 
18931 0.000000e+00 0.000000e+00 9.979285e+09 
18932 0.000000e+00 0.000000e+00 9.933948e+09 
18933 0.000000e+00 0.000000e+00 9.927307e+09 
18934 0.000000e+00 0.000000e+00 9.927027e+09 
18935 0.000000e+00 0.000000e+00 9.927808e+09 
18936 0.000000e+00 0.000000e+00 9.926721e+09 
18937 0.000000e+00 0.000000e+00 9.941286e+09 
18938 0.000000e+00 0.000000e+00 1.006727e+10 
18939 0.000000e+00 0.000000e+00 1.045800e+10 
18940 0.000000e+00 0.000000e+00 1.058316e+10 
18941 0.000000e+00 0.000000e+00 1.064986e+10 
18942 0.000000e+00 0.000000e+00 1.066675e+10 
18943 0.000000e+00 0.000000e+00 1.009328e+10 
18944 0.000000e+00 0.000000e+00 1.006042e+10 
18945 0.000000e+00 0.000000e+00 1.016534e+10 
18946 0.000000e+00 0.000000e+00 1.030966e+10 
18947 0.000000e+00 0.000000e+00 1.047023e+10 
18948 0.000000e+00 0.000000e+00 1.055786e+10 
18949 0.000000e+00 0.000000e+00 1.063064e+10 
18950 0.000000e+00 0.000000e+00 1.065063e+10 
18951 0.000000e+00 0.000000e+00 1.073266e+10 
18952 0.000000e+00 0.000000e+00 1.012242e+10 
18953 0.000000e+00 0.000000e+00 1.014757e+10 
18954 0.000000e+00 0.000000e+00 1.024433e+10 
18955 0.000000e+00 0.000000e+00 1.043214e+10 
18956 0.000000e+00 0.000000e+00 1.047935e+10 
18957 0.000000e+00 0.000000e+00 1.060639e+10 
18958 0.000000e+00 0.000000e+00 1.060968e+10 
18959 0.000000e+00 0.000000e+00 1.071024e+10 
18960 0.000000e+00 0.000000e+00 1.066500e+10 
18961 0.000000e+00 0.000000e+00 9.958339e+09 
18962 0.000000e+00 0.000000e+00 9.927795e+09 
18963 0.000000e+00 0.000000e+00 9.926929e+09 
18964 0.000000e+00 0.000000e+00 9.927662e+09 
18965 0.000000e+00 0.000000e+00 9.926760e+09 
18966 0.000000e+00 0.000000e+00 9.929627e+09 
18967 0.000000e+00 0.000000e+00 9.943101e+09 
18968 0.000000e+00 0.000000e+00 1.017637e+10 
18969 0.000000e+00 0.000000e+00 1.048312e+10 
18970 0.000000e+00 0.000000e+00 1.061782e+10 
18971 0.000000e+00 0.000000e+00 1.065797e+10 
18972 0.000000e+00 0.000000e+00 1.075321e+10 
18973 0.000000e+00 0.000000e+00 1.013079e+10 
18974 0.000000e+00 0.000000e+00 1.014488e+10 
18975 0.000000e+00 0.000000e+00 1.025938e+10 
18976 0.000000e+00 0.000000e+00 1.039255e+10 
18977 0.000000e+00 0.000000e+00 1.049106e+10 
18978 0.000000e+00 0.000000e+00 1.062068e+10 
18979 0.000000e+00 0.000000e+00 1.064686e+10 
18980 0.000000e+00 0.000000e+00 1.068098e+10 
18981 0.000000e+00 0.000000e+00 1.067138e+10 
18982 0.000000e+00 0.000000e+00 9.956224e+09 
18983 0.000000e+00 0.000000e+00 9.928507e+09 
18984 0.000000e+00 0.000000e+00 9.927148e+09 
18985 0.000000e+00 0.000000e+00 9.927057e+09 
18986 0.000000e+00 0.000000e+00 9.927837e+09 
18987 0.000000e+00 0.000000e+00 9.927273e+09 
18988 0.000000e+00 0.000000e+00 9.930514e+09 
18989 0.000000e+00 0.000000e+00 1.005308e+10 
18990 0.000000e+00 0.000000e+00 1.053844e+10 
18991 0.000000e+00 0.000000e+00 1.061829e+10 
18992 0.000000e+00 0.000000e+00 1.067312e+10 
18993 0.000000e+00 0.000000e+00 1.067550e+10 
18994 0.000000e+00 0.000000e+00 9.963201e+09 
18995 0.000000e+00 0.000000e+00 9.931512e+09 
18996 0.000000e+00 0.000000e+00 9.927268e+09 
18997 0.000000e+00 0.000000e+00 9.927657e+09 
18998 0.000000e+00 0.000000e+00 9.926818e+09 
18999 0.000000e+00 0.000000e+00 9.929930e+09 
19000 0.000000e+00 0.000000e+00 9.938200e+09 
19001 0.000000e+00 0.000000e+00 1.017287e+10 
19002 0.000000e+00 0.000000e+00 1.048428e+10 
19003 0.000000e+00 0.000000e+00 1.063135e+10 
19004 0.000000e+00 0.000000e+00 1.063069e+10 
19005 0.000000e+00 0.000000e+00 1.072775e+10 
19006 0.000000e+00 0.000000e+00 1.008424e+10 
19007 0.000000e+00 0.000000e+00 1.009181e+10 
19008 0.000000e+00 0.000000e+00 1.015563e+10 
19009 0.000000e+00 0.000000e+00 1.033443e+10 
19010 0.000000e+00 0.000000e+00 1.048110e+10 
19011 0.000000e+00 0.000000e+00 1.057019e+10 
19012 0.000000e+00 0.000000e+00 1.063090e+10 
19013 0.000000e+00 0.000000e+00 1.067183e+10 
19014 0.000000e+00 0.000000e+00 1.067833e+10 
19015 0.000000e+00 0.000000e+00 9.967110e+09 
19016 0.000000e+00 0.000000e+00 9.929373e+09 
19017 0.000000e+00 0.000000e+00 9.926873e+09 
19018 0.000000e+00 0.000000e+00 9.927045e+09 
19019 0.000000e+00 0.000000e+00 9.926922e+09 
19020 0.000000e+00 0.000000e+00 9.927398e+09 
19021 0.000000e+00 0.000000e+00 9.927221e+09 
19022 0.000000e+00 0.000000e+00 9.975029e+09 
19023 0.000000e+00 0.000000e+00 1.021709e+10 
19024 0.000000e+00 0.000000e+00 1.058711e+10 
19025 0.000000e+00 0.000000e+00 1.062692e+10 
19026 0.000000e+00 0.000000e+00 1.070528e+10 
19027 0.000000e+00 0.000000e+00 1.068143e+10 
19028 0.000000e+00 0.000000e+00 9.954919e+09 
19029 0.000000e+00 0.000000e+00 9.928096e+09 
19030 0.000000e+00 0.000000e+00 9.927699e+09 
19031 0.000000e+00 0.000000e+00 9.927084e+09 
19032 0.000000e+00 0.000000e+00 9.929029e+09 
19033 0.000000e+00 0.000000e+00 9.932814e+09 
19034 0.000000e+00 0.000000e+00 1.001122e+10 
19035 0.000000e+00 0.000000e+00 1.029708e+10 
19036 0.000000e+00 0.000000e+00 1.047036e+10 
19037 0.000000e+00 0.000000e+00 1.064589e+10 
19038 0.000000e+00 0.000000e+00 1.068400e+10 
19039 0.000000e+00 0.000000e+00 1.068223e+10 
19040 0.000000e+00 0.000000e+00 9.960909e+09 
19041 0.000000e+00 0.000000e+00 9.928875e+09 
19042 0.000000e+00 0.000000e+00 9.926788e+09 
19043 0.000000e+00 0.000000e+00 9.927570e+09 
19044 0.000000e+00 0.000000e+00 9.926586e+09 
19045 0.000000e+00 0.000000e+00 9.928701e+09 
19046 0.000000e+00 0.000000e+00 9.934329e+09 
19047 0.000000e+00 0.000000e+00 1.011119e+10 
19048 0.000000e+00 0.000000e+00 1.044762e+10 
19049 0.000000e+00 0.000000e+00 1.062529e+10 
19050 0.000000e+00 0.000000e+00 1.062747e+10 
19051 0.000000e+00 0.000000e+00 1.072638e+10 
19052 0.000000e+00 0.000000e+00 9.987538e+09 
19053 0.000000e+00 0.000000e+00 9.935562e+09 
19054 0.000000e+00 0.000000e+00 9.928511e+09 
19055 0.000000e+00 0.000000e+00 9.927827e+09 
19056 0.000000e+00 0.000000e+00 9.926904e+09 
19057 0.000000e+00 0.000000e+00 9.929095e+09 
19058 0.000000e+00 0.000000e+00 9.932577e+09 
19059 0.000000e+00 0.000000e+00 1.007387e+10 
19060 0.000000e+00 0.000000e+00 1.040244e+10 
19061 0.000000e+00 0.000000e+00 1.060493e+10 
19062 0.000000e+00 0.000000e+00 1.060431e+10 
19063 0.000000e+00 0.000000e+00 1.069998e+10 
19064 0.000000e+00 0.000000e+00 1.066256e+10 
19065 0.000000e+00 0.000000e+00 9.956928e+09 
19066 0.000000e+00 0.000000e+00 9.928927e+09 
19067 0.000000e+00 0.000000e+00 9.927152e+09 
19068 0.000000e+00 0.000000e+00 9.926915e+09 
19069 0.000000e+00 0.000000e+00 9.927093e+09 
19070 0.000000e+00 0.000000e+00 9.928183e+09 
19071 0.000000e+00 0.000000e+00 9.943429e+09 
19072 0.000000e+00 0.000000e+00 1.014520e+10 
19073 0.000000e+00 0.000000e+00 1.053563e+10 
19074 0.000000e+00 0.000000e+00 1.062180e+10 
19075 0.000000e+00 0.000000e+00 1.064204e+10 
19076 0.000000e+00 0.000000e+00 1.069654e+10 
19077 0.000000e+00 0.000000e+00 1.011747e+10 
19078 0.000000e+00 0.000000e+00 1.012239e+10 
19079 0.000000e+00 0.000000e+00 1.023469e+10 
19080 0.000000e+00 0.000000e+00 1.039452e+10 
19081 0.000000e+00 0.000000e+00 1.046820e+10 
19082 0.000000e+00 0.000000e+00 1.057683e+10 
19083 0.000000e+00 0.000000e+00 1.062518e+10 
19084 0.000000e+00 0.000000e+00 1.069431e+10 
19085 0.000000e+00 0.000000e+00 1.070256e+10 
19086 0.000000e+00 0.000000e+00 9.956520e+09 
19087 0.000000e+00 0.000000e+00 9.928207e+09 
19088 0.000000e+00 0.000000e+00 9.927156e+09 
19089 0.000000e+00 0.000000e+00 9.926910e+09 
19090 0.000000e+00 0.000000e+00 9.927993e+09 
19091 0.000000e+00 0.000000e+00 9.927016e+09 
19092 0.000000e+00 0.000000e+00 9.938521e+09 
19093 0.000000e+00 0.000000e+00 1.003044e+10 
19094 0.000000e+00 0.000000e+00 1.050032e+10 
19095 0.000000e+00 0.000000e+00 1.057884e+10 
19096 0.000000e+00 0.000000e+00 1.068284e+10 
19097 0.000000e+00 0.000000e+00 1.042315e+10 
19098 0.000000e+00 0.000000e+00 1.050385e+10 
19099 0.000000e+00 0.000000e+00 1.053476e+10 
19100 0.000000e+00 0.000000e+00 1.064232e+10 
19101 0.000000e+00 0.000000e+00 1.063271e+10 
19102 0.000000e+00 0.000000e+00 1.070140e+10 
19103 0.000000e+00 0.000000e+00 9.969822e+09 
19104 0.000000e+00 0.000000e+00 9.931638e+09 
19105 0.000000e+00 0.000000e+00 9.927081e+09 
19106 0.000000e+00 0.000000e+00 9.927727e+09 
19107 0.000000e+00 0.000000e+00 9.926651e+09 
19108 0.000000e+00 0.000000e+00 9.929249e+09 
19109 0.000000e+00 0.000000e+00 9.937938e+09 
19110 0.000000e+00 0.000000e+00 1.015969e+10 
19111 0.000000e+00 0.000000e+00 1.047794e+10 
19112 0.000000e+00 0.000000e+00 1.065774e+10 
19113 0.000000e+00 0.000000e+00 1.061186e+10 
19114 0.000000e+00 0.000000e+00 1.072264e+10 
19115 0.000000e+00 0.000000e+00 9.983034e+09 
19116 0.000000e+00 0.000000e+00 9.936560e+09 
19117 0.000000e+00 0.000000e+00 9.927368e+09 
19118 0.000000e+00 0.000000e+00 9.927099e+09 
19119 0.000000e+00 0.000000e+00 9.926935e+09 
19120 0.000000e+00 0.000000e+00 9.927519e+09 
19121 0.000000e+00 0.000000e+00 9.926580e+09 
19122 0.000000e+00 0.000000e+00 9.941118e+09 
19123 0.000000e+00 0.000000e+00 1.017473e+10 
19124 0.000000e+00 0.000000e+00 1.061970e+10 
19125 0.000000e+00 0.000000e+00 1.059543e+10 
19126 0.000000e+00 0.000000e+00 1.073891e+10 
19127 0.000000e+00 0.000000e+00 1.046132e+10 
19128 0.000000e+00 0.000000e+00 1.056950e+10 
19129 0.000000e+00 0.000000e+00 1.057240e+10 
19130 0.000000e+00 0.000000e+00 1.068575e+10 
19131 0.000000e+00 0.000000e+00 1.067633e+10 
19132 0.000000e+00 0.000000e+00 1.072859e+10 
19133 0.000000e+00 0.000000e+00 9.961715e+09 
19134 0.000000e+00 0.000000e+00 9.929761e+09 
19135 0.000000e+00 0.000000e+00 9.926613e+09 
19136 0.000000e+00 0.000000e+00 9.927326e+09 
19137 0.000000e+00 0.000000e+00 9.927051e+09 
19138 0.000000e+00 0.000000e+00 9.931485e+09 
19139 0.000000e+00 0.000000e+00 9.990711e+09 
19140 0.000000e+00 0.000000e+00 1.027148e+10 
19141 0.000000e+00 0.000000e+00 1.056068e+10 
19142 0.000000e+00 0.000000e+00 1.062821e+10 
19143 0.000000e+00 0.000000e+00 1.066729e+10 
19144 0.000000e+00 0.000000e+00 1.047170e+10 
19145 0.000000e+00 0.000000e+00 1.051434e+10 
19146 0.000000e+00 0.000000e+00 1.061361e+10 
19147 0.000000e+00 0.000000e+00 1.062206e+10 
19148 0.000000e+00 0.000000e+00 1.072636e+10 
19149 0.000000e+00 0.000000e+00 1.070040e+10 
19150 0.000000e+00 0.000000e+00 9.959405e+09 
19151 0.000000e+00 0.000000e+00 9.927686e+09 
19152 0.000000e+00 0.000000e+00 9.927305e+09 
19153 0.000000e+00 0.000000e+00 9.927106e+09 
19154 0.000000e+00 0.000000e+00 9.927661e+09 
19155 0.000000e+00 0.000000e+00 9.927404e+09 
19156 0.000000e+00 0.000000e+00 9.944438e+09 
19157 0.000000e+00 0.000000e+00 1.014657e+10 
19158 0.000000e+00 0.000000e+00 1.060103e+10 
19159 0.000000e+00 0.000000e+00 1.056628e+10 
19160 0.000000e+00 0.000000e+00 1.068477e+10 
19161 0.000000e+00 0.000000e+00 1.002642e+10 
19162 0.000000e+00 0.000000e+00 1.001594e+10 
19163 0.000000e+00 0.000000e+00 1.004243e+10 
19164 0.000000e+00 0.000000e+00 1.021187e+10 
19165 0.000000e+00 0.000000e+00 1.033185e+10 
19166 0.000000e+00 0.000000e+00 1.050329e+10 
19167 0.000000e+00 0.000000e+00 1.055421e+10 
19168 0.000000e+00 0.000000e+00 1.066900e+10 
19169 0.000000e+00 0.000000e+00 1.067135e+10 
19170 0.000000e+00 0.000000e+00 1.007898e+10 
19171 0.000000e+00 0.000000e+00 1.002993e+10 
19172 0.000000e+00 0.000000e+00 1.011125e+10 
19173 0.000000e+00 0.000000e+00 1.029699e+10 
19174 0.000000e+00 0.000000e+00 1.045530e+10 
19175 0.000000e+00 0.000000e+00 1.050424e+10 
19176 0.000000e+00 0.000000e+00 1.064117e+10 
19177 0.000000e+00 0.000000e+00 1.061189e+10 
19178 0.000000e+00 0.000000e+00 1.070078e+10 
19179 0.000000e+00 0.000000e+00 1.008567e+10 
19180 0.000000e+00 0.000000e+00 1.010208e+10 
19181 0.000000e+00 0.000000e+00 1.019102e+10 
19182 0.000000e+00 0.000000e+00 1.037764e+10 
19183 0.000000e+00 0.000000e+00 1.045324e+10 
19184 0.000000e+00 0.000000e+00 1.062904e+10 
19185 0.000000e+00 0.000000e+00 1.063591e+10 
19186 0.000000e+00 0.000000e+00 1.069894e+10 
19187 0.000000e+00 0.000000e+00 1.001571e+10 
19188 0.000000e+00 0.000000e+00 9.945871e+09 
19189 0.000000e+00 0.000000e+00 9.929777e+09 
19190 0.000000e+00 0.000000e+00 9.929098e+09 
19191 0.000000e+00 0.000000e+00 9.926608e+09 
19192 0.000000e+00 0.000000e+00 9.928390e+09 
19193 0.000000e+00 0.000000e+00 9.926534e+09 
19194 0.000000e+00 0.000000e+00 9.942037e+09 
19195 0.000000e+00 0.000000e+00 1.010438e+10 
19196 0.000000e+00 0.000000e+00 1.057461e+10 
19197 0.000000e+00 0.000000e+00 1.058514e+10 
19198 0.000000e+00 0.000000e+00 1.066717e+10 
19199 0.000000e+00 0.000000e+00 1.064568e+10 
19200 0.000000e+00 0.000000e+00 1.011461e+10 
19201 0.000000e+00 0.000000e+00 1.007104e+10 
19202 0.000000e+00 0.000000e+00 1.022935e+10 
19203 0.000000e+00 0.000000e+00 1.033970e+10 
19204 0.000000e+00 0.000000e+00 1.050354e+10 
19205 0.000000e+00 0.000000e+00 1.056117e+10 
19206 0.000000e+00 0.000000e+00 1.065229e+10 
19207 0.000000e+00 0.000000e+00 1.065475e+10 
19208 0.000000e+00 0.000000e+00 1.073656e+10 
19209 0.000000e+00 0.000000e+00 9.972170e+09 
19210 0.000000e+00 0.000000e+00 9.932115e+09 
19211 0.000000e+00 0.000000e+00 9.926757e+09 
19212 0.000000e+00 0.000000e+00 9.927970e+09 
19213 0.000000e+00 0.000000e+00 9.926877e+09 
19214 0.000000e+00 0.000000e+00 9.927848e+09 
19215 0.000000e+00 0.000000e+00 9.927914e+09 
19216 0.000000e+00 0.000000e+00 9.981029e+09 
19217 0.000000e+00 0.000000e+00 1.040173e+10 
19218 0.000000e+00 0.000000e+00 1.062544e+10 
19219 0.000000e+00 0.000000e+00 1.064527e+10 
19220 0.000000e+00 0.000000e+00 1.068632e+10 
19221 0.000000e+00 0.000000e+00 1.010562e+10 
19222 0.000000e+00 0.000000e+00 1.010553e+10 
19223 0.000000e+00 0.000000e+00 1.020201e+10 
19224 0.000000e+00 0.000000e+00 1.036487e+10 
19225 0.000000e+00 0.000000e+00 1.046051e+10 
19226 0.000000e+00 0.000000e+00 1.055666e+10 
19227 0.000000e+00 0.000000e+00 1.063394e+10 
19228 0.000000e+00 0.000000e+00 1.067200e+10 
19229 0.000000e+00 0.000000e+00 1.071486e+10 
19230 0.000000e+00 0.000000e+00 9.964741e+09 
19231 0.000000e+00 0.000000e+00 9.929508e+09 
19232 0.000000e+00 0.000000e+00 9.927312e+09 
19233 0.000000e+00 0.000000e+00 9.927734e+09 
19234 0.000000e+00 0.000000e+00 9.926975e+09 
19235 0.000000e+00 0.000000e+00 9.930010e+09 
19236 0.000000e+00 0.000000e+00 9.935907e+09 
19237 0.000000e+00 0.000000e+00 1.011128e+10 
19238 0.000000e+00 0.000000e+00 1.041685e+10 
19239 0.000000e+00 0.000000e+00 1.060593e+10 
19240 0.000000e+00 0.000000e+00 1.063146e+10 
19241 0.000000e+00 0.000000e+00 1.070231e+10 
19242 0.000000e+00 0.000000e+00 1.008205e+10 
19243 0.000000e+00 0.000000e+00 1.009506e+10 
19244 0.000000e+00 0.000000e+00 1.018924e+10 
19245 0.000000e+00 0.000000e+00 1.039241e+10 
19246 0.000000e+00 0.000000e+00 1.044013e+10 
19247 0.000000e+00 0.000000e+00 1.061070e+10 
19248 0.000000e+00 0.000000e+00 1.060862e+10 
19249 0.000000e+00 0.000000e+00 1.068176e+10 
19250 0.000000e+00 0.000000e+00 1.003300e+10 
19251 0.000000e+00 0.000000e+00 1.003225e+10 
19252 0.000000e+00 0.000000e+00 1.010466e+10 
19253 0.000000e+00 0.000000e+00 1.022306e+10 
19254 0.000000e+00 0.000000e+00 1.035765e+10 
19255 0.000000e+00 0.000000e+00 1.053966e+10 
19256 0.000000e+00 0.000000e+00 1.055826e+10 
19257 0.000000e+00 0.000000e+00 1.066174e+10 
19258 0.000000e+00 0.000000e+00 1.065279e+10 
19259 0.000000e+00 0.000000e+00 1.072676e+10 
19260 0.000000e+00 0.000000e+00 9.964851e+09 
19261 0.000000e+00 0.000000e+00 9.931951e+09 
19262 0.000000e+00 0.000000e+00 9.927015e+09 
19263 0.000000e+00 0.000000e+00 9.927864e+09 
19264 0.000000e+00 0.000000e+00 9.927275e+09 
19265 0.000000e+00 0.000000e+00 9.932503e+09 
19266 0.000000e+00 0.000000e+00 9.975153e+09 
19267 0.000000e+00 0.000000e+00 1.030074e+10 
19268 0.000000e+00 0.000000e+00 1.055795e+10 
19269 0.000000e+00 0.000000e+00 1.062336e+10 
19270 0.000000e+00 0.000000e+00 1.063907e+10 
19271 0.000000e+00 0.000000e+00 1.070035e+10 
19272 0.000000e+00 0.000000e+00 9.972697e+09 
19273 0.000000e+00 0.000000e+00 9.931958e+09 
19274 0.000000e+00 0.000000e+00 9.926670e+09 
19275 0.000000e+00 0.000000e+00 9.927056e+09 
19276 0.000000e+00 0.000000e+00 9.926794e+09 
19277 0.000000e+00 0.000000e+00 9.928122e+09 
19278 0.000000e+00 0.000000e+00 9.932464e+09 
19279 0.000000e+00 0.000000e+00 1.006636e+10 
19280 0.000000e+00 0.000000e+00 1.042502e+10 
19281 0.000000e+00 0.000000e+00 1.061517e+10 
19282 0.000000e+00 0.000000e+00 1.064833e+10 
19283 0.000000e+00 0.000000e+00 1.068548e+10 
19284 0.000000e+00 0.000000e+00 1.009640e+10 
19285 0.000000e+00 0.000000e+00 1.008877e+10 
19286 0.000000e+00 0.000000e+00 1.017375e+10 
19287 0.000000e+00 0.000000e+00 1.038022e+10 
19288 0.000000e+00 0.000000e+00 1.046824e+10 
19289 0.000000e+00 0.000000e+00 1.061877e+10 
19290 0.000000e+00 0.000000e+00 1.062715e+10 
19291 0.000000e+00 0.000000e+00 1.069643e+10 
19292 0.000000e+00 0.000000e+00 1.001802e+10 
19293 0.000000e+00 0.000000e+00 9.944307e+09 
19294 0.000000e+00 0.000000e+00 9.930926e+09 
19295 0.000000e+00 0.000000e+00 9.926926e+09 
19296 0.000000e+00 0.000000e+00 9.927559e+09 
19297 0.000000e+00 0.000000e+00 9.926972e+09 
19298 0.000000e+00 0.000000e+00 9.927570e+09 
19299 0.000000e+00 0.000000e+00 9.927607e+09 
19300 0.000000e+00 0.000000e+00 9.988900e+09 
19301 0.000000e+00 0.000000e+00 1.030993e+10 
19302 0.000000e+00 0.000000e+00 1.064482e+10 
19303 0.000000e+00 0.000000e+00 1.063493e+10 
19304 0.000000e+00 0.000000e+00 1.074327e+10 
19305 0.000000e+00 0.000000e+00 1.066262e+10 
19306 0.000000e+00 0.000000e+00 9.956703e+09 
19307 0.000000e+00 0.000000e+00 9.928193e+09 
19308 0.000000e+00 0.000000e+00 9.928197e+09 
19309 0.000000e+00 0.000000e+00 9.928545e+09 
19310 0.000000e+00 0.000000e+00 9.933162e+09 
19311 0.000000e+00 0.000000e+00 9.963245e+09 
19312 0.000000e+00 0.000000e+00 1.010598e+10 
19313 0.000000e+00 0.000000e+00 1.032411e+10 
19314 0.000000e+00 0.000000e+00 1.060430e+10 
19315 0.000000e+00 0.000000e+00 1.064535e+10 
19316 0.000000e+00 0.000000e+00 1.069841e+10 
19317 0.000000e+00 0.000000e+00 1.000032e+10 
19318 0.000000e+00 0.000000e+00 9.940564e+09 
19319 0.000000e+00 0.000000e+00 9.928701e+09 
19320 0.000000e+00 0.000000e+00 9.927054e+09 
19321 0.000000e+00 0.000000e+00 9.926841e+09 
19322 0.000000e+00 0.000000e+00 9.927474e+09 
19323 0.000000e+00 0.000000e+00 9.926818e+09 
19324 0.000000e+00 0.000000e+00 9.931199e+09 
19325 0.000000e+00 0.000000e+00 9.989098e+09 
19326 0.000000e+00 0.000000e+00 1.049082e+10 
19327 0.000000e+00 0.000000e+00 1.061758e+10 
19328 0.000000e+00 0.000000e+00 1.071320e+10 
19329 0.000000e+00 0.000000e+00 1.067776e+10 
19330 0.000000e+00 0.000000e+00 1.056702e+10 
19331 0.000000e+00 0.000000e+00 1.051651e+10 
19332 0.000000e+00 0.000000e+00 1.067232e+10 
19333 0.000000e+00 0.000000e+00 1.062219e+10 
19334 0.000000e+00 0.000000e+00 1.070832e+10 
19335 0.000000e+00 0.000000e+00 9.971721e+09 
19336 0.000000e+00 0.000000e+00 9.933496e+09 
19337 0.000000e+00 0.000000e+00 9.926837e+09 
19338 0.000000e+00 0.000000e+00 9.927299e+09 
19339 0.000000e+00 0.000000e+00 9.928372e+09 
19340 0.000000e+00 0.000000e+00 9.926672e+09 
19341 0.000000e+00 0.000000e+00 9.942183e+09 
19342 0.000000e+00 0.000000e+00 1.007202e+10 
19343 0.000000e+00 0.000000e+00 1.043787e+10 
19344 0.000000e+00 0.000000e+00 1.056026e+10 
19345 0.000000e+00 0.000000e+00 1.069356e+10 
19346 0.000000e+00 0.000000e+00 1.065813e+10 
19347 0.000000e+00 0.000000e+00 1.010813e+10 
19348 0.000000e+00 0.000000e+00 1.006360e+10 
19349 0.000000e+00 0.000000e+00 1.023603e+10 
19350 0.000000e+00 0.000000e+00 1.034488e+10 
19351 0.000000e+00 0.000000e+00 1.049927e+10 
19352 0.000000e+00 0.000000e+00 1.054293e+10 
19353 0.000000e+00 0.000000e+00 1.063140e+10 
19354 0.000000e+00 0.000000e+00 1.066377e+10 
19355 0.000000e+00 0.000000e+00 1.073380e+10 
19356 0.000000e+00 0.000000e+00 1.012058e+10 
19357 0.000000e+00 0.000000e+00 1.013940e+10 
19358 0.000000e+00 0.000000e+00 1.023480e+10 
19359 0.000000e+00 0.000000e+00 1.043821e+10 
19360 0.000000e+00 0.000000e+00 1.050850e+10 
19361 0.000000e+00 0.000000e+00 1.060024e+10 
19362 0.000000e+00 0.000000e+00 1.060217e+10 
19363 0.000000e+00 0.000000e+00 1.070195e+10 
19364 0.000000e+00 0.000000e+00 9.997317e+09 
19365 0.000000e+00 0.000000e+00 9.940397e+09 
19366 0.000000e+00 0.000000e+00 9.928079e+09 
19367 0.000000e+00 0.000000e+00 9.926700e+09 
19368 0.000000e+00 0.000000e+00 9.927123e+09 
19369 0.000000e+00 0.000000e+00 9.926497e+09 
19370 0.000000e+00 0.000000e+00 9.929493e+09 
19371 0.000000e+00 0.000000e+00 9.942064e+09 
19372 0.000000e+00 0.000000e+00 1.012902e+10 
19373 0.000000e+00 0.000000e+00 1.048078e+10 
19374 0.000000e+00 0.000000e+00 1.062018e+10 
19375 0.000000e+00 0.000000e+00 1.064505e+10 
19376 0.000000e+00 0.000000e+00 1.070473e+10 
19377 0.000000e+00 0.000000e+00 9.975006e+09 
19378 0.000000e+00 0.000000e+00 9.933110e+09 
19379 0.000000e+00 0.000000e+00 9.928512e+09 
19380 0.000000e+00 0.000000e+00 9.927660e+09 
19381 0.000000e+00 0.000000e+00 9.928459e+09 
19382 0.000000e+00 0.000000e+00 9.927265e+09 
19383 0.000000e+00 0.000000e+00 9.936894e+09 
19384 0.000000e+00 0.000000e+00 1.005167e+10 
19385 0.000000e+00 0.000000e+00 1.052735e+10 
19386 0.000000e+00 0.000000e+00 1.057967e+10 
19387 0.000000e+00 0.000000e+00 1.065819e+10 
19388 0.000000e+00 0.000000e+00 1.065903e+10 
19389 0.000000e+00 0.000000e+00 9.977660e+09 
19390 0.000000e+00 0.000000e+00 9.931695e+09 
19391 0.000000e+00 0.000000e+00 9.926761e+09 
19392 0.000000e+00 0.000000e+00 9.926807e+09 
19393 0.000000e+00 0.000000e+00 9.926622e+09 
19394 0.000000e+00 0.000000e+00 9.926891e+09 
19395 0.000000e+00 0.000000e+00 9.927003e+09 
19396 0.000000e+00 0.000000e+00 9.955152e+09 
19397 0.000000e+00 0.000000e+00 1.020103e+10 
19398 0.000000e+00 0.000000e+00 1.055480e+10 
19399 0.000000e+00 0.000000e+00 1.065322e+10 
19400 0.000000e+00 0.000000e+00 1.067497e+10 
19401 0.000000e+00 0.000000e+00 1.068619e+10 
19402 0.000000e+00 0.000000e+00 9.957937e+09 
19403 0.000000e+00 0.000000e+00 9.928637e+09 
19404 0.000000e+00 0.000000e+00 9.927287e+09 
19405 0.000000e+00 0.000000e+00 9.927275e+09 
19406 0.000000e+00 0.000000e+00 9.927022e+09 
19407 0.000000e+00 0.000000e+00 9.928359e+09 
19408 0.000000e+00 0.000000e+00 9.931782e+09 
19409 0.000000e+00 0.000000e+00 1.008111e+10 
19410 0.000000e+00 0.000000e+00 1.050166e+10 
19411 0.000000e+00 0.000000e+00 1.063778e+10 
19412 0.000000e+00 0.000000e+00 1.063454e+10 
19413 0.000000e+00 0.000000e+00 1.071014e+10 
19414 0.000000e+00 0.000000e+00 1.010554e+10 
19415 0.000000e+00 0.000000e+00 1.011384e+10 
19416 0.000000e+00 0.000000e+00 1.021382e+10 
19417 0.000000e+00 0.000000e+00 1.037609e+10 
19418 0.000000e+00 0.000000e+00 1.045701e+10 
19419 0.000000e+00 0.000000e+00 1.062733e+10 
19420 0.000000e+00 0.000000e+00 1.058599e+10 
19421 0.000000e+00 0.000000e+00 1.068563e+10 
19422 0.000000e+00 0.000000e+00 1.066642e+10 
19423 0.000000e+00 0.000000e+00 9.957463e+09 
19424 0.000000e+00 0.000000e+00 9.928398e+09 
19425 0.000000e+00 0.000000e+00 9.926853e+09 
19426 0.000000e+00 0.000000e+00 9.927089e+09 
19427 0.000000e+00 0.000000e+00 9.926443e+09 
19428 0.000000e+00 0.000000e+00 9.929582e+09 
19429 0.000000e+00 0.000000e+00 9.946719e+09 
19430 0.000000e+00 0.000000e+00 1.020845e+10 
19431 0.000000e+00 0.000000e+00 1.052308e+10 
19432 0.000000e+00 0.000000e+00 1.063029e+10 
19433 0.000000e+00 0.000000e+00 1.064328e+10 
19434 0.000000e+00 0.000000e+00 1.076302e+10 
19435 0.000000e+00 0.000000e+00 1.009868e+10 
19436 0.000000e+00 0.000000e+00 1.011130e+10 
19437 0.000000e+00 0.000000e+00 1.022775e+10 
19438 0.000000e+00 0.000000e+00 1.038801e+10 
19439 0.000000e+00 0.000000e+00 1.047500e+10 
19440 0.000000e+00 0.000000e+00 1.062922e+10 
19441 0.000000e+00 0.000000e+00 1.061594e+10 
19442 0.000000e+00 0.000000e+00 1.073999e+10 
19443 0.000000e+00 0.000000e+00 1.065070e+10 
19444 0.000000e+00 0.000000e+00 9.958746e+09 
19445 0.000000e+00 0.000000e+00 9.929008e+09 
19446 0.000000e+00 0.000000e+00 9.927901e+09 
19447 0.000000e+00 0.000000e+00 9.927142e+09 
19448 0.000000e+00 0.000000e+00 9.927666e+09 
19449 0.000000e+00 0.000000e+00 9.927257e+09 
19450 0.000000e+00 0.000000e+00 9.933315e+09 
19451 0.000000e+00 0.000000e+00 1.003639e+10 
19452 0.000000e+00 0.000000e+00 1.052551e+10 
19453 0.000000e+00 0.000000e+00 1.057590e+10 
19454 0.000000e+00 0.000000e+00 1.068680e+10 
19455 0.000000e+00 0.000000e+00 1.064727e+10 
19456 0.000000e+00 0.000000e+00 1.011278e+10 
19457 0.000000e+00 0.000000e+00 1.007528e+10 
19458 0.000000e+00 0.000000e+00 1.023953e+10 
19459 0.000000e+00 0.000000e+00 1.034018e+10 
19460 0.000000e+00 0.000000e+00 1.054580e+10 
19461 0.000000e+00 0.000000e+00 1.052931e+10 
19462 0.000000e+00 0.000000e+00 1.066762e+10 
19463 0.000000e+00 0.000000e+00 1.063876e+10 
19464 0.000000e+00 0.000000e+00 1.070636e+10 
19465 0.000000e+00 0.000000e+00 9.968998e+09 
19466 0.000000e+00 0.000000e+00 9.931889e+09 
19467 0.000000e+00 0.000000e+00 9.926954e+09 
19468 0.000000e+00 0.000000e+00 9.926719e+09 
19469 0.000000e+00 0.000000e+00 9.927815e+09 
19470 0.000000e+00 0.000000e+00 9.926708e+09 
19471 0.000000e+00 0.000000e+00 9.936241e+09 
19472 0.000000e+00 0.000000e+00 1.003381e+10 
19473 0.000000e+00 0.000000e+00 1.041472e+10 
19474 0.000000e+00 0.000000e+00 1.056481e+10 
19475 0.000000e+00 0.000000e+00 1.069004e+10 
19476 0.000000e+00 0.000000e+00 1.065216e+10 
19477 0.000000e+00 0.000000e+00 1.011528e+10 
19478 0.000000e+00 0.000000e+00 1.008699e+10 
19479 0.000000e+00 0.000000e+00 1.023124e+10 
19480 0.000000e+00 0.000000e+00 1.036322e+10 
19481 0.000000e+00 0.000000e+00 1.048954e+10 
19482 0.000000e+00 0.000000e+00 1.056073e+10 
19483 0.000000e+00 0.000000e+00 1.063629e+10 
19484 0.000000e+00 0.000000e+00 1.062572e+10 
19485 0.000000e+00 0.000000e+00 1.006175e+10 
19486 0.000000e+00 0.000000e+00 1.001436e+10 
19487 0.000000e+00 0.000000e+00 1.008644e+10 
19488 0.000000e+00 0.000000e+00 1.022319e+10 
19489 0.000000e+00 0.000000e+00 1.044800e+10 
19490 0.000000e+00 0.000000e+00 1.047383e+10 
19491 0.000000e+00 0.000000e+00 1.065342e+10 
19492 0.000000e+00 0.000000e+00 1.062989e+10 
19493 0.000000e+00 0.000000e+00 1.071133e+10 
19494 0.000000e+00 0.000000e+00 1.048412e+10 
19495 0.000000e+00 0.000000e+00 1.055053e+10 
19496 0.000000e+00 0.000000e+00 1.061382e+10 
19497 0.000000e+00 0.000000e+00 1.066705e+10 
19498 0.000000e+00 0.000000e+00 1.066209e+10 
19499 0.000000e+00 0.000000e+00 1.010948e+10 
19500 0.000000e+00 0.000000e+00 1.008378e+10 
19501 0.000000e+00 0.000000e+00 1.022987e+10 
19502 0.000000e+00 0.000000e+00 1.034576e+10 
19503 0.000000e+00 0.000000e+00 1.048191e+10 
19504 0.000000e+00 0.000000e+00 1.053104e+10 
19505 0.000000e+00 0.000000e+00 1.065493e+10 
19506 0.000000e+00 0.000000e+00 1.064963e+10 
19507 0.000000e+00 0.000000e+00 1.073537e+10 
19508 0.000000e+00 0.000000e+00 9.972052e+09 
19509 0.000000e+00 0.000000e+00 9.931503e+09 
19510 0.000000e+00 0.000000e+00 9.927941e+09 
19511 0.000000e+00 0.000000e+00 9.927446e+09 
19512 0.000000e+00 0.000000e+00 9.927631e+09 
19513 0.000000e+00 0.000000e+00 9.927784e+09 
19514 0.000000e+00 0.000000e+00 9.949277e+09 
19515 0.000000e+00 0.000000e+00 1.010922e+10 
19516 0.000000e+00 0.000000e+00 1.047164e+10 
19517 0.000000e+00 0.000000e+00 1.061854e+10 
19518 0.000000e+00 0.000000e+00 1.068329e+10 
19519 0.000000e+00 0.000000e+00 1.065381e+10 
19520 0.000000e+00 0.000000e+00 1.011679e+10 
19521 0.000000e+00 0.000000e+00 1.009731e+10 
19522 0.000000e+00 0.000000e+00 1.023785e+10 
19523 0.000000e+00 0.000000e+00 1.033109e+10 
19524 0.000000e+00 0.000000e+00 1.052197e+10 
19525 0.000000e+00 0.000000e+00 1.052263e+10 
19526 0.000000e+00 0.000000e+00 1.067088e+10 
19527 0.000000e+00 0.000000e+00 1.062984e+10 
19528 0.000000e+00 0.000000e+00 1.072700e+10 
19529 0.000000e+00 0.000000e+00 9.970068e+09 
19530 0.000000e+00 0.000000e+00 9.932985e+09 
19531 0.000000e+00 0.000000e+00 9.928428e+09 
19532 0.000000e+00 0.000000e+00 9.927271e+09 
19533 0.000000e+00 0.000000e+00 9.929346e+09 
19534 0.000000e+00 0.000000e+00 9.928222e+09 
19535 0.000000e+00 0.000000e+00 9.949661e+09 
19536 0.000000e+00 0.000000e+00 1.011776e+10 
19537 0.000000e+00 0.000000e+00 1.053901e+10 
19538 0.000000e+00 0.000000e+00 1.056896e+10 
19539 0.000000e+00 0.000000e+00 1.069253e+10 
19540 0.000000e+00 0.000000e+00 1.066455e+10 
19541 0.000000e+00 0.000000e+00 1.012317e+10 
19542 0.000000e+00 0.000000e+00 1.008523e+10 
19543 0.000000e+00 0.000000e+00 1.023165e+10 
19544 0.000000e+00 0.000000e+00 1.036700e+10 
19545 0.000000e+00 0.000000e+00 1.050640e+10 
19546 0.000000e+00 0.000000e+00 1.057443e+10 
19547 0.000000e+00 0.000000e+00 1.066211e+10 
19548 0.000000e+00 0.000000e+00 1.065919e+10 
19549 0.000000e+00 0.000000e+00 1.071380e+10 
19550 0.000000e+00 0.000000e+00 9.969420e+09 
19551 0.000000e+00 0.000000e+00 9.932091e+09 
19552 0.000000e+00 0.000000e+00 9.927714e+09 
19553 0.000000e+00 0.000000e+00 9.927621e+09 
19554 0.000000e+00 0.000000e+00 9.927126e+09 
19555 0.000000e+00 0.000000e+00 9.927270e+09 
19556 0.000000e+00 0.000000e+00 9.929799e+09 
19557 0.000000e+00 0.000000e+00 1.001028e+10 
19558 0.000000e+00 0.000000e+00 1.045417e+10 
19559 0.000000e+00 0.000000e+00 1.063752e+10 
19560 0.000000e+00 0.000000e+00 1.063401e+10 
19561 0.000000e+00 0.000000e+00 1.068024e+10 
19562 0.000000e+00 0.000000e+00 1.054312e+10 
19563 0.000000e+00 0.000000e+00 1.055473e+10 
19564 0.000000e+00 0.000000e+00 1.060992e+10 
19565 0.000000e+00 0.000000e+00 1.069320e+10 
19566 0.000000e+00 0.000000e+00 1.070307e+10 
19567 0.000000e+00 0.000000e+00 9.967174e+09 
19568 0.000000e+00 0.000000e+00 9.929223e+09 
19569 0.000000e+00 0.000000e+00 9.926973e+09 
19570 0.000000e+00 0.000000e+00 9.927398e+09 
19571 0.000000e+00 0.000000e+00 9.928077e+09 
19572 0.000000e+00 0.000000e+00 9.927178e+09 
19573 0.000000e+00 0.000000e+00 9.932825e+09 
19574 0.000000e+00 0.000000e+00 1.001429e+10 
19575 0.000000e+00 0.000000e+00 1.044649e+10 
19576 0.000000e+00 0.000000e+00 1.059872e+10 
19577 0.000000e+00 0.000000e+00 1.063538e+10 
19578 0.000000e+00 0.000000e+00 1.069629e+10 
19579 0.000000e+00 0.000000e+00 1.048185e+10 
19580 0.000000e+00 0.000000e+00 1.052587e+10 
19581 0.000000e+00 0.000000e+00 1.059435e+10 
19582 0.000000e+00 0.000000e+00 1.067807e+10 
19583 0.000000e+00 0.000000e+00 1.066502e+10 
19584 0.000000e+00 0.000000e+00 1.069015e+10 
19585 0.000000e+00 0.000000e+00 9.964676e+09 
19586 0.000000e+00 0.000000e+00 9.929687e+09 
19587 0.000000e+00 0.000000e+00 9.927991e+09 
19588 0.000000e+00 0.000000e+00 9.927233e+09 
19589 0.000000e+00 0.000000e+00 9.933341e+09 
19590 0.000000e+00 0.000000e+00 9.953160e+09 
19591 0.000000e+00 0.000000e+00 1.012917e+10 
19592 0.000000e+00 0.000000e+00 1.044059e+10 
19593 0.000000e+00 0.000000e+00 1.061219e+10 
19594 0.000000e+00 0.000000e+00 1.061404e+10 
19595 0.000000e+00 0.000000e+00 1.072804e+10 
19596 0.000000e+00 0.000000e+00 1.068734e+10 
19597 0.000000e+00 0.000000e+00 9.958228e+09 
19598 0.000000e+00 0.000000e+00 9.930270e+09 
19599 0.000000e+00 0.000000e+00 9.928025e+09 
19600 0.000000e+00 0.000000e+00 9.927190e+09 
19601 0.000000e+00 0.000000e+00 9.927332e+09 
19602 0.000000e+00 0.000000e+00 9.927792e+09 
19603 0.000000e+00 0.000000e+00 9.948890e+09 
19604 0.000000e+00 0.000000e+00 1.019930e+10 
19605 0.000000e+00 0.000000e+00 1.053025e+10 
19606 0.000000e+00 0.000000e+00 1.062162e+10 
19607 0.000000e+00 0.000000e+00 1.069636e+10 
19608 0.000000e+00 0.000000e+00 1.068593e+10 
19609 0.000000e+00 0.000000e+00 1.011989e+10 
19610 0.000000e+00 0.000000e+00 1.012359e+10 
19611 0.000000e+00 0.000000e+00 1.025288e+10 
19612 0.000000e+00 0.000000e+00 1.036416e+10 
19613 0.000000e+00 0.000000e+00 1.048960e+10 
19614 0.000000e+00 0.000000e+00 1.058090e+10 
19615 0.000000e+00 0.000000e+00 1.063833e+10 
19616 0.000000e+00 0.000000e+00 1.067157e+10 
19617 0.000000e+00 0.000000e+00 1.073430e+10 
19618 0.000000e+00 0.000000e+00 9.965753e+09 
19619 0.000000e+00 0.000000e+00 9.931243e+09 
19620 0.000000e+00 0.000000e+00 9.926540e+09 
19621 0.000000e+00 0.000000e+00 9.927286e+09 
19622 0.000000e+00 0.000000e+00 9.926547e+09 
19623 0.000000e+00 0.000000e+00 9.931050e+09 
19624 0.000000e+00 0.000000e+00 9.958210e+09 
19625 0.000000e+00 0.000000e+00 1.027731e+10 
19626 0.000000e+00 0.000000e+00 1.052266e+10 
19627 0.000000e+00 0.000000e+00 1.063791e+10 
19628 0.000000e+00 0.000000e+00 1.063691e+10 
19629 0.000000e+00 0.000000e+00 1.071128e+10 
19630 0.000000e+00 0.000000e+00 9.975896e+09 
19631 0.000000e+00 0.000000e+00 9.934406e+09 
19632 0.000000e+00 0.000000e+00 9.926869e+09 
19633 0.000000e+00 0.000000e+00 9.926935e+09 
19634 0.000000e+00 0.000000e+00 9.926813e+09 
19635 0.000000e+00 0.000000e+00 9.927206e+09 
19636 0.000000e+00 0.000000e+00 9.927149e+09 
19637 0.000000e+00 0.000000e+00 9.969243e+09 
19638 0.000000e+00 0.000000e+00 1.029631e+10 
19639 0.000000e+00 0.000000e+00 1.062322e+10 
19640 0.000000e+00 0.000000e+00 1.060479e+10 
19641 0.000000e+00 0.000000e+00 1.074604e+10 
19642 0.000000e+00 0.000000e+00 9.994277e+09 
19643 0.000000e+00 0.000000e+00 9.938826e+09 
19644 0.000000e+00 0.000000e+00 9.928307e+09 
19645 0.000000e+00 0.000000e+00 9.926698e+09 
19646 0.000000e+00 0.000000e+00 9.927497e+09 
19647 0.000000e+00 0.000000e+00 9.926613e+09 
19648 0.000000e+00 0.000000e+00 9.932366e+09 
19649 0.000000e+00 0.000000e+00 9.956022e+09 
19650 0.000000e+00 0.000000e+00 1.019766e+10 
19651 0.000000e+00 0.000000e+00 1.050385e+10 
19652 0.000000e+00 0.000000e+00 1.066320e+10 
19653 0.000000e+00 0.000000e+00 1.066195e+10 
19654 0.000000e+00 0.000000e+00 1.074820e+10 
19655 0.000000e+00 0.000000e+00 9.973522e+09 
19656 0.000000e+00 0.000000e+00 9.934099e+09 
19657 0.000000e+00 0.000000e+00 9.926698e+09 
19658 0.000000e+00 0.000000e+00 9.927266e+09 
19659 0.000000e+00 0.000000e+00 9.927352e+09 
19660 0.000000e+00 0.000000e+00 9.926750e+09 
19661 0.000000e+00 0.000000e+00 9.932054e+09 
19662 0.000000e+00 0.000000e+00 9.988141e+09 
19663 0.000000e+00 0.000000e+00 1.040591e+10 
19664 0.000000e+00 0.000000e+00 1.058729e+10 
19665 0.000000e+00 0.000000e+00 1.067834e+10 
19666 0.000000e+00 0.000000e+00 1.066563e+10 
19667 0.000000e+00 0.000000e+00 1.011858e+10 
19668 0.000000e+00 0.000000e+00 1.009279e+10 
19669 0.000000e+00 0.000000e+00 1.021457e+10 
19670 0.000000e+00 0.000000e+00 1.034243e+10 
19671 0.000000e+00 0.000000e+00 1.051001e+10 
19672 0.000000e+00 0.000000e+00 1.054967e+10 
19673 0.000000e+00 0.000000e+00 1.063067e+10 
19674 0.000000e+00 0.000000e+00 1.064414e+10 
19675 0.000000e+00 0.000000e+00 1.049149e+10 
19676 0.000000e+00 0.000000e+00 1.046609e+10 
19677 0.000000e+00 0.000000e+00 1.063102e+10 
19678 0.000000e+00 0.000000e+00 1.061309e+10 
19679 0.000000e+00 0.000000e+00 1.069594e+10 
19680 0.000000e+00 0.000000e+00 1.069526e+10 
19681 0.000000e+00 0.000000e+00 9.959062e+09 
19682 0.000000e+00 0.000000e+00 9.928266e+09 
19683 0.000000e+00 0.000000e+00 9.927283e+09 
19684 0.000000e+00 0.000000e+00 9.927273e+09 
19685 0.000000e+00 0.000000e+00 9.926858e+09 
19686 0.000000e+00 0.000000e+00 9.929424e+09 
19687 0.000000e+00 0.000000e+00 9.936576e+09 
19688 0.000000e+00 0.000000e+00 1.013594e+10 
19689 0.000000e+00 0.000000e+00 1.041810e+10 
19690 0.000000e+00 0.000000e+00 1.065946e+10 
19691 0.000000e+00 0.000000e+00 1.064915e+10 
19692 0.000000e+00 0.000000e+00 1.071486e+10 
19693 0.000000e+00 0.000000e+00 9.977597e+09 
19694 0.000000e+00 0.000000e+00 9.933644e+09 
19695 0.000000e+00 0.000000e+00 9.927856e+09 
19696 0.000000e+00 0.000000e+00 9.926846e+09 
19697 0.000000e+00 0.000000e+00 9.927791e+09 
19698 0.000000e+00 0.000000e+00 9.926865e+09 
19699 0.000000e+00 0.000000e+00 9.938091e+09 
19700 0.000000e+00 0.000000e+00 1.001817e+10 
19701 0.000000e+00 0.000000e+00 1.045521e+10 
19702 0.000000e+00 0.000000e+00 1.055521e+10 
19703 0.000000e+00 0.000000e+00 1.066859e+10 
19704 0.000000e+00 0.000000e+00 1.067037e+10 
19705 0.000000e+00 0.000000e+00 1.051339e+10 
19706 0.000000e+00 0.000000e+00 1.050288e+10 
19707 0.000000e+00 0.000000e+00 1.063756e+10 
19708 0.000000e+00 0.000000e+00 1.063763e+10 
19709 0.000000e+00 0.000000e+00 1.073853e+10 
19710 0.000000e+00 0.000000e+00 9.986433e+09 
19711 0.000000e+00 0.000000e+00 9.935891e+09 
19712 0.000000e+00 0.000000e+00 9.928456e+09 
19713 0.000000e+00 0.000000e+00 9.926974e+09 
19714 0.000000e+00 0.000000e+00 9.929869e+09 
19715 0.000000e+00 0.000000e+00 9.926816e+09 
19716 0.000000e+00 0.000000e+00 9.935083e+09 
19717 0.000000e+00 0.000000e+00 9.980811e+09 
19718 0.000000e+00 0.000000e+00 1.038227e+10 
19719 0.000000e+00 0.000000e+00 1.054983e+10 
19720 0.000000e+00 0.000000e+00 1.065914e+10 
19721 0.000000e+00 0.000000e+00 1.064993e+10 
19722 0.000000e+00 0.000000e+00 1.074726e+10 
19723 0.000000e+00 0.000000e+00 9.968839e+09 
19724 0.000000e+00 0.000000e+00 9.930662e+09 
19725 0.000000e+00 0.000000e+00 9.927102e+09 
19726 0.000000e+00 0.000000e+00 9.927210e+09 
19727 0.000000e+00 0.000000e+00 9.927173e+09 
19728 0.000000e+00 0.000000e+00 9.927082e+09 
19729 0.000000e+00 0.000000e+00 9.929837e+09 
19730 0.000000e+00 0.000000e+00 9.977230e+09 
19731 0.000000e+00 0.000000e+00 1.036274e+10 
19732 0.000000e+00 0.000000e+00 1.050377e+10 
19733 0.000000e+00 0.000000e+00 1.064716e+10 
19734 0.000000e+00 0.000000e+00 1.072073e+10 
19735 0.000000e+00 0.000000e+00 1.013051e+10 
19736 0.000000e+00 0.000000e+00 1.012113e+10 
19737 0.000000e+00 0.000000e+00 1.025192e+10 
19738 0.000000e+00 0.000000e+00 1.036143e+10 
19739 0.000000e+00 0.000000e+00 1.051148e+10 
19740 0.000000e+00 0.000000e+00 1.056494e+10 
19741 0.000000e+00 0.000000e+00 1.062493e+10 
19742 0.000000e+00 0.000000e+00 1.067650e+10 
19743 0.000000e+00 0.000000e+00 1.068802e+10 
19744 0.000000e+00 0.000000e+00 9.959406e+09 
19745 0.000000e+00 0.000000e+00 9.928249e+09 
19746 0.000000e+00 0.000000e+00 9.927198e+09 
19747 0.000000e+00 0.000000e+00 9.927209e+09 
19748 0.000000e+00 0.000000e+00 9.926839e+09 
19749 0.000000e+00 0.000000e+00 9.928540e+09 
19750 0.000000e+00 0.000000e+00 9.939804e+09 
19751 0.000000e+00 0.000000e+00 1.016269e+10 
19752 0.000000e+00 0.000000e+00 1.051549e+10 
19753 0.000000e+00 0.000000e+00 1.063336e+10 
19754 0.000000e+00 0.000000e+00 1.063987e+10 
19755 0.000000e+00 0.000000e+00 1.073064e+10 
19756 0.000000e+00 0.000000e+00 9.982572e+09 
19757 0.000000e+00 0.000000e+00 9.934748e+09 
19758 0.000000e+00 0.000000e+00 9.927738e+09 
19759 0.000000e+00 0.000000e+00 9.926905e+09 
19760 0.000000e+00 0.000000e+00 9.927315e+09 
19761 0.000000e+00 0.000000e+00 9.927113e+09 
19762 0.000000e+00 0.000000e+00 9.927223e+09 
19763 0.000000e+00 0.000000e+00 9.929979e+09 
19764 0.000000e+00 0.000000e+00 1.006947e+10 
19765 0.000000e+00 0.000000e+00 1.058923e+10 
19766 0.000000e+00 0.000000e+00 1.064457e+10 
19767 0.000000e+00 0.000000e+00 1.066467e+10 
19768 0.000000e+00 0.000000e+00 9.980815e+09 
19769 0.000000e+00 0.000000e+00 9.932346e+09 
19770 0.000000e+00 0.000000e+00 9.926808e+09 
19771 0.000000e+00 0.000000e+00 9.927346e+09 
19772 0.000000e+00 0.000000e+00 9.927071e+09 
19773 0.000000e+00 0.000000e+00 9.927235e+09 
19774 0.000000e+00 0.000000e+00 9.926652e+09 
19775 0.000000e+00 0.000000e+00 9.935356e+09 
19776 0.000000e+00 0.000000e+00 1.009064e+10 
19777 0.000000e+00 0.000000e+00 1.056285e+10 
19778 0.000000e+00 0.000000e+00 1.060346e+10 
19779 0.000000e+00 0.000000e+00 1.071359e+10 
19780 0.000000e+00 0.000000e+00 1.066689e+10 
19781 0.000000e+00 0.000000e+00 9.962801e+09 
19782 0.000000e+00 0.000000e+00 9.929571e+09 
19783 0.000000e+00 0.000000e+00 9.926914e+09 
19784 0.000000e+00 0.000000e+00 9.927159e+09 
19785 0.000000e+00 0.000000e+00 9.927050e+09 
19786 0.000000e+00 0.000000e+00 9.927266e+09 
19787 0.000000e+00 0.000000e+00 9.928755e+09 
19788 0.000000e+00 0.000000e+00 9.993476e+09 
19789 0.000000e+00 0.000000e+00 1.027503e+10 
19790 0.000000e+00 0.000000e+00 1.063045e+10 
19791 0.000000e+00 0.000000e+00 1.064630e+10 
19792 0.000000e+00 0.000000e+00 1.071530e+10 
19793 0.000000e+00 0.000000e+00 9.989639e+09 
19794 0.000000e+00 0.000000e+00 9.939884e+09 
19795 0.000000e+00 0.000000e+00 9.927343e+09 
19796 0.000000e+00 0.000000e+00 9.927168e+09 
19797 0.000000e+00 0.000000e+00 9.926859e+09 
19798 0.000000e+00 0.000000e+00 9.927662e+09 
19799 0.000000e+00 0.000000e+00 9.927207e+09 
19800 0.000000e+00 0.000000e+00 9.946679e+09 
19801 0.000000e+00 0.000000e+00 1.008659e+10 
19802 0.000000e+00 0.000000e+00 1.038210e+10 
19803 0.000000e+00 0.000000e+00 1.058075e+10 
19804 0.000000e+00 0.000000e+00 1.069560e+10 
19805 0.000000e+00 0.000000e+00 1.067708e+10 
19806 0.000000e+00 0.000000e+00 9.959268e+09 
19807 0.000000e+00 0.000000e+00 9.928272e+09 
19808 0.000000e+00 0.000000e+00 9.927249e+09 
19809 0.000000e+00 0.000000e+00 9.927117e+09 
19810 0.000000e+00 0.000000e+00 9.926961e+09 
19811 0.000000e+00 0.000000e+00 9.928967e+09 
19812 0.000000e+00 0.000000e+00 9.927576e+09 
19813 0.000000e+00 0.000000e+00 9.988289e+09 
19814 0.000000e+00 0.000000e+00 1.028613e+10 
19815 0.000000e+00 0.000000e+00 1.064615e+10 
19816 0.000000e+00 0.000000e+00 1.062595e+10 
19817 0.000000e+00 0.000000e+00 1.070590e+10 
19818 0.000000e+00 0.000000e+00 9.979394e+09 
19819 0.000000e+00 0.000000e+00 9.936071e+09 
19820 0.000000e+00 0.000000e+00 9.927312e+09 
19821 0.000000e+00 0.000000e+00 9.926780e+09 
19822 0.000000e+00 0.000000e+00 9.927014e+09 
19823 0.000000e+00 0.000000e+00 9.927756e+09 
19824 0.000000e+00 0.000000e+00 9.927233e+09 
19825 0.000000e+00 0.000000e+00 9.968170e+09 
19826 0.000000e+00 0.000000e+00 1.034719e+10 
19827 0.000000e+00 0.000000e+00 1.063038e+10 
19828 0.000000e+00 0.000000e+00 1.059692e+10 
19829 0.000000e+00 0.000000e+00 1.072065e+10 
19830 0.000000e+00 0.000000e+00 1.066019e+10 
19831 0.000000e+00 0.000000e+00 9.955728e+09 
19832 0.000000e+00 0.000000e+00 9.927977e+09 
19833 0.000000e+00 0.000000e+00 9.928275e+09 
19834 0.000000e+00 0.000000e+00 9.927488e+09 
19835 0.000000e+00 0.000000e+00 9.928776e+09 
19836 0.000000e+00 0.000000e+00 9.934751e+09 
19837 0.000000e+00 0.000000e+00 1.000753e+10 
19838 0.000000e+00 0.000000e+00 1.020619e+10 
19839 0.000000e+00 0.000000e+00 1.052984e+10 
19840 0.000000e+00 0.000000e+00 1.066042e+10 
19841 0.000000e+00 0.000000e+00 1.066979e+10 
19842 0.000000e+00 0.000000e+00 1.069162e+10 
19843 0.000000e+00 0.000000e+00 1.014324e+10 
19844 0.000000e+00 0.000000e+00 1.012705e+10 
19845 0.000000e+00 0.000000e+00 1.028096e+10 
19846 0.000000e+00 0.000000e+00 1.038350e+10 
19847 0.000000e+00 0.000000e+00 1.051379e+10 
19848 0.000000e+00 0.000000e+00 1.055860e+10 
19849 0.000000e+00 0.000000e+00 1.067778e+10 
19850 0.000000e+00 0.000000e+00 1.067109e+10 
19851 0.000000e+00 0.000000e+00 1.071860e+10 
19852 0.000000e+00 0.000000e+00 9.964265e+09 
19853 0.000000e+00 0.000000e+00 9.932272e+09 
19854 0.000000e+00 0.000000e+00 9.926936e+09 
19855 0.000000e+00 0.000000e+00 9.928393e+09 
19856 0.000000e+00 0.000000e+00 9.927697e+09 
19857 0.000000e+00 0.000000e+00 9.932973e+09 
19858 0.000000e+00 0.000000e+00 9.973135e+09 
19859 0.000000e+00 0.000000e+00 1.023203e+10 
19860 0.000000e+00 0.000000e+00 1.044473e+10 
19861 0.000000e+00 0.000000e+00 1.067770e+10 
19862 0.000000e+00 0.000000e+00 1.067068e+10 
19863 0.000000e+00 0.000000e+00 1.071300e+10 
19864 0.000000e+00 0.000000e+00 9.972680e+09 
19865 0.000000e+00 0.000000e+00 9.931946e+09 
19866 0.000000e+00 0.000000e+00 9.926920e+09 
19867 0.000000e+00 0.000000e+00 9.927832e+09 
19868 0.000000e+00 0.000000e+00 9.926587e+09 
19869 0.000000e+00 0.000000e+00 9.932425e+09 
19870 0.000000e+00 0.000000e+00 9.957430e+09 
19871 0.000000e+00 0.000000e+00 1.024467e+10 
19872 0.000000e+00 0.000000e+00 1.050278e+10 
19873 0.000000e+00 0.000000e+00 1.061952e+10 
19874 0.000000e+00 0.000000e+00 1.060603e+10 
19875 0.000000e+00 0.000000e+00 1.070515e+10 
19876 0.000000e+00 0.000000e+00 9.987008e+09 
19877 0.000000e+00 0.000000e+00 9.935772e+09 
19878 0.000000e+00 0.000000e+00 9.928659e+09 
19879 0.000000e+00 0.000000e+00 9.927621e+09 
19880 0.000000e+00 0.000000e+00 9.927328e+09 
19881 0.000000e+00 0.000000e+00 9.926671e+09 
19882 0.000000e+00 0.000000e+00 9.929748e+09 
19883 0.000000e+00 0.000000e+00 9.952858e+09 
19884 0.000000e+00 0.000000e+00 1.021694e+10 
19885 0.000000e+00 0.000000e+00 1.039261e+10 
19886 0.000000e+00 0.000000e+00 1.063932e+10 
19887 0.000000e+00 0.000000e+00 1.065206e+10 
19888 0.000000e+00 0.000000e+00 1.006982e+10 
19889 0.000000e+00 0.000000e+00 1.002512e+10 
19890 0.000000e+00 0.000000e+00 1.010376e+10 
19891 0.000000e+00 0.000000e+00 1.024195e+10 
19892 0.000000e+00 0.000000e+00 1.047209e+10 
19893 0.000000e+00 0.000000e+00 1.051749e+10 
19894 0.000000e+00 0.000000e+00 1.064207e+10 
19895 0.000000e+00 0.000000e+00 1.062468e+10 
19896 0.000000e+00 0.000000e+00 1.075463e+10 
19897 0.000000e+00 0.000000e+00 9.991632e+09 
19898 0.000000e+00 0.000000e+00 9.941492e+09 
19899 0.000000e+00 0.000000e+00 9.928278e+09 
19900 0.000000e+00 0.000000e+00 9.928580e+09 
19901 0.000000e+00 0.000000e+00 9.931848e+09 
19902 0.000000e+00 0.000000e+00 9.928249e+09 
19903 0.000000e+00 0.000000e+00 9.928972e+09 
19904 0.000000e+00 0.000000e+00 9.934678e+09 
19905 0.000000e+00 0.000000e+00 9.963355e+09 
19906 0.000000e+00 0.000000e+00 1.034062e+10 
19907 0.000000e+00 0.000000e+00 1.056869e+10 
19908 0.000000e+00 0.000000e+00 1.066501e+10 
19909 0.000000e+00 0.000000e+00 1.070150e+10 
19910 0.000000e+00 0.000000e+00 9.968655e+09 
19911 0.000000e+00 0.000000e+00 9.932393e+09 
19912 0.000000e+00 0.000000e+00 9.927068e+09 
19913 0.000000e+00 0.000000e+00 9.927459e+09 
19914 0.000000e+00 0.000000e+00 9.926569e+09 
19915 0.000000e+00 0.000000e+00 9.929461e+09 
19916 0.000000e+00 0.000000e+00 9.942881e+09 
19917 0.000000e+00 0.000000e+00 1.024719e+10 
19918 0.000000e+00 0.000000e+00 1.055437e+10 
19919 0.000000e+00 0.000000e+00 1.062735e+10 
19920 0.000000e+00 0.000000e+00 1.062601e+10 
19921 0.000000e+00 0.000000e+00 1.073118e+10 
19922 0.000000e+00 0.000000e+00 9.984144e+09 
19923 0.000000e+00 0.000000e+00 9.934172e+09 
19924 0.000000e+00 0.000000e+00 9.928031e+09 
19925 0.000000e+00 0.000000e+00 9.927572e+09 
19926 0.000000e+00 0.000000e+00 9.927071e+09 
19927 0.000000e+00 0.000000e+00 9.927884e+09 
19928 0.000000e+00 0.000000e+00 9.928100e+09 
19929 0.000000e+00 0.000000e+00 9.955718e+09 
19930 0.000000e+00 0.000000e+00 1.021372e+10 
19931 0.000000e+00 0.000000e+00 1.062469e+10 
19932 0.000000e+00 0.000000e+00 1.064223e+10 
19933 0.000000e+00 0.000000e+00 1.067739e+10 
19934 0.000000e+00 0.000000e+00 1.071129e+10 
19935 0.000000e+00 0.000000e+00 9.965630e+09 
19936 0.000000e+00 0.000000e+00 9.930641e+09 
19937 0.000000e+00 0.000000e+00 9.928261e+09 
19938 0.000000e+00 0.000000e+00 9.928589e+09 
19939 0.000000e+00 0.000000e+00 9.929941e+09 
19940 0.000000e+00 0.000000e+00 9.932036e+09 
19941 0.000000e+00 0.000000e+00 1.000055e+10 
19942 0.000000e+00 0.000000e+00 1.026177e+10 
19943 0.000000e+00 0.000000e+00 1.055927e+10 
19944 0.000000e+00 0.000000e+00 1.060975e+10 
19945 0.000000e+00 0.000000e+00 1.066561e+10 
19946 0.000000e+00 0.000000e+00 1.069200e+10 
19947 0.000000e+00 0.000000e+00 1.013704e+10 
19948 0.000000e+00 0.000000e+00 1.013111e+10 
19949 0.000000e+00 0.000000e+00 1.026666e+10 
19950 0.000000e+00 0.000000e+00 1.038840e+10 
19951 0.000000e+00 0.000000e+00 1.049139e+10 
19952 0.000000e+00 0.000000e+00 1.055957e+10 
19953 0.000000e+00 0.000000e+00 1.062076e+10 
19954 0.000000e+00 0.000000e+00 1.066159e+10 
19955 0.000000e+00 0.000000e+00 1.069282e+10 
19956 0.000000e+00 0.000000e+00 9.955694e+09 
19957 0.000000e+00 0.000000e+00 9.927645e+09 
19958 0.000000e+00 0.000000e+00 9.927150e+09 
19959 0.000000e+00 0.000000e+00 9.926936e+09 
19960 0.000000e+00 0.000000e+00 9.926700e+09 
19961 0.000000e+00 0.000000e+00 9.928550e+09 
19962 0.000000e+00 0.000000e+00 9.936179e+09 
19963 0.000000e+00 0.000000e+00 1.015889e+10 
19964 0.000000e+00 0.000000e+00 1.058259e+10 
19965 0.000000e+00 0.000000e+00 1.063719e+10 
19966 0.000000e+00 0.000000e+00 1.064102e+10 
19967 0.000000e+00 0.000000e+00 1.073718e+10 
19968 0.000000e+00 0.000000e+00 9.974243e+09 
19969 0.000000e+00 0.000000e+00 9.932636e+09 
19970 0.000000e+00 0.000000e+00 9.927911e+09 
19971 0.000000e+00 0.000000e+00 9.927631e+09 
19972 0.000000e+00 0.000000e+00 9.928143e+09 
19973 0.000000e+00 0.000000e+00 9.927859e+09 
19974 0.000000e+00 0.000000e+00 9.927575e+09 
19975 0.000000e+00 0.000000e+00 9.944438e+09 
19976 0.000000e+00 0.000000e+00 1.014863e+10 
19977 0.000000e+00 0.000000e+00 1.055239e+10 
19978 0.000000e+00 0.000000e+00 1.065203e+10 
19979 0.000000e+00 0.000000e+00 1.066358e+10 
19980 0.000000e+00 0.000000e+00 9.987866e+09 
19981 0.000000e+00 0.000000e+00 9.938353e+09 
19982 0.000000e+00 0.000000e+00 9.927735e+09 
19983 0.000000e+00 0.000000e+00 9.926838e+09 
19984 0.000000e+00 0.000000e+00 9.927106e+09 
19985 0.000000e+00 0.000000e+00 9.926873e+09 
19986 0.000000e+00 0.000000e+00 9.927419e+09 
19987 0.000000e+00 0.000000e+00 9.929430e+09 
19988 0.000000e+00 0.000000e+00 1.003296e+10 
19989 0.000000e+00 0.000000e+00 1.018112e+10 
19990 0.000000e+00 0.000000e+00 1.058603e+10 
19991 0.000000e+00 0.000000e+00 1.065806e+10 
19992 0.000000e+00 0.000000e+00 1.071842e+10 
19993 0.000000e+00 0.000000e+00 9.972753e+09 
19994 0.000000e+00 0.000000e+00 9.931544e+09 
19995 0.000000e+00 0.000000e+00 9.926746e+09 
19996 0.000000e+00 0.000000e+00 9.927902e+09 
19997 0.000000e+00 0.000000e+00 9.926540e+09 
19998 0.000000e+00 0.000000e+00 9.930315e+09 
19999 0.000000e+00 0.000000e+00 9.936059e+09 
20000 0.000000e+00 0.000000e+00 1.014858e+10 
20001 0.000000e+00 0.000000e+00 1.049219e+10 
20002 0.000000e+00 0.000000e+00 1.065932e+10 
20003 0.000000e+00 0.000000e+00 1.065473e+10 
20004 0.000000e+00 0.000000e+00 1.073206e+10 
20005 0.000000e+00 0.000000e+00 9.985560e+09 
20006 0.000000e+00 0.000000e+00 9.935010e+09 
20007 0.000000e+00 0.000000e+00 9.927091e+09 
20008 0.000000e+00 0.000000e+00 9.927218e+09 
20009 0.000000e+00 0.000000e+00 9.926878e+09 
20010 0.000000e+00 0.000000e+00 9.927086e+09 
20011 0.000000e+00 0.000000e+00 9.926776e+09 
20012 0.000000e+00 0.000000e+00 9.937013e+09 
20013 0.000000e+00 0.000000e+00 1.010750e+10 
20014 0.000000e+00 0.000000e+00 1.063171e+10 
20015 0.000000e+00 0.000000e+00 1.060544e+10 
20016 0.000000e+00 0.000000e+00 1.070673e+10 
20017 0.000000e+00 0.000000e+00 1.005340e+10 
20018 0.000000e+00 0.000000e+00 1.005651e+10 
20019 0.000000e+00 0.000000e+00 1.010562e+10 
20020 0.000000e+00 0.000000e+00 1.032810e+10 
20021 0.000000e+00 0.000000e+00 1.045014e+10 
20022 0.000000e+00 0.000000e+00 1.058929e+10 
20023 0.000000e+00 0.000000e+00 1.059209e+10 
20024 0.000000e+00 0.000000e+00 1.066406e+10 
20025 0.000000e+00 0.000000e+00 1.067684e+10 
20026 0.000000e+00 0.000000e+00 1.074202e+10 
20027 0.000000e+00 0.000000e+00 9.959837e+09 
20028 0.000000e+00 0.000000e+00 9.930920e+09 
20029 0.000000e+00 0.000000e+00 9.927257e+09 
20030 0.000000e+00 0.000000e+00 9.928996e+09 
20031 0.000000e+00 0.000000e+00 9.930067e+09 
20032 0.000000e+00 0.000000e+00 9.972715e+09 
20033 0.000000e+00 0.000000e+00 1.012500e+10 
20034 0.000000e+00 0.000000e+00 1.052702e+10 
20035 0.000000e+00 0.000000e+00 1.058215e+10 
20036 0.000000e+00 0.000000e+00 1.069175e+10 
20037 0.000000e+00 0.000000e+00 1.066970e+10 
20038 0.000000e+00 0.000000e+00 1.071544e+10 
20039 0.000000e+00 0.000000e+00 9.963957e+09 
20040 0.000000e+00 0.000000e+00 9.929654e+09 
20041 0.000000e+00 0.000000e+00 9.926949e+09 
20042 0.000000e+00 0.000000e+00 9.926827e+09 
20043 0.000000e+00 0.000000e+00 9.927236e+09 
20044 0.000000e+00 0.000000e+00 9.926984e+09 
20045 0.000000e+00 0.000000e+00 9.942772e+09 
20046 0.000000e+00 0.000000e+00 1.014402e+10 
20047 0.000000e+00 0.000000e+00 1.056371e+10 
20048 0.000000e+00 0.000000e+00 1.058860e+10 
20049 0.000000e+00 0.000000e+00 1.066346e+10 
20050 0.000000e+00 0.000000e+00 1.069595e+10 
20051 0.000000e+00 0.000000e+00 1.014666e+10 
20052 0.000000e+00 0.000000e+00 1.011551e+10 
20053 0.000000e+00 0.000000e+00 1.023777e+10 
20054 0.000000e+00 0.000000e+00 1.037066e+10 
20055 0.000000e+00 0.000000e+00 1.051763e+10 
20056 0.000000e+00 0.000000e+00 1.056144e+10 
20057 0.000000e+00 0.000000e+00 1.067439e+10 
20058 0.000000e+00 0.000000e+00 1.063331e+10 
20059 0.000000e+00 0.000000e+00 1.073020e+10 
20060 0.000000e+00 0.000000e+00 9.965985e+09 
20061 0.000000e+00 0.000000e+00 9.930597e+09 
20062 0.000000e+00 0.000000e+00 9.926762e+09 
20063 0.000000e+00 0.000000e+00 9.927277e+09 
20064 0.000000e+00 0.000000e+00 9.927458e+09 
20065 0.000000e+00 0.000000e+00 9.929926e+09 
20066 0.000000e+00 0.000000e+00 9.955032e+09 
20067 0.000000e+00 0.000000e+00 1.019553e+10 
20068 0.000000e+00 0.000000e+00 1.052654e+10 
20069 0.000000e+00 0.000000e+00 1.064953e+10 
20070 0.000000e+00 0.000000e+00 1.061733e+10 
20071 0.000000e+00 0.000000e+00 1.072385e+10 
20072 0.000000e+00 0.000000e+00 9.980015e+09 
20073 0.000000e+00 0.000000e+00 9.933717e+09 
20074 0.000000e+00 0.000000e+00 9.927428e+09 
20075 0.000000e+00 0.000000e+00 9.926963e+09 
20076 0.000000e+00 0.000000e+00 9.927277e+09 
20077 0.000000e+00 0.000000e+00 9.927144e+09 
20078 0.000000e+00 0.000000e+00 9.927777e+09 
20079 0.000000e+00 0.000000e+00 9.945416e+09 
20080 0.000000e+00 0.000000e+00 1.027492e+10 
20081 0.000000e+00 0.000000e+00 1.058015e+10 
20082 0.000000e+00 0.000000e+00 1.067002e+10 
20083 0.000000e+00 0.000000e+00 1.066315e+10 
20084 0.000000e+00 0.000000e+00 1.048981e+10 
20085 0.000000e+00 0.000000e+00 1.053921e+10 
20086 0.000000e+00 0.000000e+00 1.061988e+10 
20087 0.000000e+00 0.000000e+00 1.064652e+10 
20088 0.000000e+00 0.000000e+00 1.070637e+10 
20089 0.000000e+00 0.000000e+00 9.980084e+09 
20090 0.000000e+00 0.000000e+00 9.935397e+09 
20091 0.000000e+00 0.000000e+00 9.928545e+09 
20092 0.000000e+00 0.000000e+00 9.926806e+09 
20093 0.000000e+00 0.000000e+00 9.927340e+09 
20094 0.000000e+00 0.000000e+00 9.927568e+09 
20095 0.000000e+00 0.000000e+00 9.932958e+09 
20096 0.000000e+00 0.000000e+00 9.969421e+09 
20097 0.000000e+00 0.000000e+00 1.029653e+10 
20098 0.000000e+00 0.000000e+00 1.058324e+10 
20099 0.000000e+00 0.000000e+00 1.065906e+10 
20100 0.000000e+00 0.000000e+00 1.066845e+10 
20101 0.000000e+00 0.000000e+00 9.987929e+09 
20102 0.000000e+00 0.000000e+00 9.934219e+09 
20103 0.000000e+00 0.000000e+00 9.926745e+09 
20104 0.000000e+00 0.000000e+00 9.927048e+09 
20105 0.000000e+00 0.000000e+00 9.926737e+09 
20106 0.000000e+00 0.000000e+00 9.927174e+09 
20107 0.000000e+00 0.000000e+00 9.926497e+09 
20108 0.000000e+00 0.000000e+00 9.939828e+09 
20109 0.000000e+00 0.000000e+00 1.010450e+10 
20110 0.000000e+00 0.000000e+00 1.053009e+10 
20111 0.000000e+00 0.000000e+00 1.060263e+10 
20112 0.000000e+00 0.000000e+00 1.069670e+10 
20113 0.000000e+00 0.000000e+00 1.065445e+10 
20114 0.000000e+00 0.000000e+00 1.013344e+10 
20115 0.000000e+00 0.000000e+00 1.012136e+10 
20116 0.000000e+00 0.000000e+00 1.026251e+10 
20117 0.000000e+00 0.000000e+00 1.037496e+10 
20118 0.000000e+00 0.000000e+00 1.051664e+10 
20119 0.000000e+00 0.000000e+00 1.058334e+10 
20120 0.000000e+00 0.000000e+00 1.065329e+10 
20121 0.000000e+00 0.000000e+00 1.063256e+10 
20122 0.000000e+00 0.000000e+00 1.073961e+10 
20123 0.000000e+00 0.000000e+00 9.967491e+09 
20124 0.000000e+00 0.000000e+00 9.932611e+09 
20125 0.000000e+00 0.000000e+00 9.926916e+09 
20126 0.000000e+00 0.000000e+00 9.927842e+09 
20127 0.000000e+00 0.000000e+00 9.927018e+09 
20128 0.000000e+00 0.000000e+00 9.932381e+09 
20129 0.000000e+00 0.000000e+00 9.971997e+09 
20130 0.000000e+00 0.000000e+00 1.023037e+10 
20131 0.000000e+00 0.000000e+00 1.053552e+10 
20132 0.000000e+00 0.000000e+00 1.066396e+10 
20133 0.000000e+00 0.000000e+00 1.063808e+10 
20134 0.000000e+00 0.000000e+00 1.073432e+10 
20135 0.000000e+00 0.000000e+00 1.011371e+10 
20136 0.000000e+00 0.000000e+00 1.011451e+10 
20137 0.000000e+00 0.000000e+00 1.019819e+10 
20138 0.000000e+00 0.000000e+00 1.041729e+10 
20139 0.000000e+00 0.000000e+00 1.046237e+10 
20140 0.000000e+00 0.000000e+00 1.064451e+10 
20141 0.000000e+00 0.000000e+00 1.061603e+10 
20142 0.000000e+00 0.000000e+00 1.071276e+10 
20143 0.000000e+00 0.000000e+00 1.000268e+10 
20144 0.000000e+00 0.000000e+00 9.939557e+09 
20145 0.000000e+00 0.000000e+00 9.929451e+09 
20146 0.000000e+00 0.000000e+00 9.927298e+09 
20147 0.000000e+00 0.000000e+00 9.927415e+09 
20148 0.000000e+00 0.000000e+00 9.927264e+09 
20149 0.000000e+00 0.000000e+00 9.927263e+09 
20150 0.000000e+00 0.000000e+00 9.927839e+09 
20151 0.000000e+00 0.000000e+00 9.986951e+09 
20152 0.000000e+00 0.000000e+00 1.035167e+10 
20153 0.000000e+00 0.000000e+00 1.064644e+10 
20154 0.000000e+00 0.000000e+00 1.061459e+10 
20155 0.000000e+00 0.000000e+00 1.070294e+10 
20156 0.000000e+00 0.000000e+00 1.010576e+10 
20157 0.000000e+00 0.000000e+00 1.011970e+10 
20158 0.000000e+00 0.000000e+00 1.022895e+10 
20159 0.000000e+00 0.000000e+00 1.043134e+10 
20160 0.000000e+00 0.000000e+00 1.048291e+10 
20161 0.000000e+00 0.000000e+00 1.062458e+10 
20162 0.000000e+00 0.000000e+00 1.059385e+10 
20163 0.000000e+00 0.000000e+00 1.069936e+10 
20164 0.000000e+00 0.000000e+00 1.065703e+10 
20165 0.000000e+00 0.000000e+00 9.956166e+09 
20166 0.000000e+00 0.000000e+00 9.929388e+09 
20167 0.000000e+00 0.000000e+00 9.927137e+09 
20168 0.000000e+00 0.000000e+00 9.928542e+09 
20169 0.000000e+00 0.000000e+00 9.928293e+09 
20170 0.000000e+00 0.000000e+00 9.929443e+09 
20171 0.000000e+00 0.000000e+00 9.935327e+09 
20172 0.000000e+00 0.000000e+00 1.008175e+10 
20173 0.000000e+00 0.000000e+00 1.046605e+10 
20174 0.000000e+00 0.000000e+00 1.062875e+10 
20175 0.000000e+00 0.000000e+00 1.065040e+10 
20176 0.000000e+00 0.000000e+00 1.072561e+10 
20177 0.000000e+00 0.000000e+00 9.978289e+09 
20178 0.000000e+00 0.000000e+00 9.933515e+09 
20179 0.000000e+00 0.000000e+00 9.928421e+09 
20180 0.000000e+00 0.000000e+00 9.926871e+09 
20181 0.000000e+00 0.000000e+00 9.927592e+09 
20182 0.000000e+00 0.000000e+00 9.926601e+09 
20183 0.000000e+00 0.000000e+00 9.931612e+09 
20184 0.000000e+00 0.000000e+00 9.971169e+09 
20185 0.000000e+00 0.000000e+00 1.033045e+10 
20186 0.000000e+00 0.000000e+00 1.056145e+10 
20187 0.000000e+00 0.000000e+00 1.066492e+10 
20188 0.000000e+00 0.000000e+00 1.067046e+10 
20189 0.000000e+00 0.000000e+00 1.074337e+10 
20190 0.000000e+00 0.000000e+00 9.963590e+09 
20191 0.000000e+00 0.000000e+00 9.930544e+09 
20192 0.000000e+00 0.000000e+00 9.926785e+09 
20193 0.000000e+00 0.000000e+00 9.927718e+09 
20194 0.000000e+00 0.000000e+00 9.927086e+09 
20195 0.000000e+00 0.000000e+00 9.934194e+09 
20196 0.000000e+00 0.000000e+00 9.989918e+09 
20197 0.000000e+00 0.000000e+00 1.036395e+10 
20198 0.000000e+00 0.000000e+00 1.055607e+10 
20199 0.000000e+00 0.000000e+00 1.066871e+10 
20200 0.000000e+00 0.000000e+00 1.065034e+10 
20201 0.000000e+00 0.000000e+00 1.072056e+10 
20202 0.000000e+00 0.000000e+00 9.972933e+09 
20203 0.000000e+00 0.000000e+00 9.932216e+09 
20204 0.000000e+00 0.000000e+00 9.927339e+09 
20205 0.000000e+00 0.000000e+00 9.927322e+09 
20206 0.000000e+00 0.000000e+00 9.927217e+09 
20207 0.000000e+00 0.000000e+00 9.926774e+09 
20208 0.000000e+00 0.000000e+00 9.931356e+09 
20209 0.000000e+00 0.000000e+00 9.982061e+09 
20210 0.000000e+00 0.000000e+00 1.032360e+10 
20211 0.000000e+00 0.000000e+00 1.060029e+10 
20212 0.000000e+00 0.000000e+00 1.066543e+10 
20213 0.000000e+00 0.000000e+00 1.064508e+10 
20214 0.000000e+00 0.000000e+00 9.971184e+09 
20215 0.000000e+00 0.000000e+00 9.930096e+09 
20216 0.000000e+00 0.000000e+00 9.928883e+09 
20217 0.000000e+00 0.000000e+00 9.927283e+09 
20218 0.000000e+00 0.000000e+00 9.927797e+09 
20219 0.000000e+00 0.000000e+00 9.930248e+09 
20220 0.000000e+00 0.000000e+00 9.930640e+09 
20221 0.000000e+00 0.000000e+00 9.977937e+09 
20222 0.000000e+00 0.000000e+00 1.021791e+10 
20223 0.000000e+00 0.000000e+00 1.048057e+10 
20224 0.000000e+00 0.000000e+00 1.066658e+10 
20225 0.000000e+00 0.000000e+00 1.065879e+10 
20226 0.000000e+00 0.000000e+00 1.070825e+10 
20227 0.000000e+00 0.000000e+00 9.968069e+09 
20228 0.000000e+00 0.000000e+00 9.931888e+09 
20229 0.000000e+00 0.000000e+00 9.926717e+09 
20230 0.000000e+00 0.000000e+00 9.927552e+09 
20231 0.000000e+00 0.000000e+00 9.926949e+09 
20232 0.000000e+00 0.000000e+00 9.929636e+09 
20233 0.000000e+00 0.000000e+00 9.947469e+09 
20234 0.000000e+00 0.000000e+00 1.016846e+10 
20235 0.000000e+00 0.000000e+00 1.045159e+10 
20236 0.000000e+00 0.000000e+00 1.064699e+10 
20237 0.000000e+00 0.000000e+00 1.064895e+10 
20238 0.000000e+00 0.000000e+00 1.072971e+10 
20239 0.000000e+00 0.000000e+00 9.978700e+09 
20240 0.000000e+00 0.000000e+00 9.934473e+09 
20241 0.000000e+00 0.000000e+00 9.928014e+09 
20242 0.000000e+00 0.000000e+00 9.927202e+09 
20243 0.000000e+00 0.000000e+00 9.927730e+09 
20244 0.000000e+00 0.000000e+00 9.927062e+09 
20245 0.000000e+00 0.000000e+00 9.936772e+09 
20246 0.000000e+00 0.000000e+00 1.002005e+10 
20247 0.000000e+00 0.000000e+00 1.033711e+10 
20248 0.000000e+00 0.000000e+00 1.055012e+10 
20249 0.000000e+00 0.000000e+00 1.066022e+10 
20250 0.000000e+00 0.000000e+00 1.064643e+10 
20251 0.000000e+00 0.000000e+00 1.052158e+10 
20252 0.000000e+00 0.000000e+00 1.053886e+10 
20253 0.000000e+00 0.000000e+00 1.061289e+10 
20254 0.000000e+00 0.000000e+00 1.064993e+10 
20255 0.000000e+00 0.000000e+00 1.072267e+10 
20256 0.000000e+00 0.000000e+00 9.989084e+09 
20257 0.000000e+00 0.000000e+00 9.939001e+09 
20258 0.000000e+00 0.000000e+00 9.929773e+09 
20259 0.000000e+00 0.000000e+00 9.927283e+09 
20260 0.000000e+00 0.000000e+00 9.927399e+09 
20261 0.000000e+00 0.000000e+00 9.928915e+09 
20262 0.000000e+00 0.000000e+00 9.928000e+09 
20263 0.000000e+00 0.000000e+00 9.950243e+09 
20264 0.000000e+00 0.000000e+00 1.015497e+10 
20265 0.000000e+00 0.000000e+00 1.056017e+10 
20266 0.000000e+00 0.000000e+00 1.060980e+10 
20267 0.000000e+00 0.000000e+00 1.068055e+10 
20268 0.000000e+00 0.000000e+00 1.068183e+10 
20269 0.000000e+00 0.000000e+00 9.958705e+09 
20270 0.000000e+00 0.000000e+00 9.927893e+09 
20271 0.000000e+00 0.000000e+00 9.927001e+09 
20272 0.000000e+00 0.000000e+00 9.927162e+09 
20273 0.000000e+00 0.000000e+00 9.927149e+09 
20274 0.000000e+00 0.000000e+00 9.927100e+09 
20275 0.000000e+00 0.000000e+00 9.929731e+09 
20276 0.000000e+00 0.000000e+00 9.993673e+09 
20277 0.000000e+00 0.000000e+00 1.032113e+10 
20278 0.000000e+00 0.000000e+00 1.060693e+10 
20279 0.000000e+00 0.000000e+00 1.063785e+10 
20280 0.000000e+00 0.000000e+00 1.072025e+10 
20281 0.000000e+00 0.000000e+00 1.010744e+10 
20282 0.000000e+00 0.000000e+00 1.010784e+10 
20283 0.000000e+00 0.000000e+00 1.019715e+10 
20284 0.000000e+00 0.000000e+00 1.039397e+10 
20285 0.000000e+00 0.000000e+00 1.048737e+10 
20286 0.000000e+00 0.000000e+00 1.056977e+10 
20287 0.000000e+00 0.000000e+00 1.061463e+10 
20288 0.000000e+00 0.000000e+00 1.068281e+10 
20289 0.000000e+00 0.000000e+00 1.066122e+10 
20290 0.000000e+00 0.000000e+00 9.956157e+09 
20291 0.000000e+00 0.000000e+00 9.929024e+09 
20292 0.000000e+00 0.000000e+00 9.929038e+09 
20293 0.000000e+00 0.000000e+00 9.927364e+09 
20294 0.000000e+00 0.000000e+00 9.930214e+09 
20295 0.000000e+00 0.000000e+00 9.930170e+09 
20296 0.000000e+00 0.000000e+00 9.980519e+09 
20297 0.000000e+00 0.000000e+00 1.014903e+10 
20298 0.000000e+00 0.000000e+00 1.050320e+10 
20299 0.000000e+00 0.000000e+00 1.059870e+10 
20300 0.000000e+00 0.000000e+00 1.068912e+10 
20301 0.000000e+00 0.000000e+00 1.068942e+10 
20302 0.000000e+00 0.000000e+00 1.012879e+10 
20303 0.000000e+00 0.000000e+00 1.010163e+10 
20304 0.000000e+00 0.000000e+00 1.023356e+10 
20305 0.000000e+00 0.000000e+00 1.036897e+10 
20306 0.000000e+00 0.000000e+00 1.052819e+10 
20307 0.000000e+00 0.000000e+00 1.054208e+10 
20308 0.000000e+00 0.000000e+00 1.063969e+10 
20309 0.000000e+00 0.000000e+00 1.065657e+10 
20310 0.000000e+00 0.000000e+00 1.074685e+10 
20311 0.000000e+00 0.000000e+00 9.969294e+09 
20312 0.000000e+00 0.000000e+00 9.933060e+09 
20313 0.000000e+00 0.000000e+00 9.926608e+09 
20314 0.000000e+00 0.000000e+00 9.927458e+09 
20315 0.000000e+00 0.000000e+00 9.926568e+09 
20316 0.000000e+00 0.000000e+00 9.929130e+09 
20317 0.000000e+00 0.000000e+00 9.946428e+09 
20318 0.000000e+00 0.000000e+00 1.019435e+10 
20319 0.000000e+00 0.000000e+00 1.047061e+10 
20320 0.000000e+00 0.000000e+00 1.063152e+10 
20321 0.000000e+00 0.000000e+00 1.061895e+10 
20322 0.000000e+00 0.000000e+00 1.075005e+10 
20323 0.000000e+00 0.000000e+00 9.982057e+09 
20324 0.000000e+00 0.000000e+00 9.935085e+09 
20325 0.000000e+00 0.000000e+00 9.926899e+09 
20326 0.000000e+00 0.000000e+00 9.926954e+09 
20327 0.000000e+00 0.000000e+00 9.927048e+09 
20328 0.000000e+00 0.000000e+00 9.926859e+09 
20329 0.000000e+00 0.000000e+00 9.926891e+09 
20330 0.000000e+00 0.000000e+00 9.931667e+09 
20331 0.000000e+00 0.000000e+00 1.003115e+10 
20332 0.000000e+00 0.000000e+00 1.060144e+10 
20333 0.000000e+00 0.000000e+00 1.064022e+10 
20334 0.000000e+00 0.000000e+00 1.065902e+10 
20335 0.000000e+00 0.000000e+00 1.071184e+10 
20336 0.000000e+00 0.000000e+00 9.966788e+09 
20337 0.000000e+00 0.000000e+00 9.931380e+09 
20338 0.000000e+00 0.000000e+00 9.926924e+09 
20339 0.000000e+00 0.000000e+00 9.927564e+09 
20340 0.000000e+00 0.000000e+00 9.927531e+09 
20341 0.000000e+00 0.000000e+00 9.928843e+09 
20342 0.000000e+00 0.000000e+00 9.942116e+09 
20343 0.000000e+00 0.000000e+00 1.013078e+10 
20344 0.000000e+00 0.000000e+00 1.039184e+10 
20345 0.000000e+00 0.000000e+00 1.064099e+10 
20346 0.000000e+00 0.000000e+00 1.062310e+10 
20347 0.000000e+00 0.000000e+00 1.073285e+10 
20348 0.000000e+00 0.000000e+00 9.977514e+09 
20349 0.000000e+00 0.000000e+00 9.934103e+09 
20350 0.000000e+00 0.000000e+00 9.927458e+09 
20351 0.000000e+00 0.000000e+00 9.927035e+09 
20352 0.000000e+00 0.000000e+00 9.927358e+09 
20353 0.000000e+00 0.000000e+00 9.927201e+09 
20354 0.000000e+00 0.000000e+00 9.929499e+09 
20355 0.000000e+00 0.000000e+00 1.000868e+10 
20356 0.000000e+00 0.000000e+00 1.037681e+10 
20357 0.000000e+00 0.000000e+00 1.058703e+10 
20358 0.000000e+00 0.000000e+00 1.064640e+10 
20359 0.000000e+00 0.000000e+00 1.071183e+10 
20360 0.000000e+00 0.000000e+00 1.071425e+10 
20361 0.000000e+00 0.000000e+00 9.962242e+09 
20362 0.000000e+00 0.000000e+00 9.930696e+09 
20363 0.000000e+00 0.000000e+00 9.927336e+09 
20364 0.000000e+00 0.000000e+00 9.927576e+09 
20365 0.000000e+00 0.000000e+00 9.928642e+09 
20366 0.000000e+00 0.000000e+00 9.941011e+09 
20367 0.000000e+00 0.000000e+00 1.006423e+10 
20368 0.000000e+00 0.000000e+00 1.034945e+10 
20369 0.000000e+00 0.000000e+00 1.052297e+10 
20370 0.000000e+00 0.000000e+00 1.066335e+10 
20371 0.000000e+00 0.000000e+00 1.064047e+10 
20372 0.000000e+00 0.000000e+00 1.074631e+10 
20373 0.000000e+00 0.000000e+00 9.976106e+09 
20374 0.000000e+00 0.000000e+00 9.935970e+09 
20375 0.000000e+00 0.000000e+00 9.927795e+09 
20376 0.000000e+00 0.000000e+00 9.927069e+09 
20377 0.000000e+00 0.000000e+00 9.928580e+09 
20378 0.000000e+00 0.000000e+00 9.928565e+09 
20379 0.000000e+00 0.000000e+00 9.983073e+09 
20380 0.000000e+00 0.000000e+00 1.026412e+10 
20381 0.000000e+00 0.000000e+00 1.059948e+10 
20382 0.000000e+00 0.000000e+00 1.060678e+10 
20383 0.000000e+00 0.000000e+00 1.071332e+10 
20384 0.000000e+00 0.000000e+00 1.065194e+10 
20385 0.000000e+00 0.000000e+00 9.967773e+09 
20386 0.000000e+00 0.000000e+00 9.930318e+09 
20387 0.000000e+00 0.000000e+00 9.926813e+09 
20388 0.000000e+00 0.000000e+00 9.927003e+09 
20389 0.000000e+00 0.000000e+00 9.927258e+09 
20390 0.000000e+00 0.000000e+00 9.926554e+09 
20391 0.000000e+00 0.000000e+00 9.929575e+09 
20392 0.000000e+00 0.000000e+00 9.949343e+09 
20393 0.000000e+00 0.000000e+00 1.017893e+10 
20394 0.000000e+00 0.000000e+00 1.042160e+10 
20395 0.000000e+00 0.000000e+00 1.071819e+10 
20396 0.000000e+00 0.000000e+00 1.062786e+10 
20397 0.000000e+00 0.000000e+00 1.008766e+10 
20398 0.000000e+00 0.000000e+00 1.004368e+10 
20399 0.000000e+00 0.000000e+00 1.016243e+10 
20400 0.000000e+00 0.000000e+00 1.031454e+10 
20401 0.000000e+00 0.000000e+00 1.052294e+10 
20402 0.000000e+00 0.000000e+00 1.052213e+10 
20403 0.000000e+00 0.000000e+00 1.063182e+10 
20404 0.000000e+00 0.000000e+00 1.062378e+10 
20405 0.000000e+00 0.000000e+00 1.044775e+10 
20406 0.000000e+00 0.000000e+00 1.044096e+10 
20407 0.000000e+00 0.000000e+00 1.061139e+10 
20408 0.000000e+00 0.000000e+00 1.059525e+10 
20409 0.000000e+00 0.000000e+00 1.071807e+10 
20410 0.000000e+00 0.000000e+00 1.064725e+10 
20411 0.000000e+00 0.000000e+00 9.963023e+09 
20412 0.000000e+00 0.000000e+00 9.928602e+09 
20413 0.000000e+00 0.000000e+00 9.926975e+09 
20414 0.000000e+00 0.000000e+00 9.927287e+09 
20415 0.000000e+00 0.000000e+00 9.927262e+09 
20416 0.000000e+00 0.000000e+00 9.927024e+09 
20417 0.000000e+00 0.000000e+00 9.927401e+09 
20418 0.000000e+00 0.000000e+00 9.927530e+09 
20419 0.000000e+00 0.000000e+00 1.002085e+10 
20420 0.000000e+00 0.000000e+00 1.051611e+10 
20421 0.000000e+00 0.000000e+00 1.067787e+10 
20422 0.000000e+00 0.000000e+00 1.070510e+10 
20423 0.000000e+00 0.000000e+00 9.980964e+09 
20424 0.000000e+00 0.000000e+00 9.932626e+09 
20425 0.000000e+00 0.000000e+00 9.927118e+09 
20426 0.000000e+00 0.000000e+00 9.927244e+09 
20427 0.000000e+00 0.000000e+00 9.927250e+09 
20428 0.000000e+00 0.000000e+00 9.926781e+09 
20429 0.000000e+00 0.000000e+00 9.929562e+09 
20430 0.000000e+00 0.000000e+00 9.941461e+09 
20431 0.000000e+00 0.000000e+00 1.019288e+10 
20432 0.000000e+00 0.000000e+00 1.052553e+10 
20433 0.000000e+00 0.000000e+00 1.066035e+10 
20434 0.000000e+00 0.000000e+00 1.063168e+10 
20435 0.000000e+00 0.000000e+00 1.007077e+10 
20436 0.000000e+00 0.000000e+00 1.002001e+10 
20437 0.000000e+00 0.000000e+00 1.009841e+10 
20438 0.000000e+00 0.000000e+00 1.020504e+10 
20439 0.000000e+00 0.000000e+00 1.044627e+10 
20440 0.000000e+00 0.000000e+00 1.051168e+10 
20441 0.000000e+00 0.000000e+00 1.060455e+10 
20442 0.000000e+00 0.000000e+00 1.062850e+10 
20443 0.000000e+00 0.000000e+00 1.071412e+10 
20444 0.000000e+00 0.000000e+00 1.007636e+10 
20445 0.000000e+00 0.000000e+00 1.007089e+10 
20446 0.000000e+00 0.000000e+00 1.013844e+10 
20447 0.000000e+00 0.000000e+00 1.036787e+10 
20448 0.000000e+00 0.000000e+00 1.048646e+10 
20449 0.000000e+00 0.000000e+00 1.059712e+10 
20450 0.000000e+00 0.000000e+00 1.059463e+10 
20451 0.000000e+00 0.000000e+00 1.067129e+10 
20452 0.000000e+00 0.000000e+00 1.067118e+10 
20453 0.000000e+00 0.000000e+00 1.014757e+10 
20454 0.000000e+00 0.000000e+00 1.010639e+10 
20455 0.000000e+00 0.000000e+00 1.025337e+10 
20456 0.000000e+00 0.000000e+00 1.037696e+10 
20457 0.000000e+00 0.000000e+00 1.057289e+10 
20458 0.000000e+00 0.000000e+00 1.054948e+10 
20459 0.000000e+00 0.000000e+00 1.066840e+10 
20460 0.000000e+00 0.000000e+00 1.063462e+10 
20461 0.000000e+00 0.000000e+00 1.008566e+10 
20462 0.000000e+00 0.000000e+00 1.003235e+10 
20463 0.000000e+00 0.000000e+00 1.012935e+10 
20464 0.000000e+00 0.000000e+00 1.028109e+10 
20465 0.000000e+00 0.000000e+00 1.047140e+10 
20466 0.000000e+00 0.000000e+00 1.053815e+10 
20467 0.000000e+00 0.000000e+00 1.063930e+10 
20468 0.000000e+00 0.000000e+00 1.065313e+10 
20469 0.000000e+00 0.000000e+00 1.070859e+10 
20470 0.000000e+00 0.000000e+00 9.980655e+09 
20471 0.000000e+00 0.000000e+00 9.936152e+09 
20472 0.000000e+00 0.000000e+00 9.929145e+09 
20473 0.000000e+00 0.000000e+00 9.927027e+09 
20474 0.000000e+00 0.000000e+00 9.928171e+09 
20475 0.000000e+00 0.000000e+00 9.927013e+09 
20476 0.000000e+00 0.000000e+00 9.937959e+09 
20477 0.000000e+00 0.000000e+00 9.974074e+09 
20478 0.000000e+00 0.000000e+00 1.030051e+10 
20479 0.000000e+00 0.000000e+00 1.059094e+10 
20480 0.000000e+00 0.000000e+00 1.066693e+10 
20481 0.000000e+00 0.000000e+00 1.063581e+10 
20482 0.000000e+00 0.000000e+00 1.006960e+10 
20483 0.000000e+00 0.000000e+00 1.002725e+10 
20484 0.000000e+00 0.000000e+00 1.014549e+10 
20485 0.000000e+00 0.000000e+00 1.029373e+10 
20486 0.000000e+00 0.000000e+00 1.048165e+10 
20487 0.000000e+00 0.000000e+00 1.055068e+10 
20488 0.000000e+00 0.000000e+00 1.061809e+10 
20489 0.000000e+00 0.000000e+00 1.062608e+10 
20490 0.000000e+00 0.000000e+00 1.072156e+10 
20491 0.000000e+00 0.000000e+00 1.009295e+10 
20492 0.000000e+00 0.000000e+00 1.010874e+10 
20493 0.000000e+00 0.000000e+00 1.020513e+10 
20494 0.000000e+00 0.000000e+00 1.041571e+10 
20495 0.000000e+00 0.000000e+00 1.047498e+10 
20496 0.000000e+00 0.000000e+00 1.061264e+10 
20497 0.000000e+00 0.000000e+00 1.058407e+10 
20498 0.000000e+00 0.000000e+00 1.069630e+10 
20499 0.000000e+00 0.000000e+00 1.067703e+10 
20500 0.000000e+00 0.000000e+00 9.961478e+09 
20501 0.000000e+00 0.000000e+00 9.929425e+09 
20502 0.000000e+00 0.000000e+00 9.927504e+09 
20503 0.000000e+00 0.000000e+00 9.926862e+09 
20504 0.000000e+00 0.000000e+00 9.927113e+09 
20505 0.000000e+00 0.000000e+00 9.926761e+09 
20506 0.000000e+00 0.000000e+00 9.930375e+09 
20507 0.000000e+00 0.000000e+00 9.979163e+09 
20508 0.000000e+00 0.000000e+00 1.042910e+10 
20509 0.000000e+00 0.000000e+00 1.058205e+10 
20510 0.000000e+00 0.000000e+00 1.068198e+10 
20511 0.000000e+00 0.000000e+00 1.067423e+10 
20512 0.000000e+00 0.000000e+00 1.012003e+10 
20513 0.000000e+00 0.000000e+00 1.007067e+10 
20514 0.000000e+00 0.000000e+00 1.020272e+10 
20515 0.000000e+00 0.000000e+00 1.033901e+10 
20516 0.000000e+00 0.000000e+00 1.052477e+10 
20517 0.000000e+00 0.000000e+00 1.054518e+10 
20518 0.000000e+00 0.000000e+00 1.064456e+10 
20519 0.000000e+00 0.000000e+00 1.063757e+10 
20520 0.000000e+00 0.000000e+00 1.072966e+10 
20521 0.000000e+00 0.000000e+00 9.969393e+09 
20522 0.000000e+00 0.000000e+00 9.933072e+09 
20523 0.000000e+00 0.000000e+00 9.926727e+09 
20524 0.000000e+00 0.000000e+00 9.927337e+09 
20525 0.000000e+00 0.000000e+00 9.927003e+09 
20526 0.000000e+00 0.000000e+00 9.927649e+09 
20527 0.000000e+00 0.000000e+00 9.930205e+09 
20528 0.000000e+00 0.000000e+00 9.979247e+09 
20529 0.000000e+00 0.000000e+00 1.039777e+10 
20530 0.000000e+00 0.000000e+00 1.057163e+10 
20531 0.000000e+00 0.000000e+00 1.067287e+10 
20532 0.000000e+00 0.000000e+00 1.067383e+10 
20533 0.000000e+00 0.000000e+00 1.070192e+10 
20534 0.000000e+00 0.000000e+00 9.960340e+09 
20535 0.000000e+00 0.000000e+00 9.929530e+09 
20536 0.000000e+00 0.000000e+00 9.927721e+09 
20537 0.000000e+00 0.000000e+00 9.928195e+09 
20538 0.000000e+00 0.000000e+00 9.933453e+09 
20539 0.000000e+00 0.000000e+00 9.962760e+09 
20540 0.000000e+00 0.000000e+00 1.011018e+10 
20541 0.000000e+00 0.000000e+00 1.038373e+10 
20542 0.000000e+00 0.000000e+00 1.059105e+10 
20543 0.000000e+00 0.000000e+00 1.065268e+10 
20544 0.000000e+00 0.000000e+00 1.066654e+10 
20545 0.000000e+00 0.000000e+00 1.047725e+10 
20546 0.000000e+00 0.000000e+00 1.049323e+10 
20547 0.000000e+00 0.000000e+00 1.059695e+10 
20548 0.000000e+00 0.000000e+00 1.063239e+10 
20549 0.000000e+00 0.000000e+00 1.065495e+10 
20550 0.000000e+00 0.000000e+00 1.070503e+10 
20551 0.000000e+00 0.000000e+00 9.956651e+09 
20552 0.000000e+00 0.000000e+00 9.928651e+09 
20553 0.000000e+00 0.000000e+00 9.928317e+09 
20554 0.000000e+00 0.000000e+00 9.927655e+09 
20555 0.000000e+00 0.000000e+00 9.928229e+09 
20556 0.000000e+00 0.000000e+00 9.932000e+09 
20557 0.000000e+00 0.000000e+00 9.996226e+09 
20558 0.000000e+00 0.000000e+00 1.032771e+10 
20559 0.000000e+00 0.000000e+00 1.051823e+10 
20560 0.000000e+00 0.000000e+00 1.059517e+10 
