# Step Strain Stress Density
1 0.000000e+00 0.000000e+00 9.897799e+09 
2 0.000000e+00 0.000000e+00 9.897799e+09 
3 0.000000e+00 0.000000e+00 9.897799e+09 
4 0.000000e+00 0.000000e+00 9.897799e+09 
5 0.000000e+00 0.000000e+00 9.897799e+09 
6 0.000000e+00 0.000000e+00 9.897799e+09 
7 0.000000e+00 0.000000e+00 9.897799e+09 
8 0.000000e+00 0.000000e+00 9.897800e+09 
9 0.000000e+00 0.000000e+00 9.897800e+09 
10 0.000000e+00 0.000000e+00 9.897800e+09 
11 0.000000e+00 0.000000e+00 9.897800e+09 
12 0.000000e+00 0.000000e+00 9.897800e+09 
13 0.000000e+00 0.000000e+00 9.897801e+09 
14 0.000000e+00 0.000000e+00 9.897801e+09 
15 0.000000e+00 0.000000e+00 9.897801e+09 
16 0.000000e+00 0.000000e+00 9.897802e+09 
17 0.000000e+00 0.000000e+00 9.897803e+09 
18 0.000000e+00 0.000000e+00 9.897804e+09 
19 0.000000e+00 0.000000e+00 9.897805e+09 
20 0.000000e+00 0.000000e+00 9.897807e+09 
21 0.000000e+00 0.000000e+00 9.897810e+09 
22 0.000000e+00 0.000000e+00 9.897814e+09 
23 0.000000e+00 0.000000e+00 9.897820e+09 
24 0.000000e+00 0.000000e+00 9.897831e+09 
25 0.000000e+00 0.000000e+00 9.897847e+09 
26 0.000000e+00 0.000000e+00 9.897870e+09 
27 0.000000e+00 0.000000e+00 9.897902e+09 
28 0.000000e+00 0.000000e+00 9.897946e+09 
29 0.000000e+00 0.000000e+00 9.898035e+09 
30 0.000000e+00 0.000000e+00 9.898181e+09 
31 0.000000e+00 0.000000e+00 9.898409e+09 
32 0.000000e+00 0.000000e+00 9.898758e+09 
33 0.000000e+00 0.000000e+00 9.899296e+09 
34 0.000000e+00 0.000000e+00 9.900916e+09 
35 0.000000e+00 0.000000e+00 9.905903e+09 
36 0.000000e+00 0.000000e+00 9.898862e+09 
37 0.000000e+00 0.000000e+00 9.898923e+09 
38 0.000000e+00 0.000000e+00 9.899083e+09 
39 0.000000e+00 0.000000e+00 9.899373e+09 
40 0.000000e+00 0.000000e+00 9.899797e+09 
41 0.000000e+00 0.000000e+00 9.899276e+09 
42 0.000000e+00 0.000000e+00 9.899617e+09 
43 0.000000e+00 0.000000e+00 9.899146e+09 
44 0.000000e+00 0.000000e+00 9.899114e+09 
45 0.000000e+00 0.000000e+00 9.898683e+09 
46 0.000000e+00 0.000000e+00 9.898580e+09 
47 0.000000e+00 0.000000e+00 9.899114e+09 
48 0.000000e+00 0.000000e+00 9.898590e+09 
49 0.000000e+00 0.000000e+00 9.898790e+09 
50 0.000000e+00 0.000000e+00 9.898867e+09 
51 0.000000e+00 0.000000e+00 9.898586e+09 
52 0.000000e+00 0.000000e+00 9.898767e+09 
53 0.000000e+00 0.000000e+00 9.898590e+09 
54 0.000000e+00 0.000000e+00 9.898908e+09 
55 0.000000e+00 0.000000e+00 9.898877e+09 
56 0.000000e+00 0.000000e+00 9.899131e+09 
57 0.000000e+00 0.000000e+00 9.898819e+09 
58 0.000000e+00 0.000000e+00 9.898805e+09 
59 0.000000e+00 0.000000e+00 9.898669e+09 
60 0.000000e+00 0.000000e+00 9.898951e+09 
61 0.000000e+00 0.000000e+00 9.899400e+09 
62 0.000000e+00 0.000000e+00 9.899319e+09 
63 0.000000e+00 0.000000e+00 9.898995e+09 
64 0.000000e+00 0.000000e+00 9.898842e+09 
65 0.000000e+00 0.000000e+00 9.898660e+09 
66 0.000000e+00 0.000000e+00 9.898855e+09 
67 0.000000e+00 0.000000e+00 9.898750e+09 
68 0.000000e+00 0.000000e+00 9.899112e+09 
69 0.000000e+00 0.000000e+00 9.898940e+09 
70 0.000000e+00 0.000000e+00 9.898805e+09 
71 0.000000e+00 0.000000e+00 9.898701e+09 
72 0.000000e+00 0.000000e+00 9.898667e+09 
73 0.000000e+00 0.000000e+00 9.899055e+09 
74 0.000000e+00 0.000000e+00 9.898568e+09 
75 0.000000e+00 0.000000e+00 9.898910e+09 
76 0.000000e+00 0.000000e+00 9.898906e+09 
77 0.000000e+00 0.000000e+00 9.898895e+09 
78 0.000000e+00 0.000000e+00 9.899176e+09 
79 0.000000e+00 0.000000e+00 9.898658e+09 
80 0.000000e+00 0.000000e+00 9.898837e+09 
81 0.000000e+00 0.000000e+00 9.898771e+09 
82 0.000000e+00 0.000000e+00 9.898925e+09 
83 0.000000e+00 0.000000e+00 9.898822e+09 
84 0.000000e+00 0.000000e+00 9.898870e+09 
85 0.000000e+00 0.000000e+00 9.898566e+09 
86 0.000000e+00 0.000000e+00 9.898572e+09 
87 0.000000e+00 0.000000e+00 9.898546e+09 
88 0.000000e+00 0.000000e+00 9.898448e+09 
89 0.000000e+00 0.000000e+00 9.898558e+09 
90 0.000000e+00 0.000000e+00 9.898871e+09 
91 0.000000e+00 0.000000e+00 9.898949e+09 
92 0.000000e+00 0.000000e+00 9.898728e+09 
93 0.000000e+00 0.000000e+00 9.898572e+09 
94 0.000000e+00 0.000000e+00 9.898527e+09 
95 0.000000e+00 0.000000e+00 9.898871e+09 
96 0.000000e+00 0.000000e+00 9.898544e+09 
97 0.000000e+00 0.000000e+00 9.898530e+09 
98 0.000000e+00 0.000000e+00 9.898613e+09 
99 0.000000e+00 0.000000e+00 9.898773e+09 
100 0.000000e+00 0.000000e+00 9.898661e+09 
101 0.000000e+00 0.000000e+00 9.898632e+09 
102 0.000000e+00 0.000000e+00 9.898548e+09 
103 0.000000e+00 0.000000e+00 9.898490e+09 
104 0.000000e+00 0.000000e+00 9.898662e+09 
105 0.000000e+00 0.000000e+00 9.898520e+09 
106 0.000000e+00 0.000000e+00 9.898531e+09 
107 0.000000e+00 0.000000e+00 9.898631e+09 
108 0.000000e+00 0.000000e+00 9.898546e+09 
109 0.000000e+00 0.000000e+00 9.898606e+09 
110 0.000000e+00 0.000000e+00 9.898502e+09 
111 0.000000e+00 0.000000e+00 9.898529e+09 
112 0.000000e+00 0.000000e+00 9.898726e+09 
113 0.000000e+00 0.000000e+00 9.898692e+09 
114 0.000000e+00 0.000000e+00 9.898688e+09 
115 0.000000e+00 0.000000e+00 9.898921e+09 
116 0.000000e+00 0.000000e+00 9.898869e+09 
117 0.000000e+00 0.000000e+00 9.898653e+09 
118 0.000000e+00 0.000000e+00 9.898710e+09 
119 0.000000e+00 0.000000e+00 9.898598e+09 
120 0.000000e+00 0.000000e+00 9.898591e+09 
121 0.000000e+00 0.000000e+00 9.898580e+09 
122 0.000000e+00 0.000000e+00 9.898713e+09 
123 0.000000e+00 0.000000e+00 9.898699e+09 
124 0.000000e+00 0.000000e+00 9.898815e+09 
125 0.000000e+00 0.000000e+00 9.898732e+09 
126 0.000000e+00 0.000000e+00 9.898741e+09 
127 0.000000e+00 0.000000e+00 9.898516e+09 
128 0.000000e+00 0.000000e+00 9.898598e+09 
129 0.000000e+00 0.000000e+00 9.898480e+09 
130 0.000000e+00 0.000000e+00 9.898547e+09 
131 0.000000e+00 0.000000e+00 9.898672e+09 
132 0.000000e+00 0.000000e+00 9.898719e+09 
133 0.000000e+00 0.000000e+00 9.898513e+09 
134 0.000000e+00 0.000000e+00 9.898656e+09 
135 0.000000e+00 0.000000e+00 9.898543e+09 
136 0.000000e+00 0.000000e+00 9.898526e+09 
137 0.000000e+00 0.000000e+00 9.898462e+09 
138 0.000000e+00 0.000000e+00 9.898480e+09 
139 0.000000e+00 0.000000e+00 9.898573e+09 
140 0.000000e+00 0.000000e+00 9.898661e+09 
141 0.000000e+00 0.000000e+00 9.898630e+09 
142 0.000000e+00 0.000000e+00 9.898707e+09 
143 0.000000e+00 0.000000e+00 9.898605e+09 
144 0.000000e+00 0.000000e+00 9.898596e+09 
145 0.000000e+00 0.000000e+00 9.898687e+09 
146 0.000000e+00 0.000000e+00 9.898707e+09 
147 0.000000e+00 0.000000e+00 9.898635e+09 
148 0.000000e+00 0.000000e+00 9.898657e+09 
149 0.000000e+00 0.000000e+00 9.898509e+09 
150 0.000000e+00 0.000000e+00 9.898424e+09 
151 0.000000e+00 0.000000e+00 9.898667e+09 
152 0.000000e+00 0.000000e+00 9.898499e+09 
153 0.000000e+00 0.000000e+00 9.898662e+09 
154 0.000000e+00 0.000000e+00 9.898504e+09 
155 0.000000e+00 0.000000e+00 9.898467e+09 
156 0.000000e+00 0.000000e+00 9.898613e+09 
157 0.000000e+00 0.000000e+00 9.898795e+09 
158 0.000000e+00 0.000000e+00 9.898517e+09 
159 0.000000e+00 0.000000e+00 9.898420e+09 
160 0.000000e+00 0.000000e+00 9.898563e+09 
161 0.000000e+00 0.000000e+00 9.898562e+09 
162 0.000000e+00 0.000000e+00 9.898480e+09 
163 0.000000e+00 0.000000e+00 9.898725e+09 
164 0.000000e+00 0.000000e+00 9.898620e+09 
165 0.000000e+00 0.000000e+00 9.898505e+09 
166 0.000000e+00 0.000000e+00 9.898451e+09 
167 0.000000e+00 0.000000e+00 9.898666e+09 
168 0.000000e+00 0.000000e+00 9.898456e+09 
169 0.000000e+00 0.000000e+00 9.898535e+09 
170 0.000000e+00 0.000000e+00 9.898594e+09 
171 0.000000e+00 0.000000e+00 9.898577e+09 
172 0.000000e+00 0.000000e+00 9.898685e+09 
173 0.000000e+00 0.000000e+00 9.898497e+09 
174 0.000000e+00 0.000000e+00 9.898604e+09 
175 0.000000e+00 0.000000e+00 9.898453e+09 
176 0.000000e+00 0.000000e+00 9.898436e+09 
177 0.000000e+00 0.000000e+00 9.898426e+09 
178 0.000000e+00 0.000000e+00 9.898649e+09 
179 0.000000e+00 0.000000e+00 9.898510e+09 
180 0.000000e+00 0.000000e+00 9.898423e+09 
181 0.000000e+00 0.000000e+00 9.898463e+09 
182 0.000000e+00 0.000000e+00 9.898464e+09 
183 0.000000e+00 0.000000e+00 9.898439e+09 
184 0.000000e+00 0.000000e+00 9.898585e+09 
185 0.000000e+00 0.000000e+00 9.898426e+09 
186 0.000000e+00 0.000000e+00 9.898404e+09 
187 0.000000e+00 0.000000e+00 9.898519e+09 
188 0.000000e+00 0.000000e+00 9.898403e+09 
189 0.000000e+00 0.000000e+00 9.898397e+09 
190 0.000000e+00 0.000000e+00 9.898439e+09 
191 0.000000e+00 0.000000e+00 9.898384e+09 
192 0.000000e+00 0.000000e+00 9.898418e+09 
193 0.000000e+00 0.000000e+00 9.898468e+09 
194 0.000000e+00 0.000000e+00 9.898455e+09 
195 0.000000e+00 0.000000e+00 9.898398e+09 
196 0.000000e+00 0.000000e+00 9.898523e+09 
197 0.000000e+00 0.000000e+00 9.898696e+09 
198 0.000000e+00 0.000000e+00 9.898569e+09 
199 0.000000e+00 0.000000e+00 9.898698e+09 
200 0.000000e+00 0.000000e+00 9.898645e+09 
201 0.000000e+00 0.000000e+00 9.898696e+09 
202 0.000000e+00 0.000000e+00 9.898629e+09 
203 0.000000e+00 0.000000e+00 9.898880e+09 
204 0.000000e+00 0.000000e+00 9.898679e+09 
205 0.000000e+00 0.000000e+00 9.898716e+09 
206 0.000000e+00 0.000000e+00 9.898968e+09 
207 0.000000e+00 0.000000e+00 9.898569e+09 
208 0.000000e+00 0.000000e+00 9.898667e+09 
209 0.000000e+00 0.000000e+00 9.898708e+09 
210 0.000000e+00 0.000000e+00 9.899069e+09 
211 0.000000e+00 0.000000e+00 9.898999e+09 
212 0.000000e+00 0.000000e+00 9.898810e+09 
213 0.000000e+00 0.000000e+00 9.898583e+09 
214 0.000000e+00 0.000000e+00 9.898765e+09 
215 0.000000e+00 0.000000e+00 9.898869e+09 
216 0.000000e+00 0.000000e+00 9.898623e+09 
217 0.000000e+00 0.000000e+00 9.898588e+09 
218 0.000000e+00 0.000000e+00 9.898720e+09 
219 0.000000e+00 0.000000e+00 9.898590e+09 
220 0.000000e+00 0.000000e+00 9.898626e+09 
221 0.000000e+00 0.000000e+00 9.898458e+09 
222 0.000000e+00 0.000000e+00 9.898472e+09 
223 0.000000e+00 0.000000e+00 9.898872e+09 
224 0.000000e+00 0.000000e+00 9.898890e+09 
225 0.000000e+00 0.000000e+00 9.898782e+09 
226 0.000000e+00 0.000000e+00 9.898670e+09 
227 0.000000e+00 0.000000e+00 9.898740e+09 
228 0.000000e+00 0.000000e+00 9.898760e+09 
229 0.000000e+00 0.000000e+00 9.898536e+09 
230 0.000000e+00 0.000000e+00 9.898808e+09 
231 0.000000e+00 0.000000e+00 9.898458e+09 
232 0.000000e+00 0.000000e+00 9.898579e+09 
233 0.000000e+00 0.000000e+00 9.898975e+09 
234 0.000000e+00 0.000000e+00 9.898676e+09 
235 0.000000e+00 0.000000e+00 9.898549e+09 
236 0.000000e+00 0.000000e+00 9.898868e+09 
237 0.000000e+00 0.000000e+00 9.898756e+09 
238 0.000000e+00 0.000000e+00 9.898965e+09 
239 0.000000e+00 0.000000e+00 9.898715e+09 
240 0.000000e+00 0.000000e+00 9.898740e+09 
241 0.000000e+00 0.000000e+00 9.898831e+09 
242 0.000000e+00 0.000000e+00 9.898617e+09 
243 0.000000e+00 0.000000e+00 9.898612e+09 
244 0.000000e+00 0.000000e+00 9.898569e+09 
245 0.000000e+00 0.000000e+00 9.898456e+09 
246 0.000000e+00 0.000000e+00 9.898745e+09 
247 0.000000e+00 0.000000e+00 9.898557e+09 
248 0.000000e+00 0.000000e+00 9.898672e+09 
249 0.000000e+00 0.000000e+00 9.898598e+09 
250 0.000000e+00 0.000000e+00 9.898479e+09 
251 0.000000e+00 0.000000e+00 9.898539e+09 
252 0.000000e+00 0.000000e+00 9.898476e+09 
253 0.000000e+00 0.000000e+00 9.898526e+09 
254 0.000000e+00 0.000000e+00 9.898569e+09 
255 0.000000e+00 0.000000e+00 9.898591e+09 
256 0.000000e+00 0.000000e+00 9.898470e+09 
257 0.000000e+00 0.000000e+00 9.898586e+09 
258 0.000000e+00 0.000000e+00 9.898479e+09 
259 0.000000e+00 0.000000e+00 9.898538e+09 
260 0.000000e+00 0.000000e+00 9.898587e+09 
261 0.000000e+00 0.000000e+00 9.898617e+09 
262 0.000000e+00 0.000000e+00 9.898646e+09 
263 0.000000e+00 0.000000e+00 9.898627e+09 
264 0.000000e+00 0.000000e+00 9.898679e+09 
265 0.000000e+00 0.000000e+00 9.898604e+09 
266 0.000000e+00 0.000000e+00 9.898710e+09 
267 0.000000e+00 0.000000e+00 9.898538e+09 
268 0.000000e+00 0.000000e+00 9.898684e+09 
269 0.000000e+00 0.000000e+00 9.898455e+09 
270 0.000000e+00 0.000000e+00 9.898449e+09 
271 0.000000e+00 0.000000e+00 9.898493e+09 
272 0.000000e+00 0.000000e+00 9.898730e+09 
273 0.000000e+00 0.000000e+00 9.898456e+09 
274 0.000000e+00 0.000000e+00 9.898456e+09 
275 0.000000e+00 0.000000e+00 9.898511e+09 
276 0.000000e+00 0.000000e+00 9.898429e+09 
277 0.000000e+00 0.000000e+00 9.898668e+09 
278 0.000000e+00 0.000000e+00 9.898584e+09 
279 0.000000e+00 0.000000e+00 9.898547e+09 
280 0.000000e+00 0.000000e+00 9.898532e+09 
281 0.000000e+00 0.000000e+00 9.898594e+09 
282 0.000000e+00 0.000000e+00 9.898548e+09 
283 0.000000e+00 0.000000e+00 9.898726e+09 
284 0.000000e+00 0.000000e+00 9.898607e+09 
285 0.000000e+00 0.000000e+00 9.898480e+09 
286 0.000000e+00 0.000000e+00 9.898684e+09 
287 0.000000e+00 0.000000e+00 9.898547e+09 
288 0.000000e+00 0.000000e+00 9.898479e+09 
289 0.000000e+00 0.000000e+00 9.898575e+09 
290 0.000000e+00 0.000000e+00 9.898641e+09 
291 0.000000e+00 0.000000e+00 9.898497e+09 
292 0.000000e+00 0.000000e+00 9.898581e+09 
293 0.000000e+00 0.000000e+00 9.898566e+09 
294 0.000000e+00 0.000000e+00 9.898641e+09 
295 0.000000e+00 0.000000e+00 9.898665e+09 
296 0.000000e+00 0.000000e+00 9.898944e+09 
297 0.000000e+00 0.000000e+00 9.898750e+09 
298 0.000000e+00 0.000000e+00 9.898734e+09 
299 0.000000e+00 0.000000e+00 9.898695e+09 
300 0.000000e+00 0.000000e+00 9.898564e+09 
301 0.000000e+00 0.000000e+00 9.898728e+09 
302 0.000000e+00 0.000000e+00 9.898589e+09 
303 0.000000e+00 0.000000e+00 9.898678e+09 
304 0.000000e+00 0.000000e+00 9.898649e+09 
305 0.000000e+00 0.000000e+00 9.898618e+09 
306 0.000000e+00 0.000000e+00 9.898649e+09 
307 0.000000e+00 0.000000e+00 9.898753e+09 
308 0.000000e+00 0.000000e+00 9.898675e+09 
309 0.000000e+00 0.000000e+00 9.898554e+09 
310 0.000000e+00 0.000000e+00 9.898674e+09 
311 0.000000e+00 0.000000e+00 9.898711e+09 
312 0.000000e+00 0.000000e+00 9.898618e+09 
313 0.000000e+00 0.000000e+00 9.898600e+09 
314 0.000000e+00 0.000000e+00 9.898559e+09 
315 0.000000e+00 0.000000e+00 9.898673e+09 
316 0.000000e+00 0.000000e+00 9.898560e+09 
317 0.000000e+00 0.000000e+00 9.898847e+09 
318 0.000000e+00 0.000000e+00 9.898564e+09 
319 0.000000e+00 0.000000e+00 9.898490e+09 
320 0.000000e+00 0.000000e+00 9.898629e+09 
321 0.000000e+00 0.000000e+00 9.898566e+09 
322 0.000000e+00 0.000000e+00 9.898565e+09 
323 0.000000e+00 0.000000e+00 9.898739e+09 
324 0.000000e+00 0.000000e+00 9.898943e+09 
325 0.000000e+00 0.000000e+00 9.898555e+09 
326 0.000000e+00 0.000000e+00 9.898643e+09 
327 0.000000e+00 0.000000e+00 9.898455e+09 
328 0.000000e+00 0.000000e+00 9.898682e+09 
329 0.000000e+00 0.000000e+00 9.898758e+09 
330 0.000000e+00 0.000000e+00 9.898625e+09 
331 0.000000e+00 0.000000e+00 9.898716e+09 
332 0.000000e+00 0.000000e+00 9.898494e+09 
333 0.000000e+00 0.000000e+00 9.898545e+09 
334 0.000000e+00 0.000000e+00 9.898475e+09 
335 0.000000e+00 0.000000e+00 9.898537e+09 
336 0.000000e+00 0.000000e+00 9.898651e+09 
337 0.000000e+00 0.000000e+00 9.898513e+09 
338 0.000000e+00 0.000000e+00 9.898496e+09 
339 0.000000e+00 0.000000e+00 9.898601e+09 
340 0.000000e+00 0.000000e+00 9.898626e+09 
341 0.000000e+00 0.000000e+00 9.898635e+09 
342 0.000000e+00 0.000000e+00 9.898509e+09 
343 0.000000e+00 0.000000e+00 9.898616e+09 
344 0.000000e+00 0.000000e+00 9.898626e+09 
345 0.000000e+00 0.000000e+00 9.898736e+09 
346 0.000000e+00 0.000000e+00 9.898500e+09 
347 0.000000e+00 0.000000e+00 9.898529e+09 
348 0.000000e+00 0.000000e+00 9.898500e+09 
349 0.000000e+00 0.000000e+00 9.898562e+09 
350 0.000000e+00 0.000000e+00 9.898517e+09 
351 0.000000e+00 0.000000e+00 9.898497e+09 
352 0.000000e+00 0.000000e+00 9.898424e+09 
353 0.000000e+00 0.000000e+00 9.898415e+09 
354 0.000000e+00 0.000000e+00 9.898529e+09 
355 0.000000e+00 0.000000e+00 9.898478e+09 
356 0.000000e+00 0.000000e+00 9.898428e+09 
357 0.000000e+00 0.000000e+00 9.898438e+09 
358 0.000000e+00 0.000000e+00 9.898487e+09 
359 0.000000e+00 0.000000e+00 9.898487e+09 
360 0.000000e+00 0.000000e+00 9.898513e+09 
361 0.000000e+00 0.000000e+00 9.898422e+09 
362 0.000000e+00 0.000000e+00 9.898417e+09 
363 0.000000e+00 0.000000e+00 9.898567e+09 
364 0.000000e+00 0.000000e+00 9.898483e+09 
365 0.000000e+00 0.000000e+00 9.898423e+09 
366 0.000000e+00 0.000000e+00 9.898386e+09 
367 0.000000e+00 0.000000e+00 9.898422e+09 
368 0.000000e+00 0.000000e+00 9.898437e+09 
369 0.000000e+00 0.000000e+00 9.898613e+09 
370 0.000000e+00 0.000000e+00 9.898523e+09 
371 0.000000e+00 0.000000e+00 9.898589e+09 
372 0.000000e+00 0.000000e+00 9.898603e+09 
373 0.000000e+00 0.000000e+00 9.898529e+09 
374 0.000000e+00 0.000000e+00 9.898521e+09 
375 0.000000e+00 0.000000e+00 9.898504e+09 
376 0.000000e+00 0.000000e+00 9.898484e+09 
377 0.000000e+00 0.000000e+00 9.898614e+09 
378 0.000000e+00 0.000000e+00 9.898529e+09 
379 0.000000e+00 0.000000e+00 9.898554e+09 
380 0.000000e+00 0.000000e+00 9.898549e+09 
381 0.000000e+00 0.000000e+00 9.898514e+09 
382 0.000000e+00 0.000000e+00 9.898497e+09 
383 0.000000e+00 0.000000e+00 9.898504e+09 
384 0.000000e+00 0.000000e+00 9.898579e+09 
385 0.000000e+00 0.000000e+00 9.898439e+09 
386 0.000000e+00 0.000000e+00 9.898520e+09 
387 0.000000e+00 0.000000e+00 9.898604e+09 
388 0.000000e+00 0.000000e+00 9.898600e+09 
389 0.000000e+00 0.000000e+00 9.898553e+09 
390 0.000000e+00 0.000000e+00 9.898570e+09 
391 0.000000e+00 0.000000e+00 9.898485e+09 
392 0.000000e+00 0.000000e+00 9.898564e+09 
393 0.000000e+00 0.000000e+00 9.898479e+09 
394 0.000000e+00 0.000000e+00 9.898402e+09 
395 0.000000e+00 0.000000e+00 9.898423e+09 
396 0.000000e+00 0.000000e+00 9.898474e+09 
397 0.000000e+00 0.000000e+00 9.898540e+09 
398 0.000000e+00 0.000000e+00 9.898536e+09 
399 0.000000e+00 0.000000e+00 9.898528e+09 
400 0.000000e+00 0.000000e+00 9.898518e+09 
401 0.000000e+00 0.000000e+00 9.898536e+09 
402 0.000000e+00 0.000000e+00 9.898434e+09 
403 0.000000e+00 0.000000e+00 9.898556e+09 
404 0.000000e+00 0.000000e+00 9.898490e+09 
405 0.000000e+00 0.000000e+00 9.898597e+09 
406 0.000000e+00 0.000000e+00 9.898557e+09 
407 0.000000e+00 0.000000e+00 9.898691e+09 
408 0.000000e+00 0.000000e+00 9.898470e+09 
409 0.000000e+00 0.000000e+00 9.898530e+09 
410 0.000000e+00 0.000000e+00 9.898546e+09 
411 0.000000e+00 0.000000e+00 9.898529e+09 
412 0.000000e+00 0.000000e+00 9.898613e+09 
413 0.000000e+00 0.000000e+00 9.898569e+09 
414 0.000000e+00 0.000000e+00 9.898499e+09 
415 0.000000e+00 0.000000e+00 9.898573e+09 
416 0.000000e+00 0.000000e+00 9.898464e+09 
417 0.000000e+00 0.000000e+00 9.898585e+09 
418 0.000000e+00 0.000000e+00 9.898408e+09 
419 0.000000e+00 0.000000e+00 9.898502e+09 
420 0.000000e+00 0.000000e+00 9.898579e+09 
421 0.000000e+00 0.000000e+00 9.898562e+09 
422 0.000000e+00 0.000000e+00 9.898524e+09 
423 0.000000e+00 0.000000e+00 9.898594e+09 
424 0.000000e+00 0.000000e+00 9.898485e+09 
425 0.000000e+00 0.000000e+00 9.898673e+09 
426 0.000000e+00 0.000000e+00 9.898620e+09 
427 0.000000e+00 0.000000e+00 9.898795e+09 
428 0.000000e+00 0.000000e+00 9.898646e+09 
429 0.000000e+00 0.000000e+00 9.898627e+09 
430 0.000000e+00 0.000000e+00 9.898648e+09 
431 0.000000e+00 0.000000e+00 9.898631e+09 
432 0.000000e+00 0.000000e+00 9.898507e+09 
433 0.000000e+00 0.000000e+00 9.898485e+09 
434 0.000000e+00 0.000000e+00 9.898482e+09 
435 0.000000e+00 0.000000e+00 9.898678e+09 
436 0.000000e+00 0.000000e+00 9.898498e+09 
437 0.000000e+00 0.000000e+00 9.898562e+09 
438 0.000000e+00 0.000000e+00 9.898548e+09 
439 0.000000e+00 0.000000e+00 9.898564e+09 
440 0.000000e+00 0.000000e+00 9.898405e+09 
441 0.000000e+00 0.000000e+00 9.898534e+09 
442 0.000000e+00 0.000000e+00 9.898475e+09 
443 0.000000e+00 0.000000e+00 9.898600e+09 
444 0.000000e+00 0.000000e+00 9.898507e+09 
445 0.000000e+00 0.000000e+00 9.898569e+09 
446 0.000000e+00 0.000000e+00 9.898474e+09 
447 0.000000e+00 0.000000e+00 9.898525e+09 
448 0.000000e+00 0.000000e+00 9.898472e+09 
449 0.000000e+00 0.000000e+00 9.898414e+09 
450 0.000000e+00 0.000000e+00 9.898422e+09 
451 0.000000e+00 0.000000e+00 9.898504e+09 
452 0.000000e+00 0.000000e+00 9.898556e+09 
453 0.000000e+00 0.000000e+00 9.898424e+09 
454 0.000000e+00 0.000000e+00 9.898513e+09 
455 0.000000e+00 0.000000e+00 9.898728e+09 
456 0.000000e+00 0.000000e+00 9.898476e+09 
457 0.000000e+00 0.000000e+00 9.898531e+09 
458 0.000000e+00 0.000000e+00 9.898562e+09 
459 0.000000e+00 0.000000e+00 9.898596e+09 
460 0.000000e+00 0.000000e+00 9.898502e+09 
461 0.000000e+00 0.000000e+00 9.898541e+09 
462 0.000000e+00 0.000000e+00 9.898603e+09 
463 0.000000e+00 0.000000e+00 9.898642e+09 
464 0.000000e+00 0.000000e+00 9.898571e+09 
465 0.000000e+00 0.000000e+00 9.898449e+09 
466 0.000000e+00 0.000000e+00 9.898630e+09 
467 0.000000e+00 0.000000e+00 9.898569e+09 
468 0.000000e+00 0.000000e+00 9.898562e+09 
469 0.000000e+00 0.000000e+00 9.898638e+09 
470 0.000000e+00 0.000000e+00 9.898521e+09 
471 0.000000e+00 0.000000e+00 9.898445e+09 
472 0.000000e+00 0.000000e+00 9.898531e+09 
473 0.000000e+00 0.000000e+00 9.898552e+09 
474 0.000000e+00 0.000000e+00 9.898546e+09 
475 0.000000e+00 0.000000e+00 9.898666e+09 
476 0.000000e+00 0.000000e+00 9.898507e+09 
477 0.000000e+00 0.000000e+00 9.898659e+09 
478 0.000000e+00 0.000000e+00 9.898532e+09 
479 0.000000e+00 0.000000e+00 9.898638e+09 
480 0.000000e+00 0.000000e+00 9.898593e+09 
481 0.000000e+00 0.000000e+00 9.898628e+09 
482 0.000000e+00 0.000000e+00 9.898713e+09 
483 0.000000e+00 0.000000e+00 9.898569e+09 
484 0.000000e+00 0.000000e+00 9.898636e+09 
485 0.000000e+00 0.000000e+00 9.898514e+09 
486 0.000000e+00 0.000000e+00 9.898711e+09 
487 0.000000e+00 0.000000e+00 9.898550e+09 
488 0.000000e+00 0.000000e+00 9.898418e+09 
489 0.000000e+00 0.000000e+00 9.898478e+09 
490 0.000000e+00 0.000000e+00 9.898742e+09 
491 0.000000e+00 0.000000e+00 9.898647e+09 
492 0.000000e+00 0.000000e+00 9.898677e+09 
493 0.000000e+00 0.000000e+00 9.898474e+09 
494 0.000000e+00 0.000000e+00 9.898610e+09 
495 0.000000e+00 0.000000e+00 9.898526e+09 
496 0.000000e+00 0.000000e+00 9.898482e+09 
497 0.000000e+00 0.000000e+00 9.898526e+09 
498 0.000000e+00 0.000000e+00 9.898469e+09 
499 0.000000e+00 0.000000e+00 9.898465e+09 
500 0.000000e+00 0.000000e+00 9.898556e+09 
501 0.000000e+00 0.000000e+00 9.898636e+09 
502 0.000000e+00 0.000000e+00 9.898691e+09 
503 0.000000e+00 0.000000e+00 9.898519e+09 
504 0.000000e+00 0.000000e+00 9.898482e+09 
505 0.000000e+00 0.000000e+00 9.898662e+09 
506 0.000000e+00 0.000000e+00 9.898559e+09 
507 0.000000e+00 0.000000e+00 9.898705e+09 
508 0.000000e+00 0.000000e+00 9.898561e+09 
509 0.000000e+00 0.000000e+00 9.898628e+09 
510 0.000000e+00 0.000000e+00 9.898607e+09 
511 0.000000e+00 0.000000e+00 9.898481e+09 
512 0.000000e+00 0.000000e+00 9.898571e+09 
513 0.000000e+00 0.000000e+00 9.898612e+09 
514 0.000000e+00 0.000000e+00 9.898558e+09 
515 0.000000e+00 0.000000e+00 9.898602e+09 
516 0.000000e+00 0.000000e+00 9.898738e+09 
517 0.000000e+00 0.000000e+00 9.898535e+09 
518 0.000000e+00 0.000000e+00 9.898561e+09 
519 0.000000e+00 0.000000e+00 9.898542e+09 
520 0.000000e+00 0.000000e+00 9.898615e+09 
521 0.000000e+00 0.000000e+00 9.898753e+09 
522 0.000000e+00 0.000000e+00 9.898551e+09 
523 0.000000e+00 0.000000e+00 9.898696e+09 
524 0.000000e+00 0.000000e+00 9.898488e+09 
525 0.000000e+00 0.000000e+00 9.898483e+09 
526 0.000000e+00 0.000000e+00 9.898561e+09 
527 0.000000e+00 0.000000e+00 9.898683e+09 
528 0.000000e+00 0.000000e+00 9.898691e+09 
529 0.000000e+00 0.000000e+00 9.898603e+09 
530 0.000000e+00 0.000000e+00 9.898613e+09 
531 0.000000e+00 0.000000e+00 9.898600e+09 
532 0.000000e+00 0.000000e+00 9.898622e+09 
533 0.000000e+00 0.000000e+00 9.898451e+09 
534 0.000000e+00 0.000000e+00 9.898668e+09 
535 0.000000e+00 0.000000e+00 9.898509e+09 
536 0.000000e+00 0.000000e+00 9.898595e+09 
537 0.000000e+00 0.000000e+00 9.898477e+09 
538 0.000000e+00 0.000000e+00 9.898469e+09 
539 0.000000e+00 0.000000e+00 9.898638e+09 
540 0.000000e+00 0.000000e+00 9.898726e+09 
541 0.000000e+00 0.000000e+00 9.898512e+09 
542 0.000000e+00 0.000000e+00 9.898475e+09 
543 0.000000e+00 0.000000e+00 9.898530e+09 
544 0.000000e+00 0.000000e+00 9.898534e+09 
545 0.000000e+00 0.000000e+00 9.898460e+09 
546 0.000000e+00 0.000000e+00 9.898539e+09 
547 0.000000e+00 0.000000e+00 9.898503e+09 
548 0.000000e+00 0.000000e+00 9.898471e+09 
549 0.000000e+00 0.000000e+00 9.898529e+09 
550 0.000000e+00 0.000000e+00 9.898561e+09 
551 0.000000e+00 0.000000e+00 9.898639e+09 
552 0.000000e+00 0.000000e+00 9.898457e+09 
553 0.000000e+00 0.000000e+00 9.898434e+09 
554 0.000000e+00 0.000000e+00 9.898552e+09 
555 0.000000e+00 0.000000e+00 9.898423e+09 
556 0.000000e+00 0.000000e+00 9.898484e+09 
557 0.000000e+00 0.000000e+00 9.898627e+09 
558 0.000000e+00 0.000000e+00 9.898505e+09 
559 0.000000e+00 0.000000e+00 9.898417e+09 
560 0.000000e+00 0.000000e+00 9.898461e+09 
561 0.000000e+00 0.000000e+00 9.898485e+09 
562 0.000000e+00 0.000000e+00 9.898483e+09 
563 0.000000e+00 0.000000e+00 9.898462e+09 
564 0.000000e+00 0.000000e+00 9.898464e+09 
565 0.000000e+00 0.000000e+00 9.898467e+09 
566 0.000000e+00 0.000000e+00 9.898400e+09 
567 0.000000e+00 0.000000e+00 9.898438e+09 
568 0.000000e+00 0.000000e+00 9.898486e+09 
569 0.000000e+00 0.000000e+00 9.898503e+09 
570 0.000000e+00 0.000000e+00 9.898549e+09 
571 0.000000e+00 0.000000e+00 9.898482e+09 
572 0.000000e+00 0.000000e+00 9.898454e+09 
573 0.000000e+00 0.000000e+00 9.898432e+09 
574 0.000000e+00 0.000000e+00 9.898426e+09 
575 0.000000e+00 0.000000e+00 9.898516e+09 
576 0.000000e+00 0.000000e+00 9.898649e+09 
577 0.000000e+00 0.000000e+00 9.898492e+09 
578 0.000000e+00 0.000000e+00 9.898454e+09 
579 0.000000e+00 0.000000e+00 9.898469e+09 
580 0.000000e+00 0.000000e+00 9.898656e+09 
581 0.000000e+00 0.000000e+00 9.898552e+09 
582 0.000000e+00 0.000000e+00 9.898604e+09 
583 0.000000e+00 0.000000e+00 9.898440e+09 
584 0.000000e+00 0.000000e+00 9.898423e+09 
585 0.000000e+00 0.000000e+00 9.898525e+09 
586 0.000000e+00 0.000000e+00 9.898508e+09 
587 0.000000e+00 0.000000e+00 9.898626e+09 
588 0.000000e+00 0.000000e+00 9.898477e+09 
589 0.000000e+00 0.000000e+00 9.898428e+09 
590 0.000000e+00 0.000000e+00 9.898598e+09 
591 0.000000e+00 0.000000e+00 9.898425e+09 
592 0.000000e+00 0.000000e+00 9.898430e+09 
593 0.000000e+00 0.000000e+00 9.898418e+09 
594 0.000000e+00 0.000000e+00 9.898437e+09 
595 0.000000e+00 0.000000e+00 9.898443e+09 
596 0.000000e+00 0.000000e+00 9.898402e+09 
597 0.000000e+00 0.000000e+00 9.898520e+09 
598 0.000000e+00 0.000000e+00 9.898517e+09 
599 0.000000e+00 0.000000e+00 9.898488e+09 
600 0.000000e+00 0.000000e+00 9.898503e+09 
601 0.000000e+00 0.000000e+00 9.898455e+09 
602 0.000000e+00 0.000000e+00 9.898463e+09 
603 0.000000e+00 0.000000e+00 9.898611e+09 
604 0.000000e+00 0.000000e+00 9.898501e+09 
605 0.000000e+00 0.000000e+00 9.898385e+09 
606 0.000000e+00 0.000000e+00 9.898438e+09 
607 0.000000e+00 0.000000e+00 9.899003e+09 
608 0.000000e+00 0.000000e+00 9.898816e+09 
609 0.000000e+00 0.000000e+00 9.898858e+09 
610 0.000000e+00 0.000000e+00 9.898672e+09 
611 0.000000e+00 0.000000e+00 9.898620e+09 
612 0.000000e+00 0.000000e+00 9.898652e+09 
613 0.000000e+00 0.000000e+00 9.898725e+09 
614 0.000000e+00 0.000000e+00 9.899170e+09 
615 0.000000e+00 0.000000e+00 9.898739e+09 
616 0.000000e+00 0.000000e+00 9.898710e+09 
617 0.000000e+00 0.000000e+00 9.898866e+09 
618 0.000000e+00 0.000000e+00 9.898890e+09 
619 0.000000e+00 0.000000e+00 9.899207e+09 
620 0.000000e+00 0.000000e+00 9.898780e+09 
621 0.000000e+00 0.000000e+00 9.898605e+09 
622 0.000000e+00 0.000000e+00 9.898813e+09 
623 0.000000e+00 0.000000e+00 9.898694e+09 
624 0.000000e+00 0.000000e+00 9.898620e+09 
625 0.000000e+00 0.000000e+00 9.898647e+09 
626 0.000000e+00 0.000000e+00 9.898519e+09 
627 0.000000e+00 0.000000e+00 9.898752e+09 
628 0.000000e+00 0.000000e+00 9.898822e+09 
629 0.000000e+00 0.000000e+00 9.898888e+09 
630 0.000000e+00 0.000000e+00 9.898606e+09 
631 0.000000e+00 0.000000e+00 9.898501e+09 
632 0.000000e+00 0.000000e+00 9.898458e+09 
633 0.000000e+00 0.000000e+00 9.898528e+09 
634 0.000000e+00 0.000000e+00 9.898750e+09 
635 0.000000e+00 0.000000e+00 9.898761e+09 
636 0.000000e+00 0.000000e+00 9.898618e+09 
637 0.000000e+00 0.000000e+00 9.898627e+09 
638 0.000000e+00 0.000000e+00 9.898726e+09 
639 0.000000e+00 0.000000e+00 9.898612e+09 
640 0.000000e+00 0.000000e+00 9.898596e+09 
641 0.000000e+00 0.000000e+00 9.898666e+09 
642 0.000000e+00 0.000000e+00 9.898672e+09 
643 0.000000e+00 0.000000e+00 9.898545e+09 
644 0.000000e+00 0.000000e+00 9.898818e+09 
645 0.000000e+00 0.000000e+00 9.898771e+09 
646 0.000000e+00 0.000000e+00 9.898702e+09 
647 0.000000e+00 0.000000e+00 9.898678e+09 
648 0.000000e+00 0.000000e+00 9.898647e+09 
649 0.000000e+00 0.000000e+00 9.898719e+09 
650 0.000000e+00 0.000000e+00 9.898654e+09 
651 0.000000e+00 0.000000e+00 9.898588e+09 
652 0.000000e+00 0.000000e+00 9.898667e+09 
653 0.000000e+00 0.000000e+00 9.898685e+09 
654 0.000000e+00 0.000000e+00 9.898693e+09 
655 0.000000e+00 0.000000e+00 9.898514e+09 
656 0.000000e+00 0.000000e+00 9.898550e+09 
657 0.000000e+00 0.000000e+00 9.898665e+09 
658 0.000000e+00 0.000000e+00 9.898597e+09 
659 0.000000e+00 0.000000e+00 9.898473e+09 
660 0.000000e+00 0.000000e+00 9.898482e+09 
661 0.000000e+00 0.000000e+00 9.898543e+09 
662 0.000000e+00 0.000000e+00 9.898700e+09 
663 0.000000e+00 0.000000e+00 9.898544e+09 
664 0.000000e+00 0.000000e+00 9.898519e+09 
665 0.000000e+00 0.000000e+00 9.898504e+09 
666 0.000000e+00 0.000000e+00 9.898449e+09 
667 0.000000e+00 0.000000e+00 9.898705e+09 
668 0.000000e+00 0.000000e+00 9.898478e+09 
669 0.000000e+00 0.000000e+00 9.898427e+09 
670 0.000000e+00 0.000000e+00 9.898422e+09 
671 0.000000e+00 0.000000e+00 9.898398e+09 
672 0.000000e+00 0.000000e+00 9.898456e+09 
673 0.000000e+00 0.000000e+00 9.898484e+09 
674 0.000000e+00 0.000000e+00 9.898506e+09 
675 0.000000e+00 0.000000e+00 9.898584e+09 
676 0.000000e+00 0.000000e+00 9.898549e+09 
677 0.000000e+00 0.000000e+00 9.898471e+09 
678 0.000000e+00 0.000000e+00 9.898460e+09 
679 0.000000e+00 0.000000e+00 9.898466e+09 
680 0.000000e+00 0.000000e+00 9.898582e+09 
681 0.000000e+00 0.000000e+00 9.898465e+09 
682 0.000000e+00 0.000000e+00 9.898577e+09 
683 0.000000e+00 0.000000e+00 9.898503e+09 
684 0.000000e+00 0.000000e+00 9.898568e+09 
685 0.000000e+00 0.000000e+00 9.898501e+09 
686 0.000000e+00 0.000000e+00 9.898514e+09 
687 0.000000e+00 0.000000e+00 9.898414e+09 
688 0.000000e+00 0.000000e+00 9.898471e+09 
689 0.000000e+00 0.000000e+00 9.898621e+09 
690 0.000000e+00 0.000000e+00 9.898463e+09 
691 0.000000e+00 0.000000e+00 9.898504e+09 
692 0.000000e+00 0.000000e+00 9.898602e+09 
693 0.000000e+00 0.000000e+00 9.898643e+09 
694 0.000000e+00 0.000000e+00 9.898520e+09 
695 0.000000e+00 0.000000e+00 9.898440e+09 
696 0.000000e+00 0.000000e+00 9.898559e+09 
697 0.000000e+00 0.000000e+00 9.898518e+09 
698 0.000000e+00 0.000000e+00 9.898672e+09 
699 0.000000e+00 0.000000e+00 9.898446e+09 
700 0.000000e+00 0.000000e+00 9.898450e+09 
701 0.000000e+00 0.000000e+00 9.898412e+09 
702 0.000000e+00 0.000000e+00 9.898476e+09 
703 0.000000e+00 0.000000e+00 9.898415e+09 
704 0.000000e+00 0.000000e+00 9.898503e+09 
705 0.000000e+00 0.000000e+00 9.898535e+09 
706 0.000000e+00 0.000000e+00 9.898520e+09 
707 0.000000e+00 0.000000e+00 9.898531e+09 
708 0.000000e+00 0.000000e+00 9.898430e+09 
709 0.000000e+00 0.000000e+00 9.898551e+09 
710 0.000000e+00 0.000000e+00 9.898404e+09 
711 0.000000e+00 0.000000e+00 9.898419e+09 
712 0.000000e+00 0.000000e+00 9.898415e+09 
713 0.000000e+00 0.000000e+00 9.898431e+09 
714 0.000000e+00 0.000000e+00 9.898416e+09 
715 0.000000e+00 0.000000e+00 9.898457e+09 
716 0.000000e+00 0.000000e+00 9.898527e+09 
717 0.000000e+00 0.000000e+00 9.898427e+09 
718 0.000000e+00 0.000000e+00 9.898491e+09 
719 0.000000e+00 0.000000e+00 9.898449e+09 
720 0.000000e+00 0.000000e+00 9.898427e+09 
721 0.000000e+00 0.000000e+00 9.898486e+09 
722 0.000000e+00 0.000000e+00 9.898538e+09 
723 0.000000e+00 0.000000e+00 9.898470e+09 
724 0.000000e+00 0.000000e+00 9.898557e+09 
725 0.000000e+00 0.000000e+00 9.898481e+09 
726 0.000000e+00 0.000000e+00 9.898533e+09 
727 0.000000e+00 0.000000e+00 9.898419e+09 
728 0.000000e+00 0.000000e+00 9.898403e+09 
729 0.000000e+00 0.000000e+00 9.898523e+09 
730 0.000000e+00 0.000000e+00 9.898582e+09 
731 0.000000e+00 0.000000e+00 9.898497e+09 
732 0.000000e+00 0.000000e+00 9.898488e+09 
733 0.000000e+00 0.000000e+00 9.898439e+09 
734 0.000000e+00 0.000000e+00 9.898443e+09 
735 0.000000e+00 0.000000e+00 9.898555e+09 
736 0.000000e+00 0.000000e+00 9.898553e+09 
737 0.000000e+00 0.000000e+00 9.898433e+09 
738 0.000000e+00 0.000000e+00 9.898484e+09 
739 0.000000e+00 0.000000e+00 9.898595e+09 
740 0.000000e+00 0.000000e+00 9.898478e+09 
741 0.000000e+00 0.000000e+00 9.898420e+09 
742 0.000000e+00 0.000000e+00 9.898460e+09 
743 0.000000e+00 0.000000e+00 9.898403e+09 
744 0.000000e+00 0.000000e+00 9.898536e+09 
745 0.000000e+00 0.000000e+00 9.898426e+09 
746 0.000000e+00 0.000000e+00 9.898500e+09 
747 0.000000e+00 0.000000e+00 9.898507e+09 
748 0.000000e+00 0.000000e+00 9.898544e+09 
749 0.000000e+00 0.000000e+00 9.898502e+09 
750 0.000000e+00 0.000000e+00 9.898368e+09 
751 0.000000e+00 0.000000e+00 9.898560e+09 
752 0.000000e+00 0.000000e+00 9.898459e+09 
753 0.000000e+00 0.000000e+00 9.898407e+09 
754 0.000000e+00 0.000000e+00 9.898409e+09 
755 0.000000e+00 0.000000e+00 9.898388e+09 
756 0.000000e+00 0.000000e+00 9.898440e+09 
757 0.000000e+00 0.000000e+00 9.898533e+09 
758 0.000000e+00 0.000000e+00 9.898474e+09 
759 0.000000e+00 0.000000e+00 9.898605e+09 
760 0.000000e+00 0.000000e+00 9.898657e+09 
761 0.000000e+00 0.000000e+00 9.898443e+09 
762 0.000000e+00 0.000000e+00 9.898585e+09 
763 0.000000e+00 0.000000e+00 9.898528e+09 
764 0.000000e+00 0.000000e+00 9.898425e+09 
765 0.000000e+00 0.000000e+00 9.898446e+09 
766 0.000000e+00 0.000000e+00 9.898461e+09 
767 0.000000e+00 0.000000e+00 9.898599e+09 
768 0.000000e+00 0.000000e+00 9.898519e+09 
769 0.000000e+00 0.000000e+00 9.898599e+09 
770 0.000000e+00 0.000000e+00 9.898479e+09 
771 0.000000e+00 0.000000e+00 9.898492e+09 
772 0.000000e+00 0.000000e+00 9.898511e+09 
773 0.000000e+00 0.000000e+00 9.898623e+09 
774 0.000000e+00 0.000000e+00 9.898441e+09 
775 0.000000e+00 0.000000e+00 9.898460e+09 
776 0.000000e+00 0.000000e+00 9.898449e+09 
777 0.000000e+00 0.000000e+00 9.898537e+09 
778 0.000000e+00 0.000000e+00 9.898575e+09 
779 0.000000e+00 0.000000e+00 9.898426e+09 
780 0.000000e+00 0.000000e+00 9.898500e+09 
781 0.000000e+00 0.000000e+00 9.898469e+09 
782 0.000000e+00 0.000000e+00 9.898499e+09 
783 0.000000e+00 0.000000e+00 9.898513e+09 
784 0.000000e+00 0.000000e+00 9.898438e+09 
785 0.000000e+00 0.000000e+00 9.898399e+09 
786 0.000000e+00 0.000000e+00 9.898464e+09 
787 0.000000e+00 0.000000e+00 9.898467e+09 
788 0.000000e+00 0.000000e+00 9.898486e+09 
789 0.000000e+00 0.000000e+00 9.898442e+09 
790 0.000000e+00 0.000000e+00 9.898558e+09 
791 0.000000e+00 0.000000e+00 9.898596e+09 
792 0.000000e+00 0.000000e+00 9.898426e+09 
793 0.000000e+00 0.000000e+00 9.898466e+09 
794 0.000000e+00 0.000000e+00 9.898512e+09 
795 0.000000e+00 0.000000e+00 9.898619e+09 
796 0.000000e+00 0.000000e+00 9.898527e+09 
797 0.000000e+00 0.000000e+00 9.898455e+09 
798 0.000000e+00 0.000000e+00 9.898665e+09 
799 0.000000e+00 0.000000e+00 9.898573e+09 
800 0.000000e+00 0.000000e+00 9.898599e+09 
801 0.000000e+00 0.000000e+00 9.898486e+09 
802 0.000000e+00 0.000000e+00 9.898477e+09 
803 0.000000e+00 0.000000e+00 9.898538e+09 
804 0.000000e+00 0.000000e+00 9.898436e+09 
805 0.000000e+00 0.000000e+00 9.898459e+09 
806 0.000000e+00 0.000000e+00 9.898448e+09 
807 0.000000e+00 0.000000e+00 9.898551e+09 
808 0.000000e+00 0.000000e+00 9.898511e+09 
809 0.000000e+00 0.000000e+00 9.898584e+09 
810 0.000000e+00 0.000000e+00 9.898429e+09 
811 0.000000e+00 0.000000e+00 9.898539e+09 
812 0.000000e+00 0.000000e+00 9.898550e+09 
813 0.000000e+00 0.000000e+00 9.898511e+09 
814 0.000000e+00 0.000000e+00 9.898417e+09 
815 0.000000e+00 0.000000e+00 9.898420e+09 
816 0.000000e+00 0.000000e+00 9.898516e+09 
817 0.000000e+00 0.000000e+00 9.898586e+09 
818 0.000000e+00 0.000000e+00 9.898520e+09 
819 0.000000e+00 0.000000e+00 9.898468e+09 
820 0.000000e+00 0.000000e+00 9.898478e+09 
821 0.000000e+00 0.000000e+00 9.898471e+09 
822 0.000000e+00 0.000000e+00 9.898478e+09 
823 0.000000e+00 0.000000e+00 9.898453e+09 
824 0.000000e+00 0.000000e+00 9.898488e+09 
825 0.000000e+00 0.000000e+00 9.898428e+09 
826 0.000000e+00 0.000000e+00 9.898496e+09 
827 0.000000e+00 0.000000e+00 9.898433e+09 
828 0.000000e+00 0.000000e+00 9.898423e+09 
829 0.000000e+00 0.000000e+00 9.898462e+09 
830 0.000000e+00 0.000000e+00 9.898469e+09 
831 0.000000e+00 0.000000e+00 9.898435e+09 
832 0.000000e+00 0.000000e+00 9.898385e+09 
833 0.000000e+00 0.000000e+00 9.898455e+09 
834 0.000000e+00 0.000000e+00 9.898465e+09 
835 0.000000e+00 0.000000e+00 9.898401e+09 
836 0.000000e+00 0.000000e+00 9.898489e+09 
837 0.000000e+00 0.000000e+00 9.898486e+09 
838 0.000000e+00 0.000000e+00 9.898469e+09 
839 0.000000e+00 0.000000e+00 9.898443e+09 
840 0.000000e+00 0.000000e+00 9.898365e+09 
841 0.000000e+00 0.000000e+00 9.898452e+09 
842 0.000000e+00 0.000000e+00 9.898431e+09 
843 0.000000e+00 0.000000e+00 9.898411e+09 
844 0.000000e+00 0.000000e+00 9.898449e+09 
845 0.000000e+00 0.000000e+00 9.898596e+09 
846 0.000000e+00 0.000000e+00 9.898687e+09 
847 0.000000e+00 0.000000e+00 9.898488e+09 
848 0.000000e+00 0.000000e+00 9.898578e+09 
849 0.000000e+00 0.000000e+00 9.898499e+09 
850 0.000000e+00 0.000000e+00 9.898503e+09 
851 0.000000e+00 0.000000e+00 9.898627e+09 
852 0.000000e+00 0.000000e+00 9.898619e+09 
853 0.000000e+00 0.000000e+00 9.898429e+09 
854 0.000000e+00 0.000000e+00 9.898550e+09 
855 0.000000e+00 0.000000e+00 9.898507e+09 
856 0.000000e+00 0.000000e+00 9.898455e+09 
857 0.000000e+00 0.000000e+00 9.898507e+09 
858 0.000000e+00 0.000000e+00 9.898521e+09 
859 0.000000e+00 0.000000e+00 9.898515e+09 
860 0.000000e+00 0.000000e+00 9.898464e+09 
861 0.000000e+00 0.000000e+00 9.898407e+09 
862 0.000000e+00 0.000000e+00 9.898430e+09 
863 0.000000e+00 0.000000e+00 9.898470e+09 
864 0.000000e+00 0.000000e+00 9.898426e+09 
865 0.000000e+00 0.000000e+00 9.898490e+09 
866 0.000000e+00 0.000000e+00 9.898414e+09 
867 0.000000e+00 0.000000e+00 9.898478e+09 
868 0.000000e+00 0.000000e+00 9.898509e+09 
869 0.000000e+00 0.000000e+00 9.898499e+09 
870 0.000000e+00 0.000000e+00 9.898474e+09 
871 0.000000e+00 0.000000e+00 9.898454e+09 
872 0.000000e+00 0.000000e+00 9.898565e+09 
873 0.000000e+00 0.000000e+00 9.898548e+09 
874 0.000000e+00 0.000000e+00 9.898670e+09 
875 0.000000e+00 0.000000e+00 9.898738e+09 
876 0.000000e+00 0.000000e+00 9.898671e+09 
877 0.000000e+00 0.000000e+00 9.898643e+09 
878 0.000000e+00 0.000000e+00 9.898729e+09 
879 0.000000e+00 0.000000e+00 9.898806e+09 
880 0.000000e+00 0.000000e+00 9.898612e+09 
881 0.000000e+00 0.000000e+00 9.898539e+09 
882 0.000000e+00 0.000000e+00 9.898822e+09 
883 0.000000e+00 0.000000e+00 9.898627e+09 
884 0.000000e+00 0.000000e+00 9.898715e+09 
885 0.000000e+00 0.000000e+00 9.898696e+09 
886 0.000000e+00 0.000000e+00 9.898481e+09 
887 0.000000e+00 0.000000e+00 9.898723e+09 
888 0.000000e+00 0.000000e+00 9.898593e+09 
889 0.000000e+00 0.000000e+00 9.898595e+09 
890 0.000000e+00 0.000000e+00 9.898577e+09 
891 0.000000e+00 0.000000e+00 9.898702e+09 
892 0.000000e+00 0.000000e+00 9.898693e+09 
893 0.000000e+00 0.000000e+00 9.898529e+09 
894 0.000000e+00 0.000000e+00 9.898422e+09 
895 0.000000e+00 0.000000e+00 9.898650e+09 
896 0.000000e+00 0.000000e+00 9.898700e+09 
897 0.000000e+00 0.000000e+00 9.898538e+09 
898 0.000000e+00 0.000000e+00 9.898518e+09 
899 0.000000e+00 0.000000e+00 9.898493e+09 
900 0.000000e+00 0.000000e+00 9.898435e+09 
901 0.000000e+00 0.000000e+00 9.898603e+09 
902 0.000000e+00 0.000000e+00 9.898527e+09 
903 0.000000e+00 0.000000e+00 9.898549e+09 
904 0.000000e+00 0.000000e+00 9.898572e+09 
905 0.000000e+00 0.000000e+00 9.898403e+09 
906 0.000000e+00 0.000000e+00 9.898546e+09 
907 0.000000e+00 0.000000e+00 9.898453e+09 
908 0.000000e+00 0.000000e+00 9.898401e+09 
909 0.000000e+00 0.000000e+00 9.898595e+09 
910 0.000000e+00 0.000000e+00 9.898494e+09 
911 0.000000e+00 0.000000e+00 9.898582e+09 
912 0.000000e+00 0.000000e+00 9.898520e+09 
913 0.000000e+00 0.000000e+00 9.898477e+09 
914 0.000000e+00 0.000000e+00 9.898559e+09 
915 0.000000e+00 0.000000e+00 9.898566e+09 
916 0.000000e+00 0.000000e+00 9.898438e+09 
917 0.000000e+00 0.000000e+00 9.898589e+09 
918 0.000000e+00 0.000000e+00 9.898556e+09 
919 0.000000e+00 0.000000e+00 9.898551e+09 
920 0.000000e+00 0.000000e+00 9.898462e+09 
921 0.000000e+00 0.000000e+00 9.898666e+09 
922 0.000000e+00 0.000000e+00 9.898566e+09 
923 0.000000e+00 0.000000e+00 9.898587e+09 
924 0.000000e+00 0.000000e+00 9.898694e+09 
925 0.000000e+00 0.000000e+00 9.898684e+09 
926 0.000000e+00 0.000000e+00 9.898483e+09 
927 0.000000e+00 0.000000e+00 9.898646e+09 
928 0.000000e+00 0.000000e+00 9.898560e+09 
929 0.000000e+00 0.000000e+00 9.898797e+09 
930 0.000000e+00 0.000000e+00 9.898862e+09 
931 0.000000e+00 0.000000e+00 9.898645e+09 
932 0.000000e+00 0.000000e+00 9.898487e+09 
933 0.000000e+00 0.000000e+00 9.898583e+09 
934 0.000000e+00 0.000000e+00 9.898498e+09 
935 0.000000e+00 0.000000e+00 9.898768e+09 
936 0.000000e+00 0.000000e+00 9.898558e+09 
937 0.000000e+00 0.000000e+00 9.898563e+09 
938 0.000000e+00 0.000000e+00 9.898456e+09 
939 0.000000e+00 0.000000e+00 9.898654e+09 
940 0.000000e+00 0.000000e+00 9.898608e+09 
941 0.000000e+00 0.000000e+00 9.898476e+09 
942 0.000000e+00 0.000000e+00 9.898734e+09 
943 0.000000e+00 0.000000e+00 9.898656e+09 
944 0.000000e+00 0.000000e+00 9.898569e+09 
945 0.000000e+00 0.000000e+00 9.898458e+09 
946 0.000000e+00 0.000000e+00 9.898580e+09 
947 0.000000e+00 0.000000e+00 9.898666e+09 
948 0.000000e+00 0.000000e+00 9.898487e+09 
949 0.000000e+00 0.000000e+00 9.898507e+09 
950 0.000000e+00 0.000000e+00 9.898531e+09 
951 0.000000e+00 0.000000e+00 9.898645e+09 
952 0.000000e+00 0.000000e+00 9.898589e+09 
953 0.000000e+00 0.000000e+00 9.898485e+09 
954 0.000000e+00 0.000000e+00 9.898523e+09 
955 0.000000e+00 0.000000e+00 9.898687e+09 
956 0.000000e+00 0.000000e+00 9.898484e+09 
957 0.000000e+00 0.000000e+00 9.898458e+09 
958 0.000000e+00 0.000000e+00 9.898572e+09 
959 0.000000e+00 0.000000e+00 9.898499e+09 
960 0.000000e+00 0.000000e+00 9.898503e+09 
961 0.000000e+00 0.000000e+00 9.898548e+09 
962 0.000000e+00 0.000000e+00 9.898506e+09 
963 0.000000e+00 0.000000e+00 9.898532e+09 
964 0.000000e+00 0.000000e+00 9.898594e+09 
965 0.000000e+00 0.000000e+00 9.898466e+09 
966 0.000000e+00 0.000000e+00 9.898425e+09 
967 0.000000e+00 0.000000e+00 9.898554e+09 
968 0.000000e+00 0.000000e+00 9.898580e+09 
969 0.000000e+00 0.000000e+00 9.898503e+09 
970 0.000000e+00 0.000000e+00 9.898546e+09 
971 0.000000e+00 0.000000e+00 9.898438e+09 
972 0.000000e+00 0.000000e+00 9.898476e+09 
973 0.000000e+00 0.000000e+00 9.898495e+09 
974 0.000000e+00 0.000000e+00 9.898554e+09 
975 0.000000e+00 0.000000e+00 9.898630e+09 
976 0.000000e+00 0.000000e+00 9.898516e+09 
977 0.000000e+00 0.000000e+00 9.898580e+09 
978 0.000000e+00 0.000000e+00 9.898480e+09 
979 0.000000e+00 0.000000e+00 9.898486e+09 
980 0.000000e+00 0.000000e+00 9.898449e+09 
981 0.000000e+00 0.000000e+00 9.898422e+09 
982 0.000000e+00 0.000000e+00 9.898496e+09 
983 0.000000e+00 0.000000e+00 9.898487e+09 
984 0.000000e+00 0.000000e+00 9.898501e+09 
985 0.000000e+00 0.000000e+00 9.898427e+09 
986 0.000000e+00 0.000000e+00 9.898373e+09 
987 0.000000e+00 0.000000e+00 9.898436e+09 
988 0.000000e+00 0.000000e+00 9.898413e+09 
989 0.000000e+00 0.000000e+00 9.898385e+09 
990 0.000000e+00 0.000000e+00 9.898466e+09 
991 0.000000e+00 0.000000e+00 9.898462e+09 
992 0.000000e+00 0.000000e+00 9.898428e+09 
993 0.000000e+00 0.000000e+00 9.898502e+09 
994 0.000000e+00 0.000000e+00 9.898460e+09 
995 0.000000e+00 0.000000e+00 9.898435e+09 
996 0.000000e+00 0.000000e+00 9.898430e+09 
997 0.000000e+00 0.000000e+00 9.898503e+09 
998 0.000000e+00 0.000000e+00 9.898441e+09 
999 0.000000e+00 0.000000e+00 9.898418e+09 
1000 0.000000e+00 0.000000e+00 9.898499e+09 
1001 0.000000e+00 0.000000e+00 9.898474e+09 
1002 0.000000e+00 0.000000e+00 9.898444e+09 
1003 0.000000e+00 0.000000e+00 9.898419e+09 
1004 0.000000e+00 0.000000e+00 9.898524e+09 
1005 0.000000e+00 0.000000e+00 9.898480e+09 
1006 0.000000e+00 0.000000e+00 9.898429e+09 
1007 0.000000e+00 0.000000e+00 9.898425e+09 
1008 0.000000e+00 0.000000e+00 9.898441e+09 
1009 0.000000e+00 0.000000e+00 9.898505e+09 
1010 0.000000e+00 0.000000e+00 9.898441e+09 
1011 0.000000e+00 0.000000e+00 9.898528e+09 
1012 0.000000e+00 0.000000e+00 9.898507e+09 
1013 0.000000e+00 0.000000e+00 9.898438e+09 
1014 0.000000e+00 0.000000e+00 9.898409e+09 
1015 0.000000e+00 0.000000e+00 9.898419e+09 
1016 0.000000e+00 0.000000e+00 9.898593e+09 
1017 0.000000e+00 0.000000e+00 9.898455e+09 
1018 0.000000e+00 0.000000e+00 9.898494e+09 
1019 0.000000e+00 0.000000e+00 9.898479e+09 
1020 0.000000e+00 0.000000e+00 9.898568e+09 
1021 0.000000e+00 0.000000e+00 9.898490e+09 
1022 0.000000e+00 0.000000e+00 9.898539e+09 
1023 0.000000e+00 0.000000e+00 9.898514e+09 
1024 0.000000e+00 0.000000e+00 9.898473e+09 
1025 0.000000e+00 0.000000e+00 9.898551e+09 
1026 0.000000e+00 0.000000e+00 9.898502e+09 
1027 0.000000e+00 0.000000e+00 9.898409e+09 
1028 0.000000e+00 0.000000e+00 9.898517e+09 
1029 0.000000e+00 0.000000e+00 9.898485e+09 
1030 0.000000e+00 0.000000e+00 9.898465e+09 
1031 0.000000e+00 0.000000e+00 9.898469e+09 
1032 0.000000e+00 0.000000e+00 9.898512e+09 
1033 0.000000e+00 0.000000e+00 9.898431e+09 
1034 0.000000e+00 0.000000e+00 9.898396e+09 
1035 0.000000e+00 0.000000e+00 9.898449e+09 
1036 0.000000e+00 0.000000e+00 9.898517e+09 
1037 0.000000e+00 0.000000e+00 9.898517e+09 
1038 0.000000e+00 0.000000e+00 9.898510e+09 
1039 0.000000e+00 0.000000e+00 9.898463e+09 
1040 0.000000e+00 0.000000e+00 9.898461e+09 
1041 0.000000e+00 0.000000e+00 9.898533e+09 
1042 0.000000e+00 0.000000e+00 9.898492e+09 
1043 0.000000e+00 0.000000e+00 9.898380e+09 
1044 0.000000e+00 0.000000e+00 9.898469e+09 
1045 0.000000e+00 0.000000e+00 9.898571e+09 
1046 0.000000e+00 0.000000e+00 9.898561e+09 
1047 0.000000e+00 0.000000e+00 9.898557e+09 
1048 0.000000e+00 0.000000e+00 9.898485e+09 
1049 0.000000e+00 0.000000e+00 9.898435e+09 
1050 0.000000e+00 0.000000e+00 9.898416e+09 
1051 0.000000e+00 0.000000e+00 9.898480e+09 
1052 0.000000e+00 0.000000e+00 9.898459e+09 
1053 0.000000e+00 0.000000e+00 9.898485e+09 
1054 0.000000e+00 0.000000e+00 9.898462e+09 
1055 0.000000e+00 0.000000e+00 9.898426e+09 
1056 0.000000e+00 0.000000e+00 9.898489e+09 
1057 0.000000e+00 0.000000e+00 9.898455e+09 
1058 0.000000e+00 0.000000e+00 9.898476e+09 
1059 0.000000e+00 0.000000e+00 9.898407e+09 
1060 0.000000e+00 0.000000e+00 9.898418e+09 
1061 0.000000e+00 0.000000e+00 9.898445e+09 
1062 0.000000e+00 0.000000e+00 9.898449e+09 
1063 0.000000e+00 0.000000e+00 9.898459e+09 
1064 0.000000e+00 0.000000e+00 9.898532e+09 
1065 0.000000e+00 0.000000e+00 9.898614e+09 
1066 0.000000e+00 0.000000e+00 9.898461e+09 
1067 0.000000e+00 0.000000e+00 9.898450e+09 
1068 0.000000e+00 0.000000e+00 9.898496e+09 
1069 0.000000e+00 0.000000e+00 9.898416e+09 
1070 0.000000e+00 0.000000e+00 9.898483e+09 
1071 0.000000e+00 0.000000e+00 9.898458e+09 
1072 0.000000e+00 0.000000e+00 9.898440e+09 
1073 0.000000e+00 0.000000e+00 9.898451e+09 
1074 0.000000e+00 0.000000e+00 9.898480e+09 
1075 0.000000e+00 0.000000e+00 9.898521e+09 
1076 0.000000e+00 0.000000e+00 9.898491e+09 
1077 0.000000e+00 0.000000e+00 9.898432e+09 
1078 0.000000e+00 0.000000e+00 9.898464e+09 
1079 0.000000e+00 0.000000e+00 9.898555e+09 
1080 0.000000e+00 0.000000e+00 9.898551e+09 
1081 0.000000e+00 0.000000e+00 9.898500e+09 
1082 0.000000e+00 0.000000e+00 9.898615e+09 
1083 0.000000e+00 0.000000e+00 9.898405e+09 
1084 0.000000e+00 0.000000e+00 9.898532e+09 
1085 0.000000e+00 0.000000e+00 9.898475e+09 
1086 0.000000e+00 0.000000e+00 9.898444e+09 
1087 0.000000e+00 0.000000e+00 9.898497e+09 
1088 0.000000e+00 0.000000e+00 9.898488e+09 
1089 0.000000e+00 0.000000e+00 9.898447e+09 
1090 0.000000e+00 0.000000e+00 9.898560e+09 
1091 0.000000e+00 0.000000e+00 9.898492e+09 
1092 0.000000e+00 0.000000e+00 9.898424e+09 
1093 0.000000e+00 0.000000e+00 9.898534e+09 
1094 0.000000e+00 0.000000e+00 9.898656e+09 
1095 0.000000e+00 0.000000e+00 9.898486e+09 
1096 0.000000e+00 0.000000e+00 9.898475e+09 
1097 0.000000e+00 0.000000e+00 9.898509e+09 
1098 0.000000e+00 0.000000e+00 9.898461e+09 
1099 0.000000e+00 0.000000e+00 9.898429e+09 
1100 0.000000e+00 0.000000e+00 9.898455e+09 
1101 0.000000e+00 0.000000e+00 9.898586e+09 
1102 0.000000e+00 0.000000e+00 9.898484e+09 
1103 0.000000e+00 0.000000e+00 9.898464e+09 
1104 0.000000e+00 0.000000e+00 9.898523e+09 
1105 0.000000e+00 0.000000e+00 9.898455e+09 
1106 0.000000e+00 0.000000e+00 9.898513e+09 
1107 0.000000e+00 0.000000e+00 9.898405e+09 
1108 0.000000e+00 0.000000e+00 9.898446e+09 
1109 0.000000e+00 0.000000e+00 9.898466e+09 
1110 0.000000e+00 0.000000e+00 9.898538e+09 
1111 0.000000e+00 0.000000e+00 9.898595e+09 
1112 0.000000e+00 0.000000e+00 9.898531e+09 
1113 0.000000e+00 0.000000e+00 9.898400e+09 
1114 0.000000e+00 0.000000e+00 9.898419e+09 
1115 0.000000e+00 0.000000e+00 9.898501e+09 
1116 0.000000e+00 0.000000e+00 9.898452e+09 
1117 0.000000e+00 0.000000e+00 9.898436e+09 
1118 0.000000e+00 0.000000e+00 9.898413e+09 
1119 0.000000e+00 0.000000e+00 9.898540e+09 
1120 0.000000e+00 0.000000e+00 9.898399e+09 
1121 0.000000e+00 0.000000e+00 9.898447e+09 
1122 0.000000e+00 0.000000e+00 9.898464e+09 
1123 0.000000e+00 0.000000e+00 9.898453e+09 
1124 0.000000e+00 0.000000e+00 9.898504e+09 
1125 0.000000e+00 0.000000e+00 9.898562e+09 
1126 0.000000e+00 0.000000e+00 9.898444e+09 
1127 0.000000e+00 0.000000e+00 9.898442e+09 
1128 0.000000e+00 0.000000e+00 9.898493e+09 
1129 0.000000e+00 0.000000e+00 9.898504e+09 
1130 0.000000e+00 0.000000e+00 9.898480e+09 
1131 0.000000e+00 0.000000e+00 9.898417e+09 
1132 0.000000e+00 0.000000e+00 9.898380e+09 
1133 0.000000e+00 0.000000e+00 9.898496e+09 
1134 0.000000e+00 0.000000e+00 9.898476e+09 
1135 0.000000e+00 0.000000e+00 9.898430e+09 
1136 0.000000e+00 0.000000e+00 9.898549e+09 
1137 0.000000e+00 0.000000e+00 9.898499e+09 
1138 0.000000e+00 0.000000e+00 9.898443e+09 
1139 0.000000e+00 0.000000e+00 9.898509e+09 
1140 0.000000e+00 0.000000e+00 9.898485e+09 
1141 0.000000e+00 0.000000e+00 9.898561e+09 
1142 0.000000e+00 0.000000e+00 9.898595e+09 
1143 0.000000e+00 0.000000e+00 9.898537e+09 
1144 0.000000e+00 0.000000e+00 9.898539e+09 
1145 0.000000e+00 0.000000e+00 9.898408e+09 
1146 0.000000e+00 0.000000e+00 9.898504e+09 
1147 0.000000e+00 0.000000e+00 9.898479e+09 
1148 0.000000e+00 0.000000e+00 9.898445e+09 
1149 0.000000e+00 0.000000e+00 9.898428e+09 
1150 0.000000e+00 0.000000e+00 9.898431e+09 
1151 0.000000e+00 0.000000e+00 9.898486e+09 
1152 0.000000e+00 0.000000e+00 9.898501e+09 
1153 0.000000e+00 0.000000e+00 9.898415e+09 
1154 0.000000e+00 0.000000e+00 9.898373e+09 
1155 0.000000e+00 0.000000e+00 9.898437e+09 
1156 0.000000e+00 0.000000e+00 9.898508e+09 
1157 0.000000e+00 0.000000e+00 9.898380e+09 
1158 0.000000e+00 0.000000e+00 9.898443e+09 
1159 0.000000e+00 0.000000e+00 9.898484e+09 
1160 0.000000e+00 0.000000e+00 9.898557e+09 
1161 0.000000e+00 0.000000e+00 9.898508e+09 
1162 0.000000e+00 0.000000e+00 9.898488e+09 
1163 0.000000e+00 0.000000e+00 9.898508e+09 
1164 0.000000e+00 0.000000e+00 9.898389e+09 
1165 0.000000e+00 0.000000e+00 9.898494e+09 
1166 0.000000e+00 0.000000e+00 9.898418e+09 
1167 0.000000e+00 0.000000e+00 9.898390e+09 
1168 0.000000e+00 0.000000e+00 9.898378e+09 
1169 0.000000e+00 0.000000e+00 9.898463e+09 
1170 0.000000e+00 0.000000e+00 9.898462e+09 
1171 0.000000e+00 0.000000e+00 9.898465e+09 
1172 0.000000e+00 0.000000e+00 9.898438e+09 
1173 0.000000e+00 0.000000e+00 9.898439e+09 
1174 0.000000e+00 0.000000e+00 9.898447e+09 
1175 0.000000e+00 0.000000e+00 9.898487e+09 
1176 0.000000e+00 0.000000e+00 9.898419e+09 
1177 0.000000e+00 0.000000e+00 9.898500e+09 
1178 0.000000e+00 0.000000e+00 9.898525e+09 
1179 0.000000e+00 0.000000e+00 9.898500e+09 
1180 0.000000e+00 0.000000e+00 9.898423e+09 
1181 0.000000e+00 0.000000e+00 9.898399e+09 
1182 0.000000e+00 0.000000e+00 9.898563e+09 
1183 0.000000e+00 0.000000e+00 9.898495e+09 
1184 0.000000e+00 0.000000e+00 9.898451e+09 
1185 0.000000e+00 0.000000e+00 9.898484e+09 
1186 0.000000e+00 0.000000e+00 9.898432e+09 
1187 0.000000e+00 0.000000e+00 9.898440e+09 
1188 0.000000e+00 0.000000e+00 9.898459e+09 
1189 0.000000e+00 0.000000e+00 9.898514e+09 
1190 0.000000e+00 0.000000e+00 9.898526e+09 
1191 0.000000e+00 0.000000e+00 9.898581e+09 
1192 0.000000e+00 0.000000e+00 9.898440e+09 
1193 0.000000e+00 0.000000e+00 9.898485e+09 
1194 0.000000e+00 0.000000e+00 9.898443e+09 
1195 0.000000e+00 0.000000e+00 9.898472e+09 
1196 0.000000e+00 0.000000e+00 9.898425e+09 
1197 0.000000e+00 0.000000e+00 9.898429e+09 
1198 0.000000e+00 0.000000e+00 9.898522e+09 
1199 0.000000e+00 0.000000e+00 9.898458e+09 
1200 0.000000e+00 0.000000e+00 9.898416e+09 
1201 0.000000e+00 0.000000e+00 9.898485e+09 
1202 0.000000e+00 0.000000e+00 9.898432e+09 
1203 0.000000e+00 0.000000e+00 9.898478e+09 
1204 0.000000e+00 0.000000e+00 9.898411e+09 
1205 0.000000e+00 0.000000e+00 9.898395e+09 
1206 0.000000e+00 0.000000e+00 9.898418e+09 
1207 0.000000e+00 0.000000e+00 9.898455e+09 
1208 0.000000e+00 0.000000e+00 9.898487e+09 
1209 0.000000e+00 0.000000e+00 9.898434e+09 
1210 0.000000e+00 0.000000e+00 9.898461e+09 
1211 0.000000e+00 0.000000e+00 9.898412e+09 
1212 0.000000e+00 0.000000e+00 9.898445e+09 
1213 0.000000e+00 0.000000e+00 9.898450e+09 
1214 0.000000e+00 0.000000e+00 9.898474e+09 
1215 0.000000e+00 0.000000e+00 9.898505e+09 
1216 0.000000e+00 0.000000e+00 9.898411e+09 
1217 0.000000e+00 0.000000e+00 9.898447e+09 
1218 0.000000e+00 0.000000e+00 9.898372e+09 
1219 0.000000e+00 0.000000e+00 9.898425e+09 
1220 0.000000e+00 0.000000e+00 9.898510e+09 
1221 0.000000e+00 0.000000e+00 9.898464e+09 
1222 0.000000e+00 0.000000e+00 9.898428e+09 
1223 0.000000e+00 0.000000e+00 9.898419e+09 
1224 0.000000e+00 0.000000e+00 9.898398e+09 
1225 0.000000e+00 0.000000e+00 9.898500e+09 
1226 0.000000e+00 0.000000e+00 9.898456e+09 
1227 0.000000e+00 0.000000e+00 9.898379e+09 
1228 0.000000e+00 0.000000e+00 9.898435e+09 
1229 0.000000e+00 0.000000e+00 9.898432e+09 
1230 0.000000e+00 0.000000e+00 9.898405e+09 
1231 0.000000e+00 0.000000e+00 9.898458e+09 
1232 0.000000e+00 0.000000e+00 9.898514e+09 
1233 0.000000e+00 0.000000e+00 9.898455e+09 
1234 0.000000e+00 0.000000e+00 9.898426e+09 
1235 0.000000e+00 0.000000e+00 9.898474e+09 
1236 0.000000e+00 0.000000e+00 9.898523e+09 
1237 0.000000e+00 0.000000e+00 9.898440e+09 
1238 0.000000e+00 0.000000e+00 9.898455e+09 
1239 0.000000e+00 0.000000e+00 9.898540e+09 
1240 0.000000e+00 0.000000e+00 9.898462e+09 
1241 0.000000e+00 0.000000e+00 9.898471e+09 
1242 0.000000e+00 0.000000e+00 9.898553e+09 
1243 0.000000e+00 0.000000e+00 9.898504e+09 
1244 0.000000e+00 0.000000e+00 9.898485e+09 
1245 0.000000e+00 0.000000e+00 9.898402e+09 
1246 0.000000e+00 0.000000e+00 9.898443e+09 
1247 0.000000e+00 0.000000e+00 9.898536e+09 
1248 0.000000e+00 0.000000e+00 9.898401e+09 
1249 0.000000e+00 0.000000e+00 9.898461e+09 
1250 0.000000e+00 0.000000e+00 9.898452e+09 
1251 0.000000e+00 0.000000e+00 9.898457e+09 
1252 0.000000e+00 0.000000e+00 9.898547e+09 
1253 0.000000e+00 0.000000e+00 9.898476e+09 
1254 0.000000e+00 0.000000e+00 9.898594e+09 
1255 0.000000e+00 0.000000e+00 9.898433e+09 
1256 0.000000e+00 0.000000e+00 9.898573e+09 
1257 0.000000e+00 0.000000e+00 9.898602e+09 
1258 0.000000e+00 0.000000e+00 9.898398e+09 
1259 0.000000e+00 0.000000e+00 9.898582e+09 
1260 0.000000e+00 0.000000e+00 9.898476e+09 
1261 0.000000e+00 0.000000e+00 9.898540e+09 
1262 0.000000e+00 0.000000e+00 9.898467e+09 
1263 0.000000e+00 0.000000e+00 9.898401e+09 
1264 0.000000e+00 0.000000e+00 9.898404e+09 
1265 0.000000e+00 0.000000e+00 9.898384e+09 
1266 0.000000e+00 0.000000e+00 9.898429e+09 
1267 0.000000e+00 0.000000e+00 9.898455e+09 
1268 0.000000e+00 0.000000e+00 9.898472e+09 
1269 0.000000e+00 0.000000e+00 9.898618e+09 
1270 0.000000e+00 0.000000e+00 9.898433e+09 
1271 0.000000e+00 0.000000e+00 9.898508e+09 
1272 0.000000e+00 0.000000e+00 9.898516e+09 
1273 0.000000e+00 0.000000e+00 9.898489e+09 
1274 0.000000e+00 0.000000e+00 9.898526e+09 
1275 0.000000e+00 0.000000e+00 9.898427e+09 
1276 0.000000e+00 0.000000e+00 9.898604e+09 
1277 0.000000e+00 0.000000e+00 9.898418e+09 
1278 0.000000e+00 0.000000e+00 9.898541e+09 
1279 0.000000e+00 0.000000e+00 9.898461e+09 
1280 0.000000e+00 0.000000e+00 9.898497e+09 
1281 0.000000e+00 0.000000e+00 9.898669e+09 
1282 0.000000e+00 0.000000e+00 9.898526e+09 
1283 0.000000e+00 0.000000e+00 9.898446e+09 
1284 0.000000e+00 0.000000e+00 9.898468e+09 
1285 0.000000e+00 0.000000e+00 9.898616e+09 
1286 0.000000e+00 0.000000e+00 9.898522e+09 
1287 0.000000e+00 0.000000e+00 9.898428e+09 
1288 0.000000e+00 0.000000e+00 9.898463e+09 
1289 0.000000e+00 0.000000e+00 9.898473e+09 
1290 0.000000e+00 0.000000e+00 9.898567e+09 
1291 0.000000e+00 0.000000e+00 9.898397e+09 
1292 0.000000e+00 0.000000e+00 9.898458e+09 
1293 0.000000e+00 0.000000e+00 9.898544e+09 
1294 0.000000e+00 0.000000e+00 9.898471e+09 
1295 0.000000e+00 0.000000e+00 9.898495e+09 
1296 0.000000e+00 0.000000e+00 9.898440e+09 
1297 0.000000e+00 0.000000e+00 9.898451e+09 
1298 0.000000e+00 0.000000e+00 9.898431e+09 
1299 0.000000e+00 0.000000e+00 9.898425e+09 
1300 0.000000e+00 0.000000e+00 9.898459e+09 
1301 0.000000e+00 0.000000e+00 9.898432e+09 
1302 0.000000e+00 0.000000e+00 9.898540e+09 
1303 0.000000e+00 0.000000e+00 9.898425e+09 
1304 0.000000e+00 0.000000e+00 9.898474e+09 
1305 0.000000e+00 0.000000e+00 9.898504e+09 
1306 0.000000e+00 0.000000e+00 9.898453e+09 
1307 0.000000e+00 0.000000e+00 9.898483e+09 
1308 0.000000e+00 0.000000e+00 9.898490e+09 
1309 0.000000e+00 0.000000e+00 9.898426e+09 
1310 0.000000e+00 0.000000e+00 9.898496e+09 
1311 0.000000e+00 0.000000e+00 9.898448e+09 
1312 0.000000e+00 0.000000e+00 9.898541e+09 
1313 0.000000e+00 0.000000e+00 9.898419e+09 
1314 0.000000e+00 0.000000e+00 9.898498e+09 
1315 0.000000e+00 0.000000e+00 9.898459e+09 
1316 0.000000e+00 0.000000e+00 9.898383e+09 
1317 0.000000e+00 0.000000e+00 9.898544e+09 
1318 0.000000e+00 0.000000e+00 9.898516e+09 
1319 0.000000e+00 0.000000e+00 9.898603e+09 
1320 0.000000e+00 0.000000e+00 9.898484e+09 
1321 0.000000e+00 0.000000e+00 9.898442e+09 
1322 0.000000e+00 0.000000e+00 9.898401e+09 
1323 0.000000e+00 0.000000e+00 9.898508e+09 
1324 0.000000e+00 0.000000e+00 9.898442e+09 
1325 0.000000e+00 0.000000e+00 9.898509e+09 
1326 0.000000e+00 0.000000e+00 9.898414e+09 
1327 0.000000e+00 0.000000e+00 9.898481e+09 
1328 0.000000e+00 0.000000e+00 9.898396e+09 
1329 0.000000e+00 0.000000e+00 9.898421e+09 
1330 0.000000e+00 0.000000e+00 9.898417e+09 
1331 0.000000e+00 0.000000e+00 9.898389e+09 
1332 0.000000e+00 0.000000e+00 9.898392e+09 
1333 0.000000e+00 0.000000e+00 9.898396e+09 
1334 0.000000e+00 0.000000e+00 9.898408e+09 
1335 0.000000e+00 0.000000e+00 9.898447e+09 
1336 0.000000e+00 0.000000e+00 9.898460e+09 
1337 0.000000e+00 0.000000e+00 9.898405e+09 
1338 0.000000e+00 0.000000e+00 9.898384e+09 
1339 0.000000e+00 0.000000e+00 9.898404e+09 
1340 0.000000e+00 0.000000e+00 9.898402e+09 
1341 0.000000e+00 0.000000e+00 9.898461e+09 
1342 0.000000e+00 0.000000e+00 9.898489e+09 
1343 0.000000e+00 0.000000e+00 9.898424e+09 
1344 0.000000e+00 0.000000e+00 9.898415e+09 
1345 0.000000e+00 0.000000e+00 9.898361e+09 
1346 0.000000e+00 0.000000e+00 9.898403e+09 
1347 0.000000e+00 0.000000e+00 9.898500e+09 
1348 0.000000e+00 0.000000e+00 9.898485e+09 
1349 0.000000e+00 0.000000e+00 9.898379e+09 
1350 0.000000e+00 0.000000e+00 9.898419e+09 
1351 0.000000e+00 0.000000e+00 9.898444e+09 
1352 0.000000e+00 0.000000e+00 9.898377e+09 
1353 0.000000e+00 0.000000e+00 9.898345e+09 
1354 0.000000e+00 0.000000e+00 9.898377e+09 
1355 0.000000e+00 0.000000e+00 9.898385e+09 
1356 0.000000e+00 0.000000e+00 9.898448e+09 
1357 0.000000e+00 0.000000e+00 9.898381e+09 
1358 0.000000e+00 0.000000e+00 9.898393e+09 
1359 0.000000e+00 0.000000e+00 9.898378e+09 
1360 0.000000e+00 0.000000e+00 9.898503e+09 
1361 0.000000e+00 0.000000e+00 9.898488e+09 
1362 0.000000e+00 0.000000e+00 9.898443e+09 
1363 0.000000e+00 0.000000e+00 9.898454e+09 
1364 0.000000e+00 0.000000e+00 9.898466e+09 
1365 0.000000e+00 0.000000e+00 9.898377e+09 
1366 0.000000e+00 0.000000e+00 9.898418e+09 
1367 0.000000e+00 0.000000e+00 9.898512e+09 
1368 0.000000e+00 0.000000e+00 9.898474e+09 
1369 0.000000e+00 0.000000e+00 9.898601e+09 
1370 0.000000e+00 0.000000e+00 9.898421e+09 
1371 0.000000e+00 0.000000e+00 9.898546e+09 
1372 0.000000e+00 0.000000e+00 9.898491e+09 
1373 0.000000e+00 0.000000e+00 9.898517e+09 
1374 0.000000e+00 0.000000e+00 9.898492e+09 
1375 0.000000e+00 0.000000e+00 9.898559e+09 
1376 0.000000e+00 0.000000e+00 9.898403e+09 
1377 0.000000e+00 0.000000e+00 9.898495e+09 
1378 0.000000e+00 0.000000e+00 9.898452e+09 
1379 0.000000e+00 0.000000e+00 9.898423e+09 
1380 0.000000e+00 0.000000e+00 9.898421e+09 
1381 0.000000e+00 0.000000e+00 9.898440e+09 
1382 0.000000e+00 0.000000e+00 9.898419e+09 
1383 0.000000e+00 0.000000e+00 9.898481e+09 
1384 0.000000e+00 0.000000e+00 9.898435e+09 
1385 0.000000e+00 0.000000e+00 9.898440e+09 
1386 0.000000e+00 0.000000e+00 9.898438e+09 
1387 0.000000e+00 0.000000e+00 9.898454e+09 
1388 0.000000e+00 0.000000e+00 9.898436e+09 
1389 0.000000e+00 0.000000e+00 9.898485e+09 
1390 0.000000e+00 0.000000e+00 9.898467e+09 
1391 0.000000e+00 0.000000e+00 9.898383e+09 
1392 0.000000e+00 0.000000e+00 9.898531e+09 
1393 0.000000e+00 0.000000e+00 9.898453e+09 
1394 0.000000e+00 0.000000e+00 9.898538e+09 
1395 0.000000e+00 0.000000e+00 9.898459e+09 
1396 0.000000e+00 0.000000e+00 9.898561e+09 
1397 0.000000e+00 0.000000e+00 9.898459e+09 
1398 0.000000e+00 0.000000e+00 9.898415e+09 
1399 0.000000e+00 0.000000e+00 9.898451e+09 
1400 0.000000e+00 0.000000e+00 9.898523e+09 
1401 0.000000e+00 0.000000e+00 9.898481e+09 
1402 0.000000e+00 0.000000e+00 9.898465e+09 
1403 0.000000e+00 0.000000e+00 9.898575e+09 
1404 0.000000e+00 0.000000e+00 9.898430e+09 
1405 0.000000e+00 0.000000e+00 9.898519e+09 
1406 0.000000e+00 0.000000e+00 9.898451e+09 
1407 0.000000e+00 0.000000e+00 9.898460e+09 
1408 0.000000e+00 0.000000e+00 9.898445e+09 
1409 0.000000e+00 0.000000e+00 9.898446e+09 
1410 0.000000e+00 0.000000e+00 9.898432e+09 
1411 0.000000e+00 0.000000e+00 9.898462e+09 
1412 0.000000e+00 0.000000e+00 9.898491e+09 
1413 0.000000e+00 0.000000e+00 9.898520e+09 
1414 0.000000e+00 0.000000e+00 9.898465e+09 
1415 0.000000e+00 0.000000e+00 9.898480e+09 
1416 0.000000e+00 0.000000e+00 9.898432e+09 
1417 0.000000e+00 0.000000e+00 9.898566e+09 
1418 0.000000e+00 0.000000e+00 9.898573e+09 
1419 0.000000e+00 0.000000e+00 9.898508e+09 
1420 0.000000e+00 0.000000e+00 9.898633e+09 
1421 0.000000e+00 0.000000e+00 9.898422e+09 
1422 0.000000e+00 0.000000e+00 9.898479e+09 
1423 0.000000e+00 0.000000e+00 9.898383e+09 
1424 0.000000e+00 0.000000e+00 9.898550e+09 
1425 0.000000e+00 0.000000e+00 9.898466e+09 
1426 0.000000e+00 0.000000e+00 9.898453e+09 
1427 0.000000e+00 0.000000e+00 9.898452e+09 
1428 0.000000e+00 0.000000e+00 9.898457e+09 
1429 0.000000e+00 0.000000e+00 9.898530e+09 
1430 0.000000e+00 0.000000e+00 9.898482e+09 
1431 0.000000e+00 0.000000e+00 9.898426e+09 
1432 0.000000e+00 0.000000e+00 9.898462e+09 
1433 0.000000e+00 0.000000e+00 9.898492e+09 
1434 0.000000e+00 0.000000e+00 9.898482e+09 
1435 0.000000e+00 0.000000e+00 9.898551e+09 
1436 0.000000e+00 0.000000e+00 9.898521e+09 
1437 0.000000e+00 0.000000e+00 9.898495e+09 
1438 0.000000e+00 0.000000e+00 9.898473e+09 
1439 0.000000e+00 0.000000e+00 9.898517e+09 
1440 0.000000e+00 0.000000e+00 9.898465e+09 
1441 0.000000e+00 0.000000e+00 9.898444e+09 
1442 0.000000e+00 0.000000e+00 9.898374e+09 
1443 0.000000e+00 0.000000e+00 9.898570e+09 
1444 0.000000e+00 0.000000e+00 9.898443e+09 
1445 0.000000e+00 0.000000e+00 9.898430e+09 
1446 0.000000e+00 0.000000e+00 9.898474e+09 
1447 0.000000e+00 0.000000e+00 9.898437e+09 
1448 0.000000e+00 0.000000e+00 9.898446e+09 
1449 0.000000e+00 0.000000e+00 9.898427e+09 
1450 0.000000e+00 0.000000e+00 9.898482e+09 
1451 0.000000e+00 0.000000e+00 9.898440e+09 
1452 0.000000e+00 0.000000e+00 9.898457e+09 
1453 0.000000e+00 0.000000e+00 9.898421e+09 
1454 0.000000e+00 0.000000e+00 9.898423e+09 
1455 0.000000e+00 0.000000e+00 9.898492e+09 
1456 0.000000e+00 0.000000e+00 9.898492e+09 
1457 0.000000e+00 0.000000e+00 9.898386e+09 
1458 0.000000e+00 0.000000e+00 9.898450e+09 
1459 0.000000e+00 0.000000e+00 9.898465e+09 
1460 0.000000e+00 0.000000e+00 9.898411e+09 
1461 0.000000e+00 0.000000e+00 9.898406e+09 
1462 0.000000e+00 0.000000e+00 9.898441e+09 
1463 0.000000e+00 0.000000e+00 9.898458e+09 
1464 0.000000e+00 0.000000e+00 9.898404e+09 
1465 0.000000e+00 0.000000e+00 9.898517e+09 
1466 0.000000e+00 0.000000e+00 9.898424e+09 
1467 0.000000e+00 0.000000e+00 9.898403e+09 
1468 0.000000e+00 0.000000e+00 9.898507e+09 
1469 0.000000e+00 0.000000e+00 9.898386e+09 
1470 0.000000e+00 0.000000e+00 9.898469e+09 
1471 0.000000e+00 0.000000e+00 9.898445e+09 
1472 0.000000e+00 0.000000e+00 9.898419e+09 
1473 0.000000e+00 0.000000e+00 9.898440e+09 
1474 0.000000e+00 0.000000e+00 9.898428e+09 
1475 0.000000e+00 0.000000e+00 9.898501e+09 
1476 0.000000e+00 0.000000e+00 9.898460e+09 
1477 0.000000e+00 0.000000e+00 9.898481e+09 
1478 0.000000e+00 0.000000e+00 9.898489e+09 
1479 0.000000e+00 0.000000e+00 9.898539e+09 
1480 0.000000e+00 0.000000e+00 9.898498e+09 
1481 0.000000e+00 0.000000e+00 9.898413e+09 
1482 0.000000e+00 0.000000e+00 9.898500e+09 
1483 0.000000e+00 0.000000e+00 9.898434e+09 
1484 0.000000e+00 0.000000e+00 9.898491e+09 
1485 0.000000e+00 0.000000e+00 9.898568e+09 
1486 0.000000e+00 0.000000e+00 9.898480e+09 
1487 0.000000e+00 0.000000e+00 9.898452e+09 
1488 0.000000e+00 0.000000e+00 9.898528e+09 
1489 0.000000e+00 0.000000e+00 9.898426e+09 
1490 0.000000e+00 0.000000e+00 9.898528e+09 
1491 0.000000e+00 0.000000e+00 9.898444e+09 
1492 0.000000e+00 0.000000e+00 9.898488e+09 
1493 0.000000e+00 0.000000e+00 9.898437e+09 
1494 0.000000e+00 0.000000e+00 9.898437e+09 
1495 0.000000e+00 0.000000e+00 9.898470e+09 
1496 0.000000e+00 0.000000e+00 9.898500e+09 
1497 0.000000e+00 0.000000e+00 9.898463e+09 
1498 0.000000e+00 0.000000e+00 9.898569e+09 
1499 0.000000e+00 0.000000e+00 9.898514e+09 
1500 0.000000e+00 0.000000e+00 9.898492e+09 
1501 0.000000e+00 0.000000e+00 9.898526e+09 
1502 0.000000e+00 0.000000e+00 9.898459e+09 
1503 0.000000e+00 0.000000e+00 9.898540e+09 
1504 0.000000e+00 0.000000e+00 9.898544e+09 
1505 0.000000e+00 0.000000e+00 9.898423e+09 
1506 0.000000e+00 0.000000e+00 9.898426e+09 
1507 0.000000e+00 0.000000e+00 9.898514e+09 
1508 0.000000e+00 0.000000e+00 9.898480e+09 
1509 0.000000e+00 0.000000e+00 9.898429e+09 
1510 0.000000e+00 0.000000e+00 9.898468e+09 
1511 0.000000e+00 0.000000e+00 9.898426e+09 
1512 0.000000e+00 0.000000e+00 9.898435e+09 
1513 0.000000e+00 0.000000e+00 9.898540e+09 
1514 0.000000e+00 0.000000e+00 9.898566e+09 
1515 0.000000e+00 0.000000e+00 9.898419e+09 
1516 0.000000e+00 0.000000e+00 9.898433e+09 
1517 0.000000e+00 0.000000e+00 9.898432e+09 
1518 0.000000e+00 0.000000e+00 9.898431e+09 
1519 0.000000e+00 0.000000e+00 9.898464e+09 
1520 0.000000e+00 0.000000e+00 9.898516e+09 
1521 0.000000e+00 0.000000e+00 9.898463e+09 
1522 0.000000e+00 0.000000e+00 9.898456e+09 
1523 0.000000e+00 0.000000e+00 9.898440e+09 
1524 0.000000e+00 0.000000e+00 9.898490e+09 
1525 0.000000e+00 0.000000e+00 9.898539e+09 
1526 0.000000e+00 0.000000e+00 9.898444e+09 
1527 0.000000e+00 0.000000e+00 9.898579e+09 
1528 0.000000e+00 0.000000e+00 9.898489e+09 
1529 0.000000e+00 0.000000e+00 9.898437e+09 
1530 0.000000e+00 0.000000e+00 9.898479e+09 
1531 0.000000e+00 0.000000e+00 9.898457e+09 
1532 0.000000e+00 0.000000e+00 9.898454e+09 
1533 0.000000e+00 0.000000e+00 9.898451e+09 
1534 0.000000e+00 0.000000e+00 9.898394e+09 
1535 0.000000e+00 0.000000e+00 9.898438e+09 
1536 0.000000e+00 0.000000e+00 9.898516e+09 
1537 0.000000e+00 0.000000e+00 9.898412e+09 
1538 0.000000e+00 0.000000e+00 9.898516e+09 
1539 0.000000e+00 0.000000e+00 9.898466e+09 
1540 0.000000e+00 0.000000e+00 9.898495e+09 
1541 0.000000e+00 0.000000e+00 9.898427e+09 
1542 0.000000e+00 0.000000e+00 9.898440e+09 
1543 0.000000e+00 0.000000e+00 9.898438e+09 
1544 0.000000e+00 0.000000e+00 9.898507e+09 
1545 0.000000e+00 0.000000e+00 9.898386e+09 
1546 0.000000e+00 0.000000e+00 9.898426e+09 
1547 0.000000e+00 0.000000e+00 9.898481e+09 
1548 0.000000e+00 0.000000e+00 9.898393e+09 
1549 0.000000e+00 0.000000e+00 9.898393e+09 
1550 0.000000e+00 0.000000e+00 9.898409e+09 
1551 0.000000e+00 0.000000e+00 9.898497e+09 
1552 0.000000e+00 0.000000e+00 9.898519e+09 
1553 0.000000e+00 0.000000e+00 9.898520e+09 
1554 0.000000e+00 0.000000e+00 9.898493e+09 
1555 0.000000e+00 0.000000e+00 9.898419e+09 
1556 0.000000e+00 0.000000e+00 9.898619e+09 
1557 0.000000e+00 0.000000e+00 9.898506e+09 
1558 0.000000e+00 0.000000e+00 9.898403e+09 
1559 0.000000e+00 0.000000e+00 9.898520e+09 
1560 0.000000e+00 0.000000e+00 9.898436e+09 
1561 0.000000e+00 0.000000e+00 9.898458e+09 
1562 0.000000e+00 0.000000e+00 9.898439e+09 
1563 0.000000e+00 0.000000e+00 9.898409e+09 
1564 0.000000e+00 0.000000e+00 9.898475e+09 
1565 0.000000e+00 0.000000e+00 9.898438e+09 
1566 0.000000e+00 0.000000e+00 9.898415e+09 
1567 0.000000e+00 0.000000e+00 9.898496e+09 
1568 0.000000e+00 0.000000e+00 9.898477e+09 
1569 0.000000e+00 0.000000e+00 9.898441e+09 
1570 0.000000e+00 0.000000e+00 9.898493e+09 
1571 0.000000e+00 0.000000e+00 9.898430e+09 
1572 0.000000e+00 0.000000e+00 9.898528e+09 
1573 0.000000e+00 0.000000e+00 9.898436e+09 
1574 0.000000e+00 0.000000e+00 9.898511e+09 
1575 0.000000e+00 0.000000e+00 9.898463e+09 
1576 0.000000e+00 0.000000e+00 9.898436e+09 
1577 0.000000e+00 0.000000e+00 9.898466e+09 
1578 0.000000e+00 0.000000e+00 9.898451e+09 
1579 0.000000e+00 0.000000e+00 9.898582e+09 
1580 0.000000e+00 0.000000e+00 9.898509e+09 
1581 0.000000e+00 0.000000e+00 9.898419e+09 
1582 0.000000e+00 0.000000e+00 9.898508e+09 
1583 0.000000e+00 0.000000e+00 9.898611e+09 
1584 0.000000e+00 0.000000e+00 9.898405e+09 
1585 0.000000e+00 0.000000e+00 9.898445e+09 
1586 0.000000e+00 0.000000e+00 9.898508e+09 
1587 0.000000e+00 0.000000e+00 9.898470e+09 
1588 0.000000e+00 0.000000e+00 9.898394e+09 
1589 0.000000e+00 0.000000e+00 9.898422e+09 
1590 0.000000e+00 0.000000e+00 9.898509e+09 
1591 0.000000e+00 0.000000e+00 9.898523e+09 
1592 0.000000e+00 0.000000e+00 9.898421e+09 
1593 0.000000e+00 0.000000e+00 9.898471e+09 
1594 0.000000e+00 0.000000e+00 9.898639e+09 
1595 0.000000e+00 0.000000e+00 9.898467e+09 
1596 0.000000e+00 0.000000e+00 9.898515e+09 
1597 0.000000e+00 0.000000e+00 9.898439e+09 
1598 0.000000e+00 0.000000e+00 9.898435e+09 
1599 0.000000e+00 0.000000e+00 9.898375e+09 
1600 0.000000e+00 0.000000e+00 9.898526e+09 
1601 0.000000e+00 0.000000e+00 9.898487e+09 
1602 0.000000e+00 0.000000e+00 9.898480e+09 
1603 0.000000e+00 0.000000e+00 9.898562e+09 
1604 0.000000e+00 0.000000e+00 9.898462e+09 
1605 0.000000e+00 0.000000e+00 9.898394e+09 
1606 0.000000e+00 0.000000e+00 9.898391e+09 
1607 0.000000e+00 0.000000e+00 9.898504e+09 
1608 0.000000e+00 0.000000e+00 9.898542e+09 
1609 0.000000e+00 0.000000e+00 9.898558e+09 
1610 0.000000e+00 0.000000e+00 9.898452e+09 
1611 0.000000e+00 0.000000e+00 9.898507e+09 
1612 0.000000e+00 0.000000e+00 9.898575e+09 
1613 0.000000e+00 0.000000e+00 9.898410e+09 
1614 0.000000e+00 0.000000e+00 9.898447e+09 
1615 0.000000e+00 0.000000e+00 9.898493e+09 
1616 0.000000e+00 0.000000e+00 9.898480e+09 
1617 0.000000e+00 0.000000e+00 9.898511e+09 
1618 0.000000e+00 0.000000e+00 9.898476e+09 
1619 0.000000e+00 0.000000e+00 9.898555e+09 
1620 0.000000e+00 0.000000e+00 9.898693e+09 
1621 0.000000e+00 0.000000e+00 9.898588e+09 
1622 0.000000e+00 0.000000e+00 9.898421e+09 
1623 0.000000e+00 0.000000e+00 9.898466e+09 
1624 0.000000e+00 0.000000e+00 9.898491e+09 
1625 0.000000e+00 0.000000e+00 9.898494e+09 
1626 0.000000e+00 0.000000e+00 9.898554e+09 
1627 0.000000e+00 0.000000e+00 9.898465e+09 
1628 0.000000e+00 0.000000e+00 9.898570e+09 
1629 0.000000e+00 0.000000e+00 9.898470e+09 
1630 0.000000e+00 0.000000e+00 9.898427e+09 
1631 0.000000e+00 0.000000e+00 9.898490e+09 
1632 0.000000e+00 0.000000e+00 9.898552e+09 
1633 0.000000e+00 0.000000e+00 9.898538e+09 
1634 0.000000e+00 0.000000e+00 9.898561e+09 
1635 0.000000e+00 0.000000e+00 9.898489e+09 
1636 0.000000e+00 0.000000e+00 9.898529e+09 
1637 0.000000e+00 0.000000e+00 9.898562e+09 
1638 0.000000e+00 0.000000e+00 9.898465e+09 
1639 0.000000e+00 0.000000e+00 9.898428e+09 
1640 0.000000e+00 0.000000e+00 9.898453e+09 
1641 0.000000e+00 0.000000e+00 9.898480e+09 
1642 0.000000e+00 0.000000e+00 9.898489e+09 
1643 0.000000e+00 0.000000e+00 9.898576e+09 
1644 0.000000e+00 0.000000e+00 9.898457e+09 
1645 0.000000e+00 0.000000e+00 9.898473e+09 
1646 0.000000e+00 0.000000e+00 9.898540e+09 
1647 0.000000e+00 0.000000e+00 9.898474e+09 
1648 0.000000e+00 0.000000e+00 9.898445e+09 
1649 0.000000e+00 0.000000e+00 9.898430e+09 
1650 0.000000e+00 0.000000e+00 9.898453e+09 
1651 0.000000e+00 0.000000e+00 9.898532e+09 
1652 0.000000e+00 0.000000e+00 9.898628e+09 
1653 0.000000e+00 0.000000e+00 9.898473e+09 
1654 0.000000e+00 0.000000e+00 9.898440e+09 
1655 0.000000e+00 0.000000e+00 9.898465e+09 
1656 0.000000e+00 0.000000e+00 9.898480e+09 
1657 0.000000e+00 0.000000e+00 9.898492e+09 
1658 0.000000e+00 0.000000e+00 9.898467e+09 
1659 0.000000e+00 0.000000e+00 9.898480e+09 
1660 0.000000e+00 0.000000e+00 9.898419e+09 
1661 0.000000e+00 0.000000e+00 9.898552e+09 
1662 0.000000e+00 0.000000e+00 9.898432e+09 
1663 0.000000e+00 0.000000e+00 9.898472e+09 
1664 0.000000e+00 0.000000e+00 9.898508e+09 
1665 0.000000e+00 0.000000e+00 9.898427e+09 
1666 0.000000e+00 0.000000e+00 9.898432e+09 
1667 0.000000e+00 0.000000e+00 9.898476e+09 
1668 0.000000e+00 0.000000e+00 9.898404e+09 
1669 0.000000e+00 0.000000e+00 9.898552e+09 
1670 0.000000e+00 0.000000e+00 9.898471e+09 
1671 0.000000e+00 0.000000e+00 9.898457e+09 
1672 0.000000e+00 0.000000e+00 9.898503e+09 
1673 0.000000e+00 0.000000e+00 9.898558e+09 
1674 0.000000e+00 0.000000e+00 9.898478e+09 
1675 0.000000e+00 0.000000e+00 9.898457e+09 
1676 0.000000e+00 0.000000e+00 9.898493e+09 
1677 0.000000e+00 0.000000e+00 9.898447e+09 
1678 0.000000e+00 0.000000e+00 9.898499e+09 
1679 0.000000e+00 0.000000e+00 9.898422e+09 
1680 0.000000e+00 0.000000e+00 9.898477e+09 
1681 0.000000e+00 0.000000e+00 9.898529e+09 
1682 0.000000e+00 0.000000e+00 9.898428e+09 
1683 0.000000e+00 0.000000e+00 9.898419e+09 
1684 0.000000e+00 0.000000e+00 9.898419e+09 
1685 0.000000e+00 0.000000e+00 9.898423e+09 
1686 0.000000e+00 0.000000e+00 9.898463e+09 
1687 0.000000e+00 0.000000e+00 9.898515e+09 
1688 0.000000e+00 0.000000e+00 9.898410e+09 
1689 0.000000e+00 0.000000e+00 9.898446e+09 
1690 0.000000e+00 0.000000e+00 9.898432e+09 
1691 0.000000e+00 0.000000e+00 9.898502e+09 
1692 0.000000e+00 0.000000e+00 9.898431e+09 
1693 0.000000e+00 0.000000e+00 9.898467e+09 
1694 0.000000e+00 0.000000e+00 9.898559e+09 
1695 0.000000e+00 0.000000e+00 9.898457e+09 
1696 0.000000e+00 0.000000e+00 9.898475e+09 
1697 0.000000e+00 0.000000e+00 9.898481e+09 
1698 0.000000e+00 0.000000e+00 9.898425e+09 
1699 0.000000e+00 0.000000e+00 9.898586e+09 
1700 0.000000e+00 0.000000e+00 9.898462e+09 
1701 0.000000e+00 0.000000e+00 9.898464e+09 
1702 0.000000e+00 0.000000e+00 9.898434e+09 
1703 0.000000e+00 0.000000e+00 9.898442e+09 
1704 0.000000e+00 0.000000e+00 9.898575e+09 
1705 0.000000e+00 0.000000e+00 9.898398e+09 
1706 0.000000e+00 0.000000e+00 9.898473e+09 
1707 0.000000e+00 0.000000e+00 9.898459e+09 
1708 0.000000e+00 0.000000e+00 9.898476e+09 
1709 0.000000e+00 0.000000e+00 9.898540e+09 
1710 0.000000e+00 0.000000e+00 9.898399e+09 
1711 0.000000e+00 0.000000e+00 9.898427e+09 
1712 0.000000e+00 0.000000e+00 9.898399e+09 
1713 0.000000e+00 0.000000e+00 9.898407e+09 
1714 0.000000e+00 0.000000e+00 9.898480e+09 
1715 0.000000e+00 0.000000e+00 9.898490e+09 
1716 0.000000e+00 0.000000e+00 9.898511e+09 
1717 0.000000e+00 0.000000e+00 9.898438e+09 
1718 0.000000e+00 0.000000e+00 9.898389e+09 
1719 0.000000e+00 0.000000e+00 9.898416e+09 
1720 0.000000e+00 0.000000e+00 9.898492e+09 
1721 0.000000e+00 0.000000e+00 9.898545e+09 
1722 0.000000e+00 0.000000e+00 9.898420e+09 
1723 0.000000e+00 0.000000e+00 9.898463e+09 
1724 0.000000e+00 0.000000e+00 9.898634e+09 
1725 0.000000e+00 0.000000e+00 9.898492e+09 
1726 0.000000e+00 0.000000e+00 9.898459e+09 
1727 0.000000e+00 0.000000e+00 9.898527e+09 
1728 0.000000e+00 0.000000e+00 9.898489e+09 
1729 0.000000e+00 0.000000e+00 9.898542e+09 
1730 0.000000e+00 0.000000e+00 9.898489e+09 
1731 0.000000e+00 0.000000e+00 9.898483e+09 
1732 0.000000e+00 0.000000e+00 9.898455e+09 
1733 0.000000e+00 0.000000e+00 9.898508e+09 
1734 0.000000e+00 0.000000e+00 9.898546e+09 
1735 0.000000e+00 0.000000e+00 9.898424e+09 
1736 0.000000e+00 0.000000e+00 9.898431e+09 
1737 0.000000e+00 0.000000e+00 9.898415e+09 
1738 0.000000e+00 0.000000e+00 9.898505e+09 
1739 0.000000e+00 0.000000e+00 9.898678e+09 
1740 0.000000e+00 0.000000e+00 9.898436e+09 
1741 0.000000e+00 0.000000e+00 9.898664e+09 
1742 0.000000e+00 0.000000e+00 9.898565e+09 
1743 0.000000e+00 0.000000e+00 9.898528e+09 
1744 0.000000e+00 0.000000e+00 9.898480e+09 
1745 0.000000e+00 0.000000e+00 9.898451e+09 
1746 0.000000e+00 0.000000e+00 9.898623e+09 
1747 0.000000e+00 0.000000e+00 9.898439e+09 
1748 0.000000e+00 0.000000e+00 9.898454e+09 
1749 0.000000e+00 0.000000e+00 9.898508e+09 
1750 0.000000e+00 0.000000e+00 9.898533e+09 
1751 0.000000e+00 0.000000e+00 9.898479e+09 
1752 0.000000e+00 0.000000e+00 9.898624e+09 
1753 0.000000e+00 0.000000e+00 9.898578e+09 
1754 0.000000e+00 0.000000e+00 9.898454e+09 
1755 0.000000e+00 0.000000e+00 9.898395e+09 
1756 0.000000e+00 0.000000e+00 9.898556e+09 
1757 0.000000e+00 0.000000e+00 9.898421e+09 
1758 0.000000e+00 0.000000e+00 9.898438e+09 
1759 0.000000e+00 0.000000e+00 9.898568e+09 
1760 0.000000e+00 0.000000e+00 9.898455e+09 
1761 0.000000e+00 0.000000e+00 9.898466e+09 
1762 0.000000e+00 0.000000e+00 9.898411e+09 
1763 0.000000e+00 0.000000e+00 9.898660e+09 
1764 0.000000e+00 0.000000e+00 9.898629e+09 
1765 0.000000e+00 0.000000e+00 9.898522e+09 
1766 0.000000e+00 0.000000e+00 9.898536e+09 
1767 0.000000e+00 0.000000e+00 9.898518e+09 
1768 0.000000e+00 0.000000e+00 9.898394e+09 
1769 0.000000e+00 0.000000e+00 9.898561e+09 
1770 0.000000e+00 0.000000e+00 9.898474e+09 
1771 0.000000e+00 0.000000e+00 9.898488e+09 
1772 0.000000e+00 0.000000e+00 9.898494e+09 
1773 0.000000e+00 0.000000e+00 9.898517e+09 
1774 0.000000e+00 0.000000e+00 9.898531e+09 
1775 0.000000e+00 0.000000e+00 9.898516e+09 
1776 0.000000e+00 0.000000e+00 9.898432e+09 
1777 0.000000e+00 0.000000e+00 9.898536e+09 
1778 0.000000e+00 0.000000e+00 9.898428e+09 
1779 0.000000e+00 0.000000e+00 9.898508e+09 
1780 0.000000e+00 0.000000e+00 9.898415e+09 
1781 0.000000e+00 0.000000e+00 9.898547e+09 
1782 0.000000e+00 0.000000e+00 9.898482e+09 
1783 0.000000e+00 0.000000e+00 9.898482e+09 
1784 0.000000e+00 0.000000e+00 9.898483e+09 
1785 0.000000e+00 0.000000e+00 9.898484e+09 
1786 0.000000e+00 0.000000e+00 9.898479e+09 
1787 0.000000e+00 0.000000e+00 9.898503e+09 
1788 0.000000e+00 0.000000e+00 9.898501e+09 
1789 0.000000e+00 0.000000e+00 9.898526e+09 
1790 0.000000e+00 0.000000e+00 9.898526e+09 
1791 0.000000e+00 0.000000e+00 9.898561e+09 
1792 0.000000e+00 0.000000e+00 9.898525e+09 
1793 0.000000e+00 0.000000e+00 9.898430e+09 
1794 0.000000e+00 0.000000e+00 9.898434e+09 
1795 0.000000e+00 0.000000e+00 9.898488e+09 
1796 0.000000e+00 0.000000e+00 9.898389e+09 
1797 0.000000e+00 0.000000e+00 9.898427e+09 
1798 0.000000e+00 0.000000e+00 9.898564e+09 
1799 0.000000e+00 0.000000e+00 9.898512e+09 
1800 0.000000e+00 0.000000e+00 9.898526e+09 
1801 0.000000e+00 0.000000e+00 9.898518e+09 
1802 0.000000e+00 0.000000e+00 9.898467e+09 
1803 0.000000e+00 0.000000e+00 9.898389e+09 
1804 0.000000e+00 0.000000e+00 9.898433e+09 
1805 0.000000e+00 0.000000e+00 9.898463e+09 
1806 0.000000e+00 0.000000e+00 9.898533e+09 
1807 0.000000e+00 0.000000e+00 9.898415e+09 
1808 0.000000e+00 0.000000e+00 9.898387e+09 
1809 0.000000e+00 0.000000e+00 9.898432e+09 
1810 0.000000e+00 0.000000e+00 9.898488e+09 
1811 0.000000e+00 0.000000e+00 9.898411e+09 
1812 0.000000e+00 0.000000e+00 9.898467e+09 
1813 0.000000e+00 0.000000e+00 9.898534e+09 
1814 0.000000e+00 0.000000e+00 9.898484e+09 
1815 0.000000e+00 0.000000e+00 9.898457e+09 
1816 0.000000e+00 0.000000e+00 9.898530e+09 
1817 0.000000e+00 0.000000e+00 9.898433e+09 
1818 0.000000e+00 0.000000e+00 9.898425e+09 
1819 0.000000e+00 0.000000e+00 9.898444e+09 
1820 0.000000e+00 0.000000e+00 9.898392e+09 
1821 0.000000e+00 0.000000e+00 9.898539e+09 
1822 0.000000e+00 0.000000e+00 9.898528e+09 
1823 0.000000e+00 0.000000e+00 9.898498e+09 
1824 0.000000e+00 0.000000e+00 9.898453e+09 
1825 0.000000e+00 0.000000e+00 9.898456e+09 
1826 0.000000e+00 0.000000e+00 9.898577e+09 
1827 0.000000e+00 0.000000e+00 9.898496e+09 
1828 0.000000e+00 0.000000e+00 9.898449e+09 
1829 0.000000e+00 0.000000e+00 9.898385e+09 
1830 0.000000e+00 0.000000e+00 9.898407e+09 
1831 0.000000e+00 0.000000e+00 9.898445e+09 
1832 0.000000e+00 0.000000e+00 9.898498e+09 
1833 0.000000e+00 0.000000e+00 9.898464e+09 
1834 0.000000e+00 0.000000e+00 9.898401e+09 
1835 0.000000e+00 0.000000e+00 9.898423e+09 
1836 0.000000e+00 0.000000e+00 9.898417e+09 
1837 0.000000e+00 0.000000e+00 9.898439e+09 
1838 0.000000e+00 0.000000e+00 9.898469e+09 
1839 0.000000e+00 0.000000e+00 9.898417e+09 
1840 0.000000e+00 0.000000e+00 9.898369e+09 
1841 0.000000e+00 0.000000e+00 9.898358e+09 
1842 0.000000e+00 0.000000e+00 9.898394e+09 
1843 0.000000e+00 0.000000e+00 9.898354e+09 
1844 0.000000e+00 0.000000e+00 9.898412e+09 
1845 0.000000e+00 0.000000e+00 9.898406e+09 
1846 0.000000e+00 0.000000e+00 9.898434e+09 
1847 0.000000e+00 0.000000e+00 9.898417e+09 
1848 0.000000e+00 0.000000e+00 9.898445e+09 
1849 0.000000e+00 0.000000e+00 9.898467e+09 
1850 0.000000e+00 0.000000e+00 9.898506e+09 
1851 0.000000e+00 0.000000e+00 9.898386e+09 
1852 0.000000e+00 0.000000e+00 9.898482e+09 
1853 0.000000e+00 0.000000e+00 9.898430e+09 
1854 0.000000e+00 0.000000e+00 9.898436e+09 
1855 0.000000e+00 0.000000e+00 9.898518e+09 
1856 0.000000e+00 0.000000e+00 9.898419e+09 
1857 0.000000e+00 0.000000e+00 9.898412e+09 
1858 0.000000e+00 0.000000e+00 9.898440e+09 
1859 0.000000e+00 0.000000e+00 9.898502e+09 
1860 0.000000e+00 0.000000e+00 9.898463e+09 
1861 0.000000e+00 0.000000e+00 9.898508e+09 
1862 0.000000e+00 0.000000e+00 9.898437e+09 
1863 0.000000e+00 0.000000e+00 9.898506e+09 
1864 0.000000e+00 0.000000e+00 9.898541e+09 
1865 0.000000e+00 0.000000e+00 9.898402e+09 
1866 0.000000e+00 0.000000e+00 9.898455e+09 
1867 0.000000e+00 0.000000e+00 9.898466e+09 
1868 0.000000e+00 0.000000e+00 9.898449e+09 
1869 0.000000e+00 0.000000e+00 9.898442e+09 
1870 0.000000e+00 0.000000e+00 9.898374e+09 
1871 0.000000e+00 0.000000e+00 9.898393e+09 
1872 0.000000e+00 0.000000e+00 9.898402e+09 
1873 0.000000e+00 0.000000e+00 9.898361e+09 
1874 0.000000e+00 0.000000e+00 9.898447e+09 
1875 0.000000e+00 0.000000e+00 9.898514e+09 
1876 0.000000e+00 0.000000e+00 9.898416e+09 
1877 0.000000e+00 0.000000e+00 9.898401e+09 
1878 0.000000e+00 0.000000e+00 9.898417e+09 
1879 0.000000e+00 0.000000e+00 9.898491e+09 
1880 0.000000e+00 0.000000e+00 9.898512e+09 
1881 0.000000e+00 0.000000e+00 9.898419e+09 
1882 0.000000e+00 0.000000e+00 9.898439e+09 
1883 0.000000e+00 0.000000e+00 9.898467e+09 
1884 0.000000e+00 0.000000e+00 9.898503e+09 
1885 0.000000e+00 0.000000e+00 9.898472e+09 
1886 0.000000e+00 0.000000e+00 9.898577e+09 
1887 0.000000e+00 0.000000e+00 9.898531e+09 
1888 0.000000e+00 0.000000e+00 9.898643e+09 
1889 0.000000e+00 0.000000e+00 9.898522e+09 
1890 0.000000e+00 0.000000e+00 9.898522e+09 
1891 0.000000e+00 0.000000e+00 9.898506e+09 
1892 0.000000e+00 0.000000e+00 9.898588e+09 
1893 0.000000e+00 0.000000e+00 9.898418e+09 
1894 0.000000e+00 0.000000e+00 9.898460e+09 
1895 0.000000e+00 0.000000e+00 9.898567e+09 
1896 0.000000e+00 0.000000e+00 9.898452e+09 
1897 0.000000e+00 0.000000e+00 9.898515e+09 
1898 0.000000e+00 0.000000e+00 9.898529e+09 
1899 0.000000e+00 0.000000e+00 9.898585e+09 
1900 0.000000e+00 0.000000e+00 9.898522e+09 
1901 0.000000e+00 0.000000e+00 9.898432e+09 
1902 0.000000e+00 0.000000e+00 9.898378e+09 
1903 0.000000e+00 0.000000e+00 9.898488e+09 
1904 0.000000e+00 0.000000e+00 9.898530e+09 
1905 0.000000e+00 0.000000e+00 9.898454e+09 
1906 0.000000e+00 0.000000e+00 9.898521e+09 
1907 0.000000e+00 0.000000e+00 9.898510e+09 
1908 0.000000e+00 0.000000e+00 9.898591e+09 
1909 0.000000e+00 0.000000e+00 9.898462e+09 
1910 0.000000e+00 0.000000e+00 9.898523e+09 
1911 0.000000e+00 0.000000e+00 9.898559e+09 
1912 0.000000e+00 0.000000e+00 9.898465e+09 
1913 0.000000e+00 0.000000e+00 9.898534e+09 
1914 0.000000e+00 0.000000e+00 9.898520e+09 
1915 0.000000e+00 0.000000e+00 9.898473e+09 
1916 0.000000e+00 0.000000e+00 9.898461e+09 
1917 0.000000e+00 0.000000e+00 9.898470e+09 
1918 0.000000e+00 0.000000e+00 9.898467e+09 
1919 0.000000e+00 0.000000e+00 9.898576e+09 
1920 0.000000e+00 0.000000e+00 9.898426e+09 
1921 0.000000e+00 0.000000e+00 9.898501e+09 
1922 0.000000e+00 0.000000e+00 9.898502e+09 
1923 0.000000e+00 0.000000e+00 9.898540e+09 
1924 0.000000e+00 0.000000e+00 9.898441e+09 
1925 0.000000e+00 0.000000e+00 9.898449e+09 
1926 0.000000e+00 0.000000e+00 9.898396e+09 
1927 0.000000e+00 0.000000e+00 9.898432e+09 
1928 0.000000e+00 0.000000e+00 9.898453e+09 
1929 0.000000e+00 0.000000e+00 9.898467e+09 
1930 0.000000e+00 0.000000e+00 9.898414e+09 
1931 0.000000e+00 0.000000e+00 9.898404e+09 
1932 0.000000e+00 0.000000e+00 9.898403e+09 
1933 0.000000e+00 0.000000e+00 9.898398e+09 
1934 0.000000e+00 0.000000e+00 9.898372e+09 
1935 0.000000e+00 0.000000e+00 9.898408e+09 
1936 0.000000e+00 0.000000e+00 9.898450e+09 
1937 0.000000e+00 0.000000e+00 9.898435e+09 
1938 0.000000e+00 0.000000e+00 9.898413e+09 
1939 0.000000e+00 0.000000e+00 9.898491e+09 
1940 0.000000e+00 0.000000e+00 9.898451e+09 
1941 0.000000e+00 0.000000e+00 9.898486e+09 
1942 0.000000e+00 0.000000e+00 9.898401e+09 
1943 0.000000e+00 0.000000e+00 9.898444e+09 
1944 0.000000e+00 0.000000e+00 9.898549e+09 
1945 0.000000e+00 0.000000e+00 9.898478e+09 
1946 0.000000e+00 0.000000e+00 9.898409e+09 
1947 0.000000e+00 0.000000e+00 9.898400e+09 
1948 0.000000e+00 0.000000e+00 9.898462e+09 
1949 0.000000e+00 0.000000e+00 9.898461e+09 
1950 0.000000e+00 0.000000e+00 9.898535e+09 
1951 0.000000e+00 0.000000e+00 9.898541e+09 
1952 0.000000e+00 0.000000e+00 9.898480e+09 
1953 0.000000e+00 0.000000e+00 9.898437e+09 
1954 0.000000e+00 0.000000e+00 9.898415e+09 
1955 0.000000e+00 0.000000e+00 9.898419e+09 
1956 0.000000e+00 0.000000e+00 9.898413e+09 
1957 0.000000e+00 0.000000e+00 9.898396e+09 
1958 0.000000e+00 0.000000e+00 9.898436e+09 
1959 0.000000e+00 0.000000e+00 9.898438e+09 
1960 0.000000e+00 0.000000e+00 9.898492e+09 
1961 0.000000e+00 0.000000e+00 9.898441e+09 
1962 0.000000e+00 0.000000e+00 9.898435e+09 
1963 0.000000e+00 0.000000e+00 9.898438e+09 
1964 0.000000e+00 0.000000e+00 9.898452e+09 
1965 0.000000e+00 0.000000e+00 9.898453e+09 
1966 0.000000e+00 0.000000e+00 9.898491e+09 
1967 0.000000e+00 0.000000e+00 9.898515e+09 
1968 0.000000e+00 0.000000e+00 9.898520e+09 
1969 0.000000e+00 0.000000e+00 9.898465e+09 
1970 0.000000e+00 0.000000e+00 9.898489e+09 
1971 0.000000e+00 0.000000e+00 9.898472e+09 
1972 0.000000e+00 0.000000e+00 9.898425e+09 
1973 0.000000e+00 0.000000e+00 9.898420e+09 
1974 0.000000e+00 0.000000e+00 9.898441e+09 
1975 0.000000e+00 0.000000e+00 9.898451e+09 
1976 0.000000e+00 0.000000e+00 9.898498e+09 
1977 0.000000e+00 0.000000e+00 9.898450e+09 
1978 0.000000e+00 0.000000e+00 9.898406e+09 
1979 0.000000e+00 0.000000e+00 9.898454e+09 
1980 0.000000e+00 0.000000e+00 9.898410e+09 
1981 0.000000e+00 0.000000e+00 9.898459e+09 
1982 0.000000e+00 0.000000e+00 9.898439e+09 
1983 0.000000e+00 0.000000e+00 9.898503e+09 
1984 0.000000e+00 0.000000e+00 9.898476e+09 
1985 0.000000e+00 0.000000e+00 9.898382e+09 
1986 0.000000e+00 0.000000e+00 9.898413e+09 
1987 0.000000e+00 0.000000e+00 9.898378e+09 
1988 0.000000e+00 0.000000e+00 9.898477e+09 
1989 0.000000e+00 0.000000e+00 9.898472e+09 
1990 0.000000e+00 0.000000e+00 9.898452e+09 
1991 0.000000e+00 0.000000e+00 9.898479e+09 
1992 0.000000e+00 0.000000e+00 9.898397e+09 
1993 0.000000e+00 0.000000e+00 9.898538e+09 
1994 0.000000e+00 0.000000e+00 9.898424e+09 
1995 0.000000e+00 0.000000e+00 9.898416e+09 
1996 0.000000e+00 0.000000e+00 9.898439e+09 
1997 0.000000e+00 0.000000e+00 9.898483e+09 
1998 0.000000e+00 0.000000e+00 9.898463e+09 
1999 0.000000e+00 0.000000e+00 9.898450e+09 
2000 0.000000e+00 0.000000e+00 9.898504e+09 
2001 0.000000e+00 0.000000e+00 9.898518e+09 
2002 0.000000e+00 0.000000e+00 9.898524e+09 
2003 0.000000e+00 0.000000e+00 9.898418e+09 
2004 0.000000e+00 0.000000e+00 9.898424e+09 
2005 0.000000e+00 0.000000e+00 9.898464e+09 
2006 0.000000e+00 0.000000e+00 9.898495e+09 
2007 0.000000e+00 0.000000e+00 9.898390e+09 
2008 0.000000e+00 0.000000e+00 9.898420e+09 
2009 0.000000e+00 0.000000e+00 9.898422e+09 
2010 0.000000e+00 0.000000e+00 9.898440e+09 
2011 0.000000e+00 0.000000e+00 9.898381e+09 
2012 0.000000e+00 0.000000e+00 9.898400e+09 
2013 0.000000e+00 0.000000e+00 9.898386e+09 
2014 0.000000e+00 0.000000e+00 9.898369e+09 
2015 0.000000e+00 0.000000e+00 9.898387e+09 
2016 0.000000e+00 0.000000e+00 9.898427e+09 
2017 0.000000e+00 0.000000e+00 9.898447e+09 
2018 0.000000e+00 0.000000e+00 9.898364e+09 
2019 0.000000e+00 0.000000e+00 9.898427e+09 
2020 0.000000e+00 0.000000e+00 9.898409e+09 
2021 0.000000e+00 0.000000e+00 9.898430e+09 
2022 0.000000e+00 0.000000e+00 9.898438e+09 
2023 0.000000e+00 0.000000e+00 9.898444e+09 
2024 0.000000e+00 0.000000e+00 9.898436e+09 
2025 0.000000e+00 0.000000e+00 9.898410e+09 
2026 0.000000e+00 0.000000e+00 9.898431e+09 
2027 0.000000e+00 0.000000e+00 9.898407e+09 
2028 0.000000e+00 0.000000e+00 9.898553e+09 
2029 0.000000e+00 0.000000e+00 9.898510e+09 
2030 0.000000e+00 0.000000e+00 9.898435e+09 
2031 0.000000e+00 0.000000e+00 9.898453e+09 
2032 0.000000e+00 0.000000e+00 9.898536e+09 
2033 0.000000e+00 0.000000e+00 9.898442e+09 
2034 0.000000e+00 0.000000e+00 9.898454e+09 
2035 0.000000e+00 0.000000e+00 9.898475e+09 
2036 0.000000e+00 0.000000e+00 9.898406e+09 
2037 0.000000e+00 0.000000e+00 9.898461e+09 
2038 0.000000e+00 0.000000e+00 9.898465e+09 
2039 0.000000e+00 0.000000e+00 9.898405e+09 
2040 0.000000e+00 0.000000e+00 9.898586e+09 
2041 0.000000e+00 0.000000e+00 9.898547e+09 
2042 0.000000e+00 0.000000e+00 9.898451e+09 
2043 0.000000e+00 0.000000e+00 9.898479e+09 
2044 0.000000e+00 0.000000e+00 9.898468e+09 
2045 0.000000e+00 0.000000e+00 9.898464e+09 
2046 0.000000e+00 0.000000e+00 9.898477e+09 
2047 0.000000e+00 0.000000e+00 9.898381e+09 
2048 0.000000e+00 0.000000e+00 9.898534e+09 
2049 0.000000e+00 0.000000e+00 9.898499e+09 
2050 0.000000e+00 0.000000e+00 9.898568e+09 
2051 0.000000e+00 0.000000e+00 9.898418e+09 
2052 0.000000e+00 0.000000e+00 9.898511e+09 
2053 0.000000e+00 0.000000e+00 9.898411e+09 
2054 0.000000e+00 0.000000e+00 9.898457e+09 
2055 0.000000e+00 0.000000e+00 9.898439e+09 
2056 0.000000e+00 0.000000e+00 9.898453e+09 
2057 0.000000e+00 0.000000e+00 9.898407e+09 
2058 0.000000e+00 0.000000e+00 9.898583e+09 
2059 0.000000e+00 0.000000e+00 9.898549e+09 
2060 0.000000e+00 0.000000e+00 9.898520e+09 
2061 0.000000e+00 0.000000e+00 9.898509e+09 
2062 0.000000e+00 0.000000e+00 9.898438e+09 
2063 0.000000e+00 0.000000e+00 9.898439e+09 
2064 0.000000e+00 0.000000e+00 9.898409e+09 
2065 0.000000e+00 0.000000e+00 9.898553e+09 
2066 0.000000e+00 0.000000e+00 9.898400e+09 
2067 0.000000e+00 0.000000e+00 9.898453e+09 
2068 0.000000e+00 0.000000e+00 9.898531e+09 
2069 0.000000e+00 0.000000e+00 9.898402e+09 
2070 0.000000e+00 0.000000e+00 9.898458e+09 
2071 0.000000e+00 0.000000e+00 9.898393e+09 
2072 0.000000e+00 0.000000e+00 9.898449e+09 
2073 0.000000e+00 0.000000e+00 9.898490e+09 
2074 0.000000e+00 0.000000e+00 9.898448e+09 
2075 0.000000e+00 0.000000e+00 9.898507e+09 
2076 0.000000e+00 0.000000e+00 9.898469e+09 
2077 0.000000e+00 0.000000e+00 9.898573e+09 
2078 0.000000e+00 0.000000e+00 9.898448e+09 
2079 0.000000e+00 0.000000e+00 9.898487e+09 
2080 0.000000e+00 0.000000e+00 9.898469e+09 
2081 0.000000e+00 0.000000e+00 9.898410e+09 
2082 0.000000e+00 0.000000e+00 9.898468e+09 
2083 0.000000e+00 0.000000e+00 9.898454e+09 
2084 0.000000e+00 0.000000e+00 9.898519e+09 
2085 0.000000e+00 0.000000e+00 9.898459e+09 
2086 0.000000e+00 0.000000e+00 9.898392e+09 
2087 0.000000e+00 0.000000e+00 9.898477e+09 
2088 0.000000e+00 0.000000e+00 9.898547e+09 
2089 0.000000e+00 0.000000e+00 9.898395e+09 
2090 0.000000e+00 0.000000e+00 9.898405e+09 
2091 0.000000e+00 0.000000e+00 9.898421e+09 
2092 0.000000e+00 0.000000e+00 9.898352e+09 
2093 0.000000e+00 0.000000e+00 9.898450e+09 
2094 0.000000e+00 0.000000e+00 9.898485e+09 
2095 0.000000e+00 0.000000e+00 9.898442e+09 
2096 0.000000e+00 0.000000e+00 9.898416e+09 
2097 0.000000e+00 0.000000e+00 9.898455e+09 
2098 0.000000e+00 0.000000e+00 9.898371e+09 
2099 0.000000e+00 0.000000e+00 9.898404e+09 
2100 0.000000e+00 0.000000e+00 9.898435e+09 
2101 0.000000e+00 0.000000e+00 9.898395e+09 
2102 0.000000e+00 0.000000e+00 9.898436e+09 
2103 0.000000e+00 0.000000e+00 9.898496e+09 
2104 0.000000e+00 0.000000e+00 9.898510e+09 
2105 0.000000e+00 0.000000e+00 9.898487e+09 
2106 0.000000e+00 0.000000e+00 9.898421e+09 
2107 0.000000e+00 0.000000e+00 9.898449e+09 
2108 0.000000e+00 0.000000e+00 9.898405e+09 
2109 0.000000e+00 0.000000e+00 9.898519e+09 
2110 0.000000e+00 0.000000e+00 9.898571e+09 
2111 0.000000e+00 0.000000e+00 9.898484e+09 
2112 0.000000e+00 0.000000e+00 9.898455e+09 
2113 0.000000e+00 0.000000e+00 9.898494e+09 
2114 0.000000e+00 0.000000e+00 9.898449e+09 
2115 0.000000e+00 0.000000e+00 9.898410e+09 
2116 0.000000e+00 0.000000e+00 9.898454e+09 
2117 0.000000e+00 0.000000e+00 9.898433e+09 
2118 0.000000e+00 0.000000e+00 9.898473e+09 
2119 0.000000e+00 0.000000e+00 9.898483e+09 
2120 0.000000e+00 0.000000e+00 9.898415e+09 
2121 0.000000e+00 0.000000e+00 9.898507e+09 
2122 0.000000e+00 0.000000e+00 9.898395e+09 
2123 0.000000e+00 0.000000e+00 9.898456e+09 
2124 0.000000e+00 0.000000e+00 9.898547e+09 
2125 0.000000e+00 0.000000e+00 9.898509e+09 
2126 0.000000e+00 0.000000e+00 9.898459e+09 
2127 0.000000e+00 0.000000e+00 9.898545e+09 
2128 0.000000e+00 0.000000e+00 9.898451e+09 
2129 0.000000e+00 0.000000e+00 9.898421e+09 
2130 0.000000e+00 0.000000e+00 9.898463e+09 
2131 0.000000e+00 0.000000e+00 9.898387e+09 
2132 0.000000e+00 0.000000e+00 9.898552e+09 
2133 0.000000e+00 0.000000e+00 9.898419e+09 
2134 0.000000e+00 0.000000e+00 9.898399e+09 
2135 0.000000e+00 0.000000e+00 9.898427e+09 
2136 0.000000e+00 0.000000e+00 9.898422e+09 
2137 0.000000e+00 0.000000e+00 9.898448e+09 
2138 0.000000e+00 0.000000e+00 9.898413e+09 
2139 0.000000e+00 0.000000e+00 9.898445e+09 
2140 0.000000e+00 0.000000e+00 9.898516e+09 
2141 0.000000e+00 0.000000e+00 9.898455e+09 
2142 0.000000e+00 0.000000e+00 9.898566e+09 
2143 0.000000e+00 0.000000e+00 9.898510e+09 
2144 0.000000e+00 0.000000e+00 9.898488e+09 
2145 0.000000e+00 0.000000e+00 9.898518e+09 
2146 0.000000e+00 0.000000e+00 9.898440e+09 
2147 0.000000e+00 0.000000e+00 9.898432e+09 
2148 0.000000e+00 0.000000e+00 9.898443e+09 
2149 0.000000e+00 0.000000e+00 9.898505e+09 
2150 0.000000e+00 0.000000e+00 9.898484e+09 
2151 0.000000e+00 0.000000e+00 9.898573e+09 
2152 0.000000e+00 0.000000e+00 9.898404e+09 
2153 0.000000e+00 0.000000e+00 9.898525e+09 
2154 0.000000e+00 0.000000e+00 9.898408e+09 
2155 0.000000e+00 0.000000e+00 9.898390e+09 
2156 0.000000e+00 0.000000e+00 9.898531e+09 
2157 0.000000e+00 0.000000e+00 9.898480e+09 
2158 0.000000e+00 0.000000e+00 9.898433e+09 
2159 0.000000e+00 0.000000e+00 9.898472e+09 
2160 0.000000e+00 0.000000e+00 9.898454e+09 
2161 0.000000e+00 0.000000e+00 9.898424e+09 
2162 0.000000e+00 0.000000e+00 9.898435e+09 
2163 0.000000e+00 0.000000e+00 9.898431e+09 
2164 0.000000e+00 0.000000e+00 9.898405e+09 
2165 0.000000e+00 0.000000e+00 9.898517e+09 
2166 0.000000e+00 0.000000e+00 9.898416e+09 
2167 0.000000e+00 0.000000e+00 9.898364e+09 
2168 0.000000e+00 0.000000e+00 9.898465e+09 
2169 0.000000e+00 0.000000e+00 9.898591e+09 
2170 0.000000e+00 0.000000e+00 9.898486e+09 
2171 0.000000e+00 0.000000e+00 9.898453e+09 
2172 0.000000e+00 0.000000e+00 9.898431e+09 
2173 0.000000e+00 0.000000e+00 9.898474e+09 
2174 0.000000e+00 0.000000e+00 9.898454e+09 
2175 0.000000e+00 0.000000e+00 9.898402e+09 
2176 0.000000e+00 0.000000e+00 9.898417e+09 
2177 0.000000e+00 0.000000e+00 9.898458e+09 
2178 0.000000e+00 0.000000e+00 9.898440e+09 
2179 0.000000e+00 0.000000e+00 9.898510e+09 
2180 0.000000e+00 0.000000e+00 9.898401e+09 
2181 0.000000e+00 0.000000e+00 9.898443e+09 
2182 0.000000e+00 0.000000e+00 9.898379e+09 
2183 0.000000e+00 0.000000e+00 9.898463e+09 
2184 0.000000e+00 0.000000e+00 9.898436e+09 
2185 0.000000e+00 0.000000e+00 9.898407e+09 
2186 0.000000e+00 0.000000e+00 9.898503e+09 
2187 0.000000e+00 0.000000e+00 9.898565e+09 
2188 0.000000e+00 0.000000e+00 9.898481e+09 
2189 0.000000e+00 0.000000e+00 9.898441e+09 
2190 0.000000e+00 0.000000e+00 9.898580e+09 
2191 0.000000e+00 0.000000e+00 9.898514e+09 
2192 0.000000e+00 0.000000e+00 9.898435e+09 
2193 0.000000e+00 0.000000e+00 9.898568e+09 
2194 0.000000e+00 0.000000e+00 9.898466e+09 
2195 0.000000e+00 0.000000e+00 9.898607e+09 
2196 0.000000e+00 0.000000e+00 9.898479e+09 
2197 0.000000e+00 0.000000e+00 9.898441e+09 
2198 0.000000e+00 0.000000e+00 9.898432e+09 
2199 0.000000e+00 0.000000e+00 9.898466e+09 
2200 0.000000e+00 0.000000e+00 9.898429e+09 
2201 0.000000e+00 0.000000e+00 9.898477e+09 
2202 0.000000e+00 0.000000e+00 9.898436e+09 
2203 0.000000e+00 0.000000e+00 9.898527e+09 
2204 0.000000e+00 0.000000e+00 9.898467e+09 
2205 0.000000e+00 0.000000e+00 9.898490e+09 
2206 0.000000e+00 0.000000e+00 9.898504e+09 
2207 0.000000e+00 0.000000e+00 9.898562e+09 
2208 0.000000e+00 0.000000e+00 9.898488e+09 
2209 0.000000e+00 0.000000e+00 9.898502e+09 
2210 0.000000e+00 0.000000e+00 9.898444e+09 
2211 0.000000e+00 0.000000e+00 9.898590e+09 
2212 0.000000e+00 0.000000e+00 9.898435e+09 
2213 0.000000e+00 0.000000e+00 9.898509e+09 
2214 0.000000e+00 0.000000e+00 9.898504e+09 
2215 0.000000e+00 0.000000e+00 9.898460e+09 
2216 0.000000e+00 0.000000e+00 9.898483e+09 
2217 0.000000e+00 0.000000e+00 9.898454e+09 
2218 0.000000e+00 0.000000e+00 9.898434e+09 
2219 0.000000e+00 0.000000e+00 9.898459e+09 
2220 0.000000e+00 0.000000e+00 9.898399e+09 
2221 0.000000e+00 0.000000e+00 9.898437e+09 
2222 0.000000e+00 0.000000e+00 9.898394e+09 
2223 0.000000e+00 0.000000e+00 9.898398e+09 
2224 0.000000e+00 0.000000e+00 9.898416e+09 
2225 0.000000e+00 0.000000e+00 9.898418e+09 
2226 0.000000e+00 0.000000e+00 9.898483e+09 
2227 0.000000e+00 0.000000e+00 9.898414e+09 
2228 0.000000e+00 0.000000e+00 9.898425e+09 
2229 0.000000e+00 0.000000e+00 9.898496e+09 
2230 0.000000e+00 0.000000e+00 9.898437e+09 
2231 0.000000e+00 0.000000e+00 9.898547e+09 
2232 0.000000e+00 0.000000e+00 9.898423e+09 
2233 0.000000e+00 0.000000e+00 9.898454e+09 
2234 0.000000e+00 0.000000e+00 9.898448e+09 
2235 0.000000e+00 0.000000e+00 9.898436e+09 
2236 0.000000e+00 0.000000e+00 9.898432e+09 
2237 0.000000e+00 0.000000e+00 9.898423e+09 
2238 0.000000e+00 0.000000e+00 9.898434e+09 
2239 0.000000e+00 0.000000e+00 9.898384e+09 
2240 0.000000e+00 0.000000e+00 9.898423e+09 
2241 0.000000e+00 0.000000e+00 9.898383e+09 
2242 0.000000e+00 0.000000e+00 9.898479e+09 
2243 0.000000e+00 0.000000e+00 9.898417e+09 
2244 0.000000e+00 0.000000e+00 9.898454e+09 
2245 0.000000e+00 0.000000e+00 9.898544e+09 
2246 0.000000e+00 0.000000e+00 9.898488e+09 
2247 0.000000e+00 0.000000e+00 9.898484e+09 
2248 0.000000e+00 0.000000e+00 9.898471e+09 
2249 0.000000e+00 0.000000e+00 9.898402e+09 
2250 0.000000e+00 0.000000e+00 9.898438e+09 
2251 0.000000e+00 0.000000e+00 9.898443e+09 
2252 0.000000e+00 0.000000e+00 9.898472e+09 
2253 0.000000e+00 0.000000e+00 9.898481e+09 
2254 0.000000e+00 0.000000e+00 9.898475e+09 
2255 0.000000e+00 0.000000e+00 9.898463e+09 
2256 0.000000e+00 0.000000e+00 9.898460e+09 
2257 0.000000e+00 0.000000e+00 9.898462e+09 
2258 0.000000e+00 0.000000e+00 9.898457e+09 
2259 0.000000e+00 0.000000e+00 9.898426e+09 
2260 0.000000e+00 0.000000e+00 9.898408e+09 
2261 0.000000e+00 0.000000e+00 9.898466e+09 
2262 0.000000e+00 0.000000e+00 9.898409e+09 
2263 0.000000e+00 0.000000e+00 9.898369e+09 
2264 0.000000e+00 0.000000e+00 9.898505e+09 
2265 0.000000e+00 0.000000e+00 9.898494e+09 
2266 0.000000e+00 0.000000e+00 9.898550e+09 
2267 0.000000e+00 0.000000e+00 9.898471e+09 
2268 0.000000e+00 0.000000e+00 9.898507e+09 
2269 0.000000e+00 0.000000e+00 9.898503e+09 
2270 0.000000e+00 0.000000e+00 9.898452e+09 
2271 0.000000e+00 0.000000e+00 9.898596e+09 
2272 0.000000e+00 0.000000e+00 9.898469e+09 
2273 0.000000e+00 0.000000e+00 9.898463e+09 
2274 0.000000e+00 0.000000e+00 9.898425e+09 
2275 0.000000e+00 0.000000e+00 9.898514e+09 
2276 0.000000e+00 0.000000e+00 9.898495e+09 
2277 0.000000e+00 0.000000e+00 9.898458e+09 
2278 0.000000e+00 0.000000e+00 9.898644e+09 
2279 0.000000e+00 0.000000e+00 9.898611e+09 
2280 0.000000e+00 0.000000e+00 9.898584e+09 
2281 0.000000e+00 0.000000e+00 9.898429e+09 
2282 0.000000e+00 0.000000e+00 9.898510e+09 
2283 0.000000e+00 0.000000e+00 9.898459e+09 
2284 0.000000e+00 0.000000e+00 9.898455e+09 
2285 0.000000e+00 0.000000e+00 9.898471e+09 
2286 0.000000e+00 0.000000e+00 9.898462e+09 
2287 0.000000e+00 0.000000e+00 9.898506e+09 
2288 0.000000e+00 0.000000e+00 9.898481e+09 
2289 0.000000e+00 0.000000e+00 9.898468e+09 
2290 0.000000e+00 0.000000e+00 9.898575e+09 
2291 0.000000e+00 0.000000e+00 9.898451e+09 
2292 0.000000e+00 0.000000e+00 9.898471e+09 
2293 0.000000e+00 0.000000e+00 9.898514e+09 
2294 0.000000e+00 0.000000e+00 9.898423e+09 
2295 0.000000e+00 0.000000e+00 9.898479e+09 
2296 0.000000e+00 0.000000e+00 9.898480e+09 
2297 0.000000e+00 0.000000e+00 9.898434e+09 
2298 0.000000e+00 0.000000e+00 9.898504e+09 
2299 0.000000e+00 0.000000e+00 9.898426e+09 
2300 0.000000e+00 0.000000e+00 9.898480e+09 
2301 0.000000e+00 0.000000e+00 9.898487e+09 
2302 0.000000e+00 0.000000e+00 9.898492e+09 
2303 0.000000e+00 0.000000e+00 9.898396e+09 
2304 0.000000e+00 0.000000e+00 9.898513e+09 
2305 0.000000e+00 0.000000e+00 9.898463e+09 
2306 0.000000e+00 0.000000e+00 9.898496e+09 
2307 0.000000e+00 0.000000e+00 9.898424e+09 
2308 0.000000e+00 0.000000e+00 9.898406e+09 
2309 0.000000e+00 0.000000e+00 9.898408e+09 
2310 0.000000e+00 0.000000e+00 9.898420e+09 
2311 0.000000e+00 0.000000e+00 9.898523e+09 
2312 0.000000e+00 0.000000e+00 9.898544e+09 
2313 0.000000e+00 0.000000e+00 9.898404e+09 
2314 0.000000e+00 0.000000e+00 9.898422e+09 
2315 0.000000e+00 0.000000e+00 9.898401e+09 
2316 0.000000e+00 0.000000e+00 9.898470e+09 
2317 0.000000e+00 0.000000e+00 9.898414e+09 
2318 0.000000e+00 0.000000e+00 9.898462e+09 
2319 0.000000e+00 0.000000e+00 9.898398e+09 
2320 0.000000e+00 0.000000e+00 9.898475e+09 
2321 0.000000e+00 0.000000e+00 9.898430e+09 
2322 0.000000e+00 0.000000e+00 9.898474e+09 
2323 0.000000e+00 0.000000e+00 9.898585e+09 
2324 0.000000e+00 0.000000e+00 9.898437e+09 
2325 0.000000e+00 0.000000e+00 9.898553e+09 
2326 0.000000e+00 0.000000e+00 9.898583e+09 
2327 0.000000e+00 0.000000e+00 9.898463e+09 
2328 0.000000e+00 0.000000e+00 9.898409e+09 
2329 0.000000e+00 0.000000e+00 9.898490e+09 
2330 0.000000e+00 0.000000e+00 9.898438e+09 
2331 0.000000e+00 0.000000e+00 9.898482e+09 
2332 0.000000e+00 0.000000e+00 9.898552e+09 
2333 0.000000e+00 0.000000e+00 9.898462e+09 
2334 0.000000e+00 0.000000e+00 9.898456e+09 
2335 0.000000e+00 0.000000e+00 9.898410e+09 
2336 0.000000e+00 0.000000e+00 9.898401e+09 
2337 0.000000e+00 0.000000e+00 9.898528e+09 
2338 0.000000e+00 0.000000e+00 9.898433e+09 
2339 0.000000e+00 0.000000e+00 9.898451e+09 
2340 0.000000e+00 0.000000e+00 9.898548e+09 
2341 0.000000e+00 0.000000e+00 9.898405e+09 
2342 0.000000e+00 0.000000e+00 9.898596e+09 
2343 0.000000e+00 0.000000e+00 9.898404e+09 
2344 0.000000e+00 0.000000e+00 9.898549e+09 
2345 0.000000e+00 0.000000e+00 9.898455e+09 
2346 0.000000e+00 0.000000e+00 9.898446e+09 
2347 0.000000e+00 0.000000e+00 9.898452e+09 
2348 0.000000e+00 0.000000e+00 9.898475e+09 
2349 0.000000e+00 0.000000e+00 9.898458e+09 
2350 0.000000e+00 0.000000e+00 9.898462e+09 
2351 0.000000e+00 0.000000e+00 9.898409e+09 
2352 0.000000e+00 0.000000e+00 9.898449e+09 
2353 0.000000e+00 0.000000e+00 9.898440e+09 
2354 0.000000e+00 0.000000e+00 9.898468e+09 
2355 0.000000e+00 0.000000e+00 9.898456e+09 
2356 0.000000e+00 0.000000e+00 9.898533e+09 
2357 0.000000e+00 0.000000e+00 9.898487e+09 
2358 0.000000e+00 0.000000e+00 9.898466e+09 
2359 0.000000e+00 0.000000e+00 9.898458e+09 
2360 0.000000e+00 0.000000e+00 9.898466e+09 
2361 0.000000e+00 0.000000e+00 9.898513e+09 
2362 0.000000e+00 0.000000e+00 9.898481e+09 
2363 0.000000e+00 0.000000e+00 9.898420e+09 
2364 0.000000e+00 0.000000e+00 9.898483e+09 
2365 0.000000e+00 0.000000e+00 9.898482e+09 
2366 0.000000e+00 0.000000e+00 9.898556e+09 
2367 0.000000e+00 0.000000e+00 9.898516e+09 
2368 0.000000e+00 0.000000e+00 9.898415e+09 
2369 0.000000e+00 0.000000e+00 9.898507e+09 
2370 0.000000e+00 0.000000e+00 9.898422e+09 
2371 0.000000e+00 0.000000e+00 9.898420e+09 
2372 0.000000e+00 0.000000e+00 9.898489e+09 
2373 0.000000e+00 0.000000e+00 9.898455e+09 
2374 0.000000e+00 0.000000e+00 9.898409e+09 
2375 0.000000e+00 0.000000e+00 9.898419e+09 
2376 0.000000e+00 0.000000e+00 9.898489e+09 
2377 0.000000e+00 0.000000e+00 9.898556e+09 
2378 0.000000e+00 0.000000e+00 9.898498e+09 
2379 0.000000e+00 0.000000e+00 9.898463e+09 
2380 0.000000e+00 0.000000e+00 9.898465e+09 
2381 0.000000e+00 0.000000e+00 9.898518e+09 
2382 0.000000e+00 0.000000e+00 9.898492e+09 
2383 0.000000e+00 0.000000e+00 9.898514e+09 
2384 0.000000e+00 0.000000e+00 9.898402e+09 
2385 0.000000e+00 0.000000e+00 9.898462e+09 
2386 0.000000e+00 0.000000e+00 9.898527e+09 
2387 0.000000e+00 0.000000e+00 9.898414e+09 
2388 0.000000e+00 0.000000e+00 9.898397e+09 
2389 0.000000e+00 0.000000e+00 9.898487e+09 
2390 0.000000e+00 0.000000e+00 9.898477e+09 
2391 0.000000e+00 0.000000e+00 9.898448e+09 
2392 0.000000e+00 0.000000e+00 9.898411e+09 
2393 0.000000e+00 0.000000e+00 9.898409e+09 
2394 0.000000e+00 0.000000e+00 9.898545e+09 
2395 0.000000e+00 0.000000e+00 9.898422e+09 
2396 0.000000e+00 0.000000e+00 9.898390e+09 
2397 0.000000e+00 0.000000e+00 9.898466e+09 
2398 0.000000e+00 0.000000e+00 9.898395e+09 
2399 0.000000e+00 0.000000e+00 9.898466e+09 
2400 0.000000e+00 0.000000e+00 9.898441e+09 
2401 0.000000e+00 0.000000e+00 9.898377e+09 
2402 0.000000e+00 0.000000e+00 9.898496e+09 
2403 0.000000e+00 0.000000e+00 9.898504e+09 
2404 0.000000e+00 0.000000e+00 9.898405e+09 
2405 0.000000e+00 0.000000e+00 9.898488e+09 
2406 0.000000e+00 0.000000e+00 9.898439e+09 
2407 0.000000e+00 0.000000e+00 9.898590e+09 
2408 0.000000e+00 0.000000e+00 9.898517e+09 
2409 0.000000e+00 0.000000e+00 9.898448e+09 
2410 0.000000e+00 0.000000e+00 9.898527e+09 
2411 0.000000e+00 0.000000e+00 9.898569e+09 
2412 0.000000e+00 0.000000e+00 9.898439e+09 
2413 0.000000e+00 0.000000e+00 9.898409e+09 
2414 0.000000e+00 0.000000e+00 9.898523e+09 
2415 0.000000e+00 0.000000e+00 9.898473e+09 
2416 0.000000e+00 0.000000e+00 9.898451e+09 
2417 0.000000e+00 0.000000e+00 9.898437e+09 
2418 0.000000e+00 0.000000e+00 9.898382e+09 
2419 0.000000e+00 0.000000e+00 9.898412e+09 
2420 0.000000e+00 0.000000e+00 9.898433e+09 
2421 0.000000e+00 0.000000e+00 9.898470e+09 
2422 0.000000e+00 0.000000e+00 9.898471e+09 
2423 0.000000e+00 0.000000e+00 9.898422e+09 
2424 0.000000e+00 0.000000e+00 9.898586e+09 
2425 0.000000e+00 0.000000e+00 9.898422e+09 
2426 0.000000e+00 0.000000e+00 9.898389e+09 
2427 0.000000e+00 0.000000e+00 9.898474e+09 
2428 0.000000e+00 0.000000e+00 9.898481e+09 
2429 0.000000e+00 0.000000e+00 9.898457e+09 
2430 0.000000e+00 0.000000e+00 9.898384e+09 
2431 0.000000e+00 0.000000e+00 9.898547e+09 
2432 0.000000e+00 0.000000e+00 9.898445e+09 
2433 0.000000e+00 0.000000e+00 9.898456e+09 
2434 0.000000e+00 0.000000e+00 9.898465e+09 
2435 0.000000e+00 0.000000e+00 9.898427e+09 
2436 0.000000e+00 0.000000e+00 9.898429e+09 
2437 0.000000e+00 0.000000e+00 9.898501e+09 
2438 0.000000e+00 0.000000e+00 9.898541e+09 
2439 0.000000e+00 0.000000e+00 9.898463e+09 
2440 0.000000e+00 0.000000e+00 9.898431e+09 
2441 0.000000e+00 0.000000e+00 9.898396e+09 
2442 0.000000e+00 0.000000e+00 9.898429e+09 
2443 0.000000e+00 0.000000e+00 9.898423e+09 
2444 0.000000e+00 0.000000e+00 9.898431e+09 
2445 0.000000e+00 0.000000e+00 9.898457e+09 
2446 0.000000e+00 0.000000e+00 9.898417e+09 
2447 0.000000e+00 0.000000e+00 9.898405e+09 
2448 0.000000e+00 0.000000e+00 9.898523e+09 
2449 0.000000e+00 0.000000e+00 9.898524e+09 
2450 0.000000e+00 0.000000e+00 9.898374e+09 
2451 0.000000e+00 0.000000e+00 9.898441e+09 
2452 0.000000e+00 0.000000e+00 9.898394e+09 
2453 0.000000e+00 0.000000e+00 9.898402e+09 
2454 0.000000e+00 0.000000e+00 9.898424e+09 
2455 0.000000e+00 0.000000e+00 9.898385e+09 
2456 0.000000e+00 0.000000e+00 9.898466e+09 
2457 0.000000e+00 0.000000e+00 9.898375e+09 
2458 0.000000e+00 0.000000e+00 9.898463e+09 
2459 0.000000e+00 0.000000e+00 9.898416e+09 
2460 0.000000e+00 0.000000e+00 9.898460e+09 
2461 0.000000e+00 0.000000e+00 9.898473e+09 
2462 0.000000e+00 0.000000e+00 9.898464e+09 
2463 0.000000e+00 0.000000e+00 9.898408e+09 
2464 0.000000e+00 0.000000e+00 9.898441e+09 
2465 0.000000e+00 0.000000e+00 9.898403e+09 
2466 0.000000e+00 0.000000e+00 9.898427e+09 
2467 0.000000e+00 0.000000e+00 9.898402e+09 
2468 0.000000e+00 0.000000e+00 9.898416e+09 
2469 0.000000e+00 0.000000e+00 9.898396e+09 
2470 0.000000e+00 0.000000e+00 9.898456e+09 
2471 0.000000e+00 0.000000e+00 9.898410e+09 
2472 0.000000e+00 0.000000e+00 9.898435e+09 
2473 0.000000e+00 0.000000e+00 9.898401e+09 
2474 0.000000e+00 0.000000e+00 9.898476e+09 
2475 0.000000e+00 0.000000e+00 9.898415e+09 
2476 0.000000e+00 0.000000e+00 9.898419e+09 
2477 0.000000e+00 0.000000e+00 9.898506e+09 
2478 0.000000e+00 0.000000e+00 9.898447e+09 
2479 0.000000e+00 0.000000e+00 9.898417e+09 
2480 0.000000e+00 0.000000e+00 9.898399e+09 
2481 0.000000e+00 0.000000e+00 9.898407e+09 
2482 0.000000e+00 0.000000e+00 9.898418e+09 
2483 0.000000e+00 0.000000e+00 9.898372e+09 
2484 0.000000e+00 0.000000e+00 9.898427e+09 
2485 0.000000e+00 0.000000e+00 9.898489e+09 
2486 0.000000e+00 0.000000e+00 9.898392e+09 
2487 0.000000e+00 0.000000e+00 9.898442e+09 
2488 0.000000e+00 0.000000e+00 9.898451e+09 
2489 0.000000e+00 0.000000e+00 9.898450e+09 
2490 0.000000e+00 0.000000e+00 9.898451e+09 
2491 0.000000e+00 0.000000e+00 9.898403e+09 
2492 0.000000e+00 0.000000e+00 9.898392e+09 
2493 0.000000e+00 0.000000e+00 9.898446e+09 
2494 0.000000e+00 0.000000e+00 9.898536e+09 
2495 0.000000e+00 0.000000e+00 9.898416e+09 
2496 0.000000e+00 0.000000e+00 9.898461e+09 
2497 0.000000e+00 0.000000e+00 9.898537e+09 
2498 0.000000e+00 0.000000e+00 9.898521e+09 
2499 0.000000e+00 0.000000e+00 9.898474e+09 
2500 0.000000e+00 0.000000e+00 9.898486e+09 
2501 0.000000e+00 0.000000e+00 9.898542e+09 
2502 0.000000e+00 0.000000e+00 9.898458e+09 
2503 0.000000e+00 0.000000e+00 9.898467e+09 
2504 0.000000e+00 0.000000e+00 9.898422e+09 
2505 0.000000e+00 0.000000e+00 9.898398e+09 
2506 0.000000e+00 0.000000e+00 9.898448e+09 
2507 0.000000e+00 0.000000e+00 9.898401e+09 
2508 0.000000e+00 0.000000e+00 9.898436e+09 
2509 0.000000e+00 0.000000e+00 9.898472e+09 
2510 0.000000e+00 0.000000e+00 9.898413e+09 
2511 0.000000e+00 0.000000e+00 9.898399e+09 
2512 0.000000e+00 0.000000e+00 9.898463e+09 
2513 0.000000e+00 0.000000e+00 9.898420e+09 
2514 0.000000e+00 0.000000e+00 9.898503e+09 
2515 0.000000e+00 0.000000e+00 9.898447e+09 
2516 0.000000e+00 0.000000e+00 9.898417e+09 
2517 0.000000e+00 0.000000e+00 9.898401e+09 
2518 0.000000e+00 0.000000e+00 9.898376e+09 
2519 0.000000e+00 0.000000e+00 9.898459e+09 
2520 0.000000e+00 0.000000e+00 9.898354e+09 
2521 0.000000e+00 0.000000e+00 9.898364e+09 
2522 0.000000e+00 0.000000e+00 9.898503e+09 
2523 0.000000e+00 0.000000e+00 9.898393e+09 
2524 0.000000e+00 0.000000e+00 9.898526e+09 
2525 0.000000e+00 0.000000e+00 9.898464e+09 
2526 0.000000e+00 0.000000e+00 9.898363e+09 
2527 0.000000e+00 0.000000e+00 9.898517e+09 
2528 0.000000e+00 0.000000e+00 9.898466e+09 
2529 0.000000e+00 0.000000e+00 9.898467e+09 
2530 0.000000e+00 0.000000e+00 9.898435e+09 
2531 0.000000e+00 0.000000e+00 9.898495e+09 
2532 0.000000e+00 0.000000e+00 9.898410e+09 
2533 0.000000e+00 0.000000e+00 9.898441e+09 
2534 0.000000e+00 0.000000e+00 9.898469e+09 
2535 0.000000e+00 0.000000e+00 9.898421e+09 
2536 0.000000e+00 0.000000e+00 9.898458e+09 
2537 0.000000e+00 0.000000e+00 9.898458e+09 
2538 0.000000e+00 0.000000e+00 9.898470e+09 
2539 0.000000e+00 0.000000e+00 9.898454e+09 
2540 0.000000e+00 0.000000e+00 9.898418e+09 
2541 0.000000e+00 0.000000e+00 9.898425e+09 
2542 0.000000e+00 0.000000e+00 9.898499e+09 
2543 0.000000e+00 0.000000e+00 9.898377e+09 
2544 0.000000e+00 0.000000e+00 9.898397e+09 
2545 0.000000e+00 0.000000e+00 9.898540e+09 
2546 0.000000e+00 0.000000e+00 9.898485e+09 
2547 0.000000e+00 0.000000e+00 9.898447e+09 
2548 0.000000e+00 0.000000e+00 9.898417e+09 
2549 0.000000e+00 0.000000e+00 9.898357e+09 
2550 0.000000e+00 0.000000e+00 9.898426e+09 
2551 0.000000e+00 0.000000e+00 9.898479e+09 
2552 0.000000e+00 0.000000e+00 9.898366e+09 
2553 0.000000e+00 0.000000e+00 9.898421e+09 
2554 0.000000e+00 0.000000e+00 9.898407e+09 
2555 0.000000e+00 0.000000e+00 9.898419e+09 
2556 0.000000e+00 0.000000e+00 9.898461e+09 
2557 0.000000e+00 0.000000e+00 9.898531e+09 
2558 0.000000e+00 0.000000e+00 9.898398e+09 
2559 0.000000e+00 0.000000e+00 9.898383e+09 
2560 0.000000e+00 0.000000e+00 9.898421e+09 
2561 0.000000e+00 0.000000e+00 9.898418e+09 
2562 0.000000e+00 0.000000e+00 9.898481e+09 
2563 0.000000e+00 0.000000e+00 9.898414e+09 
2564 0.000000e+00 0.000000e+00 9.898441e+09 
2565 0.000000e+00 0.000000e+00 9.898413e+09 
2566 0.000000e+00 0.000000e+00 9.898396e+09 
2567 0.000000e+00 0.000000e+00 9.898387e+09 
2568 0.000000e+00 0.000000e+00 9.898411e+09 
2569 0.000000e+00 0.000000e+00 9.898444e+09 
2570 0.000000e+00 0.000000e+00 9.898466e+09 
2571 0.000000e+00 0.000000e+00 9.898419e+09 
2572 0.000000e+00 0.000000e+00 9.898425e+09 
2573 0.000000e+00 0.000000e+00 9.898374e+09 
2574 0.000000e+00 0.000000e+00 9.898492e+09 
2575 0.000000e+00 0.000000e+00 9.898482e+09 
2576 0.000000e+00 0.000000e+00 9.898439e+09 
2577 0.000000e+00 0.000000e+00 9.898409e+09 
2578 0.000000e+00 0.000000e+00 9.898417e+09 
2579 0.000000e+00 0.000000e+00 9.898410e+09 
2580 0.000000e+00 0.000000e+00 9.898474e+09 
2581 0.000000e+00 0.000000e+00 9.898532e+09 
2582 0.000000e+00 0.000000e+00 9.898468e+09 
2583 0.000000e+00 0.000000e+00 9.898432e+09 
2584 0.000000e+00 0.000000e+00 9.898440e+09 
2585 0.000000e+00 0.000000e+00 9.898485e+09 
2586 0.000000e+00 0.000000e+00 9.898461e+09 
2587 0.000000e+00 0.000000e+00 9.898498e+09 
2588 0.000000e+00 0.000000e+00 9.898480e+09 
2589 0.000000e+00 0.000000e+00 9.898466e+09 
2590 0.000000e+00 0.000000e+00 9.898421e+09 
2591 0.000000e+00 0.000000e+00 9.898389e+09 
2592 0.000000e+00 0.000000e+00 9.898426e+09 
2593 0.000000e+00 0.000000e+00 9.898488e+09 
2594 0.000000e+00 0.000000e+00 9.898515e+09 
2595 0.000000e+00 0.000000e+00 9.898443e+09 
2596 0.000000e+00 0.000000e+00 9.898512e+09 
2597 0.000000e+00 0.000000e+00 9.898412e+09 
2598 0.000000e+00 0.000000e+00 9.898428e+09 
2599 0.000000e+00 0.000000e+00 9.898431e+09 
2600 0.000000e+00 0.000000e+00 9.898475e+09 
2601 0.000000e+00 0.000000e+00 9.898412e+09 
2602 0.000000e+00 0.000000e+00 9.898468e+09 
2603 0.000000e+00 0.000000e+00 9.898384e+09 
2604 0.000000e+00 0.000000e+00 9.898422e+09 
2605 0.000000e+00 0.000000e+00 9.898394e+09 
2606 0.000000e+00 0.000000e+00 9.898401e+09 
2607 0.000000e+00 0.000000e+00 9.898368e+09 
2608 0.000000e+00 0.000000e+00 9.898432e+09 
2609 0.000000e+00 0.000000e+00 9.898394e+09 
2610 0.000000e+00 0.000000e+00 9.898414e+09 
2611 0.000000e+00 0.000000e+00 9.898436e+09 
2612 0.000000e+00 0.000000e+00 9.898472e+09 
2613 0.000000e+00 0.000000e+00 9.898454e+09 
2614 0.000000e+00 0.000000e+00 9.898433e+09 
2615 0.000000e+00 0.000000e+00 9.898490e+09 
2616 0.000000e+00 0.000000e+00 9.898396e+09 
2617 0.000000e+00 0.000000e+00 9.898445e+09 
2618 0.000000e+00 0.000000e+00 9.898449e+09 
2619 0.000000e+00 0.000000e+00 9.898415e+09 
2620 0.000000e+00 0.000000e+00 9.898384e+09 
2621 0.000000e+00 0.000000e+00 9.898431e+09 
2622 0.000000e+00 0.000000e+00 9.898394e+09 
2623 0.000000e+00 0.000000e+00 9.898405e+09 
2624 0.000000e+00 0.000000e+00 9.898462e+09 
