# Step Strain Stress Density
1 0.000000e+00 0.000000e+00 1.037330e+10 
2 0.000000e+00 0.000000e+00 1.037330e+10 
3 0.000000e+00 0.000000e+00 1.037330e+10 
4 0.000000e+00 0.000000e+00 1.037330e+10 
5 0.000000e+00 0.000000e+00 1.037330e+10 
6 0.000000e+00 0.000000e+00 1.037330e+10 
7 0.000000e+00 0.000000e+00 1.037330e+10 
8 0.000000e+00 0.000000e+00 1.037330e+10 
9 0.000000e+00 0.000000e+00 1.037330e+10 
10 0.000000e+00 0.000000e+00 1.037330e+10 
11 0.000000e+00 0.000000e+00 1.037330e+10 
12 0.000000e+00 0.000000e+00 1.037330e+10 
13 0.000000e+00 0.000000e+00 1.037330e+10 
14 0.000000e+00 0.000000e+00 1.037330e+10 
15 0.000000e+00 0.000000e+00 1.037330e+10 
16 0.000000e+00 0.000000e+00 1.037330e+10 
17 0.000000e+00 0.000000e+00 1.037330e+10 
18 0.000000e+00 0.000000e+00 1.037330e+10 
19 0.000000e+00 0.000000e+00 1.037331e+10 
20 0.000000e+00 0.000000e+00 1.037331e+10 
21 0.000000e+00 0.000000e+00 1.037331e+10 
22 0.000000e+00 0.000000e+00 1.037331e+10 
23 0.000000e+00 0.000000e+00 1.037332e+10 
24 0.000000e+00 0.000000e+00 1.037333e+10 
25 0.000000e+00 0.000000e+00 1.037334e+10 
26 0.000000e+00 0.000000e+00 1.037335e+10 
27 0.000000e+00 0.000000e+00 1.037339e+10 
28 0.000000e+00 0.000000e+00 1.037345e+10 
29 0.000000e+00 0.000000e+00 1.037353e+10 
30 0.000000e+00 0.000000e+00 1.037364e+10 
31 0.000000e+00 0.000000e+00 1.037379e+10 
32 0.000000e+00 0.000000e+00 1.037398e+10 
33 0.000000e+00 0.000000e+00 1.037445e+10 
34 0.000000e+00 0.000000e+00 1.037532e+10 
35 0.000000e+00 0.000000e+00 1.037675e+10 
36 0.000000e+00 0.000000e+00 1.037928e+10 
37 0.000000e+00 0.000000e+00 1.039261e+10 
38 0.000000e+00 0.000000e+00 1.037446e+10 
39 0.000000e+00 0.000000e+00 1.037367e+10 
40 0.000000e+00 0.000000e+00 1.037353e+10 
41 0.000000e+00 0.000000e+00 1.037346e+10 
42 0.000000e+00 0.000000e+00 1.037351e+10 
43 0.000000e+00 0.000000e+00 1.037350e+10 
44 0.000000e+00 0.000000e+00 1.037330e+10 
45 0.000000e+00 0.000000e+00 1.037330e+10 
46 0.000000e+00 0.000000e+00 1.037330e+10 
47 0.000000e+00 0.000000e+00 1.037336e+10 
48 0.000000e+00 0.000000e+00 1.037339e+10 
49 0.000000e+00 0.000000e+00 1.037331e+10 
50 0.000000e+00 0.000000e+00 1.037330e+10 
51 0.000000e+00 0.000000e+00 1.037330e+10 
52 0.000000e+00 0.000000e+00 1.037331e+10 
53 0.000000e+00 0.000000e+00 1.037330e+10 
54 0.000000e+00 0.000000e+00 1.037335e+10 
55 0.000000e+00 0.000000e+00 1.037332e+10 
56 0.000000e+00 0.000000e+00 1.037330e+10 
57 0.000000e+00 0.000000e+00 1.037334e+10 
58 0.000000e+00 0.000000e+00 1.037332e+10 
59 0.000000e+00 0.000000e+00 1.037333e+10 
60 0.000000e+00 0.000000e+00 1.037345e+10 
61 0.000000e+00 0.000000e+00 1.037330e+10 
62 0.000000e+00 0.000000e+00 1.037356e+10 
63 0.000000e+00 0.000000e+00 1.037342e+10 
64 0.000000e+00 0.000000e+00 1.037338e+10 
65 0.000000e+00 0.000000e+00 1.037331e+10 
66 0.000000e+00 0.000000e+00 1.037331e+10 
67 0.000000e+00 0.000000e+00 1.037331e+10 
68 0.000000e+00 0.000000e+00 1.037332e+10 
69 0.000000e+00 0.000000e+00 1.037330e+10 
70 0.000000e+00 0.000000e+00 1.037330e+10 
71 0.000000e+00 0.000000e+00 1.037331e+10 
72 0.000000e+00 0.000000e+00 1.037330e+10 
73 0.000000e+00 0.000000e+00 1.037330e+10 
74 0.000000e+00 0.000000e+00 1.037331e+10 
75 0.000000e+00 0.000000e+00 1.037355e+10 
76 0.000000e+00 0.000000e+00 1.037341e+10 
77 0.000000e+00 0.000000e+00 1.037336e+10 
78 0.000000e+00 0.000000e+00 1.037330e+10 
79 0.000000e+00 0.000000e+00 1.037331e+10 
80 0.000000e+00 0.000000e+00 1.037331e+10 
81 0.000000e+00 0.000000e+00 1.037330e+10 
82 0.000000e+00 0.000000e+00 1.037330e+10 
83 0.000000e+00 0.000000e+00 1.037330e+10 
84 0.000000e+00 0.000000e+00 1.037330e+10 
85 0.000000e+00 0.000000e+00 1.037330e+10 
86 0.000000e+00 0.000000e+00 1.037334e+10 
87 0.000000e+00 0.000000e+00 1.037330e+10 
88 0.000000e+00 0.000000e+00 1.037330e+10 
89 0.000000e+00 0.000000e+00 1.037330e+10 
90 0.000000e+00 0.000000e+00 1.037330e+10 
91 0.000000e+00 0.000000e+00 1.037331e+10 
92 0.000000e+00 0.000000e+00 1.037332e+10 
93 0.000000e+00 0.000000e+00 1.037332e+10 
94 0.000000e+00 0.000000e+00 1.037332e+10 
95 0.000000e+00 0.000000e+00 1.037330e+10 
96 0.000000e+00 0.000000e+00 1.037330e+10 
97 0.000000e+00 0.000000e+00 1.037330e+10 
98 0.000000e+00 0.000000e+00 1.037331e+10 
99 0.000000e+00 0.000000e+00 1.037331e+10 
100 0.000000e+00 0.000000e+00 1.037331e+10 
101 0.000000e+00 0.000000e+00 1.037331e+10 
102 0.000000e+00 0.000000e+00 1.037330e+10 
103 0.000000e+00 0.000000e+00 1.037330e+10 
104 0.000000e+00 0.000000e+00 1.037332e+10 
105 0.000000e+00 0.000000e+00 1.037333e+10 
106 0.000000e+00 0.000000e+00 1.037331e+10 
107 0.000000e+00 0.000000e+00 1.037330e+10 
108 0.000000e+00 0.000000e+00 1.037330e+10 
109 0.000000e+00 0.000000e+00 1.037330e+10 
110 0.000000e+00 0.000000e+00 1.037330e+10 
111 0.000000e+00 0.000000e+00 1.037330e+10 
112 0.000000e+00 0.000000e+00 1.037330e+10 
113 0.000000e+00 0.000000e+00 1.037330e+10 
114 0.000000e+00 0.000000e+00 1.037331e+10 
115 0.000000e+00 0.000000e+00 1.037330e+10 
116 0.000000e+00 0.000000e+00 1.037330e+10 
117 0.000000e+00 0.000000e+00 1.037332e+10 
118 0.000000e+00 0.000000e+00 1.037330e+10 
119 0.000000e+00 0.000000e+00 1.037331e+10 
120 0.000000e+00 0.000000e+00 1.037330e+10 
121 0.000000e+00 0.000000e+00 1.037330e+10 
122 0.000000e+00 0.000000e+00 1.037330e+10 
123 0.000000e+00 0.000000e+00 1.037330e+10 
124 0.000000e+00 0.000000e+00 1.037330e+10 
125 0.000000e+00 0.000000e+00 1.037330e+10 
126 0.000000e+00 0.000000e+00 1.037330e+10 
127 0.000000e+00 0.000000e+00 1.037330e+10 
128 0.000000e+00 0.000000e+00 1.037331e+10 
129 0.000000e+00 0.000000e+00 1.037334e+10 
130 0.000000e+00 0.000000e+00 1.037334e+10 
131 0.000000e+00 0.000000e+00 1.037332e+10 
132 0.000000e+00 0.000000e+00 1.037330e+10 
133 0.000000e+00 0.000000e+00 1.037330e+10 
134 0.000000e+00 0.000000e+00 1.037330e+10 
135 0.000000e+00 0.000000e+00 1.037330e+10 
136 0.000000e+00 0.000000e+00 1.037331e+10 
137 0.000000e+00 0.000000e+00 1.037331e+10 
138 0.000000e+00 0.000000e+00 1.037330e+10 
139 0.000000e+00 0.000000e+00 1.037330e+10 
140 0.000000e+00 0.000000e+00 1.037330e+10 
141 0.000000e+00 0.000000e+00 1.037331e+10 
142 0.000000e+00 0.000000e+00 1.037331e+10 
143 0.000000e+00 0.000000e+00 1.037330e+10 
144 0.000000e+00 0.000000e+00 1.037331e+10 
145 0.000000e+00 0.000000e+00 1.037330e+10 
146 0.000000e+00 0.000000e+00 1.037332e+10 
147 0.000000e+00 0.000000e+00 1.037331e+10 
148 0.000000e+00 0.000000e+00 1.037330e+10 
149 0.000000e+00 0.000000e+00 1.037330e+10 
150 0.000000e+00 0.000000e+00 1.037330e+10 
151 0.000000e+00 0.000000e+00 1.037330e+10 
152 0.000000e+00 0.000000e+00 1.037330e+10 
153 0.000000e+00 0.000000e+00 1.037333e+10 
154 0.000000e+00 0.000000e+00 1.037331e+10 
155 0.000000e+00 0.000000e+00 1.037330e+10 
156 0.000000e+00 0.000000e+00 1.037334e+10 
157 0.000000e+00 0.000000e+00 1.037331e+10 
158 0.000000e+00 0.000000e+00 1.037330e+10 
159 0.000000e+00 0.000000e+00 1.037331e+10 
160 0.000000e+00 0.000000e+00 1.037333e+10 
161 0.000000e+00 0.000000e+00 1.037330e+10 
162 0.000000e+00 0.000000e+00 1.037331e+10 
163 0.000000e+00 0.000000e+00 1.037331e+10 
164 0.000000e+00 0.000000e+00 1.037331e+10 
165 0.000000e+00 0.000000e+00 1.037331e+10 
166 0.000000e+00 0.000000e+00 1.037331e+10 
167 0.000000e+00 0.000000e+00 1.037331e+10 
168 0.000000e+00 0.000000e+00 1.037330e+10 
169 0.000000e+00 0.000000e+00 1.037332e+10 
170 0.000000e+00 0.000000e+00 1.037330e+10 
171 0.000000e+00 0.000000e+00 1.037351e+10 
172 0.000000e+00 0.000000e+00 1.037337e+10 
173 0.000000e+00 0.000000e+00 1.037331e+10 
174 0.000000e+00 0.000000e+00 1.037332e+10 
175 0.000000e+00 0.000000e+00 1.037334e+10 
176 0.000000e+00 0.000000e+00 1.037330e+10 
177 0.000000e+00 0.000000e+00 1.037331e+10 
178 0.000000e+00 0.000000e+00 1.037330e+10 
179 0.000000e+00 0.000000e+00 1.037330e+10 
180 0.000000e+00 0.000000e+00 1.037330e+10 
181 0.000000e+00 0.000000e+00 1.037331e+10 
182 0.000000e+00 0.000000e+00 1.037333e+10 
183 0.000000e+00 0.000000e+00 1.037330e+10 
184 0.000000e+00 0.000000e+00 1.037331e+10 
185 0.000000e+00 0.000000e+00 1.037331e+10 
186 0.000000e+00 0.000000e+00 1.037331e+10 
187 0.000000e+00 0.000000e+00 1.037333e+10 
188 0.000000e+00 0.000000e+00 1.037331e+10 
189 0.000000e+00 0.000000e+00 1.037333e+10 
190 0.000000e+00 0.000000e+00 1.037331e+10 
191 0.000000e+00 0.000000e+00 1.037330e+10 
192 0.000000e+00 0.000000e+00 1.037330e+10 
193 0.000000e+00 0.000000e+00 1.037332e+10 
194 0.000000e+00 0.000000e+00 1.037330e+10 
195 0.000000e+00 0.000000e+00 1.037334e+10 
196 0.000000e+00 0.000000e+00 1.037331e+10 
197 0.000000e+00 0.000000e+00 1.037330e+10 
198 0.000000e+00 0.000000e+00 1.037330e+10 
199 0.000000e+00 0.000000e+00 1.037332e+10 
200 0.000000e+00 0.000000e+00 1.037334e+10 
201 0.000000e+00 0.000000e+00 1.037331e+10 
202 0.000000e+00 0.000000e+00 1.037331e+10 
203 0.000000e+00 0.000000e+00 1.037330e+10 
204 0.000000e+00 0.000000e+00 1.037330e+10 
205 0.000000e+00 0.000000e+00 1.037330e+10 
206 0.000000e+00 0.000000e+00 1.037330e+10 
207 0.000000e+00 0.000000e+00 1.037331e+10 
208 0.000000e+00 0.000000e+00 1.037330e+10 
209 0.000000e+00 0.000000e+00 1.037332e+10 
210 0.000000e+00 0.000000e+00 1.037330e+10 
211 0.000000e+00 0.000000e+00 1.037330e+10 
212 0.000000e+00 0.000000e+00 1.037330e+10 
213 0.000000e+00 0.000000e+00 1.037330e+10 
214 0.000000e+00 0.000000e+00 1.037330e+10 
215 0.000000e+00 0.000000e+00 1.037335e+10 
216 0.000000e+00 0.000000e+00 1.037330e+10 
217 0.000000e+00 0.000000e+00 1.037330e+10 
218 0.000000e+00 0.000000e+00 1.037330e+10 
219 0.000000e+00 0.000000e+00 1.037331e+10 
220 0.000000e+00 0.000000e+00 1.037330e+10 
221 0.000000e+00 0.000000e+00 1.037331e+10 
222 0.000000e+00 0.000000e+00 1.037330e+10 
223 0.000000e+00 0.000000e+00 1.037330e+10 
224 0.000000e+00 0.000000e+00 1.037331e+10 
225 0.000000e+00 0.000000e+00 1.037331e+10 
226 0.000000e+00 0.000000e+00 1.037330e+10 
227 0.000000e+00 0.000000e+00 1.037330e+10 
228 0.000000e+00 0.000000e+00 1.037330e+10 
229 0.000000e+00 0.000000e+00 1.037330e+10 
230 0.000000e+00 0.000000e+00 1.037330e+10 
231 0.000000e+00 0.000000e+00 1.037330e+10 
232 0.000000e+00 0.000000e+00 1.037330e+10 
233 0.000000e+00 0.000000e+00 1.037330e+10 
234 0.000000e+00 0.000000e+00 1.037330e+10 
235 0.000000e+00 0.000000e+00 1.037330e+10 
236 0.000000e+00 0.000000e+00 1.037330e+10 
237 0.000000e+00 0.000000e+00 1.037330e+10 
238 0.000000e+00 0.000000e+00 1.037330e+10 
239 0.000000e+00 0.000000e+00 1.037334e+10 
240 0.000000e+00 0.000000e+00 1.037330e+10 
241 0.000000e+00 0.000000e+00 1.037330e+10 
242 0.000000e+00 0.000000e+00 1.037330e+10 
243 0.000000e+00 0.000000e+00 1.037330e+10 
244 0.000000e+00 0.000000e+00 1.037330e+10 
245 0.000000e+00 0.000000e+00 1.037330e+10 
246 0.000000e+00 0.000000e+00 1.037332e+10 
247 0.000000e+00 0.000000e+00 1.037331e+10 
248 0.000000e+00 0.000000e+00 1.037333e+10 
249 0.000000e+00 0.000000e+00 1.037333e+10 
250 0.000000e+00 0.000000e+00 1.037330e+10 
251 0.000000e+00 0.000000e+00 1.037330e+10 
252 0.000000e+00 0.000000e+00 1.037330e+10 
253 0.000000e+00 0.000000e+00 1.037330e+10 
254 0.000000e+00 0.000000e+00 1.037334e+10 
255 0.000000e+00 0.000000e+00 1.037330e+10 
256 0.000000e+00 0.000000e+00 1.037330e+10 
257 0.000000e+00 0.000000e+00 1.037331e+10 
258 0.000000e+00 0.000000e+00 1.037331e+10 
259 0.000000e+00 0.000000e+00 1.037331e+10 
260 0.000000e+00 0.000000e+00 1.037330e+10 
261 0.000000e+00 0.000000e+00 1.037330e+10 
262 0.000000e+00 0.000000e+00 1.037331e+10 
263 0.000000e+00 0.000000e+00 1.037331e+10 
264 0.000000e+00 0.000000e+00 1.037330e+10 
265 0.000000e+00 0.000000e+00 1.037331e+10 
266 0.000000e+00 0.000000e+00 1.037330e+10 
267 0.000000e+00 0.000000e+00 1.037330e+10 
268 0.000000e+00 0.000000e+00 1.037331e+10 
269 0.000000e+00 0.000000e+00 1.037330e+10 
270 0.000000e+00 0.000000e+00 1.037330e+10 
271 0.000000e+00 0.000000e+00 1.037333e+10 
272 0.000000e+00 0.000000e+00 1.037330e+10 
273 0.000000e+00 0.000000e+00 1.037330e+10 
274 0.000000e+00 0.000000e+00 1.037330e+10 
275 0.000000e+00 0.000000e+00 1.037330e+10 
276 0.000000e+00 0.000000e+00 1.037330e+10 
277 0.000000e+00 0.000000e+00 1.037331e+10 
278 0.000000e+00 0.000000e+00 1.037330e+10 
279 0.000000e+00 0.000000e+00 1.037334e+10 
280 0.000000e+00 0.000000e+00 1.037332e+10 
281 0.000000e+00 0.000000e+00 1.037331e+10 
282 0.000000e+00 0.000000e+00 1.037330e+10 
283 0.000000e+00 0.000000e+00 1.037330e+10 
284 0.000000e+00 0.000000e+00 1.037330e+10 
285 0.000000e+00 0.000000e+00 1.037335e+10 
286 0.000000e+00 0.000000e+00 1.037330e+10 
287 0.000000e+00 0.000000e+00 1.037333e+10 
288 0.000000e+00 0.000000e+00 1.037331e+10 
289 0.000000e+00 0.000000e+00 1.037330e+10 
290 0.000000e+00 0.000000e+00 1.037331e+10 
291 0.000000e+00 0.000000e+00 1.037330e+10 
292 0.000000e+00 0.000000e+00 1.037332e+10 
293 0.000000e+00 0.000000e+00 1.037330e+10 
294 0.000000e+00 0.000000e+00 1.037330e+10 
295 0.000000e+00 0.000000e+00 1.037331e+10 
296 0.000000e+00 0.000000e+00 1.037330e+10 
297 0.000000e+00 0.000000e+00 1.037331e+10 
298 0.000000e+00 0.000000e+00 1.037330e+10 
299 0.000000e+00 0.000000e+00 1.037330e+10 
300 0.000000e+00 0.000000e+00 1.037331e+10 
301 0.000000e+00 0.000000e+00 1.037333e+10 
302 0.000000e+00 0.000000e+00 1.037330e+10 
303 0.000000e+00 0.000000e+00 1.037330e+10 
304 0.000000e+00 0.000000e+00 1.037331e+10 
305 0.000000e+00 0.000000e+00 1.037331e+10 
306 0.000000e+00 0.000000e+00 1.037330e+10 
307 0.000000e+00 0.000000e+00 1.037331e+10 
308 0.000000e+00 0.000000e+00 1.037331e+10 
309 0.000000e+00 0.000000e+00 1.037331e+10 
310 0.000000e+00 0.000000e+00 1.037330e+10 
311 0.000000e+00 0.000000e+00 1.037331e+10 
312 0.000000e+00 0.000000e+00 1.037365e+10 
313 0.000000e+00 0.000000e+00 1.037330e+10 
314 0.000000e+00 0.000000e+00 1.037332e+10 
315 0.000000e+00 0.000000e+00 1.037331e+10 
316 0.000000e+00 0.000000e+00 1.037330e+10 
317 0.000000e+00 0.000000e+00 1.037330e+10 
318 0.000000e+00 0.000000e+00 1.037331e+10 
319 0.000000e+00 0.000000e+00 1.037330e+10 
320 0.000000e+00 0.000000e+00 1.037330e+10 
321 0.000000e+00 0.000000e+00 1.037338e+10 
322 0.000000e+00 0.000000e+00 1.037331e+10 
323 0.000000e+00 0.000000e+00 1.037343e+10 
324 0.000000e+00 0.000000e+00 1.037330e+10 
325 0.000000e+00 0.000000e+00 1.037330e+10 
326 0.000000e+00 0.000000e+00 1.037331e+10 
327 0.000000e+00 0.000000e+00 1.037334e+10 
328 0.000000e+00 0.000000e+00 1.037331e+10 
329 0.000000e+00 0.000000e+00 1.037331e+10 
330 0.000000e+00 0.000000e+00 1.037330e+10 
331 0.000000e+00 0.000000e+00 1.037333e+10 
332 0.000000e+00 0.000000e+00 1.037330e+10 
333 0.000000e+00 0.000000e+00 1.037331e+10 
334 0.000000e+00 0.000000e+00 1.037330e+10 
335 0.000000e+00 0.000000e+00 1.037330e+10 
336 0.000000e+00 0.000000e+00 1.037330e+10 
337 0.000000e+00 0.000000e+00 1.037330e+10 
338 0.000000e+00 0.000000e+00 1.037331e+10 
339 0.000000e+00 0.000000e+00 1.037331e+10 
340 0.000000e+00 0.000000e+00 1.037331e+10 
341 0.000000e+00 0.000000e+00 1.037331e+10 
342 0.000000e+00 0.000000e+00 1.037331e+10 
343 0.000000e+00 0.000000e+00 1.037331e+10 
344 0.000000e+00 0.000000e+00 1.037330e+10 
345 0.000000e+00 0.000000e+00 1.037330e+10 
346 0.000000e+00 0.000000e+00 1.037331e+10 
347 0.000000e+00 0.000000e+00 1.037407e+10 
348 0.000000e+00 0.000000e+00 1.037331e+10 
349 0.000000e+00 0.000000e+00 1.037330e+10 
350 0.000000e+00 0.000000e+00 1.037330e+10 
351 0.000000e+00 0.000000e+00 1.037330e+10 
352 0.000000e+00 0.000000e+00 1.037330e+10 
353 0.000000e+00 0.000000e+00 1.037330e+10 
354 0.000000e+00 0.000000e+00 1.037330e+10 
355 0.000000e+00 0.000000e+00 1.037333e+10 
356 0.000000e+00 0.000000e+00 1.037330e+10 
357 0.000000e+00 0.000000e+00 1.037330e+10 
358 0.000000e+00 0.000000e+00 1.037330e+10 
359 0.000000e+00 0.000000e+00 1.037330e+10 
360 0.000000e+00 0.000000e+00 1.037331e+10 
361 0.000000e+00 0.000000e+00 1.037333e+10 
362 0.000000e+00 0.000000e+00 1.037331e+10 
363 0.000000e+00 0.000000e+00 1.037330e+10 
364 0.000000e+00 0.000000e+00 1.037330e+10 
365 0.000000e+00 0.000000e+00 1.037330e+10 
366 0.000000e+00 0.000000e+00 1.037331e+10 
367 0.000000e+00 0.000000e+00 1.037330e+10 
368 0.000000e+00 0.000000e+00 1.037330e+10 
369 0.000000e+00 0.000000e+00 1.037330e+10 
370 0.000000e+00 0.000000e+00 1.037331e+10 
371 0.000000e+00 0.000000e+00 1.037330e+10 
372 0.000000e+00 0.000000e+00 1.037330e+10 
373 0.000000e+00 0.000000e+00 1.037331e+10 
374 0.000000e+00 0.000000e+00 1.037334e+10 
375 0.000000e+00 0.000000e+00 1.037334e+10 
376 0.000000e+00 0.000000e+00 1.037333e+10 
377 0.000000e+00 0.000000e+00 1.037331e+10 
378 0.000000e+00 0.000000e+00 1.037331e+10 
379 0.000000e+00 0.000000e+00 1.037330e+10 
380 0.000000e+00 0.000000e+00 1.037331e+10 
381 0.000000e+00 0.000000e+00 1.037330e+10 
382 0.000000e+00 0.000000e+00 1.037330e+10 
383 0.000000e+00 0.000000e+00 1.037331e+10 
384 0.000000e+00 0.000000e+00 1.037330e+10 
385 0.000000e+00 0.000000e+00 1.037331e+10 
386 0.000000e+00 0.000000e+00 1.037331e+10 
387 0.000000e+00 0.000000e+00 1.037331e+10 
388 0.000000e+00 0.000000e+00 1.037330e+10 
389 0.000000e+00 0.000000e+00 1.037330e+10 
390 0.000000e+00 0.000000e+00 1.037330e+10 
391 0.000000e+00 0.000000e+00 1.037330e+10 
392 0.000000e+00 0.000000e+00 1.037330e+10 
393 0.000000e+00 0.000000e+00 1.037330e+10 
394 0.000000e+00 0.000000e+00 1.037330e+10 
395 0.000000e+00 0.000000e+00 1.037332e+10 
396 0.000000e+00 0.000000e+00 1.037330e+10 
397 0.000000e+00 0.000000e+00 1.037330e+10 
398 0.000000e+00 0.000000e+00 1.037330e+10 
399 0.000000e+00 0.000000e+00 1.037330e+10 
400 0.000000e+00 0.000000e+00 1.037334e+10 
401 0.000000e+00 0.000000e+00 1.037355e+10 
402 0.000000e+00 0.000000e+00 1.037330e+10 
403 0.000000e+00 0.000000e+00 1.037330e+10 
404 0.000000e+00 0.000000e+00 1.037330e+10 
405 0.000000e+00 0.000000e+00 1.037331e+10 
406 0.000000e+00 0.000000e+00 1.037331e+10 
407 0.000000e+00 0.000000e+00 1.037340e+10 
408 0.000000e+00 0.000000e+00 1.037330e+10 
409 0.000000e+00 0.000000e+00 1.037330e+10 
410 0.000000e+00 0.000000e+00 1.037330e+10 
411 0.000000e+00 0.000000e+00 1.037330e+10 
412 0.000000e+00 0.000000e+00 1.037330e+10 
413 0.000000e+00 0.000000e+00 1.037330e+10 
414 0.000000e+00 0.000000e+00 1.037330e+10 
415 0.000000e+00 0.000000e+00 1.037330e+10 
416 0.000000e+00 0.000000e+00 1.037330e+10 
417 0.000000e+00 0.000000e+00 1.037338e+10 
418 0.000000e+00 0.000000e+00 1.037330e+10 
419 0.000000e+00 0.000000e+00 1.037331e+10 
420 0.000000e+00 0.000000e+00 1.037330e+10 
421 0.000000e+00 0.000000e+00 1.037331e+10 
422 0.000000e+00 0.000000e+00 1.037332e+10 
423 0.000000e+00 0.000000e+00 1.037330e+10 
424 0.000000e+00 0.000000e+00 1.037330e+10 
425 0.000000e+00 0.000000e+00 1.037330e+10 
426 0.000000e+00 0.000000e+00 1.037331e+10 
427 0.000000e+00 0.000000e+00 1.037332e+10 
428 0.000000e+00 0.000000e+00 1.037330e+10 
429 0.000000e+00 0.000000e+00 1.037331e+10 
430 0.000000e+00 0.000000e+00 1.037330e+10 
431 0.000000e+00 0.000000e+00 1.037356e+10 
432 0.000000e+00 0.000000e+00 1.037331e+10 
433 0.000000e+00 0.000000e+00 1.037338e+10 
434 0.000000e+00 0.000000e+00 1.037330e+10 
435 0.000000e+00 0.000000e+00 1.037334e+10 
436 0.000000e+00 0.000000e+00 1.037342e+10 
437 0.000000e+00 0.000000e+00 1.037341e+10 
438 0.000000e+00 0.000000e+00 1.037334e+10 
439 0.000000e+00 0.000000e+00 1.037331e+10 
440 0.000000e+00 0.000000e+00 1.037330e+10 
441 0.000000e+00 0.000000e+00 1.037331e+10 
442 0.000000e+00 0.000000e+00 1.037331e+10 
443 0.000000e+00 0.000000e+00 1.037330e+10 
444 0.000000e+00 0.000000e+00 1.037539e+10 
445 0.000000e+00 0.000000e+00 1.037331e+10 
446 0.000000e+00 0.000000e+00 1.037330e+10 
447 0.000000e+00 0.000000e+00 1.037331e+10 
448 0.000000e+00 0.000000e+00 1.037345e+10 
449 0.000000e+00 0.000000e+00 1.037338e+10 
450 0.000000e+00 0.000000e+00 1.037338e+10 
451 0.000000e+00 0.000000e+00 1.037333e+10 
452 0.000000e+00 0.000000e+00 1.037330e+10 
453 0.000000e+00 0.000000e+00 1.037330e+10 
454 0.000000e+00 0.000000e+00 1.037330e+10 
455 0.000000e+00 0.000000e+00 1.037330e+10 
456 0.000000e+00 0.000000e+00 1.037330e+10 
457 0.000000e+00 0.000000e+00 1.037331e+10 
458 0.000000e+00 0.000000e+00 1.037331e+10 
459 0.000000e+00 0.000000e+00 1.037332e+10 
460 0.000000e+00 0.000000e+00 1.037331e+10 
461 0.000000e+00 0.000000e+00 1.037330e+10 
462 0.000000e+00 0.000000e+00 1.037331e+10 
463 0.000000e+00 0.000000e+00 1.037331e+10 
464 0.000000e+00 0.000000e+00 1.037330e+10 
465 0.000000e+00 0.000000e+00 1.037330e+10 
466 0.000000e+00 0.000000e+00 1.037330e+10 
467 0.000000e+00 0.000000e+00 1.037330e+10 
468 0.000000e+00 0.000000e+00 1.037331e+10 
469 0.000000e+00 0.000000e+00 1.037331e+10 
470 0.000000e+00 0.000000e+00 1.037330e+10 
471 0.000000e+00 0.000000e+00 1.037330e+10 
472 0.000000e+00 0.000000e+00 1.037330e+10 
473 0.000000e+00 0.000000e+00 1.037331e+10 
474 0.000000e+00 0.000000e+00 1.037331e+10 
475 0.000000e+00 0.000000e+00 1.037330e+10 
476 0.000000e+00 0.000000e+00 1.037331e+10 
477 0.000000e+00 0.000000e+00 1.037330e+10 
478 0.000000e+00 0.000000e+00 1.037330e+10 
479 0.000000e+00 0.000000e+00 1.037330e+10 
480 0.000000e+00 0.000000e+00 1.037330e+10 
481 0.000000e+00 0.000000e+00 1.037330e+10 
482 0.000000e+00 0.000000e+00 1.037330e+10 
483 0.000000e+00 0.000000e+00 1.037330e+10 
484 0.000000e+00 0.000000e+00 1.037330e+10 
485 0.000000e+00 0.000000e+00 1.037331e+10 
486 0.000000e+00 0.000000e+00 1.037349e+10 
487 0.000000e+00 0.000000e+00 1.037331e+10 
488 0.000000e+00 0.000000e+00 1.037330e+10 
489 0.000000e+00 0.000000e+00 1.037330e+10 
490 0.000000e+00 0.000000e+00 1.037331e+10 
491 0.000000e+00 0.000000e+00 1.037331e+10 
492 0.000000e+00 0.000000e+00 1.037330e+10 
493 0.000000e+00 0.000000e+00 1.037333e+10 
494 0.000000e+00 0.000000e+00 1.037330e+10 
495 0.000000e+00 0.000000e+00 1.037330e+10 
496 0.000000e+00 0.000000e+00 1.037330e+10 
497 0.000000e+00 0.000000e+00 1.037330e+10 
498 0.000000e+00 0.000000e+00 1.037330e+10 
499 0.000000e+00 0.000000e+00 1.037330e+10 
500 0.000000e+00 0.000000e+00 1.037330e+10 
501 0.000000e+00 0.000000e+00 1.037334e+10 
502 0.000000e+00 0.000000e+00 1.037332e+10 
503 0.000000e+00 0.000000e+00 1.037360e+10 
504 0.000000e+00 0.000000e+00 1.037330e+10 
505 0.000000e+00 0.000000e+00 1.037330e+10 
506 0.000000e+00 0.000000e+00 1.037331e+10 
507 0.000000e+00 0.000000e+00 1.037330e+10 
508 0.000000e+00 0.000000e+00 1.037330e+10 
509 0.000000e+00 0.000000e+00 1.037330e+10 
510 0.000000e+00 0.000000e+00 1.037331e+10 
511 0.000000e+00 0.000000e+00 1.037331e+10 
512 0.000000e+00 0.000000e+00 1.037331e+10 
513 0.000000e+00 0.000000e+00 1.037330e+10 
514 0.000000e+00 0.000000e+00 1.037331e+10 
515 0.000000e+00 0.000000e+00 1.037330e+10 
516 0.000000e+00 0.000000e+00 1.037330e+10 
517 0.000000e+00 0.000000e+00 1.037330e+10 
518 0.000000e+00 0.000000e+00 1.037330e+10 
519 0.000000e+00 0.000000e+00 1.037337e+10 
520 0.000000e+00 0.000000e+00 1.037356e+10 
521 0.000000e+00 0.000000e+00 1.037331e+10 
522 0.000000e+00 0.000000e+00 1.037392e+10 
523 0.000000e+00 0.000000e+00 1.037333e+10 
524 0.000000e+00 0.000000e+00 1.037330e+10 
525 0.000000e+00 0.000000e+00 1.037330e+10 
526 0.000000e+00 0.000000e+00 1.037331e+10 
527 0.000000e+00 0.000000e+00 1.037330e+10 
528 0.000000e+00 0.000000e+00 1.037332e+10 
529 0.000000e+00 0.000000e+00 1.037368e+10 
530 0.000000e+00 0.000000e+00 1.037331e+10 
531 0.000000e+00 0.000000e+00 1.037331e+10 
532 0.000000e+00 0.000000e+00 1.037334e+10 
533 0.000000e+00 0.000000e+00 1.037330e+10 
534 0.000000e+00 0.000000e+00 1.037330e+10 
535 0.000000e+00 0.000000e+00 1.037331e+10 
536 0.000000e+00 0.000000e+00 1.037332e+10 
537 0.000000e+00 0.000000e+00 1.037335e+10 
538 0.000000e+00 0.000000e+00 1.037330e+10 
539 0.000000e+00 0.000000e+00 1.037330e+10 
540 0.000000e+00 0.000000e+00 1.037333e+10 
541 0.000000e+00 0.000000e+00 1.037330e+10 
542 0.000000e+00 0.000000e+00 1.037330e+10 
543 0.000000e+00 0.000000e+00 1.037330e+10 
544 0.000000e+00 0.000000e+00 1.037330e+10 
545 0.000000e+00 0.000000e+00 1.037331e+10 
546 0.000000e+00 0.000000e+00 1.037331e+10 
547 0.000000e+00 0.000000e+00 1.037330e+10 
548 0.000000e+00 0.000000e+00 1.037330e+10 
549 0.000000e+00 0.000000e+00 1.037331e+10 
550 0.000000e+00 0.000000e+00 1.037332e+10 
551 0.000000e+00 0.000000e+00 1.037331e+10 
552 0.000000e+00 0.000000e+00 1.037331e+10 
553 0.000000e+00 0.000000e+00 1.037330e+10 
554 0.000000e+00 0.000000e+00 1.037331e+10 
555 0.000000e+00 0.000000e+00 1.037330e+10 
556 0.000000e+00 0.000000e+00 1.037330e+10 
557 0.000000e+00 0.000000e+00 1.037330e+10 
558 0.000000e+00 0.000000e+00 1.037331e+10 
559 0.000000e+00 0.000000e+00 1.037330e+10 
560 0.000000e+00 0.000000e+00 1.037330e+10 
561 0.000000e+00 0.000000e+00 1.037331e+10 
562 0.000000e+00 0.000000e+00 1.037332e+10 
563 0.000000e+00 0.000000e+00 1.037331e+10 
564 0.000000e+00 0.000000e+00 1.037330e+10 
565 0.000000e+00 0.000000e+00 1.037330e+10 
566 0.000000e+00 0.000000e+00 1.037332e+10 
567 0.000000e+00 0.000000e+00 1.037331e+10 
568 0.000000e+00 0.000000e+00 1.037330e+10 
569 0.000000e+00 0.000000e+00 1.037333e+10 
570 0.000000e+00 0.000000e+00 1.037330e+10 
571 0.000000e+00 0.000000e+00 1.037330e+10 
572 0.000000e+00 0.000000e+00 1.037330e+10 
573 0.000000e+00 0.000000e+00 1.037330e+10 
574 0.000000e+00 0.000000e+00 1.037330e+10 
575 0.000000e+00 0.000000e+00 1.037330e+10 
576 0.000000e+00 0.000000e+00 1.037330e+10 
577 0.000000e+00 0.000000e+00 1.037330e+10 
578 0.000000e+00 0.000000e+00 1.037333e+10 
579 0.000000e+00 0.000000e+00 1.037333e+10 
580 0.000000e+00 0.000000e+00 1.037330e+10 
581 0.000000e+00 0.000000e+00 1.037331e+10 
582 0.000000e+00 0.000000e+00 1.037330e+10 
583 0.000000e+00 0.000000e+00 1.037331e+10 
584 0.000000e+00 0.000000e+00 1.037330e+10 
585 0.000000e+00 0.000000e+00 1.037330e+10 
586 0.000000e+00 0.000000e+00 1.037330e+10 
587 0.000000e+00 0.000000e+00 1.037337e+10 
588 0.000000e+00 0.000000e+00 1.037330e+10 
589 0.000000e+00 0.000000e+00 1.037330e+10 
590 0.000000e+00 0.000000e+00 1.037330e+10 
591 0.000000e+00 0.000000e+00 1.037330e+10 
592 0.000000e+00 0.000000e+00 1.037330e+10 
593 0.000000e+00 0.000000e+00 1.037331e+10 
594 0.000000e+00 0.000000e+00 1.037331e+10 
595 0.000000e+00 0.000000e+00 1.037331e+10 
596 0.000000e+00 0.000000e+00 1.037331e+10 
597 0.000000e+00 0.000000e+00 1.037330e+10 
598 0.000000e+00 0.000000e+00 1.037330e+10 
599 0.000000e+00 0.000000e+00 1.037330e+10 
600 0.000000e+00 0.000000e+00 1.037330e+10 
601 0.000000e+00 0.000000e+00 1.037330e+10 
602 0.000000e+00 0.000000e+00 1.037330e+10 
603 0.000000e+00 0.000000e+00 1.037330e+10 
604 0.000000e+00 0.000000e+00 1.037331e+10 
605 0.000000e+00 0.000000e+00 1.037330e+10 
606 0.000000e+00 0.000000e+00 1.037330e+10 
607 0.000000e+00 0.000000e+00 1.037330e+10 
608 0.000000e+00 0.000000e+00 1.037330e+10 
609 0.000000e+00 0.000000e+00 1.037330e+10 
610 0.000000e+00 0.000000e+00 1.037330e+10 
611 0.000000e+00 0.000000e+00 1.037330e+10 
612 0.000000e+00 0.000000e+00 1.037330e+10 
613 0.000000e+00 0.000000e+00 1.037331e+10 
614 0.000000e+00 0.000000e+00 1.037334e+10 
615 0.000000e+00 0.000000e+00 1.037332e+10 
616 0.000000e+00 0.000000e+00 1.037331e+10 
617 0.000000e+00 0.000000e+00 1.037330e+10 
618 0.000000e+00 0.000000e+00 1.037332e+10 
619 0.000000e+00 0.000000e+00 1.037330e+10 
620 0.000000e+00 0.000000e+00 1.037347e+10 
621 0.000000e+00 0.000000e+00 1.037331e+10 
622 0.000000e+00 0.000000e+00 1.037331e+10 
623 0.000000e+00 0.000000e+00 1.037332e+10 
624 0.000000e+00 0.000000e+00 1.037330e+10 
625 0.000000e+00 0.000000e+00 1.037331e+10 
626 0.000000e+00 0.000000e+00 1.037333e+10 
627 0.000000e+00 0.000000e+00 1.037332e+10 
628 0.000000e+00 0.000000e+00 1.037332e+10 
629 0.000000e+00 0.000000e+00 1.037330e+10 
630 0.000000e+00 0.000000e+00 1.037330e+10 
631 0.000000e+00 0.000000e+00 1.037330e+10 
632 0.000000e+00 0.000000e+00 1.037331e+10 
633 0.000000e+00 0.000000e+00 1.037330e+10 
634 0.000000e+00 0.000000e+00 1.037330e+10 
635 0.000000e+00 0.000000e+00 1.037330e+10 
636 0.000000e+00 0.000000e+00 1.037330e+10 
637 0.000000e+00 0.000000e+00 1.037330e+10 
638 0.000000e+00 0.000000e+00 1.037330e+10 
639 0.000000e+00 0.000000e+00 1.037331e+10 
640 0.000000e+00 0.000000e+00 1.037348e+10 
641 0.000000e+00 0.000000e+00 1.037333e+10 
642 0.000000e+00 0.000000e+00 1.037330e+10 
643 0.000000e+00 0.000000e+00 1.037330e+10 
644 0.000000e+00 0.000000e+00 1.037330e+10 
645 0.000000e+00 0.000000e+00 1.037330e+10 
646 0.000000e+00 0.000000e+00 1.037352e+10 
647 0.000000e+00 0.000000e+00 1.037334e+10 
648 0.000000e+00 0.000000e+00 1.037331e+10 
649 0.000000e+00 0.000000e+00 1.037330e+10 
650 0.000000e+00 0.000000e+00 1.037330e+10 
651 0.000000e+00 0.000000e+00 1.037332e+10 
652 0.000000e+00 0.000000e+00 1.037331e+10 
653 0.000000e+00 0.000000e+00 1.037330e+10 
654 0.000000e+00 0.000000e+00 1.037330e+10 
655 0.000000e+00 0.000000e+00 1.037330e+10 
656 0.000000e+00 0.000000e+00 1.037330e+10 
657 0.000000e+00 0.000000e+00 1.037330e+10 
658 0.000000e+00 0.000000e+00 1.037330e+10 
659 0.000000e+00 0.000000e+00 1.037331e+10 
660 0.000000e+00 0.000000e+00 1.037330e+10 
661 0.000000e+00 0.000000e+00 1.037331e+10 
662 0.000000e+00 0.000000e+00 1.037330e+10 
663 0.000000e+00 0.000000e+00 1.037331e+10 
664 0.000000e+00 0.000000e+00 1.037333e+10 
665 0.000000e+00 0.000000e+00 1.037332e+10 
666 0.000000e+00 0.000000e+00 1.037330e+10 
667 0.000000e+00 0.000000e+00 1.037331e+10 
668 0.000000e+00 0.000000e+00 1.037331e+10 
669 0.000000e+00 0.000000e+00 1.037331e+10 
670 0.000000e+00 0.000000e+00 1.037330e+10 
671 0.000000e+00 0.000000e+00 1.037330e+10 
672 0.000000e+00 0.000000e+00 1.037330e+10 
673 0.000000e+00 0.000000e+00 1.037330e+10 
674 0.000000e+00 0.000000e+00 1.037334e+10 
675 0.000000e+00 0.000000e+00 1.037334e+10 
676 0.000000e+00 0.000000e+00 1.037330e+10 
677 0.000000e+00 0.000000e+00 1.037330e+10 
678 0.000000e+00 0.000000e+00 1.037331e+10 
679 0.000000e+00 0.000000e+00 1.037331e+10 
680 0.000000e+00 0.000000e+00 1.037330e+10 
681 0.000000e+00 0.000000e+00 1.037330e+10 
682 0.000000e+00 0.000000e+00 1.037337e+10 
683 0.000000e+00 0.000000e+00 1.037332e+10 
684 0.000000e+00 0.000000e+00 1.037331e+10 
685 0.000000e+00 0.000000e+00 1.037331e+10 
686 0.000000e+00 0.000000e+00 1.037330e+10 
687 0.000000e+00 0.000000e+00 1.037332e+10 
688 0.000000e+00 0.000000e+00 1.037340e+10 
689 0.000000e+00 0.000000e+00 1.037330e+10 
690 0.000000e+00 0.000000e+00 1.037331e+10 
691 0.000000e+00 0.000000e+00 1.037331e+10 
692 0.000000e+00 0.000000e+00 1.037330e+10 
693 0.000000e+00 0.000000e+00 1.037330e+10 
694 0.000000e+00 0.000000e+00 1.037332e+10 
695 0.000000e+00 0.000000e+00 1.037330e+10 
696 0.000000e+00 0.000000e+00 1.037332e+10 
697 0.000000e+00 0.000000e+00 1.037331e+10 
698 0.000000e+00 0.000000e+00 1.037331e+10 
699 0.000000e+00 0.000000e+00 1.037330e+10 
700 0.000000e+00 0.000000e+00 1.037330e+10 
701 0.000000e+00 0.000000e+00 1.037330e+10 
702 0.000000e+00 0.000000e+00 1.037330e+10 
703 0.000000e+00 0.000000e+00 1.037330e+10 
704 0.000000e+00 0.000000e+00 1.037334e+10 
705 0.000000e+00 0.000000e+00 1.037330e+10 
706 0.000000e+00 0.000000e+00 1.037330e+10 
707 0.000000e+00 0.000000e+00 1.037330e+10 
708 0.000000e+00 0.000000e+00 1.037333e+10 
709 0.000000e+00 0.000000e+00 1.037333e+10 
710 0.000000e+00 0.000000e+00 1.037330e+10 
711 0.000000e+00 0.000000e+00 1.037331e+10 
712 0.000000e+00 0.000000e+00 1.037330e+10 
713 0.000000e+00 0.000000e+00 1.037330e+10 
714 0.000000e+00 0.000000e+00 1.037330e+10 
715 0.000000e+00 0.000000e+00 1.037330e+10 
716 0.000000e+00 0.000000e+00 1.037330e+10 
717 0.000000e+00 0.000000e+00 1.037339e+10 
718 0.000000e+00 0.000000e+00 1.037337e+10 
719 0.000000e+00 0.000000e+00 1.037337e+10 
720 0.000000e+00 0.000000e+00 1.037330e+10 
721 0.000000e+00 0.000000e+00 1.037331e+10 
722 0.000000e+00 0.000000e+00 1.037330e+10 
723 0.000000e+00 0.000000e+00 1.037330e+10 
724 0.000000e+00 0.000000e+00 1.037333e+10 
725 0.000000e+00 0.000000e+00 1.037330e+10 
726 0.000000e+00 0.000000e+00 1.037330e+10 
727 0.000000e+00 0.000000e+00 1.037331e+10 
728 0.000000e+00 0.000000e+00 1.037331e+10 
729 0.000000e+00 0.000000e+00 1.037331e+10 
730 0.000000e+00 0.000000e+00 1.037331e+10 
731 0.000000e+00 0.000000e+00 1.037330e+10 
732 0.000000e+00 0.000000e+00 1.037330e+10 
733 0.000000e+00 0.000000e+00 1.037330e+10 
734 0.000000e+00 0.000000e+00 1.037330e+10 
735 0.000000e+00 0.000000e+00 1.037331e+10 
736 0.000000e+00 0.000000e+00 1.037331e+10 
737 0.000000e+00 0.000000e+00 1.037331e+10 
738 0.000000e+00 0.000000e+00 1.037331e+10 
739 0.000000e+00 0.000000e+00 1.037330e+10 
740 0.000000e+00 0.000000e+00 1.037331e+10 
741 0.000000e+00 0.000000e+00 1.037331e+10 
742 0.000000e+00 0.000000e+00 1.037336e+10 
743 0.000000e+00 0.000000e+00 1.037330e+10 
744 0.000000e+00 0.000000e+00 1.037330e+10 
745 0.000000e+00 0.000000e+00 1.037331e+10 
746 0.000000e+00 0.000000e+00 1.037342e+10 
747 0.000000e+00 0.000000e+00 1.037331e+10 
748 0.000000e+00 0.000000e+00 1.037333e+10 
749 0.000000e+00 0.000000e+00 1.037332e+10 
750 0.000000e+00 0.000000e+00 1.037331e+10 
751 0.000000e+00 0.000000e+00 1.037332e+10 
752 0.000000e+00 0.000000e+00 1.037330e+10 
753 0.000000e+00 0.000000e+00 1.037330e+10 
754 0.000000e+00 0.000000e+00 1.037330e+10 
755 0.000000e+00 0.000000e+00 1.037330e+10 
756 0.000000e+00 0.000000e+00 1.037331e+10 
757 0.000000e+00 0.000000e+00 1.037331e+10 
758 0.000000e+00 0.000000e+00 1.037330e+10 
759 0.000000e+00 0.000000e+00 1.037330e+10 
760 0.000000e+00 0.000000e+00 1.037330e+10 
761 0.000000e+00 0.000000e+00 1.037332e+10 
762 0.000000e+00 0.000000e+00 1.037372e+10 
763 0.000000e+00 0.000000e+00 1.037331e+10 
764 0.000000e+00 0.000000e+00 1.037331e+10 
765 0.000000e+00 0.000000e+00 1.037332e+10 
766 0.000000e+00 0.000000e+00 1.037330e+10 
767 0.000000e+00 0.000000e+00 1.037331e+10 
768 0.000000e+00 0.000000e+00 1.037331e+10 
769 0.000000e+00 0.000000e+00 1.037331e+10 
770 0.000000e+00 0.000000e+00 1.037334e+10 
771 0.000000e+00 0.000000e+00 1.037339e+10 
772 0.000000e+00 0.000000e+00 1.037330e+10 
773 0.000000e+00 0.000000e+00 1.037332e+10 
774 0.000000e+00 0.000000e+00 1.037332e+10 
775 0.000000e+00 0.000000e+00 1.037331e+10 
776 0.000000e+00 0.000000e+00 1.037333e+10 
777 0.000000e+00 0.000000e+00 1.037330e+10 
778 0.000000e+00 0.000000e+00 1.037331e+10 
779 0.000000e+00 0.000000e+00 1.037330e+10 
780 0.000000e+00 0.000000e+00 1.037330e+10 
781 0.000000e+00 0.000000e+00 1.037331e+10 
782 0.000000e+00 0.000000e+00 1.037331e+10 
783 0.000000e+00 0.000000e+00 1.037331e+10 
784 0.000000e+00 0.000000e+00 1.037330e+10 
785 0.000000e+00 0.000000e+00 1.037330e+10 
786 0.000000e+00 0.000000e+00 1.037331e+10 
787 0.000000e+00 0.000000e+00 1.037337e+10 
788 0.000000e+00 0.000000e+00 1.037331e+10 
789 0.000000e+00 0.000000e+00 1.037331e+10 
790 0.000000e+00 0.000000e+00 1.037331e+10 
791 0.000000e+00 0.000000e+00 1.037330e+10 
792 0.000000e+00 0.000000e+00 1.037330e+10 
793 0.000000e+00 0.000000e+00 1.037330e+10 
794 0.000000e+00 0.000000e+00 1.037330e+10 
795 0.000000e+00 0.000000e+00 1.037330e+10 
796 0.000000e+00 0.000000e+00 1.037330e+10 
797 0.000000e+00 0.000000e+00 1.037330e+10 
798 0.000000e+00 0.000000e+00 1.037330e+10 
799 0.000000e+00 0.000000e+00 1.037334e+10 
800 0.000000e+00 0.000000e+00 1.037330e+10 
801 0.000000e+00 0.000000e+00 1.037330e+10 
802 0.000000e+00 0.000000e+00 1.037331e+10 
803 0.000000e+00 0.000000e+00 1.037330e+10 
804 0.000000e+00 0.000000e+00 1.037330e+10 
805 0.000000e+00 0.000000e+00 1.037330e+10 
806 0.000000e+00 0.000000e+00 1.037330e+10 
807 0.000000e+00 0.000000e+00 1.037330e+10 
808 0.000000e+00 0.000000e+00 1.037331e+10 
809 0.000000e+00 0.000000e+00 1.037332e+10 
810 0.000000e+00 0.000000e+00 1.037331e+10 
811 0.000000e+00 0.000000e+00 1.037330e+10 
812 0.000000e+00 0.000000e+00 1.037330e+10 
813 0.000000e+00 0.000000e+00 1.037330e+10 
814 0.000000e+00 0.000000e+00 1.037330e+10 
815 0.000000e+00 0.000000e+00 1.037330e+10 
816 0.000000e+00 0.000000e+00 1.037330e+10 
817 0.000000e+00 0.000000e+00 1.037331e+10 
818 0.000000e+00 0.000000e+00 1.037331e+10 
819 0.000000e+00 0.000000e+00 1.037330e+10 
820 0.000000e+00 0.000000e+00 1.037358e+10 
821 0.000000e+00 0.000000e+00 1.037331e+10 
822 0.000000e+00 0.000000e+00 1.037330e+10 
823 0.000000e+00 0.000000e+00 1.037330e+10 
824 0.000000e+00 0.000000e+00 1.037331e+10 
825 0.000000e+00 0.000000e+00 1.037331e+10 
826 0.000000e+00 0.000000e+00 1.037330e+10 
827 0.000000e+00 0.000000e+00 1.037330e+10 
828 0.000000e+00 0.000000e+00 1.037330e+10 
829 0.000000e+00 0.000000e+00 1.037332e+10 
830 0.000000e+00 0.000000e+00 1.037330e+10 
831 0.000000e+00 0.000000e+00 1.037331e+10 
832 0.000000e+00 0.000000e+00 1.037330e+10 
833 0.000000e+00 0.000000e+00 1.037330e+10 
834 0.000000e+00 0.000000e+00 1.037330e+10 
835 0.000000e+00 0.000000e+00 1.037330e+10 
836 0.000000e+00 0.000000e+00 1.037330e+10 
837 0.000000e+00 0.000000e+00 1.037330e+10 
838 0.000000e+00 0.000000e+00 1.037330e+10 
839 0.000000e+00 0.000000e+00 1.037330e+10 
840 0.000000e+00 0.000000e+00 1.037330e+10 
841 0.000000e+00 0.000000e+00 1.037330e+10 
842 0.000000e+00 0.000000e+00 1.037330e+10 
843 0.000000e+00 0.000000e+00 1.037330e+10 
844 0.000000e+00 0.000000e+00 1.037330e+10 
845 0.000000e+00 0.000000e+00 1.037341e+10 
846 0.000000e+00 0.000000e+00 1.037332e+10 
847 0.000000e+00 0.000000e+00 1.037330e+10 
848 0.000000e+00 0.000000e+00 1.037330e+10 
849 0.000000e+00 0.000000e+00 1.037330e+10 
850 0.000000e+00 0.000000e+00 1.037330e+10 
851 0.000000e+00 0.000000e+00 1.037330e+10 
852 0.000000e+00 0.000000e+00 1.037331e+10 
853 0.000000e+00 0.000000e+00 1.037331e+10 
854 0.000000e+00 0.000000e+00 1.037334e+10 
855 0.000000e+00 0.000000e+00 1.037330e+10 
856 0.000000e+00 0.000000e+00 1.037330e+10 
857 0.000000e+00 0.000000e+00 1.037330e+10 
858 0.000000e+00 0.000000e+00 1.037330e+10 
859 0.000000e+00 0.000000e+00 1.037331e+10 
860 0.000000e+00 0.000000e+00 1.037332e+10 
861 0.000000e+00 0.000000e+00 1.037330e+10 
862 0.000000e+00 0.000000e+00 1.037357e+10 
863 0.000000e+00 0.000000e+00 1.037331e+10 
864 0.000000e+00 0.000000e+00 1.037330e+10 
865 0.000000e+00 0.000000e+00 1.037330e+10 
866 0.000000e+00 0.000000e+00 1.037330e+10 
867 0.000000e+00 0.000000e+00 1.037330e+10 
868 0.000000e+00 0.000000e+00 1.037330e+10 
869 0.000000e+00 0.000000e+00 1.037331e+10 
870 0.000000e+00 0.000000e+00 1.037331e+10 
871 0.000000e+00 0.000000e+00 1.037331e+10 
872 0.000000e+00 0.000000e+00 1.037331e+10 
873 0.000000e+00 0.000000e+00 1.037331e+10 
874 0.000000e+00 0.000000e+00 1.037330e+10 
875 0.000000e+00 0.000000e+00 1.037331e+10 
876 0.000000e+00 0.000000e+00 1.037330e+10 
877 0.000000e+00 0.000000e+00 1.037331e+10 
878 0.000000e+00 0.000000e+00 1.037330e+10 
879 0.000000e+00 0.000000e+00 1.037330e+10 
880 0.000000e+00 0.000000e+00 1.037330e+10 
881 0.000000e+00 0.000000e+00 1.037330e+10 
882 0.000000e+00 0.000000e+00 1.037330e+10 
883 0.000000e+00 0.000000e+00 1.037330e+10 
884 0.000000e+00 0.000000e+00 1.037330e+10 
885 0.000000e+00 0.000000e+00 1.037334e+10 
886 0.000000e+00 0.000000e+00 1.037331e+10 
887 0.000000e+00 0.000000e+00 1.037331e+10 
888 0.000000e+00 0.000000e+00 1.037332e+10 
889 0.000000e+00 0.000000e+00 1.037330e+10 
890 0.000000e+00 0.000000e+00 1.037330e+10 
891 0.000000e+00 0.000000e+00 1.037330e+10 
892 0.000000e+00 0.000000e+00 1.037330e+10 
893 0.000000e+00 0.000000e+00 1.037331e+10 
894 0.000000e+00 0.000000e+00 1.037332e+10 
895 0.000000e+00 0.000000e+00 1.037341e+10 
896 0.000000e+00 0.000000e+00 1.037331e+10 
897 0.000000e+00 0.000000e+00 1.037330e+10 
898 0.000000e+00 0.000000e+00 1.037331e+10 
899 0.000000e+00 0.000000e+00 1.037330e+10 
900 0.000000e+00 0.000000e+00 1.037330e+10 
901 0.000000e+00 0.000000e+00 1.037330e+10 
902 0.000000e+00 0.000000e+00 1.037331e+10 
903 0.000000e+00 0.000000e+00 1.037331e+10 
904 0.000000e+00 0.000000e+00 1.037330e+10 
905 0.000000e+00 0.000000e+00 1.037331e+10 
906 0.000000e+00 0.000000e+00 1.037331e+10 
907 0.000000e+00 0.000000e+00 1.037330e+10 
908 0.000000e+00 0.000000e+00 1.037330e+10 
909 0.000000e+00 0.000000e+00 1.037331e+10 
910 0.000000e+00 0.000000e+00 1.037330e+10 
911 0.000000e+00 0.000000e+00 1.037331e+10 
912 0.000000e+00 0.000000e+00 1.037331e+10 
913 0.000000e+00 0.000000e+00 1.037330e+10 
914 0.000000e+00 0.000000e+00 1.037331e+10 
915 0.000000e+00 0.000000e+00 1.037331e+10 
916 0.000000e+00 0.000000e+00 1.037330e+10 
917 0.000000e+00 0.000000e+00 1.037330e+10 
918 0.000000e+00 0.000000e+00 1.037330e+10 
919 0.000000e+00 0.000000e+00 1.037332e+10 
920 0.000000e+00 0.000000e+00 1.037330e+10 
921 0.000000e+00 0.000000e+00 1.037337e+10 
922 0.000000e+00 0.000000e+00 1.037331e+10 
923 0.000000e+00 0.000000e+00 1.037331e+10 
924 0.000000e+00 0.000000e+00 1.037330e+10 
925 0.000000e+00 0.000000e+00 1.037330e+10 
926 0.000000e+00 0.000000e+00 1.037330e+10 
927 0.000000e+00 0.000000e+00 1.037330e+10 
928 0.000000e+00 0.000000e+00 1.037330e+10 
929 0.000000e+00 0.000000e+00 1.037330e+10 
930 0.000000e+00 0.000000e+00 1.037330e+10 
931 0.000000e+00 0.000000e+00 1.037330e+10 
932 0.000000e+00 0.000000e+00 1.037330e+10 
933 0.000000e+00 0.000000e+00 1.037330e+10 
934 0.000000e+00 0.000000e+00 1.037330e+10 
935 0.000000e+00 0.000000e+00 1.037330e+10 
936 0.000000e+00 0.000000e+00 1.037331e+10 
937 0.000000e+00 0.000000e+00 1.037339e+10 
938 0.000000e+00 0.000000e+00 1.037330e+10 
939 0.000000e+00 0.000000e+00 1.037330e+10 
940 0.000000e+00 0.000000e+00 1.037331e+10 
941 0.000000e+00 0.000000e+00 1.037330e+10 
942 0.000000e+00 0.000000e+00 1.037335e+10 
943 0.000000e+00 0.000000e+00 1.037331e+10 
944 0.000000e+00 0.000000e+00 1.037333e+10 
945 0.000000e+00 0.000000e+00 1.037330e+10 
946 0.000000e+00 0.000000e+00 1.037392e+10 
947 0.000000e+00 0.000000e+00 1.037330e+10 
948 0.000000e+00 0.000000e+00 1.037332e+10 
949 0.000000e+00 0.000000e+00 1.037336e+10 
950 0.000000e+00 0.000000e+00 1.037338e+10 
951 0.000000e+00 0.000000e+00 1.037331e+10 
952 0.000000e+00 0.000000e+00 1.037350e+10 
953 0.000000e+00 0.000000e+00 1.037333e+10 
954 0.000000e+00 0.000000e+00 1.037331e+10 
955 0.000000e+00 0.000000e+00 1.037330e+10 
956 0.000000e+00 0.000000e+00 1.037330e+10 
957 0.000000e+00 0.000000e+00 1.037330e+10 
958 0.000000e+00 0.000000e+00 1.037330e+10 
959 0.000000e+00 0.000000e+00 1.037330e+10 
960 0.000000e+00 0.000000e+00 1.037332e+10 
961 0.000000e+00 0.000000e+00 1.037359e+10 
962 0.000000e+00 0.000000e+00 1.037333e+10 
963 0.000000e+00 0.000000e+00 1.037332e+10 
964 0.000000e+00 0.000000e+00 1.037331e+10 
965 0.000000e+00 0.000000e+00 1.037330e+10 
966 0.000000e+00 0.000000e+00 1.037331e+10 
967 0.000000e+00 0.000000e+00 1.037331e+10 
968 0.000000e+00 0.000000e+00 1.037330e+10 
969 0.000000e+00 0.000000e+00 1.037330e+10 
970 0.000000e+00 0.000000e+00 1.037330e+10 
971 0.000000e+00 0.000000e+00 1.037331e+10 
972 0.000000e+00 0.000000e+00 1.037331e+10 
973 0.000000e+00 0.000000e+00 1.037332e+10 
974 0.000000e+00 0.000000e+00 1.037330e+10 
975 0.000000e+00 0.000000e+00 1.037331e+10 
976 0.000000e+00 0.000000e+00 1.037333e+10 
977 0.000000e+00 0.000000e+00 1.037333e+10 
978 0.000000e+00 0.000000e+00 1.037331e+10 
979 0.000000e+00 0.000000e+00 1.037332e+10 
980 0.000000e+00 0.000000e+00 1.037330e+10 
981 0.000000e+00 0.000000e+00 1.037331e+10 
982 0.000000e+00 0.000000e+00 1.037331e+10 
983 0.000000e+00 0.000000e+00 1.037331e+10 
984 0.000000e+00 0.000000e+00 1.037330e+10 
985 0.000000e+00 0.000000e+00 1.037333e+10 
986 0.000000e+00 0.000000e+00 1.037330e+10 
987 0.000000e+00 0.000000e+00 1.037332e+10 
988 0.000000e+00 0.000000e+00 1.037330e+10 
989 0.000000e+00 0.000000e+00 1.037330e+10 
990 0.000000e+00 0.000000e+00 1.037330e+10 
991 0.000000e+00 0.000000e+00 1.037330e+10 
992 0.000000e+00 0.000000e+00 1.037330e+10 
993 0.000000e+00 0.000000e+00 1.037331e+10 
994 0.000000e+00 0.000000e+00 1.037330e+10 
995 0.000000e+00 0.000000e+00 1.037330e+10 
996 0.000000e+00 0.000000e+00 1.037330e+10 
997 0.000000e+00 0.000000e+00 1.037330e+10 
998 0.000000e+00 0.000000e+00 1.037331e+10 
999 0.000000e+00 0.000000e+00 1.037330e+10 
1000 0.000000e+00 0.000000e+00 1.037330e+10 
1001 0.000000e+00 0.000000e+00 1.037330e+10 
1002 0.000000e+00 0.000000e+00 1.037330e+10 
1003 0.000000e+00 0.000000e+00 1.037330e+10 
1004 0.000000e+00 0.000000e+00 1.037330e+10 
1005 0.000000e+00 0.000000e+00 1.037331e+10 
1006 0.000000e+00 0.000000e+00 1.037344e+10 
1007 0.000000e+00 0.000000e+00 1.037330e+10 
1008 0.000000e+00 0.000000e+00 1.037331e+10 
1009 0.000000e+00 0.000000e+00 1.037331e+10 
1010 0.000000e+00 0.000000e+00 1.037337e+10 
1011 0.000000e+00 0.000000e+00 1.037331e+10 
1012 0.000000e+00 0.000000e+00 1.037330e+10 
1013 0.000000e+00 0.000000e+00 1.037330e+10 
1014 0.000000e+00 0.000000e+00 1.037332e+10 
1015 0.000000e+00 0.000000e+00 1.037332e+10 
1016 0.000000e+00 0.000000e+00 1.037330e+10 
1017 0.000000e+00 0.000000e+00 1.037331e+10 
1018 0.000000e+00 0.000000e+00 1.037330e+10 
1019 0.000000e+00 0.000000e+00 1.037335e+10 
1020 0.000000e+00 0.000000e+00 1.037332e+10 
1021 0.000000e+00 0.000000e+00 1.037334e+10 
1022 0.000000e+00 0.000000e+00 1.037331e+10 
1023 0.000000e+00 0.000000e+00 1.037347e+10 
1024 0.000000e+00 0.000000e+00 1.037330e+10 
1025 0.000000e+00 0.000000e+00 1.037330e+10 
1026 0.000000e+00 0.000000e+00 1.037331e+10 
1027 0.000000e+00 0.000000e+00 1.037330e+10 
1028 0.000000e+00 0.000000e+00 1.037379e+10 
1029 0.000000e+00 0.000000e+00 1.037330e+10 
1030 0.000000e+00 0.000000e+00 1.037331e+10 
1031 0.000000e+00 0.000000e+00 1.037330e+10 
1032 0.000000e+00 0.000000e+00 1.037331e+10 
1033 0.000000e+00 0.000000e+00 1.037330e+10 
1034 0.000000e+00 0.000000e+00 1.037330e+10 
1035 0.000000e+00 0.000000e+00 1.037330e+10 
1036 0.000000e+00 0.000000e+00 1.037330e+10 
1037 0.000000e+00 0.000000e+00 1.037331e+10 
1038 0.000000e+00 0.000000e+00 1.037330e+10 
1039 0.000000e+00 0.000000e+00 1.037330e+10 
1040 0.000000e+00 0.000000e+00 1.037331e+10 
1041 0.000000e+00 0.000000e+00 1.037332e+10 
1042 0.000000e+00 0.000000e+00 1.037331e+10 
1043 0.000000e+00 0.000000e+00 1.037331e+10 
1044 0.000000e+00 0.000000e+00 1.037330e+10 
1045 0.000000e+00 0.000000e+00 1.037330e+10 
1046 0.000000e+00 0.000000e+00 1.037330e+10 
1047 0.000000e+00 0.000000e+00 1.037330e+10 
1048 0.000000e+00 0.000000e+00 1.037330e+10 
1049 0.000000e+00 0.000000e+00 1.037332e+10 
1050 0.000000e+00 0.000000e+00 1.037330e+10 
1051 0.000000e+00 0.000000e+00 1.037331e+10 
1052 0.000000e+00 0.000000e+00 1.037331e+10 
1053 0.000000e+00 0.000000e+00 1.037331e+10 
1054 0.000000e+00 0.000000e+00 1.037337e+10 
1055 0.000000e+00 0.000000e+00 1.037330e+10 
1056 0.000000e+00 0.000000e+00 1.037330e+10 
1057 0.000000e+00 0.000000e+00 1.037332e+10 
1058 0.000000e+00 0.000000e+00 1.037330e+10 
1059 0.000000e+00 0.000000e+00 1.037331e+10 
1060 0.000000e+00 0.000000e+00 1.037331e+10 
1061 0.000000e+00 0.000000e+00 1.037330e+10 
1062 0.000000e+00 0.000000e+00 1.037331e+10 
1063 0.000000e+00 0.000000e+00 1.037343e+10 
1064 0.000000e+00 0.000000e+00 1.037347e+10 
1065 0.000000e+00 0.000000e+00 1.037331e+10 
1066 0.000000e+00 0.000000e+00 1.037332e+10 
1067 0.000000e+00 0.000000e+00 1.037331e+10 
1068 0.000000e+00 0.000000e+00 1.037330e+10 
1069 0.000000e+00 0.000000e+00 1.037330e+10 
1070 0.000000e+00 0.000000e+00 1.037330e+10 
1071 0.000000e+00 0.000000e+00 1.037331e+10 
1072 0.000000e+00 0.000000e+00 1.037330e+10 
1073 0.000000e+00 0.000000e+00 1.037330e+10 
1074 0.000000e+00 0.000000e+00 1.037333e+10 
1075 0.000000e+00 0.000000e+00 1.037330e+10 
1076 0.000000e+00 0.000000e+00 1.037335e+10 
1077 0.000000e+00 0.000000e+00 1.037331e+10 
1078 0.000000e+00 0.000000e+00 1.037330e+10 
1079 0.000000e+00 0.000000e+00 1.037332e+10 
1080 0.000000e+00 0.000000e+00 1.037331e+10 
1081 0.000000e+00 0.000000e+00 1.037330e+10 
1082 0.000000e+00 0.000000e+00 1.037331e+10 
1083 0.000000e+00 0.000000e+00 1.037332e+10 
1084 0.000000e+00 0.000000e+00 1.037351e+10 
1085 0.000000e+00 0.000000e+00 1.037346e+10 
1086 0.000000e+00 0.000000e+00 1.037332e+10 
1087 0.000000e+00 0.000000e+00 1.037331e+10 
1088 0.000000e+00 0.000000e+00 1.037330e+10 
1089 0.000000e+00 0.000000e+00 1.037331e+10 
1090 0.000000e+00 0.000000e+00 1.037330e+10 
1091 0.000000e+00 0.000000e+00 1.037330e+10 
1092 0.000000e+00 0.000000e+00 1.037330e+10 
1093 0.000000e+00 0.000000e+00 1.037330e+10 
1094 0.000000e+00 0.000000e+00 1.037331e+10 
1095 0.000000e+00 0.000000e+00 1.037331e+10 
1096 0.000000e+00 0.000000e+00 1.037331e+10 
1097 0.000000e+00 0.000000e+00 1.037330e+10 
1098 0.000000e+00 0.000000e+00 1.037330e+10 
1099 0.000000e+00 0.000000e+00 1.037330e+10 
1100 0.000000e+00 0.000000e+00 1.037330e+10 
1101 0.000000e+00 0.000000e+00 1.037330e+10 
1102 0.000000e+00 0.000000e+00 1.037331e+10 
1103 0.000000e+00 0.000000e+00 1.037331e+10 
1104 0.000000e+00 0.000000e+00 1.037331e+10 
1105 0.000000e+00 0.000000e+00 1.037334e+10 
1106 0.000000e+00 0.000000e+00 1.037338e+10 
1107 0.000000e+00 0.000000e+00 1.037333e+10 
1108 0.000000e+00 0.000000e+00 1.037330e+10 
1109 0.000000e+00 0.000000e+00 1.037330e+10 
1110 0.000000e+00 0.000000e+00 1.037331e+10 
1111 0.000000e+00 0.000000e+00 1.037330e+10 
1112 0.000000e+00 0.000000e+00 1.037331e+10 
1113 0.000000e+00 0.000000e+00 1.037336e+10 
1114 0.000000e+00 0.000000e+00 1.037330e+10 
1115 0.000000e+00 0.000000e+00 1.037330e+10 
1116 0.000000e+00 0.000000e+00 1.037331e+10 
1117 0.000000e+00 0.000000e+00 1.037330e+10 
1118 0.000000e+00 0.000000e+00 1.037330e+10 
1119 0.000000e+00 0.000000e+00 1.037330e+10 
1120 0.000000e+00 0.000000e+00 1.037331e+10 
1121 0.000000e+00 0.000000e+00 1.037330e+10 
1122 0.000000e+00 0.000000e+00 1.037330e+10 
1123 0.000000e+00 0.000000e+00 1.037330e+10 
1124 0.000000e+00 0.000000e+00 1.037331e+10 
1125 0.000000e+00 0.000000e+00 1.037331e+10 
1126 0.000000e+00 0.000000e+00 1.037330e+10 
1127 0.000000e+00 0.000000e+00 1.037330e+10 
1128 0.000000e+00 0.000000e+00 1.037330e+10 
1129 0.000000e+00 0.000000e+00 1.037331e+10 
1130 0.000000e+00 0.000000e+00 1.037334e+10 
1131 0.000000e+00 0.000000e+00 1.037330e+10 
1132 0.000000e+00 0.000000e+00 1.037330e+10 
1133 0.000000e+00 0.000000e+00 1.037331e+10 
1134 0.000000e+00 0.000000e+00 1.037331e+10 
1135 0.000000e+00 0.000000e+00 1.037330e+10 
1136 0.000000e+00 0.000000e+00 1.037331e+10 
1137 0.000000e+00 0.000000e+00 1.037341e+10 
1138 0.000000e+00 0.000000e+00 1.037330e+10 
1139 0.000000e+00 0.000000e+00 1.037330e+10 
1140 0.000000e+00 0.000000e+00 1.037330e+10 
1141 0.000000e+00 0.000000e+00 1.037330e+10 
1142 0.000000e+00 0.000000e+00 1.037330e+10 
1143 0.000000e+00 0.000000e+00 1.037331e+10 
1144 0.000000e+00 0.000000e+00 1.037331e+10 
1145 0.000000e+00 0.000000e+00 1.037335e+10 
1146 0.000000e+00 0.000000e+00 1.037330e+10 
1147 0.000000e+00 0.000000e+00 1.037330e+10 
1148 0.000000e+00 0.000000e+00 1.037330e+10 
1149 0.000000e+00 0.000000e+00 1.037330e+10 
1150 0.000000e+00 0.000000e+00 1.037330e+10 
1151 0.000000e+00 0.000000e+00 1.037333e+10 
1152 0.000000e+00 0.000000e+00 1.037331e+10 
1153 0.000000e+00 0.000000e+00 1.037330e+10 
1154 0.000000e+00 0.000000e+00 1.037330e+10 
1155 0.000000e+00 0.000000e+00 1.037330e+10 
1156 0.000000e+00 0.000000e+00 1.037330e+10 
1157 0.000000e+00 0.000000e+00 1.037330e+10 
1158 0.000000e+00 0.000000e+00 1.037331e+10 
1159 0.000000e+00 0.000000e+00 1.037331e+10 
1160 0.000000e+00 0.000000e+00 1.037332e+10 
1161 0.000000e+00 0.000000e+00 1.037331e+10 
1162 0.000000e+00 0.000000e+00 1.037331e+10 
1163 0.000000e+00 0.000000e+00 1.037330e+10 
1164 0.000000e+00 0.000000e+00 1.037334e+10 
1165 0.000000e+00 0.000000e+00 1.037330e+10 
1166 0.000000e+00 0.000000e+00 1.037331e+10 
1167 0.000000e+00 0.000000e+00 1.037336e+10 
1168 0.000000e+00 0.000000e+00 1.037340e+10 
1169 0.000000e+00 0.000000e+00 1.037330e+10 
1170 0.000000e+00 0.000000e+00 1.037330e+10 
1171 0.000000e+00 0.000000e+00 1.037334e+10 
1172 0.000000e+00 0.000000e+00 1.037332e+10 
1173 0.000000e+00 0.000000e+00 1.037330e+10 
1174 0.000000e+00 0.000000e+00 1.037331e+10 
1175 0.000000e+00 0.000000e+00 1.037330e+10 
1176 0.000000e+00 0.000000e+00 1.037330e+10 
1177 0.000000e+00 0.000000e+00 1.037330e+10 
1178 0.000000e+00 0.000000e+00 1.037331e+10 
1179 0.000000e+00 0.000000e+00 1.037331e+10 
1180 0.000000e+00 0.000000e+00 1.037331e+10 
1181 0.000000e+00 0.000000e+00 1.037331e+10 
1182 0.000000e+00 0.000000e+00 1.037332e+10 
1183 0.000000e+00 0.000000e+00 1.037330e+10 
1184 0.000000e+00 0.000000e+00 1.037331e+10 
1185 0.000000e+00 0.000000e+00 1.037331e+10 
1186 0.000000e+00 0.000000e+00 1.037331e+10 
1187 0.000000e+00 0.000000e+00 1.037331e+10 
1188 0.000000e+00 0.000000e+00 1.037332e+10 
1189 0.000000e+00 0.000000e+00 1.037332e+10 
1190 0.000000e+00 0.000000e+00 1.037331e+10 
1191 0.000000e+00 0.000000e+00 1.037332e+10 
1192 0.000000e+00 0.000000e+00 1.037331e+10 
1193 0.000000e+00 0.000000e+00 1.037332e+10 
1194 0.000000e+00 0.000000e+00 1.037331e+10 
1195 0.000000e+00 0.000000e+00 1.037330e+10 
1196 0.000000e+00 0.000000e+00 1.037331e+10 
1197 0.000000e+00 0.000000e+00 1.037330e+10 
1198 0.000000e+00 0.000000e+00 1.037330e+10 
1199 0.000000e+00 0.000000e+00 1.037330e+10 
1200 0.000000e+00 0.000000e+00 1.037333e+10 
1201 0.000000e+00 0.000000e+00 1.037330e+10 
1202 0.000000e+00 0.000000e+00 1.037330e+10 
1203 0.000000e+00 0.000000e+00 1.037330e+10 
1204 0.000000e+00 0.000000e+00 1.037332e+10 
1205 0.000000e+00 0.000000e+00 1.037377e+10 
1206 0.000000e+00 0.000000e+00 1.037348e+10 
1207 0.000000e+00 0.000000e+00 1.037338e+10 
1208 0.000000e+00 0.000000e+00 1.037377e+10 
1209 0.000000e+00 0.000000e+00 1.037355e+10 
1210 0.000000e+00 0.000000e+00 1.037331e+10 
1211 0.000000e+00 0.000000e+00 1.037330e+10 
1212 0.000000e+00 0.000000e+00 1.037330e+10 
1213 0.000000e+00 0.000000e+00 1.037335e+10 
1214 0.000000e+00 0.000000e+00 1.037337e+10 
1215 0.000000e+00 0.000000e+00 1.037336e+10 
1216 0.000000e+00 0.000000e+00 1.037330e+10 
1217 0.000000e+00 0.000000e+00 1.037362e+10 
1218 0.000000e+00 0.000000e+00 1.037343e+10 
1219 0.000000e+00 0.000000e+00 1.037336e+10 
1220 0.000000e+00 0.000000e+00 1.037332e+10 
1221 0.000000e+00 0.000000e+00 1.037361e+10 
1222 0.000000e+00 0.000000e+00 1.037331e+10 
1223 0.000000e+00 0.000000e+00 1.037330e+10 
1224 0.000000e+00 0.000000e+00 1.037331e+10 
1225 0.000000e+00 0.000000e+00 1.037332e+10 
1226 0.000000e+00 0.000000e+00 1.037330e+10 
1227 0.000000e+00 0.000000e+00 1.037330e+10 
1228 0.000000e+00 0.000000e+00 1.037368e+10 
1229 0.000000e+00 0.000000e+00 1.037332e+10 
1230 0.000000e+00 0.000000e+00 1.037330e+10 
1231 0.000000e+00 0.000000e+00 1.037330e+10 
1232 0.000000e+00 0.000000e+00 1.037330e+10 
1233 0.000000e+00 0.000000e+00 1.037330e+10 
1234 0.000000e+00 0.000000e+00 1.037330e+10 
1235 0.000000e+00 0.000000e+00 1.037330e+10 
1236 0.000000e+00 0.000000e+00 1.037330e+10 
1237 0.000000e+00 0.000000e+00 1.037331e+10 
1238 0.000000e+00 0.000000e+00 1.037330e+10 
1239 0.000000e+00 0.000000e+00 1.037330e+10 
1240 0.000000e+00 0.000000e+00 1.037330e+10 
1241 0.000000e+00 0.000000e+00 1.037330e+10 
1242 0.000000e+00 0.000000e+00 1.037339e+10 
1243 0.000000e+00 0.000000e+00 1.037330e+10 
1244 0.000000e+00 0.000000e+00 1.037331e+10 
1245 0.000000e+00 0.000000e+00 1.037330e+10 
1246 0.000000e+00 0.000000e+00 1.037330e+10 
1247 0.000000e+00 0.000000e+00 1.037330e+10 
1248 0.000000e+00 0.000000e+00 1.037330e+10 
1249 0.000000e+00 0.000000e+00 1.037331e+10 
1250 0.000000e+00 0.000000e+00 1.037330e+10 
1251 0.000000e+00 0.000000e+00 1.037330e+10 
1252 0.000000e+00 0.000000e+00 1.037330e+10 
1253 0.000000e+00 0.000000e+00 1.037331e+10 
1254 0.000000e+00 0.000000e+00 1.037331e+10 
1255 0.000000e+00 0.000000e+00 1.037336e+10 
1256 0.000000e+00 0.000000e+00 1.037336e+10 
1257 0.000000e+00 0.000000e+00 1.037341e+10 
1258 0.000000e+00 0.000000e+00 1.037331e+10 
1259 0.000000e+00 0.000000e+00 1.037330e+10 
1260 0.000000e+00 0.000000e+00 1.037331e+10 
1261 0.000000e+00 0.000000e+00 1.037330e+10 
1262 0.000000e+00 0.000000e+00 1.037330e+10 
1263 0.000000e+00 0.000000e+00 1.037330e+10 
1264 0.000000e+00 0.000000e+00 1.037330e+10 
1265 0.000000e+00 0.000000e+00 1.037330e+10 
1266 0.000000e+00 0.000000e+00 1.037330e+10 
1267 0.000000e+00 0.000000e+00 1.037330e+10 
1268 0.000000e+00 0.000000e+00 1.037332e+10 
1269 0.000000e+00 0.000000e+00 1.037330e+10 
1270 0.000000e+00 0.000000e+00 1.037330e+10 
1271 0.000000e+00 0.000000e+00 1.037331e+10 
1272 0.000000e+00 0.000000e+00 1.037330e+10 
1273 0.000000e+00 0.000000e+00 1.037330e+10 
1274 0.000000e+00 0.000000e+00 1.037330e+10 
1275 0.000000e+00 0.000000e+00 1.037330e+10 
1276 0.000000e+00 0.000000e+00 1.037330e+10 
1277 0.000000e+00 0.000000e+00 1.037331e+10 
1278 0.000000e+00 0.000000e+00 1.037330e+10 
1279 0.000000e+00 0.000000e+00 1.037330e+10 
1280 0.000000e+00 0.000000e+00 1.037330e+10 
1281 0.000000e+00 0.000000e+00 1.037330e+10 
1282 0.000000e+00 0.000000e+00 1.037331e+10 
1283 0.000000e+00 0.000000e+00 1.037330e+10 
1284 0.000000e+00 0.000000e+00 1.037331e+10 
1285 0.000000e+00 0.000000e+00 1.037332e+10 
1286 0.000000e+00 0.000000e+00 1.037330e+10 
1287 0.000000e+00 0.000000e+00 1.037331e+10 
1288 0.000000e+00 0.000000e+00 1.037330e+10 
1289 0.000000e+00 0.000000e+00 1.037330e+10 
1290 0.000000e+00 0.000000e+00 1.037330e+10 
1291 0.000000e+00 0.000000e+00 1.037331e+10 
1292 0.000000e+00 0.000000e+00 1.037330e+10 
1293 0.000000e+00 0.000000e+00 1.037331e+10 
1294 0.000000e+00 0.000000e+00 1.037331e+10 
1295 0.000000e+00 0.000000e+00 1.037330e+10 
1296 0.000000e+00 0.000000e+00 1.037330e+10 
1297 0.000000e+00 0.000000e+00 1.037330e+10 
1298 0.000000e+00 0.000000e+00 1.037330e+10 
1299 0.000000e+00 0.000000e+00 1.037330e+10 
1300 0.000000e+00 0.000000e+00 1.037331e+10 
1301 0.000000e+00 0.000000e+00 1.037330e+10 
1302 0.000000e+00 0.000000e+00 1.037330e+10 
1303 0.000000e+00 0.000000e+00 1.037330e+10 
1304 0.000000e+00 0.000000e+00 1.037331e+10 
1305 0.000000e+00 0.000000e+00 1.037331e+10 
1306 0.000000e+00 0.000000e+00 1.037331e+10 
1307 0.000000e+00 0.000000e+00 1.037331e+10 
1308 0.000000e+00 0.000000e+00 1.037330e+10 
1309 0.000000e+00 0.000000e+00 1.037330e+10 
1310 0.000000e+00 0.000000e+00 1.037331e+10 
1311 0.000000e+00 0.000000e+00 1.037338e+10 
1312 0.000000e+00 0.000000e+00 1.037330e+10 
1313 0.000000e+00 0.000000e+00 1.037330e+10 
1314 0.000000e+00 0.000000e+00 1.037330e+10 
1315 0.000000e+00 0.000000e+00 1.037330e+10 
1316 0.000000e+00 0.000000e+00 1.037330e+10 
1317 0.000000e+00 0.000000e+00 1.037330e+10 
1318 0.000000e+00 0.000000e+00 1.037330e+10 
1319 0.000000e+00 0.000000e+00 1.037330e+10 
1320 0.000000e+00 0.000000e+00 1.037330e+10 
1321 0.000000e+00 0.000000e+00 1.037330e+10 
1322 0.000000e+00 0.000000e+00 1.037330e+10 
1323 0.000000e+00 0.000000e+00 1.037330e+10 
1324 0.000000e+00 0.000000e+00 1.037330e+10 
1325 0.000000e+00 0.000000e+00 1.037330e+10 
1326 0.000000e+00 0.000000e+00 1.037330e+10 
1327 0.000000e+00 0.000000e+00 1.037330e+10 
1328 0.000000e+00 0.000000e+00 1.037331e+10 
1329 0.000000e+00 0.000000e+00 1.037330e+10 
1330 0.000000e+00 0.000000e+00 1.037330e+10 
1331 0.000000e+00 0.000000e+00 1.037331e+10 
1332 0.000000e+00 0.000000e+00 1.037330e+10 
1333 0.000000e+00 0.000000e+00 1.037330e+10 
1334 0.000000e+00 0.000000e+00 1.037330e+10 
1335 0.000000e+00 0.000000e+00 1.037331e+10 
1336 0.000000e+00 0.000000e+00 1.037335e+10 
1337 0.000000e+00 0.000000e+00 1.037331e+10 
1338 0.000000e+00 0.000000e+00 1.037330e+10 
1339 0.000000e+00 0.000000e+00 1.037330e+10 
1340 0.000000e+00 0.000000e+00 1.037330e+10 
1341 0.000000e+00 0.000000e+00 1.037331e+10 
1342 0.000000e+00 0.000000e+00 1.037330e+10 
1343 0.000000e+00 0.000000e+00 1.037330e+10 
1344 0.000000e+00 0.000000e+00 1.037330e+10 
1345 0.000000e+00 0.000000e+00 1.037331e+10 
1346 0.000000e+00 0.000000e+00 1.037336e+10 
1347 0.000000e+00 0.000000e+00 1.037332e+10 
1348 0.000000e+00 0.000000e+00 1.037331e+10 
1349 0.000000e+00 0.000000e+00 1.037330e+10 
1350 0.000000e+00 0.000000e+00 1.037373e+10 
1351 0.000000e+00 0.000000e+00 1.037330e+10 
1352 0.000000e+00 0.000000e+00 1.037330e+10 
1353 0.000000e+00 0.000000e+00 1.037331e+10 
1354 0.000000e+00 0.000000e+00 1.037331e+10 
1355 0.000000e+00 0.000000e+00 1.037343e+10 
1356 0.000000e+00 0.000000e+00 1.037332e+10 
1357 0.000000e+00 0.000000e+00 1.037331e+10 
1358 0.000000e+00 0.000000e+00 1.037330e+10 
1359 0.000000e+00 0.000000e+00 1.037330e+10 
1360 0.000000e+00 0.000000e+00 1.037332e+10 
1361 0.000000e+00 0.000000e+00 1.037332e+10 
1362 0.000000e+00 0.000000e+00 1.037330e+10 
1363 0.000000e+00 0.000000e+00 1.037331e+10 
1364 0.000000e+00 0.000000e+00 1.037330e+10 
1365 0.000000e+00 0.000000e+00 1.037330e+10 
1366 0.000000e+00 0.000000e+00 1.037332e+10 
1367 0.000000e+00 0.000000e+00 1.037353e+10 
1368 0.000000e+00 0.000000e+00 1.037333e+10 
1369 0.000000e+00 0.000000e+00 1.037331e+10 
1370 0.000000e+00 0.000000e+00 1.037330e+10 
1371 0.000000e+00 0.000000e+00 1.037330e+10 
1372 0.000000e+00 0.000000e+00 1.037330e+10 
1373 0.000000e+00 0.000000e+00 1.037334e+10 
1374 0.000000e+00 0.000000e+00 1.037330e+10 
1375 0.000000e+00 0.000000e+00 1.037330e+10 
1376 0.000000e+00 0.000000e+00 1.037330e+10 
1377 0.000000e+00 0.000000e+00 1.037331e+10 
1378 0.000000e+00 0.000000e+00 1.037331e+10 
1379 0.000000e+00 0.000000e+00 1.037331e+10 
1380 0.000000e+00 0.000000e+00 1.037330e+10 
1381 0.000000e+00 0.000000e+00 1.037330e+10 
1382 0.000000e+00 0.000000e+00 1.037330e+10 
1383 0.000000e+00 0.000000e+00 1.037331e+10 
1384 0.000000e+00 0.000000e+00 1.037332e+10 
1385 0.000000e+00 0.000000e+00 1.037330e+10 
1386 0.000000e+00 0.000000e+00 1.037330e+10 
1387 0.000000e+00 0.000000e+00 1.037349e+10 
1388 0.000000e+00 0.000000e+00 1.037330e+10 
1389 0.000000e+00 0.000000e+00 1.037330e+10 
1390 0.000000e+00 0.000000e+00 1.037330e+10 
1391 0.000000e+00 0.000000e+00 1.037331e+10 
1392 0.000000e+00 0.000000e+00 1.037330e+10 
1393 0.000000e+00 0.000000e+00 1.037330e+10 
1394 0.000000e+00 0.000000e+00 1.037331e+10 
1395 0.000000e+00 0.000000e+00 1.037330e+10 
1396 0.000000e+00 0.000000e+00 1.037331e+10 
1397 0.000000e+00 0.000000e+00 1.037330e+10 
1398 0.000000e+00 0.000000e+00 1.037331e+10 
1399 0.000000e+00 0.000000e+00 1.037330e+10 
1400 0.000000e+00 0.000000e+00 1.037330e+10 
1401 0.000000e+00 0.000000e+00 1.037330e+10 
1402 0.000000e+00 0.000000e+00 1.037330e+10 
1403 0.000000e+00 0.000000e+00 1.037330e+10 
1404 0.000000e+00 0.000000e+00 1.037331e+10 
1405 0.000000e+00 0.000000e+00 1.037330e+10 
1406 0.000000e+00 0.000000e+00 1.037331e+10 
1407 0.000000e+00 0.000000e+00 1.037331e+10 
1408 0.000000e+00 0.000000e+00 1.037331e+10 
1409 0.000000e+00 0.000000e+00 1.037332e+10 
1410 0.000000e+00 0.000000e+00 1.037333e+10 
1411 0.000000e+00 0.000000e+00 1.037331e+10 
1412 0.000000e+00 0.000000e+00 1.037330e+10 
1413 0.000000e+00 0.000000e+00 1.037330e+10 
1414 0.000000e+00 0.000000e+00 1.037330e+10 
1415 0.000000e+00 0.000000e+00 1.037330e+10 
1416 0.000000e+00 0.000000e+00 1.037330e+10 
1417 0.000000e+00 0.000000e+00 1.037330e+10 
1418 0.000000e+00 0.000000e+00 1.037330e+10 
1419 0.000000e+00 0.000000e+00 1.037330e+10 
1420 0.000000e+00 0.000000e+00 1.037331e+10 
1421 0.000000e+00 0.000000e+00 1.037330e+10 
1422 0.000000e+00 0.000000e+00 1.037330e+10 
1423 0.000000e+00 0.000000e+00 1.037332e+10 
1424 0.000000e+00 0.000000e+00 1.037333e+10 
1425 0.000000e+00 0.000000e+00 1.037333e+10 
1426 0.000000e+00 0.000000e+00 1.037331e+10 
1427 0.000000e+00 0.000000e+00 1.037330e+10 
1428 0.000000e+00 0.000000e+00 1.037332e+10 
1429 0.000000e+00 0.000000e+00 1.037333e+10 
1430 0.000000e+00 0.000000e+00 1.037331e+10 
1431 0.000000e+00 0.000000e+00 1.037330e+10 
1432 0.000000e+00 0.000000e+00 1.037330e+10 
1433 0.000000e+00 0.000000e+00 1.037331e+10 
1434 0.000000e+00 0.000000e+00 1.037331e+10 
1435 0.000000e+00 0.000000e+00 1.037330e+10 
1436 0.000000e+00 0.000000e+00 1.037330e+10 
1437 0.000000e+00 0.000000e+00 1.037330e+10 
1438 0.000000e+00 0.000000e+00 1.037338e+10 
1439 0.000000e+00 0.000000e+00 1.037333e+10 
1440 0.000000e+00 0.000000e+00 1.037330e+10 
1441 0.000000e+00 0.000000e+00 1.037331e+10 
1442 0.000000e+00 0.000000e+00 1.037330e+10 
1443 0.000000e+00 0.000000e+00 1.037330e+10 
1444 0.000000e+00 0.000000e+00 1.037331e+10 
1445 0.000000e+00 0.000000e+00 1.037331e+10 
1446 0.000000e+00 0.000000e+00 1.037330e+10 
1447 0.000000e+00 0.000000e+00 1.037330e+10 
1448 0.000000e+00 0.000000e+00 1.037330e+10 
1449 0.000000e+00 0.000000e+00 1.037330e+10 
1450 0.000000e+00 0.000000e+00 1.037334e+10 
1451 0.000000e+00 0.000000e+00 1.037335e+10 
1452 0.000000e+00 0.000000e+00 1.037332e+10 
1453 0.000000e+00 0.000000e+00 1.037331e+10 
1454 0.000000e+00 0.000000e+00 1.037330e+10 
1455 0.000000e+00 0.000000e+00 1.037330e+10 
1456 0.000000e+00 0.000000e+00 1.037330e+10 
1457 0.000000e+00 0.000000e+00 1.037330e+10 
1458 0.000000e+00 0.000000e+00 1.037330e+10 
1459 0.000000e+00 0.000000e+00 1.037331e+10 
1460 0.000000e+00 0.000000e+00 1.037330e+10 
1461 0.000000e+00 0.000000e+00 1.037330e+10 
1462 0.000000e+00 0.000000e+00 1.037330e+10 
1463 0.000000e+00 0.000000e+00 1.037331e+10 
1464 0.000000e+00 0.000000e+00 1.037330e+10 
1465 0.000000e+00 0.000000e+00 1.037330e+10 
1466 0.000000e+00 0.000000e+00 1.037330e+10 
1467 0.000000e+00 0.000000e+00 1.037333e+10 
1468 0.000000e+00 0.000000e+00 1.037331e+10 
1469 0.000000e+00 0.000000e+00 1.037330e+10 
1470 0.000000e+00 0.000000e+00 1.037330e+10 
1471 0.000000e+00 0.000000e+00 1.037331e+10 
1472 0.000000e+00 0.000000e+00 1.037331e+10 
1473 0.000000e+00 0.000000e+00 1.037330e+10 
1474 0.000000e+00 0.000000e+00 1.037330e+10 
1475 0.000000e+00 0.000000e+00 1.037330e+10 
1476 0.000000e+00 0.000000e+00 1.037330e+10 
1477 0.000000e+00 0.000000e+00 1.037331e+10 
1478 0.000000e+00 0.000000e+00 1.037330e+10 
1479 0.000000e+00 0.000000e+00 1.037333e+10 
1480 0.000000e+00 0.000000e+00 1.037330e+10 
1481 0.000000e+00 0.000000e+00 1.037331e+10 
1482 0.000000e+00 0.000000e+00 1.037330e+10 
1483 0.000000e+00 0.000000e+00 1.037331e+10 
1484 0.000000e+00 0.000000e+00 1.037333e+10 
1485 0.000000e+00 0.000000e+00 1.037331e+10 
1486 0.000000e+00 0.000000e+00 1.037333e+10 
1487 0.000000e+00 0.000000e+00 1.037330e+10 
1488 0.000000e+00 0.000000e+00 1.037331e+10 
1489 0.000000e+00 0.000000e+00 1.037330e+10 
1490 0.000000e+00 0.000000e+00 1.037331e+10 
1491 0.000000e+00 0.000000e+00 1.037331e+10 
1492 0.000000e+00 0.000000e+00 1.037330e+10 
1493 0.000000e+00 0.000000e+00 1.037330e+10 
1494 0.000000e+00 0.000000e+00 1.037330e+10 
1495 0.000000e+00 0.000000e+00 1.037331e+10 
1496 0.000000e+00 0.000000e+00 1.037330e+10 
1497 0.000000e+00 0.000000e+00 1.037333e+10 
1498 0.000000e+00 0.000000e+00 1.037332e+10 
1499 0.000000e+00 0.000000e+00 1.037331e+10 
1500 0.000000e+00 0.000000e+00 1.037330e+10 
1501 0.000000e+00 0.000000e+00 1.037330e+10 
1502 0.000000e+00 0.000000e+00 1.037330e+10 
1503 0.000000e+00 0.000000e+00 1.037330e+10 
1504 0.000000e+00 0.000000e+00 1.037330e+10 
1505 0.000000e+00 0.000000e+00 1.037334e+10 
1506 0.000000e+00 0.000000e+00 1.037331e+10 
1507 0.000000e+00 0.000000e+00 1.037330e+10 
1508 0.000000e+00 0.000000e+00 1.037330e+10 
1509 0.000000e+00 0.000000e+00 1.037353e+10 
1510 0.000000e+00 0.000000e+00 1.037330e+10 
1511 0.000000e+00 0.000000e+00 1.037330e+10 
1512 0.000000e+00 0.000000e+00 1.037330e+10 
1513 0.000000e+00 0.000000e+00 1.037330e+10 
1514 0.000000e+00 0.000000e+00 1.037332e+10 
1515 0.000000e+00 0.000000e+00 1.037331e+10 
1516 0.000000e+00 0.000000e+00 1.037331e+10 
1517 0.000000e+00 0.000000e+00 1.037331e+10 
1518 0.000000e+00 0.000000e+00 1.037334e+10 
1519 0.000000e+00 0.000000e+00 1.037330e+10 
1520 0.000000e+00 0.000000e+00 1.037330e+10 
1521 0.000000e+00 0.000000e+00 1.037330e+10 
1522 0.000000e+00 0.000000e+00 1.037332e+10 
1523 0.000000e+00 0.000000e+00 1.037341e+10 
1524 0.000000e+00 0.000000e+00 1.037330e+10 
1525 0.000000e+00 0.000000e+00 1.037330e+10 
1526 0.000000e+00 0.000000e+00 1.037330e+10 
1527 0.000000e+00 0.000000e+00 1.037330e+10 
1528 0.000000e+00 0.000000e+00 1.037333e+10 
1529 0.000000e+00 0.000000e+00 1.037330e+10 
1530 0.000000e+00 0.000000e+00 1.037332e+10 
1531 0.000000e+00 0.000000e+00 1.037331e+10 
1532 0.000000e+00 0.000000e+00 1.037336e+10 
1533 0.000000e+00 0.000000e+00 1.037330e+10 
1534 0.000000e+00 0.000000e+00 1.037331e+10 
1535 0.000000e+00 0.000000e+00 1.037332e+10 
1536 0.000000e+00 0.000000e+00 1.037330e+10 
1537 0.000000e+00 0.000000e+00 1.037339e+10 
1538 0.000000e+00 0.000000e+00 1.037330e+10 
1539 0.000000e+00 0.000000e+00 1.037330e+10 
1540 0.000000e+00 0.000000e+00 1.037331e+10 
1541 0.000000e+00 0.000000e+00 1.037332e+10 
1542 0.000000e+00 0.000000e+00 1.037349e+10 
1543 0.000000e+00 0.000000e+00 1.037330e+10 
1544 0.000000e+00 0.000000e+00 1.037331e+10 
1545 0.000000e+00 0.000000e+00 1.037330e+10 
1546 0.000000e+00 0.000000e+00 1.037331e+10 
1547 0.000000e+00 0.000000e+00 1.037330e+10 
1548 0.000000e+00 0.000000e+00 1.037330e+10 
1549 0.000000e+00 0.000000e+00 1.037331e+10 
1550 0.000000e+00 0.000000e+00 1.037330e+10 
1551 0.000000e+00 0.000000e+00 1.037335e+10 
1552 0.000000e+00 0.000000e+00 1.037331e+10 
1553 0.000000e+00 0.000000e+00 1.037332e+10 
1554 0.000000e+00 0.000000e+00 1.037330e+10 
1555 0.000000e+00 0.000000e+00 1.037330e+10 
1556 0.000000e+00 0.000000e+00 1.037330e+10 
1557 0.000000e+00 0.000000e+00 1.037331e+10 
1558 0.000000e+00 0.000000e+00 1.037330e+10 
1559 0.000000e+00 0.000000e+00 1.037330e+10 
1560 0.000000e+00 0.000000e+00 1.037330e+10 
1561 0.000000e+00 0.000000e+00 1.037330e+10 
1562 0.000000e+00 0.000000e+00 1.037330e+10 
1563 0.000000e+00 0.000000e+00 1.037330e+10 
1564 0.000000e+00 0.000000e+00 1.037330e+10 
1565 0.000000e+00 0.000000e+00 1.037330e+10 
1566 0.000000e+00 0.000000e+00 1.037330e+10 
1567 0.000000e+00 0.000000e+00 1.037330e+10 
1568 0.000000e+00 0.000000e+00 1.037330e+10 
1569 0.000000e+00 0.000000e+00 1.037330e+10 
1570 0.000000e+00 0.000000e+00 1.037331e+10 
1571 0.000000e+00 0.000000e+00 1.037331e+10 
1572 0.000000e+00 0.000000e+00 1.037331e+10 
1573 0.000000e+00 0.000000e+00 1.037330e+10 
1574 0.000000e+00 0.000000e+00 1.037330e+10 
1575 0.000000e+00 0.000000e+00 1.037330e+10 
1576 0.000000e+00 0.000000e+00 1.037360e+10 
1577 0.000000e+00 0.000000e+00 1.037330e+10 
1578 0.000000e+00 0.000000e+00 1.037330e+10 
1579 0.000000e+00 0.000000e+00 1.037331e+10 
1580 0.000000e+00 0.000000e+00 1.037342e+10 
1581 0.000000e+00 0.000000e+00 1.037330e+10 
1582 0.000000e+00 0.000000e+00 1.037332e+10 
1583 0.000000e+00 0.000000e+00 1.037330e+10 
1584 0.000000e+00 0.000000e+00 1.037330e+10 
1585 0.000000e+00 0.000000e+00 1.037331e+10 
1586 0.000000e+00 0.000000e+00 1.037345e+10 
1587 0.000000e+00 0.000000e+00 1.037331e+10 
1588 0.000000e+00 0.000000e+00 1.037341e+10 
1589 0.000000e+00 0.000000e+00 1.037330e+10 
1590 0.000000e+00 0.000000e+00 1.037330e+10 
1591 0.000000e+00 0.000000e+00 1.037330e+10 
1592 0.000000e+00 0.000000e+00 1.037331e+10 
1593 0.000000e+00 0.000000e+00 1.037331e+10 
1594 0.000000e+00 0.000000e+00 1.037330e+10 
1595 0.000000e+00 0.000000e+00 1.037330e+10 
1596 0.000000e+00 0.000000e+00 1.037331e+10 
1597 0.000000e+00 0.000000e+00 1.037331e+10 
1598 0.000000e+00 0.000000e+00 1.037330e+10 
1599 0.000000e+00 0.000000e+00 1.037331e+10 
1600 0.000000e+00 0.000000e+00 1.037330e+10 
1601 0.000000e+00 0.000000e+00 1.037346e+10 
1602 0.000000e+00 0.000000e+00 1.037330e+10 
1603 0.000000e+00 0.000000e+00 1.037330e+10 
1604 0.000000e+00 0.000000e+00 1.037332e+10 
1605 0.000000e+00 0.000000e+00 1.037331e+10 
1606 0.000000e+00 0.000000e+00 1.037330e+10 
1607 0.000000e+00 0.000000e+00 1.037331e+10 
1608 0.000000e+00 0.000000e+00 1.037330e+10 
1609 0.000000e+00 0.000000e+00 1.037330e+10 
1610 0.000000e+00 0.000000e+00 1.037330e+10 
1611 0.000000e+00 0.000000e+00 1.037331e+10 
1612 0.000000e+00 0.000000e+00 1.037331e+10 
1613 0.000000e+00 0.000000e+00 1.037330e+10 
1614 0.000000e+00 0.000000e+00 1.037331e+10 
1615 0.000000e+00 0.000000e+00 1.037330e+10 
1616 0.000000e+00 0.000000e+00 1.037330e+10 
1617 0.000000e+00 0.000000e+00 1.037331e+10 
1618 0.000000e+00 0.000000e+00 1.037330e+10 
1619 0.000000e+00 0.000000e+00 1.037330e+10 
1620 0.000000e+00 0.000000e+00 1.037330e+10 
1621 0.000000e+00 0.000000e+00 1.037330e+10 
1622 0.000000e+00 0.000000e+00 1.037330e+10 
1623 0.000000e+00 0.000000e+00 1.037330e+10 
1624 0.000000e+00 0.000000e+00 1.037330e+10 
1625 0.000000e+00 0.000000e+00 1.037330e+10 
1626 0.000000e+00 0.000000e+00 1.037330e+10 
1627 0.000000e+00 0.000000e+00 1.037330e+10 
1628 0.000000e+00 0.000000e+00 1.037330e+10 
1629 0.000000e+00 0.000000e+00 1.037330e+10 
1630 0.000000e+00 0.000000e+00 1.037330e+10 
1631 0.000000e+00 0.000000e+00 1.037331e+10 
1632 0.000000e+00 0.000000e+00 1.037330e+10 
1633 0.000000e+00 0.000000e+00 1.037330e+10 
1634 0.000000e+00 0.000000e+00 1.037330e+10 
1635 0.000000e+00 0.000000e+00 1.037330e+10 
1636 0.000000e+00 0.000000e+00 1.037330e+10 
1637 0.000000e+00 0.000000e+00 1.037330e+10 
1638 0.000000e+00 0.000000e+00 1.037330e+10 
1639 0.000000e+00 0.000000e+00 1.037330e+10 
1640 0.000000e+00 0.000000e+00 1.037330e+10 
1641 0.000000e+00 0.000000e+00 1.037330e+10 
1642 0.000000e+00 0.000000e+00 1.037330e+10 
1643 0.000000e+00 0.000000e+00 1.037330e+10 
1644 0.000000e+00 0.000000e+00 1.037331e+10 
1645 0.000000e+00 0.000000e+00 1.037331e+10 
1646 0.000000e+00 0.000000e+00 1.037330e+10 
1647 0.000000e+00 0.000000e+00 1.037331e+10 
1648 0.000000e+00 0.000000e+00 1.037331e+10 
1649 0.000000e+00 0.000000e+00 1.037330e+10 
1650 0.000000e+00 0.000000e+00 1.037330e+10 
1651 0.000000e+00 0.000000e+00 1.037332e+10 
1652 0.000000e+00 0.000000e+00 1.037331e+10 
1653 0.000000e+00 0.000000e+00 1.037335e+10 
1654 0.000000e+00 0.000000e+00 1.037330e+10 
1655 0.000000e+00 0.000000e+00 1.037334e+10 
1656 0.000000e+00 0.000000e+00 1.037331e+10 
1657 0.000000e+00 0.000000e+00 1.037330e+10 
1658 0.000000e+00 0.000000e+00 1.037330e+10 
1659 0.000000e+00 0.000000e+00 1.037331e+10 
1660 0.000000e+00 0.000000e+00 1.037331e+10 
1661 0.000000e+00 0.000000e+00 1.037330e+10 
1662 0.000000e+00 0.000000e+00 1.037330e+10 
1663 0.000000e+00 0.000000e+00 1.037330e+10 
1664 0.000000e+00 0.000000e+00 1.037331e+10 
1665 0.000000e+00 0.000000e+00 1.037332e+10 
1666 0.000000e+00 0.000000e+00 1.037330e+10 
1667 0.000000e+00 0.000000e+00 1.037330e+10 
1668 0.000000e+00 0.000000e+00 1.037330e+10 
1669 0.000000e+00 0.000000e+00 1.037330e+10 
1670 0.000000e+00 0.000000e+00 1.037330e+10 
1671 0.000000e+00 0.000000e+00 1.037330e+10 
1672 0.000000e+00 0.000000e+00 1.037330e+10 
1673 0.000000e+00 0.000000e+00 1.037335e+10 
1674 0.000000e+00 0.000000e+00 1.037343e+10 
1675 0.000000e+00 0.000000e+00 1.037338e+10 
1676 0.000000e+00 0.000000e+00 1.037331e+10 
1677 0.000000e+00 0.000000e+00 1.037331e+10 
1678 0.000000e+00 0.000000e+00 1.037330e+10 
1679 0.000000e+00 0.000000e+00 1.037330e+10 
1680 0.000000e+00 0.000000e+00 1.037330e+10 
1681 0.000000e+00 0.000000e+00 1.037331e+10 
1682 0.000000e+00 0.000000e+00 1.037331e+10 
1683 0.000000e+00 0.000000e+00 1.037330e+10 
1684 0.000000e+00 0.000000e+00 1.037331e+10 
1685 0.000000e+00 0.000000e+00 1.037331e+10 
1686 0.000000e+00 0.000000e+00 1.037350e+10 
1687 0.000000e+00 0.000000e+00 1.037348e+10 
1688 0.000000e+00 0.000000e+00 1.037331e+10 
1689 0.000000e+00 0.000000e+00 1.037330e+10 
1690 0.000000e+00 0.000000e+00 1.037331e+10 
1691 0.000000e+00 0.000000e+00 1.037330e+10 
1692 0.000000e+00 0.000000e+00 1.037336e+10 
1693 0.000000e+00 0.000000e+00 1.037332e+10 
1694 0.000000e+00 0.000000e+00 1.037330e+10 
1695 0.000000e+00 0.000000e+00 1.037335e+10 
1696 0.000000e+00 0.000000e+00 1.037335e+10 
1697 0.000000e+00 0.000000e+00 1.037330e+10 
1698 0.000000e+00 0.000000e+00 1.037331e+10 
1699 0.000000e+00 0.000000e+00 1.037331e+10 
1700 0.000000e+00 0.000000e+00 1.037330e+10 
1701 0.000000e+00 0.000000e+00 1.037330e+10 
1702 0.000000e+00 0.000000e+00 1.037330e+10 
1703 0.000000e+00 0.000000e+00 1.037330e+10 
1704 0.000000e+00 0.000000e+00 1.037330e+10 
1705 0.000000e+00 0.000000e+00 1.037330e+10 
1706 0.000000e+00 0.000000e+00 1.037330e+10 
1707 0.000000e+00 0.000000e+00 1.037330e+10 
1708 0.000000e+00 0.000000e+00 1.037330e+10 
1709 0.000000e+00 0.000000e+00 1.037330e+10 
1710 0.000000e+00 0.000000e+00 1.037331e+10 
1711 0.000000e+00 0.000000e+00 1.037331e+10 
1712 0.000000e+00 0.000000e+00 1.037330e+10 
1713 0.000000e+00 0.000000e+00 1.037333e+10 
1714 0.000000e+00 0.000000e+00 1.037331e+10 
1715 0.000000e+00 0.000000e+00 1.037330e+10 
1716 0.000000e+00 0.000000e+00 1.037330e+10 
1717 0.000000e+00 0.000000e+00 1.037331e+10 
1718 0.000000e+00 0.000000e+00 1.037330e+10 
1719 0.000000e+00 0.000000e+00 1.037331e+10 
1720 0.000000e+00 0.000000e+00 1.037332e+10 
1721 0.000000e+00 0.000000e+00 1.037330e+10 
1722 0.000000e+00 0.000000e+00 1.037331e+10 
1723 0.000000e+00 0.000000e+00 1.037330e+10 
1724 0.000000e+00 0.000000e+00 1.037331e+10 
1725 0.000000e+00 0.000000e+00 1.037333e+10 
1726 0.000000e+00 0.000000e+00 1.037330e+10 
1727 0.000000e+00 0.000000e+00 1.037331e+10 
1728 0.000000e+00 0.000000e+00 1.037330e+10 
1729 0.000000e+00 0.000000e+00 1.037331e+10 
1730 0.000000e+00 0.000000e+00 1.037331e+10 
1731 0.000000e+00 0.000000e+00 1.037330e+10 
1732 0.000000e+00 0.000000e+00 1.037330e+10 
1733 0.000000e+00 0.000000e+00 1.037330e+10 
1734 0.000000e+00 0.000000e+00 1.037330e+10 
1735 0.000000e+00 0.000000e+00 1.037331e+10 
1736 0.000000e+00 0.000000e+00 1.037331e+10 
1737 0.000000e+00 0.000000e+00 1.037331e+10 
1738 0.000000e+00 0.000000e+00 1.037330e+10 
1739 0.000000e+00 0.000000e+00 1.037330e+10 
1740 0.000000e+00 0.000000e+00 1.037330e+10 
1741 0.000000e+00 0.000000e+00 1.037330e+10 
1742 0.000000e+00 0.000000e+00 1.037331e+10 
1743 0.000000e+00 0.000000e+00 1.037330e+10 
1744 0.000000e+00 0.000000e+00 1.037330e+10 
1745 0.000000e+00 0.000000e+00 1.037330e+10 
1746 0.000000e+00 0.000000e+00 1.037331e+10 
1747 0.000000e+00 0.000000e+00 1.037331e+10 
1748 0.000000e+00 0.000000e+00 1.037331e+10 
1749 0.000000e+00 0.000000e+00 1.037353e+10 
1750 0.000000e+00 0.000000e+00 1.037332e+10 
1751 0.000000e+00 0.000000e+00 1.037331e+10 
1752 0.000000e+00 0.000000e+00 1.037330e+10 
1753 0.000000e+00 0.000000e+00 1.037331e+10 
1754 0.000000e+00 0.000000e+00 1.037332e+10 
1755 0.000000e+00 0.000000e+00 1.037331e+10 
1756 0.000000e+00 0.000000e+00 1.037330e+10 
1757 0.000000e+00 0.000000e+00 1.037330e+10 
1758 0.000000e+00 0.000000e+00 1.037330e+10 
1759 0.000000e+00 0.000000e+00 1.037330e+10 
1760 0.000000e+00 0.000000e+00 1.037331e+10 
1761 0.000000e+00 0.000000e+00 1.037330e+10 
1762 0.000000e+00 0.000000e+00 1.037330e+10 
1763 0.000000e+00 0.000000e+00 1.037330e+10 
1764 0.000000e+00 0.000000e+00 1.037331e+10 
1765 0.000000e+00 0.000000e+00 1.037331e+10 
1766 0.000000e+00 0.000000e+00 1.037331e+10 
1767 0.000000e+00 0.000000e+00 1.037330e+10 
1768 0.000000e+00 0.000000e+00 1.037330e+10 
1769 0.000000e+00 0.000000e+00 1.037330e+10 
1770 0.000000e+00 0.000000e+00 1.037334e+10 
1771 0.000000e+00 0.000000e+00 1.037331e+10 
1772 0.000000e+00 0.000000e+00 1.037333e+10 
1773 0.000000e+00 0.000000e+00 1.037331e+10 
1774 0.000000e+00 0.000000e+00 1.037332e+10 
1775 0.000000e+00 0.000000e+00 1.037332e+10 
1776 0.000000e+00 0.000000e+00 1.037333e+10 
1777 0.000000e+00 0.000000e+00 1.037333e+10 
1778 0.000000e+00 0.000000e+00 1.037332e+10 
1779 0.000000e+00 0.000000e+00 1.037330e+10 
1780 0.000000e+00 0.000000e+00 1.037330e+10 
1781 0.000000e+00 0.000000e+00 1.037330e+10 
1782 0.000000e+00 0.000000e+00 1.037330e+10 
1783 0.000000e+00 0.000000e+00 1.037331e+10 
1784 0.000000e+00 0.000000e+00 1.037356e+10 
1785 0.000000e+00 0.000000e+00 1.037398e+10 
1786 0.000000e+00 0.000000e+00 1.037331e+10 
1787 0.000000e+00 0.000000e+00 1.037331e+10 
1788 0.000000e+00 0.000000e+00 1.037331e+10 
1789 0.000000e+00 0.000000e+00 1.037331e+10 
1790 0.000000e+00 0.000000e+00 1.037332e+10 
1791 0.000000e+00 0.000000e+00 1.037339e+10 
1792 0.000000e+00 0.000000e+00 1.037330e+10 
1793 0.000000e+00 0.000000e+00 1.037330e+10 
1794 0.000000e+00 0.000000e+00 1.037330e+10 
1795 0.000000e+00 0.000000e+00 1.037337e+10 
1796 0.000000e+00 0.000000e+00 1.037331e+10 
1797 0.000000e+00 0.000000e+00 1.037334e+10 
1798 0.000000e+00 0.000000e+00 1.037331e+10 
1799 0.000000e+00 0.000000e+00 1.037331e+10 
1800 0.000000e+00 0.000000e+00 1.037330e+10 
1801 0.000000e+00 0.000000e+00 1.037330e+10 
1802 0.000000e+00 0.000000e+00 1.037330e+10 
1803 0.000000e+00 0.000000e+00 1.037331e+10 
1804 0.000000e+00 0.000000e+00 1.037330e+10 
1805 0.000000e+00 0.000000e+00 1.037330e+10 
1806 0.000000e+00 0.000000e+00 1.037330e+10 
1807 0.000000e+00 0.000000e+00 1.037331e+10 
1808 0.000000e+00 0.000000e+00 1.037332e+10 
1809 0.000000e+00 0.000000e+00 1.037330e+10 
1810 0.000000e+00 0.000000e+00 1.037330e+10 
1811 0.000000e+00 0.000000e+00 1.037331e+10 
1812 0.000000e+00 0.000000e+00 1.037331e+10 
1813 0.000000e+00 0.000000e+00 1.037330e+10 
1814 0.000000e+00 0.000000e+00 1.037330e+10 
1815 0.000000e+00 0.000000e+00 1.037330e+10 
1816 0.000000e+00 0.000000e+00 1.037331e+10 
1817 0.000000e+00 0.000000e+00 1.037331e+10 
1818 0.000000e+00 0.000000e+00 1.037332e+10 
1819 0.000000e+00 0.000000e+00 1.037330e+10 
1820 0.000000e+00 0.000000e+00 1.037330e+10 
1821 0.000000e+00 0.000000e+00 1.037330e+10 
1822 0.000000e+00 0.000000e+00 1.037331e+10 
1823 0.000000e+00 0.000000e+00 1.037330e+10 
1824 0.000000e+00 0.000000e+00 1.037331e+10 
1825 0.000000e+00 0.000000e+00 1.037330e+10 
1826 0.000000e+00 0.000000e+00 1.037331e+10 
1827 0.000000e+00 0.000000e+00 1.037330e+10 
1828 0.000000e+00 0.000000e+00 1.037331e+10 
1829 0.000000e+00 0.000000e+00 1.037331e+10 
1830 0.000000e+00 0.000000e+00 1.037330e+10 
1831 0.000000e+00 0.000000e+00 1.037330e+10 
1832 0.000000e+00 0.000000e+00 1.037331e+10 
1833 0.000000e+00 0.000000e+00 1.037334e+10 
1834 0.000000e+00 0.000000e+00 1.037330e+10 
1835 0.000000e+00 0.000000e+00 1.037330e+10 
1836 0.000000e+00 0.000000e+00 1.037331e+10 
1837 0.000000e+00 0.000000e+00 1.037330e+10 
1838 0.000000e+00 0.000000e+00 1.037330e+10 
1839 0.000000e+00 0.000000e+00 1.037330e+10 
1840 0.000000e+00 0.000000e+00 1.037330e+10 
1841 0.000000e+00 0.000000e+00 1.037331e+10 
1842 0.000000e+00 0.000000e+00 1.037331e+10 
1843 0.000000e+00 0.000000e+00 1.037330e+10 
1844 0.000000e+00 0.000000e+00 1.037333e+10 
1845 0.000000e+00 0.000000e+00 1.037330e+10 
1846 0.000000e+00 0.000000e+00 1.037331e+10 
1847 0.000000e+00 0.000000e+00 1.037331e+10 
1848 0.000000e+00 0.000000e+00 1.037331e+10 
1849 0.000000e+00 0.000000e+00 1.037330e+10 
1850 0.000000e+00 0.000000e+00 1.037331e+10 
1851 0.000000e+00 0.000000e+00 1.037330e+10 
1852 0.000000e+00 0.000000e+00 1.037330e+10 
1853 0.000000e+00 0.000000e+00 1.037331e+10 
1854 0.000000e+00 0.000000e+00 1.037330e+10 
1855 0.000000e+00 0.000000e+00 1.037340e+10 
1856 0.000000e+00 0.000000e+00 1.037341e+10 
1857 0.000000e+00 0.000000e+00 1.037331e+10 
1858 0.000000e+00 0.000000e+00 1.037332e+10 
1859 0.000000e+00 0.000000e+00 1.037354e+10 
1860 0.000000e+00 0.000000e+00 1.037334e+10 
1861 0.000000e+00 0.000000e+00 1.037332e+10 
1862 0.000000e+00 0.000000e+00 1.037330e+10 
1863 0.000000e+00 0.000000e+00 1.037331e+10 
1864 0.000000e+00 0.000000e+00 1.037330e+10 
1865 0.000000e+00 0.000000e+00 1.037331e+10 
1866 0.000000e+00 0.000000e+00 1.037330e+10 
1867 0.000000e+00 0.000000e+00 1.037330e+10 
1868 0.000000e+00 0.000000e+00 1.037330e+10 
1869 0.000000e+00 0.000000e+00 1.037331e+10 
1870 0.000000e+00 0.000000e+00 1.037330e+10 
1871 0.000000e+00 0.000000e+00 1.037333e+10 
1872 0.000000e+00 0.000000e+00 1.037331e+10 
1873 0.000000e+00 0.000000e+00 1.037330e+10 
1874 0.000000e+00 0.000000e+00 1.037330e+10 
1875 0.000000e+00 0.000000e+00 1.037330e+10 
1876 0.000000e+00 0.000000e+00 1.037330e+10 
1877 0.000000e+00 0.000000e+00 1.037330e+10 
1878 0.000000e+00 0.000000e+00 1.037330e+10 
1879 0.000000e+00 0.000000e+00 1.037330e+10 
1880 0.000000e+00 0.000000e+00 1.037330e+10 
1881 0.000000e+00 0.000000e+00 1.037331e+10 
1882 0.000000e+00 0.000000e+00 1.037330e+10 
1883 0.000000e+00 0.000000e+00 1.037333e+10 
1884 0.000000e+00 0.000000e+00 1.037338e+10 
1885 0.000000e+00 0.000000e+00 1.037336e+10 
1886 0.000000e+00 0.000000e+00 1.037419e+10 
1887 0.000000e+00 0.000000e+00 1.037330e+10 
1888 0.000000e+00 0.000000e+00 1.037330e+10 
1889 0.000000e+00 0.000000e+00 1.037331e+10 
1890 0.000000e+00 0.000000e+00 1.037331e+10 
1891 0.000000e+00 0.000000e+00 1.037332e+10 
1892 0.000000e+00 0.000000e+00 1.037330e+10 
1893 0.000000e+00 0.000000e+00 1.037331e+10 
1894 0.000000e+00 0.000000e+00 1.037330e+10 
1895 0.000000e+00 0.000000e+00 1.037332e+10 
1896 0.000000e+00 0.000000e+00 1.037332e+10 
1897 0.000000e+00 0.000000e+00 1.037330e+10 
1898 0.000000e+00 0.000000e+00 1.037330e+10 
1899 0.000000e+00 0.000000e+00 1.037332e+10 
1900 0.000000e+00 0.000000e+00 1.037331e+10 
1901 0.000000e+00 0.000000e+00 1.037331e+10 
1902 0.000000e+00 0.000000e+00 1.037330e+10 
1903 0.000000e+00 0.000000e+00 1.037330e+10 
1904 0.000000e+00 0.000000e+00 1.037330e+10 
1905 0.000000e+00 0.000000e+00 1.037333e+10 
1906 0.000000e+00 0.000000e+00 1.037333e+10 
1907 0.000000e+00 0.000000e+00 1.037330e+10 
1908 0.000000e+00 0.000000e+00 1.037369e+10 
1909 0.000000e+00 0.000000e+00 1.037330e+10 
1910 0.000000e+00 0.000000e+00 1.037331e+10 
1911 0.000000e+00 0.000000e+00 1.037330e+10 
1912 0.000000e+00 0.000000e+00 1.037333e+10 
1913 0.000000e+00 0.000000e+00 1.037331e+10 
1914 0.000000e+00 0.000000e+00 1.037330e+10 
1915 0.000000e+00 0.000000e+00 1.037330e+10 
1916 0.000000e+00 0.000000e+00 1.037333e+10 
1917 0.000000e+00 0.000000e+00 1.037330e+10 
1918 0.000000e+00 0.000000e+00 1.037330e+10 
1919 0.000000e+00 0.000000e+00 1.037330e+10 
1920 0.000000e+00 0.000000e+00 1.037330e+10 
1921 0.000000e+00 0.000000e+00 1.037330e+10 
1922 0.000000e+00 0.000000e+00 1.037332e+10 
1923 0.000000e+00 0.000000e+00 1.037330e+10 
1924 0.000000e+00 0.000000e+00 1.037331e+10 
1925 0.000000e+00 0.000000e+00 1.037331e+10 
1926 0.000000e+00 0.000000e+00 1.037334e+10 
1927 0.000000e+00 0.000000e+00 1.037335e+10 
1928 0.000000e+00 0.000000e+00 1.037331e+10 
1929 0.000000e+00 0.000000e+00 1.037330e+10 
1930 0.000000e+00 0.000000e+00 1.037330e+10 
1931 0.000000e+00 0.000000e+00 1.037331e+10 
1932 0.000000e+00 0.000000e+00 1.037357e+10 
1933 0.000000e+00 0.000000e+00 1.037332e+10 
1934 0.000000e+00 0.000000e+00 1.037330e+10 
1935 0.000000e+00 0.000000e+00 1.037331e+10 
1936 0.000000e+00 0.000000e+00 1.037333e+10 
1937 0.000000e+00 0.000000e+00 1.037331e+10 
1938 0.000000e+00 0.000000e+00 1.037331e+10 
1939 0.000000e+00 0.000000e+00 1.037330e+10 
1940 0.000000e+00 0.000000e+00 1.037331e+10 
1941 0.000000e+00 0.000000e+00 1.037330e+10 
1942 0.000000e+00 0.000000e+00 1.037330e+10 
1943 0.000000e+00 0.000000e+00 1.037330e+10 
1944 0.000000e+00 0.000000e+00 1.037515e+10 
1945 0.000000e+00 0.000000e+00 1.037330e+10 
1946 0.000000e+00 0.000000e+00 1.037339e+10 
1947 0.000000e+00 0.000000e+00 1.037333e+10 
1948 0.000000e+00 0.000000e+00 1.037337e+10 
1949 0.000000e+00 0.000000e+00 1.037335e+10 
1950 0.000000e+00 0.000000e+00 1.037331e+10 
1951 0.000000e+00 0.000000e+00 1.037330e+10 
1952 0.000000e+00 0.000000e+00 1.037330e+10 
1953 0.000000e+00 0.000000e+00 1.037330e+10 
1954 0.000000e+00 0.000000e+00 1.037330e+10 
1955 0.000000e+00 0.000000e+00 1.037330e+10 
1956 0.000000e+00 0.000000e+00 1.037333e+10 
1957 0.000000e+00 0.000000e+00 1.037339e+10 
1958 0.000000e+00 0.000000e+00 1.037333e+10 
1959 0.000000e+00 0.000000e+00 1.037336e+10 
1960 0.000000e+00 0.000000e+00 1.037338e+10 
1961 0.000000e+00 0.000000e+00 1.037333e+10 
1962 0.000000e+00 0.000000e+00 1.037333e+10 
1963 0.000000e+00 0.000000e+00 1.037330e+10 
1964 0.000000e+00 0.000000e+00 1.037330e+10 
1965 0.000000e+00 0.000000e+00 1.037330e+10 
1966 0.000000e+00 0.000000e+00 1.037331e+10 
1967 0.000000e+00 0.000000e+00 1.037330e+10 
1968 0.000000e+00 0.000000e+00 1.037331e+10 
1969 0.000000e+00 0.000000e+00 1.037330e+10 
1970 0.000000e+00 0.000000e+00 1.037330e+10 
1971 0.000000e+00 0.000000e+00 1.037331e+10 
1972 0.000000e+00 0.000000e+00 1.037332e+10 
1973 0.000000e+00 0.000000e+00 1.037331e+10 
1974 0.000000e+00 0.000000e+00 1.037331e+10 
1975 0.000000e+00 0.000000e+00 1.037330e+10 
1976 0.000000e+00 0.000000e+00 1.037330e+10 
1977 0.000000e+00 0.000000e+00 1.037331e+10 
1978 0.000000e+00 0.000000e+00 1.037332e+10 
1979 0.000000e+00 0.000000e+00 1.037331e+10 
1980 0.000000e+00 0.000000e+00 1.037330e+10 
1981 0.000000e+00 0.000000e+00 1.037331e+10 
1982 0.000000e+00 0.000000e+00 1.037330e+10 
1983 0.000000e+00 0.000000e+00 1.037331e+10 
1984 0.000000e+00 0.000000e+00 1.037330e+10 
1985 0.000000e+00 0.000000e+00 1.037332e+10 
1986 0.000000e+00 0.000000e+00 1.037330e+10 
1987 0.000000e+00 0.000000e+00 1.037330e+10 
1988 0.000000e+00 0.000000e+00 1.037330e+10 
1989 0.000000e+00 0.000000e+00 1.037330e+10 
1990 0.000000e+00 0.000000e+00 1.037330e+10 
1991 0.000000e+00 0.000000e+00 1.037340e+10 
1992 0.000000e+00 0.000000e+00 1.037330e+10 
1993 0.000000e+00 0.000000e+00 1.037332e+10 
1994 0.000000e+00 0.000000e+00 1.037330e+10 
1995 0.000000e+00 0.000000e+00 1.037331e+10 
1996 0.000000e+00 0.000000e+00 1.037333e+10 
1997 0.000000e+00 0.000000e+00 1.037332e+10 
1998 0.000000e+00 0.000000e+00 1.037332e+10 
1999 0.000000e+00 0.000000e+00 1.037330e+10 
2000 0.000000e+00 0.000000e+00 1.037330e+10 
2001 0.000000e+00 0.000000e+00 1.037333e+10 
2002 0.000000e+00 0.000000e+00 1.037330e+10 
2003 0.000000e+00 0.000000e+00 1.037383e+10 
2004 0.000000e+00 0.000000e+00 1.037330e+10 
2005 0.000000e+00 0.000000e+00 1.037331e+10 
2006 0.000000e+00 0.000000e+00 1.037331e+10 
2007 0.000000e+00 0.000000e+00 1.037332e+10 
2008 0.000000e+00 0.000000e+00 1.037331e+10 
2009 0.000000e+00 0.000000e+00 1.037330e+10 
2010 0.000000e+00 0.000000e+00 1.037331e+10 
2011 0.000000e+00 0.000000e+00 1.037331e+10 
2012 0.000000e+00 0.000000e+00 1.037331e+10 
2013 0.000000e+00 0.000000e+00 1.037330e+10 
2014 0.000000e+00 0.000000e+00 1.037330e+10 
2015 0.000000e+00 0.000000e+00 1.037341e+10 
2016 0.000000e+00 0.000000e+00 1.037330e+10 
2017 0.000000e+00 0.000000e+00 1.037332e+10 
2018 0.000000e+00 0.000000e+00 1.037330e+10 
2019 0.000000e+00 0.000000e+00 1.037330e+10 
2020 0.000000e+00 0.000000e+00 1.037330e+10 
2021 0.000000e+00 0.000000e+00 1.037330e+10 
2022 0.000000e+00 0.000000e+00 1.037330e+10 
2023 0.000000e+00 0.000000e+00 1.037330e+10 
2024 0.000000e+00 0.000000e+00 1.037330e+10 
2025 0.000000e+00 0.000000e+00 1.037333e+10 
2026 0.000000e+00 0.000000e+00 1.037331e+10 
2027 0.000000e+00 0.000000e+00 1.037332e+10 
2028 0.000000e+00 0.000000e+00 1.037330e+10 
2029 0.000000e+00 0.000000e+00 1.037331e+10 
2030 0.000000e+00 0.000000e+00 1.037333e+10 
2031 0.000000e+00 0.000000e+00 1.037331e+10 
2032 0.000000e+00 0.000000e+00 1.037330e+10 
2033 0.000000e+00 0.000000e+00 1.037330e+10 
2034 0.000000e+00 0.000000e+00 1.037333e+10 
2035 0.000000e+00 0.000000e+00 1.037330e+10 
2036 0.000000e+00 0.000000e+00 1.037331e+10 
2037 0.000000e+00 0.000000e+00 1.037330e+10 
2038 0.000000e+00 0.000000e+00 1.037330e+10 
2039 0.000000e+00 0.000000e+00 1.037332e+10 
2040 0.000000e+00 0.000000e+00 1.037330e+10 
2041 0.000000e+00 0.000000e+00 1.037331e+10 
2042 0.000000e+00 0.000000e+00 1.037330e+10 
2043 0.000000e+00 0.000000e+00 1.037334e+10 
2044 0.000000e+00 0.000000e+00 1.037332e+10 
2045 0.000000e+00 0.000000e+00 1.037331e+10 
2046 0.000000e+00 0.000000e+00 1.037330e+10 
2047 0.000000e+00 0.000000e+00 1.037330e+10 
2048 0.000000e+00 0.000000e+00 1.037330e+10 
2049 0.000000e+00 0.000000e+00 1.037330e+10 
2050 0.000000e+00 0.000000e+00 1.037330e+10 
2051 0.000000e+00 0.000000e+00 1.037330e+10 
2052 0.000000e+00 0.000000e+00 1.037330e+10 
2053 0.000000e+00 0.000000e+00 1.037330e+10 
2054 0.000000e+00 0.000000e+00 1.037330e+10 
2055 0.000000e+00 0.000000e+00 1.037331e+10 
2056 0.000000e+00 0.000000e+00 1.037331e+10 
2057 0.000000e+00 0.000000e+00 1.037330e+10 
2058 0.000000e+00 0.000000e+00 1.037330e+10 
2059 0.000000e+00 0.000000e+00 1.037330e+10 
2060 0.000000e+00 0.000000e+00 1.037330e+10 
2061 0.000000e+00 0.000000e+00 1.037330e+10 
2062 0.000000e+00 0.000000e+00 1.037330e+10 
2063 0.000000e+00 0.000000e+00 1.037330e+10 
2064 0.000000e+00 0.000000e+00 1.037332e+10 
2065 0.000000e+00 0.000000e+00 1.037331e+10 
2066 0.000000e+00 0.000000e+00 1.037330e+10 
2067 0.000000e+00 0.000000e+00 1.037330e+10 
2068 0.000000e+00 0.000000e+00 1.037330e+10 
2069 0.000000e+00 0.000000e+00 1.037331e+10 
2070 0.000000e+00 0.000000e+00 1.037330e+10 
2071 0.000000e+00 0.000000e+00 1.037332e+10 
2072 0.000000e+00 0.000000e+00 1.037331e+10 
2073 0.000000e+00 0.000000e+00 1.037331e+10 
2074 0.000000e+00 0.000000e+00 1.037330e+10 
2075 0.000000e+00 0.000000e+00 1.037330e+10 
2076 0.000000e+00 0.000000e+00 1.037331e+10 
2077 0.000000e+00 0.000000e+00 1.037337e+10 
2078 0.000000e+00 0.000000e+00 1.037334e+10 
2079 0.000000e+00 0.000000e+00 1.037331e+10 
2080 0.000000e+00 0.000000e+00 1.037330e+10 
2081 0.000000e+00 0.000000e+00 1.037337e+10 
2082 0.000000e+00 0.000000e+00 1.037332e+10 
2083 0.000000e+00 0.000000e+00 1.037330e+10 
2084 0.000000e+00 0.000000e+00 1.037330e+10 
2085 0.000000e+00 0.000000e+00 1.037330e+10 
2086 0.000000e+00 0.000000e+00 1.037331e+10 
2087 0.000000e+00 0.000000e+00 1.037330e+10 
2088 0.000000e+00 0.000000e+00 1.037332e+10 
2089 0.000000e+00 0.000000e+00 1.037351e+10 
2090 0.000000e+00 0.000000e+00 1.037330e+10 
2091 0.000000e+00 0.000000e+00 1.037335e+10 
2092 0.000000e+00 0.000000e+00 1.037330e+10 
2093 0.000000e+00 0.000000e+00 1.037331e+10 
2094 0.000000e+00 0.000000e+00 1.037331e+10 
2095 0.000000e+00 0.000000e+00 1.037334e+10 
2096 0.000000e+00 0.000000e+00 1.037330e+10 
2097 0.000000e+00 0.000000e+00 1.037332e+10 
2098 0.000000e+00 0.000000e+00 1.037331e+10 
2099 0.000000e+00 0.000000e+00 1.037331e+10 
2100 0.000000e+00 0.000000e+00 1.037330e+10 
2101 0.000000e+00 0.000000e+00 1.037331e+10 
2102 0.000000e+00 0.000000e+00 1.037331e+10 
2103 0.000000e+00 0.000000e+00 1.037330e+10 
2104 0.000000e+00 0.000000e+00 1.037332e+10 
2105 0.000000e+00 0.000000e+00 1.037330e+10 
2106 0.000000e+00 0.000000e+00 1.037330e+10 
2107 0.000000e+00 0.000000e+00 1.037331e+10 
2108 0.000000e+00 0.000000e+00 1.037331e+10 
2109 0.000000e+00 0.000000e+00 1.037331e+10 
2110 0.000000e+00 0.000000e+00 1.037330e+10 
2111 0.000000e+00 0.000000e+00 1.037330e+10 
2112 0.000000e+00 0.000000e+00 1.037331e+10 
2113 0.000000e+00 0.000000e+00 1.037330e+10 
2114 0.000000e+00 0.000000e+00 1.037330e+10 
2115 0.000000e+00 0.000000e+00 1.037330e+10 
2116 0.000000e+00 0.000000e+00 1.037331e+10 
2117 0.000000e+00 0.000000e+00 1.037330e+10 
2118 0.000000e+00 0.000000e+00 1.037336e+10 
2119 0.000000e+00 0.000000e+00 1.037331e+10 
2120 0.000000e+00 0.000000e+00 1.037330e+10 
2121 0.000000e+00 0.000000e+00 1.037332e+10 
2122 0.000000e+00 0.000000e+00 1.037330e+10 
2123 0.000000e+00 0.000000e+00 1.037350e+10 
2124 0.000000e+00 0.000000e+00 1.037331e+10 
2125 0.000000e+00 0.000000e+00 1.037330e+10 
2126 0.000000e+00 0.000000e+00 1.037332e+10 
2127 0.000000e+00 0.000000e+00 1.037331e+10 
2128 0.000000e+00 0.000000e+00 1.037330e+10 
2129 0.000000e+00 0.000000e+00 1.037330e+10 
2130 0.000000e+00 0.000000e+00 1.037331e+10 
2131 0.000000e+00 0.000000e+00 1.037331e+10 
2132 0.000000e+00 0.000000e+00 1.037331e+10 
2133 0.000000e+00 0.000000e+00 1.037331e+10 
2134 0.000000e+00 0.000000e+00 1.037331e+10 
2135 0.000000e+00 0.000000e+00 1.037331e+10 
2136 0.000000e+00 0.000000e+00 1.037330e+10 
2137 0.000000e+00 0.000000e+00 1.037330e+10 
2138 0.000000e+00 0.000000e+00 1.037330e+10 
2139 0.000000e+00 0.000000e+00 1.037331e+10 
2140 0.000000e+00 0.000000e+00 1.037330e+10 
2141 0.000000e+00 0.000000e+00 1.037330e+10 
2142 0.000000e+00 0.000000e+00 1.037330e+10 
2143 0.000000e+00 0.000000e+00 1.037330e+10 
2144 0.000000e+00 0.000000e+00 1.037330e+10 
2145 0.000000e+00 0.000000e+00 1.037330e+10 
2146 0.000000e+00 0.000000e+00 1.037330e+10 
2147 0.000000e+00 0.000000e+00 1.037331e+10 
2148 0.000000e+00 0.000000e+00 1.037332e+10 
2149 0.000000e+00 0.000000e+00 1.037330e+10 
2150 0.000000e+00 0.000000e+00 1.037330e+10 
2151 0.000000e+00 0.000000e+00 1.037331e+10 
2152 0.000000e+00 0.000000e+00 1.037331e+10 
2153 0.000000e+00 0.000000e+00 1.037331e+10 
2154 0.000000e+00 0.000000e+00 1.037332e+10 
2155 0.000000e+00 0.000000e+00 1.037330e+10 
2156 0.000000e+00 0.000000e+00 1.037331e+10 
2157 0.000000e+00 0.000000e+00 1.037331e+10 
2158 0.000000e+00 0.000000e+00 1.037330e+10 
2159 0.000000e+00 0.000000e+00 1.037330e+10 
2160 0.000000e+00 0.000000e+00 1.037331e+10 
2161 0.000000e+00 0.000000e+00 1.037336e+10 
2162 0.000000e+00 0.000000e+00 1.037330e+10 
2163 0.000000e+00 0.000000e+00 1.037330e+10 
2164 0.000000e+00 0.000000e+00 1.037330e+10 
2165 0.000000e+00 0.000000e+00 1.037330e+10 
2166 0.000000e+00 0.000000e+00 1.037330e+10 
2167 0.000000e+00 0.000000e+00 1.037333e+10 
2168 0.000000e+00 0.000000e+00 1.037330e+10 
2169 0.000000e+00 0.000000e+00 1.037330e+10 
2170 0.000000e+00 0.000000e+00 1.037330e+10 
2171 0.000000e+00 0.000000e+00 1.037332e+10 
2172 0.000000e+00 0.000000e+00 1.037330e+10 
2173 0.000000e+00 0.000000e+00 1.037330e+10 
2174 0.000000e+00 0.000000e+00 1.037330e+10 
2175 0.000000e+00 0.000000e+00 1.037330e+10 
2176 0.000000e+00 0.000000e+00 1.037331e+10 
2177 0.000000e+00 0.000000e+00 1.037363e+10 
2178 0.000000e+00 0.000000e+00 1.037369e+10 
2179 0.000000e+00 0.000000e+00 1.037334e+10 
2180 0.000000e+00 0.000000e+00 1.037331e+10 
2181 0.000000e+00 0.000000e+00 1.037331e+10 
2182 0.000000e+00 0.000000e+00 1.037335e+10 
2183 0.000000e+00 0.000000e+00 1.037330e+10 
2184 0.000000e+00 0.000000e+00 1.037330e+10 
2185 0.000000e+00 0.000000e+00 1.037330e+10 
2186 0.000000e+00 0.000000e+00 1.037330e+10 
2187 0.000000e+00 0.000000e+00 1.037330e+10 
2188 0.000000e+00 0.000000e+00 1.037331e+10 
2189 0.000000e+00 0.000000e+00 1.037330e+10 
2190 0.000000e+00 0.000000e+00 1.037331e+10 
2191 0.000000e+00 0.000000e+00 1.037330e+10 
2192 0.000000e+00 0.000000e+00 1.037330e+10 
2193 0.000000e+00 0.000000e+00 1.037330e+10 
2194 0.000000e+00 0.000000e+00 1.037330e+10 
2195 0.000000e+00 0.000000e+00 1.037330e+10 
2196 0.000000e+00 0.000000e+00 1.037330e+10 
2197 0.000000e+00 0.000000e+00 1.037331e+10 
2198 0.000000e+00 0.000000e+00 1.037331e+10 
2199 0.000000e+00 0.000000e+00 1.037330e+10 
2200 0.000000e+00 0.000000e+00 1.037330e+10 
2201 0.000000e+00 0.000000e+00 1.037330e+10 
2202 0.000000e+00 0.000000e+00 1.037333e+10 
2203 0.000000e+00 0.000000e+00 1.037330e+10 
2204 0.000000e+00 0.000000e+00 1.037330e+10 
2205 0.000000e+00 0.000000e+00 1.037330e+10 
2206 0.000000e+00 0.000000e+00 1.037360e+10 
2207 0.000000e+00 0.000000e+00 1.037331e+10 
2208 0.000000e+00 0.000000e+00 1.037330e+10 
2209 0.000000e+00 0.000000e+00 1.037330e+10 
2210 0.000000e+00 0.000000e+00 1.037330e+10 
2211 0.000000e+00 0.000000e+00 1.037330e+10 
2212 0.000000e+00 0.000000e+00 1.037330e+10 
2213 0.000000e+00 0.000000e+00 1.037331e+10 
2214 0.000000e+00 0.000000e+00 1.037331e+10 
2215 0.000000e+00 0.000000e+00 1.037330e+10 
2216 0.000000e+00 0.000000e+00 1.037330e+10 
2217 0.000000e+00 0.000000e+00 1.037330e+10 
2218 0.000000e+00 0.000000e+00 1.037330e+10 
2219 0.000000e+00 0.000000e+00 1.037330e+10 
2220 0.000000e+00 0.000000e+00 1.037330e+10 
2221 0.000000e+00 0.000000e+00 1.037331e+10 
2222 0.000000e+00 0.000000e+00 1.037350e+10 
2223 0.000000e+00 0.000000e+00 1.037557e+10 
2224 0.000000e+00 0.000000e+00 1.037332e+10 
2225 0.000000e+00 0.000000e+00 1.037331e+10 
2226 0.000000e+00 0.000000e+00 1.037331e+10 
2227 0.000000e+00 0.000000e+00 1.037330e+10 
2228 0.000000e+00 0.000000e+00 1.037330e+10 
2229 0.000000e+00 0.000000e+00 1.037332e+10 
2230 0.000000e+00 0.000000e+00 1.037331e+10 
2231 0.000000e+00 0.000000e+00 1.037333e+10 
2232 0.000000e+00 0.000000e+00 1.037332e+10 
2233 0.000000e+00 0.000000e+00 1.037330e+10 
2234 0.000000e+00 0.000000e+00 1.037330e+10 
2235 0.000000e+00 0.000000e+00 1.037331e+10 
2236 0.000000e+00 0.000000e+00 1.037330e+10 
2237 0.000000e+00 0.000000e+00 1.037330e+10 
2238 0.000000e+00 0.000000e+00 1.037330e+10 
2239 0.000000e+00 0.000000e+00 1.037331e+10 
2240 0.000000e+00 0.000000e+00 1.037331e+10 
2241 0.000000e+00 0.000000e+00 1.037330e+10 
2242 0.000000e+00 0.000000e+00 1.037330e+10 
2243 0.000000e+00 0.000000e+00 1.037332e+10 
2244 0.000000e+00 0.000000e+00 1.037330e+10 
2245 0.000000e+00 0.000000e+00 1.037331e+10 
2246 0.000000e+00 0.000000e+00 1.037330e+10 
2247 0.000000e+00 0.000000e+00 1.037331e+10 
2248 0.000000e+00 0.000000e+00 1.037331e+10 
2249 0.000000e+00 0.000000e+00 1.037330e+10 
2250 0.000000e+00 0.000000e+00 1.037330e+10 
2251 0.000000e+00 0.000000e+00 1.037330e+10 
2252 0.000000e+00 0.000000e+00 1.037330e+10 
2253 0.000000e+00 0.000000e+00 1.037330e+10 
2254 0.000000e+00 0.000000e+00 1.037330e+10 
2255 0.000000e+00 0.000000e+00 1.037330e+10 
2256 0.000000e+00 0.000000e+00 1.037330e+10 
2257 0.000000e+00 0.000000e+00 1.037330e+10 
2258 0.000000e+00 0.000000e+00 1.037331e+10 
2259 0.000000e+00 0.000000e+00 1.037331e+10 
2260 0.000000e+00 0.000000e+00 1.037332e+10 
2261 0.000000e+00 0.000000e+00 1.037330e+10 
2262 0.000000e+00 0.000000e+00 1.037330e+10 
2263 0.000000e+00 0.000000e+00 1.037330e+10 
2264 0.000000e+00 0.000000e+00 1.037330e+10 
2265 0.000000e+00 0.000000e+00 1.037331e+10 
2266 0.000000e+00 0.000000e+00 1.037330e+10 
2267 0.000000e+00 0.000000e+00 1.037330e+10 
2268 0.000000e+00 0.000000e+00 1.037331e+10 
2269 0.000000e+00 0.000000e+00 1.037330e+10 
2270 0.000000e+00 0.000000e+00 1.037349e+10 
2271 0.000000e+00 0.000000e+00 1.037337e+10 
2272 0.000000e+00 0.000000e+00 1.037342e+10 
2273 0.000000e+00 0.000000e+00 1.037497e+10 
2274 0.000000e+00 0.000000e+00 1.037337e+10 
2275 0.000000e+00 0.000000e+00 1.037335e+10 
2276 0.000000e+00 0.000000e+00 1.037331e+10 
2277 0.000000e+00 0.000000e+00 1.037330e+10 
2278 0.000000e+00 0.000000e+00 1.037331e+10 
2279 0.000000e+00 0.000000e+00 1.037330e+10 
2280 0.000000e+00 0.000000e+00 1.037335e+10 
2281 0.000000e+00 0.000000e+00 1.037331e+10 
2282 0.000000e+00 0.000000e+00 1.037463e+10 
2283 0.000000e+00 0.000000e+00 1.037336e+10 
2284 0.000000e+00 0.000000e+00 1.037348e+10 
2285 0.000000e+00 0.000000e+00 1.037345e+10 
2286 0.000000e+00 0.000000e+00 1.037332e+10 
2287 0.000000e+00 0.000000e+00 1.037356e+10 
2288 0.000000e+00 0.000000e+00 1.037376e+10 
2289 0.000000e+00 0.000000e+00 1.037332e+10 
2290 0.000000e+00 0.000000e+00 1.037331e+10 
2291 0.000000e+00 0.000000e+00 1.037331e+10 
2292 0.000000e+00 0.000000e+00 1.037380e+10 
2293 0.000000e+00 0.000000e+00 1.037331e+10 
2294 0.000000e+00 0.000000e+00 1.037330e+10 
2295 0.000000e+00 0.000000e+00 1.037344e+10 
2296 0.000000e+00 0.000000e+00 1.037372e+10 
2297 0.000000e+00 0.000000e+00 1.037333e+10 
2298 0.000000e+00 0.000000e+00 1.037331e+10 
2299 0.000000e+00 0.000000e+00 1.037333e+10 
2300 0.000000e+00 0.000000e+00 1.037331e+10 
2301 0.000000e+00 0.000000e+00 1.037330e+10 
2302 0.000000e+00 0.000000e+00 1.037330e+10 
2303 0.000000e+00 0.000000e+00 1.037330e+10 
2304 0.000000e+00 0.000000e+00 1.037330e+10 
2305 0.000000e+00 0.000000e+00 1.037330e+10 
2306 0.000000e+00 0.000000e+00 1.037330e+10 
2307 0.000000e+00 0.000000e+00 1.037331e+10 
2308 0.000000e+00 0.000000e+00 1.037333e+10 
2309 0.000000e+00 0.000000e+00 1.037332e+10 
2310 0.000000e+00 0.000000e+00 1.037330e+10 
2311 0.000000e+00 0.000000e+00 1.037330e+10 
2312 0.000000e+00 0.000000e+00 1.037330e+10 
2313 0.000000e+00 0.000000e+00 1.037330e+10 
2314 0.000000e+00 0.000000e+00 1.037330e+10 
2315 0.000000e+00 0.000000e+00 1.037330e+10 
2316 0.000000e+00 0.000000e+00 1.037330e+10 
2317 0.000000e+00 0.000000e+00 1.037330e+10 
2318 0.000000e+00 0.000000e+00 1.037331e+10 
2319 0.000000e+00 0.000000e+00 1.037330e+10 
2320 0.000000e+00 0.000000e+00 1.037332e+10 
2321 0.000000e+00 0.000000e+00 1.037336e+10 
2322 0.000000e+00 0.000000e+00 1.037331e+10 
2323 0.000000e+00 0.000000e+00 1.037330e+10 
2324 0.000000e+00 0.000000e+00 1.037331e+10 
2325 0.000000e+00 0.000000e+00 1.037331e+10 
2326 0.000000e+00 0.000000e+00 1.037335e+10 
2327 0.000000e+00 0.000000e+00 1.037330e+10 
2328 0.000000e+00 0.000000e+00 1.037330e+10 
2329 0.000000e+00 0.000000e+00 1.037339e+10 
2330 0.000000e+00 0.000000e+00 1.037330e+10 
2331 0.000000e+00 0.000000e+00 1.037330e+10 
2332 0.000000e+00 0.000000e+00 1.037336e+10 
2333 0.000000e+00 0.000000e+00 1.037357e+10 
2334 0.000000e+00 0.000000e+00 1.037331e+10 
2335 0.000000e+00 0.000000e+00 1.037330e+10 
2336 0.000000e+00 0.000000e+00 1.037330e+10 
2337 0.000000e+00 0.000000e+00 1.037331e+10 
2338 0.000000e+00 0.000000e+00 1.037330e+10 
2339 0.000000e+00 0.000000e+00 1.037331e+10 
2340 0.000000e+00 0.000000e+00 1.037331e+10 
2341 0.000000e+00 0.000000e+00 1.037330e+10 
2342 0.000000e+00 0.000000e+00 1.037346e+10 
2343 0.000000e+00 0.000000e+00 1.037330e+10 
2344 0.000000e+00 0.000000e+00 1.037339e+10 
2345 0.000000e+00 0.000000e+00 1.037333e+10 
2346 0.000000e+00 0.000000e+00 1.037351e+10 
2347 0.000000e+00 0.000000e+00 1.037367e+10 
2348 0.000000e+00 0.000000e+00 1.037330e+10 
2349 0.000000e+00 0.000000e+00 1.037331e+10 
2350 0.000000e+00 0.000000e+00 1.037330e+10 
2351 0.000000e+00 0.000000e+00 1.037330e+10 
2352 0.000000e+00 0.000000e+00 1.037330e+10 
2353 0.000000e+00 0.000000e+00 1.037330e+10 
2354 0.000000e+00 0.000000e+00 1.037330e+10 
2355 0.000000e+00 0.000000e+00 1.037330e+10 
2356 0.000000e+00 0.000000e+00 1.037331e+10 
2357 0.000000e+00 0.000000e+00 1.037345e+10 
2358 0.000000e+00 0.000000e+00 1.037335e+10 
2359 0.000000e+00 0.000000e+00 1.037332e+10 
2360 0.000000e+00 0.000000e+00 1.037330e+10 
2361 0.000000e+00 0.000000e+00 1.037333e+10 
2362 0.000000e+00 0.000000e+00 1.037333e+10 
2363 0.000000e+00 0.000000e+00 1.037331e+10 
2364 0.000000e+00 0.000000e+00 1.037331e+10 
2365 0.000000e+00 0.000000e+00 1.037330e+10 
2366 0.000000e+00 0.000000e+00 1.037339e+10 
2367 0.000000e+00 0.000000e+00 1.037341e+10 
2368 0.000000e+00 0.000000e+00 1.037332e+10 
2369 0.000000e+00 0.000000e+00 1.037331e+10 
2370 0.000000e+00 0.000000e+00 1.037331e+10 
2371 0.000000e+00 0.000000e+00 1.037330e+10 
2372 0.000000e+00 0.000000e+00 1.037331e+10 
2373 0.000000e+00 0.000000e+00 1.037330e+10 
2374 0.000000e+00 0.000000e+00 1.037332e+10 
2375 0.000000e+00 0.000000e+00 1.037330e+10 
2376 0.000000e+00 0.000000e+00 1.037330e+10 
2377 0.000000e+00 0.000000e+00 1.037330e+10 
2378 0.000000e+00 0.000000e+00 1.037336e+10 
2379 0.000000e+00 0.000000e+00 1.037338e+10 
2380 0.000000e+00 0.000000e+00 1.037345e+10 
2381 0.000000e+00 0.000000e+00 1.037331e+10 
2382 0.000000e+00 0.000000e+00 1.037332e+10 
2383 0.000000e+00 0.000000e+00 1.037330e+10 
2384 0.000000e+00 0.000000e+00 1.037330e+10 
2385 0.000000e+00 0.000000e+00 1.037330e+10 
2386 0.000000e+00 0.000000e+00 1.037330e+10 
2387 0.000000e+00 0.000000e+00 1.037331e+10 
2388 0.000000e+00 0.000000e+00 1.037330e+10 
2389 0.000000e+00 0.000000e+00 1.037330e+10 
2390 0.000000e+00 0.000000e+00 1.037331e+10 
2391 0.000000e+00 0.000000e+00 1.037330e+10 
2392 0.000000e+00 0.000000e+00 1.037330e+10 
2393 0.000000e+00 0.000000e+00 1.037330e+10 
2394 0.000000e+00 0.000000e+00 1.037330e+10 
2395 0.000000e+00 0.000000e+00 1.037330e+10 
2396 0.000000e+00 0.000000e+00 1.037330e+10 
2397 0.000000e+00 0.000000e+00 1.037330e+10 
2398 0.000000e+00 0.000000e+00 1.037330e+10 
2399 0.000000e+00 0.000000e+00 1.037333e+10 
2400 0.000000e+00 0.000000e+00 1.037332e+10 
2401 0.000000e+00 0.000000e+00 1.037331e+10 
2402 0.000000e+00 0.000000e+00 1.037330e+10 
2403 0.000000e+00 0.000000e+00 1.037330e+10 
2404 0.000000e+00 0.000000e+00 1.037331e+10 
2405 0.000000e+00 0.000000e+00 1.037330e+10 
2406 0.000000e+00 0.000000e+00 1.037331e+10 
2407 0.000000e+00 0.000000e+00 1.037330e+10 
2408 0.000000e+00 0.000000e+00 1.037330e+10 
2409 0.000000e+00 0.000000e+00 1.037330e+10 
2410 0.000000e+00 0.000000e+00 1.037330e+10 
2411 0.000000e+00 0.000000e+00 1.037332e+10 
2412 0.000000e+00 0.000000e+00 1.037354e+10 
2413 0.000000e+00 0.000000e+00 1.037333e+10 
2414 0.000000e+00 0.000000e+00 1.037332e+10 
2415 0.000000e+00 0.000000e+00 1.037330e+10 
2416 0.000000e+00 0.000000e+00 1.037330e+10 
2417 0.000000e+00 0.000000e+00 1.037331e+10 
2418 0.000000e+00 0.000000e+00 1.037330e+10 
2419 0.000000e+00 0.000000e+00 1.037331e+10 
2420 0.000000e+00 0.000000e+00 1.037331e+10 
2421 0.000000e+00 0.000000e+00 1.037330e+10 
2422 0.000000e+00 0.000000e+00 1.037332e+10 
2423 0.000000e+00 0.000000e+00 1.037334e+10 
2424 0.000000e+00 0.000000e+00 1.037331e+10 
2425 0.000000e+00 0.000000e+00 1.037331e+10 
2426 0.000000e+00 0.000000e+00 1.037333e+10 
2427 0.000000e+00 0.000000e+00 1.037330e+10 
2428 0.000000e+00 0.000000e+00 1.037331e+10 
2429 0.000000e+00 0.000000e+00 1.037332e+10 
2430 0.000000e+00 0.000000e+00 1.037330e+10 
2431 0.000000e+00 0.000000e+00 1.037330e+10 
2432 0.000000e+00 0.000000e+00 1.037331e+10 
2433 0.000000e+00 0.000000e+00 1.037333e+10 
2434 0.000000e+00 0.000000e+00 1.037330e+10 
2435 0.000000e+00 0.000000e+00 1.037330e+10 
2436 0.000000e+00 0.000000e+00 1.037330e+10 
2437 0.000000e+00 0.000000e+00 1.037330e+10 
2438 0.000000e+00 0.000000e+00 1.037331e+10 
2439 0.000000e+00 0.000000e+00 1.037330e+10 
2440 0.000000e+00 0.000000e+00 1.037330e+10 
2441 0.000000e+00 0.000000e+00 1.037338e+10 
2442 0.000000e+00 0.000000e+00 1.037331e+10 
2443 0.000000e+00 0.000000e+00 1.037331e+10 
2444 0.000000e+00 0.000000e+00 1.037330e+10 
2445 0.000000e+00 0.000000e+00 1.037335e+10 
2446 0.000000e+00 0.000000e+00 1.037331e+10 
2447 0.000000e+00 0.000000e+00 1.037330e+10 
2448 0.000000e+00 0.000000e+00 1.037331e+10 
2449 0.000000e+00 0.000000e+00 1.037332e+10 
2450 0.000000e+00 0.000000e+00 1.037331e+10 
2451 0.000000e+00 0.000000e+00 1.037334e+10 
2452 0.000000e+00 0.000000e+00 1.037330e+10 
2453 0.000000e+00 0.000000e+00 1.037331e+10 
2454 0.000000e+00 0.000000e+00 1.037330e+10 
2455 0.000000e+00 0.000000e+00 1.037331e+10 
2456 0.000000e+00 0.000000e+00 1.037330e+10 
2457 0.000000e+00 0.000000e+00 1.037331e+10 
2458 0.000000e+00 0.000000e+00 1.037330e+10 
2459 0.000000e+00 0.000000e+00 1.037333e+10 
2460 0.000000e+00 0.000000e+00 1.037331e+10 
2461 0.000000e+00 0.000000e+00 1.037331e+10 
2462 0.000000e+00 0.000000e+00 1.037340e+10 
2463 0.000000e+00 0.000000e+00 1.037330e+10 
2464 0.000000e+00 0.000000e+00 1.037330e+10 
2465 0.000000e+00 0.000000e+00 1.037330e+10 
2466 0.000000e+00 0.000000e+00 1.037331e+10 
2467 0.000000e+00 0.000000e+00 1.037332e+10 
2468 0.000000e+00 0.000000e+00 1.037330e+10 
2469 0.000000e+00 0.000000e+00 1.037331e+10 
2470 0.000000e+00 0.000000e+00 1.037335e+10 
2471 0.000000e+00 0.000000e+00 1.037339e+10 
2472 0.000000e+00 0.000000e+00 1.037331e+10 
2473 0.000000e+00 0.000000e+00 1.037330e+10 
2474 0.000000e+00 0.000000e+00 1.037330e+10 
2475 0.000000e+00 0.000000e+00 1.037331e+10 
2476 0.000000e+00 0.000000e+00 1.037330e+10 
2477 0.000000e+00 0.000000e+00 1.037331e+10 
2478 0.000000e+00 0.000000e+00 1.037331e+10 
2479 0.000000e+00 0.000000e+00 1.037330e+10 
2480 0.000000e+00 0.000000e+00 1.037342e+10 
2481 0.000000e+00 0.000000e+00 1.037332e+10 
2482 0.000000e+00 0.000000e+00 1.037331e+10 
2483 0.000000e+00 0.000000e+00 1.037331e+10 
2484 0.000000e+00 0.000000e+00 1.037330e+10 
2485 0.000000e+00 0.000000e+00 1.037331e+10 
2486 0.000000e+00 0.000000e+00 1.037552e+10 
2487 0.000000e+00 0.000000e+00 1.037331e+10 
2488 0.000000e+00 0.000000e+00 1.037330e+10 
2489 0.000000e+00 0.000000e+00 1.037331e+10 
2490 0.000000e+00 0.000000e+00 1.037330e+10 
2491 0.000000e+00 0.000000e+00 1.037330e+10 
2492 0.000000e+00 0.000000e+00 1.037332e+10 
2493 0.000000e+00 0.000000e+00 1.037330e+10 
2494 0.000000e+00 0.000000e+00 1.037331e+10 
2495 0.000000e+00 0.000000e+00 1.037330e+10 
2496 0.000000e+00 0.000000e+00 1.037333e+10 
2497 0.000000e+00 0.000000e+00 1.037331e+10 
2498 0.000000e+00 0.000000e+00 1.037332e+10 
2499 0.000000e+00 0.000000e+00 1.037331e+10 
2500 0.000000e+00 0.000000e+00 1.037330e+10 
2501 0.000000e+00 0.000000e+00 1.037330e+10 
2502 0.000000e+00 0.000000e+00 1.037331e+10 
2503 0.000000e+00 0.000000e+00 1.037331e+10 
2504 0.000000e+00 0.000000e+00 1.037330e+10 
2505 0.000000e+00 0.000000e+00 1.037331e+10 
2506 0.000000e+00 0.000000e+00 1.037330e+10 
2507 0.000000e+00 0.000000e+00 1.037330e+10 
2508 0.000000e+00 0.000000e+00 1.037331e+10 
2509 0.000000e+00 0.000000e+00 1.037330e+10 
2510 0.000000e+00 0.000000e+00 1.037330e+10 
2511 0.000000e+00 0.000000e+00 1.037330e+10 
2512 0.000000e+00 0.000000e+00 1.037330e+10 
2513 0.000000e+00 0.000000e+00 1.037330e+10 
2514 0.000000e+00 0.000000e+00 1.037330e+10 
2515 0.000000e+00 0.000000e+00 1.037330e+10 
2516 0.000000e+00 0.000000e+00 1.037330e+10 
2517 0.000000e+00 0.000000e+00 1.037331e+10 
2518 0.000000e+00 0.000000e+00 1.037333e+10 
2519 0.000000e+00 0.000000e+00 1.037330e+10 
2520 0.000000e+00 0.000000e+00 1.037330e+10 
2521 0.000000e+00 0.000000e+00 1.037330e+10 
2522 0.000000e+00 0.000000e+00 1.037330e+10 
2523 0.000000e+00 0.000000e+00 1.037333e+10 
2524 0.000000e+00 0.000000e+00 1.037331e+10 
2525 0.000000e+00 0.000000e+00 1.037331e+10 
2526 0.000000e+00 0.000000e+00 1.037331e+10 
2527 0.000000e+00 0.000000e+00 1.037330e+10 
2528 0.000000e+00 0.000000e+00 1.037330e+10 
2529 0.000000e+00 0.000000e+00 1.037331e+10 
2530 0.000000e+00 0.000000e+00 1.037330e+10 
2531 0.000000e+00 0.000000e+00 1.037331e+10 
2532 0.000000e+00 0.000000e+00 1.037330e+10 
2533 0.000000e+00 0.000000e+00 1.037331e+10 
2534 0.000000e+00 0.000000e+00 1.037332e+10 
2535 0.000000e+00 0.000000e+00 1.037335e+10 
2536 0.000000e+00 0.000000e+00 1.037330e+10 
2537 0.000000e+00 0.000000e+00 1.037331e+10 
2538 0.000000e+00 0.000000e+00 1.037332e+10 
2539 0.000000e+00 0.000000e+00 1.037331e+10 
2540 0.000000e+00 0.000000e+00 1.037332e+10 
2541 0.000000e+00 0.000000e+00 1.037330e+10 
2542 0.000000e+00 0.000000e+00 1.037330e+10 
2543 0.000000e+00 0.000000e+00 1.037339e+10 
2544 0.000000e+00 0.000000e+00 1.037335e+10 
2545 0.000000e+00 0.000000e+00 1.037332e+10 
2546 0.000000e+00 0.000000e+00 1.037330e+10 
2547 0.000000e+00 0.000000e+00 1.037331e+10 
2548 0.000000e+00 0.000000e+00 1.037331e+10 
2549 0.000000e+00 0.000000e+00 1.037330e+10 
2550 0.000000e+00 0.000000e+00 1.037331e+10 
2551 0.000000e+00 0.000000e+00 1.037330e+10 
2552 0.000000e+00 0.000000e+00 1.037330e+10 
2553 0.000000e+00 0.000000e+00 1.037330e+10 
2554 0.000000e+00 0.000000e+00 1.037330e+10 
2555 0.000000e+00 0.000000e+00 1.037331e+10 
2556 0.000000e+00 0.000000e+00 1.037331e+10 
2557 0.000000e+00 0.000000e+00 1.037330e+10 
2558 0.000000e+00 0.000000e+00 1.037332e+10 
2559 0.000000e+00 0.000000e+00 1.037330e+10 
2560 0.000000e+00 0.000000e+00 1.037331e+10 
2561 0.000000e+00 0.000000e+00 1.037330e+10 
2562 0.000000e+00 0.000000e+00 1.037330e+10 
2563 0.000000e+00 0.000000e+00 1.037330e+10 
2564 0.000000e+00 0.000000e+00 1.037331e+10 
2565 0.000000e+00 0.000000e+00 1.037333e+10 
2566 0.000000e+00 0.000000e+00 1.037333e+10 
2567 0.000000e+00 0.000000e+00 1.037333e+10 
2568 0.000000e+00 0.000000e+00 1.037330e+10 
2569 0.000000e+00 0.000000e+00 1.037331e+10 
2570 0.000000e+00 0.000000e+00 1.037330e+10 
2571 0.000000e+00 0.000000e+00 1.037330e+10 
2572 0.000000e+00 0.000000e+00 1.037332e+10 
2573 0.000000e+00 0.000000e+00 1.037330e+10 
2574 0.000000e+00 0.000000e+00 1.037330e+10 
2575 0.000000e+00 0.000000e+00 1.037330e+10 
2576 0.000000e+00 0.000000e+00 1.037331e+10 
2577 0.000000e+00 0.000000e+00 1.037331e+10 
2578 0.000000e+00 0.000000e+00 1.037330e+10 
2579 0.000000e+00 0.000000e+00 1.037330e+10 
2580 0.000000e+00 0.000000e+00 1.037330e+10 
2581 0.000000e+00 0.000000e+00 1.037331e+10 
2582 0.000000e+00 0.000000e+00 1.037343e+10 
2583 0.000000e+00 0.000000e+00 1.037331e+10 
2584 0.000000e+00 0.000000e+00 1.037330e+10 
2585 0.000000e+00 0.000000e+00 1.037330e+10 
2586 0.000000e+00 0.000000e+00 1.037330e+10 
2587 0.000000e+00 0.000000e+00 1.037331e+10 
2588 0.000000e+00 0.000000e+00 1.037350e+10 
2589 0.000000e+00 0.000000e+00 1.037330e+10 
2590 0.000000e+00 0.000000e+00 1.037330e+10 
2591 0.000000e+00 0.000000e+00 1.037330e+10 
2592 0.000000e+00 0.000000e+00 1.037330e+10 
2593 0.000000e+00 0.000000e+00 1.037330e+10 
2594 0.000000e+00 0.000000e+00 1.037331e+10 
2595 0.000000e+00 0.000000e+00 1.037330e+10 
2596 0.000000e+00 0.000000e+00 1.037331e+10 
2597 0.000000e+00 0.000000e+00 1.037331e+10 
2598 0.000000e+00 0.000000e+00 1.037330e+10 
2599 0.000000e+00 0.000000e+00 1.037331e+10 
2600 0.000000e+00 0.000000e+00 1.037330e+10 
2601 0.000000e+00 0.000000e+00 1.037330e+10 
2602 0.000000e+00 0.000000e+00 1.037330e+10 
2603 0.000000e+00 0.000000e+00 1.037334e+10 
2604 0.000000e+00 0.000000e+00 1.037334e+10 
2605 0.000000e+00 0.000000e+00 1.037331e+10 
2606 0.000000e+00 0.000000e+00 1.037331e+10 
2607 0.000000e+00 0.000000e+00 1.037330e+10 
2608 0.000000e+00 0.000000e+00 1.037330e+10 
2609 0.000000e+00 0.000000e+00 1.037330e+10 
2610 0.000000e+00 0.000000e+00 1.037330e+10 
2611 0.000000e+00 0.000000e+00 1.037332e+10 
2612 0.000000e+00 0.000000e+00 1.037330e+10 
2613 0.000000e+00 0.000000e+00 1.037331e+10 
2614 0.000000e+00 0.000000e+00 1.037330e+10 
2615 0.000000e+00 0.000000e+00 1.037330e+10 
2616 0.000000e+00 0.000000e+00 1.037330e+10 
2617 0.000000e+00 0.000000e+00 1.037330e+10 
2618 0.000000e+00 0.000000e+00 1.037331e+10 
2619 0.000000e+00 0.000000e+00 1.037335e+10 
2620 0.000000e+00 0.000000e+00 1.037330e+10 
2621 0.000000e+00 0.000000e+00 1.037331e+10 
2622 0.000000e+00 0.000000e+00 1.037330e+10 
2623 0.000000e+00 0.000000e+00 1.037333e+10 
2624 0.000000e+00 0.000000e+00 1.037330e+10 
2625 0.000000e+00 0.000000e+00 1.037331e+10 
2626 0.000000e+00 0.000000e+00 1.037330e+10 
2627 0.000000e+00 0.000000e+00 1.037331e+10 
2628 0.000000e+00 0.000000e+00 1.037330e+10 
2629 0.000000e+00 0.000000e+00 1.037330e+10 
2630 0.000000e+00 0.000000e+00 1.037330e+10 
2631 0.000000e+00 0.000000e+00 1.037330e+10 
2632 0.000000e+00 0.000000e+00 1.037331e+10 
2633 0.000000e+00 0.000000e+00 1.037332e+10 
2634 0.000000e+00 0.000000e+00 1.037331e+10 
2635 0.000000e+00 0.000000e+00 1.037330e+10 
2636 0.000000e+00 0.000000e+00 1.037331e+10 
2637 0.000000e+00 0.000000e+00 1.037330e+10 
2638 0.000000e+00 0.000000e+00 1.037331e+10 
2639 0.000000e+00 0.000000e+00 1.037333e+10 
2640 0.000000e+00 0.000000e+00 1.037340e+10 
2641 0.000000e+00 0.000000e+00 1.037331e+10 
2642 0.000000e+00 0.000000e+00 1.037330e+10 
2643 0.000000e+00 0.000000e+00 1.037330e+10 
2644 0.000000e+00 0.000000e+00 1.037334e+10 
2645 0.000000e+00 0.000000e+00 1.037330e+10 
2646 0.000000e+00 0.000000e+00 1.037330e+10 
2647 0.000000e+00 0.000000e+00 1.037330e+10 
2648 0.000000e+00 0.000000e+00 1.037331e+10 
2649 0.000000e+00 0.000000e+00 1.037330e+10 
2650 0.000000e+00 0.000000e+00 1.037331e+10 
2651 0.000000e+00 0.000000e+00 1.037332e+10 
2652 0.000000e+00 0.000000e+00 1.037333e+10 
2653 0.000000e+00 0.000000e+00 1.037334e+10 
2654 0.000000e+00 0.000000e+00 1.037330e+10 
2655 0.000000e+00 0.000000e+00 1.037331e+10 
2656 0.000000e+00 0.000000e+00 1.037331e+10 
2657 0.000000e+00 0.000000e+00 1.037330e+10 
2658 0.000000e+00 0.000000e+00 1.037331e+10 
2659 0.000000e+00 0.000000e+00 1.037330e+10 
2660 0.000000e+00 0.000000e+00 1.037330e+10 
2661 0.000000e+00 0.000000e+00 1.037332e+10 
2662 0.000000e+00 0.000000e+00 1.037331e+10 
2663 0.000000e+00 0.000000e+00 1.037331e+10 
2664 0.000000e+00 0.000000e+00 1.037330e+10 
2665 0.000000e+00 0.000000e+00 1.037331e+10 
2666 0.000000e+00 0.000000e+00 1.037330e+10 
2667 0.000000e+00 0.000000e+00 1.037330e+10 
2668 0.000000e+00 0.000000e+00 1.037330e+10 
2669 0.000000e+00 0.000000e+00 1.037330e+10 
2670 0.000000e+00 0.000000e+00 1.037330e+10 
2671 0.000000e+00 0.000000e+00 1.037330e+10 
2672 0.000000e+00 0.000000e+00 1.037330e+10 
2673 0.000000e+00 0.000000e+00 1.037336e+10 
2674 0.000000e+00 0.000000e+00 1.037337e+10 
2675 0.000000e+00 0.000000e+00 1.037333e+10 
2676 0.000000e+00 0.000000e+00 1.037330e+10 
2677 0.000000e+00 0.000000e+00 1.037331e+10 
2678 0.000000e+00 0.000000e+00 1.037333e+10 
2679 0.000000e+00 0.000000e+00 1.037331e+10 
2680 0.000000e+00 0.000000e+00 1.037330e+10 
2681 0.000000e+00 0.000000e+00 1.037331e+10 
2682 0.000000e+00 0.000000e+00 1.037332e+10 
2683 0.000000e+00 0.000000e+00 1.037332e+10 
2684 0.000000e+00 0.000000e+00 1.037330e+10 
2685 0.000000e+00 0.000000e+00 1.037330e+10 
2686 0.000000e+00 0.000000e+00 1.037330e+10 
2687 0.000000e+00 0.000000e+00 1.037332e+10 
2688 0.000000e+00 0.000000e+00 1.037330e+10 
2689 0.000000e+00 0.000000e+00 1.037330e+10 
2690 0.000000e+00 0.000000e+00 1.037331e+10 
2691 0.000000e+00 0.000000e+00 1.037331e+10 
2692 0.000000e+00 0.000000e+00 1.037337e+10 
2693 0.000000e+00 0.000000e+00 1.037332e+10 
2694 0.000000e+00 0.000000e+00 1.037330e+10 
2695 0.000000e+00 0.000000e+00 1.037330e+10 
2696 0.000000e+00 0.000000e+00 1.037331e+10 
2697 0.000000e+00 0.000000e+00 1.037330e+10 
2698 0.000000e+00 0.000000e+00 1.037331e+10 
2699 0.000000e+00 0.000000e+00 1.037331e+10 
2700 0.000000e+00 0.000000e+00 1.037331e+10 
2701 0.000000e+00 0.000000e+00 1.037331e+10 
2702 0.000000e+00 0.000000e+00 1.037331e+10 
2703 0.000000e+00 0.000000e+00 1.037330e+10 
2704 0.000000e+00 0.000000e+00 1.037330e+10 
2705 0.000000e+00 0.000000e+00 1.037331e+10 
2706 0.000000e+00 0.000000e+00 1.037331e+10 
2707 0.000000e+00 0.000000e+00 1.037330e+10 
2708 0.000000e+00 0.000000e+00 1.037330e+10 
2709 0.000000e+00 0.000000e+00 1.037330e+10 
2710 0.000000e+00 0.000000e+00 1.037331e+10 
2711 0.000000e+00 0.000000e+00 1.037330e+10 
2712 0.000000e+00 0.000000e+00 1.037331e+10 
2713 0.000000e+00 0.000000e+00 1.037330e+10 
2714 0.000000e+00 0.000000e+00 1.037330e+10 
2715 0.000000e+00 0.000000e+00 1.037331e+10 
2716 0.000000e+00 0.000000e+00 1.037331e+10 
2717 0.000000e+00 0.000000e+00 1.037333e+10 
2718 0.000000e+00 0.000000e+00 1.037331e+10 
2719 0.000000e+00 0.000000e+00 1.037330e+10 
2720 0.000000e+00 0.000000e+00 1.037331e+10 
2721 0.000000e+00 0.000000e+00 1.037330e+10 
2722 0.000000e+00 0.000000e+00 1.037330e+10 
2723 0.000000e+00 0.000000e+00 1.037330e+10 
2724 0.000000e+00 0.000000e+00 1.037330e+10 
2725 0.000000e+00 0.000000e+00 1.037330e+10 
2726 0.000000e+00 0.000000e+00 1.037330e+10 
2727 0.000000e+00 0.000000e+00 1.037330e+10 
2728 0.000000e+00 0.000000e+00 1.037332e+10 
2729 0.000000e+00 0.000000e+00 1.037333e+10 
2730 0.000000e+00 0.000000e+00 1.037331e+10 
2731 0.000000e+00 0.000000e+00 1.037330e+10 
2732 0.000000e+00 0.000000e+00 1.037331e+10 
2733 0.000000e+00 0.000000e+00 1.037330e+10 
2734 0.000000e+00 0.000000e+00 1.037330e+10 
2735 0.000000e+00 0.000000e+00 1.037330e+10 
2736 0.000000e+00 0.000000e+00 1.037331e+10 
2737 0.000000e+00 0.000000e+00 1.037334e+10 
2738 0.000000e+00 0.000000e+00 1.037331e+10 
2739 0.000000e+00 0.000000e+00 1.037330e+10 
2740 0.000000e+00 0.000000e+00 1.037330e+10 
2741 0.000000e+00 0.000000e+00 1.037339e+10 
2742 0.000000e+00 0.000000e+00 1.037334e+10 
2743 0.000000e+00 0.000000e+00 1.037333e+10 
2744 0.000000e+00 0.000000e+00 1.037331e+10 
2745 0.000000e+00 0.000000e+00 1.037330e+10 
2746 0.000000e+00 0.000000e+00 1.037331e+10 
2747 0.000000e+00 0.000000e+00 1.037331e+10 
2748 0.000000e+00 0.000000e+00 1.037330e+10 
2749 0.000000e+00 0.000000e+00 1.037330e+10 
2750 0.000000e+00 0.000000e+00 1.037330e+10 
2751 0.000000e+00 0.000000e+00 1.037331e+10 
2752 0.000000e+00 0.000000e+00 1.037330e+10 
2753 0.000000e+00 0.000000e+00 1.037331e+10 
2754 0.000000e+00 0.000000e+00 1.037342e+10 
2755 0.000000e+00 0.000000e+00 1.037331e+10 
2756 0.000000e+00 0.000000e+00 1.037386e+10 
2757 0.000000e+00 0.000000e+00 1.037333e+10 
2758 0.000000e+00 0.000000e+00 1.037332e+10 
2759 0.000000e+00 0.000000e+00 1.037330e+10 
2760 0.000000e+00 0.000000e+00 1.037330e+10 
2761 0.000000e+00 0.000000e+00 1.037330e+10 
2762 0.000000e+00 0.000000e+00 1.037332e+10 
2763 0.000000e+00 0.000000e+00 1.037331e+10 
2764 0.000000e+00 0.000000e+00 1.037331e+10 
2765 0.000000e+00 0.000000e+00 1.037331e+10 
2766 0.000000e+00 0.000000e+00 1.037337e+10 
2767 0.000000e+00 0.000000e+00 1.037330e+10 
2768 0.000000e+00 0.000000e+00 1.037330e+10 
2769 0.000000e+00 0.000000e+00 1.037331e+10 
2770 0.000000e+00 0.000000e+00 1.037330e+10 
2771 0.000000e+00 0.000000e+00 1.037330e+10 
2772 0.000000e+00 0.000000e+00 1.037334e+10 
2773 0.000000e+00 0.000000e+00 1.037330e+10 
2774 0.000000e+00 0.000000e+00 1.037331e+10 
2775 0.000000e+00 0.000000e+00 1.037331e+10 
2776 0.000000e+00 0.000000e+00 1.037330e+10 
2777 0.000000e+00 0.000000e+00 1.037331e+10 
2778 0.000000e+00 0.000000e+00 1.037331e+10 
2779 0.000000e+00 0.000000e+00 1.037334e+10 
2780 0.000000e+00 0.000000e+00 1.037330e+10 
2781 0.000000e+00 0.000000e+00 1.037330e+10 
2782 0.000000e+00 0.000000e+00 1.037330e+10 
2783 0.000000e+00 0.000000e+00 1.037331e+10 
2784 0.000000e+00 0.000000e+00 1.037335e+10 
2785 0.000000e+00 0.000000e+00 1.037330e+10 
2786 0.000000e+00 0.000000e+00 1.037330e+10 
2787 0.000000e+00 0.000000e+00 1.037360e+10 
2788 0.000000e+00 0.000000e+00 1.037344e+10 
2789 0.000000e+00 0.000000e+00 1.037337e+10 
2790 0.000000e+00 0.000000e+00 1.037331e+10 
2791 0.000000e+00 0.000000e+00 1.037332e+10 
2792 0.000000e+00 0.000000e+00 1.037330e+10 
2793 0.000000e+00 0.000000e+00 1.037330e+10 
2794 0.000000e+00 0.000000e+00 1.037331e+10 
2795 0.000000e+00 0.000000e+00 1.037332e+10 
2796 0.000000e+00 0.000000e+00 1.037332e+10 
2797 0.000000e+00 0.000000e+00 1.037331e+10 
2798 0.000000e+00 0.000000e+00 1.037331e+10 
2799 0.000000e+00 0.000000e+00 1.037331e+10 
2800 0.000000e+00 0.000000e+00 1.037363e+10 
2801 0.000000e+00 0.000000e+00 1.037332e+10 
2802 0.000000e+00 0.000000e+00 1.037331e+10 
2803 0.000000e+00 0.000000e+00 1.037330e+10 
2804 0.000000e+00 0.000000e+00 1.037330e+10 
2805 0.000000e+00 0.000000e+00 1.037331e+10 
2806 0.000000e+00 0.000000e+00 1.037330e+10 
2807 0.000000e+00 0.000000e+00 1.037330e+10 
2808 0.000000e+00 0.000000e+00 1.037331e+10 
2809 0.000000e+00 0.000000e+00 1.037330e+10 
2810 0.000000e+00 0.000000e+00 1.037330e+10 
2811 0.000000e+00 0.000000e+00 1.037332e+10 
2812 0.000000e+00 0.000000e+00 1.037332e+10 
2813 0.000000e+00 0.000000e+00 1.037331e+10 
2814 0.000000e+00 0.000000e+00 1.037330e+10 
2815 0.000000e+00 0.000000e+00 1.037332e+10 
2816 0.000000e+00 0.000000e+00 1.037331e+10 
2817 0.000000e+00 0.000000e+00 1.037330e+10 
2818 0.000000e+00 0.000000e+00 1.037330e+10 
2819 0.000000e+00 0.000000e+00 1.037330e+10 
2820 0.000000e+00 0.000000e+00 1.037333e+10 
2821 0.000000e+00 0.000000e+00 1.037330e+10 
2822 0.000000e+00 0.000000e+00 1.037330e+10 
2823 0.000000e+00 0.000000e+00 1.037332e+10 
2824 0.000000e+00 0.000000e+00 1.037332e+10 
2825 0.000000e+00 0.000000e+00 1.037336e+10 
2826 0.000000e+00 0.000000e+00 1.037332e+10 
2827 0.000000e+00 0.000000e+00 1.037331e+10 
2828 0.000000e+00 0.000000e+00 1.037374e+10 
2829 0.000000e+00 0.000000e+00 1.037331e+10 
2830 0.000000e+00 0.000000e+00 1.037331e+10 
2831 0.000000e+00 0.000000e+00 1.037339e+10 
2832 0.000000e+00 0.000000e+00 1.037335e+10 
2833 0.000000e+00 0.000000e+00 1.037331e+10 
2834 0.000000e+00 0.000000e+00 1.037352e+10 
2835 0.000000e+00 0.000000e+00 1.037332e+10 
2836 0.000000e+00 0.000000e+00 1.037332e+10 
2837 0.000000e+00 0.000000e+00 1.037354e+10 
2838 0.000000e+00 0.000000e+00 1.037332e+10 
2839 0.000000e+00 0.000000e+00 1.037331e+10 
2840 0.000000e+00 0.000000e+00 1.037330e+10 
2841 0.000000e+00 0.000000e+00 1.037330e+10 
2842 0.000000e+00 0.000000e+00 1.037330e+10 
2843 0.000000e+00 0.000000e+00 1.037330e+10 
2844 0.000000e+00 0.000000e+00 1.037332e+10 
2845 0.000000e+00 0.000000e+00 1.037330e+10 
2846 0.000000e+00 0.000000e+00 1.037330e+10 
2847 0.000000e+00 0.000000e+00 1.037330e+10 
2848 0.000000e+00 0.000000e+00 1.037331e+10 
2849 0.000000e+00 0.000000e+00 1.037332e+10 
2850 0.000000e+00 0.000000e+00 1.037331e+10 
2851 0.000000e+00 0.000000e+00 1.037331e+10 
2852 0.000000e+00 0.000000e+00 1.037330e+10 
2853 0.000000e+00 0.000000e+00 1.037330e+10 
2854 0.000000e+00 0.000000e+00 1.037330e+10 
2855 0.000000e+00 0.000000e+00 1.037330e+10 
2856 0.000000e+00 0.000000e+00 1.037330e+10 
2857 0.000000e+00 0.000000e+00 1.037331e+10 
2858 0.000000e+00 0.000000e+00 1.037330e+10 
2859 0.000000e+00 0.000000e+00 1.037330e+10 
2860 0.000000e+00 0.000000e+00 1.037330e+10 
2861 0.000000e+00 0.000000e+00 1.037330e+10 
2862 0.000000e+00 0.000000e+00 1.037349e+10 
2863 0.000000e+00 0.000000e+00 1.037331e+10 
2864 0.000000e+00 0.000000e+00 1.037330e+10 
2865 0.000000e+00 0.000000e+00 1.037337e+10 
2866 0.000000e+00 0.000000e+00 1.037331e+10 
2867 0.000000e+00 0.000000e+00 1.037330e+10 
2868 0.000000e+00 0.000000e+00 1.037339e+10 
2869 0.000000e+00 0.000000e+00 1.037331e+10 
2870 0.000000e+00 0.000000e+00 1.037335e+10 
2871 0.000000e+00 0.000000e+00 1.037340e+10 
2872 0.000000e+00 0.000000e+00 1.037330e+10 
2873 0.000000e+00 0.000000e+00 1.037357e+10 
2874 0.000000e+00 0.000000e+00 1.037330e+10 
2875 0.000000e+00 0.000000e+00 1.037330e+10 
2876 0.000000e+00 0.000000e+00 1.037330e+10 
2877 0.000000e+00 0.000000e+00 1.037330e+10 
2878 0.000000e+00 0.000000e+00 1.037340e+10 
2879 0.000000e+00 0.000000e+00 1.037331e+10 
2880 0.000000e+00 0.000000e+00 1.037331e+10 
2881 0.000000e+00 0.000000e+00 1.037330e+10 
2882 0.000000e+00 0.000000e+00 1.037330e+10 
2883 0.000000e+00 0.000000e+00 1.037330e+10 
2884 0.000000e+00 0.000000e+00 1.037332e+10 
2885 0.000000e+00 0.000000e+00 1.037333e+10 
2886 0.000000e+00 0.000000e+00 1.037330e+10 
2887 0.000000e+00 0.000000e+00 1.037331e+10 
2888 0.000000e+00 0.000000e+00 1.037348e+10 
2889 0.000000e+00 0.000000e+00 1.037352e+10 
2890 0.000000e+00 0.000000e+00 1.037346e+10 
2891 0.000000e+00 0.000000e+00 1.037331e+10 
2892 0.000000e+00 0.000000e+00 1.037332e+10 
2893 0.000000e+00 0.000000e+00 1.037330e+10 
2894 0.000000e+00 0.000000e+00 1.037331e+10 
2895 0.000000e+00 0.000000e+00 1.037332e+10 
2896 0.000000e+00 0.000000e+00 1.037331e+10 
2897 0.000000e+00 0.000000e+00 1.037335e+10 
2898 0.000000e+00 0.000000e+00 1.037330e+10 
2899 0.000000e+00 0.000000e+00 1.037343e+10 
2900 0.000000e+00 0.000000e+00 1.037334e+10 
2901 0.000000e+00 0.000000e+00 1.037333e+10 
2902 0.000000e+00 0.000000e+00 1.037334e+10 
2903 0.000000e+00 0.000000e+00 1.037331e+10 
2904 0.000000e+00 0.000000e+00 1.037331e+10 
2905 0.000000e+00 0.000000e+00 1.037330e+10 
2906 0.000000e+00 0.000000e+00 1.037331e+10 
2907 0.000000e+00 0.000000e+00 1.037330e+10 
2908 0.000000e+00 0.000000e+00 1.037331e+10 
2909 0.000000e+00 0.000000e+00 1.037331e+10 
2910 0.000000e+00 0.000000e+00 1.037330e+10 
2911 0.000000e+00 0.000000e+00 1.037332e+10 
2912 0.000000e+00 0.000000e+00 1.037330e+10 
2913 0.000000e+00 0.000000e+00 1.037330e+10 
2914 0.000000e+00 0.000000e+00 1.037330e+10 
2915 0.000000e+00 0.000000e+00 1.037331e+10 
2916 0.000000e+00 0.000000e+00 1.037330e+10 
2917 0.000000e+00 0.000000e+00 1.037331e+10 
2918 0.000000e+00 0.000000e+00 1.037333e+10 
2919 0.000000e+00 0.000000e+00 1.037330e+10 
2920 0.000000e+00 0.000000e+00 1.037333e+10 
2921 0.000000e+00 0.000000e+00 1.037334e+10 
2922 0.000000e+00 0.000000e+00 1.037332e+10 
2923 0.000000e+00 0.000000e+00 1.037333e+10 
2924 0.000000e+00 0.000000e+00 1.037330e+10 
2925 0.000000e+00 0.000000e+00 1.037387e+10 
2926 0.000000e+00 0.000000e+00 1.037332e+10 
2927 0.000000e+00 0.000000e+00 1.037330e+10 
2928 0.000000e+00 0.000000e+00 1.037330e+10 
2929 0.000000e+00 0.000000e+00 1.037333e+10 
2930 0.000000e+00 0.000000e+00 1.037331e+10 
2931 0.000000e+00 0.000000e+00 1.037332e+10 
2932 0.000000e+00 0.000000e+00 1.037355e+10 
2933 0.000000e+00 0.000000e+00 1.037331e+10 
2934 0.000000e+00 0.000000e+00 1.037331e+10 
2935 0.000000e+00 0.000000e+00 1.037331e+10 
2936 0.000000e+00 0.000000e+00 1.037331e+10 
2937 0.000000e+00 0.000000e+00 1.037331e+10 
2938 0.000000e+00 0.000000e+00 1.037331e+10 
2939 0.000000e+00 0.000000e+00 1.037330e+10 
2940 0.000000e+00 0.000000e+00 1.037330e+10 
2941 0.000000e+00 0.000000e+00 1.037331e+10 
2942 0.000000e+00 0.000000e+00 1.037330e+10 
2943 0.000000e+00 0.000000e+00 1.037331e+10 
2944 0.000000e+00 0.000000e+00 1.037338e+10 
2945 0.000000e+00 0.000000e+00 1.037330e+10 
2946 0.000000e+00 0.000000e+00 1.037331e+10 
2947 0.000000e+00 0.000000e+00 1.037330e+10 
2948 0.000000e+00 0.000000e+00 1.037330e+10 
2949 0.000000e+00 0.000000e+00 1.037330e+10 
2950 0.000000e+00 0.000000e+00 1.037330e+10 
2951 0.000000e+00 0.000000e+00 1.037331e+10 
2952 0.000000e+00 0.000000e+00 1.037331e+10 
2953 0.000000e+00 0.000000e+00 1.037330e+10 
2954 0.000000e+00 0.000000e+00 1.037330e+10 
2955 0.000000e+00 0.000000e+00 1.037331e+10 
2956 0.000000e+00 0.000000e+00 1.037331e+10 
2957 0.000000e+00 0.000000e+00 1.037331e+10 
2958 0.000000e+00 0.000000e+00 1.037333e+10 
2959 0.000000e+00 0.000000e+00 1.037331e+10 
2960 0.000000e+00 0.000000e+00 1.037330e+10 
2961 0.000000e+00 0.000000e+00 1.037330e+10 
2962 0.000000e+00 0.000000e+00 1.037333e+10 
2963 0.000000e+00 0.000000e+00 1.037343e+10 
2964 0.000000e+00 0.000000e+00 1.037360e+10 
2965 0.000000e+00 0.000000e+00 1.037336e+10 
2966 0.000000e+00 0.000000e+00 1.037334e+10 
2967 0.000000e+00 0.000000e+00 1.037330e+10 
2968 0.000000e+00 0.000000e+00 1.037330e+10 
2969 0.000000e+00 0.000000e+00 1.037330e+10 
2970 0.000000e+00 0.000000e+00 1.037330e+10 
2971 0.000000e+00 0.000000e+00 1.037332e+10 
2972 0.000000e+00 0.000000e+00 1.037332e+10 
2973 0.000000e+00 0.000000e+00 1.037371e+10 
2974 0.000000e+00 0.000000e+00 1.037331e+10 
2975 0.000000e+00 0.000000e+00 1.037334e+10 
2976 0.000000e+00 0.000000e+00 1.037330e+10 
2977 0.000000e+00 0.000000e+00 1.037330e+10 
2978 0.000000e+00 0.000000e+00 1.037330e+10 
2979 0.000000e+00 0.000000e+00 1.037331e+10 
2980 0.000000e+00 0.000000e+00 1.037330e+10 
2981 0.000000e+00 0.000000e+00 1.037331e+10 
2982 0.000000e+00 0.000000e+00 1.037331e+10 
2983 0.000000e+00 0.000000e+00 1.037331e+10 
2984 0.000000e+00 0.000000e+00 1.037335e+10 
2985 0.000000e+00 0.000000e+00 1.037330e+10 
2986 0.000000e+00 0.000000e+00 1.037331e+10 
2987 0.000000e+00 0.000000e+00 1.037332e+10 
2988 0.000000e+00 0.000000e+00 1.037331e+10 
2989 0.000000e+00 0.000000e+00 1.037330e+10 
2990 0.000000e+00 0.000000e+00 1.037330e+10 
2991 0.000000e+00 0.000000e+00 1.037334e+10 
2992 0.000000e+00 0.000000e+00 1.037332e+10 
2993 0.000000e+00 0.000000e+00 1.037331e+10 
2994 0.000000e+00 0.000000e+00 1.037331e+10 
2995 0.000000e+00 0.000000e+00 1.037331e+10 
2996 0.000000e+00 0.000000e+00 1.037330e+10 
2997 0.000000e+00 0.000000e+00 1.037330e+10 
2998 0.000000e+00 0.000000e+00 1.037330e+10 
2999 0.000000e+00 0.000000e+00 1.037330e+10 
3000 0.000000e+00 0.000000e+00 1.037331e+10 
3001 0.000000e+00 0.000000e+00 1.037331e+10 
3002 0.000000e+00 0.000000e+00 1.037330e+10 
3003 0.000000e+00 0.000000e+00 1.037331e+10 
3004 0.000000e+00 0.000000e+00 1.037330e+10 
3005 0.000000e+00 0.000000e+00 1.037330e+10 
3006 0.000000e+00 0.000000e+00 1.037330e+10 
3007 0.000000e+00 0.000000e+00 1.037330e+10 
3008 0.000000e+00 0.000000e+00 1.037330e+10 
3009 0.000000e+00 0.000000e+00 1.037330e+10 
3010 0.000000e+00 0.000000e+00 1.037332e+10 
3011 0.000000e+00 0.000000e+00 1.037333e+10 
3012 0.000000e+00 0.000000e+00 1.037331e+10 
3013 0.000000e+00 0.000000e+00 1.037330e+10 
3014 0.000000e+00 0.000000e+00 1.037330e+10 
3015 0.000000e+00 0.000000e+00 1.037330e+10 
3016 0.000000e+00 0.000000e+00 1.037348e+10 
3017 0.000000e+00 0.000000e+00 1.037330e+10 
3018 0.000000e+00 0.000000e+00 1.037403e+10 
3019 0.000000e+00 0.000000e+00 1.037332e+10 
3020 0.000000e+00 0.000000e+00 1.037332e+10 
3021 0.000000e+00 0.000000e+00 1.037331e+10 
3022 0.000000e+00 0.000000e+00 1.037331e+10 
3023 0.000000e+00 0.000000e+00 1.037330e+10 
3024 0.000000e+00 0.000000e+00 1.037330e+10 
3025 0.000000e+00 0.000000e+00 1.037330e+10 
3026 0.000000e+00 0.000000e+00 1.037330e+10 
3027 0.000000e+00 0.000000e+00 1.037332e+10 
3028 0.000000e+00 0.000000e+00 1.037330e+10 
3029 0.000000e+00 0.000000e+00 1.037331e+10 
3030 0.000000e+00 0.000000e+00 1.037334e+10 
3031 0.000000e+00 0.000000e+00 1.037331e+10 
3032 0.000000e+00 0.000000e+00 1.037330e+10 
3033 0.000000e+00 0.000000e+00 1.037330e+10 
3034 0.000000e+00 0.000000e+00 1.037331e+10 
3035 0.000000e+00 0.000000e+00 1.037330e+10 
3036 0.000000e+00 0.000000e+00 1.037330e+10 
3037 0.000000e+00 0.000000e+00 1.037330e+10 
3038 0.000000e+00 0.000000e+00 1.037332e+10 
3039 0.000000e+00 0.000000e+00 1.037331e+10 
3040 0.000000e+00 0.000000e+00 1.037331e+10 
3041 0.000000e+00 0.000000e+00 1.037331e+10 
3042 0.000000e+00 0.000000e+00 1.037331e+10 
3043 0.000000e+00 0.000000e+00 1.037330e+10 
3044 0.000000e+00 0.000000e+00 1.037331e+10 
3045 0.000000e+00 0.000000e+00 1.037332e+10 
3046 0.000000e+00 0.000000e+00 1.037330e+10 
3047 0.000000e+00 0.000000e+00 1.037331e+10 
3048 0.000000e+00 0.000000e+00 1.037331e+10 
3049 0.000000e+00 0.000000e+00 1.037331e+10 
3050 0.000000e+00 0.000000e+00 1.037330e+10 
3051 0.000000e+00 0.000000e+00 1.037332e+10 
3052 0.000000e+00 0.000000e+00 1.037331e+10 
3053 0.000000e+00 0.000000e+00 1.037331e+10 
3054 0.000000e+00 0.000000e+00 1.037331e+10 
3055 0.000000e+00 0.000000e+00 1.037330e+10 
3056 0.000000e+00 0.000000e+00 1.037330e+10 
3057 0.000000e+00 0.000000e+00 1.037330e+10 
3058 0.000000e+00 0.000000e+00 1.037330e+10 
3059 0.000000e+00 0.000000e+00 1.037330e+10 
3060 0.000000e+00 0.000000e+00 1.037331e+10 
3061 0.000000e+00 0.000000e+00 1.037330e+10 
3062 0.000000e+00 0.000000e+00 1.037331e+10 
3063 0.000000e+00 0.000000e+00 1.037330e+10 
3064 0.000000e+00 0.000000e+00 1.037332e+10 
3065 0.000000e+00 0.000000e+00 1.037332e+10 
3066 0.000000e+00 0.000000e+00 1.037331e+10 
3067 0.000000e+00 0.000000e+00 1.037330e+10 
3068 0.000000e+00 0.000000e+00 1.037331e+10 
3069 0.000000e+00 0.000000e+00 1.037330e+10 
3070 0.000000e+00 0.000000e+00 1.037330e+10 
3071 0.000000e+00 0.000000e+00 1.037330e+10 
3072 0.000000e+00 0.000000e+00 1.037333e+10 
3073 0.000000e+00 0.000000e+00 1.037334e+10 
3074 0.000000e+00 0.000000e+00 1.037331e+10 
3075 0.000000e+00 0.000000e+00 1.037330e+10 
3076 0.000000e+00 0.000000e+00 1.037330e+10 
3077 0.000000e+00 0.000000e+00 1.037331e+10 
3078 0.000000e+00 0.000000e+00 1.037331e+10 
3079 0.000000e+00 0.000000e+00 1.037332e+10 
3080 0.000000e+00 0.000000e+00 1.037331e+10 
3081 0.000000e+00 0.000000e+00 1.037332e+10 
3082 0.000000e+00 0.000000e+00 1.037330e+10 
3083 0.000000e+00 0.000000e+00 1.037330e+10 
3084 0.000000e+00 0.000000e+00 1.037330e+10 
3085 0.000000e+00 0.000000e+00 1.037330e+10 
3086 0.000000e+00 0.000000e+00 1.037331e+10 
3087 0.000000e+00 0.000000e+00 1.037330e+10 
3088 0.000000e+00 0.000000e+00 1.037330e+10 
3089 0.000000e+00 0.000000e+00 1.037339e+10 
3090 0.000000e+00 0.000000e+00 1.037333e+10 
3091 0.000000e+00 0.000000e+00 1.037330e+10 
3092 0.000000e+00 0.000000e+00 1.037330e+10 
3093 0.000000e+00 0.000000e+00 1.037330e+10 
3094 0.000000e+00 0.000000e+00 1.037330e+10 
3095 0.000000e+00 0.000000e+00 1.037330e+10 
3096 0.000000e+00 0.000000e+00 1.037331e+10 
3097 0.000000e+00 0.000000e+00 1.037330e+10 
3098 0.000000e+00 0.000000e+00 1.037331e+10 
3099 0.000000e+00 0.000000e+00 1.037331e+10 
3100 0.000000e+00 0.000000e+00 1.037331e+10 
3101 0.000000e+00 0.000000e+00 1.037330e+10 
3102 0.000000e+00 0.000000e+00 1.037330e+10 
3103 0.000000e+00 0.000000e+00 1.037330e+10 
3104 0.000000e+00 0.000000e+00 1.037330e+10 
3105 0.000000e+00 0.000000e+00 1.037330e+10 
3106 0.000000e+00 0.000000e+00 1.037332e+10 
3107 0.000000e+00 0.000000e+00 1.037331e+10 
3108 0.000000e+00 0.000000e+00 1.037330e+10 
3109 0.000000e+00 0.000000e+00 1.037330e+10 
3110 0.000000e+00 0.000000e+00 1.037330e+10 
3111 0.000000e+00 0.000000e+00 1.037330e+10 
3112 0.000000e+00 0.000000e+00 1.037330e+10 
3113 0.000000e+00 0.000000e+00 1.037330e+10 
3114 0.000000e+00 0.000000e+00 1.037335e+10 
3115 0.000000e+00 0.000000e+00 1.037338e+10 
3116 0.000000e+00 0.000000e+00 1.037331e+10 
3117 0.000000e+00 0.000000e+00 1.037334e+10 
3118 0.000000e+00 0.000000e+00 1.037356e+10 
3119 0.000000e+00 0.000000e+00 1.037333e+10 
3120 0.000000e+00 0.000000e+00 1.037331e+10 
3121 0.000000e+00 0.000000e+00 1.037334e+10 
3122 0.000000e+00 0.000000e+00 1.037331e+10 
3123 0.000000e+00 0.000000e+00 1.037330e+10 
3124 0.000000e+00 0.000000e+00 1.037330e+10 
3125 0.000000e+00 0.000000e+00 1.037341e+10 
3126 0.000000e+00 0.000000e+00 1.037331e+10 
3127 0.000000e+00 0.000000e+00 1.037330e+10 
3128 0.000000e+00 0.000000e+00 1.037331e+10 
3129 0.000000e+00 0.000000e+00 1.037331e+10 
3130 0.000000e+00 0.000000e+00 1.037331e+10 
3131 0.000000e+00 0.000000e+00 1.037330e+10 
3132 0.000000e+00 0.000000e+00 1.037330e+10 
3133 0.000000e+00 0.000000e+00 1.037333e+10 
3134 0.000000e+00 0.000000e+00 1.037332e+10 
3135 0.000000e+00 0.000000e+00 1.037334e+10 
3136 0.000000e+00 0.000000e+00 1.037331e+10 
3137 0.000000e+00 0.000000e+00 1.037331e+10 
3138 0.000000e+00 0.000000e+00 1.037333e+10 
3139 0.000000e+00 0.000000e+00 1.037331e+10 
3140 0.000000e+00 0.000000e+00 1.037331e+10 
3141 0.000000e+00 0.000000e+00 1.037331e+10 
3142 0.000000e+00 0.000000e+00 1.037330e+10 
3143 0.000000e+00 0.000000e+00 1.037331e+10 
3144 0.000000e+00 0.000000e+00 1.037331e+10 
3145 0.000000e+00 0.000000e+00 1.037330e+10 
3146 0.000000e+00 0.000000e+00 1.037330e+10 
3147 0.000000e+00 0.000000e+00 1.037330e+10 
3148 0.000000e+00 0.000000e+00 1.037330e+10 
3149 0.000000e+00 0.000000e+00 1.037332e+10 
3150 0.000000e+00 0.000000e+00 1.037331e+10 
3151 0.000000e+00 0.000000e+00 1.037330e+10 
3152 0.000000e+00 0.000000e+00 1.037331e+10 
3153 0.000000e+00 0.000000e+00 1.037331e+10 
3154 0.000000e+00 0.000000e+00 1.037331e+10 
3155 0.000000e+00 0.000000e+00 1.037330e+10 
3156 0.000000e+00 0.000000e+00 1.037330e+10 
3157 0.000000e+00 0.000000e+00 1.037330e+10 
3158 0.000000e+00 0.000000e+00 1.037332e+10 
3159 0.000000e+00 0.000000e+00 1.037341e+10 
3160 0.000000e+00 0.000000e+00 1.037331e+10 
3161 0.000000e+00 0.000000e+00 1.037330e+10 
3162 0.000000e+00 0.000000e+00 1.037330e+10 
3163 0.000000e+00 0.000000e+00 1.037330e+10 
3164 0.000000e+00 0.000000e+00 1.037331e+10 
3165 0.000000e+00 0.000000e+00 1.037332e+10 
3166 0.000000e+00 0.000000e+00 1.037330e+10 
3167 0.000000e+00 0.000000e+00 1.037330e+10 
3168 0.000000e+00 0.000000e+00 1.037330e+10 
3169 0.000000e+00 0.000000e+00 1.037330e+10 
3170 0.000000e+00 0.000000e+00 1.037330e+10 
3171 0.000000e+00 0.000000e+00 1.037335e+10 
3172 0.000000e+00 0.000000e+00 1.037340e+10 
3173 0.000000e+00 0.000000e+00 1.037344e+10 
3174 0.000000e+00 0.000000e+00 1.037331e+10 
3175 0.000000e+00 0.000000e+00 1.037330e+10 
3176 0.000000e+00 0.000000e+00 1.037331e+10 
3177 0.000000e+00 0.000000e+00 1.037330e+10 
3178 0.000000e+00 0.000000e+00 1.037330e+10 
3179 0.000000e+00 0.000000e+00 1.037330e+10 
3180 0.000000e+00 0.000000e+00 1.037334e+10 
3181 0.000000e+00 0.000000e+00 1.037330e+10 
3182 0.000000e+00 0.000000e+00 1.037330e+10 
3183 0.000000e+00 0.000000e+00 1.037336e+10 
3184 0.000000e+00 0.000000e+00 1.037366e+10 
3185 0.000000e+00 0.000000e+00 1.037354e+10 
3186 0.000000e+00 0.000000e+00 1.037331e+10 
3187 0.000000e+00 0.000000e+00 1.037345e+10 
3188 0.000000e+00 0.000000e+00 1.037333e+10 
3189 0.000000e+00 0.000000e+00 1.037330e+10 
3190 0.000000e+00 0.000000e+00 1.037330e+10 
3191 0.000000e+00 0.000000e+00 1.037330e+10 
3192 0.000000e+00 0.000000e+00 1.037330e+10 
3193 0.000000e+00 0.000000e+00 1.037352e+10 
3194 0.000000e+00 0.000000e+00 1.037331e+10 
3195 0.000000e+00 0.000000e+00 1.037330e+10 
3196 0.000000e+00 0.000000e+00 1.037330e+10 
3197 0.000000e+00 0.000000e+00 1.037342e+10 
3198 0.000000e+00 0.000000e+00 1.037330e+10 
3199 0.000000e+00 0.000000e+00 1.037331e+10 
3200 0.000000e+00 0.000000e+00 1.037330e+10 
3201 0.000000e+00 0.000000e+00 1.037331e+10 
3202 0.000000e+00 0.000000e+00 1.037331e+10 
3203 0.000000e+00 0.000000e+00 1.037332e+10 
3204 0.000000e+00 0.000000e+00 1.037330e+10 
3205 0.000000e+00 0.000000e+00 1.037330e+10 
3206 0.000000e+00 0.000000e+00 1.037330e+10 
3207 0.000000e+00 0.000000e+00 1.037331e+10 
3208 0.000000e+00 0.000000e+00 1.037333e+10 
3209 0.000000e+00 0.000000e+00 1.037330e+10 
3210 0.000000e+00 0.000000e+00 1.037331e+10 
3211 0.000000e+00 0.000000e+00 1.037330e+10 
3212 0.000000e+00 0.000000e+00 1.037330e+10 
3213 0.000000e+00 0.000000e+00 1.037348e+10 
3214 0.000000e+00 0.000000e+00 1.037341e+10 
3215 0.000000e+00 0.000000e+00 1.037335e+10 
3216 0.000000e+00 0.000000e+00 1.037330e+10 
3217 0.000000e+00 0.000000e+00 1.037330e+10 
3218 0.000000e+00 0.000000e+00 1.037330e+10 
3219 0.000000e+00 0.000000e+00 1.037334e+10 
3220 0.000000e+00 0.000000e+00 1.037331e+10 
3221 0.000000e+00 0.000000e+00 1.037332e+10 
3222 0.000000e+00 0.000000e+00 1.037330e+10 
3223 0.000000e+00 0.000000e+00 1.037330e+10 
3224 0.000000e+00 0.000000e+00 1.037331e+10 
3225 0.000000e+00 0.000000e+00 1.037331e+10 
3226 0.000000e+00 0.000000e+00 1.037333e+10 
3227 0.000000e+00 0.000000e+00 1.037332e+10 
3228 0.000000e+00 0.000000e+00 1.037331e+10 
3229 0.000000e+00 0.000000e+00 1.037331e+10 
3230 0.000000e+00 0.000000e+00 1.037331e+10 
3231 0.000000e+00 0.000000e+00 1.037331e+10 
3232 0.000000e+00 0.000000e+00 1.037331e+10 
3233 0.000000e+00 0.000000e+00 1.037331e+10 
3234 0.000000e+00 0.000000e+00 1.037330e+10 
3235 0.000000e+00 0.000000e+00 1.037330e+10 
3236 0.000000e+00 0.000000e+00 1.037332e+10 
3237 0.000000e+00 0.000000e+00 1.037333e+10 
3238 0.000000e+00 0.000000e+00 1.037366e+10 
3239 0.000000e+00 0.000000e+00 1.037335e+10 
3240 0.000000e+00 0.000000e+00 1.037331e+10 
3241 0.000000e+00 0.000000e+00 1.037331e+10 
3242 0.000000e+00 0.000000e+00 1.037331e+10 
3243 0.000000e+00 0.000000e+00 1.037330e+10 
3244 0.000000e+00 0.000000e+00 1.037330e+10 
3245 0.000000e+00 0.000000e+00 1.037330e+10 
3246 0.000000e+00 0.000000e+00 1.037330e+10 
3247 0.000000e+00 0.000000e+00 1.037340e+10 
3248 0.000000e+00 0.000000e+00 1.037330e+10 
3249 0.000000e+00 0.000000e+00 1.037330e+10 
3250 0.000000e+00 0.000000e+00 1.037332e+10 
3251 0.000000e+00 0.000000e+00 1.037358e+10 
3252 0.000000e+00 0.000000e+00 1.037332e+10 
3253 0.000000e+00 0.000000e+00 1.037332e+10 
3254 0.000000e+00 0.000000e+00 1.037331e+10 
3255 0.000000e+00 0.000000e+00 1.037331e+10 
3256 0.000000e+00 0.000000e+00 1.037331e+10 
3257 0.000000e+00 0.000000e+00 1.037330e+10 
3258 0.000000e+00 0.000000e+00 1.037331e+10 
3259 0.000000e+00 0.000000e+00 1.037330e+10 
3260 0.000000e+00 0.000000e+00 1.037330e+10 
3261 0.000000e+00 0.000000e+00 1.037330e+10 
3262 0.000000e+00 0.000000e+00 1.037334e+10 
3263 0.000000e+00 0.000000e+00 1.037332e+10 
3264 0.000000e+00 0.000000e+00 1.037330e+10 
3265 0.000000e+00 0.000000e+00 1.037332e+10 
3266 0.000000e+00 0.000000e+00 1.037330e+10 
3267 0.000000e+00 0.000000e+00 1.037331e+10 
3268 0.000000e+00 0.000000e+00 1.037330e+10 
3269 0.000000e+00 0.000000e+00 1.037330e+10 
3270 0.000000e+00 0.000000e+00 1.037330e+10 
3271 0.000000e+00 0.000000e+00 1.037332e+10 
3272 0.000000e+00 0.000000e+00 1.037331e+10 
3273 0.000000e+00 0.000000e+00 1.037331e+10 
3274 0.000000e+00 0.000000e+00 1.037331e+10 
3275 0.000000e+00 0.000000e+00 1.037330e+10 
3276 0.000000e+00 0.000000e+00 1.037331e+10 
3277 0.000000e+00 0.000000e+00 1.037332e+10 
3278 0.000000e+00 0.000000e+00 1.037332e+10 
3279 0.000000e+00 0.000000e+00 1.037331e+10 
3280 0.000000e+00 0.000000e+00 1.037332e+10 
3281 0.000000e+00 0.000000e+00 1.037340e+10 
3282 0.000000e+00 0.000000e+00 1.037335e+10 
3283 0.000000e+00 0.000000e+00 1.037330e+10 
3284 0.000000e+00 0.000000e+00 1.037331e+10 
3285 0.000000e+00 0.000000e+00 1.037331e+10 
3286 0.000000e+00 0.000000e+00 1.037330e+10 
3287 0.000000e+00 0.000000e+00 1.037330e+10 
3288 0.000000e+00 0.000000e+00 1.037331e+10 
3289 0.000000e+00 0.000000e+00 1.037330e+10 
3290 0.000000e+00 0.000000e+00 1.037330e+10 
3291 0.000000e+00 0.000000e+00 1.037332e+10 
3292 0.000000e+00 0.000000e+00 1.037330e+10 
3293 0.000000e+00 0.000000e+00 1.037331e+10 
3294 0.000000e+00 0.000000e+00 1.037330e+10 
3295 0.000000e+00 0.000000e+00 1.037331e+10 
3296 0.000000e+00 0.000000e+00 1.037330e+10 
3297 0.000000e+00 0.000000e+00 1.037330e+10 
3298 0.000000e+00 0.000000e+00 1.037331e+10 
3299 0.000000e+00 0.000000e+00 1.037330e+10 
3300 0.000000e+00 0.000000e+00 1.037331e+10 
3301 0.000000e+00 0.000000e+00 1.037332e+10 
3302 0.000000e+00 0.000000e+00 1.037331e+10 
3303 0.000000e+00 0.000000e+00 1.037331e+10 
3304 0.000000e+00 0.000000e+00 1.037330e+10 
3305 0.000000e+00 0.000000e+00 1.037330e+10 
3306 0.000000e+00 0.000000e+00 1.037330e+10 
3307 0.000000e+00 0.000000e+00 1.037330e+10 
3308 0.000000e+00 0.000000e+00 1.037330e+10 
3309 0.000000e+00 0.000000e+00 1.037330e+10 
3310 0.000000e+00 0.000000e+00 1.037331e+10 
3311 0.000000e+00 0.000000e+00 1.037336e+10 
3312 0.000000e+00 0.000000e+00 1.037330e+10 
3313 0.000000e+00 0.000000e+00 1.037331e+10 
3314 0.000000e+00 0.000000e+00 1.037331e+10 
3315 0.000000e+00 0.000000e+00 1.037330e+10 
3316 0.000000e+00 0.000000e+00 1.037335e+10 
3317 0.000000e+00 0.000000e+00 1.037332e+10 
3318 0.000000e+00 0.000000e+00 1.037330e+10 
3319 0.000000e+00 0.000000e+00 1.037331e+10 
3320 0.000000e+00 0.000000e+00 1.037331e+10 
3321 0.000000e+00 0.000000e+00 1.037334e+10 
3322 0.000000e+00 0.000000e+00 1.037331e+10 
3323 0.000000e+00 0.000000e+00 1.037330e+10 
3324 0.000000e+00 0.000000e+00 1.037331e+10 
3325 0.000000e+00 0.000000e+00 1.037332e+10 
3326 0.000000e+00 0.000000e+00 1.037331e+10 
3327 0.000000e+00 0.000000e+00 1.037330e+10 
3328 0.000000e+00 0.000000e+00 1.037330e+10 
3329 0.000000e+00 0.000000e+00 1.037330e+10 
3330 0.000000e+00 0.000000e+00 1.037330e+10 
3331 0.000000e+00 0.000000e+00 1.037330e+10 
3332 0.000000e+00 0.000000e+00 1.037332e+10 
3333 0.000000e+00 0.000000e+00 1.037330e+10 
3334 0.000000e+00 0.000000e+00 1.037331e+10 
3335 0.000000e+00 0.000000e+00 1.037331e+10 
3336 0.000000e+00 0.000000e+00 1.037331e+10 
3337 0.000000e+00 0.000000e+00 1.037330e+10 
3338 0.000000e+00 0.000000e+00 1.037330e+10 
3339 0.000000e+00 0.000000e+00 1.037342e+10 
3340 0.000000e+00 0.000000e+00 1.037331e+10 
3341 0.000000e+00 0.000000e+00 1.037337e+10 
3342 0.000000e+00 0.000000e+00 1.037330e+10 
3343 0.000000e+00 0.000000e+00 1.037331e+10 
3344 0.000000e+00 0.000000e+00 1.037330e+10 
3345 0.000000e+00 0.000000e+00 1.037330e+10 
3346 0.000000e+00 0.000000e+00 1.037330e+10 
3347 0.000000e+00 0.000000e+00 1.037335e+10 
3348 0.000000e+00 0.000000e+00 1.037330e+10 
3349 0.000000e+00 0.000000e+00 1.037330e+10 
3350 0.000000e+00 0.000000e+00 1.037332e+10 
3351 0.000000e+00 0.000000e+00 1.037330e+10 
3352 0.000000e+00 0.000000e+00 1.037330e+10 
3353 0.000000e+00 0.000000e+00 1.037330e+10 
3354 0.000000e+00 0.000000e+00 1.037331e+10 
3355 0.000000e+00 0.000000e+00 1.037330e+10 
3356 0.000000e+00 0.000000e+00 1.037331e+10 
3357 0.000000e+00 0.000000e+00 1.037330e+10 
3358 0.000000e+00 0.000000e+00 1.037330e+10 
3359 0.000000e+00 0.000000e+00 1.037330e+10 
3360 0.000000e+00 0.000000e+00 1.037330e+10 
3361 0.000000e+00 0.000000e+00 1.037330e+10 
3362 0.000000e+00 0.000000e+00 1.037331e+10 
3363 0.000000e+00 0.000000e+00 1.037331e+10 
3364 0.000000e+00 0.000000e+00 1.037330e+10 
3365 0.000000e+00 0.000000e+00 1.037330e+10 
3366 0.000000e+00 0.000000e+00 1.037330e+10 
3367 0.000000e+00 0.000000e+00 1.037330e+10 
3368 0.000000e+00 0.000000e+00 1.037330e+10 
3369 0.000000e+00 0.000000e+00 1.037330e+10 
3370 0.000000e+00 0.000000e+00 1.037330e+10 
3371 0.000000e+00 0.000000e+00 1.037330e+10 
3372 0.000000e+00 0.000000e+00 1.037331e+10 
3373 0.000000e+00 0.000000e+00 1.037330e+10 
3374 0.000000e+00 0.000000e+00 1.037330e+10 
3375 0.000000e+00 0.000000e+00 1.037330e+10 
3376 0.000000e+00 0.000000e+00 1.037330e+10 
3377 0.000000e+00 0.000000e+00 1.037331e+10 
3378 0.000000e+00 0.000000e+00 1.037330e+10 
3379 0.000000e+00 0.000000e+00 1.037330e+10 
3380 0.000000e+00 0.000000e+00 1.037330e+10 
3381 0.000000e+00 0.000000e+00 1.037330e+10 
3382 0.000000e+00 0.000000e+00 1.037330e+10 
3383 0.000000e+00 0.000000e+00 1.037330e+10 
3384 0.000000e+00 0.000000e+00 1.037330e+10 
3385 0.000000e+00 0.000000e+00 1.037330e+10 
3386 0.000000e+00 0.000000e+00 1.037331e+10 
3387 0.000000e+00 0.000000e+00 1.037354e+10 
3388 0.000000e+00 0.000000e+00 1.037331e+10 
3389 0.000000e+00 0.000000e+00 1.037335e+10 
3390 0.000000e+00 0.000000e+00 1.037330e+10 
3391 0.000000e+00 0.000000e+00 1.037332e+10 
3392 0.000000e+00 0.000000e+00 1.037330e+10 
3393 0.000000e+00 0.000000e+00 1.037330e+10 
3394 0.000000e+00 0.000000e+00 1.037339e+10 
3395 0.000000e+00 0.000000e+00 1.037337e+10 
3396 0.000000e+00 0.000000e+00 1.037330e+10 
3397 0.000000e+00 0.000000e+00 1.037331e+10 
3398 0.000000e+00 0.000000e+00 1.037330e+10 
3399 0.000000e+00 0.000000e+00 1.037331e+10 
3400 0.000000e+00 0.000000e+00 1.037330e+10 
3401 0.000000e+00 0.000000e+00 1.037331e+10 
3402 0.000000e+00 0.000000e+00 1.037331e+10 
3403 0.000000e+00 0.000000e+00 1.037330e+10 
3404 0.000000e+00 0.000000e+00 1.037331e+10 
3405 0.000000e+00 0.000000e+00 1.037332e+10 
3406 0.000000e+00 0.000000e+00 1.037332e+10 
3407 0.000000e+00 0.000000e+00 1.037330e+10 
3408 0.000000e+00 0.000000e+00 1.037330e+10 
3409 0.000000e+00 0.000000e+00 1.037330e+10 
3410 0.000000e+00 0.000000e+00 1.037332e+10 
3411 0.000000e+00 0.000000e+00 1.037330e+10 
3412 0.000000e+00 0.000000e+00 1.037330e+10 
3413 0.000000e+00 0.000000e+00 1.037330e+10 
3414 0.000000e+00 0.000000e+00 1.037330e+10 
3415 0.000000e+00 0.000000e+00 1.037334e+10 
3416 0.000000e+00 0.000000e+00 1.037332e+10 
3417 0.000000e+00 0.000000e+00 1.037332e+10 
3418 0.000000e+00 0.000000e+00 1.037331e+10 
3419 0.000000e+00 0.000000e+00 1.037330e+10 
3420 0.000000e+00 0.000000e+00 1.037331e+10 
3421 0.000000e+00 0.000000e+00 1.037330e+10 
3422 0.000000e+00 0.000000e+00 1.037331e+10 
3423 0.000000e+00 0.000000e+00 1.037330e+10 
3424 0.000000e+00 0.000000e+00 1.037331e+10 
3425 0.000000e+00 0.000000e+00 1.037339e+10 
3426 0.000000e+00 0.000000e+00 1.037331e+10 
3427 0.000000e+00 0.000000e+00 1.037331e+10 
3428 0.000000e+00 0.000000e+00 1.037330e+10 
3429 0.000000e+00 0.000000e+00 1.037330e+10 
3430 0.000000e+00 0.000000e+00 1.037330e+10 
3431 0.000000e+00 0.000000e+00 1.037331e+10 
3432 0.000000e+00 0.000000e+00 1.037334e+10 
3433 0.000000e+00 0.000000e+00 1.037330e+10 
3434 0.000000e+00 0.000000e+00 1.037330e+10 
3435 0.000000e+00 0.000000e+00 1.037331e+10 
3436 0.000000e+00 0.000000e+00 1.037336e+10 
3437 0.000000e+00 0.000000e+00 1.037358e+10 
3438 0.000000e+00 0.000000e+00 1.037359e+10 
3439 0.000000e+00 0.000000e+00 1.037331e+10 
3440 0.000000e+00 0.000000e+00 1.037331e+10 
3441 0.000000e+00 0.000000e+00 1.037330e+10 
3442 0.000000e+00 0.000000e+00 1.037330e+10 
3443 0.000000e+00 0.000000e+00 1.037385e+10 
3444 0.000000e+00 0.000000e+00 1.037332e+10 
3445 0.000000e+00 0.000000e+00 1.037331e+10 
3446 0.000000e+00 0.000000e+00 1.037331e+10 
3447 0.000000e+00 0.000000e+00 1.037336e+10 
3448 0.000000e+00 0.000000e+00 1.037332e+10 
3449 0.000000e+00 0.000000e+00 1.037330e+10 
3450 0.000000e+00 0.000000e+00 1.037331e+10 
3451 0.000000e+00 0.000000e+00 1.037330e+10 
3452 0.000000e+00 0.000000e+00 1.037330e+10 
3453 0.000000e+00 0.000000e+00 1.037330e+10 
3454 0.000000e+00 0.000000e+00 1.037331e+10 
3455 0.000000e+00 0.000000e+00 1.037330e+10 
3456 0.000000e+00 0.000000e+00 1.037330e+10 
3457 0.000000e+00 0.000000e+00 1.037339e+10 
3458 0.000000e+00 0.000000e+00 1.037333e+10 
3459 0.000000e+00 0.000000e+00 1.037333e+10 
3460 0.000000e+00 0.000000e+00 1.037330e+10 
3461 0.000000e+00 0.000000e+00 1.037330e+10 
3462 0.000000e+00 0.000000e+00 1.037332e+10 
3463 0.000000e+00 0.000000e+00 1.037331e+10 
3464 0.000000e+00 0.000000e+00 1.037331e+10 
3465 0.000000e+00 0.000000e+00 1.037330e+10 
3466 0.000000e+00 0.000000e+00 1.037337e+10 
3467 0.000000e+00 0.000000e+00 1.037330e+10 
3468 0.000000e+00 0.000000e+00 1.037330e+10 
3469 0.000000e+00 0.000000e+00 1.037331e+10 
3470 0.000000e+00 0.000000e+00 1.037331e+10 
3471 0.000000e+00 0.000000e+00 1.037330e+10 
3472 0.000000e+00 0.000000e+00 1.037331e+10 
3473 0.000000e+00 0.000000e+00 1.037330e+10 
3474 0.000000e+00 0.000000e+00 1.037330e+10 
3475 0.000000e+00 0.000000e+00 1.037331e+10 
3476 0.000000e+00 0.000000e+00 1.037330e+10 
3477 0.000000e+00 0.000000e+00 1.037331e+10 
3478 0.000000e+00 0.000000e+00 1.037335e+10 
3479 0.000000e+00 0.000000e+00 1.037330e+10 
3480 0.000000e+00 0.000000e+00 1.037331e+10 
3481 0.000000e+00 0.000000e+00 1.037332e+10 
3482 0.000000e+00 0.000000e+00 1.037332e+10 
3483 0.000000e+00 0.000000e+00 1.037330e+10 
3484 0.000000e+00 0.000000e+00 1.037334e+10 
3485 0.000000e+00 0.000000e+00 1.037337e+10 
3486 0.000000e+00 0.000000e+00 1.037332e+10 
3487 0.000000e+00 0.000000e+00 1.037332e+10 
3488 0.000000e+00 0.000000e+00 1.037330e+10 
3489 0.000000e+00 0.000000e+00 1.037330e+10 
3490 0.000000e+00 0.000000e+00 1.037331e+10 
3491 0.000000e+00 0.000000e+00 1.037330e+10 
3492 0.000000e+00 0.000000e+00 1.037330e+10 
3493 0.000000e+00 0.000000e+00 1.037330e+10 
3494 0.000000e+00 0.000000e+00 1.037330e+10 
3495 0.000000e+00 0.000000e+00 1.037331e+10 
3496 0.000000e+00 0.000000e+00 1.037330e+10 
3497 0.000000e+00 0.000000e+00 1.037331e+10 
3498 0.000000e+00 0.000000e+00 1.037330e+10 
3499 0.000000e+00 0.000000e+00 1.037330e+10 
3500 0.000000e+00 0.000000e+00 1.037331e+10 
3501 0.000000e+00 0.000000e+00 1.037330e+10 
3502 0.000000e+00 0.000000e+00 1.037330e+10 
3503 0.000000e+00 0.000000e+00 1.037330e+10 
3504 0.000000e+00 0.000000e+00 1.037330e+10 
3505 0.000000e+00 0.000000e+00 1.037333e+10 
3506 0.000000e+00 0.000000e+00 1.037331e+10 
3507 0.000000e+00 0.000000e+00 1.037330e+10 
3508 0.000000e+00 0.000000e+00 1.037330e+10 
3509 0.000000e+00 0.000000e+00 1.037331e+10 
3510 0.000000e+00 0.000000e+00 1.037330e+10 
3511 0.000000e+00 0.000000e+00 1.037331e+10 
3512 0.000000e+00 0.000000e+00 1.037331e+10 
3513 0.000000e+00 0.000000e+00 1.037340e+10 
3514 0.000000e+00 0.000000e+00 1.037330e+10 
3515 0.000000e+00 0.000000e+00 1.037330e+10 
3516 0.000000e+00 0.000000e+00 1.037331e+10 
3517 0.000000e+00 0.000000e+00 1.037331e+10 
3518 0.000000e+00 0.000000e+00 1.037330e+10 
3519 0.000000e+00 0.000000e+00 1.037330e+10 
3520 0.000000e+00 0.000000e+00 1.037332e+10 
3521 0.000000e+00 0.000000e+00 1.037333e+10 
3522 0.000000e+00 0.000000e+00 1.037331e+10 
3523 0.000000e+00 0.000000e+00 1.037330e+10 
3524 0.000000e+00 0.000000e+00 1.037337e+10 
3525 0.000000e+00 0.000000e+00 1.037330e+10 
3526 0.000000e+00 0.000000e+00 1.037334e+10 
3527 0.000000e+00 0.000000e+00 1.037331e+10 
3528 0.000000e+00 0.000000e+00 1.037331e+10 
3529 0.000000e+00 0.000000e+00 1.037330e+10 
3530 0.000000e+00 0.000000e+00 1.037330e+10 
3531 0.000000e+00 0.000000e+00 1.037330e+10 
3532 0.000000e+00 0.000000e+00 1.037330e+10 
3533 0.000000e+00 0.000000e+00 1.037330e+10 
3534 0.000000e+00 0.000000e+00 1.037331e+10 
3535 0.000000e+00 0.000000e+00 1.037330e+10 
3536 0.000000e+00 0.000000e+00 1.037331e+10 
3537 0.000000e+00 0.000000e+00 1.037330e+10 
3538 0.000000e+00 0.000000e+00 1.037337e+10 
3539 0.000000e+00 0.000000e+00 1.037335e+10 
3540 0.000000e+00 0.000000e+00 1.037333e+10 
3541 0.000000e+00 0.000000e+00 1.037330e+10 
3542 0.000000e+00 0.000000e+00 1.037330e+10 
3543 0.000000e+00 0.000000e+00 1.037330e+10 
3544 0.000000e+00 0.000000e+00 1.037334e+10 
3545 0.000000e+00 0.000000e+00 1.037331e+10 
3546 0.000000e+00 0.000000e+00 1.037332e+10 
3547 0.000000e+00 0.000000e+00 1.037330e+10 
3548 0.000000e+00 0.000000e+00 1.037330e+10 
3549 0.000000e+00 0.000000e+00 1.037331e+10 
3550 0.000000e+00 0.000000e+00 1.037333e+10 
3551 0.000000e+00 0.000000e+00 1.037330e+10 
3552 0.000000e+00 0.000000e+00 1.037330e+10 
3553 0.000000e+00 0.000000e+00 1.037330e+10 
3554 0.000000e+00 0.000000e+00 1.037330e+10 
3555 0.000000e+00 0.000000e+00 1.037330e+10 
3556 0.000000e+00 0.000000e+00 1.037330e+10 
3557 0.000000e+00 0.000000e+00 1.037330e+10 
3558 0.000000e+00 0.000000e+00 1.037331e+10 
3559 0.000000e+00 0.000000e+00 1.037330e+10 
3560 0.000000e+00 0.000000e+00 1.037331e+10 
3561 0.000000e+00 0.000000e+00 1.037330e+10 
3562 0.000000e+00 0.000000e+00 1.037330e+10 
3563 0.000000e+00 0.000000e+00 1.037330e+10 
3564 0.000000e+00 0.000000e+00 1.037330e+10 
3565 0.000000e+00 0.000000e+00 1.037330e+10 
3566 0.000000e+00 0.000000e+00 1.037331e+10 
3567 0.000000e+00 0.000000e+00 1.037330e+10 
3568 0.000000e+00 0.000000e+00 1.037330e+10 
3569 0.000000e+00 0.000000e+00 1.037330e+10 
3570 0.000000e+00 0.000000e+00 1.037330e+10 
3571 0.000000e+00 0.000000e+00 1.037330e+10 
3572 0.000000e+00 0.000000e+00 1.037330e+10 
3573 0.000000e+00 0.000000e+00 1.037330e+10 
3574 0.000000e+00 0.000000e+00 1.037330e+10 
3575 0.000000e+00 0.000000e+00 1.037330e+10 
3576 0.000000e+00 0.000000e+00 1.037331e+10 
3577 0.000000e+00 0.000000e+00 1.037331e+10 
3578 0.000000e+00 0.000000e+00 1.037330e+10 
3579 0.000000e+00 0.000000e+00 1.037331e+10 
3580 0.000000e+00 0.000000e+00 1.037330e+10 
3581 0.000000e+00 0.000000e+00 1.037331e+10 
3582 0.000000e+00 0.000000e+00 1.037337e+10 
3583 0.000000e+00 0.000000e+00 1.037331e+10 
3584 0.000000e+00 0.000000e+00 1.037342e+10 
3585 0.000000e+00 0.000000e+00 1.037331e+10 
3586 0.000000e+00 0.000000e+00 1.037335e+10 
3587 0.000000e+00 0.000000e+00 1.037330e+10 
3588 0.000000e+00 0.000000e+00 1.037330e+10 
3589 0.000000e+00 0.000000e+00 1.037330e+10 
3590 0.000000e+00 0.000000e+00 1.037332e+10 
3591 0.000000e+00 0.000000e+00 1.037330e+10 
3592 0.000000e+00 0.000000e+00 1.037331e+10 
3593 0.000000e+00 0.000000e+00 1.037330e+10 
3594 0.000000e+00 0.000000e+00 1.037331e+10 
3595 0.000000e+00 0.000000e+00 1.037330e+10 
3596 0.000000e+00 0.000000e+00 1.037330e+10 
3597 0.000000e+00 0.000000e+00 1.037330e+10 
3598 0.000000e+00 0.000000e+00 1.037330e+10 
3599 0.000000e+00 0.000000e+00 1.037330e+10 
3600 0.000000e+00 0.000000e+00 1.037330e+10 
3601 0.000000e+00 0.000000e+00 1.037330e+10 
3602 0.000000e+00 0.000000e+00 1.037331e+10 
3603 0.000000e+00 0.000000e+00 1.037332e+10 
3604 0.000000e+00 0.000000e+00 1.037330e+10 
3605 0.000000e+00 0.000000e+00 1.037330e+10 
3606 0.000000e+00 0.000000e+00 1.037330e+10 
3607 0.000000e+00 0.000000e+00 1.037330e+10 
3608 0.000000e+00 0.000000e+00 1.037330e+10 
3609 0.000000e+00 0.000000e+00 1.037330e+10 
3610 0.000000e+00 0.000000e+00 1.037330e+10 
3611 0.000000e+00 0.000000e+00 1.037330e+10 
3612 0.000000e+00 0.000000e+00 1.037330e+10 
3613 0.000000e+00 0.000000e+00 1.037330e+10 
3614 0.000000e+00 0.000000e+00 1.037331e+10 
3615 0.000000e+00 0.000000e+00 1.037330e+10 
3616 0.000000e+00 0.000000e+00 1.037330e+10 
3617 0.000000e+00 0.000000e+00 1.037330e+10 
3618 0.000000e+00 0.000000e+00 1.037330e+10 
3619 0.000000e+00 0.000000e+00 1.037330e+10 
3620 0.000000e+00 0.000000e+00 1.037330e+10 
3621 0.000000e+00 0.000000e+00 1.037330e+10 
3622 0.000000e+00 0.000000e+00 1.037333e+10 
3623 0.000000e+00 0.000000e+00 1.037330e+10 
3624 0.000000e+00 0.000000e+00 1.037330e+10 
3625 0.000000e+00 0.000000e+00 1.037331e+10 
3626 0.000000e+00 0.000000e+00 1.037331e+10 
3627 0.000000e+00 0.000000e+00 1.037330e+10 
3628 0.000000e+00 0.000000e+00 1.037330e+10 
3629 0.000000e+00 0.000000e+00 1.037385e+10 
3630 0.000000e+00 0.000000e+00 1.037331e+10 
3631 0.000000e+00 0.000000e+00 1.037330e+10 
3632 0.000000e+00 0.000000e+00 1.037331e+10 
3633 0.000000e+00 0.000000e+00 1.037331e+10 
3634 0.000000e+00 0.000000e+00 1.037330e+10 
3635 0.000000e+00 0.000000e+00 1.037333e+10 
3636 0.000000e+00 0.000000e+00 1.037332e+10 
3637 0.000000e+00 0.000000e+00 1.037340e+10 
3638 0.000000e+00 0.000000e+00 1.037333e+10 
3639 0.000000e+00 0.000000e+00 1.037332e+10 
3640 0.000000e+00 0.000000e+00 1.037331e+10 
3641 0.000000e+00 0.000000e+00 1.037331e+10 
3642 0.000000e+00 0.000000e+00 1.037330e+10 
3643 0.000000e+00 0.000000e+00 1.037331e+10 
3644 0.000000e+00 0.000000e+00 1.037332e+10 
3645 0.000000e+00 0.000000e+00 1.037331e+10 
3646 0.000000e+00 0.000000e+00 1.037330e+10 
3647 0.000000e+00 0.000000e+00 1.037330e+10 
3648 0.000000e+00 0.000000e+00 1.037330e+10 
3649 0.000000e+00 0.000000e+00 1.037335e+10 
3650 0.000000e+00 0.000000e+00 1.037333e+10 
3651 0.000000e+00 0.000000e+00 1.037347e+10 
3652 0.000000e+00 0.000000e+00 1.037331e+10 
3653 0.000000e+00 0.000000e+00 1.037330e+10 
3654 0.000000e+00 0.000000e+00 1.037332e+10 
3655 0.000000e+00 0.000000e+00 1.037330e+10 
3656 0.000000e+00 0.000000e+00 1.037330e+10 
3657 0.000000e+00 0.000000e+00 1.037331e+10 
3658 0.000000e+00 0.000000e+00 1.037332e+10 
3659 0.000000e+00 0.000000e+00 1.037360e+10 
3660 0.000000e+00 0.000000e+00 1.037340e+10 
3661 0.000000e+00 0.000000e+00 1.037332e+10 
3662 0.000000e+00 0.000000e+00 1.037331e+10 
3663 0.000000e+00 0.000000e+00 1.037331e+10 
3664 0.000000e+00 0.000000e+00 1.037330e+10 
3665 0.000000e+00 0.000000e+00 1.037330e+10 
3666 0.000000e+00 0.000000e+00 1.037330e+10 
3667 0.000000e+00 0.000000e+00 1.037344e+10 
3668 0.000000e+00 0.000000e+00 1.037338e+10 
3669 0.000000e+00 0.000000e+00 1.037340e+10 
3670 0.000000e+00 0.000000e+00 1.037333e+10 
3671 0.000000e+00 0.000000e+00 1.037339e+10 
3672 0.000000e+00 0.000000e+00 1.037339e+10 
3673 0.000000e+00 0.000000e+00 1.037331e+10 
3674 0.000000e+00 0.000000e+00 1.037344e+10 
3675 0.000000e+00 0.000000e+00 1.037330e+10 
3676 0.000000e+00 0.000000e+00 1.037331e+10 
3677 0.000000e+00 0.000000e+00 1.037331e+10 
3678 0.000000e+00 0.000000e+00 1.037331e+10 
3679 0.000000e+00 0.000000e+00 1.037330e+10 
3680 0.000000e+00 0.000000e+00 1.037330e+10 
3681 0.000000e+00 0.000000e+00 1.037330e+10 
3682 0.000000e+00 0.000000e+00 1.037331e+10 
3683 0.000000e+00 0.000000e+00 1.037330e+10 
3684 0.000000e+00 0.000000e+00 1.037337e+10 
3685 0.000000e+00 0.000000e+00 1.037331e+10 
3686 0.000000e+00 0.000000e+00 1.037331e+10 
3687 0.000000e+00 0.000000e+00 1.037330e+10 
3688 0.000000e+00 0.000000e+00 1.037331e+10 
3689 0.000000e+00 0.000000e+00 1.037330e+10 
3690 0.000000e+00 0.000000e+00 1.037330e+10 
3691 0.000000e+00 0.000000e+00 1.037340e+10 
3692 0.000000e+00 0.000000e+00 1.037335e+10 
3693 0.000000e+00 0.000000e+00 1.037374e+10 
3694 0.000000e+00 0.000000e+00 1.037332e+10 
3695 0.000000e+00 0.000000e+00 1.037331e+10 
3696 0.000000e+00 0.000000e+00 1.037331e+10 
3697 0.000000e+00 0.000000e+00 1.037331e+10 
3698 0.000000e+00 0.000000e+00 1.037330e+10 
3699 0.000000e+00 0.000000e+00 1.037331e+10 
3700 0.000000e+00 0.000000e+00 1.037330e+10 
3701 0.000000e+00 0.000000e+00 1.037333e+10 
3702 0.000000e+00 0.000000e+00 1.037336e+10 
3703 0.000000e+00 0.000000e+00 1.037337e+10 
3704 0.000000e+00 0.000000e+00 1.037346e+10 
3705 0.000000e+00 0.000000e+00 1.037330e+10 
3706 0.000000e+00 0.000000e+00 1.037331e+10 
3707 0.000000e+00 0.000000e+00 1.037331e+10 
3708 0.000000e+00 0.000000e+00 1.037333e+10 
3709 0.000000e+00 0.000000e+00 1.037331e+10 
3710 0.000000e+00 0.000000e+00 1.037332e+10 
3711 0.000000e+00 0.000000e+00 1.037332e+10 
3712 0.000000e+00 0.000000e+00 1.037330e+10 
3713 0.000000e+00 0.000000e+00 1.037330e+10 
3714 0.000000e+00 0.000000e+00 1.037330e+10 
3715 0.000000e+00 0.000000e+00 1.037331e+10 
3716 0.000000e+00 0.000000e+00 1.037330e+10 
3717 0.000000e+00 0.000000e+00 1.037330e+10 
3718 0.000000e+00 0.000000e+00 1.037330e+10 
3719 0.000000e+00 0.000000e+00 1.037331e+10 
3720 0.000000e+00 0.000000e+00 1.037331e+10 
3721 0.000000e+00 0.000000e+00 1.037330e+10 
3722 0.000000e+00 0.000000e+00 1.037330e+10 
3723 0.000000e+00 0.000000e+00 1.037330e+10 
3724 0.000000e+00 0.000000e+00 1.037330e+10 
3725 0.000000e+00 0.000000e+00 1.037330e+10 
3726 0.000000e+00 0.000000e+00 1.037330e+10 
3727 0.000000e+00 0.000000e+00 1.037330e+10 
3728 0.000000e+00 0.000000e+00 1.037330e+10 
3729 0.000000e+00 0.000000e+00 1.037330e+10 
3730 0.000000e+00 0.000000e+00 1.037332e+10 
3731 0.000000e+00 0.000000e+00 1.037332e+10 
3732 0.000000e+00 0.000000e+00 1.037330e+10 
3733 0.000000e+00 0.000000e+00 1.037330e+10 
3734 0.000000e+00 0.000000e+00 1.037330e+10 
3735 0.000000e+00 0.000000e+00 1.037331e+10 
3736 0.000000e+00 0.000000e+00 1.037331e+10 
3737 0.000000e+00 0.000000e+00 1.037330e+10 
3738 0.000000e+00 0.000000e+00 1.037331e+10 
3739 0.000000e+00 0.000000e+00 1.037330e+10 
3740 0.000000e+00 0.000000e+00 1.037331e+10 
3741 0.000000e+00 0.000000e+00 1.037330e+10 
3742 0.000000e+00 0.000000e+00 1.037330e+10 
3743 0.000000e+00 0.000000e+00 1.037331e+10 
3744 0.000000e+00 0.000000e+00 1.037330e+10 
3745 0.000000e+00 0.000000e+00 1.037330e+10 
3746 0.000000e+00 0.000000e+00 1.037331e+10 
3747 0.000000e+00 0.000000e+00 1.037332e+10 
3748 0.000000e+00 0.000000e+00 1.037331e+10 
3749 0.000000e+00 0.000000e+00 1.037330e+10 
3750 0.000000e+00 0.000000e+00 1.037331e+10 
3751 0.000000e+00 0.000000e+00 1.037332e+10 
3752 0.000000e+00 0.000000e+00 1.037331e+10 
3753 0.000000e+00 0.000000e+00 1.037333e+10 
3754 0.000000e+00 0.000000e+00 1.037331e+10 
3755 0.000000e+00 0.000000e+00 1.037331e+10 
3756 0.000000e+00 0.000000e+00 1.037330e+10 
3757 0.000000e+00 0.000000e+00 1.037331e+10 
3758 0.000000e+00 0.000000e+00 1.037330e+10 
3759 0.000000e+00 0.000000e+00 1.037330e+10 
3760 0.000000e+00 0.000000e+00 1.037331e+10 
3761 0.000000e+00 0.000000e+00 1.037330e+10 
3762 0.000000e+00 0.000000e+00 1.037330e+10 
3763 0.000000e+00 0.000000e+00 1.037330e+10 
3764 0.000000e+00 0.000000e+00 1.037330e+10 
3765 0.000000e+00 0.000000e+00 1.037331e+10 
3766 0.000000e+00 0.000000e+00 1.037330e+10 
3767 0.000000e+00 0.000000e+00 1.037333e+10 
3768 0.000000e+00 0.000000e+00 1.037330e+10 
3769 0.000000e+00 0.000000e+00 1.037330e+10 
3770 0.000000e+00 0.000000e+00 1.037331e+10 
3771 0.000000e+00 0.000000e+00 1.037330e+10 
3772 0.000000e+00 0.000000e+00 1.037332e+10 
3773 0.000000e+00 0.000000e+00 1.037330e+10 
3774 0.000000e+00 0.000000e+00 1.037330e+10 
3775 0.000000e+00 0.000000e+00 1.037330e+10 
3776 0.000000e+00 0.000000e+00 1.037330e+10 
3777 0.000000e+00 0.000000e+00 1.037330e+10 
3778 0.000000e+00 0.000000e+00 1.037330e+10 
3779 0.000000e+00 0.000000e+00 1.037330e+10 
3780 0.000000e+00 0.000000e+00 1.037331e+10 
3781 0.000000e+00 0.000000e+00 1.037331e+10 
3782 0.000000e+00 0.000000e+00 1.037332e+10 
3783 0.000000e+00 0.000000e+00 1.037331e+10 
3784 0.000000e+00 0.000000e+00 1.037330e+10 
3785 0.000000e+00 0.000000e+00 1.037330e+10 
3786 0.000000e+00 0.000000e+00 1.037330e+10 
3787 0.000000e+00 0.000000e+00 1.037331e+10 
3788 0.000000e+00 0.000000e+00 1.037330e+10 
3789 0.000000e+00 0.000000e+00 1.037330e+10 
3790 0.000000e+00 0.000000e+00 1.037331e+10 
3791 0.000000e+00 0.000000e+00 1.037330e+10 
3792 0.000000e+00 0.000000e+00 1.037330e+10 
3793 0.000000e+00 0.000000e+00 1.037331e+10 
3794 0.000000e+00 0.000000e+00 1.037331e+10 
3795 0.000000e+00 0.000000e+00 1.037331e+10 
3796 0.000000e+00 0.000000e+00 1.037331e+10 
3797 0.000000e+00 0.000000e+00 1.037330e+10 
3798 0.000000e+00 0.000000e+00 1.037330e+10 
3799 0.000000e+00 0.000000e+00 1.037330e+10 
3800 0.000000e+00 0.000000e+00 1.037330e+10 
3801 0.000000e+00 0.000000e+00 1.037331e+10 
3802 0.000000e+00 0.000000e+00 1.037330e+10 
3803 0.000000e+00 0.000000e+00 1.037331e+10 
3804 0.000000e+00 0.000000e+00 1.037330e+10 
3805 0.000000e+00 0.000000e+00 1.037338e+10 
3806 0.000000e+00 0.000000e+00 1.037360e+10 
3807 0.000000e+00 0.000000e+00 1.037333e+10 
3808 0.000000e+00 0.000000e+00 1.037332e+10 
3809 0.000000e+00 0.000000e+00 1.037331e+10 
3810 0.000000e+00 0.000000e+00 1.037331e+10 
3811 0.000000e+00 0.000000e+00 1.037330e+10 
3812 0.000000e+00 0.000000e+00 1.037331e+10 
3813 0.000000e+00 0.000000e+00 1.037335e+10 
3814 0.000000e+00 0.000000e+00 1.037330e+10 
3815 0.000000e+00 0.000000e+00 1.037338e+10 
3816 0.000000e+00 0.000000e+00 1.037330e+10 
3817 0.000000e+00 0.000000e+00 1.037333e+10 
3818 0.000000e+00 0.000000e+00 1.037343e+10 
3819 0.000000e+00 0.000000e+00 1.037332e+10 
3820 0.000000e+00 0.000000e+00 1.037331e+10 
3821 0.000000e+00 0.000000e+00 1.037331e+10 
3822 0.000000e+00 0.000000e+00 1.037330e+10 
3823 0.000000e+00 0.000000e+00 1.037335e+10 
3824 0.000000e+00 0.000000e+00 1.037331e+10 
3825 0.000000e+00 0.000000e+00 1.037330e+10 
3826 0.000000e+00 0.000000e+00 1.037332e+10 
3827 0.000000e+00 0.000000e+00 1.037330e+10 
3828 0.000000e+00 0.000000e+00 1.037331e+10 
3829 0.000000e+00 0.000000e+00 1.037330e+10 
3830 0.000000e+00 0.000000e+00 1.037332e+10 
3831 0.000000e+00 0.000000e+00 1.037335e+10 
3832 0.000000e+00 0.000000e+00 1.037338e+10 
3833 0.000000e+00 0.000000e+00 1.037330e+10 
3834 0.000000e+00 0.000000e+00 1.037330e+10 
3835 0.000000e+00 0.000000e+00 1.037330e+10 
3836 0.000000e+00 0.000000e+00 1.037330e+10 
3837 0.000000e+00 0.000000e+00 1.037331e+10 
3838 0.000000e+00 0.000000e+00 1.037349e+10 
3839 0.000000e+00 0.000000e+00 1.037331e+10 
3840 0.000000e+00 0.000000e+00 1.037332e+10 
3841 0.000000e+00 0.000000e+00 1.037330e+10 
3842 0.000000e+00 0.000000e+00 1.037340e+10 
3843 0.000000e+00 0.000000e+00 1.037332e+10 
3844 0.000000e+00 0.000000e+00 1.037332e+10 
3845 0.000000e+00 0.000000e+00 1.037331e+10 
3846 0.000000e+00 0.000000e+00 1.037331e+10 
3847 0.000000e+00 0.000000e+00 1.037330e+10 
3848 0.000000e+00 0.000000e+00 1.037330e+10 
3849 0.000000e+00 0.000000e+00 1.037330e+10 
3850 0.000000e+00 0.000000e+00 1.037331e+10 
3851 0.000000e+00 0.000000e+00 1.037330e+10 
3852 0.000000e+00 0.000000e+00 1.037330e+10 
3853 0.000000e+00 0.000000e+00 1.037330e+10 
3854 0.000000e+00 0.000000e+00 1.037330e+10 
3855 0.000000e+00 0.000000e+00 1.037330e+10 
3856 0.000000e+00 0.000000e+00 1.037330e+10 
3857 0.000000e+00 0.000000e+00 1.037330e+10 
3858 0.000000e+00 0.000000e+00 1.037330e+10 
3859 0.000000e+00 0.000000e+00 1.037332e+10 
3860 0.000000e+00 0.000000e+00 1.037330e+10 
3861 0.000000e+00 0.000000e+00 1.037330e+10 
3862 0.000000e+00 0.000000e+00 1.037330e+10 
3863 0.000000e+00 0.000000e+00 1.037330e+10 
3864 0.000000e+00 0.000000e+00 1.037331e+10 
3865 0.000000e+00 0.000000e+00 1.037330e+10 
3866 0.000000e+00 0.000000e+00 1.037331e+10 
3867 0.000000e+00 0.000000e+00 1.037333e+10 
3868 0.000000e+00 0.000000e+00 1.037331e+10 
3869 0.000000e+00 0.000000e+00 1.037330e+10 
3870 0.000000e+00 0.000000e+00 1.037330e+10 
3871 0.000000e+00 0.000000e+00 1.037330e+10 
3872 0.000000e+00 0.000000e+00 1.037330e+10 
3873 0.000000e+00 0.000000e+00 1.037330e+10 
3874 0.000000e+00 0.000000e+00 1.037331e+10 
3875 0.000000e+00 0.000000e+00 1.037331e+10 
3876 0.000000e+00 0.000000e+00 1.037331e+10 
3877 0.000000e+00 0.000000e+00 1.037331e+10 
3878 0.000000e+00 0.000000e+00 1.037331e+10 
3879 0.000000e+00 0.000000e+00 1.037330e+10 
3880 0.000000e+00 0.000000e+00 1.037333e+10 
3881 0.000000e+00 0.000000e+00 1.037334e+10 
3882 0.000000e+00 0.000000e+00 1.037334e+10 
3883 0.000000e+00 0.000000e+00 1.037330e+10 
3884 0.000000e+00 0.000000e+00 1.037331e+10 
3885 0.000000e+00 0.000000e+00 1.037332e+10 
3886 0.000000e+00 0.000000e+00 1.037334e+10 
3887 0.000000e+00 0.000000e+00 1.037331e+10 
3888 0.000000e+00 0.000000e+00 1.037331e+10 
3889 0.000000e+00 0.000000e+00 1.037330e+10 
3890 0.000000e+00 0.000000e+00 1.037331e+10 
3891 0.000000e+00 0.000000e+00 1.037330e+10 
3892 0.000000e+00 0.000000e+00 1.037330e+10 
3893 0.000000e+00 0.000000e+00 1.037330e+10 
3894 0.000000e+00 0.000000e+00 1.037332e+10 
3895 0.000000e+00 0.000000e+00 1.037330e+10 
3896 0.000000e+00 0.000000e+00 1.037331e+10 
3897 0.000000e+00 0.000000e+00 1.037331e+10 
3898 0.000000e+00 0.000000e+00 1.037330e+10 
3899 0.000000e+00 0.000000e+00 1.037331e+10 
3900 0.000000e+00 0.000000e+00 1.037331e+10 
3901 0.000000e+00 0.000000e+00 1.037331e+10 
3902 0.000000e+00 0.000000e+00 1.037330e+10 
3903 0.000000e+00 0.000000e+00 1.037331e+10 
3904 0.000000e+00 0.000000e+00 1.037402e+10 
3905 0.000000e+00 0.000000e+00 1.037332e+10 
3906 0.000000e+00 0.000000e+00 1.037333e+10 
3907 0.000000e+00 0.000000e+00 1.037370e+10 
3908 0.000000e+00 0.000000e+00 1.037336e+10 
3909 0.000000e+00 0.000000e+00 1.037333e+10 
3910 0.000000e+00 0.000000e+00 1.037330e+10 
3911 0.000000e+00 0.000000e+00 1.037330e+10 
3912 0.000000e+00 0.000000e+00 1.037331e+10 
3913 0.000000e+00 0.000000e+00 1.037330e+10 
3914 0.000000e+00 0.000000e+00 1.037331e+10 
3915 0.000000e+00 0.000000e+00 1.037335e+10 
3916 0.000000e+00 0.000000e+00 1.037330e+10 
3917 0.000000e+00 0.000000e+00 1.037330e+10 
3918 0.000000e+00 0.000000e+00 1.037336e+10 
3919 0.000000e+00 0.000000e+00 1.037331e+10 
3920 0.000000e+00 0.000000e+00 1.037330e+10 
3921 0.000000e+00 0.000000e+00 1.037331e+10 
3922 0.000000e+00 0.000000e+00 1.037331e+10 
3923 0.000000e+00 0.000000e+00 1.037331e+10 
3924 0.000000e+00 0.000000e+00 1.037331e+10 
3925 0.000000e+00 0.000000e+00 1.037331e+10 
3926 0.000000e+00 0.000000e+00 1.037331e+10 
3927 0.000000e+00 0.000000e+00 1.037333e+10 
3928 0.000000e+00 0.000000e+00 1.037333e+10 
3929 0.000000e+00 0.000000e+00 1.037334e+10 
3930 0.000000e+00 0.000000e+00 1.037330e+10 
3931 0.000000e+00 0.000000e+00 1.037333e+10 
3932 0.000000e+00 0.000000e+00 1.037330e+10 
3933 0.000000e+00 0.000000e+00 1.037330e+10 
3934 0.000000e+00 0.000000e+00 1.037330e+10 
3935 0.000000e+00 0.000000e+00 1.037333e+10 
3936 0.000000e+00 0.000000e+00 1.037336e+10 
3937 0.000000e+00 0.000000e+00 1.037330e+10 
3938 0.000000e+00 0.000000e+00 1.037330e+10 
3939 0.000000e+00 0.000000e+00 1.037330e+10 
3940 0.000000e+00 0.000000e+00 1.037330e+10 
3941 0.000000e+00 0.000000e+00 1.037330e+10 
3942 0.000000e+00 0.000000e+00 1.037330e+10 
3943 0.000000e+00 0.000000e+00 1.037348e+10 
3944 0.000000e+00 0.000000e+00 1.037330e+10 
3945 0.000000e+00 0.000000e+00 1.037330e+10 
3946 0.000000e+00 0.000000e+00 1.037332e+10 
3947 0.000000e+00 0.000000e+00 1.037330e+10 
3948 0.000000e+00 0.000000e+00 1.037363e+10 
3949 0.000000e+00 0.000000e+00 1.037330e+10 
3950 0.000000e+00 0.000000e+00 1.037330e+10 
3951 0.000000e+00 0.000000e+00 1.037330e+10 
3952 0.000000e+00 0.000000e+00 1.037330e+10 
3953 0.000000e+00 0.000000e+00 1.037331e+10 
3954 0.000000e+00 0.000000e+00 1.037330e+10 
3955 0.000000e+00 0.000000e+00 1.037330e+10 
3956 0.000000e+00 0.000000e+00 1.037330e+10 
3957 0.000000e+00 0.000000e+00 1.037339e+10 
3958 0.000000e+00 0.000000e+00 1.037367e+10 
3959 0.000000e+00 0.000000e+00 1.037333e+10 
3960 0.000000e+00 0.000000e+00 1.037330e+10 
3961 0.000000e+00 0.000000e+00 1.037331e+10 
3962 0.000000e+00 0.000000e+00 1.037330e+10 
3963 0.000000e+00 0.000000e+00 1.037331e+10 
3964 0.000000e+00 0.000000e+00 1.037332e+10 
3965 0.000000e+00 0.000000e+00 1.037332e+10 
3966 0.000000e+00 0.000000e+00 1.037331e+10 
3967 0.000000e+00 0.000000e+00 1.037330e+10 
3968 0.000000e+00 0.000000e+00 1.037330e+10 
3969 0.000000e+00 0.000000e+00 1.037332e+10 
3970 0.000000e+00 0.000000e+00 1.037331e+10 
3971 0.000000e+00 0.000000e+00 1.037330e+10 
3972 0.000000e+00 0.000000e+00 1.037330e+10 
3973 0.000000e+00 0.000000e+00 1.037331e+10 
3974 0.000000e+00 0.000000e+00 1.037331e+10 
3975 0.000000e+00 0.000000e+00 1.037330e+10 
3976 0.000000e+00 0.000000e+00 1.037330e+10 
3977 0.000000e+00 0.000000e+00 1.037330e+10 
3978 0.000000e+00 0.000000e+00 1.037330e+10 
3979 0.000000e+00 0.000000e+00 1.037336e+10 
3980 0.000000e+00 0.000000e+00 1.037331e+10 
3981 0.000000e+00 0.000000e+00 1.037330e+10 
3982 0.000000e+00 0.000000e+00 1.037331e+10 
3983 0.000000e+00 0.000000e+00 1.037330e+10 
3984 0.000000e+00 0.000000e+00 1.037331e+10 
3985 0.000000e+00 0.000000e+00 1.037330e+10 
3986 0.000000e+00 0.000000e+00 1.037330e+10 
3987 0.000000e+00 0.000000e+00 1.037331e+10 
3988 0.000000e+00 0.000000e+00 1.037330e+10 
3989 0.000000e+00 0.000000e+00 1.037331e+10 
3990 0.000000e+00 0.000000e+00 1.037332e+10 
3991 0.000000e+00 0.000000e+00 1.037330e+10 
3992 0.000000e+00 0.000000e+00 1.037330e+10 
3993 0.000000e+00 0.000000e+00 1.037330e+10 
3994 0.000000e+00 0.000000e+00 1.037331e+10 
3995 0.000000e+00 0.000000e+00 1.037332e+10 
3996 0.000000e+00 0.000000e+00 1.037332e+10 
3997 0.000000e+00 0.000000e+00 1.037330e+10 
3998 0.000000e+00 0.000000e+00 1.037330e+10 
3999 0.000000e+00 0.000000e+00 1.037330e+10 
4000 0.000000e+00 0.000000e+00 1.037331e+10 
4001 0.000000e+00 0.000000e+00 1.037331e+10 
4002 0.000000e+00 0.000000e+00 1.037331e+10 
4003 0.000000e+00 0.000000e+00 1.037330e+10 
4004 0.000000e+00 0.000000e+00 1.037330e+10 
4005 0.000000e+00 0.000000e+00 1.037330e+10 
4006 0.000000e+00 0.000000e+00 1.037332e+10 
4007 0.000000e+00 0.000000e+00 1.037330e+10 
4008 0.000000e+00 0.000000e+00 1.037332e+10 
4009 0.000000e+00 0.000000e+00 1.037331e+10 
4010 0.000000e+00 0.000000e+00 1.037331e+10 
4011 0.000000e+00 0.000000e+00 1.037330e+10 
4012 0.000000e+00 0.000000e+00 1.037330e+10 
4013 0.000000e+00 0.000000e+00 1.037330e+10 
4014 0.000000e+00 0.000000e+00 1.037330e+10 
4015 0.000000e+00 0.000000e+00 1.037331e+10 
4016 0.000000e+00 0.000000e+00 1.037330e+10 
4017 0.000000e+00 0.000000e+00 1.037330e+10 
4018 0.000000e+00 0.000000e+00 1.037330e+10 
4019 0.000000e+00 0.000000e+00 1.037330e+10 
4020 0.000000e+00 0.000000e+00 1.037330e+10 
4021 0.000000e+00 0.000000e+00 1.037330e+10 
4022 0.000000e+00 0.000000e+00 1.037330e+10 
4023 0.000000e+00 0.000000e+00 1.037331e+10 
4024 0.000000e+00 0.000000e+00 1.037342e+10 
4025 0.000000e+00 0.000000e+00 1.037330e+10 
4026 0.000000e+00 0.000000e+00 1.037335e+10 
4027 0.000000e+00 0.000000e+00 1.037330e+10 
4028 0.000000e+00 0.000000e+00 1.037333e+10 
4029 0.000000e+00 0.000000e+00 1.037330e+10 
4030 0.000000e+00 0.000000e+00 1.037331e+10 
4031 0.000000e+00 0.000000e+00 1.037331e+10 
4032 0.000000e+00 0.000000e+00 1.037330e+10 
4033 0.000000e+00 0.000000e+00 1.037330e+10 
4034 0.000000e+00 0.000000e+00 1.037355e+10 
4035 0.000000e+00 0.000000e+00 1.037355e+10 
4036 0.000000e+00 0.000000e+00 1.037331e+10 
4037 0.000000e+00 0.000000e+00 1.037331e+10 
4038 0.000000e+00 0.000000e+00 1.037331e+10 
4039 0.000000e+00 0.000000e+00 1.037330e+10 
4040 0.000000e+00 0.000000e+00 1.037330e+10 
4041 0.000000e+00 0.000000e+00 1.037332e+10 
4042 0.000000e+00 0.000000e+00 1.037338e+10 
4043 0.000000e+00 0.000000e+00 1.037383e+10 
4044 0.000000e+00 0.000000e+00 1.037330e+10 
4045 0.000000e+00 0.000000e+00 1.037331e+10 
4046 0.000000e+00 0.000000e+00 1.037333e+10 
4047 0.000000e+00 0.000000e+00 1.037331e+10 
4048 0.000000e+00 0.000000e+00 1.037330e+10 
4049 0.000000e+00 0.000000e+00 1.037330e+10 
4050 0.000000e+00 0.000000e+00 1.037330e+10 
4051 0.000000e+00 0.000000e+00 1.037330e+10 
4052 0.000000e+00 0.000000e+00 1.037330e+10 
4053 0.000000e+00 0.000000e+00 1.037331e+10 
4054 0.000000e+00 0.000000e+00 1.037333e+10 
4055 0.000000e+00 0.000000e+00 1.037363e+10 
4056 0.000000e+00 0.000000e+00 1.037335e+10 
4057 0.000000e+00 0.000000e+00 1.037331e+10 
4058 0.000000e+00 0.000000e+00 1.037331e+10 
4059 0.000000e+00 0.000000e+00 1.037330e+10 
4060 0.000000e+00 0.000000e+00 1.037331e+10 
4061 0.000000e+00 0.000000e+00 1.037331e+10 
4062 0.000000e+00 0.000000e+00 1.037330e+10 
4063 0.000000e+00 0.000000e+00 1.037331e+10 
4064 0.000000e+00 0.000000e+00 1.037331e+10 
4065 0.000000e+00 0.000000e+00 1.037330e+10 
4066 0.000000e+00 0.000000e+00 1.037331e+10 
4067 0.000000e+00 0.000000e+00 1.037330e+10 
4068 0.000000e+00 0.000000e+00 1.037330e+10 
4069 0.000000e+00 0.000000e+00 1.037330e+10 
4070 0.000000e+00 0.000000e+00 1.037330e+10 
4071 0.000000e+00 0.000000e+00 1.037330e+10 
4072 0.000000e+00 0.000000e+00 1.037330e+10 
4073 0.000000e+00 0.000000e+00 1.037332e+10 
4074 0.000000e+00 0.000000e+00 1.037331e+10 
4075 0.000000e+00 0.000000e+00 1.037334e+10 
4076 0.000000e+00 0.000000e+00 1.037334e+10 
4077 0.000000e+00 0.000000e+00 1.037332e+10 
4078 0.000000e+00 0.000000e+00 1.037331e+10 
4079 0.000000e+00 0.000000e+00 1.037331e+10 
4080 0.000000e+00 0.000000e+00 1.037330e+10 
4081 0.000000e+00 0.000000e+00 1.037330e+10 
4082 0.000000e+00 0.000000e+00 1.037330e+10 
4083 0.000000e+00 0.000000e+00 1.037332e+10 
4084 0.000000e+00 0.000000e+00 1.037330e+10 
4085 0.000000e+00 0.000000e+00 1.037330e+10 
4086 0.000000e+00 0.000000e+00 1.037350e+10 
4087 0.000000e+00 0.000000e+00 1.037333e+10 
4088 0.000000e+00 0.000000e+00 1.037331e+10 
4089 0.000000e+00 0.000000e+00 1.037330e+10 
4090 0.000000e+00 0.000000e+00 1.037330e+10 
4091 0.000000e+00 0.000000e+00 1.037330e+10 
4092 0.000000e+00 0.000000e+00 1.037330e+10 
4093 0.000000e+00 0.000000e+00 1.037331e+10 
4094 0.000000e+00 0.000000e+00 1.037331e+10 
4095 0.000000e+00 0.000000e+00 1.037331e+10 
4096 0.000000e+00 0.000000e+00 1.037331e+10 
4097 0.000000e+00 0.000000e+00 1.037364e+10 
4098 0.000000e+00 0.000000e+00 1.037335e+10 
4099 0.000000e+00 0.000000e+00 1.037333e+10 
4100 0.000000e+00 0.000000e+00 1.037331e+10 
4101 0.000000e+00 0.000000e+00 1.037330e+10 
4102 0.000000e+00 0.000000e+00 1.037331e+10 
4103 0.000000e+00 0.000000e+00 1.037332e+10 
4104 0.000000e+00 0.000000e+00 1.037330e+10 
4105 0.000000e+00 0.000000e+00 1.037331e+10 
4106 0.000000e+00 0.000000e+00 1.037330e+10 
4107 0.000000e+00 0.000000e+00 1.037331e+10 
4108 0.000000e+00 0.000000e+00 1.037331e+10 
4109 0.000000e+00 0.000000e+00 1.037331e+10 
4110 0.000000e+00 0.000000e+00 1.037331e+10 
4111 0.000000e+00 0.000000e+00 1.037331e+10 
4112 0.000000e+00 0.000000e+00 1.037331e+10 
4113 0.000000e+00 0.000000e+00 1.037331e+10 
4114 0.000000e+00 0.000000e+00 1.037336e+10 
4115 0.000000e+00 0.000000e+00 1.037330e+10 
4116 0.000000e+00 0.000000e+00 1.037331e+10 
4117 0.000000e+00 0.000000e+00 1.037331e+10 
4118 0.000000e+00 0.000000e+00 1.037331e+10 
4119 0.000000e+00 0.000000e+00 1.037330e+10 
4120 0.000000e+00 0.000000e+00 1.037331e+10 
4121 0.000000e+00 0.000000e+00 1.037330e+10 
4122 0.000000e+00 0.000000e+00 1.037331e+10 
4123 0.000000e+00 0.000000e+00 1.037331e+10 
4124 0.000000e+00 0.000000e+00 1.037330e+10 
4125 0.000000e+00 0.000000e+00 1.037333e+10 
4126 0.000000e+00 0.000000e+00 1.037337e+10 
4127 0.000000e+00 0.000000e+00 1.037330e+10 
4128 0.000000e+00 0.000000e+00 1.037330e+10 
4129 0.000000e+00 0.000000e+00 1.037331e+10 
4130 0.000000e+00 0.000000e+00 1.037330e+10 
4131 0.000000e+00 0.000000e+00 1.037334e+10 
4132 0.000000e+00 0.000000e+00 1.037330e+10 
4133 0.000000e+00 0.000000e+00 1.037330e+10 
4134 0.000000e+00 0.000000e+00 1.037335e+10 
4135 0.000000e+00 0.000000e+00 1.037330e+10 
4136 0.000000e+00 0.000000e+00 1.037331e+10 
4137 0.000000e+00 0.000000e+00 1.037330e+10 
4138 0.000000e+00 0.000000e+00 1.037330e+10 
4139 0.000000e+00 0.000000e+00 1.037330e+10 
4140 0.000000e+00 0.000000e+00 1.037331e+10 
4141 0.000000e+00 0.000000e+00 1.037332e+10 
4142 0.000000e+00 0.000000e+00 1.037331e+10 
4143 0.000000e+00 0.000000e+00 1.037331e+10 
4144 0.000000e+00 0.000000e+00 1.037330e+10 
4145 0.000000e+00 0.000000e+00 1.037331e+10 
4146 0.000000e+00 0.000000e+00 1.037330e+10 
4147 0.000000e+00 0.000000e+00 1.037330e+10 
4148 0.000000e+00 0.000000e+00 1.037330e+10 
4149 0.000000e+00 0.000000e+00 1.037331e+10 
4150 0.000000e+00 0.000000e+00 1.037330e+10 
4151 0.000000e+00 0.000000e+00 1.037331e+10 
4152 0.000000e+00 0.000000e+00 1.037330e+10 
4153 0.000000e+00 0.000000e+00 1.037330e+10 
4154 0.000000e+00 0.000000e+00 1.037330e+10 
4155 0.000000e+00 0.000000e+00 1.037330e+10 
4156 0.000000e+00 0.000000e+00 1.037330e+10 
4157 0.000000e+00 0.000000e+00 1.037331e+10 
4158 0.000000e+00 0.000000e+00 1.037330e+10 
4159 0.000000e+00 0.000000e+00 1.037331e+10 
4160 0.000000e+00 0.000000e+00 1.037331e+10 
4161 0.000000e+00 0.000000e+00 1.037347e+10 
4162 0.000000e+00 0.000000e+00 1.037333e+10 
4163 0.000000e+00 0.000000e+00 1.037332e+10 
4164 0.000000e+00 0.000000e+00 1.037331e+10 
4165 0.000000e+00 0.000000e+00 1.037330e+10 
4166 0.000000e+00 0.000000e+00 1.037330e+10 
4167 0.000000e+00 0.000000e+00 1.037330e+10 
4168 0.000000e+00 0.000000e+00 1.037330e+10 
4169 0.000000e+00 0.000000e+00 1.037330e+10 
4170 0.000000e+00 0.000000e+00 1.037330e+10 
4171 0.000000e+00 0.000000e+00 1.037330e+10 
4172 0.000000e+00 0.000000e+00 1.037330e+10 
4173 0.000000e+00 0.000000e+00 1.037333e+10 
4174 0.000000e+00 0.000000e+00 1.037334e+10 
4175 0.000000e+00 0.000000e+00 1.037332e+10 
4176 0.000000e+00 0.000000e+00 1.037331e+10 
4177 0.000000e+00 0.000000e+00 1.037333e+10 
4178 0.000000e+00 0.000000e+00 1.037331e+10 
4179 0.000000e+00 0.000000e+00 1.037330e+10 
4180 0.000000e+00 0.000000e+00 1.037331e+10 
4181 0.000000e+00 0.000000e+00 1.037330e+10 
4182 0.000000e+00 0.000000e+00 1.037333e+10 
4183 0.000000e+00 0.000000e+00 1.037330e+10 
4184 0.000000e+00 0.000000e+00 1.037334e+10 
4185 0.000000e+00 0.000000e+00 1.037331e+10 
4186 0.000000e+00 0.000000e+00 1.037333e+10 
4187 0.000000e+00 0.000000e+00 1.037330e+10 
4188 0.000000e+00 0.000000e+00 1.037331e+10 
4189 0.000000e+00 0.000000e+00 1.037330e+10 
4190 0.000000e+00 0.000000e+00 1.037330e+10 
4191 0.000000e+00 0.000000e+00 1.037331e+10 
4192 0.000000e+00 0.000000e+00 1.037330e+10 
4193 0.000000e+00 0.000000e+00 1.037331e+10 
4194 0.000000e+00 0.000000e+00 1.037331e+10 
4195 0.000000e+00 0.000000e+00 1.037331e+10 
4196 0.000000e+00 0.000000e+00 1.037331e+10 
4197 0.000000e+00 0.000000e+00 1.037331e+10 
4198 0.000000e+00 0.000000e+00 1.037331e+10 
4199 0.000000e+00 0.000000e+00 1.037330e+10 
4200 0.000000e+00 0.000000e+00 1.037331e+10 
4201 0.000000e+00 0.000000e+00 1.037330e+10 
4202 0.000000e+00 0.000000e+00 1.037330e+10 
4203 0.000000e+00 0.000000e+00 1.037330e+10 
4204 0.000000e+00 0.000000e+00 1.037330e+10 
4205 0.000000e+00 0.000000e+00 1.037330e+10 
4206 0.000000e+00 0.000000e+00 1.037334e+10 
4207 0.000000e+00 0.000000e+00 1.037331e+10 
4208 0.000000e+00 0.000000e+00 1.037330e+10 
4209 0.000000e+00 0.000000e+00 1.037330e+10 
4210 0.000000e+00 0.000000e+00 1.037330e+10 
4211 0.000000e+00 0.000000e+00 1.037330e+10 
4212 0.000000e+00 0.000000e+00 1.037331e+10 
4213 0.000000e+00 0.000000e+00 1.037330e+10 
4214 0.000000e+00 0.000000e+00 1.037330e+10 
4215 0.000000e+00 0.000000e+00 1.037331e+10 
4216 0.000000e+00 0.000000e+00 1.037342e+10 
4217 0.000000e+00 0.000000e+00 1.037330e+10 
4218 0.000000e+00 0.000000e+00 1.037331e+10 
4219 0.000000e+00 0.000000e+00 1.037331e+10 
4220 0.000000e+00 0.000000e+00 1.037333e+10 
4221 0.000000e+00 0.000000e+00 1.037332e+10 
4222 0.000000e+00 0.000000e+00 1.037330e+10 
4223 0.000000e+00 0.000000e+00 1.037331e+10 
4224 0.000000e+00 0.000000e+00 1.037331e+10 
4225 0.000000e+00 0.000000e+00 1.037330e+10 
4226 0.000000e+00 0.000000e+00 1.037331e+10 
4227 0.000000e+00 0.000000e+00 1.037330e+10 
4228 0.000000e+00 0.000000e+00 1.037331e+10 
4229 0.000000e+00 0.000000e+00 1.037330e+10 
4230 0.000000e+00 0.000000e+00 1.037330e+10 
4231 0.000000e+00 0.000000e+00 1.037332e+10 
4232 0.000000e+00 0.000000e+00 1.037357e+10 
4233 0.000000e+00 0.000000e+00 1.037363e+10 
4234 0.000000e+00 0.000000e+00 1.037332e+10 
4235 0.000000e+00 0.000000e+00 1.037330e+10 
4236 0.000000e+00 0.000000e+00 1.037331e+10 
4237 0.000000e+00 0.000000e+00 1.037330e+10 
4238 0.000000e+00 0.000000e+00 1.037343e+10 
4239 0.000000e+00 0.000000e+00 1.037335e+10 
4240 0.000000e+00 0.000000e+00 1.037331e+10 
4241 0.000000e+00 0.000000e+00 1.037330e+10 
4242 0.000000e+00 0.000000e+00 1.037331e+10 
4243 0.000000e+00 0.000000e+00 1.037331e+10 
4244 0.000000e+00 0.000000e+00 1.037331e+10 
4245 0.000000e+00 0.000000e+00 1.037330e+10 
4246 0.000000e+00 0.000000e+00 1.037330e+10 
4247 0.000000e+00 0.000000e+00 1.037330e+10 
4248 0.000000e+00 0.000000e+00 1.037331e+10 
4249 0.000000e+00 0.000000e+00 1.037330e+10 
4250 0.000000e+00 0.000000e+00 1.037330e+10 
4251 0.000000e+00 0.000000e+00 1.037330e+10 
4252 0.000000e+00 0.000000e+00 1.037330e+10 
4253 0.000000e+00 0.000000e+00 1.037330e+10 
4254 0.000000e+00 0.000000e+00 1.037330e+10 
4255 0.000000e+00 0.000000e+00 1.037334e+10 
4256 0.000000e+00 0.000000e+00 1.037331e+10 
4257 0.000000e+00 0.000000e+00 1.037330e+10 
4258 0.000000e+00 0.000000e+00 1.037330e+10 
4259 0.000000e+00 0.000000e+00 1.037330e+10 
4260 0.000000e+00 0.000000e+00 1.037332e+10 
4261 0.000000e+00 0.000000e+00 1.037332e+10 
4262 0.000000e+00 0.000000e+00 1.037330e+10 
4263 0.000000e+00 0.000000e+00 1.037330e+10 
4264 0.000000e+00 0.000000e+00 1.037332e+10 
4265 0.000000e+00 0.000000e+00 1.037337e+10 
4266 0.000000e+00 0.000000e+00 1.037331e+10 
4267 0.000000e+00 0.000000e+00 1.037447e+10 
4268 0.000000e+00 0.000000e+00 1.037332e+10 
4269 0.000000e+00 0.000000e+00 1.037331e+10 
4270 0.000000e+00 0.000000e+00 1.037330e+10 
4271 0.000000e+00 0.000000e+00 1.037330e+10 
4272 0.000000e+00 0.000000e+00 1.037333e+10 
4273 0.000000e+00 0.000000e+00 1.037332e+10 
4274 0.000000e+00 0.000000e+00 1.037330e+10 
4275 0.000000e+00 0.000000e+00 1.037331e+10 
4276 0.000000e+00 0.000000e+00 1.037337e+10 
4277 0.000000e+00 0.000000e+00 1.037331e+10 
4278 0.000000e+00 0.000000e+00 1.037331e+10 
4279 0.000000e+00 0.000000e+00 1.037331e+10 
4280 0.000000e+00 0.000000e+00 1.037331e+10 
4281 0.000000e+00 0.000000e+00 1.037330e+10 
4282 0.000000e+00 0.000000e+00 1.037330e+10 
4283 0.000000e+00 0.000000e+00 1.037330e+10 
4284 0.000000e+00 0.000000e+00 1.037331e+10 
4285 0.000000e+00 0.000000e+00 1.037339e+10 
4286 0.000000e+00 0.000000e+00 1.037339e+10 
4287 0.000000e+00 0.000000e+00 1.037338e+10 
4288 0.000000e+00 0.000000e+00 1.037331e+10 
4289 0.000000e+00 0.000000e+00 1.037355e+10 
4290 0.000000e+00 0.000000e+00 1.037330e+10 
4291 0.000000e+00 0.000000e+00 1.037332e+10 
4292 0.000000e+00 0.000000e+00 1.037331e+10 
4293 0.000000e+00 0.000000e+00 1.037330e+10 
4294 0.000000e+00 0.000000e+00 1.037330e+10 
4295 0.000000e+00 0.000000e+00 1.037330e+10 
4296 0.000000e+00 0.000000e+00 1.037331e+10 
4297 0.000000e+00 0.000000e+00 1.037331e+10 
4298 0.000000e+00 0.000000e+00 1.037331e+10 
4299 0.000000e+00 0.000000e+00 1.037330e+10 
4300 0.000000e+00 0.000000e+00 1.037330e+10 
4301 0.000000e+00 0.000000e+00 1.037330e+10 
4302 0.000000e+00 0.000000e+00 1.037330e+10 
4303 0.000000e+00 0.000000e+00 1.037330e+10 
4304 0.000000e+00 0.000000e+00 1.037358e+10 
4305 0.000000e+00 0.000000e+00 1.037332e+10 
4306 0.000000e+00 0.000000e+00 1.037330e+10 
4307 0.000000e+00 0.000000e+00 1.037330e+10 
4308 0.000000e+00 0.000000e+00 1.037331e+10 
4309 0.000000e+00 0.000000e+00 1.037330e+10 
4310 0.000000e+00 0.000000e+00 1.037330e+10 
4311 0.000000e+00 0.000000e+00 1.037330e+10 
4312 0.000000e+00 0.000000e+00 1.037330e+10 
4313 0.000000e+00 0.000000e+00 1.037330e+10 
4314 0.000000e+00 0.000000e+00 1.037331e+10 
4315 0.000000e+00 0.000000e+00 1.037331e+10 
4316 0.000000e+00 0.000000e+00 1.037332e+10 
4317 0.000000e+00 0.000000e+00 1.037331e+10 
4318 0.000000e+00 0.000000e+00 1.037330e+10 
4319 0.000000e+00 0.000000e+00 1.037330e+10 
4320 0.000000e+00 0.000000e+00 1.037330e+10 
4321 0.000000e+00 0.000000e+00 1.037330e+10 
4322 0.000000e+00 0.000000e+00 1.037330e+10 
4323 0.000000e+00 0.000000e+00 1.037330e+10 
4324 0.000000e+00 0.000000e+00 1.037331e+10 
4325 0.000000e+00 0.000000e+00 1.037330e+10 
4326 0.000000e+00 0.000000e+00 1.037330e+10 
4327 0.000000e+00 0.000000e+00 1.037330e+10 
4328 0.000000e+00 0.000000e+00 1.037331e+10 
4329 0.000000e+00 0.000000e+00 1.037330e+10 
4330 0.000000e+00 0.000000e+00 1.037331e+10 
4331 0.000000e+00 0.000000e+00 1.037330e+10 
4332 0.000000e+00 0.000000e+00 1.037331e+10 
4333 0.000000e+00 0.000000e+00 1.037331e+10 
4334 0.000000e+00 0.000000e+00 1.037331e+10 
4335 0.000000e+00 0.000000e+00 1.037331e+10 
4336 0.000000e+00 0.000000e+00 1.037330e+10 
4337 0.000000e+00 0.000000e+00 1.037330e+10 
4338 0.000000e+00 0.000000e+00 1.037330e+10 
4339 0.000000e+00 0.000000e+00 1.037330e+10 
4340 0.000000e+00 0.000000e+00 1.037331e+10 
4341 0.000000e+00 0.000000e+00 1.037335e+10 
4342 0.000000e+00 0.000000e+00 1.037332e+10 
4343 0.000000e+00 0.000000e+00 1.037333e+10 
4344 0.000000e+00 0.000000e+00 1.037331e+10 
4345 0.000000e+00 0.000000e+00 1.037332e+10 
4346 0.000000e+00 0.000000e+00 1.037330e+10 
4347 0.000000e+00 0.000000e+00 1.037330e+10 
4348 0.000000e+00 0.000000e+00 1.037330e+10 
4349 0.000000e+00 0.000000e+00 1.037331e+10 
4350 0.000000e+00 0.000000e+00 1.037336e+10 
4351 0.000000e+00 0.000000e+00 1.037330e+10 
4352 0.000000e+00 0.000000e+00 1.037330e+10 
4353 0.000000e+00 0.000000e+00 1.037330e+10 
4354 0.000000e+00 0.000000e+00 1.037330e+10 
4355 0.000000e+00 0.000000e+00 1.037331e+10 
4356 0.000000e+00 0.000000e+00 1.037333e+10 
4357 0.000000e+00 0.000000e+00 1.037333e+10 
4358 0.000000e+00 0.000000e+00 1.037331e+10 
4359 0.000000e+00 0.000000e+00 1.037338e+10 
4360 0.000000e+00 0.000000e+00 1.037331e+10 
4361 0.000000e+00 0.000000e+00 1.037330e+10 
4362 0.000000e+00 0.000000e+00 1.037339e+10 
4363 0.000000e+00 0.000000e+00 1.037334e+10 
4364 0.000000e+00 0.000000e+00 1.037330e+10 
4365 0.000000e+00 0.000000e+00 1.037330e+10 
4366 0.000000e+00 0.000000e+00 1.037330e+10 
4367 0.000000e+00 0.000000e+00 1.037330e+10 
4368 0.000000e+00 0.000000e+00 1.037330e+10 
4369 0.000000e+00 0.000000e+00 1.037330e+10 
4370 0.000000e+00 0.000000e+00 1.037331e+10 
4371 0.000000e+00 0.000000e+00 1.037331e+10 
4372 0.000000e+00 0.000000e+00 1.037330e+10 
4373 0.000000e+00 0.000000e+00 1.037330e+10 
4374 0.000000e+00 0.000000e+00 1.037336e+10 
4375 0.000000e+00 0.000000e+00 1.037332e+10 
4376 0.000000e+00 0.000000e+00 1.037333e+10 
4377 0.000000e+00 0.000000e+00 1.037330e+10 
4378 0.000000e+00 0.000000e+00 1.037330e+10 
4379 0.000000e+00 0.000000e+00 1.037331e+10 
4380 0.000000e+00 0.000000e+00 1.037330e+10 
4381 0.000000e+00 0.000000e+00 1.037330e+10 
4382 0.000000e+00 0.000000e+00 1.037330e+10 
4383 0.000000e+00 0.000000e+00 1.037330e+10 
4384 0.000000e+00 0.000000e+00 1.037331e+10 
4385 0.000000e+00 0.000000e+00 1.037330e+10 
4386 0.000000e+00 0.000000e+00 1.037334e+10 
4387 0.000000e+00 0.000000e+00 1.037337e+10 
4388 0.000000e+00 0.000000e+00 1.037330e+10 
4389 0.000000e+00 0.000000e+00 1.037330e+10 
4390 0.000000e+00 0.000000e+00 1.037332e+10 
4391 0.000000e+00 0.000000e+00 1.037331e+10 
4392 0.000000e+00 0.000000e+00 1.037330e+10 
4393 0.000000e+00 0.000000e+00 1.037332e+10 
4394 0.000000e+00 0.000000e+00 1.037330e+10 
4395 0.000000e+00 0.000000e+00 1.037342e+10 
4396 0.000000e+00 0.000000e+00 1.037342e+10 
4397 0.000000e+00 0.000000e+00 1.037334e+10 
4398 0.000000e+00 0.000000e+00 1.037333e+10 
4399 0.000000e+00 0.000000e+00 1.037331e+10 
4400 0.000000e+00 0.000000e+00 1.037330e+10 
4401 0.000000e+00 0.000000e+00 1.037331e+10 
4402 0.000000e+00 0.000000e+00 1.037330e+10 
4403 0.000000e+00 0.000000e+00 1.037330e+10 
4404 0.000000e+00 0.000000e+00 1.037330e+10 
4405 0.000000e+00 0.000000e+00 1.037331e+10 
4406 0.000000e+00 0.000000e+00 1.037330e+10 
4407 0.000000e+00 0.000000e+00 1.037334e+10 
4408 0.000000e+00 0.000000e+00 1.037345e+10 
4409 0.000000e+00 0.000000e+00 1.037332e+10 
4410 0.000000e+00 0.000000e+00 1.037331e+10 
4411 0.000000e+00 0.000000e+00 1.037331e+10 
4412 0.000000e+00 0.000000e+00 1.037330e+10 
4413 0.000000e+00 0.000000e+00 1.037330e+10 
4414 0.000000e+00 0.000000e+00 1.037331e+10 
4415 0.000000e+00 0.000000e+00 1.037331e+10 
4416 0.000000e+00 0.000000e+00 1.037330e+10 
4417 0.000000e+00 0.000000e+00 1.037331e+10 
4418 0.000000e+00 0.000000e+00 1.037330e+10 
4419 0.000000e+00 0.000000e+00 1.037330e+10 
4420 0.000000e+00 0.000000e+00 1.037331e+10 
4421 0.000000e+00 0.000000e+00 1.037333e+10 
4422 0.000000e+00 0.000000e+00 1.037335e+10 
4423 0.000000e+00 0.000000e+00 1.037331e+10 
4424 0.000000e+00 0.000000e+00 1.037331e+10 
4425 0.000000e+00 0.000000e+00 1.037331e+10 
4426 0.000000e+00 0.000000e+00 1.037330e+10 
4427 0.000000e+00 0.000000e+00 1.037331e+10 
4428 0.000000e+00 0.000000e+00 1.037330e+10 
4429 0.000000e+00 0.000000e+00 1.037337e+10 
4430 0.000000e+00 0.000000e+00 1.037330e+10 
4431 0.000000e+00 0.000000e+00 1.037330e+10 
4432 0.000000e+00 0.000000e+00 1.037331e+10 
4433 0.000000e+00 0.000000e+00 1.037330e+10 
4434 0.000000e+00 0.000000e+00 1.037331e+10 
4435 0.000000e+00 0.000000e+00 1.037330e+10 
4436 0.000000e+00 0.000000e+00 1.037330e+10 
4437 0.000000e+00 0.000000e+00 1.037330e+10 
4438 0.000000e+00 0.000000e+00 1.037330e+10 
4439 0.000000e+00 0.000000e+00 1.037343e+10 
4440 0.000000e+00 0.000000e+00 1.037331e+10 
4441 0.000000e+00 0.000000e+00 1.037330e+10 
4442 0.000000e+00 0.000000e+00 1.037336e+10 
4443 0.000000e+00 0.000000e+00 1.037336e+10 
4444 0.000000e+00 0.000000e+00 1.037330e+10 
4445 0.000000e+00 0.000000e+00 1.037335e+10 
4446 0.000000e+00 0.000000e+00 1.037331e+10 
4447 0.000000e+00 0.000000e+00 1.037330e+10 
4448 0.000000e+00 0.000000e+00 1.037331e+10 
4449 0.000000e+00 0.000000e+00 1.037333e+10 
4450 0.000000e+00 0.000000e+00 1.037330e+10 
4451 0.000000e+00 0.000000e+00 1.037338e+10 
4452 0.000000e+00 0.000000e+00 1.037333e+10 
4453 0.000000e+00 0.000000e+00 1.037331e+10 
4454 0.000000e+00 0.000000e+00 1.037331e+10 
4455 0.000000e+00 0.000000e+00 1.037330e+10 
4456 0.000000e+00 0.000000e+00 1.037331e+10 
4457 0.000000e+00 0.000000e+00 1.037330e+10 
4458 0.000000e+00 0.000000e+00 1.037334e+10 
4459 0.000000e+00 0.000000e+00 1.037330e+10 
4460 0.000000e+00 0.000000e+00 1.037331e+10 
4461 0.000000e+00 0.000000e+00 1.037331e+10 
4462 0.000000e+00 0.000000e+00 1.037332e+10 
4463 0.000000e+00 0.000000e+00 1.037331e+10 
4464 0.000000e+00 0.000000e+00 1.037330e+10 
4465 0.000000e+00 0.000000e+00 1.037330e+10 
4466 0.000000e+00 0.000000e+00 1.037330e+10 
4467 0.000000e+00 0.000000e+00 1.037330e+10 
4468 0.000000e+00 0.000000e+00 1.037330e+10 
4469 0.000000e+00 0.000000e+00 1.037330e+10 
4470 0.000000e+00 0.000000e+00 1.037331e+10 
4471 0.000000e+00 0.000000e+00 1.037330e+10 
4472 0.000000e+00 0.000000e+00 1.037330e+10 
4473 0.000000e+00 0.000000e+00 1.037331e+10 
4474 0.000000e+00 0.000000e+00 1.037331e+10 
4475 0.000000e+00 0.000000e+00 1.037330e+10 
4476 0.000000e+00 0.000000e+00 1.037330e+10 
4477 0.000000e+00 0.000000e+00 1.037331e+10 
4478 0.000000e+00 0.000000e+00 1.037330e+10 
4479 0.000000e+00 0.000000e+00 1.037331e+10 
4480 0.000000e+00 0.000000e+00 1.037332e+10 
4481 0.000000e+00 0.000000e+00 1.037331e+10 
4482 0.000000e+00 0.000000e+00 1.037331e+10 
4483 0.000000e+00 0.000000e+00 1.037330e+10 
4484 0.000000e+00 0.000000e+00 1.037330e+10 
4485 0.000000e+00 0.000000e+00 1.037330e+10 
4486 0.000000e+00 0.000000e+00 1.037330e+10 
4487 0.000000e+00 0.000000e+00 1.037330e+10 
4488 0.000000e+00 0.000000e+00 1.037330e+10 
4489 0.000000e+00 0.000000e+00 1.037331e+10 
4490 0.000000e+00 0.000000e+00 1.037330e+10 
4491 0.000000e+00 0.000000e+00 1.037331e+10 
4492 0.000000e+00 0.000000e+00 1.037330e+10 
4493 0.000000e+00 0.000000e+00 1.037331e+10 
4494 0.000000e+00 0.000000e+00 1.037330e+10 
4495 0.000000e+00 0.000000e+00 1.037330e+10 
4496 0.000000e+00 0.000000e+00 1.037330e+10 
4497 0.000000e+00 0.000000e+00 1.037330e+10 
4498 0.000000e+00 0.000000e+00 1.037330e+10 
4499 0.000000e+00 0.000000e+00 1.037331e+10 
4500 0.000000e+00 0.000000e+00 1.037331e+10 
4501 0.000000e+00 0.000000e+00 1.037331e+10 
4502 0.000000e+00 0.000000e+00 1.037330e+10 
4503 0.000000e+00 0.000000e+00 1.037330e+10 
4504 0.000000e+00 0.000000e+00 1.037330e+10 
4505 0.000000e+00 0.000000e+00 1.037331e+10 
4506 0.000000e+00 0.000000e+00 1.037330e+10 
4507 0.000000e+00 0.000000e+00 1.037330e+10 
4508 0.000000e+00 0.000000e+00 1.037330e+10 
4509 0.000000e+00 0.000000e+00 1.037330e+10 
4510 0.000000e+00 0.000000e+00 1.037331e+10 
4511 0.000000e+00 0.000000e+00 1.037330e+10 
4512 0.000000e+00 0.000000e+00 1.037330e+10 
4513 0.000000e+00 0.000000e+00 1.037330e+10 
4514 0.000000e+00 0.000000e+00 1.037330e+10 
4515 0.000000e+00 0.000000e+00 1.037330e+10 
4516 0.000000e+00 0.000000e+00 1.037332e+10 
4517 0.000000e+00 0.000000e+00 1.037331e+10 
4518 0.000000e+00 0.000000e+00 1.037332e+10 
4519 0.000000e+00 0.000000e+00 1.037334e+10 
4520 0.000000e+00 0.000000e+00 1.037332e+10 
4521 0.000000e+00 0.000000e+00 1.037330e+10 
4522 0.000000e+00 0.000000e+00 1.037331e+10 
4523 0.000000e+00 0.000000e+00 1.037330e+10 
4524 0.000000e+00 0.000000e+00 1.037330e+10 
4525 0.000000e+00 0.000000e+00 1.037330e+10 
4526 0.000000e+00 0.000000e+00 1.037331e+10 
4527 0.000000e+00 0.000000e+00 1.037331e+10 
4528 0.000000e+00 0.000000e+00 1.037330e+10 
4529 0.000000e+00 0.000000e+00 1.037330e+10 
4530 0.000000e+00 0.000000e+00 1.037330e+10 
4531 0.000000e+00 0.000000e+00 1.037330e+10 
4532 0.000000e+00 0.000000e+00 1.037330e+10 
4533 0.000000e+00 0.000000e+00 1.037330e+10 
4534 0.000000e+00 0.000000e+00 1.037330e+10 
4535 0.000000e+00 0.000000e+00 1.037331e+10 
4536 0.000000e+00 0.000000e+00 1.037332e+10 
4537 0.000000e+00 0.000000e+00 1.037330e+10 
4538 0.000000e+00 0.000000e+00 1.037331e+10 
4539 0.000000e+00 0.000000e+00 1.037330e+10 
4540 0.000000e+00 0.000000e+00 1.037331e+10 
4541 0.000000e+00 0.000000e+00 1.037330e+10 
4542 0.000000e+00 0.000000e+00 1.037334e+10 
4543 0.000000e+00 0.000000e+00 1.037330e+10 
4544 0.000000e+00 0.000000e+00 1.037332e+10 
4545 0.000000e+00 0.000000e+00 1.037331e+10 
4546 0.000000e+00 0.000000e+00 1.037331e+10 
4547 0.000000e+00 0.000000e+00 1.037330e+10 
4548 0.000000e+00 0.000000e+00 1.037330e+10 
4549 0.000000e+00 0.000000e+00 1.037330e+10 
4550 0.000000e+00 0.000000e+00 1.037330e+10 
4551 0.000000e+00 0.000000e+00 1.037330e+10 
4552 0.000000e+00 0.000000e+00 1.037330e+10 
4553 0.000000e+00 0.000000e+00 1.037330e+10 
4554 0.000000e+00 0.000000e+00 1.037330e+10 
4555 0.000000e+00 0.000000e+00 1.037330e+10 
4556 0.000000e+00 0.000000e+00 1.037335e+10 
4557 0.000000e+00 0.000000e+00 1.037342e+10 
4558 0.000000e+00 0.000000e+00 1.037336e+10 
4559 0.000000e+00 0.000000e+00 1.037333e+10 
4560 0.000000e+00 0.000000e+00 1.037332e+10 
4561 0.000000e+00 0.000000e+00 1.037367e+10 
4562 0.000000e+00 0.000000e+00 1.037333e+10 
4563 0.000000e+00 0.000000e+00 1.037330e+10 
4564 0.000000e+00 0.000000e+00 1.037332e+10 
4565 0.000000e+00 0.000000e+00 1.037330e+10 
4566 0.000000e+00 0.000000e+00 1.037331e+10 
4567 0.000000e+00 0.000000e+00 1.037331e+10 
4568 0.000000e+00 0.000000e+00 1.037331e+10 
4569 0.000000e+00 0.000000e+00 1.037330e+10 
4570 0.000000e+00 0.000000e+00 1.037330e+10 
4571 0.000000e+00 0.000000e+00 1.037330e+10 
4572 0.000000e+00 0.000000e+00 1.037331e+10 
4573 0.000000e+00 0.000000e+00 1.037330e+10 
4574 0.000000e+00 0.000000e+00 1.037341e+10 
4575 0.000000e+00 0.000000e+00 1.037331e+10 
4576 0.000000e+00 0.000000e+00 1.037332e+10 
4577 0.000000e+00 0.000000e+00 1.037331e+10 
4578 0.000000e+00 0.000000e+00 1.037331e+10 
4579 0.000000e+00 0.000000e+00 1.037331e+10 
4580 0.000000e+00 0.000000e+00 1.037330e+10 
4581 0.000000e+00 0.000000e+00 1.037331e+10 
4582 0.000000e+00 0.000000e+00 1.037330e+10 
4583 0.000000e+00 0.000000e+00 1.037330e+10 
4584 0.000000e+00 0.000000e+00 1.037330e+10 
4585 0.000000e+00 0.000000e+00 1.037330e+10 
4586 0.000000e+00 0.000000e+00 1.037330e+10 
4587 0.000000e+00 0.000000e+00 1.037330e+10 
4588 0.000000e+00 0.000000e+00 1.037331e+10 
4589 0.000000e+00 0.000000e+00 1.037331e+10 
4590 0.000000e+00 0.000000e+00 1.037330e+10 
4591 0.000000e+00 0.000000e+00 1.037331e+10 
4592 0.000000e+00 0.000000e+00 1.037330e+10 
4593 0.000000e+00 0.000000e+00 1.037330e+10 
4594 0.000000e+00 0.000000e+00 1.037330e+10 
4595 0.000000e+00 0.000000e+00 1.037330e+10 
4596 0.000000e+00 0.000000e+00 1.037330e+10 
4597 0.000000e+00 0.000000e+00 1.037330e+10 
4598 0.000000e+00 0.000000e+00 1.037330e+10 
4599 0.000000e+00 0.000000e+00 1.037330e+10 
4600 0.000000e+00 0.000000e+00 1.037330e+10 
4601 0.000000e+00 0.000000e+00 1.037331e+10 
4602 0.000000e+00 0.000000e+00 1.037331e+10 
4603 0.000000e+00 0.000000e+00 1.037331e+10 
4604 0.000000e+00 0.000000e+00 1.037332e+10 
4605 0.000000e+00 0.000000e+00 1.037330e+10 
4606 0.000000e+00 0.000000e+00 1.037330e+10 
4607 0.000000e+00 0.000000e+00 1.037331e+10 
4608 0.000000e+00 0.000000e+00 1.037330e+10 
4609 0.000000e+00 0.000000e+00 1.037332e+10 
4610 0.000000e+00 0.000000e+00 1.037332e+10 
4611 0.000000e+00 0.000000e+00 1.037332e+10 
4612 0.000000e+00 0.000000e+00 1.037332e+10 
4613 0.000000e+00 0.000000e+00 1.037330e+10 
4614 0.000000e+00 0.000000e+00 1.037337e+10 
4615 0.000000e+00 0.000000e+00 1.037330e+10 
4616 0.000000e+00 0.000000e+00 1.037330e+10 
4617 0.000000e+00 0.000000e+00 1.037333e+10 
4618 0.000000e+00 0.000000e+00 1.037330e+10 
4619 0.000000e+00 0.000000e+00 1.037331e+10 
4620 0.000000e+00 0.000000e+00 1.037332e+10 
4621 0.000000e+00 0.000000e+00 1.037331e+10 
4622 0.000000e+00 0.000000e+00 1.037331e+10 
4623 0.000000e+00 0.000000e+00 1.037331e+10 
4624 0.000000e+00 0.000000e+00 1.037338e+10 
4625 0.000000e+00 0.000000e+00 1.037331e+10 
4626 0.000000e+00 0.000000e+00 1.037330e+10 
4627 0.000000e+00 0.000000e+00 1.037330e+10 
4628 0.000000e+00 0.000000e+00 1.037335e+10 
4629 0.000000e+00 0.000000e+00 1.037333e+10 
4630 0.000000e+00 0.000000e+00 1.037331e+10 
4631 0.000000e+00 0.000000e+00 1.037331e+10 
4632 0.000000e+00 0.000000e+00 1.037330e+10 
4633 0.000000e+00 0.000000e+00 1.037330e+10 
4634 0.000000e+00 0.000000e+00 1.037330e+10 
4635 0.000000e+00 0.000000e+00 1.037330e+10 
4636 0.000000e+00 0.000000e+00 1.037330e+10 
4637 0.000000e+00 0.000000e+00 1.037330e+10 
4638 0.000000e+00 0.000000e+00 1.037330e+10 
4639 0.000000e+00 0.000000e+00 1.037346e+10 
4640 0.000000e+00 0.000000e+00 1.037331e+10 
4641 0.000000e+00 0.000000e+00 1.037336e+10 
4642 0.000000e+00 0.000000e+00 1.037330e+10 
4643 0.000000e+00 0.000000e+00 1.037330e+10 
4644 0.000000e+00 0.000000e+00 1.037389e+10 
4645 0.000000e+00 0.000000e+00 1.037332e+10 
4646 0.000000e+00 0.000000e+00 1.037330e+10 
4647 0.000000e+00 0.000000e+00 1.037340e+10 
4648 0.000000e+00 0.000000e+00 1.037330e+10 
4649 0.000000e+00 0.000000e+00 1.037331e+10 
4650 0.000000e+00 0.000000e+00 1.037331e+10 
4651 0.000000e+00 0.000000e+00 1.037331e+10 
4652 0.000000e+00 0.000000e+00 1.037331e+10 
4653 0.000000e+00 0.000000e+00 1.037330e+10 
4654 0.000000e+00 0.000000e+00 1.037332e+10 
4655 0.000000e+00 0.000000e+00 1.037331e+10 
4656 0.000000e+00 0.000000e+00 1.037330e+10 
4657 0.000000e+00 0.000000e+00 1.037331e+10 
4658 0.000000e+00 0.000000e+00 1.037331e+10 
4659 0.000000e+00 0.000000e+00 1.037330e+10 
4660 0.000000e+00 0.000000e+00 1.037330e+10 
4661 0.000000e+00 0.000000e+00 1.037338e+10 
4662 0.000000e+00 0.000000e+00 1.037330e+10 
4663 0.000000e+00 0.000000e+00 1.037331e+10 
4664 0.000000e+00 0.000000e+00 1.037330e+10 
4665 0.000000e+00 0.000000e+00 1.037330e+10 
4666 0.000000e+00 0.000000e+00 1.037330e+10 
4667 0.000000e+00 0.000000e+00 1.037330e+10 
4668 0.000000e+00 0.000000e+00 1.037330e+10 
4669 0.000000e+00 0.000000e+00 1.037333e+10 
4670 0.000000e+00 0.000000e+00 1.037333e+10 
4671 0.000000e+00 0.000000e+00 1.037331e+10 
4672 0.000000e+00 0.000000e+00 1.037332e+10 
4673 0.000000e+00 0.000000e+00 1.037330e+10 
4674 0.000000e+00 0.000000e+00 1.037330e+10 
4675 0.000000e+00 0.000000e+00 1.037330e+10 
4676 0.000000e+00 0.000000e+00 1.037330e+10 
4677 0.000000e+00 0.000000e+00 1.037330e+10 
4678 0.000000e+00 0.000000e+00 1.037332e+10 
4679 0.000000e+00 0.000000e+00 1.037334e+10 
4680 0.000000e+00 0.000000e+00 1.037357e+10 
4681 0.000000e+00 0.000000e+00 1.037361e+10 
4682 0.000000e+00 0.000000e+00 1.037332e+10 
4683 0.000000e+00 0.000000e+00 1.037330e+10 
4684 0.000000e+00 0.000000e+00 1.037330e+10 
4685 0.000000e+00 0.000000e+00 1.037330e+10 
4686 0.000000e+00 0.000000e+00 1.037331e+10 
4687 0.000000e+00 0.000000e+00 1.037331e+10 
4688 0.000000e+00 0.000000e+00 1.037345e+10 
4689 0.000000e+00 0.000000e+00 1.037330e+10 
4690 0.000000e+00 0.000000e+00 1.037331e+10 
4691 0.000000e+00 0.000000e+00 1.037330e+10 
4692 0.000000e+00 0.000000e+00 1.037331e+10 
4693 0.000000e+00 0.000000e+00 1.037330e+10 
4694 0.000000e+00 0.000000e+00 1.037331e+10 
4695 0.000000e+00 0.000000e+00 1.037332e+10 
4696 0.000000e+00 0.000000e+00 1.037332e+10 
4697 0.000000e+00 0.000000e+00 1.037330e+10 
4698 0.000000e+00 0.000000e+00 1.037330e+10 
4699 0.000000e+00 0.000000e+00 1.037330e+10 
4700 0.000000e+00 0.000000e+00 1.037330e+10 
4701 0.000000e+00 0.000000e+00 1.037330e+10 
4702 0.000000e+00 0.000000e+00 1.037333e+10 
4703 0.000000e+00 0.000000e+00 1.037331e+10 
4704 0.000000e+00 0.000000e+00 1.037330e+10 
4705 0.000000e+00 0.000000e+00 1.037331e+10 
4706 0.000000e+00 0.000000e+00 1.037332e+10 
4707 0.000000e+00 0.000000e+00 1.037331e+10 
4708 0.000000e+00 0.000000e+00 1.037331e+10 
4709 0.000000e+00 0.000000e+00 1.037331e+10 
4710 0.000000e+00 0.000000e+00 1.037330e+10 
4711 0.000000e+00 0.000000e+00 1.037331e+10 
4712 0.000000e+00 0.000000e+00 1.037333e+10 
4713 0.000000e+00 0.000000e+00 1.037330e+10 
4714 0.000000e+00 0.000000e+00 1.037333e+10 
4715 0.000000e+00 0.000000e+00 1.037340e+10 
4716 0.000000e+00 0.000000e+00 1.037332e+10 
4717 0.000000e+00 0.000000e+00 1.037331e+10 
4718 0.000000e+00 0.000000e+00 1.037331e+10 
4719 0.000000e+00 0.000000e+00 1.037331e+10 
4720 0.000000e+00 0.000000e+00 1.037330e+10 
4721 0.000000e+00 0.000000e+00 1.037331e+10 
4722 0.000000e+00 0.000000e+00 1.037330e+10 
4723 0.000000e+00 0.000000e+00 1.037331e+10 
4724 0.000000e+00 0.000000e+00 1.037330e+10 
4725 0.000000e+00 0.000000e+00 1.037331e+10 
4726 0.000000e+00 0.000000e+00 1.037331e+10 
4727 0.000000e+00 0.000000e+00 1.037330e+10 
4728 0.000000e+00 0.000000e+00 1.037330e+10 
4729 0.000000e+00 0.000000e+00 1.037330e+10 
4730 0.000000e+00 0.000000e+00 1.037330e+10 
4731 0.000000e+00 0.000000e+00 1.037330e+10 
4732 0.000000e+00 0.000000e+00 1.037330e+10 
4733 0.000000e+00 0.000000e+00 1.037331e+10 
4734 0.000000e+00 0.000000e+00 1.037331e+10 
4735 0.000000e+00 0.000000e+00 1.037333e+10 
4736 0.000000e+00 0.000000e+00 1.037331e+10 
4737 0.000000e+00 0.000000e+00 1.037330e+10 
4738 0.000000e+00 0.000000e+00 1.037331e+10 
4739 0.000000e+00 0.000000e+00 1.037330e+10 
4740 0.000000e+00 0.000000e+00 1.037330e+10 
4741 0.000000e+00 0.000000e+00 1.037330e+10 
4742 0.000000e+00 0.000000e+00 1.037330e+10 
4743 0.000000e+00 0.000000e+00 1.037330e+10 
4744 0.000000e+00 0.000000e+00 1.037330e+10 
4745 0.000000e+00 0.000000e+00 1.037330e+10 
4746 0.000000e+00 0.000000e+00 1.037330e+10 
4747 0.000000e+00 0.000000e+00 1.037330e+10 
4748 0.000000e+00 0.000000e+00 1.037330e+10 
4749 0.000000e+00 0.000000e+00 1.037330e+10 
4750 0.000000e+00 0.000000e+00 1.037330e+10 
4751 0.000000e+00 0.000000e+00 1.037330e+10 
4752 0.000000e+00 0.000000e+00 1.037330e+10 
4753 0.000000e+00 0.000000e+00 1.037330e+10 
4754 0.000000e+00 0.000000e+00 1.037331e+10 
4755 0.000000e+00 0.000000e+00 1.037349e+10 
4756 0.000000e+00 0.000000e+00 1.037331e+10 
4757 0.000000e+00 0.000000e+00 1.037330e+10 
4758 0.000000e+00 0.000000e+00 1.037331e+10 
4759 0.000000e+00 0.000000e+00 1.037330e+10 
4760 0.000000e+00 0.000000e+00 1.037333e+10 
4761 0.000000e+00 0.000000e+00 1.037330e+10 
4762 0.000000e+00 0.000000e+00 1.037331e+10 
4763 0.000000e+00 0.000000e+00 1.037331e+10 
4764 0.000000e+00 0.000000e+00 1.037331e+10 
4765 0.000000e+00 0.000000e+00 1.037330e+10 
4766 0.000000e+00 0.000000e+00 1.037330e+10 
4767 0.000000e+00 0.000000e+00 1.037330e+10 
4768 0.000000e+00 0.000000e+00 1.037331e+10 
4769 0.000000e+00 0.000000e+00 1.037331e+10 
4770 0.000000e+00 0.000000e+00 1.037331e+10 
4771 0.000000e+00 0.000000e+00 1.037371e+10 
4772 0.000000e+00 0.000000e+00 1.037331e+10 
4773 0.000000e+00 0.000000e+00 1.037333e+10 
4774 0.000000e+00 0.000000e+00 1.037332e+10 
4775 0.000000e+00 0.000000e+00 1.037330e+10 
4776 0.000000e+00 0.000000e+00 1.037330e+10 
4777 0.000000e+00 0.000000e+00 1.037330e+10 
4778 0.000000e+00 0.000000e+00 1.037332e+10 
4779 0.000000e+00 0.000000e+00 1.037330e+10 
4780 0.000000e+00 0.000000e+00 1.037332e+10 
4781 0.000000e+00 0.000000e+00 1.037330e+10 
4782 0.000000e+00 0.000000e+00 1.037330e+10 
4783 0.000000e+00 0.000000e+00 1.037330e+10 
4784 0.000000e+00 0.000000e+00 1.037330e+10 
4785 0.000000e+00 0.000000e+00 1.037330e+10 
4786 0.000000e+00 0.000000e+00 1.037330e+10 
4787 0.000000e+00 0.000000e+00 1.037330e+10 
4788 0.000000e+00 0.000000e+00 1.037330e+10 
4789 0.000000e+00 0.000000e+00 1.037330e+10 
4790 0.000000e+00 0.000000e+00 1.037333e+10 
4791 0.000000e+00 0.000000e+00 1.037330e+10 
4792 0.000000e+00 0.000000e+00 1.037332e+10 
4793 0.000000e+00 0.000000e+00 1.037331e+10 
4794 0.000000e+00 0.000000e+00 1.037333e+10 
4795 0.000000e+00 0.000000e+00 1.037338e+10 
4796 0.000000e+00 0.000000e+00 1.037338e+10 
4797 0.000000e+00 0.000000e+00 1.037331e+10 
4798 0.000000e+00 0.000000e+00 1.037330e+10 
4799 0.000000e+00 0.000000e+00 1.037330e+10 
4800 0.000000e+00 0.000000e+00 1.037330e+10 
4801 0.000000e+00 0.000000e+00 1.037331e+10 
4802 0.000000e+00 0.000000e+00 1.037331e+10 
4803 0.000000e+00 0.000000e+00 1.037330e+10 
4804 0.000000e+00 0.000000e+00 1.037334e+10 
4805 0.000000e+00 0.000000e+00 1.037331e+10 
4806 0.000000e+00 0.000000e+00 1.037331e+10 
4807 0.000000e+00 0.000000e+00 1.037336e+10 
4808 0.000000e+00 0.000000e+00 1.037339e+10 
4809 0.000000e+00 0.000000e+00 1.037331e+10 
4810 0.000000e+00 0.000000e+00 1.037330e+10 
4811 0.000000e+00 0.000000e+00 1.037331e+10 
4812 0.000000e+00 0.000000e+00 1.037342e+10 
4813 0.000000e+00 0.000000e+00 1.037331e+10 
4814 0.000000e+00 0.000000e+00 1.037332e+10 
4815 0.000000e+00 0.000000e+00 1.037332e+10 
4816 0.000000e+00 0.000000e+00 1.037332e+10 
4817 0.000000e+00 0.000000e+00 1.037330e+10 
4818 0.000000e+00 0.000000e+00 1.037330e+10 
4819 0.000000e+00 0.000000e+00 1.037330e+10 
4820 0.000000e+00 0.000000e+00 1.037330e+10 
4821 0.000000e+00 0.000000e+00 1.037330e+10 
4822 0.000000e+00 0.000000e+00 1.037330e+10 
4823 0.000000e+00 0.000000e+00 1.037331e+10 
4824 0.000000e+00 0.000000e+00 1.037330e+10 
4825 0.000000e+00 0.000000e+00 1.037330e+10 
4826 0.000000e+00 0.000000e+00 1.037330e+10 
4827 0.000000e+00 0.000000e+00 1.037330e+10 
4828 0.000000e+00 0.000000e+00 1.037330e+10 
4829 0.000000e+00 0.000000e+00 1.037330e+10 
4830 0.000000e+00 0.000000e+00 1.037331e+10 
4831 0.000000e+00 0.000000e+00 1.037331e+10 
4832 0.000000e+00 0.000000e+00 1.037330e+10 
4833 0.000000e+00 0.000000e+00 1.037330e+10 
4834 0.000000e+00 0.000000e+00 1.037330e+10 
4835 0.000000e+00 0.000000e+00 1.037334e+10 
4836 0.000000e+00 0.000000e+00 1.037330e+10 
4837 0.000000e+00 0.000000e+00 1.037331e+10 
4838 0.000000e+00 0.000000e+00 1.037330e+10 
4839 0.000000e+00 0.000000e+00 1.037330e+10 
4840 0.000000e+00 0.000000e+00 1.037331e+10 
4841 0.000000e+00 0.000000e+00 1.037331e+10 
4842 0.000000e+00 0.000000e+00 1.037331e+10 
4843 0.000000e+00 0.000000e+00 1.037331e+10 
4844 0.000000e+00 0.000000e+00 1.037331e+10 
4845 0.000000e+00 0.000000e+00 1.037330e+10 
4846 0.000000e+00 0.000000e+00 1.037341e+10 
4847 0.000000e+00 0.000000e+00 1.037337e+10 
4848 0.000000e+00 0.000000e+00 1.037330e+10 
4849 0.000000e+00 0.000000e+00 1.037331e+10 
4850 0.000000e+00 0.000000e+00 1.037331e+10 
4851 0.000000e+00 0.000000e+00 1.037330e+10 
4852 0.000000e+00 0.000000e+00 1.037330e+10 
4853 0.000000e+00 0.000000e+00 1.037333e+10 
4854 0.000000e+00 0.000000e+00 1.037330e+10 
4855 0.000000e+00 0.000000e+00 1.037339e+10 
4856 0.000000e+00 0.000000e+00 1.037330e+10 
4857 0.000000e+00 0.000000e+00 1.037332e+10 
4858 0.000000e+00 0.000000e+00 1.037347e+10 
4859 0.000000e+00 0.000000e+00 1.037334e+10 
4860 0.000000e+00 0.000000e+00 1.037337e+10 
4861 0.000000e+00 0.000000e+00 1.037330e+10 
4862 0.000000e+00 0.000000e+00 1.037330e+10 
4863 0.000000e+00 0.000000e+00 1.037330e+10 
4864 0.000000e+00 0.000000e+00 1.037331e+10 
4865 0.000000e+00 0.000000e+00 1.037330e+10 
4866 0.000000e+00 0.000000e+00 1.037331e+10 
4867 0.000000e+00 0.000000e+00 1.037330e+10 
4868 0.000000e+00 0.000000e+00 1.037330e+10 
4869 0.000000e+00 0.000000e+00 1.037330e+10 
4870 0.000000e+00 0.000000e+00 1.037331e+10 
4871 0.000000e+00 0.000000e+00 1.037331e+10 
4872 0.000000e+00 0.000000e+00 1.037331e+10 
4873 0.000000e+00 0.000000e+00 1.037330e+10 
4874 0.000000e+00 0.000000e+00 1.037331e+10 
4875 0.000000e+00 0.000000e+00 1.037330e+10 
4876 0.000000e+00 0.000000e+00 1.037330e+10 
4877 0.000000e+00 0.000000e+00 1.037330e+10 
4878 0.000000e+00 0.000000e+00 1.037331e+10 
4879 0.000000e+00 0.000000e+00 1.037331e+10 
4880 0.000000e+00 0.000000e+00 1.037330e+10 
4881 0.000000e+00 0.000000e+00 1.037330e+10 
4882 0.000000e+00 0.000000e+00 1.037331e+10 
4883 0.000000e+00 0.000000e+00 1.037331e+10 
4884 0.000000e+00 0.000000e+00 1.037331e+10 
4885 0.000000e+00 0.000000e+00 1.037334e+10 
4886 0.000000e+00 0.000000e+00 1.037330e+10 
4887 0.000000e+00 0.000000e+00 1.037330e+10 
4888 0.000000e+00 0.000000e+00 1.037331e+10 
4889 0.000000e+00 0.000000e+00 1.037331e+10 
4890 0.000000e+00 0.000000e+00 1.037330e+10 
4891 0.000000e+00 0.000000e+00 1.037330e+10 
4892 0.000000e+00 0.000000e+00 1.037331e+10 
4893 0.000000e+00 0.000000e+00 1.037330e+10 
4894 0.000000e+00 0.000000e+00 1.037330e+10 
4895 0.000000e+00 0.000000e+00 1.037331e+10 
4896 0.000000e+00 0.000000e+00 1.037330e+10 
4897 0.000000e+00 0.000000e+00 1.037331e+10 
4898 0.000000e+00 0.000000e+00 1.037330e+10 
4899 0.000000e+00 0.000000e+00 1.037330e+10 
4900 0.000000e+00 0.000000e+00 1.037332e+10 
4901 0.000000e+00 0.000000e+00 1.037330e+10 
4902 0.000000e+00 0.000000e+00 1.037330e+10 
4903 0.000000e+00 0.000000e+00 1.037331e+10 
4904 0.000000e+00 0.000000e+00 1.037330e+10 
4905 0.000000e+00 0.000000e+00 1.037330e+10 
4906 0.000000e+00 0.000000e+00 1.037330e+10 
4907 0.000000e+00 0.000000e+00 1.037330e+10 
4908 0.000000e+00 0.000000e+00 1.037330e+10 
4909 0.000000e+00 0.000000e+00 1.037330e+10 
4910 0.000000e+00 0.000000e+00 1.037330e+10 
4911 0.000000e+00 0.000000e+00 1.037330e+10 
4912 0.000000e+00 0.000000e+00 1.037332e+10 
4913 0.000000e+00 0.000000e+00 1.037330e+10 
4914 0.000000e+00 0.000000e+00 1.037330e+10 
4915 0.000000e+00 0.000000e+00 1.037330e+10 
4916 0.000000e+00 0.000000e+00 1.037330e+10 
4917 0.000000e+00 0.000000e+00 1.037330e+10 
4918 0.000000e+00 0.000000e+00 1.037330e+10 
4919 0.000000e+00 0.000000e+00 1.037330e+10 
4920 0.000000e+00 0.000000e+00 1.037330e+10 
4921 0.000000e+00 0.000000e+00 1.037330e+10 
4922 0.000000e+00 0.000000e+00 1.037330e+10 
4923 0.000000e+00 0.000000e+00 1.037330e+10 
4924 0.000000e+00 0.000000e+00 1.037330e+10 
4925 0.000000e+00 0.000000e+00 1.037330e+10 
4926 0.000000e+00 0.000000e+00 1.037330e+10 
4927 0.000000e+00 0.000000e+00 1.037330e+10 
4928 0.000000e+00 0.000000e+00 1.037330e+10 
4929 0.000000e+00 0.000000e+00 1.037330e+10 
4930 0.000000e+00 0.000000e+00 1.037336e+10 
4931 0.000000e+00 0.000000e+00 1.037351e+10 
4932 0.000000e+00 0.000000e+00 1.037331e+10 
4933 0.000000e+00 0.000000e+00 1.037331e+10 
4934 0.000000e+00 0.000000e+00 1.037331e+10 
4935 0.000000e+00 0.000000e+00 1.037330e+10 
4936 0.000000e+00 0.000000e+00 1.037330e+10 
4937 0.000000e+00 0.000000e+00 1.037331e+10 
4938 0.000000e+00 0.000000e+00 1.037332e+10 
4939 0.000000e+00 0.000000e+00 1.037420e+10 
4940 0.000000e+00 0.000000e+00 1.037331e+10 
4941 0.000000e+00 0.000000e+00 1.037330e+10 
4942 0.000000e+00 0.000000e+00 1.037333e+10 
4943 0.000000e+00 0.000000e+00 1.037331e+10 
4944 0.000000e+00 0.000000e+00 1.037332e+10 
4945 0.000000e+00 0.000000e+00 1.037330e+10 
4946 0.000000e+00 0.000000e+00 1.037330e+10 
4947 0.000000e+00 0.000000e+00 1.037330e+10 
4948 0.000000e+00 0.000000e+00 1.037331e+10 
4949 0.000000e+00 0.000000e+00 1.037331e+10 
4950 0.000000e+00 0.000000e+00 1.037330e+10 
4951 0.000000e+00 0.000000e+00 1.037330e+10 
4952 0.000000e+00 0.000000e+00 1.037331e+10 
4953 0.000000e+00 0.000000e+00 1.037330e+10 
4954 0.000000e+00 0.000000e+00 1.037330e+10 
4955 0.000000e+00 0.000000e+00 1.037332e+10 
4956 0.000000e+00 0.000000e+00 1.037331e+10 
4957 0.000000e+00 0.000000e+00 1.037331e+10 
4958 0.000000e+00 0.000000e+00 1.037330e+10 
4959 0.000000e+00 0.000000e+00 1.037330e+10 
4960 0.000000e+00 0.000000e+00 1.037330e+10 
4961 0.000000e+00 0.000000e+00 1.037331e+10 
4962 0.000000e+00 0.000000e+00 1.037331e+10 
4963 0.000000e+00 0.000000e+00 1.037331e+10 
4964 0.000000e+00 0.000000e+00 1.037330e+10 
4965 0.000000e+00 0.000000e+00 1.037330e+10 
4966 0.000000e+00 0.000000e+00 1.037330e+10 
4967 0.000000e+00 0.000000e+00 1.037336e+10 
4968 0.000000e+00 0.000000e+00 1.037335e+10 
4969 0.000000e+00 0.000000e+00 1.037333e+10 
4970 0.000000e+00 0.000000e+00 1.037331e+10 
4971 0.000000e+00 0.000000e+00 1.037330e+10 
4972 0.000000e+00 0.000000e+00 1.037330e+10 
4973 0.000000e+00 0.000000e+00 1.037330e+10 
4974 0.000000e+00 0.000000e+00 1.037330e+10 
4975 0.000000e+00 0.000000e+00 1.037330e+10 
4976 0.000000e+00 0.000000e+00 1.037330e+10 
4977 0.000000e+00 0.000000e+00 1.037330e+10 
4978 0.000000e+00 0.000000e+00 1.037330e+10 
4979 0.000000e+00 0.000000e+00 1.037331e+10 
4980 0.000000e+00 0.000000e+00 1.037331e+10 
4981 0.000000e+00 0.000000e+00 1.037330e+10 
4982 0.000000e+00 0.000000e+00 1.037330e+10 
4983 0.000000e+00 0.000000e+00 1.037330e+10 
4984 0.000000e+00 0.000000e+00 1.037330e+10 
4985 0.000000e+00 0.000000e+00 1.037331e+10 
4986 0.000000e+00 0.000000e+00 1.037337e+10 
4987 0.000000e+00 0.000000e+00 1.037332e+10 
4988 0.000000e+00 0.000000e+00 1.037337e+10 
4989 0.000000e+00 0.000000e+00 1.037331e+10 
4990 0.000000e+00 0.000000e+00 1.037330e+10 
4991 0.000000e+00 0.000000e+00 1.037330e+10 
4992 0.000000e+00 0.000000e+00 1.037330e+10 
4993 0.000000e+00 0.000000e+00 1.037331e+10 
4994 0.000000e+00 0.000000e+00 1.037330e+10 
4995 0.000000e+00 0.000000e+00 1.037330e+10 
4996 0.000000e+00 0.000000e+00 1.037331e+10 
4997 0.000000e+00 0.000000e+00 1.037331e+10 
4998 0.000000e+00 0.000000e+00 1.037330e+10 
4999 0.000000e+00 0.000000e+00 1.037330e+10 
5000 0.000000e+00 0.000000e+00 1.037330e+10 
5001 0.000000e+00 0.000000e+00 1.037330e+10 
5002 0.000000e+00 0.000000e+00 1.037330e+10 
5003 0.000000e+00 0.000000e+00 1.037330e+10 
5004 0.000000e+00 0.000000e+00 1.037330e+10 
5005 0.000000e+00 0.000000e+00 1.037331e+10 
5006 0.000000e+00 0.000000e+00 1.037330e+10 
5007 0.000000e+00 0.000000e+00 1.037330e+10 
5008 0.000000e+00 0.000000e+00 1.037330e+10 
5009 0.000000e+00 0.000000e+00 1.037330e+10 
5010 0.000000e+00 0.000000e+00 1.037330e+10 
5011 0.000000e+00 0.000000e+00 1.037331e+10 
5012 0.000000e+00 0.000000e+00 1.037331e+10 
5013 0.000000e+00 0.000000e+00 1.037330e+10 
5014 0.000000e+00 0.000000e+00 1.037330e+10 
5015 0.000000e+00 0.000000e+00 1.037331e+10 
5016 0.000000e+00 0.000000e+00 1.037330e+10 
5017 0.000000e+00 0.000000e+00 1.037330e+10 
5018 0.000000e+00 0.000000e+00 1.037330e+10 
5019 0.000000e+00 0.000000e+00 1.037330e+10 
5020 0.000000e+00 0.000000e+00 1.037330e+10 
5021 0.000000e+00 0.000000e+00 1.037330e+10 
5022 0.000000e+00 0.000000e+00 1.037335e+10 
5023 0.000000e+00 0.000000e+00 1.037331e+10 
5024 0.000000e+00 0.000000e+00 1.037330e+10 
5025 0.000000e+00 0.000000e+00 1.037330e+10 
5026 0.000000e+00 0.000000e+00 1.037330e+10 
5027 0.000000e+00 0.000000e+00 1.037331e+10 
5028 0.000000e+00 0.000000e+00 1.037330e+10 
5029 0.000000e+00 0.000000e+00 1.037330e+10 
5030 0.000000e+00 0.000000e+00 1.037330e+10 
5031 0.000000e+00 0.000000e+00 1.037331e+10 
5032 0.000000e+00 0.000000e+00 1.037330e+10 
5033 0.000000e+00 0.000000e+00 1.037331e+10 
5034 0.000000e+00 0.000000e+00 1.037330e+10 
5035 0.000000e+00 0.000000e+00 1.037330e+10 
5036 0.000000e+00 0.000000e+00 1.037330e+10 
5037 0.000000e+00 0.000000e+00 1.037330e+10 
5038 0.000000e+00 0.000000e+00 1.037330e+10 
5039 0.000000e+00 0.000000e+00 1.037330e+10 
5040 0.000000e+00 0.000000e+00 1.037331e+10 
5041 0.000000e+00 0.000000e+00 1.037330e+10 
5042 0.000000e+00 0.000000e+00 1.037331e+10 
5043 0.000000e+00 0.000000e+00 1.037330e+10 
5044 0.000000e+00 0.000000e+00 1.037330e+10 
5045 0.000000e+00 0.000000e+00 1.037336e+10 
5046 0.000000e+00 0.000000e+00 1.037330e+10 
5047 0.000000e+00 0.000000e+00 1.037330e+10 
5048 0.000000e+00 0.000000e+00 1.037332e+10 
5049 0.000000e+00 0.000000e+00 1.037330e+10 
5050 0.000000e+00 0.000000e+00 1.037330e+10 
5051 0.000000e+00 0.000000e+00 1.037331e+10 
5052 0.000000e+00 0.000000e+00 1.037330e+10 
5053 0.000000e+00 0.000000e+00 1.037330e+10 
5054 0.000000e+00 0.000000e+00 1.037330e+10 
5055 0.000000e+00 0.000000e+00 1.037330e+10 
5056 0.000000e+00 0.000000e+00 1.037330e+10 
5057 0.000000e+00 0.000000e+00 1.037330e+10 
5058 0.000000e+00 0.000000e+00 1.037330e+10 
5059 0.000000e+00 0.000000e+00 1.037331e+10 
5060 0.000000e+00 0.000000e+00 1.037330e+10 
5061 0.000000e+00 0.000000e+00 1.037330e+10 
5062 0.000000e+00 0.000000e+00 1.037332e+10 
5063 0.000000e+00 0.000000e+00 1.037330e+10 
5064 0.000000e+00 0.000000e+00 1.037330e+10 
5065 0.000000e+00 0.000000e+00 1.037337e+10 
5066 0.000000e+00 0.000000e+00 1.037331e+10 
5067 0.000000e+00 0.000000e+00 1.037330e+10 
5068 0.000000e+00 0.000000e+00 1.037330e+10 
5069 0.000000e+00 0.000000e+00 1.037331e+10 
5070 0.000000e+00 0.000000e+00 1.037330e+10 
5071 0.000000e+00 0.000000e+00 1.037330e+10 
5072 0.000000e+00 0.000000e+00 1.037330e+10 
5073 0.000000e+00 0.000000e+00 1.037330e+10 
5074 0.000000e+00 0.000000e+00 1.037331e+10 
5075 0.000000e+00 0.000000e+00 1.037331e+10 
5076 0.000000e+00 0.000000e+00 1.037330e+10 
5077 0.000000e+00 0.000000e+00 1.037330e+10 
5078 0.000000e+00 0.000000e+00 1.037330e+10 
5079 0.000000e+00 0.000000e+00 1.037331e+10 
5080 0.000000e+00 0.000000e+00 1.037330e+10 
5081 0.000000e+00 0.000000e+00 1.037330e+10 
5082 0.000000e+00 0.000000e+00 1.037331e+10 
5083 0.000000e+00 0.000000e+00 1.037330e+10 
5084 0.000000e+00 0.000000e+00 1.037330e+10 
5085 0.000000e+00 0.000000e+00 1.037330e+10 
5086 0.000000e+00 0.000000e+00 1.037330e+10 
5087 0.000000e+00 0.000000e+00 1.037331e+10 
5088 0.000000e+00 0.000000e+00 1.037330e+10 
5089 0.000000e+00 0.000000e+00 1.037330e+10 
5090 0.000000e+00 0.000000e+00 1.037331e+10 
5091 0.000000e+00 0.000000e+00 1.037331e+10 
5092 0.000000e+00 0.000000e+00 1.037332e+10 
5093 0.000000e+00 0.000000e+00 1.037331e+10 
5094 0.000000e+00 0.000000e+00 1.037331e+10 
5095 0.000000e+00 0.000000e+00 1.037330e+10 
5096 0.000000e+00 0.000000e+00 1.037330e+10 
5097 0.000000e+00 0.000000e+00 1.037330e+10 
5098 0.000000e+00 0.000000e+00 1.037331e+10 
5099 0.000000e+00 0.000000e+00 1.037330e+10 
5100 0.000000e+00 0.000000e+00 1.037331e+10 
5101 0.000000e+00 0.000000e+00 1.037330e+10 
5102 0.000000e+00 0.000000e+00 1.037330e+10 
5103 0.000000e+00 0.000000e+00 1.037330e+10 
5104 0.000000e+00 0.000000e+00 1.037331e+10 
5105 0.000000e+00 0.000000e+00 1.037330e+10 
5106 0.000000e+00 0.000000e+00 1.037330e+10 
5107 0.000000e+00 0.000000e+00 1.037330e+10 
5108 0.000000e+00 0.000000e+00 1.037331e+10 
5109 0.000000e+00 0.000000e+00 1.037330e+10 
5110 0.000000e+00 0.000000e+00 1.037330e+10 
5111 0.000000e+00 0.000000e+00 1.037330e+10 
5112 0.000000e+00 0.000000e+00 1.037330e+10 
5113 0.000000e+00 0.000000e+00 1.037331e+10 
5114 0.000000e+00 0.000000e+00 1.037331e+10 
5115 0.000000e+00 0.000000e+00 1.037331e+10 
5116 0.000000e+00 0.000000e+00 1.037330e+10 
5117 0.000000e+00 0.000000e+00 1.037330e+10 
5118 0.000000e+00 0.000000e+00 1.037330e+10 
5119 0.000000e+00 0.000000e+00 1.037330e+10 
5120 0.000000e+00 0.000000e+00 1.037330e+10 
5121 0.000000e+00 0.000000e+00 1.037330e+10 
5122 0.000000e+00 0.000000e+00 1.037330e+10 
5123 0.000000e+00 0.000000e+00 1.037331e+10 
5124 0.000000e+00 0.000000e+00 1.037330e+10 
5125 0.000000e+00 0.000000e+00 1.037330e+10 
5126 0.000000e+00 0.000000e+00 1.037332e+10 
5127 0.000000e+00 0.000000e+00 1.037332e+10 
5128 0.000000e+00 0.000000e+00 1.037331e+10 
5129 0.000000e+00 0.000000e+00 1.037331e+10 
5130 0.000000e+00 0.000000e+00 1.037330e+10 
5131 0.000000e+00 0.000000e+00 1.037331e+10 
5132 0.000000e+00 0.000000e+00 1.037330e+10 
5133 0.000000e+00 0.000000e+00 1.037341e+10 
5134 0.000000e+00 0.000000e+00 1.037330e+10 
5135 0.000000e+00 0.000000e+00 1.037332e+10 
5136 0.000000e+00 0.000000e+00 1.037330e+10 
5137 0.000000e+00 0.000000e+00 1.037330e+10 
5138 0.000000e+00 0.000000e+00 1.037330e+10 
5139 0.000000e+00 0.000000e+00 1.037331e+10 
5140 0.000000e+00 0.000000e+00 1.037330e+10 
5141 0.000000e+00 0.000000e+00 1.037336e+10 
5142 0.000000e+00 0.000000e+00 1.037330e+10 
5143 0.000000e+00 0.000000e+00 1.037331e+10 
5144 0.000000e+00 0.000000e+00 1.037332e+10 
5145 0.000000e+00 0.000000e+00 1.037330e+10 
5146 0.000000e+00 0.000000e+00 1.037330e+10 
5147 0.000000e+00 0.000000e+00 1.037331e+10 
5148 0.000000e+00 0.000000e+00 1.037349e+10 
5149 0.000000e+00 0.000000e+00 1.037332e+10 
5150 0.000000e+00 0.000000e+00 1.037331e+10 
5151 0.000000e+00 0.000000e+00 1.037331e+10 
5152 0.000000e+00 0.000000e+00 1.037330e+10 
5153 0.000000e+00 0.000000e+00 1.037331e+10 
5154 0.000000e+00 0.000000e+00 1.037331e+10 
5155 0.000000e+00 0.000000e+00 1.037330e+10 
5156 0.000000e+00 0.000000e+00 1.037330e+10 
5157 0.000000e+00 0.000000e+00 1.037332e+10 
5158 0.000000e+00 0.000000e+00 1.037359e+10 
5159 0.000000e+00 0.000000e+00 1.037332e+10 
5160 0.000000e+00 0.000000e+00 1.037330e+10 
5161 0.000000e+00 0.000000e+00 1.037330e+10 
5162 0.000000e+00 0.000000e+00 1.037331e+10 
5163 0.000000e+00 0.000000e+00 1.037330e+10 
5164 0.000000e+00 0.000000e+00 1.037330e+10 
5165 0.000000e+00 0.000000e+00 1.037333e+10 
5166 0.000000e+00 0.000000e+00 1.037332e+10 
5167 0.000000e+00 0.000000e+00 1.037333e+10 
5168 0.000000e+00 0.000000e+00 1.037331e+10 
5169 0.000000e+00 0.000000e+00 1.037330e+10 
5170 0.000000e+00 0.000000e+00 1.037330e+10 
5171 0.000000e+00 0.000000e+00 1.037330e+10 
5172 0.000000e+00 0.000000e+00 1.037332e+10 
5173 0.000000e+00 0.000000e+00 1.037330e+10 
5174 0.000000e+00 0.000000e+00 1.037331e+10 
5175 0.000000e+00 0.000000e+00 1.037330e+10 
5176 0.000000e+00 0.000000e+00 1.037334e+10 
5177 0.000000e+00 0.000000e+00 1.037330e+10 
5178 0.000000e+00 0.000000e+00 1.037330e+10 
5179 0.000000e+00 0.000000e+00 1.037330e+10 
5180 0.000000e+00 0.000000e+00 1.037330e+10 
5181 0.000000e+00 0.000000e+00 1.037330e+10 
5182 0.000000e+00 0.000000e+00 1.037333e+10 
5183 0.000000e+00 0.000000e+00 1.037330e+10 
5184 0.000000e+00 0.000000e+00 1.037331e+10 
5185 0.000000e+00 0.000000e+00 1.037331e+10 
5186 0.000000e+00 0.000000e+00 1.037331e+10 
5187 0.000000e+00 0.000000e+00 1.037333e+10 
5188 0.000000e+00 0.000000e+00 1.037331e+10 
5189 0.000000e+00 0.000000e+00 1.037331e+10 
5190 0.000000e+00 0.000000e+00 1.037330e+10 
5191 0.000000e+00 0.000000e+00 1.037330e+10 
5192 0.000000e+00 0.000000e+00 1.037330e+10 
5193 0.000000e+00 0.000000e+00 1.037330e+10 
5194 0.000000e+00 0.000000e+00 1.037342e+10 
5195 0.000000e+00 0.000000e+00 1.037345e+10 
5196 0.000000e+00 0.000000e+00 1.037331e+10 
5197 0.000000e+00 0.000000e+00 1.037333e+10 
5198 0.000000e+00 0.000000e+00 1.037331e+10 
5199 0.000000e+00 0.000000e+00 1.037331e+10 
5200 0.000000e+00 0.000000e+00 1.037330e+10 
5201 0.000000e+00 0.000000e+00 1.037331e+10 
5202 0.000000e+00 0.000000e+00 1.037331e+10 
5203 0.000000e+00 0.000000e+00 1.037330e+10 
5204 0.000000e+00 0.000000e+00 1.037336e+10 
5205 0.000000e+00 0.000000e+00 1.037331e+10 
5206 0.000000e+00 0.000000e+00 1.037331e+10 
5207 0.000000e+00 0.000000e+00 1.037359e+10 
5208 0.000000e+00 0.000000e+00 1.037332e+10 
5209 0.000000e+00 0.000000e+00 1.037330e+10 
5210 0.000000e+00 0.000000e+00 1.037331e+10 
5211 0.000000e+00 0.000000e+00 1.037333e+10 
5212 0.000000e+00 0.000000e+00 1.037331e+10 
5213 0.000000e+00 0.000000e+00 1.037331e+10 
5214 0.000000e+00 0.000000e+00 1.037330e+10 
5215 0.000000e+00 0.000000e+00 1.037330e+10 
5216 0.000000e+00 0.000000e+00 1.037330e+10 
5217 0.000000e+00 0.000000e+00 1.037330e+10 
5218 0.000000e+00 0.000000e+00 1.037337e+10 
5219 0.000000e+00 0.000000e+00 1.037330e+10 
5220 0.000000e+00 0.000000e+00 1.037340e+10 
5221 0.000000e+00 0.000000e+00 1.037330e+10 
5222 0.000000e+00 0.000000e+00 1.037330e+10 
5223 0.000000e+00 0.000000e+00 1.037335e+10 
5224 0.000000e+00 0.000000e+00 1.037330e+10 
5225 0.000000e+00 0.000000e+00 1.037332e+10 
5226 0.000000e+00 0.000000e+00 1.037330e+10 
5227 0.000000e+00 0.000000e+00 1.037334e+10 
5228 0.000000e+00 0.000000e+00 1.037330e+10 
5229 0.000000e+00 0.000000e+00 1.037331e+10 
5230 0.000000e+00 0.000000e+00 1.037330e+10 
5231 0.000000e+00 0.000000e+00 1.037333e+10 
5232 0.000000e+00 0.000000e+00 1.037330e+10 
5233 0.000000e+00 0.000000e+00 1.037330e+10 
5234 0.000000e+00 0.000000e+00 1.037337e+10 
5235 0.000000e+00 0.000000e+00 1.037331e+10 
5236 0.000000e+00 0.000000e+00 1.037330e+10 
5237 0.000000e+00 0.000000e+00 1.037333e+10 
5238 0.000000e+00 0.000000e+00 1.037331e+10 
5239 0.000000e+00 0.000000e+00 1.037331e+10 
5240 0.000000e+00 0.000000e+00 1.037332e+10 
5241 0.000000e+00 0.000000e+00 1.037331e+10 
5242 0.000000e+00 0.000000e+00 1.037331e+10 
5243 0.000000e+00 0.000000e+00 1.037330e+10 
5244 0.000000e+00 0.000000e+00 1.037333e+10 
5245 0.000000e+00 0.000000e+00 1.037330e+10 
5246 0.000000e+00 0.000000e+00 1.037330e+10 
5247 0.000000e+00 0.000000e+00 1.037331e+10 
5248 0.000000e+00 0.000000e+00 1.037334e+10 
5249 0.000000e+00 0.000000e+00 1.037331e+10 
5250 0.000000e+00 0.000000e+00 1.037330e+10 
5251 0.000000e+00 0.000000e+00 1.037330e+10 
5252 0.000000e+00 0.000000e+00 1.037332e+10 
5253 0.000000e+00 0.000000e+00 1.037333e+10 
5254 0.000000e+00 0.000000e+00 1.037359e+10 
5255 0.000000e+00 0.000000e+00 1.037335e+10 
5256 0.000000e+00 0.000000e+00 1.037331e+10 
5257 0.000000e+00 0.000000e+00 1.037348e+10 
5258 0.000000e+00 0.000000e+00 1.037330e+10 
5259 0.000000e+00 0.000000e+00 1.037330e+10 
5260 0.000000e+00 0.000000e+00 1.037330e+10 
5261 0.000000e+00 0.000000e+00 1.037330e+10 
5262 0.000000e+00 0.000000e+00 1.037333e+10 
5263 0.000000e+00 0.000000e+00 1.037333e+10 
5264 0.000000e+00 0.000000e+00 1.037330e+10 
5265 0.000000e+00 0.000000e+00 1.037331e+10 
5266 0.000000e+00 0.000000e+00 1.037330e+10 
5267 0.000000e+00 0.000000e+00 1.037330e+10 
5268 0.000000e+00 0.000000e+00 1.037331e+10 
5269 0.000000e+00 0.000000e+00 1.037331e+10 
5270 0.000000e+00 0.000000e+00 1.037330e+10 
5271 0.000000e+00 0.000000e+00 1.037331e+10 
5272 0.000000e+00 0.000000e+00 1.037330e+10 
5273 0.000000e+00 0.000000e+00 1.037330e+10 
5274 0.000000e+00 0.000000e+00 1.037333e+10 
5275 0.000000e+00 0.000000e+00 1.037331e+10 
5276 0.000000e+00 0.000000e+00 1.037332e+10 
5277 0.000000e+00 0.000000e+00 1.037330e+10 
5278 0.000000e+00 0.000000e+00 1.037331e+10 
5279 0.000000e+00 0.000000e+00 1.037331e+10 
5280 0.000000e+00 0.000000e+00 1.037331e+10 
5281 0.000000e+00 0.000000e+00 1.037330e+10 
5282 0.000000e+00 0.000000e+00 1.037330e+10 
5283 0.000000e+00 0.000000e+00 1.037330e+10 
5284 0.000000e+00 0.000000e+00 1.037330e+10 
5285 0.000000e+00 0.000000e+00 1.037330e+10 
5286 0.000000e+00 0.000000e+00 1.037331e+10 
5287 0.000000e+00 0.000000e+00 1.037345e+10 
5288 0.000000e+00 0.000000e+00 1.037331e+10 
5289 0.000000e+00 0.000000e+00 1.037331e+10 
5290 0.000000e+00 0.000000e+00 1.037330e+10 
5291 0.000000e+00 0.000000e+00 1.037330e+10 
5292 0.000000e+00 0.000000e+00 1.037330e+10 
5293 0.000000e+00 0.000000e+00 1.037331e+10 
5294 0.000000e+00 0.000000e+00 1.037332e+10 
5295 0.000000e+00 0.000000e+00 1.037330e+10 
5296 0.000000e+00 0.000000e+00 1.037330e+10 
5297 0.000000e+00 0.000000e+00 1.037331e+10 
5298 0.000000e+00 0.000000e+00 1.037331e+10 
5299 0.000000e+00 0.000000e+00 1.037336e+10 
5300 0.000000e+00 0.000000e+00 1.037331e+10 
5301 0.000000e+00 0.000000e+00 1.037330e+10 
5302 0.000000e+00 0.000000e+00 1.037332e+10 
5303 0.000000e+00 0.000000e+00 1.037330e+10 
5304 0.000000e+00 0.000000e+00 1.037332e+10 
5305 0.000000e+00 0.000000e+00 1.037342e+10 
5306 0.000000e+00 0.000000e+00 1.037330e+10 
5307 0.000000e+00 0.000000e+00 1.037331e+10 
5308 0.000000e+00 0.000000e+00 1.037344e+10 
5309 0.000000e+00 0.000000e+00 1.037346e+10 
5310 0.000000e+00 0.000000e+00 1.037348e+10 
5311 0.000000e+00 0.000000e+00 1.037332e+10 
5312 0.000000e+00 0.000000e+00 1.037332e+10 
5313 0.000000e+00 0.000000e+00 1.037330e+10 
5314 0.000000e+00 0.000000e+00 1.037331e+10 
5315 0.000000e+00 0.000000e+00 1.037331e+10 
5316 0.000000e+00 0.000000e+00 1.037330e+10 
5317 0.000000e+00 0.000000e+00 1.037330e+10 
5318 0.000000e+00 0.000000e+00 1.037330e+10 
5319 0.000000e+00 0.000000e+00 1.037332e+10 
5320 0.000000e+00 0.000000e+00 1.037331e+10 
5321 0.000000e+00 0.000000e+00 1.037330e+10 
5322 0.000000e+00 0.000000e+00 1.037331e+10 
5323 0.000000e+00 0.000000e+00 1.037331e+10 
5324 0.000000e+00 0.000000e+00 1.037334e+10 
5325 0.000000e+00 0.000000e+00 1.037339e+10 
5326 0.000000e+00 0.000000e+00 1.037331e+10 
5327 0.000000e+00 0.000000e+00 1.037330e+10 
5328 0.000000e+00 0.000000e+00 1.037331e+10 
5329 0.000000e+00 0.000000e+00 1.037331e+10 
5330 0.000000e+00 0.000000e+00 1.037333e+10 
5331 0.000000e+00 0.000000e+00 1.037331e+10 
5332 0.000000e+00 0.000000e+00 1.037331e+10 
5333 0.000000e+00 0.000000e+00 1.037331e+10 
5334 0.000000e+00 0.000000e+00 1.037330e+10 
5335 0.000000e+00 0.000000e+00 1.037334e+10 
5336 0.000000e+00 0.000000e+00 1.037330e+10 
5337 0.000000e+00 0.000000e+00 1.037334e+10 
5338 0.000000e+00 0.000000e+00 1.037331e+10 
5339 0.000000e+00 0.000000e+00 1.037330e+10 
5340 0.000000e+00 0.000000e+00 1.037331e+10 
5341 0.000000e+00 0.000000e+00 1.037330e+10 
5342 0.000000e+00 0.000000e+00 1.037330e+10 
5343 0.000000e+00 0.000000e+00 1.037330e+10 
5344 0.000000e+00 0.000000e+00 1.037330e+10 
5345 0.000000e+00 0.000000e+00 1.037330e+10 
5346 0.000000e+00 0.000000e+00 1.037330e+10 
5347 0.000000e+00 0.000000e+00 1.037330e+10 
5348 0.000000e+00 0.000000e+00 1.037330e+10 
5349 0.000000e+00 0.000000e+00 1.037331e+10 
5350 0.000000e+00 0.000000e+00 1.037332e+10 
5351 0.000000e+00 0.000000e+00 1.037332e+10 
5352 0.000000e+00 0.000000e+00 1.037331e+10 
5353 0.000000e+00 0.000000e+00 1.037330e+10 
5354 0.000000e+00 0.000000e+00 1.037331e+10 
5355 0.000000e+00 0.000000e+00 1.037330e+10 
5356 0.000000e+00 0.000000e+00 1.037330e+10 
5357 0.000000e+00 0.000000e+00 1.037330e+10 
5358 0.000000e+00 0.000000e+00 1.037332e+10 
5359 0.000000e+00 0.000000e+00 1.037330e+10 
5360 0.000000e+00 0.000000e+00 1.037330e+10 
5361 0.000000e+00 0.000000e+00 1.037331e+10 
5362 0.000000e+00 0.000000e+00 1.037332e+10 
5363 0.000000e+00 0.000000e+00 1.037330e+10 
5364 0.000000e+00 0.000000e+00 1.037331e+10 
5365 0.000000e+00 0.000000e+00 1.037331e+10 
5366 0.000000e+00 0.000000e+00 1.037330e+10 
5367 0.000000e+00 0.000000e+00 1.037330e+10 
5368 0.000000e+00 0.000000e+00 1.037335e+10 
5369 0.000000e+00 0.000000e+00 1.037330e+10 
5370 0.000000e+00 0.000000e+00 1.037332e+10 
5371 0.000000e+00 0.000000e+00 1.037334e+10 
5372 0.000000e+00 0.000000e+00 1.037332e+10 
5373 0.000000e+00 0.000000e+00 1.037331e+10 
5374 0.000000e+00 0.000000e+00 1.037330e+10 
5375 0.000000e+00 0.000000e+00 1.037330e+10 
5376 0.000000e+00 0.000000e+00 1.037331e+10 
5377 0.000000e+00 0.000000e+00 1.037330e+10 
5378 0.000000e+00 0.000000e+00 1.037330e+10 
5379 0.000000e+00 0.000000e+00 1.037330e+10 
5380 0.000000e+00 0.000000e+00 1.037331e+10 
5381 0.000000e+00 0.000000e+00 1.037331e+10 
5382 0.000000e+00 0.000000e+00 1.037331e+10 
5383 0.000000e+00 0.000000e+00 1.037331e+10 
5384 0.000000e+00 0.000000e+00 1.037330e+10 
5385 0.000000e+00 0.000000e+00 1.037331e+10 
5386 0.000000e+00 0.000000e+00 1.037331e+10 
5387 0.000000e+00 0.000000e+00 1.037330e+10 
5388 0.000000e+00 0.000000e+00 1.037330e+10 
5389 0.000000e+00 0.000000e+00 1.037348e+10 
5390 0.000000e+00 0.000000e+00 1.037330e+10 
5391 0.000000e+00 0.000000e+00 1.037330e+10 
5392 0.000000e+00 0.000000e+00 1.037336e+10 
5393 0.000000e+00 0.000000e+00 1.037336e+10 
5394 0.000000e+00 0.000000e+00 1.037336e+10 
5395 0.000000e+00 0.000000e+00 1.037331e+10 
5396 0.000000e+00 0.000000e+00 1.037332e+10 
5397 0.000000e+00 0.000000e+00 1.037330e+10 
5398 0.000000e+00 0.000000e+00 1.037330e+10 
5399 0.000000e+00 0.000000e+00 1.037331e+10 
5400 0.000000e+00 0.000000e+00 1.037330e+10 
5401 0.000000e+00 0.000000e+00 1.037330e+10 
5402 0.000000e+00 0.000000e+00 1.037331e+10 
5403 0.000000e+00 0.000000e+00 1.037331e+10 
5404 0.000000e+00 0.000000e+00 1.037334e+10 
5405 0.000000e+00 0.000000e+00 1.037342e+10 
5406 0.000000e+00 0.000000e+00 1.037346e+10 
5407 0.000000e+00 0.000000e+00 1.037331e+10 
5408 0.000000e+00 0.000000e+00 1.037331e+10 
5409 0.000000e+00 0.000000e+00 1.037331e+10 
5410 0.000000e+00 0.000000e+00 1.037330e+10 
5411 0.000000e+00 0.000000e+00 1.037330e+10 
5412 0.000000e+00 0.000000e+00 1.037331e+10 
5413 0.000000e+00 0.000000e+00 1.037330e+10 
5414 0.000000e+00 0.000000e+00 1.037330e+10 
5415 0.000000e+00 0.000000e+00 1.037330e+10 
5416 0.000000e+00 0.000000e+00 1.037341e+10 
5417 0.000000e+00 0.000000e+00 1.037332e+10 
5418 0.000000e+00 0.000000e+00 1.037333e+10 
5419 0.000000e+00 0.000000e+00 1.037332e+10 
5420 0.000000e+00 0.000000e+00 1.037330e+10 
5421 0.000000e+00 0.000000e+00 1.037330e+10 
5422 0.000000e+00 0.000000e+00 1.037330e+10 
5423 0.000000e+00 0.000000e+00 1.037330e+10 
5424 0.000000e+00 0.000000e+00 1.037331e+10 
5425 0.000000e+00 0.000000e+00 1.037331e+10 
5426 0.000000e+00 0.000000e+00 1.037331e+10 
5427 0.000000e+00 0.000000e+00 1.037330e+10 
5428 0.000000e+00 0.000000e+00 1.037330e+10 
5429 0.000000e+00 0.000000e+00 1.037332e+10 
5430 0.000000e+00 0.000000e+00 1.037333e+10 
5431 0.000000e+00 0.000000e+00 1.037333e+10 
5432 0.000000e+00 0.000000e+00 1.037331e+10 
5433 0.000000e+00 0.000000e+00 1.037331e+10 
5434 0.000000e+00 0.000000e+00 1.037330e+10 
5435 0.000000e+00 0.000000e+00 1.037330e+10 
5436 0.000000e+00 0.000000e+00 1.037332e+10 
5437 0.000000e+00 0.000000e+00 1.037330e+10 
5438 0.000000e+00 0.000000e+00 1.037330e+10 
5439 0.000000e+00 0.000000e+00 1.037333e+10 
5440 0.000000e+00 0.000000e+00 1.037331e+10 
5441 0.000000e+00 0.000000e+00 1.037337e+10 
5442 0.000000e+00 0.000000e+00 1.037352e+10 
5443 0.000000e+00 0.000000e+00 1.037332e+10 
5444 0.000000e+00 0.000000e+00 1.037431e+10 
5445 0.000000e+00 0.000000e+00 1.037334e+10 
5446 0.000000e+00 0.000000e+00 1.037332e+10 
5447 0.000000e+00 0.000000e+00 1.037330e+10 
5448 0.000000e+00 0.000000e+00 1.037336e+10 
5449 0.000000e+00 0.000000e+00 1.037330e+10 
5450 0.000000e+00 0.000000e+00 1.037330e+10 
5451 0.000000e+00 0.000000e+00 1.037332e+10 
5452 0.000000e+00 0.000000e+00 1.037338e+10 
5453 0.000000e+00 0.000000e+00 1.037331e+10 
5454 0.000000e+00 0.000000e+00 1.037341e+10 
5455 0.000000e+00 0.000000e+00 1.037330e+10 
5456 0.000000e+00 0.000000e+00 1.037331e+10 
5457 0.000000e+00 0.000000e+00 1.037330e+10 
5458 0.000000e+00 0.000000e+00 1.037330e+10 
5459 0.000000e+00 0.000000e+00 1.037331e+10 
5460 0.000000e+00 0.000000e+00 1.037330e+10 
5461 0.000000e+00 0.000000e+00 1.037331e+10 
5462 0.000000e+00 0.000000e+00 1.037331e+10 
5463 0.000000e+00 0.000000e+00 1.037361e+10 
5464 0.000000e+00 0.000000e+00 1.037348e+10 
5465 0.000000e+00 0.000000e+00 1.037351e+10 
5466 0.000000e+00 0.000000e+00 1.037331e+10 
5467 0.000000e+00 0.000000e+00 1.037330e+10 
5468 0.000000e+00 0.000000e+00 1.037330e+10 
5469 0.000000e+00 0.000000e+00 1.037332e+10 
5470 0.000000e+00 0.000000e+00 1.037331e+10 
5471 0.000000e+00 0.000000e+00 1.037334e+10 
5472 0.000000e+00 0.000000e+00 1.037330e+10 
5473 0.000000e+00 0.000000e+00 1.037330e+10 
5474 0.000000e+00 0.000000e+00 1.037330e+10 
5475 0.000000e+00 0.000000e+00 1.037330e+10 
5476 0.000000e+00 0.000000e+00 1.037330e+10 
5477 0.000000e+00 0.000000e+00 1.037331e+10 
5478 0.000000e+00 0.000000e+00 1.037330e+10 
5479 0.000000e+00 0.000000e+00 1.037330e+10 
5480 0.000000e+00 0.000000e+00 1.037330e+10 
5481 0.000000e+00 0.000000e+00 1.037331e+10 
5482 0.000000e+00 0.000000e+00 1.037330e+10 
5483 0.000000e+00 0.000000e+00 1.037330e+10 
5484 0.000000e+00 0.000000e+00 1.037330e+10 
5485 0.000000e+00 0.000000e+00 1.037330e+10 
5486 0.000000e+00 0.000000e+00 1.037330e+10 
5487 0.000000e+00 0.000000e+00 1.037330e+10 
5488 0.000000e+00 0.000000e+00 1.037330e+10 
5489 0.000000e+00 0.000000e+00 1.037331e+10 
5490 0.000000e+00 0.000000e+00 1.037331e+10 
5491 0.000000e+00 0.000000e+00 1.037330e+10 
5492 0.000000e+00 0.000000e+00 1.037330e+10 
5493 0.000000e+00 0.000000e+00 1.037330e+10 
5494 0.000000e+00 0.000000e+00 1.037333e+10 
5495 0.000000e+00 0.000000e+00 1.037330e+10 
5496 0.000000e+00 0.000000e+00 1.037331e+10 
5497 0.000000e+00 0.000000e+00 1.037330e+10 
5498 0.000000e+00 0.000000e+00 1.037330e+10 
5499 0.000000e+00 0.000000e+00 1.037331e+10 
5500 0.000000e+00 0.000000e+00 1.037333e+10 
5501 0.000000e+00 0.000000e+00 1.037332e+10 
5502 0.000000e+00 0.000000e+00 1.037330e+10 
5503 0.000000e+00 0.000000e+00 1.037330e+10 
5504 0.000000e+00 0.000000e+00 1.037330e+10 
5505 0.000000e+00 0.000000e+00 1.037330e+10 
5506 0.000000e+00 0.000000e+00 1.037330e+10 
5507 0.000000e+00 0.000000e+00 1.037330e+10 
5508 0.000000e+00 0.000000e+00 1.037330e+10 
5509 0.000000e+00 0.000000e+00 1.037331e+10 
5510 0.000000e+00 0.000000e+00 1.037331e+10 
5511 0.000000e+00 0.000000e+00 1.037331e+10 
5512 0.000000e+00 0.000000e+00 1.037330e+10 
5513 0.000000e+00 0.000000e+00 1.037330e+10 
5514 0.000000e+00 0.000000e+00 1.037330e+10 
5515 0.000000e+00 0.000000e+00 1.037330e+10 
5516 0.000000e+00 0.000000e+00 1.037330e+10 
5517 0.000000e+00 0.000000e+00 1.037330e+10 
5518 0.000000e+00 0.000000e+00 1.037330e+10 
5519 0.000000e+00 0.000000e+00 1.037330e+10 
5520 0.000000e+00 0.000000e+00 1.037330e+10 
5521 0.000000e+00 0.000000e+00 1.037331e+10 
5522 0.000000e+00 0.000000e+00 1.037331e+10 
5523 0.000000e+00 0.000000e+00 1.037331e+10 
5524 0.000000e+00 0.000000e+00 1.037331e+10 
5525 0.000000e+00 0.000000e+00 1.037331e+10 
5526 0.000000e+00 0.000000e+00 1.037330e+10 
5527 0.000000e+00 0.000000e+00 1.037330e+10 
5528 0.000000e+00 0.000000e+00 1.037330e+10 
5529 0.000000e+00 0.000000e+00 1.037330e+10 
5530 0.000000e+00 0.000000e+00 1.037331e+10 
5531 0.000000e+00 0.000000e+00 1.037330e+10 
5532 0.000000e+00 0.000000e+00 1.037330e+10 
5533 0.000000e+00 0.000000e+00 1.037331e+10 
5534 0.000000e+00 0.000000e+00 1.037331e+10 
5535 0.000000e+00 0.000000e+00 1.037333e+10 
5536 0.000000e+00 0.000000e+00 1.037331e+10 
5537 0.000000e+00 0.000000e+00 1.037331e+10 
5538 0.000000e+00 0.000000e+00 1.037330e+10 
5539 0.000000e+00 0.000000e+00 1.037331e+10 
5540 0.000000e+00 0.000000e+00 1.037330e+10 
5541 0.000000e+00 0.000000e+00 1.037331e+10 
5542 0.000000e+00 0.000000e+00 1.037330e+10 
5543 0.000000e+00 0.000000e+00 1.037331e+10 
5544 0.000000e+00 0.000000e+00 1.037330e+10 
5545 0.000000e+00 0.000000e+00 1.037330e+10 
5546 0.000000e+00 0.000000e+00 1.037331e+10 
5547 0.000000e+00 0.000000e+00 1.037336e+10 
5548 0.000000e+00 0.000000e+00 1.037389e+10 
5549 0.000000e+00 0.000000e+00 1.037334e+10 
5550 0.000000e+00 0.000000e+00 1.037332e+10 
5551 0.000000e+00 0.000000e+00 1.037331e+10 
5552 0.000000e+00 0.000000e+00 1.037330e+10 
5553 0.000000e+00 0.000000e+00 1.037330e+10 
5554 0.000000e+00 0.000000e+00 1.037330e+10 
5555 0.000000e+00 0.000000e+00 1.037331e+10 
5556 0.000000e+00 0.000000e+00 1.037335e+10 
5557 0.000000e+00 0.000000e+00 1.037338e+10 
5558 0.000000e+00 0.000000e+00 1.037340e+10 
5559 0.000000e+00 0.000000e+00 1.037336e+10 
5560 0.000000e+00 0.000000e+00 1.037341e+10 
5561 0.000000e+00 0.000000e+00 1.037342e+10 
5562 0.000000e+00 0.000000e+00 1.037332e+10 
5563 0.000000e+00 0.000000e+00 1.037331e+10 
5564 0.000000e+00 0.000000e+00 1.037330e+10 
5565 0.000000e+00 0.000000e+00 1.037331e+10 
5566 0.000000e+00 0.000000e+00 1.037331e+10 
5567 0.000000e+00 0.000000e+00 1.037330e+10 
5568 0.000000e+00 0.000000e+00 1.037330e+10 
5569 0.000000e+00 0.000000e+00 1.037330e+10 
5570 0.000000e+00 0.000000e+00 1.037336e+10 
5571 0.000000e+00 0.000000e+00 1.037333e+10 
5572 0.000000e+00 0.000000e+00 1.037332e+10 
5573 0.000000e+00 0.000000e+00 1.037331e+10 
5574 0.000000e+00 0.000000e+00 1.037330e+10 
5575 0.000000e+00 0.000000e+00 1.037331e+10 
5576 0.000000e+00 0.000000e+00 1.037330e+10 
5577 0.000000e+00 0.000000e+00 1.037331e+10 
5578 0.000000e+00 0.000000e+00 1.037331e+10 
5579 0.000000e+00 0.000000e+00 1.037340e+10 
5580 0.000000e+00 0.000000e+00 1.037330e+10 
5581 0.000000e+00 0.000000e+00 1.037331e+10 
5582 0.000000e+00 0.000000e+00 1.037330e+10 
5583 0.000000e+00 0.000000e+00 1.037330e+10 
5584 0.000000e+00 0.000000e+00 1.037330e+10 
5585 0.000000e+00 0.000000e+00 1.037331e+10 
5586 0.000000e+00 0.000000e+00 1.037330e+10 
5587 0.000000e+00 0.000000e+00 1.037331e+10 
5588 0.000000e+00 0.000000e+00 1.037333e+10 
5589 0.000000e+00 0.000000e+00 1.037333e+10 
5590 0.000000e+00 0.000000e+00 1.037330e+10 
5591 0.000000e+00 0.000000e+00 1.037332e+10 
5592 0.000000e+00 0.000000e+00 1.037333e+10 
5593 0.000000e+00 0.000000e+00 1.037358e+10 
5594 0.000000e+00 0.000000e+00 1.037343e+10 
5595 0.000000e+00 0.000000e+00 1.037331e+10 
5596 0.000000e+00 0.000000e+00 1.037330e+10 
5597 0.000000e+00 0.000000e+00 1.037330e+10 
5598 0.000000e+00 0.000000e+00 1.037336e+10 
5599 0.000000e+00 0.000000e+00 1.037330e+10 
5600 0.000000e+00 0.000000e+00 1.037330e+10 
5601 0.000000e+00 0.000000e+00 1.037334e+10 
5602 0.000000e+00 0.000000e+00 1.037334e+10 
5603 0.000000e+00 0.000000e+00 1.037330e+10 
5604 0.000000e+00 0.000000e+00 1.037335e+10 
5605 0.000000e+00 0.000000e+00 1.037332e+10 
5606 0.000000e+00 0.000000e+00 1.037330e+10 
5607 0.000000e+00 0.000000e+00 1.037330e+10 
5608 0.000000e+00 0.000000e+00 1.037330e+10 
5609 0.000000e+00 0.000000e+00 1.037330e+10 
5610 0.000000e+00 0.000000e+00 1.037330e+10 
5611 0.000000e+00 0.000000e+00 1.037330e+10 
5612 0.000000e+00 0.000000e+00 1.037330e+10 
5613 0.000000e+00 0.000000e+00 1.037337e+10 
5614 0.000000e+00 0.000000e+00 1.037334e+10 
5615 0.000000e+00 0.000000e+00 1.037332e+10 
5616 0.000000e+00 0.000000e+00 1.037330e+10 
5617 0.000000e+00 0.000000e+00 1.037332e+10 
5618 0.000000e+00 0.000000e+00 1.037331e+10 
5619 0.000000e+00 0.000000e+00 1.037330e+10 
5620 0.000000e+00 0.000000e+00 1.037330e+10 
5621 0.000000e+00 0.000000e+00 1.037330e+10 
5622 0.000000e+00 0.000000e+00 1.037331e+10 
5623 0.000000e+00 0.000000e+00 1.037330e+10 
5624 0.000000e+00 0.000000e+00 1.037332e+10 
5625 0.000000e+00 0.000000e+00 1.037332e+10 
5626 0.000000e+00 0.000000e+00 1.037334e+10 
5627 0.000000e+00 0.000000e+00 1.037331e+10 
5628 0.000000e+00 0.000000e+00 1.037333e+10 
5629 0.000000e+00 0.000000e+00 1.037350e+10 
5630 0.000000e+00 0.000000e+00 1.037331e+10 
5631 0.000000e+00 0.000000e+00 1.037330e+10 
5632 0.000000e+00 0.000000e+00 1.037331e+10 
5633 0.000000e+00 0.000000e+00 1.037332e+10 
5634 0.000000e+00 0.000000e+00 1.037333e+10 
5635 0.000000e+00 0.000000e+00 1.037330e+10 
5636 0.000000e+00 0.000000e+00 1.037330e+10 
5637 0.000000e+00 0.000000e+00 1.037330e+10 
5638 0.000000e+00 0.000000e+00 1.037330e+10 
5639 0.000000e+00 0.000000e+00 1.037332e+10 
5640 0.000000e+00 0.000000e+00 1.037333e+10 
5641 0.000000e+00 0.000000e+00 1.037332e+10 
5642 0.000000e+00 0.000000e+00 1.037332e+10 
5643 0.000000e+00 0.000000e+00 1.037332e+10 
5644 0.000000e+00 0.000000e+00 1.037330e+10 
5645 0.000000e+00 0.000000e+00 1.037330e+10 
5646 0.000000e+00 0.000000e+00 1.037331e+10 
5647 0.000000e+00 0.000000e+00 1.037331e+10 
5648 0.000000e+00 0.000000e+00 1.037331e+10 
5649 0.000000e+00 0.000000e+00 1.037330e+10 
5650 0.000000e+00 0.000000e+00 1.037330e+10 
5651 0.000000e+00 0.000000e+00 1.037331e+10 
5652 0.000000e+00 0.000000e+00 1.037330e+10 
5653 0.000000e+00 0.000000e+00 1.037330e+10 
5654 0.000000e+00 0.000000e+00 1.037330e+10 
5655 0.000000e+00 0.000000e+00 1.037332e+10 
5656 0.000000e+00 0.000000e+00 1.037334e+10 
5657 0.000000e+00 0.000000e+00 1.037332e+10 
5658 0.000000e+00 0.000000e+00 1.037331e+10 
5659 0.000000e+00 0.000000e+00 1.037332e+10 
5660 0.000000e+00 0.000000e+00 1.037332e+10 
5661 0.000000e+00 0.000000e+00 1.037330e+10 
5662 0.000000e+00 0.000000e+00 1.037330e+10 
5663 0.000000e+00 0.000000e+00 1.037330e+10 
5664 0.000000e+00 0.000000e+00 1.037330e+10 
5665 0.000000e+00 0.000000e+00 1.037330e+10 
5666 0.000000e+00 0.000000e+00 1.037330e+10 
5667 0.000000e+00 0.000000e+00 1.037330e+10 
5668 0.000000e+00 0.000000e+00 1.037331e+10 
5669 0.000000e+00 0.000000e+00 1.037331e+10 
5670 0.000000e+00 0.000000e+00 1.037330e+10 
5671 0.000000e+00 0.000000e+00 1.037330e+10 
5672 0.000000e+00 0.000000e+00 1.037334e+10 
5673 0.000000e+00 0.000000e+00 1.037349e+10 
5674 0.000000e+00 0.000000e+00 1.037330e+10 
5675 0.000000e+00 0.000000e+00 1.037336e+10 
5676 0.000000e+00 0.000000e+00 1.037330e+10 
5677 0.000000e+00 0.000000e+00 1.037330e+10 
5678 0.000000e+00 0.000000e+00 1.037330e+10 
5679 0.000000e+00 0.000000e+00 1.037330e+10 
5680 0.000000e+00 0.000000e+00 1.037330e+10 
5681 0.000000e+00 0.000000e+00 1.037330e+10 
5682 0.000000e+00 0.000000e+00 1.037334e+10 
5683 0.000000e+00 0.000000e+00 1.037333e+10 
5684 0.000000e+00 0.000000e+00 1.037331e+10 
5685 0.000000e+00 0.000000e+00 1.037330e+10 
5686 0.000000e+00 0.000000e+00 1.037330e+10 
5687 0.000000e+00 0.000000e+00 1.037331e+10 
5688 0.000000e+00 0.000000e+00 1.037330e+10 
5689 0.000000e+00 0.000000e+00 1.037332e+10 
5690 0.000000e+00 0.000000e+00 1.037330e+10 
5691 0.000000e+00 0.000000e+00 1.037332e+10 
5692 0.000000e+00 0.000000e+00 1.037331e+10 
5693 0.000000e+00 0.000000e+00 1.037332e+10 
5694 0.000000e+00 0.000000e+00 1.037353e+10 
5695 0.000000e+00 0.000000e+00 1.037332e+10 
5696 0.000000e+00 0.000000e+00 1.037330e+10 
5697 0.000000e+00 0.000000e+00 1.037330e+10 
5698 0.000000e+00 0.000000e+00 1.037349e+10 
5699 0.000000e+00 0.000000e+00 1.037330e+10 
5700 0.000000e+00 0.000000e+00 1.037330e+10 
5701 0.000000e+00 0.000000e+00 1.037330e+10 
5702 0.000000e+00 0.000000e+00 1.037331e+10 
5703 0.000000e+00 0.000000e+00 1.037332e+10 
5704 0.000000e+00 0.000000e+00 1.037330e+10 
5705 0.000000e+00 0.000000e+00 1.037330e+10 
5706 0.000000e+00 0.000000e+00 1.037330e+10 
5707 0.000000e+00 0.000000e+00 1.037330e+10 
5708 0.000000e+00 0.000000e+00 1.037331e+10 
5709 0.000000e+00 0.000000e+00 1.037331e+10 
5710 0.000000e+00 0.000000e+00 1.037331e+10 
5711 0.000000e+00 0.000000e+00 1.037331e+10 
5712 0.000000e+00 0.000000e+00 1.037330e+10 
5713 0.000000e+00 0.000000e+00 1.037331e+10 
5714 0.000000e+00 0.000000e+00 1.037331e+10 
5715 0.000000e+00 0.000000e+00 1.037373e+10 
5716 0.000000e+00 0.000000e+00 1.037332e+10 
5717 0.000000e+00 0.000000e+00 1.037332e+10 
5718 0.000000e+00 0.000000e+00 1.037330e+10 
5719 0.000000e+00 0.000000e+00 1.037332e+10 
5720 0.000000e+00 0.000000e+00 1.037330e+10 
5721 0.000000e+00 0.000000e+00 1.037331e+10 
5722 0.000000e+00 0.000000e+00 1.037335e+10 
5723 0.000000e+00 0.000000e+00 1.037331e+10 
5724 0.000000e+00 0.000000e+00 1.037332e+10 
5725 0.000000e+00 0.000000e+00 1.037330e+10 
5726 0.000000e+00 0.000000e+00 1.037332e+10 
5727 0.000000e+00 0.000000e+00 1.037333e+10 
5728 0.000000e+00 0.000000e+00 1.037330e+10 
5729 0.000000e+00 0.000000e+00 1.037331e+10 
5730 0.000000e+00 0.000000e+00 1.037330e+10 
5731 0.000000e+00 0.000000e+00 1.037331e+10 
5732 0.000000e+00 0.000000e+00 1.037332e+10 
5733 0.000000e+00 0.000000e+00 1.037345e+10 
5734 0.000000e+00 0.000000e+00 1.037330e+10 
5735 0.000000e+00 0.000000e+00 1.037333e+10 
5736 0.000000e+00 0.000000e+00 1.037339e+10 
5737 0.000000e+00 0.000000e+00 1.037345e+10 
5738 0.000000e+00 0.000000e+00 1.037331e+10 
5739 0.000000e+00 0.000000e+00 1.037330e+10 
5740 0.000000e+00 0.000000e+00 1.037330e+10 
5741 0.000000e+00 0.000000e+00 1.037334e+10 
5742 0.000000e+00 0.000000e+00 1.037330e+10 
5743 0.000000e+00 0.000000e+00 1.037330e+10 
5744 0.000000e+00 0.000000e+00 1.037353e+10 
5745 0.000000e+00 0.000000e+00 1.037330e+10 
5746 0.000000e+00 0.000000e+00 1.037331e+10 
5747 0.000000e+00 0.000000e+00 1.037330e+10 
5748 0.000000e+00 0.000000e+00 1.037338e+10 
5749 0.000000e+00 0.000000e+00 1.037334e+10 
5750 0.000000e+00 0.000000e+00 1.037331e+10 
5751 0.000000e+00 0.000000e+00 1.037330e+10 
5752 0.000000e+00 0.000000e+00 1.037331e+10 
5753 0.000000e+00 0.000000e+00 1.037331e+10 
5754 0.000000e+00 0.000000e+00 1.037331e+10 
5755 0.000000e+00 0.000000e+00 1.037330e+10 
5756 0.000000e+00 0.000000e+00 1.037330e+10 
5757 0.000000e+00 0.000000e+00 1.037330e+10 
5758 0.000000e+00 0.000000e+00 1.037350e+10 
5759 0.000000e+00 0.000000e+00 1.037335e+10 
5760 0.000000e+00 0.000000e+00 1.037333e+10 
5761 0.000000e+00 0.000000e+00 1.037353e+10 
5762 0.000000e+00 0.000000e+00 1.037332e+10 
5763 0.000000e+00 0.000000e+00 1.037331e+10 
5764 0.000000e+00 0.000000e+00 1.037331e+10 
5765 0.000000e+00 0.000000e+00 1.037330e+10 
5766 0.000000e+00 0.000000e+00 1.037332e+10 
5767 0.000000e+00 0.000000e+00 1.037330e+10 
5768 0.000000e+00 0.000000e+00 1.037331e+10 
5769 0.000000e+00 0.000000e+00 1.037330e+10 
5770 0.000000e+00 0.000000e+00 1.037330e+10 
5771 0.000000e+00 0.000000e+00 1.037330e+10 
5772 0.000000e+00 0.000000e+00 1.037331e+10 
5773 0.000000e+00 0.000000e+00 1.037331e+10 
5774 0.000000e+00 0.000000e+00 1.037332e+10 
5775 0.000000e+00 0.000000e+00 1.037330e+10 
5776 0.000000e+00 0.000000e+00 1.037331e+10 
5777 0.000000e+00 0.000000e+00 1.037330e+10 
5778 0.000000e+00 0.000000e+00 1.037330e+10 
5779 0.000000e+00 0.000000e+00 1.037330e+10 
5780 0.000000e+00 0.000000e+00 1.037330e+10 
5781 0.000000e+00 0.000000e+00 1.037330e+10 
5782 0.000000e+00 0.000000e+00 1.037330e+10 
5783 0.000000e+00 0.000000e+00 1.037330e+10 
5784 0.000000e+00 0.000000e+00 1.037330e+10 
5785 0.000000e+00 0.000000e+00 1.037335e+10 
5786 0.000000e+00 0.000000e+00 1.037335e+10 
5787 0.000000e+00 0.000000e+00 1.037336e+10 
5788 0.000000e+00 0.000000e+00 1.037337e+10 
5789 0.000000e+00 0.000000e+00 1.037332e+10 
5790 0.000000e+00 0.000000e+00 1.037331e+10 
5791 0.000000e+00 0.000000e+00 1.037331e+10 
5792 0.000000e+00 0.000000e+00 1.037332e+10 
5793 0.000000e+00 0.000000e+00 1.037330e+10 
5794 0.000000e+00 0.000000e+00 1.037336e+10 
5795 0.000000e+00 0.000000e+00 1.037330e+10 
5796 0.000000e+00 0.000000e+00 1.037330e+10 
5797 0.000000e+00 0.000000e+00 1.037333e+10 
5798 0.000000e+00 0.000000e+00 1.037363e+10 
5799 0.000000e+00 0.000000e+00 1.037342e+10 
5800 0.000000e+00 0.000000e+00 1.037344e+10 
5801 0.000000e+00 0.000000e+00 1.037331e+10 
5802 0.000000e+00 0.000000e+00 1.037330e+10 
5803 0.000000e+00 0.000000e+00 1.037330e+10 
5804 0.000000e+00 0.000000e+00 1.037330e+10 
5805 0.000000e+00 0.000000e+00 1.037331e+10 
5806 0.000000e+00 0.000000e+00 1.037333e+10 
5807 0.000000e+00 0.000000e+00 1.037331e+10 
5808 0.000000e+00 0.000000e+00 1.037334e+10 
5809 0.000000e+00 0.000000e+00 1.037330e+10 
5810 0.000000e+00 0.000000e+00 1.037335e+10 
5811 0.000000e+00 0.000000e+00 1.037331e+10 
5812 0.000000e+00 0.000000e+00 1.037333e+10 
5813 0.000000e+00 0.000000e+00 1.037330e+10 
5814 0.000000e+00 0.000000e+00 1.037331e+10 
5815 0.000000e+00 0.000000e+00 1.037330e+10 
5816 0.000000e+00 0.000000e+00 1.037331e+10 
5817 0.000000e+00 0.000000e+00 1.037330e+10 
5818 0.000000e+00 0.000000e+00 1.037330e+10 
5819 0.000000e+00 0.000000e+00 1.037330e+10 
5820 0.000000e+00 0.000000e+00 1.037330e+10 
5821 0.000000e+00 0.000000e+00 1.037331e+10 
5822 0.000000e+00 0.000000e+00 1.037330e+10 
5823 0.000000e+00 0.000000e+00 1.037333e+10 
5824 0.000000e+00 0.000000e+00 1.037354e+10 
5825 0.000000e+00 0.000000e+00 1.037331e+10 
5826 0.000000e+00 0.000000e+00 1.037330e+10 
5827 0.000000e+00 0.000000e+00 1.037332e+10 
5828 0.000000e+00 0.000000e+00 1.037330e+10 
5829 0.000000e+00 0.000000e+00 1.037332e+10 
5830 0.000000e+00 0.000000e+00 1.037332e+10 
5831 0.000000e+00 0.000000e+00 1.037335e+10 
5832 0.000000e+00 0.000000e+00 1.037330e+10 
5833 0.000000e+00 0.000000e+00 1.037330e+10 
5834 0.000000e+00 0.000000e+00 1.037331e+10 
5835 0.000000e+00 0.000000e+00 1.037370e+10 
5836 0.000000e+00 0.000000e+00 1.037334e+10 
5837 0.000000e+00 0.000000e+00 1.037332e+10 
5838 0.000000e+00 0.000000e+00 1.037331e+10 
5839 0.000000e+00 0.000000e+00 1.037330e+10 
5840 0.000000e+00 0.000000e+00 1.037332e+10 
5841 0.000000e+00 0.000000e+00 1.037330e+10 
5842 0.000000e+00 0.000000e+00 1.037330e+10 
5843 0.000000e+00 0.000000e+00 1.037331e+10 
5844 0.000000e+00 0.000000e+00 1.037330e+10 
5845 0.000000e+00 0.000000e+00 1.037340e+10 
5846 0.000000e+00 0.000000e+00 1.037331e+10 
5847 0.000000e+00 0.000000e+00 1.037332e+10 
5848 0.000000e+00 0.000000e+00 1.037333e+10 
5849 0.000000e+00 0.000000e+00 1.037330e+10 
5850 0.000000e+00 0.000000e+00 1.037330e+10 
5851 0.000000e+00 0.000000e+00 1.037330e+10 
5852 0.000000e+00 0.000000e+00 1.037331e+10 
5853 0.000000e+00 0.000000e+00 1.037331e+10 
5854 0.000000e+00 0.000000e+00 1.037330e+10 
5855 0.000000e+00 0.000000e+00 1.037330e+10 
5856 0.000000e+00 0.000000e+00 1.037335e+10 
5857 0.000000e+00 0.000000e+00 1.037330e+10 
5858 0.000000e+00 0.000000e+00 1.037330e+10 
5859 0.000000e+00 0.000000e+00 1.037331e+10 
5860 0.000000e+00 0.000000e+00 1.037330e+10 
5861 0.000000e+00 0.000000e+00 1.037330e+10 
5862 0.000000e+00 0.000000e+00 1.037331e+10 
5863 0.000000e+00 0.000000e+00 1.037331e+10 
5864 0.000000e+00 0.000000e+00 1.037330e+10 
5865 0.000000e+00 0.000000e+00 1.037331e+10 
5866 0.000000e+00 0.000000e+00 1.037330e+10 
5867 0.000000e+00 0.000000e+00 1.037330e+10 
5868 0.000000e+00 0.000000e+00 1.037331e+10 
5869 0.000000e+00 0.000000e+00 1.037331e+10 
5870 0.000000e+00 0.000000e+00 1.037332e+10 
5871 0.000000e+00 0.000000e+00 1.037330e+10 
5872 0.000000e+00 0.000000e+00 1.037330e+10 
5873 0.000000e+00 0.000000e+00 1.037330e+10 
5874 0.000000e+00 0.000000e+00 1.037330e+10 
5875 0.000000e+00 0.000000e+00 1.037330e+10 
5876 0.000000e+00 0.000000e+00 1.037330e+10 
5877 0.000000e+00 0.000000e+00 1.037330e+10 
5878 0.000000e+00 0.000000e+00 1.037330e+10 
5879 0.000000e+00 0.000000e+00 1.037330e+10 
5880 0.000000e+00 0.000000e+00 1.037346e+10 
5881 0.000000e+00 0.000000e+00 1.037340e+10 
5882 0.000000e+00 0.000000e+00 1.037335e+10 
5883 0.000000e+00 0.000000e+00 1.037427e+10 
5884 0.000000e+00 0.000000e+00 1.037334e+10 
5885 0.000000e+00 0.000000e+00 1.037332e+10 
5886 0.000000e+00 0.000000e+00 1.037330e+10 
5887 0.000000e+00 0.000000e+00 1.037330e+10 
5888 0.000000e+00 0.000000e+00 1.037331e+10 
5889 0.000000e+00 0.000000e+00 1.037330e+10 
5890 0.000000e+00 0.000000e+00 1.037330e+10 
5891 0.000000e+00 0.000000e+00 1.037330e+10 
5892 0.000000e+00 0.000000e+00 1.037330e+10 
5893 0.000000e+00 0.000000e+00 1.037332e+10 
5894 0.000000e+00 0.000000e+00 1.037330e+10 
5895 0.000000e+00 0.000000e+00 1.037331e+10 
5896 0.000000e+00 0.000000e+00 1.037331e+10 
5897 0.000000e+00 0.000000e+00 1.037331e+10 
5898 0.000000e+00 0.000000e+00 1.037331e+10 
5899 0.000000e+00 0.000000e+00 1.037330e+10 
5900 0.000000e+00 0.000000e+00 1.037330e+10 
5901 0.000000e+00 0.000000e+00 1.037330e+10 
5902 0.000000e+00 0.000000e+00 1.037330e+10 
5903 0.000000e+00 0.000000e+00 1.037330e+10 
5904 0.000000e+00 0.000000e+00 1.037331e+10 
5905 0.000000e+00 0.000000e+00 1.037330e+10 
5906 0.000000e+00 0.000000e+00 1.037330e+10 
5907 0.000000e+00 0.000000e+00 1.037331e+10 
5908 0.000000e+00 0.000000e+00 1.037332e+10 
5909 0.000000e+00 0.000000e+00 1.037330e+10 
5910 0.000000e+00 0.000000e+00 1.037338e+10 
5911 0.000000e+00 0.000000e+00 1.037335e+10 
5912 0.000000e+00 0.000000e+00 1.037334e+10 
5913 0.000000e+00 0.000000e+00 1.037330e+10 
5914 0.000000e+00 0.000000e+00 1.037332e+10 
5915 0.000000e+00 0.000000e+00 1.037331e+10 
5916 0.000000e+00 0.000000e+00 1.037330e+10 
5917 0.000000e+00 0.000000e+00 1.037330e+10 
5918 0.000000e+00 0.000000e+00 1.037330e+10 
5919 0.000000e+00 0.000000e+00 1.037330e+10 
5920 0.000000e+00 0.000000e+00 1.037331e+10 
5921 0.000000e+00 0.000000e+00 1.037333e+10 
5922 0.000000e+00 0.000000e+00 1.037332e+10 
5923 0.000000e+00 0.000000e+00 1.037334e+10 
5924 0.000000e+00 0.000000e+00 1.037332e+10 
5925 0.000000e+00 0.000000e+00 1.037331e+10 
5926 0.000000e+00 0.000000e+00 1.037330e+10 
5927 0.000000e+00 0.000000e+00 1.037331e+10 
5928 0.000000e+00 0.000000e+00 1.037330e+10 
5929 0.000000e+00 0.000000e+00 1.037331e+10 
5930 0.000000e+00 0.000000e+00 1.037330e+10 
5931 0.000000e+00 0.000000e+00 1.037330e+10 
5932 0.000000e+00 0.000000e+00 1.037330e+10 
5933 0.000000e+00 0.000000e+00 1.037332e+10 
5934 0.000000e+00 0.000000e+00 1.037330e+10 
5935 0.000000e+00 0.000000e+00 1.037331e+10 
5936 0.000000e+00 0.000000e+00 1.037331e+10 
5937 0.000000e+00 0.000000e+00 1.037332e+10 
5938 0.000000e+00 0.000000e+00 1.037331e+10 
5939 0.000000e+00 0.000000e+00 1.037330e+10 
5940 0.000000e+00 0.000000e+00 1.037331e+10 
5941 0.000000e+00 0.000000e+00 1.037330e+10 
5942 0.000000e+00 0.000000e+00 1.037330e+10 
5943 0.000000e+00 0.000000e+00 1.037330e+10 
5944 0.000000e+00 0.000000e+00 1.037330e+10 
5945 0.000000e+00 0.000000e+00 1.037330e+10 
5946 0.000000e+00 0.000000e+00 1.037330e+10 
5947 0.000000e+00 0.000000e+00 1.037330e+10 
5948 0.000000e+00 0.000000e+00 1.037333e+10 
5949 0.000000e+00 0.000000e+00 1.037332e+10 
5950 0.000000e+00 0.000000e+00 1.037331e+10 
5951 0.000000e+00 0.000000e+00 1.037331e+10 
5952 0.000000e+00 0.000000e+00 1.037331e+10 
5953 0.000000e+00 0.000000e+00 1.037330e+10 
5954 0.000000e+00 0.000000e+00 1.037331e+10 
5955 0.000000e+00 0.000000e+00 1.037332e+10 
5956 0.000000e+00 0.000000e+00 1.037331e+10 
5957 0.000000e+00 0.000000e+00 1.037332e+10 
5958 0.000000e+00 0.000000e+00 1.037331e+10 
5959 0.000000e+00 0.000000e+00 1.037343e+10 
5960 0.000000e+00 0.000000e+00 1.037331e+10 
5961 0.000000e+00 0.000000e+00 1.037331e+10 
5962 0.000000e+00 0.000000e+00 1.037331e+10 
5963 0.000000e+00 0.000000e+00 1.037330e+10 
5964 0.000000e+00 0.000000e+00 1.037330e+10 
5965 0.000000e+00 0.000000e+00 1.037330e+10 
5966 0.000000e+00 0.000000e+00 1.037331e+10 
5967 0.000000e+00 0.000000e+00 1.037332e+10 
5968 0.000000e+00 0.000000e+00 1.037331e+10 
5969 0.000000e+00 0.000000e+00 1.037336e+10 
5970 0.000000e+00 0.000000e+00 1.037331e+10 
5971 0.000000e+00 0.000000e+00 1.037332e+10 
5972 0.000000e+00 0.000000e+00 1.037331e+10 
5973 0.000000e+00 0.000000e+00 1.037330e+10 
5974 0.000000e+00 0.000000e+00 1.037330e+10 
5975 0.000000e+00 0.000000e+00 1.037330e+10 
5976 0.000000e+00 0.000000e+00 1.037332e+10 
5977 0.000000e+00 0.000000e+00 1.037331e+10 
5978 0.000000e+00 0.000000e+00 1.037332e+10 
5979 0.000000e+00 0.000000e+00 1.037330e+10 
5980 0.000000e+00 0.000000e+00 1.037330e+10 
5981 0.000000e+00 0.000000e+00 1.037330e+10 
5982 0.000000e+00 0.000000e+00 1.037330e+10 
5983 0.000000e+00 0.000000e+00 1.037330e+10 
5984 0.000000e+00 0.000000e+00 1.037330e+10 
5985 0.000000e+00 0.000000e+00 1.037330e+10 
5986 0.000000e+00 0.000000e+00 1.037331e+10 
5987 0.000000e+00 0.000000e+00 1.037330e+10 
5988 0.000000e+00 0.000000e+00 1.037330e+10 
5989 0.000000e+00 0.000000e+00 1.037331e+10 
5990 0.000000e+00 0.000000e+00 1.037352e+10 
5991 0.000000e+00 0.000000e+00 1.037330e+10 
5992 0.000000e+00 0.000000e+00 1.037330e+10 
5993 0.000000e+00 0.000000e+00 1.037337e+10 
5994 0.000000e+00 0.000000e+00 1.037330e+10 
5995 0.000000e+00 0.000000e+00 1.037331e+10 
5996 0.000000e+00 0.000000e+00 1.037331e+10 
5997 0.000000e+00 0.000000e+00 1.037330e+10 
5998 0.000000e+00 0.000000e+00 1.037344e+10 
5999 0.000000e+00 0.000000e+00 1.037331e+10 
6000 0.000000e+00 0.000000e+00 1.037330e+10 
6001 0.000000e+00 0.000000e+00 1.037333e+10 
6002 0.000000e+00 0.000000e+00 1.037332e+10 
6003 0.000000e+00 0.000000e+00 1.037330e+10 
6004 0.000000e+00 0.000000e+00 1.037331e+10 
6005 0.000000e+00 0.000000e+00 1.037330e+10 
6006 0.000000e+00 0.000000e+00 1.037331e+10 
6007 0.000000e+00 0.000000e+00 1.037330e+10 
6008 0.000000e+00 0.000000e+00 1.037330e+10 
6009 0.000000e+00 0.000000e+00 1.037330e+10 
6010 0.000000e+00 0.000000e+00 1.037330e+10 
6011 0.000000e+00 0.000000e+00 1.037330e+10 
6012 0.000000e+00 0.000000e+00 1.037330e+10 
6013 0.000000e+00 0.000000e+00 1.037331e+10 
6014 0.000000e+00 0.000000e+00 1.037330e+10 
6015 0.000000e+00 0.000000e+00 1.037334e+10 
6016 0.000000e+00 0.000000e+00 1.037370e+10 
6017 0.000000e+00 0.000000e+00 1.037336e+10 
6018 0.000000e+00 0.000000e+00 1.037333e+10 
6019 0.000000e+00 0.000000e+00 1.037330e+10 
6020 0.000000e+00 0.000000e+00 1.037332e+10 
6021 0.000000e+00 0.000000e+00 1.037331e+10 
6022 0.000000e+00 0.000000e+00 1.037330e+10 
6023 0.000000e+00 0.000000e+00 1.037330e+10 
6024 0.000000e+00 0.000000e+00 1.037331e+10 
6025 0.000000e+00 0.000000e+00 1.037330e+10 
6026 0.000000e+00 0.000000e+00 1.037330e+10 
6027 0.000000e+00 0.000000e+00 1.037331e+10 
6028 0.000000e+00 0.000000e+00 1.037330e+10 
6029 0.000000e+00 0.000000e+00 1.037331e+10 
6030 0.000000e+00 0.000000e+00 1.037330e+10 
6031 0.000000e+00 0.000000e+00 1.037330e+10 
6032 0.000000e+00 0.000000e+00 1.037330e+10 
6033 0.000000e+00 0.000000e+00 1.037331e+10 
6034 0.000000e+00 0.000000e+00 1.037331e+10 
6035 0.000000e+00 0.000000e+00 1.037333e+10 
6036 0.000000e+00 0.000000e+00 1.037331e+10 
6037 0.000000e+00 0.000000e+00 1.037330e+10 
6038 0.000000e+00 0.000000e+00 1.037334e+10 
6039 0.000000e+00 0.000000e+00 1.037331e+10 
6040 0.000000e+00 0.000000e+00 1.037330e+10 
6041 0.000000e+00 0.000000e+00 1.037331e+10 
6042 0.000000e+00 0.000000e+00 1.037330e+10 
6043 0.000000e+00 0.000000e+00 1.037330e+10 
6044 0.000000e+00 0.000000e+00 1.037333e+10 
6045 0.000000e+00 0.000000e+00 1.037330e+10 
6046 0.000000e+00 0.000000e+00 1.037330e+10 
6047 0.000000e+00 0.000000e+00 1.037330e+10 
6048 0.000000e+00 0.000000e+00 1.037330e+10 
6049 0.000000e+00 0.000000e+00 1.037331e+10 
6050 0.000000e+00 0.000000e+00 1.037330e+10 
6051 0.000000e+00 0.000000e+00 1.037332e+10 
6052 0.000000e+00 0.000000e+00 1.037330e+10 
6053 0.000000e+00 0.000000e+00 1.037331e+10 
6054 0.000000e+00 0.000000e+00 1.037334e+10 
6055 0.000000e+00 0.000000e+00 1.037335e+10 
6056 0.000000e+00 0.000000e+00 1.037333e+10 
6057 0.000000e+00 0.000000e+00 1.037331e+10 
6058 0.000000e+00 0.000000e+00 1.037331e+10 
6059 0.000000e+00 0.000000e+00 1.037330e+10 
6060 0.000000e+00 0.000000e+00 1.037330e+10 
6061 0.000000e+00 0.000000e+00 1.037330e+10 
6062 0.000000e+00 0.000000e+00 1.037331e+10 
6063 0.000000e+00 0.000000e+00 1.037331e+10 
6064 0.000000e+00 0.000000e+00 1.037331e+10 
6065 0.000000e+00 0.000000e+00 1.037331e+10 
6066 0.000000e+00 0.000000e+00 1.037336e+10 
6067 0.000000e+00 0.000000e+00 1.037331e+10 
6068 0.000000e+00 0.000000e+00 1.037330e+10 
6069 0.000000e+00 0.000000e+00 1.037330e+10 
6070 0.000000e+00 0.000000e+00 1.037331e+10 
6071 0.000000e+00 0.000000e+00 1.037330e+10 
6072 0.000000e+00 0.000000e+00 1.037330e+10 
6073 0.000000e+00 0.000000e+00 1.037330e+10 
6074 0.000000e+00 0.000000e+00 1.037332e+10 
6075 0.000000e+00 0.000000e+00 1.037330e+10 
6076 0.000000e+00 0.000000e+00 1.037330e+10 
6077 0.000000e+00 0.000000e+00 1.037330e+10 
6078 0.000000e+00 0.000000e+00 1.037331e+10 
6079 0.000000e+00 0.000000e+00 1.037331e+10 
6080 0.000000e+00 0.000000e+00 1.037330e+10 
6081 0.000000e+00 0.000000e+00 1.037330e+10 
6082 0.000000e+00 0.000000e+00 1.037330e+10 
6083 0.000000e+00 0.000000e+00 1.037330e+10 
6084 0.000000e+00 0.000000e+00 1.037331e+10 
6085 0.000000e+00 0.000000e+00 1.037330e+10 
6086 0.000000e+00 0.000000e+00 1.037330e+10 
6087 0.000000e+00 0.000000e+00 1.037330e+10 
6088 0.000000e+00 0.000000e+00 1.037349e+10 
6089 0.000000e+00 0.000000e+00 1.037331e+10 
6090 0.000000e+00 0.000000e+00 1.037330e+10 
6091 0.000000e+00 0.000000e+00 1.037337e+10 
6092 0.000000e+00 0.000000e+00 1.037343e+10 
6093 0.000000e+00 0.000000e+00 1.037345e+10 
6094 0.000000e+00 0.000000e+00 1.037355e+10 
6095 0.000000e+00 0.000000e+00 1.037331e+10 
6096 0.000000e+00 0.000000e+00 1.037331e+10 
6097 0.000000e+00 0.000000e+00 1.037331e+10 
6098 0.000000e+00 0.000000e+00 1.037330e+10 
6099 0.000000e+00 0.000000e+00 1.037331e+10 
6100 0.000000e+00 0.000000e+00 1.037330e+10 
6101 0.000000e+00 0.000000e+00 1.037333e+10 
6102 0.000000e+00 0.000000e+00 1.037343e+10 
6103 0.000000e+00 0.000000e+00 1.037330e+10 
6104 0.000000e+00 0.000000e+00 1.037331e+10 
6105 0.000000e+00 0.000000e+00 1.037337e+10 
6106 0.000000e+00 0.000000e+00 1.037338e+10 
6107 0.000000e+00 0.000000e+00 1.037331e+10 
6108 0.000000e+00 0.000000e+00 1.037335e+10 
6109 0.000000e+00 0.000000e+00 1.037331e+10 
6110 0.000000e+00 0.000000e+00 1.037334e+10 
6111 0.000000e+00 0.000000e+00 1.037331e+10 
6112 0.000000e+00 0.000000e+00 1.037330e+10 
6113 0.000000e+00 0.000000e+00 1.037330e+10 
6114 0.000000e+00 0.000000e+00 1.037333e+10 
6115 0.000000e+00 0.000000e+00 1.037334e+10 
6116 0.000000e+00 0.000000e+00 1.037331e+10 
6117 0.000000e+00 0.000000e+00 1.037330e+10 
6118 0.000000e+00 0.000000e+00 1.037330e+10 
6119 0.000000e+00 0.000000e+00 1.037331e+10 
6120 0.000000e+00 0.000000e+00 1.037331e+10 
6121 0.000000e+00 0.000000e+00 1.037330e+10 
6122 0.000000e+00 0.000000e+00 1.037330e+10 
6123 0.000000e+00 0.000000e+00 1.037330e+10 
6124 0.000000e+00 0.000000e+00 1.037330e+10 
6125 0.000000e+00 0.000000e+00 1.037330e+10 
6126 0.000000e+00 0.000000e+00 1.037330e+10 
6127 0.000000e+00 0.000000e+00 1.037330e+10 
6128 0.000000e+00 0.000000e+00 1.037330e+10 
6129 0.000000e+00 0.000000e+00 1.037330e+10 
6130 0.000000e+00 0.000000e+00 1.037331e+10 
6131 0.000000e+00 0.000000e+00 1.037330e+10 
6132 0.000000e+00 0.000000e+00 1.037331e+10 
6133 0.000000e+00 0.000000e+00 1.037331e+10 
6134 0.000000e+00 0.000000e+00 1.037330e+10 
6135 0.000000e+00 0.000000e+00 1.037330e+10 
6136 0.000000e+00 0.000000e+00 1.037330e+10 
6137 0.000000e+00 0.000000e+00 1.037331e+10 
6138 0.000000e+00 0.000000e+00 1.037331e+10 
6139 0.000000e+00 0.000000e+00 1.037330e+10 
6140 0.000000e+00 0.000000e+00 1.037331e+10 
6141 0.000000e+00 0.000000e+00 1.037342e+10 
6142 0.000000e+00 0.000000e+00 1.037330e+10 
6143 0.000000e+00 0.000000e+00 1.037339e+10 
6144 0.000000e+00 0.000000e+00 1.037330e+10 
6145 0.000000e+00 0.000000e+00 1.037331e+10 
6146 0.000000e+00 0.000000e+00 1.037335e+10 
6147 0.000000e+00 0.000000e+00 1.037330e+10 
6148 0.000000e+00 0.000000e+00 1.037331e+10 
6149 0.000000e+00 0.000000e+00 1.037333e+10 
6150 0.000000e+00 0.000000e+00 1.037331e+10 
6151 0.000000e+00 0.000000e+00 1.037330e+10 
6152 0.000000e+00 0.000000e+00 1.037330e+10 
6153 0.000000e+00 0.000000e+00 1.037331e+10 
6154 0.000000e+00 0.000000e+00 1.037331e+10 
6155 0.000000e+00 0.000000e+00 1.037330e+10 
6156 0.000000e+00 0.000000e+00 1.037331e+10 
6157 0.000000e+00 0.000000e+00 1.037330e+10 
6158 0.000000e+00 0.000000e+00 1.037330e+10 
6159 0.000000e+00 0.000000e+00 1.037333e+10 
6160 0.000000e+00 0.000000e+00 1.037331e+10 
6161 0.000000e+00 0.000000e+00 1.037332e+10 
6162 0.000000e+00 0.000000e+00 1.037330e+10 
6163 0.000000e+00 0.000000e+00 1.037331e+10 
6164 0.000000e+00 0.000000e+00 1.037330e+10 
6165 0.000000e+00 0.000000e+00 1.037330e+10 
6166 0.000000e+00 0.000000e+00 1.037330e+10 
6167 0.000000e+00 0.000000e+00 1.037332e+10 
6168 0.000000e+00 0.000000e+00 1.037330e+10 
6169 0.000000e+00 0.000000e+00 1.037331e+10 
6170 0.000000e+00 0.000000e+00 1.037330e+10 
6171 0.000000e+00 0.000000e+00 1.037330e+10 
6172 0.000000e+00 0.000000e+00 1.037330e+10 
6173 0.000000e+00 0.000000e+00 1.037330e+10 
6174 0.000000e+00 0.000000e+00 1.037340e+10 
6175 0.000000e+00 0.000000e+00 1.037332e+10 
6176 0.000000e+00 0.000000e+00 1.037331e+10 
6177 0.000000e+00 0.000000e+00 1.037331e+10 
6178 0.000000e+00 0.000000e+00 1.037331e+10 
6179 0.000000e+00 0.000000e+00 1.037331e+10 
6180 0.000000e+00 0.000000e+00 1.037331e+10 
6181 0.000000e+00 0.000000e+00 1.037331e+10 
6182 0.000000e+00 0.000000e+00 1.037330e+10 
6183 0.000000e+00 0.000000e+00 1.037331e+10 
6184 0.000000e+00 0.000000e+00 1.037330e+10 
6185 0.000000e+00 0.000000e+00 1.037331e+10 
6186 0.000000e+00 0.000000e+00 1.037343e+10 
6187 0.000000e+00 0.000000e+00 1.037330e+10 
6188 0.000000e+00 0.000000e+00 1.037332e+10 
6189 0.000000e+00 0.000000e+00 1.037332e+10 
6190 0.000000e+00 0.000000e+00 1.037330e+10 
6191 0.000000e+00 0.000000e+00 1.037330e+10 
6192 0.000000e+00 0.000000e+00 1.037331e+10 
6193 0.000000e+00 0.000000e+00 1.037330e+10 
6194 0.000000e+00 0.000000e+00 1.037330e+10 
6195 0.000000e+00 0.000000e+00 1.037330e+10 
6196 0.000000e+00 0.000000e+00 1.037351e+10 
6197 0.000000e+00 0.000000e+00 1.037331e+10 
6198 0.000000e+00 0.000000e+00 1.037331e+10 
6199 0.000000e+00 0.000000e+00 1.037331e+10 
6200 0.000000e+00 0.000000e+00 1.037330e+10 
6201 0.000000e+00 0.000000e+00 1.037330e+10 
6202 0.000000e+00 0.000000e+00 1.037330e+10 
6203 0.000000e+00 0.000000e+00 1.037330e+10 
6204 0.000000e+00 0.000000e+00 1.037330e+10 
6205 0.000000e+00 0.000000e+00 1.037331e+10 
6206 0.000000e+00 0.000000e+00 1.037333e+10 
6207 0.000000e+00 0.000000e+00 1.037361e+10 
6208 0.000000e+00 0.000000e+00 1.037333e+10 
6209 0.000000e+00 0.000000e+00 1.037333e+10 
6210 0.000000e+00 0.000000e+00 1.037330e+10 
6211 0.000000e+00 0.000000e+00 1.037331e+10 
6212 0.000000e+00 0.000000e+00 1.037330e+10 
6213 0.000000e+00 0.000000e+00 1.037330e+10 
6214 0.000000e+00 0.000000e+00 1.037330e+10 
6215 0.000000e+00 0.000000e+00 1.037330e+10 
6216 0.000000e+00 0.000000e+00 1.037335e+10 
6217 0.000000e+00 0.000000e+00 1.037330e+10 
6218 0.000000e+00 0.000000e+00 1.037337e+10 
6219 0.000000e+00 0.000000e+00 1.037331e+10 
6220 0.000000e+00 0.000000e+00 1.037330e+10 
6221 0.000000e+00 0.000000e+00 1.037331e+10 
6222 0.000000e+00 0.000000e+00 1.037374e+10 
6223 0.000000e+00 0.000000e+00 1.037332e+10 
6224 0.000000e+00 0.000000e+00 1.037330e+10 
6225 0.000000e+00 0.000000e+00 1.037330e+10 
6226 0.000000e+00 0.000000e+00 1.037331e+10 
6227 0.000000e+00 0.000000e+00 1.037335e+10 
6228 0.000000e+00 0.000000e+00 1.037331e+10 
6229 0.000000e+00 0.000000e+00 1.037330e+10 
6230 0.000000e+00 0.000000e+00 1.037330e+10 
6231 0.000000e+00 0.000000e+00 1.037330e+10 
6232 0.000000e+00 0.000000e+00 1.037331e+10 
6233 0.000000e+00 0.000000e+00 1.037331e+10 
6234 0.000000e+00 0.000000e+00 1.037330e+10 
6235 0.000000e+00 0.000000e+00 1.037331e+10 
6236 0.000000e+00 0.000000e+00 1.037331e+10 
6237 0.000000e+00 0.000000e+00 1.037330e+10 
6238 0.000000e+00 0.000000e+00 1.037330e+10 
6239 0.000000e+00 0.000000e+00 1.037330e+10 
6240 0.000000e+00 0.000000e+00 1.037331e+10 
6241 0.000000e+00 0.000000e+00 1.037345e+10 
6242 0.000000e+00 0.000000e+00 1.037331e+10 
6243 0.000000e+00 0.000000e+00 1.037331e+10 
6244 0.000000e+00 0.000000e+00 1.037330e+10 
6245 0.000000e+00 0.000000e+00 1.037331e+10 
6246 0.000000e+00 0.000000e+00 1.037331e+10 
6247 0.000000e+00 0.000000e+00 1.037331e+10 
6248 0.000000e+00 0.000000e+00 1.037336e+10 
6249 0.000000e+00 0.000000e+00 1.037331e+10 
6250 0.000000e+00 0.000000e+00 1.037330e+10 
6251 0.000000e+00 0.000000e+00 1.037330e+10 
6252 0.000000e+00 0.000000e+00 1.037333e+10 
6253 0.000000e+00 0.000000e+00 1.037331e+10 
6254 0.000000e+00 0.000000e+00 1.037330e+10 
6255 0.000000e+00 0.000000e+00 1.037330e+10 
6256 0.000000e+00 0.000000e+00 1.037330e+10 
6257 0.000000e+00 0.000000e+00 1.037331e+10 
6258 0.000000e+00 0.000000e+00 1.037330e+10 
6259 0.000000e+00 0.000000e+00 1.037330e+10 
6260 0.000000e+00 0.000000e+00 1.037330e+10 
6261 0.000000e+00 0.000000e+00 1.037330e+10 
6262 0.000000e+00 0.000000e+00 1.037331e+10 
6263 0.000000e+00 0.000000e+00 1.037330e+10 
6264 0.000000e+00 0.000000e+00 1.037330e+10 
6265 0.000000e+00 0.000000e+00 1.037331e+10 
6266 0.000000e+00 0.000000e+00 1.037330e+10 
6267 0.000000e+00 0.000000e+00 1.037330e+10 
6268 0.000000e+00 0.000000e+00 1.037330e+10 
6269 0.000000e+00 0.000000e+00 1.037331e+10 
6270 0.000000e+00 0.000000e+00 1.037331e+10 
6271 0.000000e+00 0.000000e+00 1.037330e+10 
6272 0.000000e+00 0.000000e+00 1.037330e+10 
6273 0.000000e+00 0.000000e+00 1.037330e+10 
6274 0.000000e+00 0.000000e+00 1.037330e+10 
6275 0.000000e+00 0.000000e+00 1.037331e+10 
6276 0.000000e+00 0.000000e+00 1.037330e+10 
6277 0.000000e+00 0.000000e+00 1.037330e+10 
6278 0.000000e+00 0.000000e+00 1.037331e+10 
6279 0.000000e+00 0.000000e+00 1.037330e+10 
6280 0.000000e+00 0.000000e+00 1.037331e+10 
6281 0.000000e+00 0.000000e+00 1.037330e+10 
6282 0.000000e+00 0.000000e+00 1.037330e+10 
6283 0.000000e+00 0.000000e+00 1.037330e+10 
6284 0.000000e+00 0.000000e+00 1.037331e+10 
6285 0.000000e+00 0.000000e+00 1.037330e+10 
6286 0.000000e+00 0.000000e+00 1.037330e+10 
6287 0.000000e+00 0.000000e+00 1.037331e+10 
6288 0.000000e+00 0.000000e+00 1.037333e+10 
6289 0.000000e+00 0.000000e+00 1.037330e+10 
6290 0.000000e+00 0.000000e+00 1.037330e+10 
6291 0.000000e+00 0.000000e+00 1.037330e+10 
6292 0.000000e+00 0.000000e+00 1.037331e+10 
6293 0.000000e+00 0.000000e+00 1.037330e+10 
6294 0.000000e+00 0.000000e+00 1.037330e+10 
6295 0.000000e+00 0.000000e+00 1.037331e+10 
6296 0.000000e+00 0.000000e+00 1.037331e+10 
6297 0.000000e+00 0.000000e+00 1.037330e+10 
6298 0.000000e+00 0.000000e+00 1.037330e+10 
6299 0.000000e+00 0.000000e+00 1.037331e+10 
6300 0.000000e+00 0.000000e+00 1.037330e+10 
6301 0.000000e+00 0.000000e+00 1.037332e+10 
6302 0.000000e+00 0.000000e+00 1.037330e+10 
6303 0.000000e+00 0.000000e+00 1.037330e+10 
6304 0.000000e+00 0.000000e+00 1.037331e+10 
6305 0.000000e+00 0.000000e+00 1.037330e+10 
6306 0.000000e+00 0.000000e+00 1.037330e+10 
6307 0.000000e+00 0.000000e+00 1.037332e+10 
6308 0.000000e+00 0.000000e+00 1.037331e+10 
6309 0.000000e+00 0.000000e+00 1.037330e+10 
6310 0.000000e+00 0.000000e+00 1.037334e+10 
6311 0.000000e+00 0.000000e+00 1.037333e+10 
6312 0.000000e+00 0.000000e+00 1.037333e+10 
6313 0.000000e+00 0.000000e+00 1.037330e+10 
6314 0.000000e+00 0.000000e+00 1.037330e+10 
6315 0.000000e+00 0.000000e+00 1.037330e+10 
6316 0.000000e+00 0.000000e+00 1.037330e+10 
6317 0.000000e+00 0.000000e+00 1.037330e+10 
6318 0.000000e+00 0.000000e+00 1.037331e+10 
6319 0.000000e+00 0.000000e+00 1.037331e+10 
6320 0.000000e+00 0.000000e+00 1.037330e+10 
6321 0.000000e+00 0.000000e+00 1.037330e+10 
6322 0.000000e+00 0.000000e+00 1.037330e+10 
6323 0.000000e+00 0.000000e+00 1.037330e+10 
6324 0.000000e+00 0.000000e+00 1.037331e+10 
6325 0.000000e+00 0.000000e+00 1.037330e+10 
6326 0.000000e+00 0.000000e+00 1.037330e+10 
6327 0.000000e+00 0.000000e+00 1.037330e+10 
6328 0.000000e+00 0.000000e+00 1.037330e+10 
6329 0.000000e+00 0.000000e+00 1.037332e+10 
6330 0.000000e+00 0.000000e+00 1.037331e+10 
6331 0.000000e+00 0.000000e+00 1.037330e+10 
6332 0.000000e+00 0.000000e+00 1.037330e+10 
6333 0.000000e+00 0.000000e+00 1.037331e+10 
6334 0.000000e+00 0.000000e+00 1.037330e+10 
6335 0.000000e+00 0.000000e+00 1.037330e+10 
6336 0.000000e+00 0.000000e+00 1.037330e+10 
6337 0.000000e+00 0.000000e+00 1.037331e+10 
6338 0.000000e+00 0.000000e+00 1.037330e+10 
6339 0.000000e+00 0.000000e+00 1.037331e+10 
6340 0.000000e+00 0.000000e+00 1.037330e+10 
6341 0.000000e+00 0.000000e+00 1.037330e+10 
6342 0.000000e+00 0.000000e+00 1.037331e+10 
6343 0.000000e+00 0.000000e+00 1.037331e+10 
6344 0.000000e+00 0.000000e+00 1.037330e+10 
6345 0.000000e+00 0.000000e+00 1.037330e+10 
6346 0.000000e+00 0.000000e+00 1.037332e+10 
6347 0.000000e+00 0.000000e+00 1.037331e+10 
6348 0.000000e+00 0.000000e+00 1.037331e+10 
6349 0.000000e+00 0.000000e+00 1.037331e+10 
6350 0.000000e+00 0.000000e+00 1.037330e+10 
6351 0.000000e+00 0.000000e+00 1.037331e+10 
6352 0.000000e+00 0.000000e+00 1.037333e+10 
6353 0.000000e+00 0.000000e+00 1.037330e+10 
6354 0.000000e+00 0.000000e+00 1.037330e+10 
6355 0.000000e+00 0.000000e+00 1.037330e+10 
6356 0.000000e+00 0.000000e+00 1.037330e+10 
6357 0.000000e+00 0.000000e+00 1.037330e+10 
6358 0.000000e+00 0.000000e+00 1.037330e+10 
6359 0.000000e+00 0.000000e+00 1.037330e+10 
6360 0.000000e+00 0.000000e+00 1.037331e+10 
6361 0.000000e+00 0.000000e+00 1.037333e+10 
6362 0.000000e+00 0.000000e+00 1.037334e+10 
6363 0.000000e+00 0.000000e+00 1.037331e+10 
6364 0.000000e+00 0.000000e+00 1.037331e+10 
6365 0.000000e+00 0.000000e+00 1.037331e+10 
6366 0.000000e+00 0.000000e+00 1.037332e+10 
6367 0.000000e+00 0.000000e+00 1.037331e+10 
6368 0.000000e+00 0.000000e+00 1.037330e+10 
6369 0.000000e+00 0.000000e+00 1.037360e+10 
6370 0.000000e+00 0.000000e+00 1.037331e+10 
6371 0.000000e+00 0.000000e+00 1.037331e+10 
6372 0.000000e+00 0.000000e+00 1.037330e+10 
6373 0.000000e+00 0.000000e+00 1.037331e+10 
6374 0.000000e+00 0.000000e+00 1.037330e+10 
6375 0.000000e+00 0.000000e+00 1.037336e+10 
6376 0.000000e+00 0.000000e+00 1.037330e+10 
6377 0.000000e+00 0.000000e+00 1.037331e+10 
6378 0.000000e+00 0.000000e+00 1.037330e+10 
6379 0.000000e+00 0.000000e+00 1.037330e+10 
6380 0.000000e+00 0.000000e+00 1.037330e+10 
6381 0.000000e+00 0.000000e+00 1.037330e+10 
6382 0.000000e+00 0.000000e+00 1.037330e+10 
6383 0.000000e+00 0.000000e+00 1.037330e+10 
6384 0.000000e+00 0.000000e+00 1.037330e+10 
6385 0.000000e+00 0.000000e+00 1.037330e+10 
6386 0.000000e+00 0.000000e+00 1.037331e+10 
6387 0.000000e+00 0.000000e+00 1.037330e+10 
6388 0.000000e+00 0.000000e+00 1.037330e+10 
6389 0.000000e+00 0.000000e+00 1.037330e+10 
6390 0.000000e+00 0.000000e+00 1.037333e+10 
6391 0.000000e+00 0.000000e+00 1.037355e+10 
6392 0.000000e+00 0.000000e+00 1.037373e+10 
6393 0.000000e+00 0.000000e+00 1.037335e+10 
6394 0.000000e+00 0.000000e+00 1.037332e+10 
6395 0.000000e+00 0.000000e+00 1.037330e+10 
6396 0.000000e+00 0.000000e+00 1.037330e+10 
6397 0.000000e+00 0.000000e+00 1.037330e+10 
6398 0.000000e+00 0.000000e+00 1.037330e+10 
6399 0.000000e+00 0.000000e+00 1.037330e+10 
6400 0.000000e+00 0.000000e+00 1.037330e+10 
6401 0.000000e+00 0.000000e+00 1.037330e+10 
6402 0.000000e+00 0.000000e+00 1.037331e+10 
6403 0.000000e+00 0.000000e+00 1.037336e+10 
6404 0.000000e+00 0.000000e+00 1.037331e+10 
6405 0.000000e+00 0.000000e+00 1.037330e+10 
6406 0.000000e+00 0.000000e+00 1.037335e+10 
6407 0.000000e+00 0.000000e+00 1.037330e+10 
6408 0.000000e+00 0.000000e+00 1.037330e+10 
6409 0.000000e+00 0.000000e+00 1.037331e+10 
6410 0.000000e+00 0.000000e+00 1.037330e+10 
6411 0.000000e+00 0.000000e+00 1.037330e+10 
6412 0.000000e+00 0.000000e+00 1.037351e+10 
6413 0.000000e+00 0.000000e+00 1.037338e+10 
6414 0.000000e+00 0.000000e+00 1.037333e+10 
6415 0.000000e+00 0.000000e+00 1.037332e+10 
6416 0.000000e+00 0.000000e+00 1.037330e+10 
6417 0.000000e+00 0.000000e+00 1.037331e+10 
6418 0.000000e+00 0.000000e+00 1.037330e+10 
6419 0.000000e+00 0.000000e+00 1.037331e+10 
6420 0.000000e+00 0.000000e+00 1.037332e+10 
6421 0.000000e+00 0.000000e+00 1.037331e+10 
6422 0.000000e+00 0.000000e+00 1.037330e+10 
6423 0.000000e+00 0.000000e+00 1.037330e+10 
6424 0.000000e+00 0.000000e+00 1.037337e+10 
6425 0.000000e+00 0.000000e+00 1.037343e+10 
6426 0.000000e+00 0.000000e+00 1.037332e+10 
6427 0.000000e+00 0.000000e+00 1.037331e+10 
6428 0.000000e+00 0.000000e+00 1.037332e+10 
6429 0.000000e+00 0.000000e+00 1.037331e+10 
6430 0.000000e+00 0.000000e+00 1.037330e+10 
6431 0.000000e+00 0.000000e+00 1.037330e+10 
6432 0.000000e+00 0.000000e+00 1.037330e+10 
6433 0.000000e+00 0.000000e+00 1.037331e+10 
6434 0.000000e+00 0.000000e+00 1.037330e+10 
6435 0.000000e+00 0.000000e+00 1.037330e+10 
6436 0.000000e+00 0.000000e+00 1.037332e+10 
6437 0.000000e+00 0.000000e+00 1.037332e+10 
6438 0.000000e+00 0.000000e+00 1.037331e+10 
6439 0.000000e+00 0.000000e+00 1.037331e+10 
6440 0.000000e+00 0.000000e+00 1.037330e+10 
6441 0.000000e+00 0.000000e+00 1.037330e+10 
6442 0.000000e+00 0.000000e+00 1.037330e+10 
6443 0.000000e+00 0.000000e+00 1.037330e+10 
6444 0.000000e+00 0.000000e+00 1.037330e+10 
6445 0.000000e+00 0.000000e+00 1.037330e+10 
6446 0.000000e+00 0.000000e+00 1.037330e+10 
6447 0.000000e+00 0.000000e+00 1.037330e+10 
6448 0.000000e+00 0.000000e+00 1.037330e+10 
6449 0.000000e+00 0.000000e+00 1.037358e+10 
6450 0.000000e+00 0.000000e+00 1.037347e+10 
6451 0.000000e+00 0.000000e+00 1.037344e+10 
6452 0.000000e+00 0.000000e+00 1.037331e+10 
6453 0.000000e+00 0.000000e+00 1.037330e+10 
6454 0.000000e+00 0.000000e+00 1.037331e+10 
6455 0.000000e+00 0.000000e+00 1.037331e+10 
6456 0.000000e+00 0.000000e+00 1.037330e+10 
6457 0.000000e+00 0.000000e+00 1.037339e+10 
6458 0.000000e+00 0.000000e+00 1.037330e+10 
6459 0.000000e+00 0.000000e+00 1.037330e+10 
6460 0.000000e+00 0.000000e+00 1.037330e+10 
6461 0.000000e+00 0.000000e+00 1.037330e+10 
6462 0.000000e+00 0.000000e+00 1.037331e+10 
6463 0.000000e+00 0.000000e+00 1.037330e+10 
6464 0.000000e+00 0.000000e+00 1.037331e+10 
6465 0.000000e+00 0.000000e+00 1.037331e+10 
6466 0.000000e+00 0.000000e+00 1.037342e+10 
6467 0.000000e+00 0.000000e+00 1.037332e+10 
6468 0.000000e+00 0.000000e+00 1.037341e+10 
6469 0.000000e+00 0.000000e+00 1.037332e+10 
6470 0.000000e+00 0.000000e+00 1.037331e+10 
6471 0.000000e+00 0.000000e+00 1.037330e+10 
6472 0.000000e+00 0.000000e+00 1.037331e+10 
6473 0.000000e+00 0.000000e+00 1.037330e+10 
6474 0.000000e+00 0.000000e+00 1.037330e+10 
6475 0.000000e+00 0.000000e+00 1.037330e+10 
6476 0.000000e+00 0.000000e+00 1.037330e+10 
6477 0.000000e+00 0.000000e+00 1.037331e+10 
6478 0.000000e+00 0.000000e+00 1.037331e+10 
6479 0.000000e+00 0.000000e+00 1.037336e+10 
6480 0.000000e+00 0.000000e+00 1.037330e+10 
6481 0.000000e+00 0.000000e+00 1.037330e+10 
6482 0.000000e+00 0.000000e+00 1.037330e+10 
6483 0.000000e+00 0.000000e+00 1.037334e+10 
6484 0.000000e+00 0.000000e+00 1.037331e+10 
6485 0.000000e+00 0.000000e+00 1.037330e+10 
6486 0.000000e+00 0.000000e+00 1.037333e+10 
6487 0.000000e+00 0.000000e+00 1.037333e+10 
6488 0.000000e+00 0.000000e+00 1.037330e+10 
6489 0.000000e+00 0.000000e+00 1.037330e+10 
6490 0.000000e+00 0.000000e+00 1.037330e+10 
6491 0.000000e+00 0.000000e+00 1.037333e+10 
6492 0.000000e+00 0.000000e+00 1.037334e+10 
6493 0.000000e+00 0.000000e+00 1.037331e+10 
6494 0.000000e+00 0.000000e+00 1.037330e+10 
6495 0.000000e+00 0.000000e+00 1.037330e+10 
6496 0.000000e+00 0.000000e+00 1.037333e+10 
6497 0.000000e+00 0.000000e+00 1.037330e+10 
6498 0.000000e+00 0.000000e+00 1.037330e+10 
6499 0.000000e+00 0.000000e+00 1.037331e+10 
6500 0.000000e+00 0.000000e+00 1.037331e+10 
6501 0.000000e+00 0.000000e+00 1.037331e+10 
6502 0.000000e+00 0.000000e+00 1.037330e+10 
6503 0.000000e+00 0.000000e+00 1.037331e+10 
6504 0.000000e+00 0.000000e+00 1.037331e+10 
6505 0.000000e+00 0.000000e+00 1.037331e+10 
6506 0.000000e+00 0.000000e+00 1.037330e+10 
6507 0.000000e+00 0.000000e+00 1.037330e+10 
6508 0.000000e+00 0.000000e+00 1.037330e+10 
6509 0.000000e+00 0.000000e+00 1.037330e+10 
6510 0.000000e+00 0.000000e+00 1.037331e+10 
6511 0.000000e+00 0.000000e+00 1.037330e+10 
6512 0.000000e+00 0.000000e+00 1.037330e+10 
6513 0.000000e+00 0.000000e+00 1.037330e+10 
6514 0.000000e+00 0.000000e+00 1.037332e+10 
6515 0.000000e+00 0.000000e+00 1.037331e+10 
6516 0.000000e+00 0.000000e+00 1.037330e+10 
6517 0.000000e+00 0.000000e+00 1.037331e+10 
6518 0.000000e+00 0.000000e+00 1.037330e+10 
6519 0.000000e+00 0.000000e+00 1.037330e+10 
6520 0.000000e+00 0.000000e+00 1.037331e+10 
6521 0.000000e+00 0.000000e+00 1.037339e+10 
6522 0.000000e+00 0.000000e+00 1.037331e+10 
6523 0.000000e+00 0.000000e+00 1.037330e+10 
6524 0.000000e+00 0.000000e+00 1.037330e+10 
6525 0.000000e+00 0.000000e+00 1.037332e+10 
6526 0.000000e+00 0.000000e+00 1.037345e+10 
6527 0.000000e+00 0.000000e+00 1.037331e+10 
6528 0.000000e+00 0.000000e+00 1.037338e+10 
6529 0.000000e+00 0.000000e+00 1.037330e+10 
6530 0.000000e+00 0.000000e+00 1.037330e+10 
6531 0.000000e+00 0.000000e+00 1.037331e+10 
6532 0.000000e+00 0.000000e+00 1.037330e+10 
6533 0.000000e+00 0.000000e+00 1.037331e+10 
6534 0.000000e+00 0.000000e+00 1.037330e+10 
6535 0.000000e+00 0.000000e+00 1.037330e+10 
6536 0.000000e+00 0.000000e+00 1.037330e+10 
6537 0.000000e+00 0.000000e+00 1.037330e+10 
6538 0.000000e+00 0.000000e+00 1.037334e+10 
6539 0.000000e+00 0.000000e+00 1.037330e+10 
6540 0.000000e+00 0.000000e+00 1.037330e+10 
6541 0.000000e+00 0.000000e+00 1.037330e+10 
6542 0.000000e+00 0.000000e+00 1.037330e+10 
6543 0.000000e+00 0.000000e+00 1.037330e+10 
6544 0.000000e+00 0.000000e+00 1.037330e+10 
6545 0.000000e+00 0.000000e+00 1.037342e+10 
6546 0.000000e+00 0.000000e+00 1.037330e+10 
6547 0.000000e+00 0.000000e+00 1.037331e+10 
6548 0.000000e+00 0.000000e+00 1.037330e+10 
6549 0.000000e+00 0.000000e+00 1.037331e+10 
6550 0.000000e+00 0.000000e+00 1.037331e+10 
6551 0.000000e+00 0.000000e+00 1.037330e+10 
6552 0.000000e+00 0.000000e+00 1.037331e+10 
6553 0.000000e+00 0.000000e+00 1.037330e+10 
6554 0.000000e+00 0.000000e+00 1.037331e+10 
6555 0.000000e+00 0.000000e+00 1.037331e+10 
6556 0.000000e+00 0.000000e+00 1.037331e+10 
6557 0.000000e+00 0.000000e+00 1.037331e+10 
6558 0.000000e+00 0.000000e+00 1.037330e+10 
6559 0.000000e+00 0.000000e+00 1.037331e+10 
6560 0.000000e+00 0.000000e+00 1.037330e+10 
6561 0.000000e+00 0.000000e+00 1.037330e+10 
6562 0.000000e+00 0.000000e+00 1.037330e+10 
6563 0.000000e+00 0.000000e+00 1.037330e+10 
6564 0.000000e+00 0.000000e+00 1.037333e+10 
6565 0.000000e+00 0.000000e+00 1.037331e+10 
6566 0.000000e+00 0.000000e+00 1.037333e+10 
6567 0.000000e+00 0.000000e+00 1.037330e+10 
6568 0.000000e+00 0.000000e+00 1.037330e+10 
6569 0.000000e+00 0.000000e+00 1.037330e+10 
6570 0.000000e+00 0.000000e+00 1.037330e+10 
6571 0.000000e+00 0.000000e+00 1.037330e+10 
6572 0.000000e+00 0.000000e+00 1.037330e+10 
6573 0.000000e+00 0.000000e+00 1.037330e+10 
6574 0.000000e+00 0.000000e+00 1.037330e+10 
6575 0.000000e+00 0.000000e+00 1.037335e+10 
6576 0.000000e+00 0.000000e+00 1.037333e+10 
6577 0.000000e+00 0.000000e+00 1.037330e+10 
6578 0.000000e+00 0.000000e+00 1.037333e+10 
6579 0.000000e+00 0.000000e+00 1.037330e+10 
6580 0.000000e+00 0.000000e+00 1.037330e+10 
6581 0.000000e+00 0.000000e+00 1.037330e+10 
6582 0.000000e+00 0.000000e+00 1.037599e+10 
6583 0.000000e+00 0.000000e+00 1.037331e+10 
6584 0.000000e+00 0.000000e+00 1.037333e+10 
6585 0.000000e+00 0.000000e+00 1.037331e+10 
6586 0.000000e+00 0.000000e+00 1.037330e+10 
6587 0.000000e+00 0.000000e+00 1.037338e+10 
6588 0.000000e+00 0.000000e+00 1.037331e+10 
6589 0.000000e+00 0.000000e+00 1.037331e+10 
6590 0.000000e+00 0.000000e+00 1.037330e+10 
6591 0.000000e+00 0.000000e+00 1.037339e+10 
6592 0.000000e+00 0.000000e+00 1.037340e+10 
6593 0.000000e+00 0.000000e+00 1.037345e+10 
6594 0.000000e+00 0.000000e+00 1.037331e+10 
6595 0.000000e+00 0.000000e+00 1.037330e+10 
6596 0.000000e+00 0.000000e+00 1.037330e+10 
6597 0.000000e+00 0.000000e+00 1.037333e+10 
6598 0.000000e+00 0.000000e+00 1.037331e+10 
6599 0.000000e+00 0.000000e+00 1.037331e+10 
6600 0.000000e+00 0.000000e+00 1.037330e+10 
6601 0.000000e+00 0.000000e+00 1.037330e+10 
6602 0.000000e+00 0.000000e+00 1.037334e+10 
6603 0.000000e+00 0.000000e+00 1.037336e+10 
6604 0.000000e+00 0.000000e+00 1.037330e+10 
6605 0.000000e+00 0.000000e+00 1.037330e+10 
6606 0.000000e+00 0.000000e+00 1.037330e+10 
6607 0.000000e+00 0.000000e+00 1.037333e+10 
6608 0.000000e+00 0.000000e+00 1.037331e+10 
6609 0.000000e+00 0.000000e+00 1.037612e+10 
6610 0.000000e+00 0.000000e+00 1.037330e+10 
6611 0.000000e+00 0.000000e+00 1.037334e+10 
6612 0.000000e+00 0.000000e+00 1.037341e+10 
6613 0.000000e+00 0.000000e+00 1.037347e+10 
6614 0.000000e+00 0.000000e+00 1.037332e+10 
6615 0.000000e+00 0.000000e+00 1.037331e+10 
6616 0.000000e+00 0.000000e+00 1.037330e+10 
6617 0.000000e+00 0.000000e+00 1.037330e+10 
6618 0.000000e+00 0.000000e+00 1.037331e+10 
6619 0.000000e+00 0.000000e+00 1.037330e+10 
6620 0.000000e+00 0.000000e+00 1.037331e+10 
6621 0.000000e+00 0.000000e+00 1.037331e+10 
6622 0.000000e+00 0.000000e+00 1.037372e+10 
6623 0.000000e+00 0.000000e+00 1.037331e+10 
6624 0.000000e+00 0.000000e+00 1.037331e+10 
6625 0.000000e+00 0.000000e+00 1.037330e+10 
6626 0.000000e+00 0.000000e+00 1.037330e+10 
6627 0.000000e+00 0.000000e+00 1.037330e+10 
6628 0.000000e+00 0.000000e+00 1.037336e+10 
6629 0.000000e+00 0.000000e+00 1.037330e+10 
6630 0.000000e+00 0.000000e+00 1.037330e+10 
6631 0.000000e+00 0.000000e+00 1.037330e+10 
6632 0.000000e+00 0.000000e+00 1.037331e+10 
6633 0.000000e+00 0.000000e+00 1.037330e+10 
6634 0.000000e+00 0.000000e+00 1.037330e+10 
6635 0.000000e+00 0.000000e+00 1.037331e+10 
6636 0.000000e+00 0.000000e+00 1.037334e+10 
6637 0.000000e+00 0.000000e+00 1.037331e+10 
6638 0.000000e+00 0.000000e+00 1.037330e+10 
6639 0.000000e+00 0.000000e+00 1.037331e+10 
6640 0.000000e+00 0.000000e+00 1.037330e+10 
6641 0.000000e+00 0.000000e+00 1.037330e+10 
6642 0.000000e+00 0.000000e+00 1.037330e+10 
6643 0.000000e+00 0.000000e+00 1.037330e+10 
6644 0.000000e+00 0.000000e+00 1.037332e+10 
6645 0.000000e+00 0.000000e+00 1.037334e+10 
6646 0.000000e+00 0.000000e+00 1.037331e+10 
6647 0.000000e+00 0.000000e+00 1.037330e+10 
6648 0.000000e+00 0.000000e+00 1.037330e+10 
6649 0.000000e+00 0.000000e+00 1.037333e+10 
6650 0.000000e+00 0.000000e+00 1.037330e+10 
6651 0.000000e+00 0.000000e+00 1.037333e+10 
6652 0.000000e+00 0.000000e+00 1.037331e+10 
6653 0.000000e+00 0.000000e+00 1.037331e+10 
6654 0.000000e+00 0.000000e+00 1.037331e+10 
6655 0.000000e+00 0.000000e+00 1.037331e+10 
6656 0.000000e+00 0.000000e+00 1.037335e+10 
6657 0.000000e+00 0.000000e+00 1.037331e+10 
6658 0.000000e+00 0.000000e+00 1.037331e+10 
6659 0.000000e+00 0.000000e+00 1.037330e+10 
6660 0.000000e+00 0.000000e+00 1.037330e+10 
6661 0.000000e+00 0.000000e+00 1.037330e+10 
6662 0.000000e+00 0.000000e+00 1.037330e+10 
6663 0.000000e+00 0.000000e+00 1.037330e+10 
6664 0.000000e+00 0.000000e+00 1.037330e+10 
6665 0.000000e+00 0.000000e+00 1.037330e+10 
6666 0.000000e+00 0.000000e+00 1.037378e+10 
6667 0.000000e+00 0.000000e+00 1.037338e+10 
6668 0.000000e+00 0.000000e+00 1.037340e+10 
6669 0.000000e+00 0.000000e+00 1.037331e+10 
6670 0.000000e+00 0.000000e+00 1.037331e+10 
6671 0.000000e+00 0.000000e+00 1.037330e+10 
6672 0.000000e+00 0.000000e+00 1.037336e+10 
6673 0.000000e+00 0.000000e+00 1.037331e+10 
6674 0.000000e+00 0.000000e+00 1.037330e+10 
6675 0.000000e+00 0.000000e+00 1.037334e+10 
6676 0.000000e+00 0.000000e+00 1.037332e+10 
6677 0.000000e+00 0.000000e+00 1.037332e+10 
6678 0.000000e+00 0.000000e+00 1.037331e+10 
6679 0.000000e+00 0.000000e+00 1.037330e+10 
6680 0.000000e+00 0.000000e+00 1.037330e+10 
6681 0.000000e+00 0.000000e+00 1.037330e+10 
6682 0.000000e+00 0.000000e+00 1.037330e+10 
6683 0.000000e+00 0.000000e+00 1.037330e+10 
6684 0.000000e+00 0.000000e+00 1.037331e+10 
6685 0.000000e+00 0.000000e+00 1.037330e+10 
6686 0.000000e+00 0.000000e+00 1.037330e+10 
6687 0.000000e+00 0.000000e+00 1.037331e+10 
6688 0.000000e+00 0.000000e+00 1.037330e+10 
6689 0.000000e+00 0.000000e+00 1.037330e+10 
6690 0.000000e+00 0.000000e+00 1.037330e+10 
6691 0.000000e+00 0.000000e+00 1.037330e+10 
6692 0.000000e+00 0.000000e+00 1.037330e+10 
6693 0.000000e+00 0.000000e+00 1.037330e+10 
6694 0.000000e+00 0.000000e+00 1.037330e+10 
6695 0.000000e+00 0.000000e+00 1.037330e+10 
6696 0.000000e+00 0.000000e+00 1.037330e+10 
6697 0.000000e+00 0.000000e+00 1.037331e+10 
6698 0.000000e+00 0.000000e+00 1.037330e+10 
6699 0.000000e+00 0.000000e+00 1.037330e+10 
6700 0.000000e+00 0.000000e+00 1.037330e+10 
6701 0.000000e+00 0.000000e+00 1.037337e+10 
6702 0.000000e+00 0.000000e+00 1.037332e+10 
6703 0.000000e+00 0.000000e+00 1.037330e+10 
6704 0.000000e+00 0.000000e+00 1.037331e+10 
6705 0.000000e+00 0.000000e+00 1.037332e+10 
6706 0.000000e+00 0.000000e+00 1.037331e+10 
6707 0.000000e+00 0.000000e+00 1.037332e+10 
6708 0.000000e+00 0.000000e+00 1.037334e+10 
6709 0.000000e+00 0.000000e+00 1.037330e+10 
6710 0.000000e+00 0.000000e+00 1.037330e+10 
6711 0.000000e+00 0.000000e+00 1.037330e+10 
6712 0.000000e+00 0.000000e+00 1.037331e+10 
6713 0.000000e+00 0.000000e+00 1.037331e+10 
6714 0.000000e+00 0.000000e+00 1.037332e+10 
6715 0.000000e+00 0.000000e+00 1.037335e+10 
6716 0.000000e+00 0.000000e+00 1.037331e+10 
6717 0.000000e+00 0.000000e+00 1.037330e+10 
6718 0.000000e+00 0.000000e+00 1.037330e+10 
6719 0.000000e+00 0.000000e+00 1.037330e+10 
6720 0.000000e+00 0.000000e+00 1.037331e+10 
6721 0.000000e+00 0.000000e+00 1.037331e+10 
6722 0.000000e+00 0.000000e+00 1.037331e+10 
6723 0.000000e+00 0.000000e+00 1.037331e+10 
6724 0.000000e+00 0.000000e+00 1.037330e+10 
6725 0.000000e+00 0.000000e+00 1.037330e+10 
6726 0.000000e+00 0.000000e+00 1.037330e+10 
6727 0.000000e+00 0.000000e+00 1.037330e+10 
6728 0.000000e+00 0.000000e+00 1.037330e+10 
6729 0.000000e+00 0.000000e+00 1.037331e+10 
6730 0.000000e+00 0.000000e+00 1.037331e+10 
6731 0.000000e+00 0.000000e+00 1.037330e+10 
6732 0.000000e+00 0.000000e+00 1.037330e+10 
6733 0.000000e+00 0.000000e+00 1.037330e+10 
6734 0.000000e+00 0.000000e+00 1.037330e+10 
6735 0.000000e+00 0.000000e+00 1.037334e+10 
6736 0.000000e+00 0.000000e+00 1.037330e+10 
6737 0.000000e+00 0.000000e+00 1.037330e+10 
6738 0.000000e+00 0.000000e+00 1.037330e+10 
6739 0.000000e+00 0.000000e+00 1.037331e+10 
6740 0.000000e+00 0.000000e+00 1.037330e+10 
6741 0.000000e+00 0.000000e+00 1.037330e+10 
6742 0.000000e+00 0.000000e+00 1.037330e+10 
6743 0.000000e+00 0.000000e+00 1.037330e+10 
6744 0.000000e+00 0.000000e+00 1.037330e+10 
6745 0.000000e+00 0.000000e+00 1.037330e+10 
6746 0.000000e+00 0.000000e+00 1.037330e+10 
6747 0.000000e+00 0.000000e+00 1.037330e+10 
6748 0.000000e+00 0.000000e+00 1.037332e+10 
6749 0.000000e+00 0.000000e+00 1.037331e+10 
6750 0.000000e+00 0.000000e+00 1.037330e+10 
6751 0.000000e+00 0.000000e+00 1.037330e+10 
6752 0.000000e+00 0.000000e+00 1.037330e+10 
6753 0.000000e+00 0.000000e+00 1.037330e+10 
6754 0.000000e+00 0.000000e+00 1.037330e+10 
6755 0.000000e+00 0.000000e+00 1.037330e+10 
6756 0.000000e+00 0.000000e+00 1.037330e+10 
6757 0.000000e+00 0.000000e+00 1.037335e+10 
6758 0.000000e+00 0.000000e+00 1.037330e+10 
6759 0.000000e+00 0.000000e+00 1.037330e+10 
6760 0.000000e+00 0.000000e+00 1.037330e+10 
6761 0.000000e+00 0.000000e+00 1.037330e+10 
6762 0.000000e+00 0.000000e+00 1.037330e+10 
6763 0.000000e+00 0.000000e+00 1.037331e+10 
6764 0.000000e+00 0.000000e+00 1.037330e+10 
6765 0.000000e+00 0.000000e+00 1.037330e+10 
6766 0.000000e+00 0.000000e+00 1.037330e+10 
6767 0.000000e+00 0.000000e+00 1.037330e+10 
6768 0.000000e+00 0.000000e+00 1.037331e+10 
6769 0.000000e+00 0.000000e+00 1.037338e+10 
6770 0.000000e+00 0.000000e+00 1.037333e+10 
6771 0.000000e+00 0.000000e+00 1.037355e+10 
6772 0.000000e+00 0.000000e+00 1.037331e+10 
6773 0.000000e+00 0.000000e+00 1.037331e+10 
6774 0.000000e+00 0.000000e+00 1.037331e+10 
6775 0.000000e+00 0.000000e+00 1.037331e+10 
6776 0.000000e+00 0.000000e+00 1.037330e+10 
6777 0.000000e+00 0.000000e+00 1.037331e+10 
6778 0.000000e+00 0.000000e+00 1.037330e+10 
6779 0.000000e+00 0.000000e+00 1.037339e+10 
6780 0.000000e+00 0.000000e+00 1.037385e+10 
6781 0.000000e+00 0.000000e+00 1.037335e+10 
6782 0.000000e+00 0.000000e+00 1.037336e+10 
6783 0.000000e+00 0.000000e+00 1.037343e+10 
6784 0.000000e+00 0.000000e+00 1.037331e+10 
6785 0.000000e+00 0.000000e+00 1.037330e+10 
6786 0.000000e+00 0.000000e+00 1.037330e+10 
6787 0.000000e+00 0.000000e+00 1.037330e+10 
6788 0.000000e+00 0.000000e+00 1.037330e+10 
6789 0.000000e+00 0.000000e+00 1.037331e+10 
6790 0.000000e+00 0.000000e+00 1.037342e+10 
6791 0.000000e+00 0.000000e+00 1.037330e+10 
6792 0.000000e+00 0.000000e+00 1.037335e+10 
6793 0.000000e+00 0.000000e+00 1.037330e+10 
6794 0.000000e+00 0.000000e+00 1.037333e+10 
6795 0.000000e+00 0.000000e+00 1.037330e+10 
6796 0.000000e+00 0.000000e+00 1.037330e+10 
6797 0.000000e+00 0.000000e+00 1.037330e+10 
6798 0.000000e+00 0.000000e+00 1.037331e+10 
6799 0.000000e+00 0.000000e+00 1.037330e+10 
6800 0.000000e+00 0.000000e+00 1.037330e+10 
6801 0.000000e+00 0.000000e+00 1.037330e+10 
6802 0.000000e+00 0.000000e+00 1.037330e+10 
6803 0.000000e+00 0.000000e+00 1.037330e+10 
6804 0.000000e+00 0.000000e+00 1.037331e+10 
6805 0.000000e+00 0.000000e+00 1.037330e+10 
6806 0.000000e+00 0.000000e+00 1.037330e+10 
6807 0.000000e+00 0.000000e+00 1.037331e+10 
6808 0.000000e+00 0.000000e+00 1.037335e+10 
6809 0.000000e+00 0.000000e+00 1.037333e+10 
6810 0.000000e+00 0.000000e+00 1.037331e+10 
6811 0.000000e+00 0.000000e+00 1.037330e+10 
6812 0.000000e+00 0.000000e+00 1.037331e+10 
6813 0.000000e+00 0.000000e+00 1.037330e+10 
6814 0.000000e+00 0.000000e+00 1.037330e+10 
6815 0.000000e+00 0.000000e+00 1.037330e+10 
6816 0.000000e+00 0.000000e+00 1.037336e+10 
6817 0.000000e+00 0.000000e+00 1.037331e+10 
6818 0.000000e+00 0.000000e+00 1.037371e+10 
6819 0.000000e+00 0.000000e+00 1.037333e+10 
6820 0.000000e+00 0.000000e+00 1.037330e+10 
6821 0.000000e+00 0.000000e+00 1.037332e+10 
6822 0.000000e+00 0.000000e+00 1.037330e+10 
6823 0.000000e+00 0.000000e+00 1.037330e+10 
6824 0.000000e+00 0.000000e+00 1.037331e+10 
6825 0.000000e+00 0.000000e+00 1.037331e+10 
6826 0.000000e+00 0.000000e+00 1.037330e+10 
6827 0.000000e+00 0.000000e+00 1.037330e+10 
6828 0.000000e+00 0.000000e+00 1.037331e+10 
6829 0.000000e+00 0.000000e+00 1.037333e+10 
6830 0.000000e+00 0.000000e+00 1.037332e+10 
6831 0.000000e+00 0.000000e+00 1.037330e+10 
6832 0.000000e+00 0.000000e+00 1.037330e+10 
6833 0.000000e+00 0.000000e+00 1.037331e+10 
6834 0.000000e+00 0.000000e+00 1.037330e+10 
6835 0.000000e+00 0.000000e+00 1.037331e+10 
6836 0.000000e+00 0.000000e+00 1.037330e+10 
6837 0.000000e+00 0.000000e+00 1.037333e+10 
6838 0.000000e+00 0.000000e+00 1.037343e+10 
6839 0.000000e+00 0.000000e+00 1.037330e+10 
6840 0.000000e+00 0.000000e+00 1.037345e+10 
6841 0.000000e+00 0.000000e+00 1.037337e+10 
6842 0.000000e+00 0.000000e+00 1.037333e+10 
6843 0.000000e+00 0.000000e+00 1.037331e+10 
6844 0.000000e+00 0.000000e+00 1.037331e+10 
6845 0.000000e+00 0.000000e+00 1.037330e+10 
6846 0.000000e+00 0.000000e+00 1.037331e+10 
6847 0.000000e+00 0.000000e+00 1.037332e+10 
6848 0.000000e+00 0.000000e+00 1.037330e+10 
6849 0.000000e+00 0.000000e+00 1.037331e+10 
6850 0.000000e+00 0.000000e+00 1.037355e+10 
6851 0.000000e+00 0.000000e+00 1.037333e+10 
6852 0.000000e+00 0.000000e+00 1.037330e+10 
6853 0.000000e+00 0.000000e+00 1.037331e+10 
6854 0.000000e+00 0.000000e+00 1.037330e+10 
6855 0.000000e+00 0.000000e+00 1.037330e+10 
6856 0.000000e+00 0.000000e+00 1.037330e+10 
6857 0.000000e+00 0.000000e+00 1.037330e+10 
6858 0.000000e+00 0.000000e+00 1.037429e+10 
6859 0.000000e+00 0.000000e+00 1.037330e+10 
6860 0.000000e+00 0.000000e+00 1.037334e+10 
6861 0.000000e+00 0.000000e+00 1.037331e+10 
6862 0.000000e+00 0.000000e+00 1.037330e+10 
6863 0.000000e+00 0.000000e+00 1.037330e+10 
6864 0.000000e+00 0.000000e+00 1.037331e+10 
6865 0.000000e+00 0.000000e+00 1.037330e+10 
6866 0.000000e+00 0.000000e+00 1.037330e+10 
6867 0.000000e+00 0.000000e+00 1.037330e+10 
6868 0.000000e+00 0.000000e+00 1.037330e+10 
6869 0.000000e+00 0.000000e+00 1.037330e+10 
6870 0.000000e+00 0.000000e+00 1.037335e+10 
6871 0.000000e+00 0.000000e+00 1.037333e+10 
6872 0.000000e+00 0.000000e+00 1.037331e+10 
6873 0.000000e+00 0.000000e+00 1.037330e+10 
6874 0.000000e+00 0.000000e+00 1.037330e+10 
6875 0.000000e+00 0.000000e+00 1.037331e+10 
6876 0.000000e+00 0.000000e+00 1.037330e+10 
6877 0.000000e+00 0.000000e+00 1.037333e+10 
6878 0.000000e+00 0.000000e+00 1.037331e+10 
6879 0.000000e+00 0.000000e+00 1.037330e+10 
6880 0.000000e+00 0.000000e+00 1.037331e+10 
6881 0.000000e+00 0.000000e+00 1.037330e+10 
6882 0.000000e+00 0.000000e+00 1.037334e+10 
6883 0.000000e+00 0.000000e+00 1.037331e+10 
6884 0.000000e+00 0.000000e+00 1.037330e+10 
6885 0.000000e+00 0.000000e+00 1.037331e+10 
6886 0.000000e+00 0.000000e+00 1.037330e+10 
6887 0.000000e+00 0.000000e+00 1.037330e+10 
6888 0.000000e+00 0.000000e+00 1.037331e+10 
6889 0.000000e+00 0.000000e+00 1.037330e+10 
6890 0.000000e+00 0.000000e+00 1.037330e+10 
6891 0.000000e+00 0.000000e+00 1.037331e+10 
6892 0.000000e+00 0.000000e+00 1.037334e+10 
6893 0.000000e+00 0.000000e+00 1.037333e+10 
6894 0.000000e+00 0.000000e+00 1.037330e+10 
6895 0.000000e+00 0.000000e+00 1.037330e+10 
6896 0.000000e+00 0.000000e+00 1.037330e+10 
6897 0.000000e+00 0.000000e+00 1.037330e+10 
6898 0.000000e+00 0.000000e+00 1.037331e+10 
6899 0.000000e+00 0.000000e+00 1.037330e+10 
6900 0.000000e+00 0.000000e+00 1.037330e+10 
6901 0.000000e+00 0.000000e+00 1.037330e+10 
6902 0.000000e+00 0.000000e+00 1.037330e+10 
6903 0.000000e+00 0.000000e+00 1.037330e+10 
6904 0.000000e+00 0.000000e+00 1.037331e+10 
6905 0.000000e+00 0.000000e+00 1.037330e+10 
6906 0.000000e+00 0.000000e+00 1.037330e+10 
6907 0.000000e+00 0.000000e+00 1.037330e+10 
6908 0.000000e+00 0.000000e+00 1.037334e+10 
6909 0.000000e+00 0.000000e+00 1.037330e+10 
6910 0.000000e+00 0.000000e+00 1.037337e+10 
6911 0.000000e+00 0.000000e+00 1.037330e+10 
6912 0.000000e+00 0.000000e+00 1.037330e+10 
6913 0.000000e+00 0.000000e+00 1.037331e+10 
6914 0.000000e+00 0.000000e+00 1.037333e+10 
6915 0.000000e+00 0.000000e+00 1.037330e+10 
6916 0.000000e+00 0.000000e+00 1.037330e+10 
6917 0.000000e+00 0.000000e+00 1.037332e+10 
6918 0.000000e+00 0.000000e+00 1.037330e+10 
6919 0.000000e+00 0.000000e+00 1.037330e+10 
