dataFileVersion = 4
numFileSegments = 1
minCoordinates = [
 0.000000
 0.000000
 0.000000
 ]
maxCoordinates = [
 160642.570281
 160642.570281
 160642.570281
 ]
nodeCount = 1280
dataDecompType = 2
dataDecompGeometry = [
 1
 1
 1
 ]

#
#  END OF DATA FILE PARAMETERS
#

domainDecomposition = 
# Dom_ID  Minimum XYZ bounds   Maximum XYZ bounds
  0  0.000000  0.000000  0.000000  160642.570281  160642.570281  160642.570281
nodalData =
# Primary lines: node_tag, x, y, z, num_arms, constraint
# Secondary lines: arm_tag, burgx, burgy, burgz, nx, ny, nz
0,    0 153803.840515198914 24725.325141035049 5496.859568394219    1    7
         0,    1   0.000000000000   0.707106781187  -0.707106781187
                   0.577350269190   0.577350269190   0.577350269190
0,    1 152086.142751492094 25584.174022888459 6355.708450247630    2    0
         0,    0  -0.000000000000  -0.707106781187   0.707106781187
                   0.577350269190   0.577350269190   0.577350269190
         0,    2   0.000000000000   0.707106781187  -0.707106781187
                   0.577350269190   0.577350269190   0.577350269190
0,    2 150368.444987785275 26443.022904741872 7214.557332101042    2    0
         0,    1  -0.000000000000  -0.707106781187   0.707106781187
                   0.577350269190   0.577350269190   0.577350269190
         0,    3   0.000000000000   0.707106781187  -0.707106781187
                   0.577350269190   0.577350269190   0.577350269190
0,    3 148650.747224078455 27301.871786595286 8073.406213954455    2    0
         0,    2  -0.000000000000  -0.707106781187   0.707106781187
                   0.577350269190   0.577350269190   0.577350269190
         0,    4   0.000000000000   0.707106781187  -0.707106781187
                   0.577350269190   0.577350269190   0.577350269190
0,    4 146933.049460371636 28160.720668448696 8932.255095807866    1    7
         0,    3  -0.000000000000  -0.707106781187   0.707106781187
                   0.577350269190   0.577350269190   0.577350269190
0,    5 141278.643575759517 116332.947705273473 141136.510985174915    1    7
         0,    6   0.707106781187   0.000000000000  -0.707106781187
                   0.577350269190  -0.577350269190   0.577350269190
0,    6 142259.985744097765 118295.632041949924 142117.853153513162    2    0
         0,    5  -0.707106781187  -0.000000000000   0.707106781187
                   0.577350269190  -0.577350269190   0.577350269190
         0,    7   0.707106781187   0.000000000000  -0.707106781187
                   0.577350269190  -0.577350269190   0.577350269190
0,    7 143241.327912435983 120258.316378626376 143099.195321851381    2    0
         0,    6  -0.707106781187  -0.000000000000   0.707106781187
                   0.577350269190  -0.577350269190   0.577350269190
         0,    8   0.707106781187   0.000000000000  -0.707106781187
                   0.577350269190  -0.577350269190   0.577350269190
0,    8 144222.670080774202 122221.000715302827 144080.537490189599    2    0
         0,    7  -0.707106781187  -0.000000000000   0.707106781187
                   0.577350269190  -0.577350269190   0.577350269190
         0,    9   0.707106781187   0.000000000000  -0.707106781187
                   0.577350269190  -0.577350269190   0.577350269190
0,    9 145204.012249112449 124183.685051979279 145061.879658527847    1    7
         0,    8  -0.707106781187  -0.000000000000   0.707106781187
                   0.577350269190  -0.577350269190   0.577350269190
0,   10 88529.816194395200 53341.192697610211 121428.523598258238    1    7
         0,   11   0.000000000000   0.707106781187   0.707106781187
                   0.577350269190  -0.577350269190   0.577350269190
0,   11 85940.278409362174 52046.423805093698 122723.292490774737    2    0
         0,   10  -0.000000000000  -0.707106781187  -0.707106781187
                   0.577350269190  -0.577350269190   0.577350269190
         0,   12   0.000000000000   0.707106781187   0.707106781187
                   0.577350269190  -0.577350269190   0.577350269190
0,   12 83350.740624329163 50751.654912577193 124018.061383291250    2    0
         0,   11  -0.000000000000  -0.707106781187  -0.707106781187
                   0.577350269190  -0.577350269190   0.577350269190
         0,   13   0.000000000000   0.707106781187   0.707106781187
                   0.577350269190  -0.577350269190   0.577350269190
0,   13 80761.202839296151 49456.886020060687 125312.830275807763    2    0
         0,   12  -0.000000000000  -0.707106781187  -0.707106781187
                   0.577350269190  -0.577350269190   0.577350269190
         0,   14   0.000000000000   0.707106781187   0.707106781187
                   0.577350269190  -0.577350269190   0.577350269190
0,   14 78171.665054263125 48162.117127544174 126607.599168324261    1    7
         0,   13  -0.000000000000  -0.707106781187  -0.707106781187
                   0.577350269190  -0.577350269190   0.577350269190
0,   15 19720.449842417980 117693.661886788381 44434.872614720160    1    7
         0,   16  -0.000000000000  -0.707106781187  -0.707106781187
                   0.577350269190   0.577350269190  -0.577350269190
0,   16 17447.909102856804 118829.932256568980 43298.602244939575    2    0
         0,   15   0.000000000000   0.707106781187   0.707106781187
                   0.577350269190   0.577350269190  -0.577350269190
         0,   17  -0.000000000000  -0.707106781187  -0.707106781187
                   0.577350269190   0.577350269190  -0.577350269190
0,   17 15175.368363295625 119966.202626349565 42162.331875158983    2    0
         0,   16   0.000000000000   0.707106781187   0.707106781187
                   0.577350269190   0.577350269190  -0.577350269190
         0,   18  -0.000000000000  -0.707106781187  -0.707106781187
                   0.577350269190   0.577350269190  -0.577350269190
0,   18 12902.827623734449 121102.472996130149 41026.061505378391    2    0
         0,   17   0.000000000000   0.707106781187   0.707106781187
                   0.577350269190   0.577350269190  -0.577350269190
         0,   19  -0.000000000000  -0.707106781187  -0.707106781187
                   0.577350269190   0.577350269190  -0.577350269190
0,   19 10630.286884173271 122238.743365910748 39889.791135597807    1    7
         0,   18   0.000000000000   0.707106781187   0.707106781187
                   0.577350269190   0.577350269190  -0.577350269190
0,   20 36061.285327894991 17071.302581838972 128214.381437081000    1    7
         0,   21  -0.707106781187   0.707106781187  -0.000000000000
                   0.577350269190   0.577350269190  -0.577350269190
0,   21 37385.708929464345 18395.726183408326 130863.228640219706    2    0
         0,   20   0.707106781187  -0.707106781187   0.000000000000
                   0.577350269190   0.577350269190  -0.577350269190
         0,   22  -0.707106781187   0.707106781187  -0.000000000000
                   0.577350269190   0.577350269190  -0.577350269190
0,   22 38710.132531033698 19720.149784977675 133512.075843358412    2    0
         0,   21   0.707106781187  -0.707106781187   0.000000000000
                   0.577350269190   0.577350269190  -0.577350269190
         0,   23  -0.707106781187   0.707106781187  -0.000000000000
                   0.577350269190   0.577350269190  -0.577350269190
0,   23 40034.556132603051 21044.573386547025 136160.923046497104    2    0
         0,   22   0.707106781187  -0.707106781187   0.000000000000
                   0.577350269190   0.577350269190  -0.577350269190
         0,   24  -0.707106781187   0.707106781187  -0.000000000000
                   0.577350269190   0.577350269190  -0.577350269190
0,   24 41358.979734172404 22368.996988116378 138809.770249635825    1    7
         0,   23   0.707106781187  -0.707106781187   0.000000000000
                   0.577350269190   0.577350269190  -0.577350269190
0,   25 99440.928761744610 142069.162385216507 33133.037867482992    1    7
         0,   26   0.000000000000   0.707106781187  -0.707106781187
                  -0.577350269190   0.577350269190   0.577350269190
0,   26 97863.660486964160 141280.528247826296 32344.403730092759    2    0
         0,   25  -0.000000000000  -0.707106781187   0.707106781187
                  -0.577350269190   0.577350269190   0.577350269190
         0,   27   0.000000000000   0.707106781187  -0.707106781187
                  -0.577350269190   0.577350269190   0.577350269190
0,   27 96286.392212183695 140491.894110436057 31555.769592702531    2    0
         0,   26  -0.000000000000  -0.707106781187   0.707106781187
                  -0.577350269190   0.577350269190   0.577350269190
         0,   28   0.000000000000   0.707106781187  -0.707106781187
                  -0.577350269190   0.577350269190   0.577350269190
0,   28 94709.123937403230 139703.259973045817 30767.135455312302    2    0
         0,   27  -0.000000000000  -0.707106781187   0.707106781187
                  -0.577350269190   0.577350269190   0.577350269190
         0,   29   0.000000000000   0.707106781187  -0.707106781187
                  -0.577350269190   0.577350269190   0.577350269190
0,   29 93131.855662622780 138914.625835655606 29978.501317922070    1    7
         0,   28  -0.000000000000  -0.707106781187   0.707106781187
                  -0.577350269190   0.577350269190   0.577350269190
0,   30 123092.271076001693 157908.735237595916 76856.270621077609    1    7
         0,   31  -0.707106781187  -0.707106781187  -0.000000000000
                  -0.577350269190   0.577350269190   0.577350269190
0,   31 123988.291220023137 157012.715093574458 78648.310909120526    2    0
         0,   30   0.707106781187   0.707106781187   0.000000000000
                  -0.577350269190   0.577350269190   0.577350269190
         0,   32  -0.707106781187  -0.707106781187  -0.000000000000
                  -0.577350269190   0.577350269190   0.577350269190
0,   32 124884.311364044595 156116.694949552999 80440.351197163429    2    0
         0,   31   0.707106781187   0.707106781187   0.000000000000
                  -0.577350269190   0.577350269190   0.577350269190
         0,   33  -0.707106781187  -0.707106781187  -0.000000000000
                  -0.577350269190   0.577350269190   0.577350269190
0,   33 125780.331508066054 155220.674805531540 82232.391485206332    2    0
         0,   32   0.707106781187   0.707106781187   0.000000000000
                  -0.577350269190   0.577350269190   0.577350269190
         0,   34  -0.707106781187  -0.707106781187  -0.000000000000
                  -0.577350269190   0.577350269190   0.577350269190
0,   34 126676.351652087498 154324.654661510081 84024.431773249249    1    7
         0,   33   0.707106781187   0.707106781187   0.000000000000
                  -0.577350269190   0.577350269190   0.577350269190
0,   35 35328.104369968998 19611.829315778763 111989.692241679353    1    7
         0,   36   0.707106781187  -0.707106781187   0.000000000000
                   0.577350269190   0.577350269190   0.577350269190
0,   36 36110.319654772065 20394.044600581834 110425.261672073219    2    0
         0,   35  -0.707106781187   0.707106781187  -0.000000000000
                   0.577350269190   0.577350269190   0.577350269190
         0,   37   0.707106781187  -0.707106781187   0.000000000000
                   0.577350269190   0.577350269190   0.577350269190
0,   37 36892.534939575140 21176.259885384905 108860.831102467069    2    0
         0,   36  -0.707106781187   0.707106781187  -0.000000000000
                   0.577350269190   0.577350269190   0.577350269190
         0,   38   0.707106781187  -0.707106781187   0.000000000000
                   0.577350269190   0.577350269190   0.577350269190
0,   38 37674.750224378215 21958.475170187976 107296.400532860920    2    0
         0,   37  -0.707106781187   0.707106781187  -0.000000000000
                   0.577350269190   0.577350269190   0.577350269190
         0,   39   0.707106781187  -0.707106781187   0.000000000000
                   0.577350269190   0.577350269190   0.577350269190
0,   39 38456.965509181282 22740.690454991047 105731.969963254785    1    7
         0,   38  -0.707106781187   0.707106781187  -0.000000000000
                   0.577350269190   0.577350269190   0.577350269190
0,   40 82872.395403179151 114596.609666056378 91817.811960922903    1    7
         0,   41  -0.707106781187  -0.000000000000  -0.707106781187
                  -0.577350269190   0.577350269190   0.577350269190
0,   41 82105.268514491821 113062.355888681719 92584.938849610233    2    0
         0,   40   0.707106781187   0.000000000000   0.707106781187
                  -0.577350269190   0.577350269190   0.577350269190
         0,   42  -0.707106781187  -0.000000000000  -0.707106781187
                  -0.577350269190   0.577350269190   0.577350269190
0,   42 81338.141625804492 111528.102111307060 93352.065738297562    2    0
         0,   41   0.707106781187   0.000000000000   0.707106781187
                  -0.577350269190   0.577350269190   0.577350269190
         0,   43  -0.707106781187  -0.000000000000  -0.707106781187
                  -0.577350269190   0.577350269190   0.577350269190
0,   43 80571.014737117162 109993.848333932401 94119.192626984892    2    0
         0,   42   0.707106781187   0.000000000000   0.707106781187
                  -0.577350269190   0.577350269190   0.577350269190
         0,   44  -0.707106781187  -0.000000000000  -0.707106781187
                  -0.577350269190   0.577350269190   0.577350269190
0,   44 79803.887848429833 108459.594556557742 94886.319515672221    1    7
         0,   43   0.707106781187   0.000000000000   0.707106781187
                  -0.577350269190   0.577350269190   0.577350269190
0,   45 113283.988797177168 121993.992389122781 22694.305367178640    1    7
         0,   46   0.707106781187   0.000000000000   0.707106781187
                   0.577350269190   0.577350269190  -0.577350269190
0,   46 114104.414448050564 120353.141087375989 21873.879716305244    2    0
         0,   45  -0.707106781187  -0.000000000000  -0.707106781187
                   0.577350269190   0.577350269190  -0.577350269190
         0,   47   0.707106781187   0.000000000000   0.707106781187
                   0.577350269190   0.577350269190  -0.577350269190
0,   47 114924.840098923960 118712.289785629197 21053.454065431848    2    0
         0,   46  -0.707106781187  -0.000000000000  -0.707106781187
                   0.577350269190   0.577350269190  -0.577350269190
         0,   48   0.707106781187   0.000000000000   0.707106781187
                   0.577350269190   0.577350269190  -0.577350269190
0,   48 115745.265749797356 117071.438483882404 20233.028414558452    2    0
         0,   47  -0.707106781187  -0.000000000000  -0.707106781187
                   0.577350269190   0.577350269190  -0.577350269190
         0,   49   0.707106781187   0.000000000000   0.707106781187
                   0.577350269190   0.577350269190  -0.577350269190
0,   49 116565.691400670752 115430.587182135612 19412.602763685056    1    7
         0,   48  -0.707106781187  -0.000000000000  -0.707106781187
                   0.577350269190   0.577350269190  -0.577350269190
0,   50 150542.913697164477 60794.220129840702 49882.052777394521    1    7
         0,   51   0.707106781187   0.000000000000  -0.707106781187
                   0.577350269190   0.577350269190   0.577350269190
0,   51 149774.472993683245 62331.101536803137 49113.612073913304    2    0
         0,   50  -0.707106781187  -0.000000000000   0.707106781187
                   0.577350269190   0.577350269190   0.577350269190
         0,   52   0.707106781187   0.000000000000  -0.707106781187
                   0.577350269190   0.577350269190   0.577350269190
0,   52 149006.032290202042 63867.982943765564 48345.171370432086    2    0
         0,   51  -0.707106781187  -0.000000000000   0.707106781187
                   0.577350269190   0.577350269190   0.577350269190
         0,   53   0.707106781187   0.000000000000  -0.707106781187
                   0.577350269190   0.577350269190   0.577350269190
0,   53 148237.591586720839 65404.864350727992 47576.730666950869    2    0
         0,   52  -0.707106781187  -0.000000000000   0.707106781187
                   0.577350269190   0.577350269190   0.577350269190
         0,   54   0.707106781187   0.000000000000  -0.707106781187
                   0.577350269190   0.577350269190   0.577350269190
0,   54 147469.150883239607 66941.745757690427 46808.289963469651    1    7
         0,   53  -0.707106781187  -0.000000000000   0.707106781187
                   0.577350269190   0.577350269190   0.577350269190
0,   55 155549.611069728911 43979.623296379534 144491.933427765820    1    7
         0,   56   0.707106781187   0.707106781187   0.000000000000
                   0.577350269190  -0.577350269190   0.577350269190
0,   56 154531.693651086942 44997.540715021496 146527.768265049730    2    0
         0,   55  -0.707106781187  -0.707106781187  -0.000000000000
                   0.577350269190  -0.577350269190   0.577350269190
         0,   57   0.707106781187   0.707106781187   0.000000000000
                   0.577350269190  -0.577350269190   0.577350269190
0,   57 153513.776232444972 46015.458133663458 148563.603102333669    2    0
         0,   56  -0.707106781187  -0.707106781187  -0.000000000000
                   0.577350269190  -0.577350269190   0.577350269190
         0,   58   0.707106781187   0.707106781187   0.000000000000
                   0.577350269190  -0.577350269190   0.577350269190
0,   58 152495.858813803003 47033.375552305421 150599.437939617608    2    0
         0,   57  -0.707106781187  -0.707106781187  -0.000000000000
                   0.577350269190  -0.577350269190   0.577350269190
         0,   59   0.707106781187   0.707106781187   0.000000000000
                   0.577350269190  -0.577350269190   0.577350269190
0,   59 151477.941395161033 48051.292970947383 152635.272776901518    1    7
         0,   58  -0.707106781187  -0.707106781187  -0.000000000000
                   0.577350269190  -0.577350269190   0.577350269190
0,   60 90590.070937765413 100441.761031376722 19814.891931290495    1    7
         0,   61   0.707106781187   0.707106781187   0.000000000000
                  -0.577350269190   0.577350269190   0.577350269190
0,   61 89889.255736097548 101142.576233044587 18413.261527954746    2    0
         0,   60  -0.707106781187  -0.707106781187  -0.000000000000
                  -0.577350269190   0.577350269190   0.577350269190
         0,   62   0.707106781187   0.707106781187   0.000000000000
                  -0.577350269190   0.577350269190   0.577350269190
0,   62 89188.440534429668 101843.391434712466 17011.631124619002    2    0
         0,   61  -0.707106781187  -0.707106781187  -0.000000000000
                  -0.577350269190   0.577350269190   0.577350269190
         0,   63   0.707106781187   0.707106781187   0.000000000000
                  -0.577350269190   0.577350269190   0.577350269190
0,   63 88487.625332761789 102544.206636380346 15610.000721283255    2    0
         0,   62  -0.707106781187  -0.707106781187  -0.000000000000
                  -0.577350269190   0.577350269190   0.577350269190
         0,   64   0.707106781187   0.707106781187   0.000000000000
                  -0.577350269190   0.577350269190   0.577350269190
0,   64 87786.810131093924 103245.021838048211 14208.370317947509    1    7
         0,   63  -0.707106781187  -0.707106781187  -0.000000000000
                  -0.577350269190   0.577350269190   0.577350269190
0,   65 156777.542519342504 97309.372413509758 153002.377779865405    1    7
         0,   66   0.707106781187  -0.707106781187   0.000000000000
                   0.577350269190   0.577350269190  -0.577350269190
0,   66 155997.760186834435 96529.590081001690 151442.813114849268    2    0
         0,   65  -0.707106781187   0.707106781187  -0.000000000000
                   0.577350269190   0.577350269190  -0.577350269190
         0,   67   0.707106781187  -0.707106781187   0.000000000000
                   0.577350269190   0.577350269190  -0.577350269190
0,   67 155217.977854326367 95749.807748493622 149883.248449833132    2    0
         0,   66  -0.707106781187   0.707106781187  -0.000000000000
                   0.577350269190   0.577350269190  -0.577350269190
         0,   68   0.707106781187  -0.707106781187   0.000000000000
                   0.577350269190   0.577350269190  -0.577350269190
0,   68 154438.195521818299 94970.025415985554 148323.683784816996    2    0
         0,   67  -0.707106781187   0.707106781187  -0.000000000000
                   0.577350269190   0.577350269190  -0.577350269190
         0,   69   0.707106781187  -0.707106781187   0.000000000000
                   0.577350269190   0.577350269190  -0.577350269190
0,   69 153658.413189310231 94190.243083477486 146764.119119800860    1    7
         0,   68  -0.707106781187   0.707106781187  -0.000000000000
                   0.577350269190   0.577350269190  -0.577350269190
0,   70 77549.083094199450 128534.118868801204 158572.514468238980    1    7
         0,   71  -0.707106781187   0.707106781187  -0.000000000000
                   0.577350269190   0.577350269190   0.577350269190
0,   71 76315.232435074940 127300.268209676695 397.645505363487    2    0
         0,   70   0.707106781187  -0.707106781187   0.000000000000
                   0.577350269190   0.577350269190   0.577350269190
         0,   72  -0.707106781187   0.707106781187  -0.000000000000
                   0.577350269190   0.577350269190   0.577350269190
0,   72 75081.381775950445 126066.417550552200 2865.346823612488    2    0
         0,   71   0.707106781187  -0.707106781187   0.000000000000
                   0.577350269190   0.577350269190   0.577350269190
         0,   73  -0.707106781187   0.707106781187  -0.000000000000
                   0.577350269190   0.577350269190   0.577350269190
0,   73 73847.531116825950 124832.566891427705 5333.048141861488    2    0
         0,   72   0.707106781187  -0.707106781187   0.000000000000
                   0.577350269190   0.577350269190   0.577350269190
         0,   74  -0.707106781187   0.707106781187  -0.000000000000
                   0.577350269190   0.577350269190   0.577350269190
0,   74 72613.680457701441 123598.716232303195 7800.749460110488    1    7
         0,   73   0.707106781187  -0.707106781187   0.000000000000
                   0.577350269190   0.577350269190   0.577350269190
0,   75 129519.645683344643 40405.807883333488 83747.290690023263    1    7
         0,   76  -0.707106781187  -0.000000000000  -0.707106781187
                  -0.577350269190   0.577350269190   0.577350269190
0,   76 128761.195397910211 38888.907312464631 84505.740975457695    2    0
         0,   75   0.707106781187   0.000000000000   0.707106781187
                  -0.577350269190   0.577350269190   0.577350269190
         0,   77  -0.707106781187  -0.000000000000  -0.707106781187
                  -0.577350269190   0.577350269190   0.577350269190
0,   77 128002.745112475779 37372.006741595775 85264.191260892127    2    0
         0,   76   0.707106781187   0.000000000000   0.707106781187
                  -0.577350269190   0.577350269190   0.577350269190
         0,   78  -0.707106781187  -0.000000000000  -0.707106781187
                  -0.577350269190   0.577350269190   0.577350269190
0,   78 127244.294827041347 35855.106170726918 86022.641546326558    2    0
         0,   77   0.707106781187   0.000000000000   0.707106781187
                  -0.577350269190   0.577350269190   0.577350269190
         0,   79  -0.707106781187  -0.000000000000  -0.707106781187
                  -0.577350269190   0.577350269190   0.577350269190
0,   79 126485.844541606915 34338.205599858062 86781.091831760990    1    7
         0,   78   0.707106781187   0.000000000000   0.707106781187
                  -0.577350269190   0.577350269190   0.577350269190
0,   80 135002.939338799042 99081.122174252087 64080.119048624380    1    7
         0,   81   0.000000000000   0.707106781187   0.707106781187
                   0.577350269190   0.577350269190  -0.577350269190
0,   81 137199.377603215660 97982.903042043778 65178.338180832703    2    0
         0,   80  -0.000000000000  -0.707106781187  -0.707106781187
                   0.577350269190   0.577350269190  -0.577350269190
         0,   82   0.000000000000   0.707106781187   0.707106781187
                   0.577350269190   0.577350269190  -0.577350269190
0,   82 139395.815867632307 96884.683909835454 66276.557313041019    2    0
         0,   81  -0.000000000000  -0.707106781187  -0.707106781187
                   0.577350269190   0.577350269190  -0.577350269190
         0,   83   0.000000000000   0.707106781187   0.707106781187
                   0.577350269190   0.577350269190  -0.577350269190
0,   83 141592.254132048954 95786.464777627130 67374.776445249343    2    0
         0,   82  -0.000000000000  -0.707106781187  -0.707106781187
                   0.577350269190   0.577350269190  -0.577350269190
         0,   84   0.000000000000   0.707106781187   0.707106781187
                   0.577350269190   0.577350269190  -0.577350269190
0,   84 143788.692396465573 94688.245645418821 68472.995577457652    1    7
         0,   83  -0.000000000000  -0.707106781187  -0.707106781187
                   0.577350269190   0.577350269190  -0.577350269190
0,   85 102848.497835389178 135597.169259915128 71035.784019537867    1    7
         0,   86   0.707106781187   0.000000000000  -0.707106781187
                   0.577350269190  -0.577350269190   0.577350269190
0,   86 103788.186715282878 137476.547019702528 71975.472899431566    2    0
         0,   85  -0.707106781187  -0.000000000000   0.707106781187
                   0.577350269190  -0.577350269190   0.577350269190
         0,   87   0.707106781187   0.000000000000  -0.707106781187
                   0.577350269190  -0.577350269190   0.577350269190
0,   87 104727.875595176578 139355.924779489927 72915.161779325266    2    0
         0,   86  -0.707106781187  -0.000000000000   0.707106781187
                   0.577350269190  -0.577350269190   0.577350269190
         0,   88   0.707106781187   0.000000000000  -0.707106781187
                   0.577350269190  -0.577350269190   0.577350269190
0,   88 105667.564475070278 141235.302539277327 73854.850659218966    2    0
         0,   87  -0.707106781187  -0.000000000000   0.707106781187
                   0.577350269190  -0.577350269190   0.577350269190
         0,   89   0.707106781187   0.000000000000  -0.707106781187
                   0.577350269190  -0.577350269190   0.577350269190
0,   89 106607.253354963977 143114.680299064727 74794.539539112666    1    7
         0,   88  -0.707106781187  -0.000000000000   0.707106781187
                   0.577350269190  -0.577350269190   0.577350269190
0,   90 36311.465246769905 123254.821512662398 129469.119933730428    1    7
         0,   91  -0.707106781187  -0.000000000000   0.707106781187
                   0.577350269190   0.577350269190   0.577350269190
0,   91 37164.757763752918 121548.236478696374 130322.412450713440    2    0
         0,   90   0.707106781187   0.000000000000  -0.707106781187
                   0.577350269190   0.577350269190   0.577350269190
         0,   92  -0.707106781187  -0.000000000000   0.707106781187
                   0.577350269190   0.577350269190   0.577350269190
0,   92 38018.050280735930 119841.651444730349 131175.704967696453    2    0
         0,   91   0.707106781187   0.000000000000  -0.707106781187
                   0.577350269190   0.577350269190   0.577350269190
         0,   93  -0.707106781187  -0.000000000000   0.707106781187
                   0.577350269190   0.577350269190   0.577350269190
0,   93 38871.342797718942 118135.066410764324 132028.997484679450    2    0
         0,   92   0.707106781187   0.000000000000  -0.707106781187
                   0.577350269190   0.577350269190   0.577350269190
         0,   94  -0.707106781187  -0.000000000000   0.707106781187
                   0.577350269190   0.577350269190   0.577350269190
0,   94 39724.635314701954 116428.481376798300 132882.290001662477    1    7
         0,   93   0.707106781187   0.000000000000  -0.707106781187
                   0.577350269190   0.577350269190   0.577350269190
0,   95 97002.965027530678 21970.032233376955 129452.948333572349    1    7
         0,   96   0.707106781187   0.707106781187   0.000000000000
                   0.577350269190  -0.577350269190   0.577350269190
0,   96 96247.158317496403 22725.838943411229 130964.561753640912    2    0
         0,   95  -0.707106781187  -0.707106781187  -0.000000000000
                   0.577350269190  -0.577350269190   0.577350269190
         0,   97   0.707106781187   0.707106781187   0.000000000000
                   0.577350269190  -0.577350269190   0.577350269190
0,   97 95491.351607462129 23481.645653445506 132476.175173709460    2    0
         0,   96  -0.707106781187  -0.707106781187  -0.000000000000
                   0.577350269190  -0.577350269190   0.577350269190
         0,   98   0.707106781187   0.707106781187   0.000000000000
                   0.577350269190  -0.577350269190   0.577350269190
0,   98 94735.544897427855 24237.452363479784 133987.788593778008    2    0
         0,   97  -0.707106781187  -0.707106781187  -0.000000000000
                   0.577350269190  -0.577350269190   0.577350269190
         0,   99   0.707106781187   0.707106781187   0.000000000000
                   0.577350269190  -0.577350269190   0.577350269190
0,   99 93979.738187393581 24993.259073514058 135499.402013846557    1    7
         0,   98  -0.707106781187  -0.707106781187  -0.000000000000
                   0.577350269190  -0.577350269190   0.577350269190
0,  100 19527.846437012337 146155.008520012809 28383.496736650377    1    7
         0,  101  -0.000000000000  -0.707106781187  -0.707106781187
                   0.577350269190  -0.577350269190   0.577350269190
0,  101 21319.901770405177 147051.036186709243 27487.469069953957    2    0
         0,  100   0.000000000000   0.707106781187   0.707106781187
                   0.577350269190  -0.577350269190   0.577350269190
         0,  102  -0.000000000000  -0.707106781187  -0.707106781187
                   0.577350269190  -0.577350269190   0.577350269190
0,  102 23111.957103798017 147947.063853405649 26591.441403257537    2    0
         0,  101   0.000000000000   0.707106781187   0.707106781187
                   0.577350269190  -0.577350269190   0.577350269190
         0,  103  -0.000000000000  -0.707106781187  -0.707106781187
                   0.577350269190  -0.577350269190   0.577350269190
0,  103 24904.012437190857 148843.091520102054 25695.413736561117    2    0
         0,  102   0.000000000000   0.707106781187   0.707106781187
                   0.577350269190  -0.577350269190   0.577350269190
         0,  104  -0.000000000000  -0.707106781187  -0.707106781187
                   0.577350269190  -0.577350269190   0.577350269190
0,  104 26696.067770583697 149739.119186798489 24799.386069864697    1    7
         0,  103   0.000000000000   0.707106781187   0.707106781187
                   0.577350269190  -0.577350269190   0.577350269190
0,  105 16795.596665047491 6911.319708804609 10655.884914007138    1    7
         0,  106   0.707106781187   0.000000000000   0.707106781187
                   0.577350269190   0.577350269190  -0.577350269190
0,  106 17674.108667090411 5154.295704718773 9777.372911964221    2    0
         0,  105  -0.707106781187  -0.000000000000  -0.707106781187
                   0.577350269190   0.577350269190  -0.577350269190
         0,  107   0.707106781187   0.000000000000   0.707106781187
                   0.577350269190   0.577350269190  -0.577350269190
0,  107 18552.620669133328 3397.271700632937 8898.860909921303    2    0
         0,  106  -0.707106781187  -0.000000000000  -0.707106781187
                   0.577350269190   0.577350269190  -0.577350269190
         0,  108   0.707106781187   0.000000000000   0.707106781187
                   0.577350269190   0.577350269190  -0.577350269190
0,  108 19431.132671176245 1640.247696547101 8020.348907878385    2    0
         0,  107  -0.707106781187  -0.000000000000  -0.707106781187
                   0.577350269190   0.577350269190  -0.577350269190
         0,  109   0.707106781187   0.000000000000   0.707106781187
                   0.577350269190   0.577350269190  -0.577350269190
0,  109 20309.644673219165 160525.793973585765 7141.836905835466    1    7
         0,  108  -0.707106781187  -0.000000000000  -0.707106781187
                   0.577350269190   0.577350269190  -0.577350269190
0,  110 5362.456868605896 93356.385028260149 107745.254215173423    1    7
         0,  111  -0.000000000000  -0.707106781187   0.707106781187
                  -0.577350269190   0.577350269190   0.577350269190
0,  111 6968.933866204586 94159.623527059492 108548.492713972766    2    0
         0,  110   0.000000000000   0.707106781187  -0.707106781187
                  -0.577350269190   0.577350269190   0.577350269190
         0,  112  -0.000000000000  -0.707106781187   0.707106781187
                  -0.577350269190   0.577350269190   0.577350269190
0,  112 8575.410863803276 94962.862025858834 109351.731212772109    2    0
         0,  111   0.000000000000   0.707106781187  -0.707106781187
                  -0.577350269190   0.577350269190   0.577350269190
         0,  113  -0.000000000000  -0.707106781187   0.707106781187
                  -0.577350269190   0.577350269190   0.577350269190
0,  113 10181.887861401965 95766.100524658177 110154.969711571452    2    0
         0,  112   0.000000000000   0.707106781187  -0.707106781187
                  -0.577350269190   0.577350269190   0.577350269190
         0,  114  -0.000000000000  -0.707106781187   0.707106781187
                  -0.577350269190   0.577350269190   0.577350269190
0,  114 11788.364859000656 96569.339023457520 110958.208210370794    1    7
         0,  113   0.000000000000   0.707106781187  -0.707106781187
                  -0.577350269190   0.577350269190   0.577350269190
0,  115 84860.338074833198 138657.069636595232 134821.998887614900    1    7
         0,  116   0.000000000000   0.707106781187  -0.707106781187
                   0.577350269190   0.577350269190   0.577350269190
0,  116 82954.364782174045 139610.056282924808 135774.985533944477    2    0
         0,  115  -0.000000000000  -0.707106781187   0.707106781187
                   0.577350269190   0.577350269190   0.577350269190
         0,  117   0.000000000000   0.707106781187  -0.707106781187
                   0.577350269190   0.577350269190   0.577350269190
0,  117 81048.391489514877 140563.042929254385 136727.972180274053    2    0
         0,  116  -0.000000000000  -0.707106781187   0.707106781187
                   0.577350269190   0.577350269190   0.577350269190
         0,  118   0.000000000000   0.707106781187  -0.707106781187
                   0.577350269190   0.577350269190   0.577350269190
0,  118 79142.418196855710 141516.029575583962 137680.958826603630    2    0
         0,  117  -0.000000000000  -0.707106781187   0.707106781187
                   0.577350269190   0.577350269190   0.577350269190
         0,  119   0.000000000000   0.707106781187  -0.707106781187
                   0.577350269190   0.577350269190   0.577350269190
0,  119 77236.444904196556 142469.016221913538 138633.945472933206    1    7
         0,  118  -0.000000000000  -0.707106781187   0.707106781187
                   0.577350269190   0.577350269190   0.577350269190
0,  120 30583.460668720065 35177.125296687445 38635.171528667226    1    7
         0,  121  -0.707106781187  -0.000000000000  -0.707106781187
                   0.577350269190   0.577350269190  -0.577350269190
0,  121 29869.915844121002 36604.214945885571 39348.716353266289    2    0
         0,  120   0.707106781187   0.000000000000   0.707106781187
                   0.577350269190   0.577350269190  -0.577350269190
         0,  122  -0.707106781187  -0.000000000000  -0.707106781187
                   0.577350269190   0.577350269190  -0.577350269190
0,  122 29156.371019521939 38031.304595083697 40062.261177865352    2    0
         0,  121   0.707106781187   0.000000000000   0.707106781187
                   0.577350269190   0.577350269190  -0.577350269190
         0,  123  -0.707106781187  -0.000000000000  -0.707106781187
                   0.577350269190   0.577350269190  -0.577350269190
0,  123 28442.826194922876 39458.394244281822 40775.806002464415    2    0
         0,  122   0.707106781187   0.000000000000   0.707106781187
                   0.577350269190   0.577350269190  -0.577350269190
         0,  124  -0.707106781187  -0.000000000000  -0.707106781187
                   0.577350269190   0.577350269190  -0.577350269190
0,  124 27729.281370323813 40885.483893479948 41489.350827063477    1    7
         0,  123   0.707106781187   0.000000000000   0.707106781187
                   0.577350269190   0.577350269190  -0.577350269190
0,  125 10061.176119486667 57869.467798130296 79839.284479552807    1    7
         0,  126   0.707106781187   0.707106781187   0.000000000000
                   0.577350269190  -0.577350269190   0.577350269190
0,  126 8986.742270795059 58943.901646821898 81988.152176936012    2    0
         0,  125  -0.707106781187  -0.707106781187  -0.000000000000
                   0.577350269190  -0.577350269190   0.577350269190
         0,  127   0.707106781187   0.707106781187   0.000000000000
                   0.577350269190  -0.577350269190   0.577350269190
0,  127 7912.308422103451 60018.335495513507 84137.019874319230    2    0
         0,  126  -0.707106781187  -0.707106781187  -0.000000000000
                   0.577350269190  -0.577350269190   0.577350269190
         0,  128   0.707106781187   0.707106781187   0.000000000000
                   0.577350269190  -0.577350269190   0.577350269190
0,  128 6837.874573411844 61092.769344205117 86285.887571702449    2    0
         0,  127  -0.707106781187  -0.707106781187  -0.000000000000
                   0.577350269190  -0.577350269190   0.577350269190
         0,  129   0.707106781187   0.707106781187   0.000000000000
                   0.577350269190  -0.577350269190   0.577350269190
0,  129 5763.440724720237 62167.203192896719 88434.755269085654    1    7
         0,  128  -0.707106781187  -0.707106781187  -0.000000000000
                   0.577350269190  -0.577350269190   0.577350269190
0,  130 132382.242805491172 6840.606287666998 145555.611946876743    1    7
         0,  131  -0.707106781187   0.707106781187  -0.000000000000
                   0.577350269190   0.577350269190  -0.577350269190
0,  131 133135.583554437151 7593.947036612956 147062.293444768642    2    0
         0,  130   0.707106781187  -0.707106781187   0.000000000000
                   0.577350269190   0.577350269190  -0.577350269190
         0,  132  -0.707106781187   0.707106781187  -0.000000000000
                   0.577350269190   0.577350269190  -0.577350269190
0,  132 133888.924303383101 8347.287785558916 148568.974942660570    2    0
         0,  131   0.707106781187  -0.707106781187   0.000000000000
                   0.577350269190   0.577350269190  -0.577350269190
         0,  133  -0.707106781187   0.707106781187  -0.000000000000
                   0.577350269190   0.577350269190  -0.577350269190
0,  133 134642.265052329050 9100.628534504875 150075.656440552499    2    0
         0,  132   0.707106781187  -0.707106781187   0.000000000000
                   0.577350269190   0.577350269190  -0.577350269190
         0,  134  -0.707106781187   0.707106781187  -0.000000000000
                   0.577350269190   0.577350269190  -0.577350269190
0,  134 135395.605801275029 9853.969283450835 151582.337938444398    1    7
         0,  133   0.707106781187  -0.707106781187   0.000000000000
                   0.577350269190   0.577350269190  -0.577350269190
0,  135 146507.703167475993 155857.569846854894 131845.862948343041    1    7
         0,  136   0.707106781187   0.707106781187   0.000000000000
                  -0.577350269190   0.577350269190   0.577350269190
0,  136 145756.112140173122 156609.160874157766 130342.680893737270    2    0
         0,  135  -0.707106781187  -0.707106781187  -0.000000000000
                  -0.577350269190   0.577350269190   0.577350269190
         0,  137   0.707106781187   0.707106781187   0.000000000000
                  -0.577350269190   0.577350269190   0.577350269190
0,  137 145004.521112870221 157360.751901460666 128839.498839131498    2    0
         0,  136  -0.707106781187  -0.707106781187  -0.000000000000
                  -0.577350269190   0.577350269190   0.577350269190
         0,  138   0.707106781187   0.707106781187   0.000000000000
                  -0.577350269190   0.577350269190   0.577350269190
0,  138 144252.930085567321 158112.342928763566 127336.316784525727    2    0
         0,  137  -0.707106781187  -0.707106781187  -0.000000000000
                  -0.577350269190   0.577350269190   0.577350269190
         0,  139   0.707106781187   0.707106781187   0.000000000000
                  -0.577350269190   0.577350269190   0.577350269190
0,  139 143501.339058264450 158863.933956066438 125833.134729919955    1    7
         0,  138  -0.707106781187  -0.707106781187  -0.000000000000
                  -0.577350269190   0.577350269190   0.577350269190
0,  140 100776.494794367114 120272.636590667345 24048.482620684248    1    7
         0,  141   0.707106781187   0.000000000000   0.707106781187
                  -0.577350269190   0.577350269190   0.577350269190
0,  141 101993.329806464491 122706.306614862115 22831.647608586871    2    0
         0,  140  -0.707106781187  -0.000000000000  -0.707106781187
                  -0.577350269190   0.577350269190   0.577350269190
         0,  142   0.707106781187   0.000000000000   0.707106781187
                  -0.577350269190   0.577350269190   0.577350269190
0,  142 103210.164818561869 125139.976639056869 21614.812596489490    2    0
         0,  141  -0.707106781187  -0.000000000000  -0.707106781187
                  -0.577350269190   0.577350269190   0.577350269190
         0,  143   0.707106781187   0.000000000000   0.707106781187
                  -0.577350269190   0.577350269190   0.577350269190
0,  143 104426.999830659246 127573.646663251624 20397.977584392109    2    0
         0,  142  -0.707106781187  -0.000000000000  -0.707106781187
                  -0.577350269190   0.577350269190   0.577350269190
         0,  144   0.707106781187   0.000000000000   0.707106781187
                  -0.577350269190   0.577350269190   0.577350269190
0,  144 105643.834842756623 130007.316687446393 19181.142572294732    1    7
         0,  143  -0.707106781187  -0.000000000000  -0.707106781187
                  -0.577350269190   0.577350269190   0.577350269190
0,  145 133561.042530273466 76446.055064950764 63962.541893358401    1    7
         0,  146  -0.000000000000  -0.707106781187   0.707106781187
                   0.577350269190   0.577350269190   0.577350269190
0,  146 135661.817981808039 75395.667339183477 62912.154167591128    2    0
         0,  145   0.000000000000   0.707106781187  -0.707106781187
                   0.577350269190   0.577350269190   0.577350269190
         0,  147  -0.000000000000  -0.707106781187   0.707106781187
                   0.577350269190   0.577350269190   0.577350269190
0,  147 137762.593433342583 74345.279613416205 61861.766441823849    2    0
         0,  146   0.000000000000   0.707106781187  -0.707106781187
                   0.577350269190   0.577350269190   0.577350269190
         0,  148  -0.000000000000  -0.707106781187   0.707106781187
                   0.577350269190   0.577350269190   0.577350269190
0,  148 139863.368884877127 73294.891887648933 60811.378716056570    2    0
         0,  147   0.000000000000   0.707106781187  -0.707106781187
                   0.577350269190   0.577350269190   0.577350269190
         0,  149  -0.000000000000  -0.707106781187   0.707106781187
                   0.577350269190   0.577350269190   0.577350269190
0,  149 141964.144336411700 72244.504161881647 59760.990990289298    1    7
         0,  148   0.000000000000   0.707106781187  -0.707106781187
                   0.577350269190   0.577350269190   0.577350269190
0,  150 40563.033385295130 17968.119132399850 74525.114754435635    1    7
         0,  151   0.707106781187   0.000000000000  -0.707106781187
                   0.577350269190  -0.577350269190   0.577350269190
0,  151 41684.192797133190 20210.437956075977 75646.274166273710    2    0
         0,  150  -0.707106781187  -0.000000000000   0.707106781187
                   0.577350269190  -0.577350269190   0.577350269190
         0,  152   0.707106781187   0.000000000000  -0.707106781187
                   0.577350269190  -0.577350269190   0.577350269190
0,  152 42805.352208971257 22452.756779752108 76767.433578111770    2    0
         0,  151  -0.707106781187  -0.000000000000   0.707106781187
                   0.577350269190  -0.577350269190   0.577350269190
         0,  153   0.707106781187   0.000000000000  -0.707106781187
                   0.577350269190  -0.577350269190   0.577350269190
0,  153 43926.511620809324 24695.075603428239 77888.592989949830    2    0
         0,  152  -0.707106781187  -0.000000000000   0.707106781187
                   0.577350269190  -0.577350269190   0.577350269190
         0,  154   0.707106781187   0.000000000000  -0.707106781187
                   0.577350269190  -0.577350269190   0.577350269190
0,  154 45047.671032647384 26937.394427104366 79009.752401787904    1    7
         0,  153  -0.707106781187  -0.000000000000   0.707106781187
                   0.577350269190  -0.577350269190   0.577350269190
0,  155 55162.475946777326 60796.007791079035 50671.946303506164    1    7
         0,  156   0.000000000000   0.707106781187   0.707106781187
                   0.577350269190   0.577350269190  -0.577350269190
0,  156 57100.258866170028 59827.116331382684 51640.837763202515    2    0
         0,  155  -0.000000000000  -0.707106781187  -0.707106781187
                   0.577350269190   0.577350269190  -0.577350269190
         0,  157   0.000000000000   0.707106781187   0.707106781187
                   0.577350269190   0.577350269190  -0.577350269190
0,  157 59038.041785562731 58858.224871686332 52609.729222898866    2    0
         0,  156  -0.000000000000  -0.707106781187  -0.707106781187
                   0.577350269190   0.577350269190  -0.577350269190
         0,  158   0.000000000000   0.707106781187   0.707106781187
                   0.577350269190   0.577350269190  -0.577350269190
0,  158 60975.824704955434 57889.333411989981 53578.620682595218    2    0
         0,  157  -0.000000000000  -0.707106781187  -0.707106781187
                   0.577350269190   0.577350269190  -0.577350269190
         0,  159   0.000000000000   0.707106781187   0.707106781187
                   0.577350269190   0.577350269190  -0.577350269190
0,  159 62913.607624348137 56920.441952293630 54547.512142291569    1    7
         0,  158  -0.000000000000  -0.707106781187  -0.707106781187
                   0.577350269190   0.577350269190  -0.577350269190
0,  160 112046.172472441307 49577.598836351332 148653.778368728817    1    7
         0,  161  -0.707106781187   0.707106781187  -0.000000000000
                   0.577350269190   0.577350269190   0.577350269190
0,  161 111102.873019830717 48634.299383740748 150540.377273949998    2    0
         0,  160   0.707106781187  -0.707106781187   0.000000000000
                   0.577350269190   0.577350269190   0.577350269190
         0,  162  -0.707106781187   0.707106781187  -0.000000000000
                   0.577350269190   0.577350269190   0.577350269190
0,  162 110159.573567220141 47690.999931130165 152426.976179171150    2    0
         0,  161   0.707106781187  -0.707106781187   0.000000000000
                   0.577350269190   0.577350269190   0.577350269190
         0,  163  -0.707106781187   0.707106781187  -0.000000000000
                   0.577350269190   0.577350269190   0.577350269190
0,  163 109216.274114609565 46747.700478519582 154313.575084392302    2    0
         0,  162   0.707106781187  -0.707106781187   0.000000000000
                   0.577350269190   0.577350269190   0.577350269190
         0,  164  -0.707106781187   0.707106781187  -0.000000000000
                   0.577350269190   0.577350269190   0.577350269190
0,  164 108272.974661998975 45804.401025908999 156200.173989613482    1    7
         0,  163   0.707106781187  -0.707106781187   0.000000000000
                   0.577350269190   0.577350269190   0.577350269190
0,  165 57990.504832059269 88634.479295974816 138935.796395351732    1    7
         0,  166   0.000000000000   0.707106781187  -0.707106781187
                  -0.577350269190   0.577350269190   0.577350269190
0,  166 55369.646392309856 87324.050076100102 137625.367175477033    2    0
         0,  165  -0.000000000000  -0.707106781187   0.707106781187
                  -0.577350269190   0.577350269190   0.577350269190
         0,  167   0.000000000000   0.707106781187  -0.707106781187
                  -0.577350269190   0.577350269190   0.577350269190
0,  167 52748.787952560451 86013.620856225403 136314.937955602334    2    0
         0,  166  -0.000000000000  -0.707106781187   0.707106781187
                  -0.577350269190   0.577350269190   0.577350269190
         0,  168   0.000000000000   0.707106781187  -0.707106781187
                  -0.577350269190   0.577350269190   0.577350269190
0,  168 50127.929512811046 84703.191636350704 135004.508735727635    2    0
         0,  167  -0.000000000000  -0.707106781187   0.707106781187
                  -0.577350269190   0.577350269190   0.577350269190
         0,  169   0.000000000000   0.707106781187  -0.707106781187
                  -0.577350269190   0.577350269190   0.577350269190
0,  169 47507.071073061634 83392.762416475991 133694.079515852936    1    7
         0,  168  -0.000000000000  -0.707106781187   0.707106781187
                  -0.577350269190   0.577350269190   0.577350269190
0,  170 124699.308845157168 83317.744718514572 103933.645696483174    1    7
         0,  171  -0.000000000000  -0.707106781187  -0.707106781187
                   0.577350269190  -0.577350269190   0.577350269190
0,  171 126959.439799853877 84447.810195862927 102803.580219134819    2    0
         0,  170   0.000000000000   0.707106781187   0.707106781187
                   0.577350269190  -0.577350269190   0.577350269190
         0,  172  -0.000000000000  -0.707106781187  -0.707106781187
                   0.577350269190  -0.577350269190   0.577350269190
0,  172 129219.570754550587 85577.875673211282 101673.514741786465    2    0
         0,  171   0.000000000000   0.707106781187   0.707106781187
                   0.577350269190  -0.577350269190   0.577350269190
         0,  173  -0.000000000000  -0.707106781187  -0.707106781187
                   0.577350269190  -0.577350269190   0.577350269190
0,  173 131479.701709247311 86707.941150559636 100543.449264438110    2    0
         0,  172   0.000000000000   0.707106781187   0.707106781187
                   0.577350269190  -0.577350269190   0.577350269190
         0,  174  -0.000000000000  -0.707106781187  -0.707106781187
                   0.577350269190  -0.577350269190   0.577350269190
0,  174 133739.832663944020 87838.006627907991 99413.383787089755    1    7
         0,  173   0.000000000000   0.707106781187   0.707106781187
                   0.577350269190  -0.577350269190   0.577350269190
0,  175 30753.071529826870 115137.602333106901 136506.400879252673    1    7
         0,  176  -0.707106781187  -0.000000000000   0.707106781187
                   0.577350269190   0.577350269190   0.577350269190
0,  176 31633.932803123742 113375.879786513149 137387.262152549549    2    0
         0,  175   0.707106781187   0.000000000000  -0.707106781187
                   0.577350269190   0.577350269190   0.577350269190
         0,  177  -0.707106781187  -0.000000000000   0.707106781187
                   0.577350269190   0.577350269190   0.577350269190
0,  177 32514.794076420618 111614.157239919397 138268.123425846425    2    0
         0,  176   0.707106781187   0.000000000000  -0.707106781187
                   0.577350269190   0.577350269190   0.577350269190
         0,  178  -0.707106781187  -0.000000000000   0.707106781187
                   0.577350269190   0.577350269190   0.577350269190
0,  178 33395.655349717490 109852.434693325646 139148.984699143301    2    0
         0,  177   0.707106781187   0.000000000000  -0.707106781187
                   0.577350269190   0.577350269190   0.577350269190
         0,  179  -0.707106781187  -0.000000000000   0.707106781187
                   0.577350269190   0.577350269190   0.577350269190
0,  179 34276.516623014366 108090.712146731894 140029.845972440176    1    7
         0,  178   0.707106781187   0.000000000000  -0.707106781187
                   0.577350269190   0.577350269190   0.577350269190
0,  180 101792.140270620599 16824.725229121497 115032.524008045002    1    7
         0,  181   0.000000000000   0.707106781187   0.707106781187
                   0.577350269190  -0.577350269190   0.577350269190
0,  181 100243.840459962492 16050.575323792444 115806.673913374048    2    0
         0,  180  -0.000000000000  -0.707106781187  -0.707106781187
                   0.577350269190  -0.577350269190   0.577350269190
         0,  182   0.000000000000   0.707106781187   0.707106781187
                   0.577350269190  -0.577350269190   0.577350269190
0,  182 98695.540649304385 15276.425418463390 116580.823818703109    2    0
         0,  181  -0.000000000000  -0.707106781187  -0.707106781187
                   0.577350269190  -0.577350269190   0.577350269190
         0,  183   0.000000000000   0.707106781187   0.707106781187
                   0.577350269190  -0.577350269190   0.577350269190
0,  183 97147.240838646278 14502.275513134337 117354.973724032170    2    0
         0,  182  -0.000000000000  -0.707106781187  -0.707106781187
                   0.577350269190  -0.577350269190   0.577350269190
         0,  184   0.000000000000   0.707106781187   0.707106781187
                   0.577350269190  -0.577350269190   0.577350269190
0,  184 95598.941027988170 13728.125607805283 118129.123629361216    1    7
         0,  183  -0.000000000000  -0.707106781187  -0.707106781187
                   0.577350269190  -0.577350269190   0.577350269190
0,  185 25039.937825730645 155520.174678355979 130139.279927515207    1    7
         0,  186   0.000000000000   0.707106781187  -0.707106781187
                  -0.577350269190   0.577350269190   0.577350269190
0,  186 23556.750442006058 154778.580986493704 129397.686235652916    2    0
         0,  185  -0.000000000000  -0.707106781187   0.707106781187
                  -0.577350269190   0.577350269190   0.577350269190
         0,  187   0.000000000000   0.707106781187  -0.707106781187
                  -0.577350269190   0.577350269190   0.577350269190
0,  187 22073.563058281470 154036.987294631399 128656.092543790626    2    0
         0,  186  -0.000000000000  -0.707106781187   0.707106781187
                  -0.577350269190   0.577350269190   0.577350269190
         0,  188   0.000000000000   0.707106781187  -0.707106781187
                  -0.577350269190   0.577350269190   0.577350269190
0,  188 20590.375674556883 153295.393602769094 127914.498851928336    2    0
         0,  187  -0.000000000000  -0.707106781187   0.707106781187
                  -0.577350269190   0.577350269190   0.577350269190
         0,  189   0.000000000000   0.707106781187  -0.707106781187
                  -0.577350269190   0.577350269190   0.577350269190
0,  189 19107.188290832295 152553.799910906819 127172.905160066046    1    7
         0,  188  -0.000000000000  -0.707106781187   0.707106781187
                  -0.577350269190   0.577350269190   0.577350269190
0,  190 123543.177586201637 132088.431693810329 154151.789071931242    1    7
         0,  191   0.707106781187   0.000000000000   0.707106781187
                   0.577350269190   0.577350269190  -0.577350269190
0,  191 124632.962658927878 129908.861548357847 153062.003999204986    2    0
         0,  190  -0.707106781187  -0.000000000000  -0.707106781187
                   0.577350269190   0.577350269190  -0.577350269190
         0,  192   0.707106781187   0.000000000000   0.707106781187
                   0.577350269190   0.577350269190  -0.577350269190
0,  192 125722.747731654119 127729.291402905365 151972.218926478759    2    0
         0,  191  -0.707106781187  -0.000000000000  -0.707106781187
                   0.577350269190   0.577350269190  -0.577350269190
         0,  193   0.707106781187   0.000000000000   0.707106781187
                   0.577350269190   0.577350269190  -0.577350269190
0,  193 126812.532804380360 125549.721257452882 150882.433853752533    2    0
         0,  192  -0.707106781187  -0.000000000000  -0.707106781187
                   0.577350269190   0.577350269190  -0.577350269190
         0,  194   0.707106781187   0.000000000000   0.707106781187
                   0.577350269190   0.577350269190  -0.577350269190
0,  194 127902.317877106601 123370.151112000400 149792.648781026277    1    7
         0,  193  -0.707106781187  -0.000000000000  -0.707106781187
                   0.577350269190   0.577350269190  -0.577350269190
0,  195 13554.780501376428 97268.274872415801 30945.009153326060    1    7
         0,  196   0.707106781187  -0.707106781187   0.000000000000
                   0.577350269190   0.577350269190   0.577350269190
0,  196 14411.863950640120 98125.358321679494 29230.842254798677    2    0
         0,  195  -0.707106781187   0.707106781187  -0.000000000000
                   0.577350269190   0.577350269190   0.577350269190
         0,  197   0.707106781187  -0.707106781187   0.000000000000
                   0.577350269190   0.577350269190   0.577350269190
0,  197 15268.947399903811 98982.441770943187 27516.675356271295    2    0
         0,  196  -0.707106781187   0.707106781187  -0.000000000000
                   0.577350269190   0.577350269190   0.577350269190
         0,  198   0.707106781187  -0.707106781187   0.000000000000
                   0.577350269190   0.577350269190   0.577350269190
0,  198 16126.030849167502 99839.525220206880 25802.508457743912    2    0
         0,  197  -0.707106781187   0.707106781187  -0.000000000000
                   0.577350269190   0.577350269190   0.577350269190
         0,  199   0.707106781187  -0.707106781187   0.000000000000
                   0.577350269190   0.577350269190   0.577350269190
0,  199 16983.114298431195 100696.608669470574 24088.341559216529    1    7
         0,  198  -0.707106781187   0.707106781187  -0.000000000000
                   0.577350269190   0.577350269190   0.577350269190
0,  200 94096.985261252834 72716.776508237454 79676.359369995902    1    7
         0,  201   0.707106781187   0.707106781187   0.000000000000
                   0.577350269190  -0.577350269190   0.577350269190
0,  201 93026.847171497880 73786.914597992407 81816.635549505809    2    0
         0,  200  -0.707106781187  -0.707106781187  -0.000000000000
                   0.577350269190  -0.577350269190   0.577350269190
         0,  202   0.707106781187   0.707106781187   0.000000000000
                   0.577350269190  -0.577350269190   0.577350269190
0,  202 91956.709081742927 74857.052687747360 83956.911729015716    2    0
         0,  201  -0.707106781187  -0.707106781187  -0.000000000000
                   0.577350269190  -0.577350269190   0.577350269190
         0,  203   0.707106781187   0.707106781187   0.000000000000
                   0.577350269190  -0.577350269190   0.577350269190
0,  203 90886.570991987974 75927.190777502314 86097.187908525622    2    0
         0,  202  -0.707106781187  -0.707106781187  -0.000000000000
                   0.577350269190  -0.577350269190   0.577350269190
         0,  204   0.707106781187   0.707106781187   0.000000000000
                   0.577350269190  -0.577350269190   0.577350269190
0,  204 89816.432902233020 76997.328867257267 88237.464088035529    1    7
         0,  203  -0.707106781187  -0.707106781187  -0.000000000000
                   0.577350269190  -0.577350269190   0.577350269190
0,  205 81473.155195563319 93907.833896491531 154420.977786989068    1    7
         0,  206   0.707106781187   0.707106781187   0.000000000000
                  -0.577350269190   0.577350269190   0.577350269190
0,  206 80266.956358860305 95114.032733194545 152008.580113583041    2    0
         0,  205  -0.707106781187  -0.707106781187  -0.000000000000
                  -0.577350269190   0.577350269190   0.577350269190
         0,  207   0.707106781187   0.707106781187   0.000000000000
                  -0.577350269190   0.577350269190   0.577350269190
0,  207 79060.757522157292 96320.231569897558 149596.182440177014    2    0
         0,  206  -0.707106781187  -0.707106781187  -0.000000000000
                  -0.577350269190   0.577350269190   0.577350269190
         0,  208   0.707106781187   0.707106781187   0.000000000000
                  -0.577350269190   0.577350269190   0.577350269190
0,  208 77854.558685454278 97526.430406600572 147183.784766770987    2    0
         0,  207  -0.707106781187  -0.707106781187  -0.000000000000
                  -0.577350269190   0.577350269190   0.577350269190
         0,  209   0.707106781187   0.707106781187   0.000000000000
                  -0.577350269190   0.577350269190   0.577350269190
0,  209 76648.359848751265 98732.629243303585 144771.387093364960    1    7
         0,  208  -0.707106781187  -0.707106781187  -0.000000000000
                  -0.577350269190   0.577350269190   0.577350269190
0,  210 20343.201048268638 11027.034644183914 107212.232235484276    1    7
         0,  211   0.707106781187   0.000000000000  -0.707106781187
                   0.577350269190   0.577350269190   0.577350269190
0,  211 19577.509431773717 12558.417877173757 106446.540618989355    2    0
         0,  210  -0.707106781187  -0.000000000000   0.707106781187
                   0.577350269190   0.577350269190   0.577350269190
         0,  212   0.707106781187   0.000000000000  -0.707106781187
                   0.577350269190   0.577350269190   0.577350269190
0,  212 18811.817815278795 14089.801110163600 105680.849002494433    2    0
         0,  211  -0.707106781187  -0.000000000000   0.707106781187
                   0.577350269190   0.577350269190   0.577350269190
         0,  213   0.707106781187   0.000000000000  -0.707106781187
                   0.577350269190   0.577350269190   0.577350269190
0,  213 18046.126198783873 15621.184343153443 104915.157385999511    2    0
         0,  212  -0.707106781187  -0.000000000000   0.707106781187
                   0.577350269190   0.577350269190   0.577350269190
         0,  214   0.707106781187   0.000000000000  -0.707106781187
                   0.577350269190   0.577350269190   0.577350269190
0,  214 17280.434582288952 17152.567576143287 104149.465769504590    1    7
         0,  213  -0.707106781187  -0.000000000000   0.707106781187
                   0.577350269190   0.577350269190   0.577350269190
0,  215 105888.205701645129 49716.159469322854 146256.045008415647    1    7
         0,  216   0.707106781187   0.000000000000   0.707106781187
                  -0.577350269190   0.577350269190   0.577350269190
0,  216 106858.272594484632 51656.293255001845 145285.978115576174    2    0
         0,  215  -0.707106781187  -0.000000000000  -0.707106781187
                  -0.577350269190   0.577350269190   0.577350269190
         0,  217   0.707106781187   0.000000000000   0.707106781187
                  -0.577350269190   0.577350269190   0.577350269190
0,  217 107828.339487324120 53596.427040680828 144315.911222736671    2    0
         0,  216  -0.707106781187  -0.000000000000  -0.707106781187
                  -0.577350269190   0.577350269190   0.577350269190
         0,  218   0.707106781187   0.000000000000   0.707106781187
                  -0.577350269190   0.577350269190   0.577350269190
0,  218 108798.406380163608 55536.560826359811 143345.844329897169    2    0
         0,  217  -0.707106781187  -0.000000000000  -0.707106781187
                  -0.577350269190   0.577350269190   0.577350269190
         0,  219   0.707106781187   0.000000000000   0.707106781187
                  -0.577350269190   0.577350269190   0.577350269190
0,  219 109768.473273003110 57476.694612038802 142375.777437057695    1    7
         0,  218  -0.707106781187  -0.000000000000  -0.707106781187
                  -0.577350269190   0.577350269190   0.577350269190
0,  220 45869.923224025573 60915.236776134538 55333.436549884311    1    7
         0,  221   0.707106781187  -0.707106781187   0.000000000000
                   0.577350269190   0.577350269190  -0.577350269190
0,  221 44664.675741344166 59709.989293453138 52922.941584521504    2    0
         0,  220  -0.707106781187   0.707106781187  -0.000000000000
                   0.577350269190   0.577350269190  -0.577350269190
         0,  222   0.707106781187  -0.707106781187   0.000000000000
                   0.577350269190   0.577350269190  -0.577350269190
0,  222 43459.428258662767 58504.741810771731 50512.446619158698    2    0
         0,  221  -0.707106781187   0.707106781187  -0.000000000000
                   0.577350269190   0.577350269190  -0.577350269190
         0,  223   0.707106781187  -0.707106781187   0.000000000000
                   0.577350269190   0.577350269190  -0.577350269190
0,  223 42254.180775981367 57299.494328090324 48101.951653795892    2    0
         0,  222  -0.707106781187   0.707106781187  -0.000000000000
                   0.577350269190   0.577350269190  -0.577350269190
         0,  224   0.707106781187  -0.707106781187   0.000000000000
                   0.577350269190   0.577350269190  -0.577350269190
0,  224 41048.933293299960 56094.246845408925 45691.456688433085    1    7
         0,  223  -0.707106781187   0.707106781187  -0.000000000000
                   0.577350269190   0.577350269190  -0.577350269190
0,  225 153548.294770462584 68762.843600571970 59994.295099151343    1    7
         0,  226   0.000000000000   0.707106781187  -0.707106781187
                   0.577350269190   0.577350269190   0.577350269190
0,  226 151965.108298945677 69554.436836330424 60785.888334909796    2    0
         0,  225  -0.000000000000  -0.707106781187   0.707106781187
                   0.577350269190   0.577350269190   0.577350269190
         0,  227   0.000000000000   0.707106781187  -0.707106781187
                   0.577350269190   0.577350269190   0.577350269190
0,  227 150381.921827428770 70346.030072088877 61577.481570668249    2    0
         0,  226  -0.000000000000  -0.707106781187   0.707106781187
                   0.577350269190   0.577350269190   0.577350269190
         0,  228   0.000000000000   0.707106781187  -0.707106781187
                   0.577350269190   0.577350269190   0.577350269190
0,  228 148798.735355911864 71137.623307847331 62369.074806426703    2    0
         0,  227  -0.000000000000  -0.707106781187   0.707106781187
                   0.577350269190   0.577350269190   0.577350269190
         0,  229   0.000000000000   0.707106781187  -0.707106781187
                   0.577350269190   0.577350269190   0.577350269190
0,  229 147215.548884394957 71929.216543605784 63160.668042185156    1    7
         0,  228  -0.000000000000  -0.707106781187   0.707106781187
                   0.577350269190   0.577350269190   0.577350269190
0,  230 91199.800482447958 155115.079893837654 127715.210708390485    1    7
         0,  231  -0.707106781187  -0.000000000000   0.707106781187
                   0.577350269190  -0.577350269190   0.577350269190
0,  231 90017.013916155702 152749.506761253142 126532.424142098229    2    0
         0,  230   0.707106781187   0.000000000000  -0.707106781187
                   0.577350269190  -0.577350269190   0.577350269190
         0,  232  -0.707106781187  -0.000000000000   0.707106781187
                   0.577350269190  -0.577350269190   0.577350269190
0,  232 88834.227349863446 150383.933628668630 125349.637575805973    2    0
         0,  231   0.707106781187   0.000000000000  -0.707106781187
                   0.577350269190  -0.577350269190   0.577350269190
         0,  233  -0.707106781187  -0.000000000000   0.707106781187
                   0.577350269190  -0.577350269190   0.577350269190
0,  233 87651.440783571190 148018.360496084118 124166.851009513717    2    0
         0,  232   0.707106781187   0.000000000000  -0.707106781187
                   0.577350269190  -0.577350269190   0.577350269190
         0,  234  -0.707106781187  -0.000000000000   0.707106781187
                   0.577350269190  -0.577350269190   0.577350269190
0,  234 86468.654217278934 145652.787363499607 122984.064443221461    1    7
         0,  233   0.707106781187   0.000000000000  -0.707106781187
                   0.577350269190  -0.577350269190   0.577350269190
0,  235 1898.922655926726 113279.616337226122 154825.587840683060    1    7
         0,  236  -0.000000000000  -0.707106781187  -0.707106781187
                   0.577350269190   0.577350269190  -0.577350269190
0,  236 160518.260117065540 114291.232747218965 153813.971430690202    2    0
         0,  235   0.000000000000   0.707106781187   0.707106781187
                   0.577350269190   0.577350269190  -0.577350269190
         0,  237  -0.000000000000  -0.707106781187  -0.707106781187
                   0.577350269190   0.577350269190  -0.577350269190
0,  237 158495.027297079854 115302.849157211807 152802.355020697374    2    0
         0,  236   0.000000000000   0.707106781187   0.707106781187
                   0.577350269190   0.577350269190  -0.577350269190
         0,  238  -0.000000000000  -0.707106781187  -0.707106781187
                   0.577350269190   0.577350269190  -0.577350269190
0,  238 156471.794477094169 116314.465567204650 151790.738610704546    2    0
         0,  237   0.000000000000   0.707106781187   0.707106781187
                   0.577350269190   0.577350269190  -0.577350269190
         0,  239  -0.000000000000  -0.707106781187  -0.707106781187
                   0.577350269190   0.577350269190  -0.577350269190
0,  239 154448.561657108483 117326.081977197493 150779.122200711688    1    7
         0,  238   0.000000000000   0.707106781187   0.707106781187
                   0.577350269190   0.577350269190  -0.577350269190
0,  240 138161.583175550884 99281.852503962131 18056.144941058785    1    7
         0,  241  -0.707106781187  -0.000000000000  -0.707106781187
                   0.577350269190   0.577350269190  -0.577350269190
0,  241 137396.749755709781 100811.519343644322 18820.978360899880    2    0
         0,  240   0.707106781187   0.000000000000   0.707106781187
                   0.577350269190   0.577350269190  -0.577350269190
         0,  242  -0.707106781187  -0.000000000000  -0.707106781187
                   0.577350269190   0.577350269190  -0.577350269190
0,  242 136631.916335868678 102341.186183326514 19585.811780740976    2    0
         0,  241   0.707106781187   0.000000000000   0.707106781187
                   0.577350269190   0.577350269190  -0.577350269190
         0,  243  -0.707106781187  -0.000000000000  -0.707106781187
                   0.577350269190   0.577350269190  -0.577350269190
0,  243 135867.082916027575 103870.853023008705 20350.645200582072    2    0
         0,  242   0.707106781187   0.000000000000   0.707106781187
                   0.577350269190   0.577350269190  -0.577350269190
         0,  244  -0.707106781187  -0.000000000000  -0.707106781187
                   0.577350269190   0.577350269190  -0.577350269190
0,  244 135102.249496186472 105400.519862690897 21115.478620423168    1    7
         0,  243   0.707106781187   0.000000000000   0.707106781187
                   0.577350269190   0.577350269190  -0.577350269190
0,  245 4148.487187071491 77327.109324270044 134766.451091925817    1    7
         0,  246  -0.707106781187  -0.000000000000   0.707106781187
                   0.577350269190  -0.577350269190   0.577350269190
0,  246 3062.411134788986 75154.957219705029 133680.375039643317    2    0
         0,  245   0.707106781187   0.000000000000  -0.707106781187
                   0.577350269190  -0.577350269190   0.577350269190
         0,  247  -0.707106781187  -0.000000000000   0.707106781187
                   0.577350269190  -0.577350269190   0.577350269190
0,  247 1976.335082506480 72982.805115140014 132594.298987360817    2    0
         0,  246   0.707106781187   0.000000000000  -0.707106781187
                   0.577350269190  -0.577350269190   0.577350269190
         0,  248  -0.707106781187  -0.000000000000   0.707106781187
                   0.577350269190  -0.577350269190   0.577350269190
0,  248 890.259030223974 70810.653010574999 131508.222935078316    2    0
         0,  247   0.707106781187   0.000000000000  -0.707106781187
                   0.577350269190  -0.577350269190   0.577350269190
         0,  249  -0.707106781187  -0.000000000000   0.707106781187
                   0.577350269190  -0.577350269190   0.577350269190
0,  249 160446.753259065968 68638.500906009984 130422.146882795802    1    7
         0,  248   0.707106781187   0.000000000000  -0.707106781187
                   0.577350269190  -0.577350269190   0.577350269190
0,  250 77205.490778744090 72826.052404411035 46730.818039024285    1    7
         0,  251   0.000000000000   0.707106781187   0.707106781187
                   0.577350269190  -0.577350269190   0.577350269190
0,  251 75433.916618171337 71940.265324124644 47616.605119310661    2    0
         0,  250  -0.000000000000  -0.707106781187  -0.707106781187
                   0.577350269190  -0.577350269190   0.577350269190
         0,  252   0.000000000000   0.707106781187   0.707106781187
                   0.577350269190  -0.577350269190   0.577350269190
0,  252 73662.342457598570 71054.478243838268 48502.392199597045    2    0
         0,  251  -0.000000000000  -0.707106781187  -0.707106781187
                   0.577350269190  -0.577350269190   0.577350269190
         0,  253   0.000000000000   0.707106781187   0.707106781187
                   0.577350269190  -0.577350269190   0.577350269190
0,  253 71890.768297025803 70168.691163551892 49388.179279883429    2    0
         0,  252  -0.000000000000  -0.707106781187  -0.707106781187
                   0.577350269190  -0.577350269190   0.577350269190
         0,  254   0.000000000000   0.707106781187   0.707106781187
                   0.577350269190  -0.577350269190   0.577350269190
0,  254 70119.194136453050 69282.904083265501 50273.966360169805    1    7
         0,  253  -0.000000000000  -0.707106781187  -0.707106781187
                   0.577350269190  -0.577350269190   0.577350269190
0,  255 15141.484494655662 154918.765912259434 143860.673787088250    1    7
         0,  256   0.707106781187   0.000000000000   0.707106781187
                  -0.577350269190   0.577350269190   0.577350269190
0,  256 16453.345540188115 157542.488003324339 142548.812741555797    2    0
         0,  255  -0.707106781187  -0.000000000000  -0.707106781187
                  -0.577350269190   0.577350269190   0.577350269190
         0,  257   0.707106781187   0.000000000000   0.707106781187
                  -0.577350269190   0.577350269190   0.577350269190
0,  257 17765.206585720563 160166.210094389244 141236.951696023345    2    0
         0,  256  -0.707106781187  -0.000000000000  -0.707106781187
                  -0.577350269190   0.577350269190   0.577350269190
         0,  258   0.707106781187   0.000000000000   0.707106781187
                  -0.577350269190   0.577350269190   0.577350269190
0,  258 19077.067631253012 2147.361904329649 139925.090650490893    2    0
         0,  257  -0.707106781187  -0.000000000000  -0.707106781187
                  -0.577350269190   0.577350269190   0.577350269190
         0,  259   0.707106781187   0.000000000000   0.707106781187
                  -0.577350269190   0.577350269190   0.577350269190
0,  259 20388.928676785465 4771.083995394554 138613.229604958440    1    7
         0,  258  -0.707106781187  -0.000000000000  -0.707106781187
                  -0.577350269190   0.577350269190   0.577350269190
0,  260 136197.131589529890 15339.593154618078 156986.923936782026    1    7
         0,  261   0.707106781187   0.707106781187   0.000000000000
                   0.577350269190  -0.577350269190   0.577350269190
0,  261 135319.174602872430 16217.550141275533 158742.837910096918    2    0
         0,  260  -0.707106781187  -0.707106781187  -0.000000000000
                   0.577350269190  -0.577350269190   0.577350269190
         0,  262   0.707106781187   0.707106781187   0.000000000000
                   0.577350269190  -0.577350269190   0.577350269190
0,  262 134441.217616214970 17095.507127932990 160498.751883411838    2    0
         0,  261  -0.707106781187  -0.707106781187  -0.000000000000
                   0.577350269190  -0.577350269190   0.577350269190
         0,  263   0.707106781187   0.707106781187   0.000000000000
                   0.577350269190  -0.577350269190   0.577350269190
0,  263 133563.260629557510 17973.464114590446 1612.095575602259    2    0
         0,  262  -0.707106781187  -0.707106781187  -0.000000000000
                   0.577350269190  -0.577350269190   0.577350269190
         0,  264   0.707106781187   0.707106781187   0.000000000000
                   0.577350269190  -0.577350269190   0.577350269190
0,  264 132685.303642900049 18851.421101247903 3368.009548917151    1    7
         0,  263  -0.707106781187  -0.707106781187  -0.000000000000
                   0.577350269190  -0.577350269190   0.577350269190
0,  265 9972.544102844000 146379.794195757393 6936.598100631943    1    7
         0,  266  -0.000000000000  -0.707106781187   0.707106781187
                   0.577350269190   0.577350269190   0.577350269190
0,  266 12250.587471834269 145240.772511262243 5797.576416136809    2    0
         0,  265   0.000000000000   0.707106781187  -0.707106781187
                   0.577350269190   0.577350269190   0.577350269190
         0,  267  -0.000000000000  -0.707106781187   0.707106781187
                   0.577350269190   0.577350269190   0.577350269190
0,  267 14528.630840824539 144101.750826767122 4658.554731641674    2    0
         0,  266   0.000000000000   0.707106781187  -0.707106781187
                   0.577350269190   0.577350269190   0.577350269190
         0,  268  -0.000000000000  -0.707106781187   0.707106781187
                   0.577350269190   0.577350269190   0.577350269190
0,  268 16806.674209814810 142962.729142272001 3519.533047146540    2    0
         0,  267   0.000000000000   0.707106781187  -0.707106781187
                   0.577350269190   0.577350269190   0.577350269190
         0,  269  -0.000000000000  -0.707106781187   0.707106781187
                   0.577350269190   0.577350269190   0.577350269190
0,  269 19084.717578805077 141823.707457776851 2380.511362651404    1    7
         0,  268   0.000000000000   0.707106781187  -0.707106781187
                   0.577350269190   0.577350269190   0.577350269190
0,  270 24672.397510268271 123085.002627700174 35234.028254211706    1    7
         0,  271   0.707106781187   0.707106781187   0.000000000000
                  -0.577350269190   0.577350269190   0.577350269190
0,  271 23823.899571731326 123933.500566237111 33537.032377137810    2    0
         0,  270  -0.707106781187  -0.707106781187  -0.000000000000
                  -0.577350269190   0.577350269190   0.577350269190
         0,  272   0.707106781187   0.707106781187   0.000000000000
                  -0.577350269190   0.577350269190   0.577350269190
0,  272 22975.401633194379 124781.998504774063 31840.036500063918    2    0
         0,  271  -0.707106781187  -0.707106781187  -0.000000000000
                  -0.577350269190   0.577350269190   0.577350269190
         0,  273   0.707106781187   0.707106781187   0.000000000000
                  -0.577350269190   0.577350269190   0.577350269190
0,  273 22126.903694657431 125630.496443311014 30143.040622990025    2    0
         0,  272  -0.707106781187  -0.707106781187  -0.000000000000
                  -0.577350269190   0.577350269190   0.577350269190
         0,  274   0.707106781187   0.707106781187   0.000000000000
                  -0.577350269190   0.577350269190   0.577350269190
0,  274 21278.405756120486 126478.994381847951 28446.044745916133    1    7
         0,  273  -0.707106781187  -0.707106781187  -0.000000000000
                  -0.577350269190   0.577350269190   0.577350269190
0,  275 3196.221215964544 6098.361603105915 5685.411018326425    1    7
         0,  276  -0.707106781187  -0.000000000000   0.707106781187
                   0.577350269190   0.577350269190   0.577350269190
0,  276 4502.745989082370 3485.312056870263 6991.935791444250    2    0
         0,  275   0.707106781187   0.000000000000  -0.707106781187
                   0.577350269190   0.577350269190   0.577350269190
         0,  277  -0.707106781187  -0.000000000000   0.707106781187
                   0.577350269190   0.577350269190   0.577350269190
0,  277 5809.270762200195 872.262510634612 8298.460564562076    2    0
         0,  276   0.707106781187   0.000000000000  -0.707106781187
                   0.577350269190   0.577350269190   0.577350269190
         0,  278  -0.707106781187  -0.000000000000   0.707106781187
                   0.577350269190   0.577350269190   0.577350269190
0,  278 7115.795535318020 158901.783245523460 9604.985337679902    2    0
         0,  277   0.707106781187   0.000000000000  -0.707106781187
                   0.577350269190   0.577350269190   0.577350269190
         0,  279  -0.707106781187  -0.000000000000   0.707106781187
                   0.577350269190   0.577350269190   0.577350269190
0,  279 8422.320308435847 156288.733699287812 10911.510110797728    1    7
         0,  278   0.707106781187   0.000000000000  -0.707106781187
                   0.577350269190   0.577350269190   0.577350269190
0,  280 124359.469533829906 40518.052551494067 134254.905448580073    1    7
         0,  281   0.000000000000   0.707106781187   0.707106781187
                   0.577350269190   0.577350269190  -0.577350269190
0,  281 126555.783831928231 39419.895402444905 135353.062597629236    2    0
         0,  280  -0.000000000000  -0.707106781187  -0.707106781187
                   0.577350269190   0.577350269190  -0.577350269190
         0,  282   0.000000000000   0.707106781187   0.707106781187
                   0.577350269190   0.577350269190  -0.577350269190
0,  282 128752.098130026556 38321.738253395743 136451.219746678398    2    0
         0,  281  -0.000000000000  -0.707106781187  -0.707106781187
                   0.577350269190   0.577350269190  -0.577350269190
         0,  283   0.000000000000   0.707106781187   0.707106781187
                   0.577350269190   0.577350269190  -0.577350269190
0,  283 130948.412428124881 37223.581104346580 137549.376895727561    2    0
         0,  282  -0.000000000000  -0.707106781187  -0.707106781187
                   0.577350269190   0.577350269190  -0.577350269190
         0,  284   0.000000000000   0.707106781187   0.707106781187
                   0.577350269190   0.577350269190  -0.577350269190
0,  284 133144.726726223220 36125.423955297418 138647.534044776723    1    7
         0,  283  -0.000000000000  -0.707106781187  -0.707106781187
                   0.577350269190   0.577350269190  -0.577350269190
0,  285 147597.538605115638 122587.573774930919 115039.725090684093    1    7
         0,  286   0.707106781187  -0.707106781187   0.000000000000
                   0.577350269190   0.577350269190   0.577350269190
0,  286 148320.490601536148 123310.525771351458 113593.821097843029    2    0
         0,  285  -0.707106781187   0.707106781187  -0.000000000000
                   0.577350269190   0.577350269190   0.577350269190
         0,  287   0.707106781187  -0.707106781187   0.000000000000
                   0.577350269190   0.577350269190   0.577350269190
0,  287 149043.442597956688 124033.477767771983 112147.917105001965    2    0
         0,  286  -0.707106781187   0.707106781187  -0.000000000000
                   0.577350269190   0.577350269190   0.577350269190
         0,  288   0.707106781187  -0.707106781187   0.000000000000
                   0.577350269190   0.577350269190   0.577350269190
0,  288 149766.394594377227 124756.429764192508 110702.013112160901    2    0
         0,  287  -0.707106781187   0.707106781187  -0.000000000000
                   0.577350269190   0.577350269190   0.577350269190
         0,  289   0.707106781187  -0.707106781187   0.000000000000
                   0.577350269190   0.577350269190   0.577350269190
0,  289 150489.346590797737 125479.381760613047 109256.109119319837    1    7
         0,  288  -0.707106781187   0.707106781187  -0.000000000000
                   0.577350269190   0.577350269190   0.577350269190
0,  290 11477.368249923566 34928.477047937231 22581.741077911160    1    7
         0,  291   0.000000000000   0.707106781187  -0.707106781187
                  -0.577350269190   0.577350269190   0.577350269190
0,  291 8963.688104645833 33671.636975298366 21324.901005272292    2    0
         0,  290  -0.000000000000  -0.707106781187   0.707106781187
                  -0.577350269190   0.577350269190   0.577350269190
         0,  292   0.000000000000   0.707106781187  -0.707106781187
                  -0.577350269190   0.577350269190   0.577350269190
0,  292 6450.007959368100 32414.796902659498 20068.060932633427    2    0
         0,  291  -0.000000000000  -0.707106781187   0.707106781187
                  -0.577350269190   0.577350269190   0.577350269190
         0,  293   0.000000000000   0.707106781187  -0.707106781187
                  -0.577350269190   0.577350269190   0.577350269190
0,  293 3936.327814090368 31157.956830020634 18811.220859994562    2    0
         0,  292  -0.000000000000  -0.707106781187   0.707106781187
                  -0.577350269190   0.577350269190   0.577350269190
         0,  294   0.000000000000   0.707106781187  -0.707106781187
                  -0.577350269190   0.577350269190   0.577350269190
0,  294 1422.647668812636 29901.116757381766 17554.380787355694    1    7
         0,  293  -0.000000000000  -0.707106781187   0.707106781187
                  -0.577350269190   0.577350269190   0.577350269190
0,  295 103264.366406037239 138785.531897689682 29049.102818226060    1    7
         0,  296   0.707106781187  -0.707106781187   0.000000000000
                   0.577350269190   0.577350269190  -0.577350269190
0,  296 102235.544213171132 137756.709704823559 26991.458432493826    2    0
         0,  295  -0.707106781187   0.707106781187  -0.000000000000
                   0.577350269190   0.577350269190  -0.577350269190
         0,  297   0.707106781187  -0.707106781187   0.000000000000
                   0.577350269190   0.577350269190  -0.577350269190
0,  297 101206.722020305009 136727.887511957437 24933.814046761589    2    0
         0,  296  -0.707106781187   0.707106781187  -0.000000000000
                   0.577350269190   0.577350269190  -0.577350269190
         0,  298   0.707106781187  -0.707106781187   0.000000000000
                   0.577350269190   0.577350269190  -0.577350269190
0,  298 100177.899827438887 135699.065319091314 22876.169661029351    2    0
         0,  297  -0.707106781187   0.707106781187  -0.000000000000
                   0.577350269190   0.577350269190  -0.577350269190
         0,  299   0.707106781187  -0.707106781187   0.000000000000
                   0.577350269190   0.577350269190  -0.577350269190
0,  299 99149.077634572779 134670.243126225192 20818.525275297117    1    7
         0,  298  -0.707106781187   0.707106781187  -0.000000000000
                   0.577350269190   0.577350269190  -0.577350269190
0,  300 35755.327103161078 41123.058818259189 111668.592306372229    1    7
         0,  301   0.000000000000   0.707106781187  -0.707106781187
                   0.577350269190   0.577350269190   0.577350269190
0,  301 33383.004183621029 42309.220278029214 112854.753766142254    2    0
         0,  300  -0.000000000000  -0.707106781187   0.707106781187
                   0.577350269190   0.577350269190   0.577350269190
         0,  302   0.000000000000   0.707106781187  -0.707106781187
                   0.577350269190   0.577350269190   0.577350269190
0,  302 31010.681264080980 43495.381737799238 114040.915225912278    2    0
         0,  301  -0.000000000000  -0.707106781187   0.707106781187
                   0.577350269190   0.577350269190   0.577350269190
         0,  303   0.000000000000   0.707106781187  -0.707106781187
                   0.577350269190   0.577350269190   0.577350269190
0,  303 28638.358344540931 44681.543197569263 115227.076685682303    2    0
         0,  302  -0.000000000000  -0.707106781187   0.707106781187
                   0.577350269190   0.577350269190   0.577350269190
         0,  304   0.000000000000   0.707106781187  -0.707106781187
                   0.577350269190   0.577350269190   0.577350269190
0,  304 26266.035425000882 45867.704657339287 116413.238145452327    1    7
         0,  303  -0.000000000000  -0.707106781187   0.707106781187
                   0.577350269190   0.577350269190   0.577350269190
0,  305 14171.452643294389 101713.647997452019 4095.110477680498    1    7
         0,  306   0.000000000000   0.707106781187   0.707106781187
                   0.577350269190  -0.577350269190   0.577350269190
0,  306 11463.261662313507 100359.552506961569 5449.205968170940    2    0
         0,  305  -0.000000000000  -0.707106781187  -0.707106781187
                   0.577350269190  -0.577350269190   0.577350269190
         0,  307   0.000000000000   0.707106781187   0.707106781187
                   0.577350269190  -0.577350269190   0.577350269190
0,  307 8755.070681332625 99005.457016471133 6803.301458661381    2    0
         0,  306  -0.000000000000  -0.707106781187  -0.707106781187
                   0.577350269190  -0.577350269190   0.577350269190
         0,  308   0.000000000000   0.707106781187   0.707106781187
                   0.577350269190  -0.577350269190   0.577350269190
0,  308 6046.879700351743 97651.361525980697 8157.396949151822    2    0
         0,  307  -0.000000000000  -0.707106781187  -0.707106781187
                   0.577350269190  -0.577350269190   0.577350269190
         0,  309   0.000000000000   0.707106781187   0.707106781187
                   0.577350269190  -0.577350269190   0.577350269190
0,  309 3338.688719370860 96297.266035490247 9511.492439642263    1    7
         0,  308  -0.000000000000  -0.707106781187  -0.707106781187
                   0.577350269190  -0.577350269190   0.577350269190
0,  310 116565.297074164846 30388.519776475281 19887.933204226327    1    7
         0,  311   0.707106781187  -0.707106781187   0.000000000000
                   0.577350269190   0.577350269190  -0.577350269190
0,  311 115276.888304200547 29100.111006510993 17311.115664297748    2    0
         0,  310  -0.707106781187   0.707106781187  -0.000000000000
                   0.577350269190   0.577350269190  -0.577350269190
         0,  312   0.707106781187  -0.707106781187   0.000000000000
                   0.577350269190   0.577350269190  -0.577350269190
0,  312 113988.479534236263 27811.702236546702 14734.298124369167    2    0
         0,  311  -0.707106781187   0.707106781187  -0.000000000000
                   0.577350269190   0.577350269190  -0.577350269190
         0,  313   0.707106781187  -0.707106781187   0.000000000000
                   0.577350269190   0.577350269190  -0.577350269190
0,  313 112700.070764271979 26523.293466582410 12157.480584440587    2    0
         0,  312  -0.707106781187   0.707106781187  -0.000000000000
                   0.577350269190   0.577350269190  -0.577350269190
         0,  314   0.707106781187  -0.707106781187   0.000000000000
                   0.577350269190   0.577350269190  -0.577350269190
0,  314 111411.661994307680 25234.884696618123 9580.663044512006    1    7
         0,  313  -0.707106781187   0.707106781187  -0.000000000000
                   0.577350269190   0.577350269190  -0.577350269190
0,  315 70427.084937731866 124338.141201743536 100615.634176260617    1    7
         0,  316  -0.000000000000  -0.707106781187   0.707106781187
                  -0.577350269190   0.577350269190   0.577350269190
0,  316 72045.722586013711 125147.460025884458 101424.953000401540    2    0
         0,  315   0.000000000000   0.707106781187  -0.707106781187
                  -0.577350269190   0.577350269190   0.577350269190
         0,  317  -0.000000000000  -0.707106781187   0.707106781187
                  -0.577350269190   0.577350269190   0.577350269190
0,  317 73664.360234295556 125956.778850025381 102234.271824542462    2    0
         0,  316   0.000000000000   0.707106781187  -0.707106781187
                  -0.577350269190   0.577350269190   0.577350269190
         0,  318  -0.000000000000  -0.707106781187   0.707106781187
                  -0.577350269190   0.577350269190   0.577350269190
0,  318 75282.997882577401 126766.097674166303 103043.590648683385    2    0
         0,  317   0.000000000000   0.707106781187  -0.707106781187
                  -0.577350269190   0.577350269190   0.577350269190
         0,  319  -0.000000000000  -0.707106781187   0.707106781187
                  -0.577350269190   0.577350269190   0.577350269190
0,  319 76901.635530859247 127575.416498307226 103852.909472824307    1    7
         0,  318   0.000000000000   0.707106781187  -0.707106781187
                  -0.577350269190   0.577350269190   0.577350269190
0,  320 21163.614950696479 147670.835399866162 50558.937206695911    1    7
         0,  321   0.707106781187   0.000000000000   0.707106781187
                  -0.577350269190   0.577350269190   0.577350269190
0,  321 22238.856042822114 149821.317584117409 49483.696114570281    2    0
         0,  320  -0.707106781187  -0.000000000000  -0.707106781187
                  -0.577350269190   0.577350269190   0.577350269190
         0,  322   0.707106781187   0.000000000000   0.707106781187
                  -0.577350269190   0.577350269190   0.577350269190
0,  322 23314.097134947744 151971.799768368684 48408.455022444650    2    0
         0,  321  -0.707106781187  -0.000000000000  -0.707106781187
                  -0.577350269190   0.577350269190   0.577350269190
         0,  323   0.707106781187   0.000000000000   0.707106781187
                  -0.577350269190   0.577350269190   0.577350269190
0,  323 24389.338227073375 154122.281952619960 47333.213930319020    2    0
         0,  322  -0.707106781187  -0.000000000000  -0.707106781187
                  -0.577350269190   0.577350269190   0.577350269190
         0,  324   0.707106781187   0.000000000000   0.707106781187
                  -0.577350269190   0.577350269190   0.577350269190
0,  324 25464.579319199009 156272.764136871207 46257.972838193389    1    7
         0,  323  -0.707106781187  -0.000000000000  -0.707106781187
                  -0.577350269190   0.577350269190   0.577350269190
0,  325 106452.629253095263 148941.357082780625 19529.327905163023    1    7
         0,  326   0.707106781187   0.707106781187   0.000000000000
                   0.577350269190  -0.577350269190   0.577350269190
0,  326 105373.556011713008 150020.430324162880 21687.474387927534    2    0
         0,  325  -0.707106781187  -0.707106781187  -0.000000000000
                   0.577350269190  -0.577350269190   0.577350269190
         0,  327   0.707106781187   0.707106781187   0.000000000000
                   0.577350269190  -0.577350269190   0.577350269190
0,  327 104294.482770330753 151099.503565545136 23845.620870692048    2    0
         0,  326  -0.707106781187  -0.707106781187  -0.000000000000
                   0.577350269190  -0.577350269190   0.577350269190
         0,  328   0.707106781187   0.707106781187   0.000000000000
                   0.577350269190  -0.577350269190   0.577350269190
0,  328 103215.409528948498 152178.576806927391 26003.767353456562    2    0
         0,  327  -0.707106781187  -0.707106781187  -0.000000000000
                   0.577350269190  -0.577350269190   0.577350269190
         0,  329   0.707106781187   0.707106781187   0.000000000000
                   0.577350269190  -0.577350269190   0.577350269190
0,  329 102136.336287566242 153257.650048309646 28161.913836221072    1    7
         0,  328  -0.707106781187  -0.707106781187  -0.000000000000
                   0.577350269190  -0.577350269190   0.577350269190
0,  330 62842.251880491858 80297.425711168908 21214.280961035951    1    7
         0,  331   0.707106781187   0.000000000000   0.707106781187
                   0.577350269190   0.577350269190  -0.577350269190
0,  331 63873.687445528332 78234.554581095959 20182.845395999469    2    0
         0,  330  -0.707106781187  -0.000000000000  -0.707106781187
                   0.577350269190   0.577350269190  -0.577350269190
         0,  332   0.707106781187   0.000000000000   0.707106781187
                   0.577350269190   0.577350269190  -0.577350269190
0,  332 64905.123010564814 76171.683451022996 19151.409830962992    2    0
         0,  331  -0.707106781187  -0.000000000000  -0.707106781187
                   0.577350269190   0.577350269190  -0.577350269190
         0,  333   0.707106781187   0.000000000000   0.707106781187
                   0.577350269190   0.577350269190  -0.577350269190
0,  333 65936.558575601288 74108.812320950034 18119.974265926514    2    0
         0,  332  -0.707106781187  -0.000000000000  -0.707106781187
                   0.577350269190   0.577350269190  -0.577350269190
         0,  334   0.707106781187   0.000000000000   0.707106781187
                   0.577350269190   0.577350269190  -0.577350269190
0,  334 66967.994140637777 72045.941190877085 17088.538700890032    1    7
         0,  333  -0.707106781187  -0.000000000000  -0.707106781187
                   0.577350269190   0.577350269190  -0.577350269190
0,  335 47397.506902520327 67188.448255214083 101252.657609945833    1    7
         0,  336   0.707106781187  -0.707106781187   0.000000000000
                   0.577350269190   0.577350269190   0.577350269190
0,  336 48173.018813575931 67963.960166269695 99701.633787834624    2    0
         0,  335  -0.707106781187   0.707106781187  -0.000000000000
                   0.577350269190   0.577350269190   0.577350269190
         0,  337   0.707106781187  -0.707106781187   0.000000000000
                   0.577350269190   0.577350269190   0.577350269190
0,  337 48948.530724631535 68739.472077325292 98150.609965723415    2    0
         0,  336  -0.707106781187   0.707106781187  -0.000000000000
                   0.577350269190   0.577350269190   0.577350269190
         0,  338   0.707106781187  -0.707106781187   0.000000000000
                   0.577350269190   0.577350269190   0.577350269190
0,  338 49724.042635687139 69514.983988380889 96599.586143612207    2    0
         0,  337  -0.707106781187   0.707106781187  -0.000000000000
                   0.577350269190   0.577350269190   0.577350269190
         0,  339   0.707106781187  -0.707106781187   0.000000000000
                   0.577350269190   0.577350269190   0.577350269190
0,  339 50499.554546742744 70290.495899436501 95048.562321500998    1    7
         0,  338  -0.707106781187   0.707106781187  -0.000000000000
                   0.577350269190   0.577350269190   0.577350269190
0,  340 63918.790179140022 70139.110822416755 32724.835176953955    1    7
         0,  341  -0.707106781187  -0.000000000000   0.707106781187
                   0.577350269190   0.577350269190   0.577350269190
0,  341 65036.575538210192 67903.540104276428 33842.620536024122    2    0
         0,  340   0.707106781187   0.000000000000  -0.707106781187
                   0.577350269190   0.577350269190   0.577350269190
         0,  342  -0.707106781187  -0.000000000000   0.707106781187
                   0.577350269190   0.577350269190   0.577350269190
0,  342 66154.360897280363 65667.969386136087 34960.405895094293    2    0
         0,  341   0.707106781187   0.000000000000  -0.707106781187
                   0.577350269190   0.577350269190   0.577350269190
         0,  343  -0.707106781187  -0.000000000000   0.707106781187
                   0.577350269190   0.577350269190   0.577350269190
0,  343 67272.146256350534 63432.398667995745 36078.191254164463    2    0
         0,  342   0.707106781187   0.000000000000  -0.707106781187
                   0.577350269190   0.577350269190   0.577350269190
         0,  344  -0.707106781187  -0.000000000000   0.707106781187
                   0.577350269190   0.577350269190   0.577350269190
0,  344 68389.931615420704 61196.827949855411 37195.976613234627    1    7
         0,  343   0.707106781187   0.000000000000  -0.707106781187
                   0.577350269190   0.577350269190   0.577350269190
0,  345 3620.526371562835 62868.422317765515 73993.673490085988    1    7
         0,  346   0.707106781187   0.000000000000  -0.707106781187
                   0.577350269190  -0.577350269190   0.577350269190
0,  346 4706.635416894967 65040.640408429776 75079.782535418111    2    0
         0,  345  -0.707106781187  -0.000000000000   0.707106781187
                   0.577350269190  -0.577350269190   0.577350269190
         0,  347   0.707106781187   0.000000000000  -0.707106781187
                   0.577350269190  -0.577350269190   0.577350269190
0,  347 5792.744462227100 67212.858499094044 76165.891580750249    2    0
         0,  346  -0.707106781187  -0.000000000000   0.707106781187
                   0.577350269190  -0.577350269190   0.577350269190
         0,  348   0.707106781187   0.000000000000  -0.707106781187
                   0.577350269190  -0.577350269190   0.577350269190
0,  348 6878.853507559234 69385.076589758304 77252.000626082387    2    0
         0,  347  -0.707106781187  -0.000000000000   0.707106781187
                   0.577350269190  -0.577350269190   0.577350269190
         0,  349   0.707106781187   0.000000000000  -0.707106781187
                   0.577350269190  -0.577350269190   0.577350269190
0,  349 7964.962552891366 71557.294680422579 78338.109671414510    1    7
         0,  348  -0.707106781187  -0.000000000000   0.707106781187
                   0.577350269190  -0.577350269190   0.577350269190
0,  350 95313.433249325521 89210.892530835845 114447.594463909903    1    7
         0,  351  -0.000000000000  -0.707106781187  -0.707106781187
                   0.577350269190   0.577350269190  -0.577350269190
0,  351 93637.273501941119 90048.972404528031 113609.514590217717    2    0
         0,  350   0.000000000000   0.707106781187   0.707106781187
                   0.577350269190   0.577350269190  -0.577350269190
         0,  352  -0.000000000000  -0.707106781187  -0.707106781187
                   0.577350269190   0.577350269190  -0.577350269190
0,  352 91961.113754556733 90887.052278220232 112771.434716525517    2    0
         0,  351   0.000000000000   0.707106781187   0.707106781187
                   0.577350269190   0.577350269190  -0.577350269190
         0,  353  -0.000000000000  -0.707106781187  -0.707106781187
                   0.577350269190   0.577350269190  -0.577350269190
0,  353 90284.954007172346 91725.132151912432 111933.354842833316    2    0
         0,  352   0.000000000000   0.707106781187   0.707106781187
                   0.577350269190   0.577350269190  -0.577350269190
         0,  354  -0.000000000000  -0.707106781187  -0.707106781187
                   0.577350269190   0.577350269190  -0.577350269190
0,  354 88608.794259787945 92563.212025604618 111095.274969141130    1    7
         0,  353   0.000000000000   0.707106781187   0.707106781187
                   0.577350269190   0.577350269190  -0.577350269190
0,  355 53051.240812894415 124241.349357386222 92723.538646125089    1    7
         0,  356   0.707106781187   0.707106781187   0.000000000000
                  -0.577350269190   0.577350269190   0.577350269190
0,  356 51924.347460587218 125368.242709693426 90469.751941510694    2    0
         0,  355  -0.707106781187  -0.707106781187  -0.000000000000
                  -0.577350269190   0.577350269190   0.577350269190
         0,  357   0.707106781187   0.707106781187   0.000000000000
                  -0.577350269190   0.577350269190   0.577350269190
0,  357 50797.454108280021 126495.136062000616 88215.965236896300    2    0
         0,  356  -0.707106781187  -0.707106781187  -0.000000000000
                  -0.577350269190   0.577350269190   0.577350269190
         0,  358   0.707106781187   0.707106781187   0.000000000000
                  -0.577350269190   0.577350269190   0.577350269190
0,  358 49670.560755972823 127622.029414307806 85962.178532281905    2    0
         0,  357  -0.707106781187  -0.707106781187  -0.000000000000
                  -0.577350269190   0.577350269190   0.577350269190
         0,  359   0.707106781187   0.707106781187   0.000000000000
                  -0.577350269190   0.577350269190   0.577350269190
0,  359 48543.667403665626 128748.922766615011 83708.391827667510    1    7
         0,  358  -0.707106781187  -0.707106781187  -0.000000000000
                  -0.577350269190   0.577350269190   0.577350269190
0,  360 98606.600962179335 54021.615188316908 80410.097133376301    1    7
         0,  361   0.707106781187   0.000000000000  -0.707106781187
                   0.577350269190  -0.577350269190   0.577350269190
0,  361 99585.427464307097 55979.268192572454 81388.923635504063    2    0
         0,  360  -0.707106781187  -0.000000000000   0.707106781187
                   0.577350269190  -0.577350269190   0.577350269190
         0,  362   0.707106781187   0.000000000000  -0.707106781187
                   0.577350269190  -0.577350269190   0.577350269190
0,  362 100564.253966434873 57936.921196828000 82367.750137631840    2    0
         0,  361  -0.707106781187  -0.000000000000   0.707106781187
                   0.577350269190  -0.577350269190   0.577350269190
         0,  363   0.707106781187   0.000000000000  -0.707106781187
                   0.577350269190  -0.577350269190   0.577350269190
0,  363 101543.080468562650 59894.574201083546 83346.576639759616    2    0
         0,  362  -0.707106781187  -0.000000000000   0.707106781187
                   0.577350269190  -0.577350269190   0.577350269190
         0,  364   0.707106781187   0.000000000000  -0.707106781187
                   0.577350269190  -0.577350269190   0.577350269190
0,  364 102521.906970690412 61852.227205339092 84325.403141887378    1    7
         0,  363  -0.707106781187  -0.000000000000   0.707106781187
                   0.577350269190  -0.577350269190   0.577350269190
0,  365 152711.343309451971 83280.061459626129 85953.505565243788    1    7
         0,  366   0.000000000000   0.707106781187  -0.707106781187
                  -0.577350269190   0.577350269190   0.577350269190
0,  366 150336.169429440168 82092.474519620228 84765.918625237886    2    0
         0,  365  -0.000000000000  -0.707106781187   0.707106781187
                  -0.577350269190   0.577350269190   0.577350269190
         0,  367   0.000000000000   0.707106781187  -0.707106781187
                  -0.577350269190   0.577350269190   0.577350269190
0,  367 147960.995549428364 80904.887579614326 83578.331685231984    2    0
         0,  366  -0.000000000000  -0.707106781187   0.707106781187
                  -0.577350269190   0.577350269190   0.577350269190
         0,  368   0.000000000000   0.707106781187  -0.707106781187
                  -0.577350269190   0.577350269190   0.577350269190
0,  368 145585.821669416560 79717.300639608424 82390.744745226082    2    0
         0,  367  -0.000000000000  -0.707106781187   0.707106781187
                  -0.577350269190   0.577350269190   0.577350269190
         0,  369   0.000000000000   0.707106781187  -0.707106781187
                  -0.577350269190   0.577350269190   0.577350269190
0,  369 143210.647789404757 78529.713699602522 81203.157805220180    1    7
         0,  368  -0.000000000000  -0.707106781187   0.707106781187
                  -0.577350269190   0.577350269190   0.577350269190
0,  370 45591.047426185520 136980.814956332004 76918.624218365498    1    7
         0,  371   0.000000000000   0.707106781187   0.707106781187
                   0.577350269190   0.577350269190  -0.577350269190
0,  371 48052.607387325792 135750.034975761868 78149.404198935634    2    0
         0,  370  -0.000000000000  -0.707106781187  -0.707106781187
                   0.577350269190   0.577350269190  -0.577350269190
         0,  372   0.000000000000   0.707106781187   0.707106781187
                   0.577350269190   0.577350269190  -0.577350269190
0,  372 50514.167348466064 134519.254995191732 79380.184179505770    2    0
         0,  371  -0.000000000000  -0.707106781187  -0.707106781187
                   0.577350269190   0.577350269190  -0.577350269190
         0,  373   0.000000000000   0.707106781187   0.707106781187
                   0.577350269190   0.577350269190  -0.577350269190
0,  373 52975.727309606336 133288.475014621596 80610.964160075906    2    0
         0,  372  -0.000000000000  -0.707106781187  -0.707106781187
                   0.577350269190   0.577350269190  -0.577350269190
         0,  374   0.000000000000   0.707106781187   0.707106781187
                   0.577350269190   0.577350269190  -0.577350269190
0,  374 55437.287270746609 132057.695034051460 81841.744140646042    1    7
         0,  373  -0.000000000000  -0.707106781187  -0.707106781187
                   0.577350269190   0.577350269190  -0.577350269190
0,  375 136786.034691013454 10452.654107465625 42025.980130034484    1    7
         0,  376  -0.707106781187   0.707106781187  -0.000000000000
                   0.577350269190   0.577350269190   0.577350269190
0,  376 136022.994135825051 9689.613552277222 43552.061240411291    2    0
         0,  375   0.707106781187  -0.707106781187   0.000000000000
                   0.577350269190   0.577350269190   0.577350269190
         0,  377  -0.707106781187   0.707106781187  -0.000000000000
                   0.577350269190   0.577350269190   0.577350269190
0,  377 135259.953580636648 8926.572997088819 45078.142350788097    2    0
         0,  376   0.707106781187  -0.707106781187   0.000000000000
                   0.577350269190   0.577350269190   0.577350269190
         0,  378  -0.707106781187   0.707106781187  -0.000000000000
                   0.577350269190   0.577350269190   0.577350269190
0,  378 134496.913025448244 8163.532441900416 46604.223461164904    2    0
         0,  377   0.707106781187  -0.707106781187   0.000000000000
                   0.577350269190   0.577350269190   0.577350269190
         0,  379  -0.707106781187   0.707106781187  -0.000000000000
                   0.577350269190   0.577350269190   0.577350269190
0,  379 133733.872470259841 7400.491886712012 48130.304571541710    1    7
         0,  378   0.707106781187  -0.707106781187   0.000000000000
                   0.577350269190   0.577350269190   0.577350269190
0,  380 25965.673687159091 52249.236351970714 122957.240112954634    1    7
         0,  381  -0.707106781187  -0.707106781187  -0.000000000000
                   0.577350269190  -0.577350269190   0.577350269190
0,  381 26877.973003546918 51336.937035582887 121132.641480178980    2    0
         0,  380   0.707106781187   0.707106781187   0.000000000000
                   0.577350269190  -0.577350269190   0.577350269190
         0,  382  -0.707106781187  -0.707106781187  -0.000000000000
                   0.577350269190  -0.577350269190   0.577350269190
0,  382 27790.272319934746 50424.637719195060 119308.042847403325    2    0
         0,  381   0.707106781187   0.707106781187   0.000000000000
                   0.577350269190  -0.577350269190   0.577350269190
         0,  383  -0.707106781187  -0.707106781187  -0.000000000000
                   0.577350269190  -0.577350269190   0.577350269190
0,  383 28702.571636322573 49512.338402807232 117483.444214627671    2    0
         0,  382   0.707106781187   0.707106781187   0.000000000000
                   0.577350269190  -0.577350269190   0.577350269190
         0,  384  -0.707106781187  -0.707106781187  -0.000000000000
                   0.577350269190  -0.577350269190   0.577350269190
0,  384 29614.870952710400 48600.039086419405 115658.845581852016    1    7
         0,  383   0.707106781187   0.707106781187   0.000000000000
                   0.577350269190  -0.577350269190   0.577350269190
0,  385 136210.363579808793 62576.480927236196 23289.058437009837    1    7
         0,  386  -0.707106781187  -0.000000000000   0.707106781187
                   0.577350269190   0.577350269190   0.577350269190
0,  386 136904.219828021509 61188.768430810727 23982.914685222571    2    0
         0,  385   0.707106781187   0.000000000000  -0.707106781187
                   0.577350269190   0.577350269190   0.577350269190
         0,  387  -0.707106781187  -0.000000000000   0.707106781187
                   0.577350269190   0.577350269190   0.577350269190
0,  387 137598.076076234254 59801.055934385251 24676.770933435309    2    0
         0,  386   0.707106781187   0.000000000000  -0.707106781187
                   0.577350269190   0.577350269190   0.577350269190
         0,  388  -0.707106781187  -0.000000000000   0.707106781187
                   0.577350269190   0.577350269190   0.577350269190
0,  388 138291.932324447000 58413.343437959775 25370.627181648048    2    0
         0,  387   0.707106781187   0.000000000000  -0.707106781187
                   0.577350269190   0.577350269190   0.577350269190
         0,  389  -0.707106781187  -0.000000000000   0.707106781187
                   0.577350269190   0.577350269190   0.577350269190
0,  389 138985.788572659716 57025.630941534306 26064.483429860782    1    7
         0,  388   0.707106781187   0.000000000000  -0.707106781187
                   0.577350269190   0.577350269190   0.577350269190
0,  390 23603.227377236737 56432.223903461905 151775.166846870707    1    7
         0,  391   0.000000000000   0.707106781187  -0.707106781187
                   0.577350269190   0.577350269190   0.577350269190
0,  391 21413.867171742411 57526.904006209072 152869.846949617873    2    0
         0,  390  -0.000000000000  -0.707106781187   0.707106781187
                   0.577350269190   0.577350269190   0.577350269190
         0,  392   0.000000000000   0.707106781187  -0.707106781187
                   0.577350269190   0.577350269190   0.577350269190
0,  392 19224.506966248086 58621.584108956231 153964.527052365040    2    0
         0,  391  -0.000000000000  -0.707106781187   0.707106781187
                   0.577350269190   0.577350269190   0.577350269190
         0,  393   0.000000000000   0.707106781187  -0.707106781187
                   0.577350269190   0.577350269190   0.577350269190
0,  393 17035.146760753760 59716.264211703390 155059.207155112206    2    0
         0,  392  -0.000000000000  -0.707106781187   0.707106781187
                   0.577350269190   0.577350269190   0.577350269190
         0,  394   0.000000000000   0.707106781187  -0.707106781187
                   0.577350269190   0.577350269190   0.577350269190
0,  394 14845.786555259434 60810.944314450557 156153.887257859373    1    7
         0,  393  -0.000000000000  -0.707106781187   0.707106781187
                   0.577350269190   0.577350269190   0.577350269190
0,  395 44495.534982759862 107739.220375831239 116047.352258723811    1    7
         0,  396  -0.000000000000  -0.707106781187  -0.707106781187
                   0.577350269190  -0.577350269190   0.577350269190
0,  396 47224.595597465574 109103.750683184102 114682.821951370948    2    0
         0,  395   0.000000000000   0.707106781187   0.707106781187
                   0.577350269190  -0.577350269190   0.577350269190
         0,  397  -0.000000000000  -0.707106781187  -0.707106781187
                   0.577350269190  -0.577350269190   0.577350269190
0,  397 49953.656212171278 110468.280990536950 113318.291644018100    2    0
         0,  396   0.000000000000   0.707106781187   0.707106781187
                   0.577350269190  -0.577350269190   0.577350269190
         0,  398  -0.000000000000  -0.707106781187  -0.707106781187
                   0.577350269190  -0.577350269190   0.577350269190
0,  398 52682.716826876982 111832.811297889799 111953.761336665251    2    0
         0,  397   0.000000000000   0.707106781187   0.707106781187
                   0.577350269190  -0.577350269190   0.577350269190
         0,  399  -0.000000000000  -0.707106781187  -0.707106781187
                   0.577350269190  -0.577350269190   0.577350269190
0,  399 55411.777441582693 113197.341605242662 110589.231029312388    1    7
         0,  398   0.000000000000   0.707106781187   0.707106781187
                   0.577350269190  -0.577350269190   0.577350269190
0,  400 104852.053922155872 160467.830344805669 37379.672411367603    1    7
         0,  401   0.707106781187   0.707106781187   0.000000000000
                  -0.577350269190   0.577350269190   0.577350269190
0,  401 103903.025723018451 774.288262818598 35481.616013092753    2    0
         0,  400  -0.707106781187  -0.707106781187  -0.000000000000
                  -0.577350269190   0.577350269190   0.577350269190
         0,  402   0.707106781187   0.707106781187   0.000000000000
                  -0.577350269190   0.577350269190   0.577350269190
0,  402 102953.997523881029 1723.316461956023 33583.559614817903    2    0
         0,  401  -0.707106781187  -0.707106781187  -0.000000000000
                  -0.577350269190   0.577350269190   0.577350269190
         0,  403   0.707106781187   0.707106781187   0.000000000000
                  -0.577350269190   0.577350269190   0.577350269190
0,  403 102004.969324743608 2672.344661093448 31685.503216543053    2    0
         0,  402  -0.707106781187  -0.707106781187  -0.000000000000
                  -0.577350269190   0.577350269190   0.577350269190
         0,  404   0.707106781187   0.707106781187   0.000000000000
                  -0.577350269190   0.577350269190   0.577350269190
0,  404 101055.941125606187 3621.372860230873 29787.446818268203    1    7
         0,  403  -0.707106781187  -0.707106781187  -0.000000000000
                  -0.577350269190   0.577350269190   0.577350269190
0,  405 24565.946463126351 132260.311551271618 154725.349461278936    1    7
         0,  406  -0.707106781187   0.707106781187  -0.000000000000
                   0.577350269190   0.577350269190  -0.577350269190
0,  406 25608.826073051820 133303.191161197086 156811.108681129874    2    0
         0,  405   0.707106781187  -0.707106781187   0.000000000000
                   0.577350269190   0.577350269190  -0.577350269190
         0,  407  -0.707106781187   0.707106781187  -0.000000000000
                   0.577350269190   0.577350269190  -0.577350269190
0,  407 26651.705682977292 134346.070771122555 158896.867900980811    2    0
         0,  406   0.707106781187  -0.707106781187   0.000000000000
                   0.577350269190   0.577350269190  -0.577350269190
         0,  408  -0.707106781187   0.707106781187  -0.000000000000
                   0.577350269190   0.577350269190  -0.577350269190
0,  408 27694.585292902764 135388.950381048024 340.056839707249    2    0
         0,  407   0.707106781187  -0.707106781187   0.000000000000
                   0.577350269190   0.577350269190  -0.577350269190
         0,  409  -0.707106781187   0.707106781187  -0.000000000000
                   0.577350269190   0.577350269190  -0.577350269190
0,  409 28737.464902828233 136431.829990973492 2425.816059558187    1    7
         0,  408   0.707106781187  -0.707106781187   0.000000000000
                   0.577350269190   0.577350269190  -0.577350269190
0,  410 136918.311441602127 154831.831107108883 20618.334253255391    1    7
         0,  411  -0.707106781187  -0.000000000000  -0.707106781187
                   0.577350269190   0.577350269190  -0.577350269190
0,  411 135854.314827766008 156959.824334781151 21682.330867091525    2    0
         0,  410   0.707106781187   0.000000000000   0.707106781187
                   0.577350269190   0.577350269190  -0.577350269190
         0,  412  -0.707106781187  -0.000000000000  -0.707106781187
                   0.577350269190   0.577350269190  -0.577350269190
0,  412 134790.318213929859 159087.817562453420 22746.327480927663    2    0
         0,  411   0.707106781187   0.000000000000   0.707106781187
                   0.577350269190   0.577350269190  -0.577350269190
         0,  413  -0.707106781187  -0.000000000000  -0.707106781187
                   0.577350269190   0.577350269190  -0.577350269190
0,  413 133726.321600093710 573.240509001189 23810.324094763801    2    0
         0,  412   0.707106781187   0.000000000000   0.707106781187
                   0.577350269190   0.577350269190  -0.577350269190
         0,  414  -0.707106781187  -0.000000000000  -0.707106781187
                   0.577350269190   0.577350269190  -0.577350269190
0,  414 132662.324986257590 2701.233736673457 24874.320708599935    1    7
         0,  413   0.707106781187   0.000000000000   0.707106781187
                   0.577350269190   0.577350269190  -0.577350269190
0,  415 10878.655958213305 117376.846936888367 71664.044599020097    1    7
         0,  416   0.707106781187   0.000000000000   0.707106781187
                  -0.577350269190   0.577350269190   0.577350269190
0,  416 11868.989316149626 119357.513652761016 70673.711241083787    2    0
         0,  415  -0.707106781187  -0.000000000000  -0.707106781187
                  -0.577350269190   0.577350269190   0.577350269190
         0,  417   0.707106781187   0.000000000000   0.707106781187
                  -0.577350269190   0.577350269190   0.577350269190
0,  417 12859.322674085946 121338.180368633650 69683.377883147463    2    0
         0,  416  -0.707106781187  -0.000000000000  -0.707106781187
                  -0.577350269190   0.577350269190   0.577350269190
         0,  418   0.707106781187   0.000000000000   0.707106781187
                  -0.577350269190   0.577350269190   0.577350269190
0,  418 13849.656032022267 123318.847084506284 68693.044525211139    2    0
         0,  417  -0.707106781187  -0.000000000000  -0.707106781187
                  -0.577350269190   0.577350269190   0.577350269190
         0,  419   0.707106781187   0.000000000000   0.707106781187
                  -0.577350269190   0.577350269190   0.577350269190
0,  419 14839.989389958588 125299.513800378933 67702.711167274829    1    7
         0,  418  -0.707106781187  -0.000000000000  -0.707106781187
                  -0.577350269190   0.577350269190   0.577350269190
0,  420 26213.991985462198 33083.518847131265 143709.959174289630    1    7
         0,  421  -0.707106781187  -0.000000000000  -0.707106781187
                  -0.577350269190   0.577350269190   0.577350269190
0,  421 25209.242885360833 31074.020646928533 144714.708274391014    2    0
         0,  420   0.707106781187   0.000000000000   0.707106781187
                  -0.577350269190   0.577350269190   0.577350269190
         0,  422  -0.707106781187  -0.000000000000  -0.707106781187
                  -0.577350269190   0.577350269190   0.577350269190
0,  422 24204.493785259467 29064.522446725805 145719.457374492369    2    0
         0,  421   0.707106781187   0.000000000000   0.707106781187
                  -0.577350269190   0.577350269190   0.577350269190
         0,  423  -0.707106781187  -0.000000000000  -0.707106781187
                  -0.577350269190   0.577350269190   0.577350269190
0,  423 23199.744685158101 27055.024246523077 146724.206474593724    2    0
         0,  422   0.707106781187   0.000000000000   0.707106781187
                  -0.577350269190   0.577350269190   0.577350269190
         0,  424  -0.707106781187  -0.000000000000  -0.707106781187
                  -0.577350269190   0.577350269190   0.577350269190
0,  424 22194.995585056735 25045.526046320345 147728.955574695108    1    7
         0,  423   0.707106781187   0.000000000000   0.707106781187
                  -0.577350269190   0.577350269190   0.577350269190
0,  425 48345.856782082854 80175.288442654433 97065.450493601733    1    7
         0,  426   0.707106781187  -0.707106781187   0.000000000000
                   0.577350269190   0.577350269190  -0.577350269190
0,  426 47631.509139196314 79460.940799767894 95636.755207828654    2    0
         0,  425  -0.707106781187   0.707106781187  -0.000000000000
                   0.577350269190   0.577350269190  -0.577350269190
         0,  427   0.707106781187  -0.707106781187   0.000000000000
                   0.577350269190   0.577350269190  -0.577350269190
0,  427 46917.161496309775 78746.593156881354 94208.059922055574    2    0
         0,  426  -0.707106781187   0.707106781187  -0.000000000000
                   0.577350269190   0.577350269190  -0.577350269190
         0,  428   0.707106781187  -0.707106781187   0.000000000000
                   0.577350269190   0.577350269190  -0.577350269190
0,  428 46202.813853423235 78032.245513994814 92779.364636282495    2    0
         0,  427  -0.707106781187   0.707106781187  -0.000000000000
                   0.577350269190   0.577350269190  -0.577350269190
         0,  429   0.707106781187  -0.707106781187   0.000000000000
                   0.577350269190   0.577350269190  -0.577350269190
0,  429 45488.466210536695 77317.897871108275 91350.669350509415    1    7
         0,  428  -0.707106781187   0.707106781187  -0.000000000000
                   0.577350269190   0.577350269190  -0.577350269190
0,  430 15554.774360630545 41185.636930723958 131431.664752844168    1    7
         0,  431  -0.707106781187   0.707106781187  -0.000000000000
                   0.577350269190   0.577350269190   0.577350269190
0,  431 14533.638951952384 40164.501522045801 133473.935570200498    2    0
         0,  430   0.707106781187  -0.707106781187   0.000000000000
                   0.577350269190   0.577350269190   0.577350269190
         0,  432  -0.707106781187   0.707106781187  -0.000000000000
                   0.577350269190   0.577350269190   0.577350269190
0,  432 13512.503543274221 39143.366113367636 135516.206387556827    2    0
         0,  431   0.707106781187  -0.707106781187   0.000000000000
                   0.577350269190   0.577350269190   0.577350269190
         0,  433  -0.707106781187   0.707106781187  -0.000000000000
                   0.577350269190   0.577350269190   0.577350269190
0,  433 12491.368134596058 38122.230704689471 137558.477204913157    2    0
         0,  432   0.707106781187  -0.707106781187   0.000000000000
                   0.577350269190   0.577350269190   0.577350269190
         0,  434  -0.707106781187   0.707106781187  -0.000000000000
                   0.577350269190   0.577350269190   0.577350269190
0,  434 11470.232725917896 37101.095296011314 139600.748022269487    1    7
         0,  433   0.707106781187  -0.707106781187   0.000000000000
                   0.577350269190   0.577350269190   0.577350269190
0,  435 112142.410226355365 120315.083515771155 7095.077520898588    1    7
         0,  436   0.000000000000   0.707106781187  -0.707106781187
                   0.577350269190   0.577350269190   0.577350269190
0,  436 109902.791888386913 121434.892684755381 8214.886689882815    2    0
         0,  435  -0.000000000000  -0.707106781187   0.707106781187
                   0.577350269190   0.577350269190   0.577350269190
         0,  437   0.000000000000   0.707106781187  -0.707106781187
                   0.577350269190   0.577350269190   0.577350269190
0,  437 107663.173550418462 122554.701853739607 9334.695858867042    2    0
         0,  436  -0.000000000000  -0.707106781187   0.707106781187
                   0.577350269190   0.577350269190   0.577350269190
         0,  438   0.000000000000   0.707106781187  -0.707106781187
                   0.577350269190   0.577350269190   0.577350269190
0,  438 105423.555212450010 123674.511022723833 10454.505027851270    2    0
         0,  437  -0.000000000000  -0.707106781187   0.707106781187
                   0.577350269190   0.577350269190   0.577350269190
         0,  439   0.000000000000   0.707106781187  -0.707106781187
                   0.577350269190   0.577350269190   0.577350269190
0,  439 103183.936874481558 124794.320191708059 11574.314196835498    1    7
         0,  438  -0.000000000000  -0.707106781187   0.707106781187
                   0.577350269190   0.577350269190   0.577350269190
0,  440 88540.090986174837 52501.502356637167 131921.222655850142    1    7
         0,  441   0.707106781187   0.707106781187   0.000000000000
                   0.577350269190  -0.577350269190   0.577350269190
0,  441 87605.582461896949 53436.010880915048 133790.239704405918    2    0
         0,  440  -0.707106781187  -0.707106781187  -0.000000000000
                   0.577350269190  -0.577350269190   0.577350269190
         0,  442   0.707106781187   0.707106781187   0.000000000000
                   0.577350269190  -0.577350269190   0.577350269190
0,  442 86671.073937619061 54370.519405192936 135659.256752961694    2    0
         0,  441  -0.707106781187  -0.707106781187  -0.000000000000
                   0.577350269190  -0.577350269190   0.577350269190
         0,  443   0.707106781187   0.707106781187   0.000000000000
                   0.577350269190  -0.577350269190   0.577350269190
0,  443 85736.565413341174 55305.027929470823 137528.273801517469    2    0
         0,  442  -0.707106781187  -0.707106781187  -0.000000000000
                   0.577350269190  -0.577350269190   0.577350269190
         0,  444   0.707106781187   0.707106781187   0.000000000000
                   0.577350269190  -0.577350269190   0.577350269190
0,  444 84802.056889063286 56239.536453748704 139397.290850073245    1    7
         0,  443  -0.707106781187  -0.707106781187  -0.000000000000
                   0.577350269190  -0.577350269190   0.577350269190
0,  445 140925.189088392362 83118.614538238515 144085.196991857549    1    7
         0,  446   0.000000000000   0.707106781187   0.707106781187
                   0.577350269190  -0.577350269190   0.577350269190
0,  446 138897.575819792110 82104.807903938388 145099.003626157704    2    0
         0,  445  -0.000000000000  -0.707106781187  -0.707106781187
                   0.577350269190  -0.577350269190   0.577350269190
         0,  447   0.000000000000   0.707106781187   0.707106781187
                   0.577350269190  -0.577350269190   0.577350269190
0,  447 136869.962551191828 81091.001269638247 146112.810260457831    2    0
         0,  446  -0.000000000000  -0.707106781187  -0.707106781187
                   0.577350269190  -0.577350269190   0.577350269190
         0,  448   0.000000000000   0.707106781187   0.707106781187
                   0.577350269190  -0.577350269190   0.577350269190
0,  448 134842.349282591545 80077.194635338106 147126.616894757957    2    0
         0,  447  -0.000000000000  -0.707106781187  -0.707106781187
                   0.577350269190  -0.577350269190   0.577350269190
         0,  449   0.000000000000   0.707106781187   0.707106781187
                   0.577350269190  -0.577350269190   0.577350269190
0,  449 132814.736013991293 79063.388001037980 148140.423529058113    1    7
         0,  448  -0.000000000000  -0.707106781187  -0.707106781187
                   0.577350269190  -0.577350269190   0.577350269190
0,  450 138760.849937482941 52542.779689062598 84472.440576016772    1    7
         0,  451   0.707106781187   0.707106781187   0.000000000000
                  -0.577350269190   0.577350269190   0.577350269190
0,  451 137675.549373056449 53628.080253489068 82301.839447163831    2    0
         0,  450  -0.707106781187  -0.707106781187  -0.000000000000
                  -0.577350269190   0.577350269190   0.577350269190
         0,  452   0.707106781187   0.707106781187   0.000000000000
                  -0.577350269190   0.577350269190   0.577350269190
0,  452 136590.248808629985 54713.380817915546 80131.238318310876    2    0
         0,  451  -0.707106781187  -0.707106781187  -0.000000000000
                  -0.577350269190   0.577350269190   0.577350269190
         0,  453   0.707106781187   0.707106781187   0.000000000000
                  -0.577350269190   0.577350269190   0.577350269190
0,  453 135504.948244203522 55798.681382342023 77960.637189457921    2    0
         0,  452  -0.707106781187  -0.707106781187  -0.000000000000
                  -0.577350269190   0.577350269190   0.577350269190
         0,  454   0.707106781187   0.707106781187   0.000000000000
                  -0.577350269190   0.577350269190   0.577350269190
0,  454 134419.647679777030 56883.981946768494 75790.036060604980    1    7
         0,  453  -0.707106781187  -0.707106781187  -0.000000000000
                  -0.577350269190   0.577350269190   0.577350269190
0,  455 61930.092671237115 151552.294328972726 103432.918905675819    1    7
         0,  456   0.707106781187   0.000000000000   0.707106781187
                   0.577350269190   0.577350269190  -0.577350269190
0,  456 62977.295869878850 149457.887931689271 102385.715707034091    2    0
         0,  455  -0.707106781187  -0.000000000000  -0.707106781187
                   0.577350269190   0.577350269190  -0.577350269190
         0,  457   0.707106781187   0.000000000000   0.707106781187
                   0.577350269190   0.577350269190  -0.577350269190
0,  457 64024.499068520585 147363.481534405786 101338.512508392349    2    0
         0,  456  -0.707106781187  -0.000000000000  -0.707106781187
                   0.577350269190   0.577350269190  -0.577350269190
         0,  458   0.707106781187   0.000000000000   0.707106781187
                   0.577350269190   0.577350269190  -0.577350269190
0,  458 65071.702267162320 145269.075137122301 100291.309309750606    2    0
         0,  457  -0.707106781187  -0.000000000000  -0.707106781187
                   0.577350269190   0.577350269190  -0.577350269190
         0,  459   0.707106781187   0.000000000000   0.707106781187
                   0.577350269190   0.577350269190  -0.577350269190
0,  459 66118.905465804055 143174.668739838846 99244.106111108878    1    7
         0,  458  -0.707106781187  -0.000000000000  -0.707106781187
                   0.577350269190   0.577350269190  -0.577350269190
0,  460 57655.431088812998 29169.204530694275 5598.047109670762    1    7
         0,  461  -0.000000000000  -0.707106781187  -0.707106781187
                   0.577350269190   0.577350269190  -0.577350269190
0,  461 56045.035673692037 29974.402238254756 4792.849402110284    2    0
         0,  460   0.000000000000   0.707106781187   0.707106781187
                   0.577350269190   0.577350269190  -0.577350269190
         0,  462  -0.000000000000  -0.707106781187  -0.707106781187
                   0.577350269190   0.577350269190  -0.577350269190
0,  462 54434.640258571082 30779.599945815233 3987.651694549806    2    0
         0,  461   0.000000000000   0.707106781187   0.707106781187
                   0.577350269190   0.577350269190  -0.577350269190
         0,  463  -0.000000000000  -0.707106781187  -0.707106781187
                   0.577350269190   0.577350269190  -0.577350269190
0,  463 52824.244843450128 31584.797653375710 3182.453986989327    2    0
         0,  462   0.000000000000   0.707106781187   0.707106781187
                   0.577350269190   0.577350269190  -0.577350269190
         0,  464  -0.000000000000  -0.707106781187  -0.707106781187
                   0.577350269190   0.577350269190  -0.577350269190
0,  464 51213.849428329166 32389.995360936191 2377.256279428849    1    7
         0,  463   0.000000000000   0.707106781187   0.707106781187
                   0.577350269190   0.577350269190  -0.577350269190
0,  465 52039.280649622073 90868.801977753275 3811.069223474202    1    7
         0,  466   0.707106781187   0.000000000000  -0.707106781187
                   0.577350269190   0.577350269190   0.577350269190
0,  466 50721.252567444462 93504.858142108496 2493.041141296590    2    0
         0,  465  -0.707106781187  -0.000000000000   0.707106781187
                   0.577350269190   0.577350269190   0.577350269190
         0,  467   0.707106781187   0.000000000000  -0.707106781187
                   0.577350269190   0.577350269190   0.577350269190
0,  467 49403.224485266852 96140.914306463717 1175.013059118978    2    0
         0,  466  -0.707106781187  -0.000000000000   0.707106781187
                   0.577350269190   0.577350269190   0.577350269190
         0,  468   0.707106781187   0.000000000000  -0.707106781187
                   0.577350269190   0.577350269190   0.577350269190
0,  468 48085.196403089241 98776.970470818938 160499.555258065870    2    0
         0,  467  -0.707106781187  -0.000000000000   0.707106781187
                   0.577350269190   0.577350269190   0.577350269190
         0,  469   0.707106781187   0.000000000000  -0.707106781187
                   0.577350269190   0.577350269190   0.577350269190
0,  469 46767.168320911631 101413.026635174159 159181.527175888245    1    7
         0,  468  -0.707106781187  -0.000000000000   0.707106781187
                   0.577350269190   0.577350269190   0.577350269190
0,  470 109441.375644211672 100062.541672678810 155971.967290875182    1    7
         0,  471  -0.000000000000  -0.707106781187   0.707106781187
                  -0.577350269190   0.577350269190   0.577350269190
0,  471 111189.239283864285 100936.473492505102 156845.899110701488    2    0
         0,  470   0.000000000000   0.707106781187  -0.707106781187
                  -0.577350269190   0.577350269190   0.577350269190
         0,  472  -0.000000000000  -0.707106781187   0.707106781187
                  -0.577350269190   0.577350269190   0.577350269190
0,  472 112937.102923516883 101810.405312331408 157719.830930527794    2    0
         0,  471   0.000000000000   0.707106781187  -0.707106781187
                  -0.577350269190   0.577350269190   0.577350269190
         0,  473  -0.000000000000  -0.707106781187   0.707106781187
                  -0.577350269190   0.577350269190   0.577350269190
0,  473 114684.966563169481 102684.337132157714 158593.762750354101    2    0
         0,  472   0.000000000000   0.707106781187  -0.707106781187
                  -0.577350269190   0.577350269190   0.577350269190
         0,  474  -0.000000000000  -0.707106781187   0.707106781187
                  -0.577350269190   0.577350269190   0.577350269190
0,  474 116432.830202822093 103558.268951984006 159467.694570180407    1    7
         0,  473   0.000000000000   0.707106781187  -0.707106781187
                  -0.577350269190   0.577350269190   0.577350269190
0,  475 120102.431358182454 140680.805784001510 113558.396584583083    1    7
         0,  476   0.707106781187   0.000000000000  -0.707106781187
                   0.577350269190  -0.577350269190   0.577350269190
0,  476 121210.457701903084 142896.858471442771 114666.422928303713    2    0
         0,  475  -0.707106781187  -0.000000000000   0.707106781187
                   0.577350269190  -0.577350269190   0.577350269190
         0,  477   0.707106781187   0.000000000000  -0.707106781187
                   0.577350269190  -0.577350269190   0.577350269190
0,  477 122318.484045623714 145112.911158884031 115774.449272024343    2    0
         0,  476  -0.707106781187  -0.000000000000   0.707106781187
                   0.577350269190  -0.577350269190   0.577350269190
         0,  478   0.707106781187   0.000000000000  -0.707106781187
                   0.577350269190  -0.577350269190   0.577350269190
0,  478 123426.510389344345 147328.963846325292 116882.475615744974    2    0
         0,  477  -0.707106781187  -0.000000000000   0.707106781187
                   0.577350269190  -0.577350269190   0.577350269190
         0,  479   0.707106781187   0.000000000000  -0.707106781187
                   0.577350269190  -0.577350269190   0.577350269190
0,  479 124534.536733064975 149545.016533766553 117990.501959465604    1    7
         0,  478  -0.707106781187  -0.000000000000   0.707106781187
                   0.577350269190  -0.577350269190   0.577350269190
0,  480 122938.370553968169 144615.111058855779 15645.021227937636    1    7
         0,  481  -0.707106781187  -0.000000000000   0.707106781187
                   0.577350269190   0.577350269190   0.577350269190
0,  481 124280.845577239277 141930.161012313562 16987.496251208751    2    0
         0,  480   0.707106781187   0.000000000000  -0.707106781187
                   0.577350269190   0.577350269190   0.577350269190
         0,  482  -0.707106781187  -0.000000000000   0.707106781187
                   0.577350269190   0.577350269190   0.577350269190
0,  482 125623.320600510400 139245.210965771315 18329.971274479871    2    0
         0,  481   0.707106781187   0.000000000000  -0.707106781187
                   0.577350269190   0.577350269190   0.577350269190
         0,  483  -0.707106781187  -0.000000000000   0.707106781187
                   0.577350269190   0.577350269190   0.577350269190
0,  483 126965.795623781523 136560.260919229069 19672.446297750990    2    0
         0,  482   0.707106781187   0.000000000000  -0.707106781187
                   0.577350269190   0.577350269190   0.577350269190
         0,  484  -0.707106781187  -0.000000000000   0.707106781187
                   0.577350269190   0.577350269190   0.577350269190
0,  484 128308.270647052632 133875.310872686852 21014.921321022106    1    7
         0,  483   0.707106781187   0.000000000000  -0.707106781187
                   0.577350269190   0.577350269190   0.577350269190
0,  485 93590.623953134433 102707.388535560385 153424.289294309390    1    7
         0,  486   0.000000000000   0.707106781187  -0.707106781187
                   0.577350269190   0.577350269190   0.577350269190
0,  486 91221.320202372459 103892.040410941379 154608.941169690399    2    0
         0,  485  -0.000000000000  -0.707106781187   0.707106781187
                   0.577350269190   0.577350269190   0.577350269190
         0,  487   0.000000000000   0.707106781187  -0.707106781187
                   0.577350269190   0.577350269190   0.577350269190
0,  487 88852.016451610471 105076.692286322374 155793.593045071379    2    0
         0,  486  -0.000000000000  -0.707106781187   0.707106781187
                   0.577350269190   0.577350269190   0.577350269190
         0,  488   0.000000000000   0.707106781187  -0.707106781187
                   0.577350269190   0.577350269190   0.577350269190
0,  488 86482.712700848482 106261.344161703368 156978.244920452358    2    0
         0,  487  -0.000000000000  -0.707106781187   0.707106781187
                   0.577350269190   0.577350269190   0.577350269190
         0,  489   0.000000000000   0.707106781187  -0.707106781187
                   0.577350269190   0.577350269190   0.577350269190
0,  489 84113.408950086508 107445.996037084362 158162.896795833367    1    7
         0,  488  -0.000000000000  -0.707106781187   0.707106781187
                   0.577350269190   0.577350269190   0.577350269190
0,  490 43587.554142523702 115157.875740919044 115050.939121908144    1    7
         0,  491  -0.707106781187   0.707106781187  -0.000000000000
                   0.577350269190   0.577350269190  -0.577350269190
0,  491 44944.640162659867 116514.961761055194 117765.111162180474    2    0
         0,  490   0.707106781187  -0.707106781187   0.000000000000
                   0.577350269190   0.577350269190  -0.577350269190
         0,  492  -0.707106781187   0.707106781187  -0.000000000000
                   0.577350269190   0.577350269190  -0.577350269190
0,  492 46301.726182796025 117872.047781191359 120479.283202452789    2    0
         0,  491   0.707106781187  -0.707106781187   0.000000000000
                   0.577350269190   0.577350269190  -0.577350269190
         0,  493  -0.707106781187   0.707106781187  -0.000000000000
                   0.577350269190   0.577350269190  -0.577350269190
0,  493 47658.812202932182 119229.133801327524 123193.455242725104    2    0
         0,  492   0.707106781187  -0.707106781187   0.000000000000
                   0.577350269190   0.577350269190  -0.577350269190
         0,  494  -0.707106781187   0.707106781187  -0.000000000000
                   0.577350269190   0.577350269190  -0.577350269190
0,  494 49015.898223068347 120586.219821463674 125907.627282997433    1    7
         0,  493   0.707106781187  -0.707106781187   0.000000000000
                   0.577350269190   0.577350269190  -0.577350269190
0,  495 8419.331364819189 128557.410835299263 76825.118772148780    1    7
         0,  496  -0.707106781187  -0.000000000000  -0.707106781187
                  -0.577350269190   0.577350269190   0.577350269190
0,  496 7498.578155158169 126715.904415977231 77745.871981809803    2    0
         0,  495   0.707106781187   0.000000000000   0.707106781187
                  -0.577350269190   0.577350269190   0.577350269190
         0,  497  -0.707106781187  -0.000000000000  -0.707106781187
                  -0.577350269190   0.577350269190   0.577350269190
0,  497 6577.824945497150 124874.397996655185 78666.625191470826    2    0
         0,  496   0.707106781187   0.000000000000   0.707106781187
                  -0.577350269190   0.577350269190   0.577350269190
         0,  498  -0.707106781187  -0.000000000000  -0.707106781187
                  -0.577350269190   0.577350269190   0.577350269190
0,  498 5657.071735836131 123032.891577333139 79587.378401131849    2    0
         0,  497   0.707106781187   0.000000000000   0.707106781187
                  -0.577350269190   0.577350269190   0.577350269190
         0,  499  -0.707106781187  -0.000000000000  -0.707106781187
                  -0.577350269190   0.577350269190   0.577350269190
0,  499 4736.318526175111 121191.385158011108 80508.131610792872    1    7
         0,  498   0.707106781187   0.000000000000   0.707106781187
                  -0.577350269190   0.577350269190   0.577350269190
0,  500 80125.506760398610 154379.609217498160 68832.114680959683    1    7
         0,  501  -0.000000000000  -0.707106781187  -0.707106781187
                   0.577350269190   0.577350269190  -0.577350269190
0,  501 77410.018937922432 155737.353128736228 67474.370769721601    2    0
         0,  500   0.000000000000   0.707106781187   0.707106781187
                   0.577350269190   0.577350269190  -0.577350269190
         0,  502  -0.000000000000  -0.707106781187  -0.707106781187
                   0.577350269190   0.577350269190  -0.577350269190
0,  502 74694.531115446269 157095.097039974324 66116.626858483520    2    0
         0,  501   0.000000000000   0.707106781187   0.707106781187
                   0.577350269190   0.577350269190  -0.577350269190
         0,  503  -0.000000000000  -0.707106781187  -0.707106781187
                   0.577350269190   0.577350269190  -0.577350269190
0,  503 71979.043292970106 158452.840951212420 64758.882947245438    2    0
         0,  502   0.000000000000   0.707106781187   0.707106781187
                   0.577350269190   0.577350269190  -0.577350269190
         0,  504  -0.000000000000  -0.707106781187  -0.707106781187
                   0.577350269190   0.577350269190  -0.577350269190
0,  504 69263.555470493928 159810.584862450487 63401.139036007349    1    7
         0,  503   0.000000000000   0.707106781187   0.707106781187
                   0.577350269190   0.577350269190  -0.577350269190
0,  505 91683.893509144880 126391.849000652408 153452.645965175034    1    7
         0,  506   0.707106781187   0.707106781187   0.000000000000
                  -0.577350269190   0.577350269190   0.577350269190
0,  506 90457.345159212113 127618.397350585175 150999.549265309499    2    0
         0,  505  -0.707106781187  -0.707106781187  -0.000000000000
                  -0.577350269190   0.577350269190   0.577350269190
         0,  507   0.707106781187   0.707106781187   0.000000000000
                  -0.577350269190   0.577350269190   0.577350269190
0,  507 89230.796809279345 128844.945700517943 148546.452565443964    2    0
         0,  506  -0.707106781187  -0.707106781187  -0.000000000000
                  -0.577350269190   0.577350269190   0.577350269190
         0,  508   0.707106781187   0.707106781187   0.000000000000
                  -0.577350269190   0.577350269190   0.577350269190
0,  508 88004.248459346578 130071.494050450710 146093.355865578429    2    0
         0,  507  -0.707106781187  -0.707106781187  -0.000000000000
                  -0.577350269190   0.577350269190   0.577350269190
         0,  509   0.707106781187   0.707106781187   0.000000000000
                  -0.577350269190   0.577350269190   0.577350269190
0,  509 86777.700109413810 131298.042400383478 143640.259165712894    1    7
         0,  508  -0.707106781187  -0.707106781187  -0.000000000000
                  -0.577350269190   0.577350269190   0.577350269190
0,  510 3446.450098999661 62364.484601065946 12808.292848779749    1    7
         0,  511  -0.707106781187  -0.707106781187  -0.000000000000
                   0.577350269190  -0.577350269190   0.577350269190
0,  511 4692.761370879287 61118.173329186320 10315.670305020500    2    0
         0,  510   0.707106781187   0.707106781187   0.000000000000
                   0.577350269190  -0.577350269190   0.577350269190
         0,  512  -0.707106781187  -0.707106781187  -0.000000000000
                   0.577350269190  -0.577350269190   0.577350269190
0,  512 5939.072642758912 59871.862057306695 7823.047761261249    2    0
         0,  511   0.707106781187   0.707106781187   0.000000000000
                   0.577350269190  -0.577350269190   0.577350269190
         0,  513  -0.707106781187  -0.707106781187  -0.000000000000
                   0.577350269190  -0.577350269190   0.577350269190
0,  513 7185.383914638536 58625.550785427069 5330.425217501998    2    0
         0,  512   0.707106781187   0.707106781187   0.000000000000
                   0.577350269190  -0.577350269190   0.577350269190
         0,  514  -0.707106781187  -0.707106781187  -0.000000000000
                   0.577350269190  -0.577350269190   0.577350269190
0,  514 8431.695186518162 57379.239513547443 2837.802673742748    1    7
         0,  513   0.707106781187   0.707106781187   0.000000000000
                   0.577350269190  -0.577350269190   0.577350269190
0,  515 113062.540222975731 127326.658570116444 140546.254052905570    1    7
         0,  516   0.707106781187   0.000000000000   0.707106781187
                   0.577350269190   0.577350269190  -0.577350269190
0,  516 113821.085076282892 125809.568863502092 139787.709199598379    2    0
         0,  515  -0.707106781187  -0.000000000000  -0.707106781187
                   0.577350269190   0.577350269190  -0.577350269190
         0,  517   0.707106781187   0.000000000000   0.707106781187
                   0.577350269190   0.577350269190  -0.577350269190
0,  517 114579.629929590068 124292.479156887755 139029.164346291218    2    0
         0,  516  -0.707106781187  -0.000000000000  -0.707106781187
                   0.577350269190   0.577350269190  -0.577350269190
         0,  518   0.707106781187   0.000000000000   0.707106781187
                   0.577350269190   0.577350269190  -0.577350269190
0,  518 115338.174782897244 122775.389450273418 138270.619492984057    2    0
         0,  517  -0.707106781187  -0.000000000000  -0.707106781187
                   0.577350269190   0.577350269190  -0.577350269190
         0,  519   0.707106781187   0.000000000000   0.707106781187
                   0.577350269190   0.577350269190  -0.577350269190
0,  519 116096.719636204405 121258.299743659067 137512.074639676866    1    7
         0,  518  -0.707106781187  -0.000000000000  -0.707106781187
                   0.577350269190   0.577350269190  -0.577350269190
0,  520 126275.169277807363 5486.754453172372 42434.132874837109    1    7
         0,  521   0.707106781187  -0.707106781187   0.000000000000
                   0.577350269190   0.577350269190   0.577350269190
0,  521 127464.620149476541 6676.205324841547 40055.231131498760    2    0
         0,  520  -0.707106781187   0.707106781187  -0.000000000000
                   0.577350269190   0.577350269190   0.577350269190
         0,  522   0.707106781187  -0.707106781187   0.000000000000
                   0.577350269190   0.577350269190   0.577350269190
0,  522 128654.071021145719 7865.656196510722 37676.329388160411    2    0
         0,  521  -0.707106781187   0.707106781187  -0.000000000000
                   0.577350269190   0.577350269190   0.577350269190
         0,  523   0.707106781187  -0.707106781187   0.000000000000
                   0.577350269190   0.577350269190   0.577350269190
0,  523 129843.521892814897 9055.107068179897 35297.427644822063    2    0
         0,  522  -0.707106781187   0.707106781187  -0.000000000000
                   0.577350269190   0.577350269190   0.577350269190
         0,  524   0.707106781187  -0.707106781187   0.000000000000
                   0.577350269190   0.577350269190   0.577350269190
0,  524 131032.972764484075 10244.557939849072 32918.525901483714    1    7
         0,  523  -0.707106781187   0.707106781187  -0.000000000000
                   0.577350269190   0.577350269190   0.577350269190
0,  525 156929.164062990691 80453.221332141155 106583.029725401779    1    7
         0,  526  -0.000000000000  -0.707106781187   0.707106781187
                  -0.577350269190   0.577350269190   0.577350269190
0,  526 159147.322990504093 81562.300795897871 107692.109189158495    2    0
         0,  525   0.000000000000   0.707106781187  -0.707106781187
                  -0.577350269190   0.577350269190   0.577350269190
         0,  527  -0.000000000000  -0.707106781187   0.707106781187
                  -0.577350269190   0.577350269190   0.577350269190
0,  527 722.911636893032 82671.380259654587 108801.188652915211    2    0
         0,  526   0.000000000000   0.707106781187  -0.707106781187
                  -0.577350269190   0.577350269190   0.577350269190
         0,  528  -0.000000000000  -0.707106781187   0.707106781187
                  -0.577350269190   0.577350269190   0.577350269190
0,  528 2941.070564406459 83780.459723411303 109910.268116671927    2    0
         0,  527   0.000000000000   0.707106781187  -0.707106781187
                  -0.577350269190   0.577350269190   0.577350269190
         0,  529  -0.000000000000  -0.707106781187   0.707106781187
                  -0.577350269190   0.577350269190   0.577350269190
0,  529 5159.229491919886 84889.539187168019 111019.347580428643    1    7
         0,  528   0.000000000000   0.707106781187  -0.707106781187
                  -0.577350269190   0.577350269190   0.577350269190
0,  530 63066.664719609806 141060.842094146647 106481.484205950488    1    7
         0,  531   0.707106781187   0.000000000000  -0.707106781187
                   0.577350269190  -0.577350269190   0.577350269190
0,  531 63770.726540799915 142468.965736526879 107185.546027140605    2    0
         0,  530  -0.707106781187  -0.000000000000   0.707106781187
                   0.577350269190  -0.577350269190   0.577350269190
         0,  532   0.707106781187   0.000000000000  -0.707106781187
                   0.577350269190  -0.577350269190   0.577350269190
0,  532 64474.788361990031 143877.089378907112 107889.607848330721    2    0
         0,  531  -0.707106781187  -0.000000000000   0.707106781187
                   0.577350269190  -0.577350269190   0.577350269190
         0,  533   0.707106781187   0.000000000000  -0.707106781187
                   0.577350269190  -0.577350269190   0.577350269190
0,  533 65178.850183180148 145285.213021287345 108593.669669520837    2    0
         0,  532  -0.707106781187  -0.000000000000   0.707106781187
                   0.577350269190  -0.577350269190   0.577350269190
         0,  534   0.707106781187   0.000000000000  -0.707106781187
                   0.577350269190  -0.577350269190   0.577350269190
0,  534 65882.912004370257 146693.336663667578 109297.731490710954    1    7
         0,  533  -0.707106781187  -0.000000000000   0.707106781187
                   0.577350269190  -0.577350269190   0.577350269190
0,  535 52523.340591266911 135390.820406364743 49715.737386882640    1    7
         0,  536  -0.000000000000  -0.707106781187  -0.707106781187
                   0.577350269190  -0.577350269190   0.577350269190
0,  536 54216.001493184805 136237.150857323693 48869.406935923689    2    0
         0,  535   0.000000000000   0.707106781187   0.707106781187
                   0.577350269190  -0.577350269190   0.577350269190
         0,  537  -0.000000000000  -0.707106781187  -0.707106781187
                   0.577350269190  -0.577350269190   0.577350269190
0,  537 55908.662395102700 137083.481308282644 48023.076484964746    2    0
         0,  536   0.000000000000   0.707106781187   0.707106781187
                   0.577350269190  -0.577350269190   0.577350269190
         0,  538  -0.000000000000  -0.707106781187  -0.707106781187
                   0.577350269190  -0.577350269190   0.577350269190
0,  538 57601.323297020594 137929.811759241595 47176.746034005802    2    0
         0,  537   0.000000000000   0.707106781187   0.707106781187
                   0.577350269190  -0.577350269190   0.577350269190
         0,  539  -0.000000000000  -0.707106781187  -0.707106781187
                   0.577350269190  -0.577350269190   0.577350269190
0,  539 59293.984198938488 138776.142210200545 46330.415583046852    1    7
         0,  538   0.000000000000   0.707106781187   0.707106781187
                   0.577350269190  -0.577350269190   0.577350269190
0,  540 68115.417739453580 46323.575035373375 144593.857993895828    1    7
         0,  541   0.000000000000   0.707106781187  -0.707106781187
                  -0.577350269190   0.577350269190   0.577350269190
0,  541 65940.445235014660 45236.088783153915 143506.371741676354    2    0
         0,  540  -0.000000000000  -0.707106781187   0.707106781187
                  -0.577350269190   0.577350269190   0.577350269190
         0,  542   0.000000000000   0.707106781187  -0.707106781187
                  -0.577350269190   0.577350269190   0.577350269190
0,  542 63765.472730575755 44148.602530934462 142418.885489456909    2    0
         0,  541  -0.000000000000  -0.707106781187   0.707106781187
                  -0.577350269190   0.577350269190   0.577350269190
         0,  543   0.000000000000   0.707106781187  -0.707106781187
                  -0.577350269190   0.577350269190   0.577350269190
0,  543 61590.500226136843 43061.116278715010 141331.399237237463    2    0
         0,  542  -0.000000000000  -0.707106781187   0.707106781187
                  -0.577350269190   0.577350269190   0.577350269190
         0,  544   0.000000000000   0.707106781187  -0.707106781187
                  -0.577350269190   0.577350269190   0.577350269190
0,  544 59415.527721697938 41973.630026495550 140243.912985017989    1    7
         0,  543  -0.000000000000  -0.707106781187   0.707106781187
                  -0.577350269190   0.577350269190   0.577350269190
0,  545 51679.640550533848 116907.588064395357 128083.697657347497    1    7
         0,  546   0.000000000000   0.707106781187   0.707106781187
                   0.577350269190   0.577350269190  -0.577350269190
0,  546 53303.831403432414 116095.492637946067 128895.793083796787    2    0
         0,  545  -0.000000000000  -0.707106781187  -0.707106781187
                   0.577350269190   0.577350269190  -0.577350269190
         0,  547   0.000000000000   0.707106781187   0.707106781187
                   0.577350269190   0.577350269190  -0.577350269190
0,  547 54928.022256330980 115283.397211496791 129707.888510246063    2    0
         0,  546  -0.000000000000  -0.707106781187  -0.707106781187
                   0.577350269190   0.577350269190  -0.577350269190
         0,  548   0.000000000000   0.707106781187   0.707106781187
                   0.577350269190   0.577350269190  -0.577350269190
0,  548 56552.213109229546 114471.301785047515 130519.983936695338    2    0
         0,  547  -0.000000000000  -0.707106781187  -0.707106781187
                   0.577350269190   0.577350269190  -0.577350269190
         0,  549   0.000000000000   0.707106781187   0.707106781187
                   0.577350269190   0.577350269190  -0.577350269190
0,  549 58176.403962128112 113659.206358598225 131332.079363144614    1    7
         0,  548  -0.000000000000  -0.707106781187  -0.707106781187
                   0.577350269190   0.577350269190  -0.577350269190
0,  550 42141.272693906249 68266.388494310275 24712.866710911734    1    7
         0,  551  -0.000000000000  -0.707106781187   0.707106781187
                   0.577350269190   0.577350269190   0.577350269190
0,  551 44874.817632990467 66899.616024768169 23346.094241369625    2    0
         0,  550   0.000000000000   0.707106781187  -0.707106781187
                   0.577350269190   0.577350269190   0.577350269190
         0,  552  -0.000000000000  -0.707106781187   0.707106781187
                   0.577350269190   0.577350269190   0.577350269190
0,  552 47608.362572074686 65532.843555226056 21979.321771827515    2    0
         0,  551   0.000000000000   0.707106781187  -0.707106781187
                   0.577350269190   0.577350269190   0.577350269190
         0,  553  -0.000000000000  -0.707106781187   0.707106781187
                   0.577350269190   0.577350269190   0.577350269190
0,  553 50341.907511158905 64166.071085683943 20612.549302285406    2    0
         0,  552   0.000000000000   0.707106781187  -0.707106781187
                   0.577350269190   0.577350269190   0.577350269190
         0,  554  -0.000000000000  -0.707106781187   0.707106781187
                   0.577350269190   0.577350269190   0.577350269190
0,  554 53075.452450243123 62799.298616141838 19245.776832743297    1    7
         0,  553   0.000000000000   0.707106781187  -0.707106781187
                   0.577350269190   0.577350269190   0.577350269190
0,  555 114745.171816456656 97770.365437776054 58723.489806943893    1    7
         0,  556  -0.707106781187   0.707106781187  -0.000000000000
                   0.577350269190   0.577350269190   0.577350269190
0,  556 113668.249371735030 96693.442993054428 60877.334696387130    2    0
         0,  555   0.707106781187  -0.707106781187   0.000000000000
                   0.577350269190   0.577350269190   0.577350269190
         0,  557  -0.707106781187   0.707106781187  -0.000000000000
                   0.577350269190   0.577350269190   0.577350269190
0,  557 112591.326927013419 95616.520548332817 63031.179585830359    2    0
         0,  556   0.707106781187  -0.707106781187   0.000000000000
                   0.577350269190   0.577350269190   0.577350269190
         0,  558  -0.707106781187   0.707106781187  -0.000000000000
                   0.577350269190   0.577350269190   0.577350269190
0,  558 111514.404482291808 94539.598103611206 65185.024475273589    2    0
         0,  557   0.707106781187  -0.707106781187   0.000000000000
                   0.577350269190   0.577350269190   0.577350269190
         0,  559  -0.707106781187   0.707106781187  -0.000000000000
                   0.577350269190   0.577350269190   0.577350269190
0,  559 110437.482037570182 93462.675658889581 67338.869364716826    1    7
         0,  558   0.707106781187  -0.707106781187   0.000000000000
                   0.577350269190   0.577350269190   0.577350269190
0,  560 82445.382657184164 18965.622875893896 63934.182332590761    1    7
         0,  561   0.707106781187   0.707106781187   0.000000000000
                  -0.577350269190   0.577350269190   0.577350269190
0,  561 81135.670937455492 20275.334595622571 61314.758893133410    2    0
         0,  560  -0.707106781187  -0.707106781187  -0.000000000000
                  -0.577350269190   0.577350269190   0.577350269190
         0,  562   0.707106781187   0.707106781187   0.000000000000
                  -0.577350269190   0.577350269190   0.577350269190
0,  562 79825.959217726820 21585.046315351246 58695.335453676060    2    0
         0,  561  -0.707106781187  -0.707106781187  -0.000000000000
                  -0.577350269190   0.577350269190   0.577350269190
         0,  563   0.707106781187   0.707106781187   0.000000000000
                  -0.577350269190   0.577350269190   0.577350269190
0,  563 78516.247497998149 22894.758035079922 56075.912014218709    2    0
         0,  562  -0.707106781187  -0.707106781187  -0.000000000000
                  -0.577350269190   0.577350269190   0.577350269190
         0,  564   0.707106781187   0.707106781187   0.000000000000
                  -0.577350269190   0.577350269190   0.577350269190
0,  564 77206.535778269477 24204.469754808597 53456.488574761359    1    7
         0,  563  -0.707106781187  -0.707106781187  -0.000000000000
                  -0.577350269190   0.577350269190   0.577350269190
0,  565 4297.849437020533 69897.068756479071 100474.688065262104    1    7
         0,  566  -0.707106781187  -0.000000000000  -0.707106781187
                   0.577350269190   0.577350269190  -0.577350269190
0,  566 3568.103915290363 71356.559799939409 101204.433586992265    2    0
         0,  565   0.707106781187   0.000000000000   0.707106781187
                   0.577350269190   0.577350269190  -0.577350269190
         0,  567  -0.707106781187  -0.000000000000  -0.707106781187
                   0.577350269190   0.577350269190  -0.577350269190
0,  567 2838.358393560193 72816.050843399746 101934.179108722441    2    0
         0,  566   0.707106781187   0.000000000000   0.707106781187
                   0.577350269190   0.577350269190  -0.577350269190
         0,  568  -0.707106781187  -0.000000000000  -0.707106781187
                   0.577350269190   0.577350269190  -0.577350269190
0,  568 2108.612871830023 74275.541886860083 102663.924630452617    2    0
         0,  567   0.707106781187   0.000000000000   0.707106781187
                   0.577350269190   0.577350269190  -0.577350269190
         0,  569  -0.707106781187  -0.000000000000  -0.707106781187
                   0.577350269190   0.577350269190  -0.577350269190
0,  569 1378.867350099854 75735.032930320420 103393.670152182778    1    7
         0,  568   0.707106781187   0.000000000000   0.707106781187
                   0.577350269190   0.577350269190  -0.577350269190
0,  570 65694.078821886840 157764.101931347628 118960.159154358873    1    7
         0,  571  -0.707106781187  -0.000000000000   0.707106781187
                   0.577350269190   0.577350269190   0.577350269190
0,  571 66612.643547913467 155926.972479294374 119878.723880385500    2    0
         0,  570   0.707106781187   0.000000000000  -0.707106781187
                   0.577350269190   0.577350269190   0.577350269190
         0,  572  -0.707106781187  -0.000000000000   0.707106781187
                   0.577350269190   0.577350269190   0.577350269190
0,  572 67531.208273940094 154089.843027241121 120797.288606412127    2    0
         0,  571   0.707106781187   0.000000000000  -0.707106781187
                   0.577350269190   0.577350269190   0.577350269190
         0,  573  -0.707106781187  -0.000000000000   0.707106781187
                   0.577350269190   0.577350269190   0.577350269190
0,  573 68449.772999966721 152252.713575187867 121715.853332438754    2    0
         0,  572   0.707106781187   0.000000000000  -0.707106781187
                   0.577350269190   0.577350269190   0.577350269190
         0,  574  -0.707106781187  -0.000000000000   0.707106781187
                   0.577350269190   0.577350269190   0.577350269190
0,  574 69368.337725993348 150415.584123134613 122634.418058465380    1    7
         0,  573   0.707106781187   0.000000000000  -0.707106781187
                   0.577350269190   0.577350269190   0.577350269190
0,  575 141988.546794427617 33551.956132577172 54371.216946885201    1    7
         0,  576   0.707106781187   0.000000000000   0.707106781187
                  -0.577350269190   0.577350269190   0.577350269190
0,  576 143042.209041631111 35659.280626984124 53317.554699681721    2    0
         0,  575  -0.707106781187  -0.000000000000  -0.707106781187
                  -0.577350269190   0.577350269190   0.577350269190
         0,  577   0.707106781187   0.000000000000   0.707106781187
                  -0.577350269190   0.577350269190   0.577350269190
0,  577 144095.871288834576 37766.605121391083 52263.892452478241    2    0
         0,  576  -0.707106781187  -0.000000000000  -0.707106781187
                  -0.577350269190   0.577350269190   0.577350269190
         0,  578   0.707106781187   0.000000000000   0.707106781187
                  -0.577350269190   0.577350269190   0.577350269190
0,  578 145149.533536038041 39873.929615798043 51210.230205274762    2    0
         0,  577  -0.707106781187  -0.000000000000  -0.707106781187
                  -0.577350269190   0.577350269190   0.577350269190
         0,  579   0.707106781187   0.000000000000   0.707106781187
                  -0.577350269190   0.577350269190   0.577350269190
0,  579 146203.195783241536 41981.254110204995 50156.567958071282    1    7
         0,  578  -0.707106781187  -0.000000000000  -0.707106781187
                  -0.577350269190   0.577350269190   0.577350269190
0,  580 79845.201438895048 116636.965663293391 97509.659811685371    1    7
         0,  581  -0.000000000000  -0.707106781187  -0.707106781187
                   0.577350269190  -0.577350269190   0.577350269190
0,  581 82456.099135919198 117942.414511805458 96204.210963173304    2    0
         0,  580   0.000000000000   0.707106781187   0.707106781187
                   0.577350269190  -0.577350269190   0.577350269190
         0,  582  -0.000000000000  -0.707106781187  -0.707106781187
                   0.577350269190  -0.577350269190   0.577350269190
0,  582 85066.996832943347 119247.863360317540 94898.762114661222    2    0
         0,  581   0.000000000000   0.707106781187   0.707106781187
                   0.577350269190  -0.577350269190   0.577350269190
         0,  583  -0.000000000000  -0.707106781187  -0.707106781187
                   0.577350269190  -0.577350269190   0.577350269190
0,  583 87677.894529967496 120553.312208829622 93593.313266149140    2    0
         0,  582   0.000000000000   0.707106781187   0.707106781187
                   0.577350269190  -0.577350269190   0.577350269190
         0,  584  -0.000000000000  -0.707106781187  -0.707106781187
                   0.577350269190  -0.577350269190   0.577350269190
0,  584 90288.792226991645 121858.761057341690 92287.864417637073    1    7
         0,  583   0.000000000000   0.707106781187   0.707106781187
                   0.577350269190  -0.577350269190   0.577350269190
0,  585 36513.332376706545 49544.703548112549 20447.940388769988    1    7
         0,  586  -0.707106781187   0.707106781187  -0.000000000000
                   0.577350269190   0.577350269190  -0.577350269190
0,  586 37643.980375233827 50675.351546639831 22709.236385824548    2    0
         0,  585   0.707106781187  -0.707106781187   0.000000000000
                   0.577350269190   0.577350269190  -0.577350269190
         0,  587  -0.707106781187   0.707106781187  -0.000000000000
                   0.577350269190   0.577350269190  -0.577350269190
0,  587 38774.628373761108 51805.999545167113 24970.532382879112    2    0
         0,  586   0.707106781187  -0.707106781187   0.000000000000
                   0.577350269190   0.577350269190  -0.577350269190
         0,  588  -0.707106781187   0.707106781187  -0.000000000000
                   0.577350269190   0.577350269190  -0.577350269190
0,  588 39905.276372288390 52936.647543694395 27231.828379933675    2    0
         0,  587   0.707106781187  -0.707106781187   0.000000000000
                   0.577350269190   0.577350269190  -0.577350269190
         0,  589  -0.707106781187   0.707106781187  -0.000000000000
                   0.577350269190   0.577350269190  -0.577350269190
0,  589 41035.924370815672 54067.295542221676 29493.124376988235    1    7
         0,  588   0.707106781187  -0.707106781187   0.000000000000
                   0.577350269190   0.577350269190  -0.577350269190
0,  590 42938.143502881292 92762.471382981952 132351.551008952636    1    7
         0,  591  -0.707106781187  -0.707106781187  -0.000000000000
                   0.577350269190  -0.577350269190   0.577350269190
0,  591 44219.829442212860 91480.785443650384 129788.179130289485    2    0
         0,  590   0.707106781187   0.707106781187   0.000000000000
                   0.577350269190  -0.577350269190   0.577350269190
         0,  592  -0.707106781187  -0.707106781187  -0.000000000000
                   0.577350269190  -0.577350269190   0.577350269190
0,  592 45501.515381544428 90199.099504318816 127224.807251626349    2    0
         0,  591   0.707106781187   0.707106781187   0.000000000000
                   0.577350269190  -0.577350269190   0.577350269190
         0,  593  -0.707106781187  -0.707106781187  -0.000000000000
                   0.577350269190  -0.577350269190   0.577350269190
0,  593 46783.201320875996 88917.413564987248 124661.435372963213    2    0
         0,  592   0.707106781187   0.707106781187   0.000000000000
                   0.577350269190  -0.577350269190   0.577350269190
         0,  594  -0.707106781187  -0.707106781187  -0.000000000000
                   0.577350269190  -0.577350269190   0.577350269190
0,  594 48064.887260207564 87635.727625655680 122098.063494300077    1    7
         0,  593   0.707106781187   0.707106781187   0.000000000000
                   0.577350269190  -0.577350269190   0.577350269190
0,  595 74067.583637020405 154912.216553008446 105929.458077550269    1    7
         0,  596   0.707106781187   0.000000000000  -0.707106781187
                   0.577350269190  -0.577350269190   0.577350269190
0,  596 75287.390901781342 157351.831082530320 107149.265342311206    2    0
         0,  595  -0.707106781187  -0.000000000000   0.707106781187
                   0.577350269190  -0.577350269190   0.577350269190
         0,  597   0.707106781187   0.000000000000  -0.707106781187
                   0.577350269190  -0.577350269190   0.577350269190
0,  597 76507.198166542279 159791.445612052194 108369.072607072143    2    0
         0,  596  -0.707106781187  -0.000000000000   0.707106781187
                   0.577350269190  -0.577350269190   0.577350269190
         0,  598   0.707106781187   0.000000000000  -0.707106781187
                   0.577350269190  -0.577350269190   0.577350269190
0,  598 77727.005431303216 1588.489860449568 109588.879871833080    2    0
         0,  597  -0.707106781187  -0.000000000000   0.707106781187
                   0.577350269190  -0.577350269190   0.577350269190
         0,  599   0.707106781187   0.000000000000  -0.707106781187
                   0.577350269190  -0.577350269190   0.577350269190
0,  599 78946.812696064153 4028.104389971442 110808.687136594017    1    7
         0,  598  -0.707106781187  -0.000000000000   0.707106781187
                   0.577350269190  -0.577350269190   0.577350269190
0,  600 142506.832241395197 129002.212810584111 34711.200319142386    1    7
         0,  601  -0.707106781187  -0.707106781187  -0.000000000000
                   0.577350269190  -0.577350269190   0.577350269190
0,  601 143747.710837101768 127761.334214877526 32229.443127729231    2    0
         0,  600   0.707106781187   0.707106781187   0.000000000000
                   0.577350269190  -0.577350269190   0.577350269190
         0,  602  -0.707106781187  -0.707106781187  -0.000000000000
                   0.577350269190  -0.577350269190   0.577350269190
0,  602 144988.589432808338 126520.455619170956 29747.685936316077    2    0
         0,  601   0.707106781187   0.707106781187   0.000000000000
                   0.577350269190  -0.577350269190   0.577350269190
         0,  603  -0.707106781187  -0.707106781187  -0.000000000000
                   0.577350269190  -0.577350269190   0.577350269190
0,  603 146229.468028514908 125279.577023464386 27265.928744902922    2    0
         0,  602   0.707106781187   0.707106781187   0.000000000000
                   0.577350269190  -0.577350269190   0.577350269190
         0,  604  -0.707106781187  -0.707106781187  -0.000000000000
                   0.577350269190  -0.577350269190   0.577350269190
0,  604 147470.346624221478 124038.698427757801 24784.171553489770    1    7
         0,  603   0.707106781187   0.707106781187   0.000000000000
                   0.577350269190  -0.577350269190   0.577350269190
0,  605 107023.562935052876 155606.261991087027 78093.648013927697    1    7
         0,  606  -0.707106781187   0.707106781187  -0.000000000000
                   0.577350269190   0.577350269190   0.577350269190
0,  606 105955.325769855626 154538.024825889763 80230.122344322182    2    0
         0,  605   0.707106781187  -0.707106781187   0.000000000000
                   0.577350269190   0.577350269190   0.577350269190
         0,  607  -0.707106781187   0.707106781187  -0.000000000000
                   0.577350269190   0.577350269190   0.577350269190
0,  607 104887.088604658376 153469.787660692527 82366.596674716682    2    0
         0,  606   0.707106781187  -0.707106781187   0.000000000000
                   0.577350269190   0.577350269190   0.577350269190
         0,  608  -0.707106781187   0.707106781187  -0.000000000000
                   0.577350269190   0.577350269190   0.577350269190
0,  608 103818.851439461127 152401.550495495292 84503.071005111182    2    0
         0,  607   0.707106781187  -0.707106781187   0.000000000000
                   0.577350269190   0.577350269190   0.577350269190
         0,  609  -0.707106781187   0.707106781187  -0.000000000000
                   0.577350269190   0.577350269190   0.577350269190
0,  609 102750.614274263877 151333.313330298028 86639.545335505667    1    7
         0,  608   0.707106781187  -0.707106781187   0.000000000000
                   0.577350269190   0.577350269190   0.577350269190
0,  610 3798.093002602883 158100.203579621011 14586.837213365228    1    7
         0,  611  -0.707106781187  -0.000000000000   0.707106781187
                   0.577350269190   0.577350269190   0.577350269190
0,  611 4777.982358182017 156140.424868462724 15566.726568944365    2    0
         0,  610   0.707106781187   0.000000000000  -0.707106781187
                   0.577350269190   0.577350269190   0.577350269190
         0,  612  -0.707106781187  -0.000000000000   0.707106781187
                   0.577350269190   0.577350269190   0.577350269190
0,  612 5757.871713761153 154180.646157304465 16546.615924523499    2    0
         0,  611   0.707106781187   0.000000000000  -0.707106781187
                   0.577350269190   0.577350269190   0.577350269190
         0,  613  -0.707106781187  -0.000000000000   0.707106781187
                   0.577350269190   0.577350269190   0.577350269190
0,  613 6737.761069340288 152220.867446146207 17526.505280102636    2    0
         0,  612   0.707106781187   0.000000000000  -0.707106781187
                   0.577350269190   0.577350269190   0.577350269190
         0,  614  -0.707106781187  -0.000000000000   0.707106781187
                   0.577350269190   0.577350269190   0.577350269190
0,  614 7717.650424919423 150261.088734987919 18506.394635681769    1    7
         0,  613   0.707106781187   0.000000000000  -0.707106781187
                   0.577350269190   0.577350269190   0.577350269190
0,  615 7679.351643754538 74535.112832091167 84329.483730942578    1    7
         0,  616  -0.000000000000  -0.707106781187   0.707106781187
                   0.577350269190   0.577350269190   0.577350269190
0,  616 9103.164490020436 73823.206408958227 83617.577307809639    2    0
         0,  615   0.000000000000   0.707106781187  -0.707106781187
                   0.577350269190   0.577350269190   0.577350269190
         0,  617  -0.000000000000  -0.707106781187   0.707106781187
                   0.577350269190   0.577350269190   0.577350269190
0,  617 10526.977336286333 73111.299985825273 82905.670884676685    2    0
         0,  616   0.000000000000   0.707106781187  -0.707106781187
                   0.577350269190   0.577350269190   0.577350269190
         0,  618  -0.000000000000  -0.707106781187   0.707106781187
                   0.577350269190   0.577350269190   0.577350269190
0,  618 11950.790182552229 72399.393562692319 82193.764461543731    2    0
         0,  617   0.000000000000   0.707106781187  -0.707106781187
                   0.577350269190   0.577350269190   0.577350269190
         0,  619  -0.000000000000  -0.707106781187   0.707106781187
                   0.577350269190   0.577350269190   0.577350269190
0,  619 13374.603028818128 71687.487139559380 81481.858038410792    1    7
         0,  618   0.000000000000   0.707106781187  -0.707106781187
                   0.577350269190   0.577350269190   0.577350269190
0,  620 11776.647636890721 16132.657633228491 63562.883931294367    1    7
         0,  621  -0.000000000000  -0.707106781187  -0.707106781187
                   0.577350269190   0.577350269190  -0.577350269190
0,  621 9981.535270243437 17030.213816552132 62665.327747970725    2    0
         0,  620   0.000000000000   0.707106781187   0.707106781187
                   0.577350269190   0.577350269190  -0.577350269190
         0,  622  -0.000000000000  -0.707106781187  -0.707106781187
                   0.577350269190   0.577350269190  -0.577350269190
0,  622 8186.422903596153 17927.769999875774 61767.771564647082    2    0
         0,  621   0.000000000000   0.707106781187   0.707106781187
                   0.577350269190   0.577350269190  -0.577350269190
         0,  623  -0.000000000000  -0.707106781187  -0.707106781187
                   0.577350269190   0.577350269190  -0.577350269190
0,  623 6391.310536948869 18825.326183199417 60870.215381323440    2    0
         0,  622   0.000000000000   0.707106781187   0.707106781187
                   0.577350269190   0.577350269190  -0.577350269190
         0,  624  -0.000000000000  -0.707106781187  -0.707106781187
                   0.577350269190   0.577350269190  -0.577350269190
0,  624 4596.198170301586 19722.882366523059 59972.659197999797    1    7
         0,  623   0.000000000000   0.707106781187   0.707106781187
                   0.577350269190   0.577350269190  -0.577350269190
0,  625 36157.136702692151 49975.965623833232 61862.965454357291    1    7
         0,  626   0.000000000000   0.707106781187   0.707106781187
                   0.577350269190  -0.577350269190   0.577350269190
0,  626 34706.724297114110 49250.759421044204 62588.171657146318    2    0
         0,  625  -0.000000000000  -0.707106781187  -0.707106781187
                   0.577350269190  -0.577350269190   0.577350269190
         0,  627   0.000000000000   0.707106781187   0.707106781187
                   0.577350269190  -0.577350269190   0.577350269190
0,  627 33256.311891536061 48525.553218255183 63313.377859935339    2    0
         0,  626  -0.000000000000  -0.707106781187  -0.707106781187
                   0.577350269190  -0.577350269190   0.577350269190
         0,  628   0.000000000000   0.707106781187   0.707106781187
                   0.577350269190  -0.577350269190   0.577350269190
0,  628 31805.899485958016 47800.347015466163 64038.584062724360    2    0
         0,  627  -0.000000000000  -0.707106781187  -0.707106781187
                   0.577350269190  -0.577350269190   0.577350269190
         0,  629   0.000000000000   0.707106781187   0.707106781187
                   0.577350269190  -0.577350269190   0.577350269190
0,  629 30355.487080379971 47075.140812677135 64763.790265513388    1    7
         0,  628  -0.000000000000  -0.707106781187  -0.707106781187
                   0.577350269190  -0.577350269190   0.577350269190
0,  630 158971.950286290405 21878.073137989271 140534.117411007377    1    7
         0,  631   0.707106781187   0.000000000000   0.707106781187
                   0.577350269190   0.577350269190  -0.577350269190
0,  631 159940.650458390213 19940.672793789618 139565.417238907568    2    0
         0,  630  -0.707106781187  -0.000000000000  -0.707106781187
                   0.577350269190   0.577350269190  -0.577350269190
         0,  632   0.707106781187   0.000000000000   0.707106781187
                   0.577350269190   0.577350269190  -0.577350269190
0,  632 266.780349365547 18003.272449589967 138596.717066807731    2    0
         0,  631  -0.707106781187  -0.000000000000  -0.707106781187
                   0.577350269190   0.577350269190  -0.577350269190
         0,  633   0.707106781187   0.000000000000   0.707106781187
                   0.577350269190   0.577350269190  -0.577350269190
0,  633 1235.480521465373 16065.872105390315 137628.016894707893    2    0
         0,  632  -0.707106781187  -0.000000000000  -0.707106781187
                   0.577350269190   0.577350269190  -0.577350269190
         0,  634   0.707106781187   0.000000000000   0.707106781187
                   0.577350269190   0.577350269190  -0.577350269190
0,  634 2204.180693565199 14128.471761190664 136659.316722608084    1    7
         0,  633  -0.707106781187  -0.000000000000  -0.707106781187
                   0.577350269190   0.577350269190  -0.577350269190
0,  635 80004.178631609029 56247.738467430361 67920.162999500637    1    7
         0,  636  -0.707106781187  -0.000000000000  -0.707106781187
                  -0.577350269190   0.577350269190   0.577350269190
0,  636 79319.519557347332 54878.420318906974 68604.822073762334    2    0
         0,  635   0.707106781187   0.000000000000   0.707106781187
                  -0.577350269190   0.577350269190   0.577350269190
         0,  637  -0.707106781187  -0.000000000000  -0.707106781187
                  -0.577350269190   0.577350269190   0.577350269190
0,  637 78634.860483085635 53509.102170383587 69289.481148024031    2    0
         0,  636   0.707106781187   0.000000000000   0.707106781187
                  -0.577350269190   0.577350269190   0.577350269190
         0,  638  -0.707106781187  -0.000000000000  -0.707106781187
                  -0.577350269190   0.577350269190   0.577350269190
0,  638 77950.201408823938 52139.784021860200 69974.140222285729    2    0
         0,  637   0.707106781187   0.000000000000   0.707106781187
                  -0.577350269190   0.577350269190   0.577350269190
         0,  639  -0.707106781187  -0.000000000000  -0.707106781187
                  -0.577350269190   0.577350269190   0.577350269190
0,  639 77265.542334562240 50770.465873336812 70658.799296547426    1    7
         0,  638   0.707106781187   0.000000000000   0.707106781187
                  -0.577350269190   0.577350269190   0.577350269190
0,  640 132697.946158196661 36952.700506808927 49370.513989967483    1    7
         0,  641   0.707106781187   0.000000000000  -0.707106781187
                   0.577350269190  -0.577350269190   0.577350269190
0,  641 133915.535827287618 39387.879844990814 50588.103659058426    2    0
         0,  640  -0.707106781187  -0.000000000000   0.707106781187
                   0.577350269190  -0.577350269190   0.577350269190
         0,  642   0.707106781187   0.000000000000  -0.707106781187
                   0.577350269190  -0.577350269190   0.577350269190
0,  642 135133.125496378547 41823.059183172700 51805.693328149369    2    0
         0,  641  -0.707106781187  -0.000000000000   0.707106781187
                   0.577350269190  -0.577350269190   0.577350269190
         0,  643   0.707106781187   0.000000000000  -0.707106781187
                   0.577350269190  -0.577350269190   0.577350269190
0,  643 136350.715165469475 44258.238521354586 53023.282997240312    2    0
         0,  642  -0.707106781187  -0.000000000000   0.707106781187
                   0.577350269190  -0.577350269190   0.577350269190
         0,  644   0.707106781187   0.000000000000  -0.707106781187
                   0.577350269190  -0.577350269190   0.577350269190
0,  644 137568.304834560433 46693.417859536472 54240.872666331255    1    7
         0,  643  -0.707106781187  -0.000000000000   0.707106781187
                   0.577350269190  -0.577350269190   0.577350269190
0,  645 113158.896794924076 38366.387615777552 54829.498714805042    1    7
         0,  646   0.000000000000   0.707106781187  -0.707106781187
                  -0.577350269190   0.577350269190   0.577350269190
0,  646 111459.637767647815 37516.758102139422 53979.869201166912    2    0
         0,  645  -0.000000000000  -0.707106781187   0.707106781187
                  -0.577350269190   0.577350269190   0.577350269190
         0,  647   0.000000000000   0.707106781187  -0.707106781187
                  -0.577350269190   0.577350269190   0.577350269190
0,  647 109760.378740371554 36667.128588501291 53130.239687528781    2    0
         0,  646  -0.000000000000  -0.707106781187   0.707106781187
                  -0.577350269190   0.577350269190   0.577350269190
         0,  648   0.000000000000   0.707106781187  -0.707106781187
                  -0.577350269190   0.577350269190   0.577350269190
0,  648 108061.119713095293 35817.499074863161 52280.610173890651    2    0
         0,  647  -0.000000000000  -0.707106781187   0.707106781187
                  -0.577350269190   0.577350269190   0.577350269190
         0,  649   0.000000000000   0.707106781187  -0.707106781187
                  -0.577350269190   0.577350269190   0.577350269190
0,  649 106361.860685819032 34967.869561225030 51430.980660252520    1    7
         0,  648  -0.000000000000  -0.707106781187   0.707106781187
                  -0.577350269190   0.577350269190   0.577350269190
0,  650 5162.240220514765 71379.158355873500 109026.402031850681    1    7
         0,  651  -0.707106781187   0.707106781187  -0.000000000000
                   0.577350269190   0.577350269190  -0.577350269190
0,  651 6482.267889129516 72699.186024488255 111666.457369080177    2    0
         0,  650   0.707106781187  -0.707106781187   0.000000000000
                   0.577350269190   0.577350269190  -0.577350269190
         0,  652  -0.707106781187   0.707106781187  -0.000000000000
                   0.577350269190   0.577350269190  -0.577350269190
0,  652 7802.295557744269 74019.213693103011 114306.512706309688    2    0
         0,  651   0.707106781187  -0.707106781187   0.000000000000
                   0.577350269190   0.577350269190  -0.577350269190
         0,  653  -0.707106781187   0.707106781187  -0.000000000000
                   0.577350269190   0.577350269190  -0.577350269190
0,  653 9122.323226359022 75339.241361717766 116946.568043539199    2    0
         0,  652   0.707106781187  -0.707106781187   0.000000000000
                   0.577350269190   0.577350269190  -0.577350269190
         0,  654  -0.707106781187   0.707106781187  -0.000000000000
                   0.577350269190   0.577350269190  -0.577350269190
0,  654 10442.350894973773 76659.269030332522 119586.623380768695    1    7
         0,  653   0.707106781187  -0.707106781187   0.000000000000
                   0.577350269190   0.577350269190  -0.577350269190
0,  655 23775.063586314976 146028.721983036608 4634.310071274433    1    7
         0,  656   0.707106781187   0.707106781187   0.000000000000
                  -0.577350269190   0.577350269190   0.577350269190
0,  656 22988.364856493292 146815.420712858293 3060.912611631064    2    0
         0,  655  -0.707106781187  -0.707106781187  -0.000000000000
                  -0.577350269190   0.577350269190   0.577350269190
         0,  657   0.707106781187   0.707106781187   0.000000000000
                  -0.577350269190   0.577350269190   0.577350269190
0,  657 22201.666126671607 147602.119442679978 1487.515151987697    2    0
         0,  656  -0.707106781187  -0.707106781187  -0.000000000000
                  -0.577350269190   0.577350269190   0.577350269190
         0,  658   0.707106781187   0.707106781187   0.000000000000
                  -0.577350269190   0.577350269190   0.577350269190
0,  658 21414.967396849923 148388.818172501662 160556.687973468826    2    0
         0,  657  -0.707106781187  -0.707106781187  -0.000000000000
                  -0.577350269190   0.577350269190   0.577350269190
         0,  659   0.707106781187   0.707106781187   0.000000000000
                  -0.577350269190   0.577350269190   0.577350269190
0,  659 20628.268667028238 149175.516902323347 158983.290513825457    1    7
         0,  658  -0.707106781187  -0.707106781187  -0.000000000000
                  -0.577350269190   0.577350269190   0.577350269190
0,  660 1775.090141202479 16146.615128654410 101247.562251345516    1    7
         0,  661  -0.000000000000  -0.707106781187  -0.707106781187
                   0.577350269190  -0.577350269190   0.577350269190
0,  661 3400.277030572689 16959.208573339514 100434.968806660414    2    0
         0,  660   0.000000000000   0.707106781187   0.707106781187
                   0.577350269190  -0.577350269190   0.577350269190
         0,  662  -0.000000000000  -0.707106781187  -0.707106781187
                   0.577350269190  -0.577350269190   0.577350269190
0,  662 5025.463919942899 17771.802018024620 99622.375361975312    2    0
         0,  661   0.000000000000   0.707106781187   0.707106781187
                   0.577350269190  -0.577350269190   0.577350269190
         0,  663  -0.000000000000  -0.707106781187  -0.707106781187
                   0.577350269190  -0.577350269190   0.577350269190
0,  663 6650.650809313110 18584.395462709726 98809.781917290209    2    0
         0,  662   0.000000000000   0.707106781187   0.707106781187
                   0.577350269190  -0.577350269190   0.577350269190
         0,  664  -0.000000000000  -0.707106781187  -0.707106781187
                   0.577350269190  -0.577350269190   0.577350269190
0,  664 8275.837698683319 19396.988907394829 97997.188472605107    1    7
         0,  663   0.000000000000   0.707106781187   0.707106781187
                   0.577350269190  -0.577350269190   0.577350269190
0,  665 93112.398433351002 139851.684839648427 159706.135002949042    1    7
         0,  666  -0.707106781187  -0.000000000000   0.707106781187
                   0.577350269190   0.577350269190   0.577350269190
0,  666 93961.450844476800 138153.580017396831 160555.187414074840    2    0
         0,  665   0.707106781187   0.000000000000  -0.707106781187
                   0.577350269190   0.577350269190   0.577350269190
         0,  667  -0.707106781187  -0.000000000000   0.707106781187
                   0.577350269190   0.577350269190   0.577350269190
0,  667 94810.503255602598 136455.475195145234 761.669544076132    2    0
         0,  666   0.707106781187   0.000000000000  -0.707106781187
                   0.577350269190   0.577350269190   0.577350269190
         0,  668  -0.707106781187  -0.000000000000   0.707106781187
                   0.577350269190   0.577350269190   0.577350269190
0,  668 95659.555666728396 134757.370372893638 1610.721955201930    2    0
         0,  667   0.707106781187   0.000000000000  -0.707106781187
                   0.577350269190   0.577350269190   0.577350269190
         0,  669  -0.707106781187  -0.000000000000   0.707106781187
                   0.577350269190   0.577350269190   0.577350269190
0,  669 96508.608077854195 133059.265550642041 2459.774366327728    1    7
         0,  668   0.707106781187   0.000000000000  -0.707106781187
                   0.577350269190   0.577350269190   0.577350269190
0,  670 104526.335273339617 28678.258864215284 126701.375656235585    1    7
         0,  671   0.000000000000   0.707106781187  -0.707106781187
                  -0.577350269190   0.577350269190   0.577350269190
0,  671 101991.608313535180 27410.895384313073 125434.012176333374    2    0
         0,  670  -0.000000000000  -0.707106781187   0.707106781187
                  -0.577350269190   0.577350269190   0.577350269190
         0,  672   0.000000000000   0.707106781187  -0.707106781187
                  -0.577350269190   0.577350269190   0.577350269190
0,  672 99456.881353730758 26143.531904410858 124166.648696431163    2    0
         0,  671  -0.000000000000  -0.707106781187   0.707106781187
                  -0.577350269190   0.577350269190   0.577350269190
         0,  673   0.000000000000   0.707106781187  -0.707106781187
                  -0.577350269190   0.577350269190   0.577350269190
0,  673 96922.154393926336 24876.168424508644 122899.285216528951    2    0
         0,  672  -0.000000000000  -0.707106781187   0.707106781187
                  -0.577350269190   0.577350269190   0.577350269190
         0,  674   0.000000000000   0.707106781187  -0.707106781187
                  -0.577350269190   0.577350269190   0.577350269190
0,  674 94387.427434121899 23608.804944606432 121631.921736626740    1    7
         0,  673  -0.000000000000  -0.707106781187   0.707106781187
                  -0.577350269190   0.577350269190   0.577350269190
0,  675 150135.007645447622 67929.951312160076 94398.026127404140    1    7
         0,  676  -0.707106781187  -0.000000000000  -0.707106781187
                   0.577350269190   0.577350269190  -0.577350269190
0,  676 148866.193051854818 70467.580499345728 95666.840720996974    2    0
         0,  675   0.707106781187   0.000000000000   0.707106781187
                   0.577350269190   0.577350269190  -0.577350269190
         0,  677  -0.707106781187  -0.000000000000  -0.707106781187
                   0.577350269190   0.577350269190  -0.577350269190
0,  677 147597.378458261985 73005.209686531380 96935.655314589792    2    0
         0,  676   0.707106781187   0.000000000000   0.707106781187
                   0.577350269190   0.577350269190  -0.577350269190
         0,  678  -0.707106781187  -0.000000000000  -0.707106781187
                   0.577350269190   0.577350269190  -0.577350269190
0,  678 146328.563864669151 75542.838873717032 98204.469908182611    2    0
         0,  677   0.707106781187   0.000000000000   0.707106781187
                   0.577350269190   0.577350269190  -0.577350269190
         0,  679  -0.707106781187  -0.000000000000  -0.707106781187
                   0.577350269190   0.577350269190  -0.577350269190
0,  679 145059.749271076347 78080.468060902684 99473.284501775444    1    7
         0,  678   0.707106781187   0.000000000000   0.707106781187
                   0.577350269190   0.577350269190  -0.577350269190
0,  680 55363.815161407561 133342.277121212886 56576.992184310722    1    7
         0,  681  -0.707106781187  -0.707106781187  -0.000000000000
                   0.577350269190  -0.577350269190   0.577350269190
0,  681 56720.950041683645 131985.142240936781 53862.722423758547    2    0
         0,  680   0.707106781187   0.707106781187   0.000000000000
                   0.577350269190  -0.577350269190   0.577350269190
         0,  682  -0.707106781187  -0.707106781187  -0.000000000000
                   0.577350269190  -0.577350269190   0.577350269190
0,  682 58078.084921959737 130628.007360660704 51148.452663206372    2    0
         0,  681   0.707106781187   0.707106781187   0.000000000000
                   0.577350269190  -0.577350269190   0.577350269190
         0,  683  -0.707106781187  -0.707106781187  -0.000000000000
                   0.577350269190  -0.577350269190   0.577350269190
0,  683 59435.219802235828 129270.872480384613 48434.182902654196    2    0
         0,  682   0.707106781187   0.707106781187   0.000000000000
                   0.577350269190  -0.577350269190   0.577350269190
         0,  684  -0.707106781187  -0.707106781187  -0.000000000000
                   0.577350269190  -0.577350269190   0.577350269190
0,  684 60792.354682511912 127913.737600108521 45719.913142102021    1    7
         0,  683   0.707106781187   0.707106781187   0.000000000000
                   0.577350269190  -0.577350269190   0.577350269190
0,  685 37216.596555493859 71431.539028808358 48565.143137512263    1    7
         0,  686  -0.707106781187  -0.000000000000  -0.707106781187
                  -0.577350269190   0.577350269190   0.577350269190
0,  686 35986.265765730976 68970.877449282605 49795.473927275147    2    0
         0,  685   0.707106781187   0.000000000000   0.707106781187
                  -0.577350269190   0.577350269190   0.577350269190
         0,  687  -0.707106781187  -0.000000000000  -0.707106781187
                  -0.577350269190   0.577350269190   0.577350269190
0,  687 34755.934975968099 66510.215869756852 51025.804717038023    2    0
         0,  686   0.707106781187   0.000000000000   0.707106781187
                  -0.577350269190   0.577350269190   0.577350269190
         0,  688  -0.707106781187  -0.000000000000  -0.707106781187
                  -0.577350269190   0.577350269190   0.577350269190
0,  688 33525.604186205223 64049.554290231099 52256.135506800900    2    0
         0,  687   0.707106781187   0.000000000000   0.707106781187
                  -0.577350269190   0.577350269190   0.577350269190
         0,  689  -0.707106781187  -0.000000000000  -0.707106781187
                  -0.577350269190   0.577350269190   0.577350269190
0,  689 32295.273396442342 61588.892710705339 53486.466296563784    1    7
         0,  688   0.707106781187   0.000000000000   0.707106781187
                  -0.577350269190   0.577350269190   0.577350269190
0,  690 6267.189445734679 54184.766458984748 6006.605014857567    1    7
         0,  691   0.707106781187   0.707106781187   0.000000000000
                  -0.577350269190   0.577350269190   0.577350269190
0,  691 5529.961799148262 54921.994105571161 4532.149721684734    2    0
         0,  690  -0.707106781187  -0.707106781187  -0.000000000000
                  -0.577350269190   0.577350269190   0.577350269190
         0,  692   0.707106781187   0.707106781187   0.000000000000
                  -0.577350269190   0.577350269190   0.577350269190
0,  692 4792.734152561845 55659.221752157580 3057.694428511900    2    0
         0,  691  -0.707106781187  -0.707106781187  -0.000000000000
                  -0.577350269190   0.577350269190   0.577350269190
         0,  693   0.707106781187   0.707106781187   0.000000000000
                  -0.577350269190   0.577350269190   0.577350269190
0,  693 4055.506505975428 56396.449398744000 1583.239135339067    2    0
         0,  692  -0.707106781187  -0.707106781187  -0.000000000000
                  -0.577350269190   0.577350269190   0.577350269190
         0,  694   0.707106781187   0.707106781187   0.000000000000
                  -0.577350269190   0.577350269190   0.577350269190
0,  694 3318.278859389011 57133.677045330413 108.783842166233    1    7
         0,  693  -0.707106781187  -0.707106781187  -0.000000000000
                  -0.577350269190   0.577350269190   0.577350269190
0,  695 110561.679917000612 120241.409728114420 49354.342494754892    1    7
         0,  696   0.000000000000   0.707106781187   0.707106781187
                   0.577350269190   0.577350269190  -0.577350269190
0,  696 112155.638005374829 119444.430683927305 50151.321538942000    2    0
         0,  695  -0.000000000000  -0.707106781187  -0.707106781187
                   0.577350269190   0.577350269190  -0.577350269190
         0,  697   0.000000000000   0.707106781187   0.707106781187
                   0.577350269190   0.577350269190  -0.577350269190
0,  697 113749.596093749060 118647.451639740189 50948.300583129116    2    0
         0,  696  -0.000000000000  -0.707106781187  -0.707106781187
                   0.577350269190   0.577350269190  -0.577350269190
         0,  698   0.000000000000   0.707106781187   0.707106781187
                   0.577350269190   0.577350269190  -0.577350269190
0,  698 115343.554182123291 117850.472595553074 51745.279627316231    2    0
         0,  697  -0.000000000000  -0.707106781187  -0.707106781187
                   0.577350269190   0.577350269190  -0.577350269190
         0,  699   0.000000000000   0.707106781187   0.707106781187
                   0.577350269190   0.577350269190  -0.577350269190
0,  699 116937.512270497507 117053.493551365958 52542.258671503339    1    7
         0,  698  -0.000000000000  -0.707106781187  -0.707106781187
                   0.577350269190   0.577350269190  -0.577350269190
0,  700 100564.166869227221 17660.344800061146 20502.484512335461    1    7
         0,  701   0.000000000000   0.707106781187  -0.707106781187
                   0.577350269190   0.577350269190   0.577350269190
0,  701 97979.316207982891 18952.770130683304 21794.909842957619    2    0
         0,  700  -0.000000000000  -0.707106781187   0.707106781187
                   0.577350269190   0.577350269190   0.577350269190
         0,  702   0.000000000000   0.707106781187  -0.707106781187
                   0.577350269190   0.577350269190   0.577350269190
0,  702 95394.465546738575 20245.195461305466 23087.335173579781    2    0
         0,  701  -0.000000000000  -0.707106781187   0.707106781187
                   0.577350269190   0.577350269190   0.577350269190
         0,  703   0.000000000000   0.707106781187  -0.707106781187
                   0.577350269190   0.577350269190   0.577350269190
0,  703 92809.614885494258 21537.620791927628 24379.760504201942    2    0
         0,  702  -0.000000000000  -0.707106781187   0.707106781187
                   0.577350269190   0.577350269190   0.577350269190
         0,  704   0.000000000000   0.707106781187  -0.707106781187
                   0.577350269190   0.577350269190   0.577350269190
0,  704 90224.764224249928 22830.046122549786 25672.185834824100    1    7
         0,  703  -0.000000000000  -0.707106781187   0.707106781187
                   0.577350269190   0.577350269190   0.577350269190
0,  705 83808.334567676298 994.161771960236 156655.300004796183    1    7
         0,  706  -0.707106781187   0.707106781187  -0.000000000000
                   0.577350269190   0.577350269190   0.577350269190
0,  706 82650.569017335612 160478.966502744035 158970.831105477555    2    0
         0,  705   0.707106781187  -0.707106781187   0.000000000000
                   0.577350269190   0.577350269190   0.577350269190
         0,  707  -0.707106781187   0.707106781187  -0.000000000000
                   0.577350269190   0.577350269190   0.577350269190
0,  707 81492.803466994912 159321.200952403335 643.791925034458    2    0
         0,  706   0.707106781187  -0.707106781187   0.000000000000
                   0.577350269190   0.577350269190   0.577350269190
         0,  708  -0.707106781187   0.707106781187  -0.000000000000
                   0.577350269190   0.577350269190   0.577350269190
0,  708 80335.037916654212 158163.435402062634 2959.323025715845    2    0
         0,  707   0.707106781187  -0.707106781187   0.000000000000
                   0.577350269190   0.577350269190   0.577350269190
         0,  709  -0.707106781187   0.707106781187  -0.000000000000
                   0.577350269190   0.577350269190   0.577350269190
0,  709 79177.272366313526 157005.669851721934 5274.854126397233    1    7
         0,  708   0.707106781187  -0.707106781187   0.000000000000
                   0.577350269190   0.577350269190   0.577350269190
0,  710 158141.352910952555 92527.578164552397 17606.530987768572    1    7
         0,  711  -0.707106781187   0.707106781187  -0.000000000000
                   0.577350269190   0.577350269190  -0.577350269190
0,  711 158836.506329412543 93222.731583012384 18996.837824688555    2    0
         0,  710   0.707106781187  -0.707106781187   0.000000000000
                   0.577350269190   0.577350269190  -0.577350269190
         0,  712  -0.707106781187   0.707106781187  -0.000000000000
                   0.577350269190   0.577350269190  -0.577350269190
0,  712 159531.659747872531 93917.885001472372 20387.144661608534    2    0
         0,  711   0.707106781187  -0.707106781187   0.000000000000
                   0.577350269190   0.577350269190  -0.577350269190
         0,  713  -0.707106781187   0.707106781187  -0.000000000000
                   0.577350269190   0.577350269190  -0.577350269190
0,  713 160226.813166332518 94613.038419932360 21777.451498528513    2    0
         0,  712   0.707106781187  -0.707106781187   0.000000000000
                   0.577350269190   0.577350269190  -0.577350269190
         0,  714  -0.707106781187   0.707106781187  -0.000000000000
                   0.577350269190   0.577350269190  -0.577350269190
0,  714 279.396303668007 95308.191838392348 23167.758335448496    1    7
         0,  713   0.707106781187  -0.707106781187   0.000000000000
                   0.577350269190   0.577350269190  -0.577350269190
0,  715 88731.423319480920 105075.891400087305 46480.303382051381    1    7
         0,  716  -0.707106781187  -0.000000000000   0.707106781187
                   0.577350269190  -0.577350269190   0.577350269190
0,  716 87434.017933746494 102481.080628618482 45182.897996316962    2    0
         0,  715   0.707106781187   0.000000000000  -0.707106781187
                   0.577350269190  -0.577350269190   0.577350269190
         0,  717  -0.707106781187  -0.000000000000   0.707106781187
                   0.577350269190  -0.577350269190   0.577350269190
0,  717 86136.612548012083 99886.269857149644 43885.492610582543    2    0
         0,  716   0.707106781187   0.000000000000  -0.707106781187
                   0.577350269190  -0.577350269190   0.577350269190
         0,  718  -0.707106781187  -0.000000000000   0.707106781187
                   0.577350269190  -0.577350269190   0.577350269190
0,  718 84839.207162277671 97291.459085680806 42588.087224848125    2    0
         0,  717   0.707106781187   0.000000000000  -0.707106781187
                   0.577350269190  -0.577350269190   0.577350269190
         0,  719  -0.707106781187  -0.000000000000   0.707106781187
                   0.577350269190  -0.577350269190   0.577350269190
0,  719 83541.801776543245 94696.648314211983 41290.681839113706    1    7
         0,  718   0.707106781187   0.000000000000  -0.707106781187
                   0.577350269190  -0.577350269190   0.577350269190
0,  720 94076.144783153490 50223.680069755952 108042.514743146312    1    7
         0,  721   0.707106781187   0.000000000000   0.707106781187
                   0.577350269190   0.577350269190  -0.577350269190
0,  721 94794.506840642149 48786.955954778619 107324.152685657653    2    0
         0,  720  -0.707106781187  -0.000000000000  -0.707106781187
                   0.577350269190   0.577350269190  -0.577350269190
         0,  722   0.707106781187   0.000000000000   0.707106781187
                   0.577350269190   0.577350269190  -0.577350269190
0,  722 95512.868898130822 47350.231839801287 106605.790628168979    2    0
         0,  721  -0.707106781187  -0.000000000000  -0.707106781187
                   0.577350269190   0.577350269190  -0.577350269190
         0,  723   0.707106781187   0.000000000000   0.707106781187
                   0.577350269190   0.577350269190  -0.577350269190
0,  723 96231.230955619496 45913.507724823954 105887.428570680306    2    0
         0,  722  -0.707106781187  -0.000000000000  -0.707106781187
                   0.577350269190   0.577350269190  -0.577350269190
         0,  724   0.707106781187   0.000000000000   0.707106781187
                   0.577350269190   0.577350269190  -0.577350269190
0,  724 96949.593013108155 44476.783609846621 105169.066513191647    1    7
         0,  723  -0.707106781187  -0.000000000000  -0.707106781187
                   0.577350269190   0.577350269190  -0.577350269190
0,  725 90674.377423451937 34642.193104334576 137872.387195410760    1    7
         0,  726  -0.000000000000  -0.707106781187   0.707106781187
                  -0.577350269190   0.577350269190   0.577350269190
0,  726 93185.684670418923 35897.846727818069 139128.040818894253    2    0
         0,  725   0.000000000000   0.707106781187  -0.707106781187
                  -0.577350269190   0.577350269190   0.577350269190
         0,  727  -0.000000000000  -0.707106781187   0.707106781187
                  -0.577350269190   0.577350269190   0.577350269190
0,  727 95696.991917385923 37153.500351301569 140383.694442377746    2    0
         0,  726   0.000000000000   0.707106781187  -0.707106781187
                  -0.577350269190   0.577350269190   0.577350269190
         0,  728  -0.000000000000  -0.707106781187   0.707106781187
                  -0.577350269190   0.577350269190   0.577350269190
0,  728 98208.299164352924 38409.153974785069 141639.348065861239    2    0
         0,  727   0.000000000000   0.707106781187  -0.707106781187
                  -0.577350269190   0.577350269190   0.577350269190
         0,  729  -0.000000000000  -0.707106781187   0.707106781187
                  -0.577350269190   0.577350269190   0.577350269190
0,  729 100719.606411319910 39664.807598268562 142895.001689344732    1    7
         0,  728   0.000000000000   0.707106781187  -0.707106781187
                  -0.577350269190   0.577350269190   0.577350269190
0,  730 99830.235465806414 92351.326131416005 65355.756240718954    1    7
         0,  731  -0.707106781187  -0.000000000000   0.707106781187
                   0.577350269190  -0.577350269190   0.577350269190
0,  731 98972.959759844438 90636.774719492067 64498.480534756985    2    0
         0,  730   0.707106781187   0.000000000000  -0.707106781187
                   0.577350269190  -0.577350269190   0.577350269190
         0,  732  -0.707106781187  -0.000000000000   0.707106781187
                   0.577350269190  -0.577350269190   0.577350269190
0,  732 98115.684053882462 88922.223307568114 63641.204828795009    2    0
         0,  731   0.707106781187   0.000000000000  -0.707106781187
                   0.577350269190  -0.577350269190   0.577350269190
         0,  733  -0.707106781187  -0.000000000000   0.707106781187
                   0.577350269190  -0.577350269190   0.577350269190
0,  733 97258.408347920486 87207.671895644162 62783.929122833033    2    0
         0,  732   0.707106781187   0.000000000000  -0.707106781187
                   0.577350269190  -0.577350269190   0.577350269190
         0,  734  -0.707106781187  -0.000000000000   0.707106781187
                   0.577350269190  -0.577350269190   0.577350269190
0,  734 96401.132641958509 85493.120483720224 61926.653416871064    1    7
         0,  733   0.707106781187   0.000000000000  -0.707106781187
                   0.577350269190  -0.577350269190   0.577350269190
0,  735 93368.712089054476 119540.530080285433 1924.811383597116    1    7
         0,  736   0.707106781187   0.707106781187   0.000000000000
                  -0.577350269190   0.577350269190   0.577350269190
0,  736 92221.528359337419 120687.713810002489 160273.014205287502    2    0
         0,  735  -0.707106781187  -0.707106781187  -0.000000000000
                  -0.577350269190   0.577350269190   0.577350269190
         0,  737   0.707106781187   0.707106781187   0.000000000000
                  -0.577350269190   0.577350269190   0.577350269190
0,  737 91074.344629620377 121834.897539719532 157978.646745853417    2    0
         0,  736  -0.707106781187  -0.707106781187  -0.000000000000
                  -0.577350269190   0.577350269190   0.577350269190
         0,  738   0.707106781187   0.707106781187   0.000000000000
                  -0.577350269190   0.577350269190   0.577350269190
0,  738 89927.160899903334 122982.081269436574 155684.279286419332    2    0
         0,  737  -0.707106781187  -0.707106781187  -0.000000000000
                  -0.577350269190   0.577350269190   0.577350269190
         0,  739   0.707106781187   0.707106781187   0.000000000000
                  -0.577350269190   0.577350269190   0.577350269190
0,  739 88779.977170186277 124129.264999153631 153389.911826985219    1    7
         0,  738  -0.707106781187  -0.707106781187  -0.000000000000
                  -0.577350269190   0.577350269190   0.577350269190
0,  740 78781.860053374374 3944.235255879671 125935.031290560742    1    7
         0,  741   0.000000000000   0.707106781187   0.707106781187
                   0.577350269190   0.577350269190  -0.577350269190
0,  741 80722.902065685645 2973.714249724031 126905.552296716385    2    0
         0,  740  -0.000000000000  -0.707106781187  -0.707106781187
                   0.577350269190   0.577350269190  -0.577350269190
         0,  742   0.000000000000   0.707106781187   0.707106781187
                   0.577350269190   0.577350269190  -0.577350269190
0,  742 82663.944077996930 2003.193243568391 127876.073302872028    2    0
         0,  741  -0.000000000000  -0.707106781187  -0.707106781187
                   0.577350269190   0.577350269190  -0.577350269190
         0,  743   0.000000000000   0.707106781187   0.707106781187
                   0.577350269190   0.577350269190  -0.577350269190
0,  743 84604.986090308215 1032.672237412752 128846.594309027671    2    0
         0,  742  -0.000000000000  -0.707106781187  -0.707106781187
                   0.577350269190   0.577350269190  -0.577350269190
         0,  744   0.000000000000   0.707106781187   0.707106781187
                   0.577350269190   0.577350269190  -0.577350269190
0,  744 86546.028102619486  62.151231257112 129817.115315183313    1    7
         0,  743  -0.000000000000  -0.707106781187  -0.707106781187
                   0.577350269190   0.577350269190  -0.577350269190
0,  745 10953.732057983565 144995.809187087754 65534.093261812130    1    7
         0,  746  -0.000000000000  -0.707106781187   0.707106781187
                   0.577350269190   0.577350269190   0.577350269190
0,  746 13032.847000027590 143956.251716065744 64494.535790790113    2    0
         0,  745   0.000000000000   0.707106781187  -0.707106781187
                   0.577350269190   0.577350269190   0.577350269190
         0,  747  -0.000000000000  -0.707106781187   0.707106781187
                   0.577350269190   0.577350269190   0.577350269190
0,  747 15111.961942071615 142916.694245043735 63454.978319768103    2    0
         0,  746   0.000000000000   0.707106781187  -0.707106781187
                   0.577350269190   0.577350269190   0.577350269190
         0,  748  -0.000000000000  -0.707106781187   0.707106781187
                   0.577350269190   0.577350269190   0.577350269190
0,  748 17191.076884115639 141877.136774021725 62415.420848746093    2    0
         0,  747   0.000000000000   0.707106781187  -0.707106781187
                   0.577350269190   0.577350269190   0.577350269190
         0,  749  -0.000000000000  -0.707106781187   0.707106781187
                   0.577350269190   0.577350269190   0.577350269190
0,  749 19270.191826159666 140837.579302999715 61375.863377724076    1    7
         0,  748   0.000000000000   0.707106781187  -0.707106781187
                   0.577350269190   0.577350269190   0.577350269190
0,  750 21694.696358087531 156766.955996801349 33267.647373484768    1    7
         0,  751  -0.707106781187  -0.707106781187  -0.000000000000
                   0.577350269190  -0.577350269190   0.577350269190
0,  751 22845.272385320935 155616.379969567963 30966.495319017959    2    0
         0,  750   0.707106781187   0.707106781187   0.000000000000
                   0.577350269190  -0.577350269190   0.577350269190
         0,  752  -0.707106781187  -0.707106781187  -0.000000000000
                   0.577350269190  -0.577350269190   0.577350269190
0,  752 23995.848412554340 154465.803942334547 28665.343264551149    2    0
         0,  751   0.707106781187   0.707106781187   0.000000000000
                   0.577350269190  -0.577350269190   0.577350269190
         0,  753  -0.707106781187  -0.707106781187  -0.000000000000
                   0.577350269190  -0.577350269190   0.577350269190
0,  753 25146.424439787745 153315.227915101132 26364.191210084340    2    0
         0,  752   0.707106781187   0.707106781187   0.000000000000
                   0.577350269190  -0.577350269190   0.577350269190
         0,  754  -0.707106781187  -0.707106781187  -0.000000000000
                   0.577350269190  -0.577350269190   0.577350269190
0,  754 26297.000467021149 152164.651887867745 24063.039155617527    1    7
         0,  753   0.707106781187   0.707106781187   0.000000000000
                   0.577350269190  -0.577350269190   0.577350269190
0,  755 148240.169355763443 30798.841337816728 77110.553939361285    1    7
         0,  756   0.707106781187   0.000000000000  -0.707106781187
                   0.577350269190   0.577350269190   0.577350269190
0,  756 147419.903484462528 32439.373080418518 76290.288068060399    2    0
         0,  755  -0.707106781187  -0.000000000000   0.707106781187
                   0.577350269190   0.577350269190   0.577350269190
         0,  757   0.707106781187   0.000000000000  -0.707106781187
                   0.577350269190   0.577350269190   0.577350269190
0,  757 146599.637613161642 34079.904823020304 75470.022196759499    2    0
         0,  756  -0.707106781187  -0.000000000000   0.707106781187
                   0.577350269190   0.577350269190   0.577350269190
         0,  758   0.707106781187   0.000000000000  -0.707106781187
                   0.577350269190   0.577350269190   0.577350269190
0,  758 145779.371741860756 35720.436565622091 74649.756325458598    2    0
         0,  757  -0.707106781187  -0.000000000000   0.707106781187
                   0.577350269190   0.577350269190   0.577350269190
         0,  759   0.707106781187   0.000000000000  -0.707106781187
                   0.577350269190   0.577350269190   0.577350269190
0,  759 144959.105870559841 37360.968308223877 73829.490454157713    1    7
         0,  758  -0.707106781187  -0.000000000000   0.707106781187
                   0.577350269190   0.577350269190   0.577350269190
0,  760 138732.146416325937 58521.216492872714 87796.904672734832    1    7
         0,  761   0.707106781187  -0.707106781187   0.000000000000
                   0.577350269190   0.577350269190   0.577350269190
0,  761 139917.537771279574 59706.607847826337 85426.121962827587    2    0
         0,  760  -0.707106781187   0.707106781187  -0.000000000000
                   0.577350269190   0.577350269190   0.577350269190
         0,  762   0.707106781187  -0.707106781187   0.000000000000
                   0.577350269190   0.577350269190   0.577350269190
0,  762 141102.929126233183 60891.999202779953 83055.339252920356    2    0
         0,  761  -0.707106781187   0.707106781187  -0.000000000000
                   0.577350269190   0.577350269190   0.577350269190
         0,  763   0.707106781187  -0.707106781187   0.000000000000
                   0.577350269190   0.577350269190   0.577350269190
0,  763 142288.320481186791 62077.390557733568 80684.556543013125    2    0
         0,  762  -0.707106781187   0.707106781187  -0.000000000000
                   0.577350269190   0.577350269190   0.577350269190
         0,  764   0.707106781187  -0.707106781187   0.000000000000
                   0.577350269190   0.577350269190   0.577350269190
0,  764 143473.711836140428 63262.781912687191 78313.773833105879    1    7
         0,  763  -0.707106781187   0.707106781187  -0.000000000000
                   0.577350269190   0.577350269190   0.577350269190
0,  765 123394.701012357473 86791.580111358562 19187.664743603997    1    7
         0,  766   0.707106781187   0.000000000000   0.707106781187
                  -0.577350269190   0.577350269190   0.577350269190
0,  766 124585.714363695588 89173.606814034822 17996.651392265871    2    0
         0,  765  -0.707106781187  -0.000000000000  -0.707106781187
                  -0.577350269190   0.577350269190   0.577350269190
         0,  767   0.707106781187   0.000000000000   0.707106781187
                  -0.577350269190   0.577350269190   0.577350269190
0,  767 125776.727715033718 91555.633516711066 16805.638040927744    2    0
         0,  766  -0.707106781187  -0.000000000000  -0.707106781187
                  -0.577350269190   0.577350269190   0.577350269190
         0,  768   0.707106781187   0.000000000000   0.707106781187
                  -0.577350269190   0.577350269190   0.577350269190
0,  768 126967.741066371847 93937.660219387311 15614.624689589618    2    0
         0,  767  -0.707106781187  -0.000000000000  -0.707106781187
                  -0.577350269190   0.577350269190   0.577350269190
         0,  769   0.707106781187   0.000000000000   0.707106781187
                  -0.577350269190   0.577350269190   0.577350269190
0,  769 128158.754417709963 96319.686922063571 14423.611338251494    1    7
         0,  768  -0.707106781187  -0.000000000000  -0.707106781187
                  -0.577350269190   0.577350269190   0.577350269190
0,  770 144255.666216591431 130812.357792282695 13438.230638088795    1    7
         0,  771   0.000000000000   0.707106781187   0.707106781187
                   0.577350269190  -0.577350269190   0.577350269190
0,  771 141651.731848940544 129510.390608457252 14740.197821914237    2    0
         0,  770  -0.000000000000  -0.707106781187  -0.707106781187
                   0.577350269190  -0.577350269190   0.577350269190
         0,  772   0.000000000000   0.707106781187   0.707106781187
                   0.577350269190  -0.577350269190   0.577350269190
0,  772 139047.797481289657 128208.423424631808 16042.165005739676    2    0
         0,  771  -0.000000000000  -0.707106781187  -0.707106781187
                   0.577350269190  -0.577350269190   0.577350269190
         0,  773   0.000000000000   0.707106781187   0.707106781187
                   0.577350269190  -0.577350269190   0.577350269190
0,  773 136443.863113638770 126906.456240806365 17344.132189565116    2    0
         0,  772  -0.000000000000  -0.707106781187  -0.707106781187
                   0.577350269190  -0.577350269190   0.577350269190
         0,  774   0.000000000000   0.707106781187   0.707106781187
                   0.577350269190  -0.577350269190   0.577350269190
0,  774 133839.928745987883 125604.489056980921 18646.099373390556    1    7
         0,  773  -0.000000000000  -0.707106781187  -0.707106781187
                   0.577350269190  -0.577350269190   0.577350269190
0,  775 2070.112163589125 155657.989934726997 57291.146606983530    1    7
         0,  776  -0.707106781187   0.707106781187  -0.000000000000
                   0.577350269190   0.577350269190  -0.577350269190
0,  776 2893.698216890662 156481.575988028519 58938.318713586603    2    0
         0,  775   0.707106781187  -0.707106781187   0.000000000000
                   0.577350269190   0.577350269190  -0.577350269190
         0,  777  -0.707106781187   0.707106781187  -0.000000000000
                   0.577350269190   0.577350269190  -0.577350269190
0,  777 3717.284270192199 157305.162041330070 60585.490820189676    2    0
         0,  776   0.707106781187  -0.707106781187   0.000000000000
                   0.577350269190   0.577350269190  -0.577350269190
         0,  778  -0.707106781187   0.707106781187  -0.000000000000
                   0.577350269190   0.577350269190  -0.577350269190
0,  778 4540.870323493736 158128.748094631621 62232.662926792749    2    0
         0,  777   0.707106781187  -0.707106781187   0.000000000000
                   0.577350269190   0.577350269190  -0.577350269190
         0,  779  -0.707106781187   0.707106781187  -0.000000000000
                   0.577350269190   0.577350269190  -0.577350269190
0,  779 5364.456376795272 158952.334147933143 63879.835033395822    1    7
         0,  778   0.707106781187  -0.707106781187   0.000000000000
                   0.577350269190   0.577350269190  -0.577350269190
0,  780 144933.087410820124 61042.973093296445 46563.490331091125    1    7
         0,  781   0.707106781187   0.707106781187   0.000000000000
                   0.577350269190  -0.577350269190   0.577350269190
0,  781 143757.394186377380 62218.666317739167 48914.876779976570    2    0
         0,  780  -0.707106781187  -0.707106781187  -0.000000000000
                   0.577350269190  -0.577350269190   0.577350269190
         0,  782   0.707106781187   0.707106781187   0.000000000000
                   0.577350269190  -0.577350269190   0.577350269190
0,  782 142581.700961934665 63394.359542181890 51266.263228862015    2    0
         0,  781  -0.707106781187  -0.707106781187  -0.000000000000
                   0.577350269190  -0.577350269190   0.577350269190
         0,  783   0.707106781187   0.707106781187   0.000000000000
                   0.577350269190  -0.577350269190   0.577350269190
0,  783 141406.007737491949 64570.052766624613 53617.649677747460    2    0
         0,  782  -0.707106781187  -0.707106781187  -0.000000000000
                   0.577350269190  -0.577350269190   0.577350269190
         0,  784   0.707106781187   0.707106781187   0.000000000000
                   0.577350269190  -0.577350269190   0.577350269190
0,  784 140230.314513049205 65745.745991067335 55969.036126632906    1    7
         0,  783  -0.707106781187  -0.707106781187  -0.000000000000
                   0.577350269190  -0.577350269190   0.577350269190
0,  785 63525.132127909274 101070.974477884709 152462.232882740034    1    7
         0,  786   0.707106781187   0.000000000000   0.707106781187
                   0.577350269190   0.577350269190  -0.577350269190
0,  786 64625.214869159223 98870.808995384810 151362.150141490099    2    0
         0,  785  -0.707106781187  -0.000000000000  -0.707106781187
                   0.577350269190   0.577350269190  -0.577350269190
         0,  787   0.707106781187   0.000000000000   0.707106781187
                   0.577350269190   0.577350269190  -0.577350269190
0,  787 65725.297610409179 96670.643512884897 150262.067400240136    2    0
         0,  786  -0.707106781187  -0.000000000000  -0.707106781187
                   0.577350269190   0.577350269190  -0.577350269190
         0,  788   0.707106781187   0.000000000000   0.707106781187
                   0.577350269190   0.577350269190  -0.577350269190
0,  788 66825.380351659129 94470.478030384984 149161.984658990172    2    0
         0,  787  -0.707106781187  -0.000000000000  -0.707106781187
                   0.577350269190   0.577350269190  -0.577350269190
         0,  789   0.707106781187   0.000000000000   0.707106781187
                   0.577350269190   0.577350269190  -0.577350269190
0,  789 67925.463092909093 92270.312547885085 148061.901917740237    1    7
         0,  788  -0.707106781187  -0.000000000000  -0.707106781187
                   0.577350269190   0.577350269190  -0.577350269190
0,  790 29597.978152119416 56580.955722992447 61303.167203121389    1    7
         0,  791   0.707106781187   0.000000000000  -0.707106781187
                   0.577350269190  -0.577350269190   0.577350269190
0,  791 30601.573875307204 58588.147169368021 62306.762926309180    2    0
         0,  790  -0.707106781187  -0.000000000000   0.707106781187
                   0.577350269190  -0.577350269190   0.577350269190
         0,  792   0.707106781187   0.000000000000  -0.707106781187
                   0.577350269190  -0.577350269190   0.577350269190
0,  792 31605.169598494991 60595.338615743596 63310.358649496964    2    0
         0,  791  -0.707106781187  -0.000000000000   0.707106781187
                   0.577350269190  -0.577350269190   0.577350269190
         0,  793   0.707106781187   0.000000000000  -0.707106781187
                   0.577350269190  -0.577350269190   0.577350269190
0,  793 32608.765321682778 62602.530062119171 64313.954372684748    2    0
         0,  792  -0.707106781187  -0.000000000000   0.707106781187
                   0.577350269190  -0.577350269190   0.577350269190
         0,  794   0.707106781187   0.000000000000  -0.707106781187
                   0.577350269190  -0.577350269190   0.577350269190
0,  794 33612.361044870566 64609.721508494746 65317.550095872539    1    7
         0,  793  -0.707106781187  -0.000000000000   0.707106781187
                   0.577350269190  -0.577350269190   0.577350269190
0,  795 111516.751174296282 57628.459364102309 151850.391837669158    1    7
         0,  796  -0.707106781187  -0.000000000000  -0.707106781187
                  -0.577350269190   0.577350269190   0.577350269190
0,  796 110743.281080616202 56081.519176742135 152623.861931349267    2    0
         0,  795   0.707106781187   0.000000000000   0.707106781187
                  -0.577350269190   0.577350269190   0.577350269190
         0,  797  -0.707106781187  -0.000000000000  -0.707106781187
                  -0.577350269190   0.577350269190   0.577350269190
0,  797 109969.810986936107 54534.578989381960 153397.332025029347    2    0
         0,  796   0.707106781187   0.000000000000   0.707106781187
                  -0.577350269190   0.577350269190   0.577350269190
         0,  798  -0.707106781187  -0.000000000000  -0.707106781187
                  -0.577350269190   0.577350269190   0.577350269190
0,  798 109196.340893256012 52987.638802021786 154170.802118709427    2    0
         0,  797   0.707106781187   0.000000000000   0.707106781187
                  -0.577350269190   0.577350269190   0.577350269190
         0,  799  -0.707106781187  -0.000000000000  -0.707106781187
                  -0.577350269190   0.577350269190   0.577350269190
0,  799 108422.870799575932 51440.698614661611 154944.272212389536    1    7
         0,  798   0.707106781187   0.000000000000   0.707106781187
                  -0.577350269190   0.577350269190   0.577350269190
0,  800 12489.921920189070 119344.127297098035 143232.678312239790    1    7
         0,  801  -0.000000000000  -0.707106781187  -0.707106781187
                   0.577350269190  -0.577350269190   0.577350269190
0,  801 14190.704342007974 120194.518508007488 142382.287101330323    2    0
         0,  800   0.000000000000   0.707106781187   0.707106781187
                   0.577350269190  -0.577350269190   0.577350269190
         0,  802  -0.000000000000  -0.707106781187  -0.707106781187
                   0.577350269190  -0.577350269190   0.577350269190
0,  802 15891.486763826877 121044.909718916941 141531.895890420885    2    0
         0,  801   0.000000000000   0.707106781187   0.707106781187
                   0.577350269190  -0.577350269190   0.577350269190
         0,  803  -0.000000000000  -0.707106781187  -0.707106781187
                   0.577350269190  -0.577350269190   0.577350269190
0,  803 17592.269185645779 121895.300929826393 140681.504679511447    2    0
         0,  802   0.000000000000   0.707106781187   0.707106781187
                   0.577350269190  -0.577350269190   0.577350269190
         0,  804  -0.000000000000  -0.707106781187  -0.707106781187
                   0.577350269190  -0.577350269190   0.577350269190
0,  804 19293.051607464684 122745.692140735846 139831.113468601980    1    7
         0,  803   0.000000000000   0.707106781187   0.707106781187
                   0.577350269190  -0.577350269190   0.577350269190
0,  805 28093.960940459398 85605.386246303577 71751.676339488535    1    7
         0,  806  -0.707106781187  -0.707106781187  -0.000000000000
                  -0.577350269190   0.577350269190   0.577350269190
0,  806 28967.955158670437 84731.392028092538 73499.664775910613    2    0
         0,  805   0.707106781187   0.707106781187   0.000000000000
                  -0.577350269190   0.577350269190   0.577350269190
         0,  807  -0.707106781187  -0.707106781187  -0.000000000000
                  -0.577350269190   0.577350269190   0.577350269190
0,  807 29841.949376881475 83857.397809881499 75247.653212332691    2    0
         0,  806   0.707106781187   0.707106781187   0.000000000000
                  -0.577350269190   0.577350269190   0.577350269190
         0,  808  -0.707106781187  -0.707106781187  -0.000000000000
                  -0.577350269190   0.577350269190   0.577350269190
0,  808 30715.943595092514 82983.403591670460 76995.641648754769    2    0
         0,  807   0.707106781187   0.707106781187   0.000000000000
                  -0.577350269190   0.577350269190   0.577350269190
         0,  809  -0.707106781187  -0.707106781187  -0.000000000000
                  -0.577350269190   0.577350269190   0.577350269190
0,  809 31589.937813303553 82109.409373459421 78743.630085176846    1    7
         0,  808   0.707106781187   0.707106781187   0.000000000000
                  -0.577350269190   0.577350269190   0.577350269190
0,  810 5534.275679556360 75625.556536882359 150664.714195539331    1    7
         0,  811  -0.707106781187   0.707106781187  -0.000000000000
                   0.577350269190   0.577350269190  -0.577350269190
0,  811 6395.500650173874 76486.781507499865 152387.164136774343    2    0
         0,  810   0.707106781187  -0.707106781187   0.000000000000
                   0.577350269190   0.577350269190  -0.577350269190
         0,  812  -0.707106781187   0.707106781187  -0.000000000000
                   0.577350269190   0.577350269190  -0.577350269190
0,  812 7256.725620791388 77348.006478117386 154109.614078009385    2    0
         0,  811   0.707106781187  -0.707106781187   0.000000000000
                   0.577350269190   0.577350269190  -0.577350269190
         0,  813  -0.707106781187   0.707106781187  -0.000000000000
                   0.577350269190   0.577350269190  -0.577350269190
0,  813 8117.950591408902 78209.231448734907 155832.064019244426    2    0
         0,  812   0.707106781187  -0.707106781187   0.000000000000
                   0.577350269190   0.577350269190  -0.577350269190
         0,  814  -0.707106781187   0.707106781187  -0.000000000000
                   0.577350269190   0.577350269190  -0.577350269190
0,  814 8979.175562026416 79070.456419352413 157554.513960479439    1    7
         0,  813   0.707106781187  -0.707106781187   0.000000000000
                   0.577350269190   0.577350269190  -0.577350269190
0,  815 13261.783752803949 42812.052310649480 45093.207147042085    1    7
         0,  816   0.000000000000   0.707106781187   0.707106781187
                   0.577350269190   0.577350269190  -0.577350269190
0,  816 15521.821517334996 41682.033428383962 46223.226029307603    2    0
         0,  815  -0.000000000000  -0.707106781187  -0.707106781187
                   0.577350269190   0.577350269190  -0.577350269190
         0,  817   0.000000000000   0.707106781187   0.707106781187
                   0.577350269190   0.577350269190  -0.577350269190
0,  817 17781.859281866044 40552.014546118437 47353.244911573129    2    0
         0,  816  -0.000000000000  -0.707106781187  -0.707106781187
                   0.577350269190   0.577350269190  -0.577350269190
         0,  818   0.000000000000   0.707106781187   0.707106781187
                   0.577350269190   0.577350269190  -0.577350269190
0,  818 20041.897046397091 39421.995663852911 48483.263793838654    2    0
         0,  817  -0.000000000000  -0.707106781187  -0.707106781187
                   0.577350269190   0.577350269190  -0.577350269190
         0,  819   0.000000000000   0.707106781187   0.707106781187
                   0.577350269190   0.577350269190  -0.577350269190
0,  819 22301.934810928138 38291.976781587393 49613.282676104172    1    7
         0,  818  -0.000000000000  -0.707106781187  -0.707106781187
                   0.577350269190   0.577350269190  -0.577350269190
0,  820 136009.873042314051 142428.463418205822 155750.030435766559    1    7
         0,  821  -0.000000000000  -0.707106781187   0.707106781187
                  -0.577350269190   0.577350269190   0.577350269190
0,  821 138423.474454058160 143635.264124077890 156956.831141638628    2    0
         0,  820   0.000000000000   0.707106781187  -0.707106781187
                  -0.577350269190   0.577350269190   0.577350269190
         0,  822  -0.000000000000  -0.707106781187   0.707106781187
                  -0.577350269190   0.577350269190   0.577350269190
0,  822 140837.075865802297 144842.064829949959 158163.631847510696    2    0
         0,  821   0.000000000000   0.707106781187  -0.707106781187
                  -0.577350269190   0.577350269190   0.577350269190
         0,  823  -0.000000000000  -0.707106781187   0.707106781187
                  -0.577350269190   0.577350269190   0.577350269190
0,  823 143250.677277546434 146048.865535822028 159370.432553382765    2    0
         0,  822   0.000000000000   0.707106781187  -0.707106781187
                  -0.577350269190   0.577350269190   0.577350269190
         0,  824  -0.000000000000  -0.707106781187   0.707106781187
                  -0.577350269190   0.577350269190   0.577350269190
0,  824 145664.278689290542 147255.666241694096 160577.233259254834    1    7
         0,  823   0.000000000000   0.707106781187  -0.707106781187
                  -0.577350269190   0.577350269190   0.577350269190
0,  825 8826.545591818092 27557.803102881720 46199.137716018653    1    7
         0,  826  -0.707106781187  -0.000000000000   0.707106781187
                   0.577350269190   0.577350269190   0.577350269190
0,  826 10182.119422646747 24846.655441224411 47554.711546847313    2    0
         0,  825   0.707106781187   0.000000000000  -0.707106781187
                   0.577350269190   0.577350269190   0.577350269190
         0,  827  -0.707106781187  -0.000000000000   0.707106781187
                   0.577350269190   0.577350269190   0.577350269190
0,  827 11537.693253475403 22135.507779567099 48910.285377675966    2    0
         0,  826   0.707106781187   0.000000000000  -0.707106781187
                   0.577350269190   0.577350269190   0.577350269190
         0,  828  -0.707106781187  -0.000000000000   0.707106781187
                   0.577350269190   0.577350269190   0.577350269190
0,  828 12893.267084304060 19424.360117909786 50265.859208504618    2    0
         0,  827   0.707106781187   0.000000000000  -0.707106781187
                   0.577350269190   0.577350269190   0.577350269190
         0,  829  -0.707106781187  -0.000000000000   0.707106781187
                   0.577350269190   0.577350269190   0.577350269190
0,  829 14248.840915132714 16713.212456252477 51621.433039333278    1    7
         0,  828   0.707106781187   0.000000000000  -0.707106781187
                   0.577350269190   0.577350269190   0.577350269190
0,  830 13454.984309506479 133747.204244713415 103324.883828901526    1    7
         0,  831   0.707106781187  -0.707106781187   0.000000000000
                   0.577350269190   0.577350269190   0.577350269190
0,  831 14516.880805795752 134809.100741002709 101201.090836322968    2    0
         0,  830  -0.707106781187   0.707106781187  -0.000000000000
                   0.577350269190   0.577350269190   0.577350269190
         0,  832   0.707106781187  -0.707106781187   0.000000000000
                   0.577350269190   0.577350269190   0.577350269190
0,  832 15578.777302085027 135870.997237291973 99077.297843744425    2    0
         0,  831  -0.707106781187   0.707106781187  -0.000000000000
                   0.577350269190   0.577350269190   0.577350269190
         0,  833   0.707106781187  -0.707106781187   0.000000000000
                   0.577350269190   0.577350269190   0.577350269190
0,  833 16640.673798374301 136932.893733581237 96953.504851165882    2    0
         0,  832  -0.707106781187   0.707106781187  -0.000000000000
                   0.577350269190   0.577350269190   0.577350269190
         0,  834   0.707106781187  -0.707106781187   0.000000000000
                   0.577350269190   0.577350269190   0.577350269190
0,  834 17702.570294663576 137994.790229870530 94829.711858587325    1    7
         0,  833  -0.707106781187   0.707106781187  -0.000000000000
                   0.577350269190   0.577350269190   0.577350269190
0,  835 44902.383469844928 23643.549177905927 134747.345613655430    1    7
         0,  836   0.000000000000   0.707106781187  -0.707106781187
                   0.577350269190   0.577350269190   0.577350269190
0,  836 42792.996907629080 24698.242459013851 135802.038894763333    2    0
         0,  835  -0.000000000000  -0.707106781187   0.707106781187
                   0.577350269190   0.577350269190   0.577350269190
         0,  837   0.000000000000   0.707106781187  -0.707106781187
                   0.577350269190   0.577350269190   0.577350269190
0,  837 40683.610345413232 25752.935740121775 136856.732175871264    2    0
         0,  836  -0.000000000000  -0.707106781187   0.707106781187
                   0.577350269190   0.577350269190   0.577350269190
         0,  838   0.000000000000   0.707106781187  -0.707106781187
                   0.577350269190   0.577350269190   0.577350269190
0,  838 38574.223783197383 26807.629021229699 137911.425456979196    2    0
         0,  837  -0.000000000000  -0.707106781187   0.707106781187
                   0.577350269190   0.577350269190   0.577350269190
         0,  839   0.000000000000   0.707106781187  -0.707106781187
                   0.577350269190   0.577350269190   0.577350269190
0,  839 36464.837220981535 27862.322302337623 138966.118738087098    1    7
         0,  838  -0.000000000000  -0.707106781187   0.707106781187
                   0.577350269190   0.577350269190   0.577350269190
0,  840 115926.440368868556 51888.760699900246 57472.337488329395    1    7
         0,  841  -0.707106781187  -0.000000000000   0.707106781187
                   0.577350269190   0.577350269190   0.577350269190
0,  841 117009.760547457045 49722.120342723276 58555.657666917883    2    0
         0,  840   0.707106781187   0.000000000000  -0.707106781187
                   0.577350269190   0.577350269190   0.577350269190
         0,  842  -0.707106781187  -0.000000000000   0.707106781187
                   0.577350269190   0.577350269190   0.577350269190
0,  842 118093.080726045533 47555.479985546299 59638.977845506372    2    0
         0,  841   0.707106781187   0.000000000000  -0.707106781187
                   0.577350269190   0.577350269190   0.577350269190
         0,  843  -0.707106781187  -0.000000000000   0.707106781187
                   0.577350269190   0.577350269190   0.577350269190
0,  843 119176.400904634022 45388.839628369322 60722.298024094860    2    0
         0,  842   0.707106781187   0.000000000000  -0.707106781187
                   0.577350269190   0.577350269190   0.577350269190
         0,  844  -0.707106781187  -0.000000000000   0.707106781187
                   0.577350269190   0.577350269190   0.577350269190
0,  844 120259.721083222510 43222.199271192352 61805.618202683348    1    7
         0,  843   0.707106781187   0.000000000000  -0.707106781187
                   0.577350269190   0.577350269190   0.577350269190
0,  845 122151.444818465985 35144.380914642403 155093.870537724259    1    7
         0,  846  -0.707106781187  -0.707106781187  -0.000000000000
                   0.577350269190  -0.577350269190   0.577350269190
0,  846 123112.106961407131 34183.718771701257 153172.546251841966    2    0
         0,  845   0.707106781187   0.707106781187   0.000000000000
                   0.577350269190  -0.577350269190   0.577350269190
         0,  847  -0.707106781187  -0.707106781187  -0.000000000000
                   0.577350269190  -0.577350269190   0.577350269190
0,  847 124072.769104348277 33223.056628760110 151251.221965959674    2    0
         0,  846   0.707106781187   0.707106781187   0.000000000000
                   0.577350269190  -0.577350269190   0.577350269190
         0,  848  -0.707106781187  -0.707106781187  -0.000000000000
                   0.577350269190  -0.577350269190   0.577350269190
0,  848 125033.431247289423 32262.394485818964 149329.897680077382    2    0
         0,  847   0.707106781187   0.707106781187   0.000000000000
                   0.577350269190  -0.577350269190   0.577350269190
         0,  849  -0.707106781187  -0.707106781187  -0.000000000000
                   0.577350269190  -0.577350269190   0.577350269190
0,  849 125994.093390230570 31301.732342877818 147408.573394195089    1    7
         0,  848   0.707106781187   0.707106781187   0.000000000000
                   0.577350269190  -0.577350269190   0.577350269190
0,  850 147020.642298466642 17660.458408348833 40963.711358899425    1    7
         0,  851   0.000000000000   0.707106781187   0.707106781187
                   0.577350269190  -0.577350269190   0.577350269190
0,  851 145487.998452336149 16894.136485283598 41730.033281964657    2    0
         0,  850  -0.000000000000  -0.707106781187  -0.707106781187
                   0.577350269190  -0.577350269190   0.577350269190
         0,  852   0.000000000000   0.707106781187   0.707106781187
                   0.577350269190  -0.577350269190   0.577350269190
0,  852 143955.354606205685 16127.814562218360 42496.355205029897    2    0
         0,  851  -0.000000000000  -0.707106781187  -0.707106781187
                   0.577350269190  -0.577350269190   0.577350269190
         0,  853   0.000000000000   0.707106781187   0.707106781187
                   0.577350269190  -0.577350269190   0.577350269190
0,  853 142422.710760075221 15361.492639153124 43262.677128095136    2    0
         0,  852  -0.000000000000  -0.707106781187  -0.707106781187
                   0.577350269190  -0.577350269190   0.577350269190
         0,  854   0.000000000000   0.707106781187   0.707106781187
                   0.577350269190  -0.577350269190   0.577350269190
0,  854 140890.066913944727 14595.170716087889 44028.999051160368    1    7
         0,  853  -0.000000000000  -0.707106781187  -0.707106781187
                   0.577350269190  -0.577350269190   0.577350269190
0,  855 116620.917386636313 139285.888963538688 145544.603798750322    1    7
         0,  856   0.707106781187  -0.707106781187   0.000000000000
                   0.577350269190   0.577350269190  -0.577350269190
0,  856 115358.266029541977 138023.237606444338 143019.301084561652    2    0
         0,  855  -0.707106781187   0.707106781187  -0.000000000000
                   0.577350269190   0.577350269190  -0.577350269190
         0,  857   0.707106781187  -0.707106781187   0.000000000000
                   0.577350269190   0.577350269190  -0.577350269190
0,  857 114095.614672447642 136760.586249350017 140493.998370372981    2    0
         0,  856  -0.707106781187   0.707106781187  -0.000000000000
                   0.577350269190   0.577350269190  -0.577350269190
         0,  858   0.707106781187  -0.707106781187   0.000000000000
                   0.577350269190   0.577350269190  -0.577350269190
0,  858 112832.963315353307 135497.934892255696 137968.695656184311    2    0
         0,  857  -0.707106781187   0.707106781187  -0.000000000000
                   0.577350269190   0.577350269190  -0.577350269190
         0,  859   0.707106781187  -0.707106781187   0.000000000000
                   0.577350269190   0.577350269190  -0.577350269190
0,  859 111570.311958258972 134235.283535161347 135443.392941995640    1    7
         0,  858  -0.707106781187   0.707106781187  -0.000000000000
                   0.577350269190   0.577350269190  -0.577350269190
0,  860 87108.871294006982 43568.042232997519 41156.438725706743    1    7
         0,  861  -0.707106781187  -0.000000000000   0.707106781187
                   0.577350269190  -0.577350269190   0.577350269190
0,  861 86193.021533574938 41736.342712133417 40240.588965274692    2    0
         0,  860   0.707106781187   0.000000000000  -0.707106781187
                   0.577350269190  -0.577350269190   0.577350269190
         0,  862  -0.707106781187  -0.000000000000   0.707106781187
                   0.577350269190  -0.577350269190   0.577350269190
0,  862 85277.171773142880 39904.643191269315 39324.739204842641    2    0
         0,  861   0.707106781187   0.000000000000  -0.707106781187
                   0.577350269190  -0.577350269190   0.577350269190
         0,  863  -0.707106781187  -0.000000000000   0.707106781187
                   0.577350269190  -0.577350269190   0.577350269190
0,  863 84361.322012710822 38072.943670405213 38408.889444410590    2    0
         0,  862   0.707106781187   0.000000000000  -0.707106781187
                   0.577350269190  -0.577350269190   0.577350269190
         0,  864  -0.707106781187  -0.000000000000   0.707106781187
                   0.577350269190  -0.577350269190   0.577350269190
0,  864 83445.472252278778 36241.244149541111 37493.039683978539    1    7
         0,  863   0.707106781187   0.000000000000  -0.707106781187
                   0.577350269190  -0.577350269190   0.577350269190
0,  865 145825.143714013859 123288.733786444034 84746.645268242108    1    7
         0,  866  -0.000000000000  -0.707106781187  -0.707106781187
                   0.577350269190   0.577350269190  -0.577350269190
0,  866 144236.975761069567 124082.817762916180 83952.561291769962    2    0
         0,  865   0.000000000000   0.707106781187   0.707106781187
                   0.577350269190   0.577350269190  -0.577350269190
         0,  867  -0.000000000000  -0.707106781187  -0.707106781187
                   0.577350269190   0.577350269190  -0.577350269190
0,  867 142648.807808125304 124876.901739388311 83158.477315297831    2    0
         0,  866   0.000000000000   0.707106781187   0.707106781187
                   0.577350269190   0.577350269190  -0.577350269190
         0,  868  -0.000000000000  -0.707106781187  -0.707106781187
                   0.577350269190   0.577350269190  -0.577350269190
0,  868 141060.639855181042 125670.985715860443 82364.393338825699    2    0
         0,  867   0.000000000000   0.707106781187   0.707106781187
                   0.577350269190   0.577350269190  -0.577350269190
         0,  869  -0.000000000000  -0.707106781187  -0.707106781187
                   0.577350269190   0.577350269190  -0.577350269190
0,  869 139472.471902236750 126465.069692332589 81570.309362353553    1    7
         0,  868   0.000000000000   0.707106781187   0.707106781187
                   0.577350269190   0.577350269190  -0.577350269190
0,  870 83061.102664423306 90272.870324500414 71847.933621550721    1    7
         0,  871   0.707106781187   0.000000000000   0.707106781187
                   0.577350269190   0.577350269190  -0.577350269190
0,  871 84080.404037633169 88234.267578080675 70828.632248340858    2    0
         0,  870  -0.707106781187  -0.000000000000  -0.707106781187
                   0.577350269190   0.577350269190  -0.577350269190
         0,  872   0.707106781187   0.000000000000   0.707106781187
                   0.577350269190   0.577350269190  -0.577350269190
0,  872 85099.705410843046 86195.664831660935 69809.330875130981    2    0
         0,  871  -0.707106781187  -0.000000000000  -0.707106781187
                   0.577350269190   0.577350269190  -0.577350269190
         0,  873   0.707106781187   0.000000000000   0.707106781187
                   0.577350269190   0.577350269190  -0.577350269190
0,  873 86119.006784052923 84157.062085241196 68790.029501921104    2    0
         0,  872  -0.707106781187  -0.000000000000  -0.707106781187
                   0.577350269190   0.577350269190  -0.577350269190
         0,  874   0.707106781187   0.000000000000   0.707106781187
                   0.577350269190   0.577350269190  -0.577350269190
0,  874 87138.308157262785 82118.459338821456 67770.728128711242    1    7
         0,  873  -0.707106781187  -0.000000000000  -0.707106781187
                   0.577350269190   0.577350269190  -0.577350269190
0,  875 149876.194165379915 75886.836305743607 151577.561658167455    1    7
         0,  876  -0.000000000000  -0.707106781187   0.707106781187
                  -0.577350269190   0.577350269190   0.577350269190
0,  876 151424.018034150475 76660.748240128887 152351.473592552706    2    0
         0,  875   0.000000000000   0.707106781187  -0.707106781187
                  -0.577350269190   0.577350269190   0.577350269190
         0,  877  -0.000000000000  -0.707106781187   0.707106781187
                  -0.577350269190   0.577350269190   0.577350269190
0,  877 152971.841902921005 77434.660174514152 153125.385526937986    2    0
         0,  876   0.000000000000   0.707106781187  -0.707106781187
                  -0.577350269190   0.577350269190   0.577350269190
         0,  878  -0.000000000000  -0.707106781187   0.707106781187
                  -0.577350269190   0.577350269190   0.577350269190
0,  878 154519.665771691536 78208.572108899418 153899.297461323265    2    0
         0,  877   0.000000000000   0.707106781187  -0.707106781187
                  -0.577350269190   0.577350269190   0.577350269190
         0,  879  -0.000000000000  -0.707106781187   0.707106781187
                  -0.577350269190   0.577350269190   0.577350269190
0,  879 156067.489640462096 78982.484043284698 154673.209395708516    1    7
         0,  878   0.000000000000   0.707106781187  -0.707106781187
                  -0.577350269190   0.577350269190   0.577350269190
0,  880 87471.555217746500 34959.578178474032 37489.536467096921    1    7
         0,  881  -0.707106781187  -0.707106781187  -0.000000000000
                  -0.577350269190   0.577350269190   0.577350269190
0,  881 88267.227571920113 34163.905824300404 39080.881175444163    2    0
         0,  880   0.707106781187   0.707106781187   0.000000000000
                  -0.577350269190   0.577350269190   0.577350269190
         0,  882  -0.707106781187  -0.707106781187  -0.000000000000
                  -0.577350269190   0.577350269190   0.577350269190
0,  882 89062.899926093742 33368.233470126783 40672.225883791412    2    0
         0,  881   0.707106781187   0.707106781187   0.000000000000
                  -0.577350269190   0.577350269190   0.577350269190
         0,  883  -0.707106781187  -0.707106781187  -0.000000000000
                  -0.577350269190   0.577350269190   0.577350269190
0,  883 89858.572280267370 32572.561115953158 42263.570592138662    2    0
         0,  882   0.707106781187   0.707106781187   0.000000000000
                  -0.577350269190   0.577350269190   0.577350269190
         0,  884  -0.707106781187  -0.707106781187  -0.000000000000
                  -0.577350269190   0.577350269190   0.577350269190
0,  884 90654.244634440984 31776.888761779537 43854.915300485904    1    7
         0,  883   0.707106781187   0.707106781187   0.000000000000
                  -0.577350269190   0.577350269190   0.577350269190
0,  885 148693.620129603660 54469.356921687642 96282.704295101154    1    7
         0,  886  -0.707106781187  -0.000000000000  -0.707106781187
                  -0.577350269190   0.577350269190   0.577350269190
0,  886 147989.252444656915 53060.621551794160 96987.071980047884    2    0
         0,  885   0.707106781187   0.000000000000   0.707106781187
                  -0.577350269190   0.577350269190   0.577350269190
         0,  887  -0.707106781187  -0.000000000000  -0.707106781187
                  -0.577350269190   0.577350269190   0.577350269190
0,  887 147284.884759710170 51651.886181900678 97691.439664994628    2    0
         0,  886   0.707106781187   0.000000000000   0.707106781187
                  -0.577350269190   0.577350269190   0.577350269190
         0,  888  -0.707106781187  -0.000000000000  -0.707106781187
                  -0.577350269190   0.577350269190   0.577350269190
0,  888 146580.517074763426 50243.150812007196 98395.807349941373    2    0
         0,  887   0.707106781187   0.000000000000   0.707106781187
                  -0.577350269190   0.577350269190   0.577350269190
         0,  889  -0.707106781187  -0.000000000000  -0.707106781187
                  -0.577350269190   0.577350269190   0.577350269190
0,  889 145876.149389816681 48834.415442113714 99100.175034888103    1    7
         0,  888   0.707106781187   0.000000000000   0.707106781187
                  -0.577350269190   0.577350269190   0.577350269190
0,  890 60322.317558715302 87447.148685494933 32082.145194615146    1    7
         0,  891  -0.000000000000  -0.707106781187   0.707106781187
                   0.577350269190   0.577350269190   0.577350269190
0,  891 62325.917433596871 86445.348748054137 31080.345257174362    2    0
         0,  890   0.000000000000   0.707106781187  -0.707106781187
                   0.577350269190   0.577350269190   0.577350269190
         0,  892  -0.000000000000  -0.707106781187   0.707106781187
                   0.577350269190   0.577350269190   0.577350269190
0,  892 64329.517308478440 85443.548810613356 30078.545319733577    2    0
         0,  891   0.000000000000   0.707106781187  -0.707106781187
                   0.577350269190   0.577350269190   0.577350269190
         0,  893  -0.000000000000  -0.707106781187   0.707106781187
                   0.577350269190   0.577350269190   0.577350269190
0,  893 66333.117183360009 84441.748873172575 29076.745382292793    2    0
         0,  892   0.000000000000   0.707106781187  -0.707106781187
                   0.577350269190   0.577350269190   0.577350269190
         0,  894  -0.000000000000  -0.707106781187   0.707106781187
                   0.577350269190   0.577350269190   0.577350269190
0,  894 68336.717058241586 83439.948935731780 28074.945444852008    1    7
         0,  893   0.000000000000   0.707106781187  -0.707106781187
                   0.577350269190   0.577350269190   0.577350269190
0,  895 121854.558635717083 78022.376191128686 19119.218084287364    1    7
         0,  896  -0.707106781187   0.707106781187  -0.000000000000
                   0.577350269190   0.577350269190   0.577350269190
0,  896 120494.719697899927 76662.537253311530 21838.895959921672    2    0
         0,  895   0.707106781187  -0.707106781187   0.000000000000
                   0.577350269190   0.577350269190   0.577350269190
         0,  897  -0.707106781187   0.707106781187  -0.000000000000
                   0.577350269190   0.577350269190   0.577350269190
0,  897 119134.880760082771 75302.698315494374 24558.573835555981    2    0
         0,  896   0.707106781187  -0.707106781187   0.000000000000
                   0.577350269190   0.577350269190   0.577350269190
         0,  898  -0.707106781187   0.707106781187  -0.000000000000
                   0.577350269190   0.577350269190   0.577350269190
0,  898 117775.041822265615 73942.859377677218 27278.251711190289    2    0
         0,  897   0.707106781187  -0.707106781187   0.000000000000
                   0.577350269190   0.577350269190   0.577350269190
         0,  899  -0.707106781187   0.707106781187  -0.000000000000
                   0.577350269190   0.577350269190   0.577350269190
0,  899 116415.202884448459 72583.020439860062 29997.929586824597    1    7
         0,  898   0.707106781187  -0.707106781187   0.000000000000
                   0.577350269190   0.577350269190   0.577350269190
0,  900 57468.059618131017 5422.503767999331 49751.079410177161    1    7
         0,  901   0.707106781187   0.707106781187   0.000000000000
                   0.577350269190  -0.577350269190   0.577350269190
0,  901 56154.677791533592 6735.885594596755 52377.843063372005    2    0
         0,  900  -0.707106781187  -0.707106781187  -0.000000000000
                   0.577350269190  -0.577350269190   0.577350269190
         0,  902   0.707106781187   0.707106781187   0.000000000000
                   0.577350269190  -0.577350269190   0.577350269190
0,  902 54841.295964936166 8049.267421194180 55004.606716566857    2    0
         0,  901  -0.707106781187  -0.707106781187  -0.000000000000
                   0.577350269190  -0.577350269190   0.577350269190
         0,  903   0.707106781187   0.707106781187   0.000000000000
                   0.577350269190  -0.577350269190   0.577350269190
0,  903 53527.914138338740 9362.649247791605 57631.370369761709    2    0
         0,  902  -0.707106781187  -0.707106781187  -0.000000000000
                   0.577350269190  -0.577350269190   0.577350269190
         0,  904   0.707106781187   0.707106781187   0.000000000000
                   0.577350269190  -0.577350269190   0.577350269190
0,  904 52214.532311741314 10676.031074389030 60258.134022956554    1    7
         0,  903  -0.707106781187  -0.707106781187  -0.000000000000
                   0.577350269190  -0.577350269190   0.577350269190
0,  905 118162.483669369962 132399.940830271575 36503.089957200667    1    7
         0,  906   0.707106781187   0.000000000000   0.707106781187
                   0.577350269190   0.577350269190  -0.577350269190
0,  906 119389.561894513070 129945.784379985387 35276.011732057574    2    0
         0,  905  -0.707106781187  -0.000000000000  -0.707106781187
                   0.577350269190   0.577350269190  -0.577350269190
         0,  907   0.707106781187   0.000000000000   0.707106781187
                   0.577350269190   0.577350269190  -0.577350269190
0,  907 120616.640119656164 127491.627929699185 34048.933506914473    2    0
         0,  906  -0.707106781187  -0.000000000000  -0.707106781187
                   0.577350269190   0.577350269190  -0.577350269190
         0,  908   0.707106781187   0.000000000000   0.707106781187
                   0.577350269190   0.577350269190  -0.577350269190
0,  908 121843.718344799257 125037.471479412983 32821.855281771372    2    0
         0,  907  -0.707106781187  -0.000000000000  -0.707106781187
                   0.577350269190   0.577350269190  -0.577350269190
         0,  909   0.707106781187   0.000000000000   0.707106781187
                   0.577350269190   0.577350269190  -0.577350269190
0,  909 123070.796569942366 122583.315029126796 31594.777056628278    1    7
         0,  908  -0.707106781187  -0.000000000000  -0.707106781187
                   0.577350269190   0.577350269190  -0.577350269190
0,  910 67728.748381977668 100021.767874956306 5632.941537649049    1    7
         0,  911   0.707106781187  -0.707106781187   0.000000000000
                   0.577350269190   0.577350269190   0.577350269190
0,  911 69044.261975757719 101337.281468736357 3001.914350088942    2    0
         0,  910  -0.707106781187   0.707106781187  -0.000000000000
                   0.577350269190   0.577350269190   0.577350269190
         0,  912   0.707106781187  -0.707106781187   0.000000000000
                   0.577350269190   0.577350269190   0.577350269190
0,  912 70359.775569537771 102652.795062516409 370.887162528836    2    0
         0,  911  -0.707106781187   0.707106781187  -0.000000000000
                   0.577350269190   0.577350269190   0.577350269190
         0,  913   0.707106781187  -0.707106781187   0.000000000000
                   0.577350269190   0.577350269190   0.577350269190
0,  913 71675.289163317822 103968.308656296460 158382.430256093241    2    0
         0,  912  -0.707106781187   0.707106781187  -0.000000000000
                   0.577350269190   0.577350269190   0.577350269190
         0,  914   0.707106781187  -0.707106781187   0.000000000000
                   0.577350269190   0.577350269190   0.577350269190
0,  914 72990.802757097874 105283.822250076511 155751.403068533109    1    7
         0,  913  -0.707106781187   0.707106781187  -0.000000000000
                   0.577350269190   0.577350269190   0.577350269190
0,  915 12696.171048073757 79068.780402364937 23453.914123075607    1    7
         0,  916  -0.707106781187  -0.000000000000   0.707106781187
                   0.577350269190  -0.577350269190   0.577350269190
0,  916 11333.074001157782 76342.586308532977 22090.817076159630    2    0
         0,  915   0.707106781187   0.000000000000  -0.707106781187
                   0.577350269190  -0.577350269190   0.577350269190
         0,  917  -0.707106781187  -0.000000000000   0.707106781187
                   0.577350269190  -0.577350269190   0.577350269190
0,  917 9969.976954241805 73616.392214701031 20727.720029243654    2    0
         0,  916   0.707106781187   0.000000000000  -0.707106781187
                   0.577350269190  -0.577350269190   0.577350269190
         0,  918  -0.707106781187  -0.000000000000   0.707106781187
                   0.577350269190  -0.577350269190   0.577350269190
0,  918 8606.879907325829 70890.198120869085 19364.622982327677    2    0
         0,  917   0.707106781187   0.000000000000  -0.707106781187
                   0.577350269190  -0.577350269190   0.577350269190
         0,  919  -0.707106781187  -0.000000000000   0.707106781187
                   0.577350269190  -0.577350269190   0.577350269190
0,  919 7243.782860409854 68164.004027037125 18001.525935411701    1    7
         0,  918   0.707106781187   0.000000000000  -0.707106781187
                   0.577350269190  -0.577350269190   0.577350269190
0,  920 99995.577608002422 64696.824737450348 144936.829769350181    1    7
         0,  921  -0.707106781187  -0.707106781187  -0.000000000000
                  -0.577350269190   0.577350269190   0.577350269190
0,  921 100783.556918877541 63908.845426575237 146512.788391100417    2    0
         0,  920   0.707106781187   0.707106781187   0.000000000000
                  -0.577350269190   0.577350269190   0.577350269190
         0,  922  -0.707106781187  -0.707106781187  -0.000000000000
                  -0.577350269190   0.577350269190   0.577350269190
0,  922 101571.536229752644 63120.866115700126 148088.747012850625    2    0
         0,  921   0.707106781187   0.707106781187   0.000000000000
                  -0.577350269190   0.577350269190   0.577350269190
         0,  923  -0.707106781187  -0.707106781187  -0.000000000000
                  -0.577350269190   0.577350269190   0.577350269190
0,  923 102359.515540627748 62332.886804825015 149664.705634600832    2    0
         0,  922   0.707106781187   0.707106781187   0.000000000000
                  -0.577350269190   0.577350269190   0.577350269190
         0,  924  -0.707106781187  -0.707106781187  -0.000000000000
                  -0.577350269190   0.577350269190   0.577350269190
0,  924 103147.494851502866 61544.907493949904 151240.664256351069    1    7
         0,  923   0.707106781187   0.707106781187   0.000000000000
                  -0.577350269190   0.577350269190   0.577350269190
0,  925 77680.438286559118 104212.152938123283 98140.723824168963    1    7
         0,  926  -0.000000000000  -0.707106781187  -0.707106781187
                   0.577350269190   0.577350269190  -0.577350269190
0,  926 75876.317950902652 105114.213105951509 97238.663656340737    2    0
         0,  925   0.000000000000   0.707106781187   0.707106781187
                   0.577350269190   0.577350269190  -0.577350269190
         0,  927  -0.000000000000  -0.707106781187  -0.707106781187
                   0.577350269190   0.577350269190  -0.577350269190
0,  927 74072.197615246201 106016.273273779734 96336.603488512512    2    0
         0,  926   0.000000000000   0.707106781187   0.707106781187
                   0.577350269190   0.577350269190  -0.577350269190
         0,  928  -0.000000000000  -0.707106781187  -0.707106781187
                   0.577350269190   0.577350269190  -0.577350269190
0,  928 72268.077279589750 106918.333441607960 95434.543320684286    2    0
         0,  927   0.000000000000   0.707106781187   0.707106781187
                   0.577350269190   0.577350269190  -0.577350269190
         0,  929  -0.000000000000  -0.707106781187  -0.707106781187
                   0.577350269190   0.577350269190  -0.577350269190
0,  929 70463.956943933284 107820.393609436185 94532.483152856061    1    7
         0,  928   0.000000000000   0.707106781187   0.707106781187
                   0.577350269190   0.577350269190  -0.577350269190
0,  930 150606.030008578411 51025.948130583565 30485.792621736415    1    7
         0,  931   0.707106781187   0.000000000000   0.707106781187
                  -0.577350269190   0.577350269190   0.577350269190
0,  931 151613.143086573313 53040.174286573376 29478.679543741506    2    0
         0,  930  -0.707106781187  -0.000000000000  -0.707106781187
                  -0.577350269190   0.577350269190   0.577350269190
         0,  932   0.707106781187   0.000000000000   0.707106781187
                  -0.577350269190   0.577350269190   0.577350269190
0,  932 152620.256164568214 55054.400442563194 28471.566465746597    2    0
         0,  931  -0.707106781187  -0.000000000000  -0.707106781187
                  -0.577350269190   0.577350269190   0.577350269190
         0,  933   0.707106781187   0.000000000000   0.707106781187
                  -0.577350269190   0.577350269190   0.577350269190
0,  933 153627.369242563116 57068.626598553012 27464.453387751688    2    0
         0,  932  -0.707106781187  -0.000000000000  -0.707106781187
                  -0.577350269190   0.577350269190   0.577350269190
         0,  934   0.707106781187   0.000000000000   0.707106781187
                  -0.577350269190   0.577350269190   0.577350269190
0,  934 154634.482320558018 59082.852754542822 26457.340309756779    1    7
         0,  933  -0.707106781187  -0.000000000000  -0.707106781187
                  -0.577350269190   0.577350269190   0.577350269190
0,  935 11056.493759042047 74525.165506463789 141076.501659802365    1    7
         0,  936   0.000000000000   0.707106781187   0.707106781187
                   0.577350269190  -0.577350269190   0.577350269190
0,  936 8761.479003209679 73377.658128547613 142224.009037718555    2    0
         0,  935  -0.000000000000  -0.707106781187  -0.707106781187
                   0.577350269190  -0.577350269190   0.577350269190
         0,  937   0.000000000000   0.707106781187   0.707106781187
                   0.577350269190  -0.577350269190   0.577350269190
0,  937 6466.464247377311 72230.150750631423 143371.516415634745    2    0
         0,  936  -0.000000000000  -0.707106781187  -0.707106781187
                   0.577350269190  -0.577350269190   0.577350269190
         0,  938   0.000000000000   0.707106781187   0.707106781187
                   0.577350269190  -0.577350269190   0.577350269190
0,  938 4171.449491544943 71082.643372715233 144519.023793550936    2    0
         0,  937  -0.000000000000  -0.707106781187  -0.707106781187
                   0.577350269190  -0.577350269190   0.577350269190
         0,  939   0.000000000000   0.707106781187   0.707106781187
                   0.577350269190  -0.577350269190   0.577350269190
0,  939 1876.434735712575 69935.135994799057 145666.531171467126    1    7
         0,  938  -0.000000000000  -0.707106781187  -0.707106781187
                   0.577350269190  -0.577350269190   0.577350269190
0,  940 3469.638549638679 82974.846563904823 103630.574628789560    1    7
         0,  941   0.000000000000   0.707106781187  -0.707106781187
                   0.577350269190   0.577350269190   0.577350269190
0,  941 1076.804535673029 84171.263570887648 104826.991635772385    2    0
         0,  940  -0.000000000000  -0.707106781187   0.707106781187
                   0.577350269190   0.577350269190   0.577350269190
         0,  942   0.000000000000   0.707106781187  -0.707106781187
                   0.577350269190   0.577350269190   0.577350269190
0,  942 159326.540802831849 85367.680577870487 106023.408642755225    2    0
         0,  941  -0.000000000000  -0.707106781187   0.707106781187
                   0.577350269190   0.577350269190   0.577350269190
         0,  943   0.000000000000   0.707106781187  -0.707106781187
                   0.577350269190   0.577350269190   0.577350269190
0,  943 156933.706788866170 86564.097584853327 107219.825649738064    2    0
         0,  942  -0.000000000000  -0.707106781187   0.707106781187
                   0.577350269190   0.577350269190   0.577350269190
         0,  944   0.000000000000   0.707106781187  -0.707106781187
                   0.577350269190   0.577350269190   0.577350269190
0,  944 154540.872774900519 87760.514591836152 108416.242656720889    1    7
         0,  943  -0.000000000000  -0.707106781187   0.707106781187
                   0.577350269190   0.577350269190   0.577350269190
0,  945 57067.761050653004 122198.885898645996 62980.165157086034    1    7
         0,  946  -0.707106781187  -0.000000000000   0.707106781187
                   0.577350269190   0.577350269190   0.577350269190
0,  946 57958.417758783238 120417.572482385527 63870.821865216269    2    0
         0,  945   0.707106781187   0.000000000000  -0.707106781187
                   0.577350269190   0.577350269190   0.577350269190
         0,  947  -0.707106781187  -0.000000000000   0.707106781187
                   0.577350269190   0.577350269190   0.577350269190
0,  947 58849.074466913466 118636.259066125072 64761.478573346496    2    0
         0,  946   0.707106781187   0.000000000000  -0.707106781187
                   0.577350269190   0.577350269190   0.577350269190
         0,  948  -0.707106781187  -0.000000000000   0.707106781187
                   0.577350269190   0.577350269190   0.577350269190
0,  948 59739.731175043693 116854.945649864618 65652.135281476731    2    0
         0,  947   0.707106781187   0.000000000000  -0.707106781187
                   0.577350269190   0.577350269190   0.577350269190
         0,  949  -0.707106781187  -0.000000000000   0.707106781187
                   0.577350269190   0.577350269190   0.577350269190
0,  949 60630.387883173928 115073.632233604148 66542.791989606951    1    7
         0,  948   0.707106781187   0.000000000000  -0.707106781187
                   0.577350269190   0.577350269190   0.577350269190
0,  950 117763.709661835965 83892.483433692687 149988.665406630345    1    7
         0,  951   0.707106781187  -0.707106781187   0.000000000000
                   0.577350269190   0.577350269190  -0.577350269190
0,  951 116695.713065580319 82824.486837437042 147852.672214119055    2    0
         0,  950  -0.707106781187   0.707106781187  -0.000000000000
                   0.577350269190   0.577350269190  -0.577350269190
         0,  952   0.707106781187  -0.707106781187   0.000000000000
                   0.577350269190   0.577350269190  -0.577350269190
0,  952 115627.716469324689 81756.490241181411 145716.679021607793    2    0
         0,  951  -0.707106781187   0.707106781187  -0.000000000000
                   0.577350269190   0.577350269190  -0.577350269190
         0,  953   0.707106781187  -0.707106781187   0.000000000000
                   0.577350269190   0.577350269190  -0.577350269190
0,  953 114559.719873069058 80688.493644925780 143580.685829096532    2    0
         0,  952  -0.707106781187   0.707106781187  -0.000000000000
                   0.577350269190   0.577350269190  -0.577350269190
         0,  954   0.707106781187  -0.707106781187   0.000000000000
                   0.577350269190   0.577350269190  -0.577350269190
0,  954 113491.723276813413 79620.497048670135 141444.692636585241    1    7
         0,  953  -0.707106781187   0.707106781187  -0.000000000000
                   0.577350269190   0.577350269190  -0.577350269190
0,  955 51115.818999786898 63626.255135393207 68749.699312507961    1    7
         0,  956  -0.000000000000  -0.707106781187   0.707106781187
                  -0.577350269190   0.577350269190   0.577350269190
0,  956 53056.900126403823 64596.795698701666 69720.239875816420    2    0
         0,  955   0.000000000000   0.707106781187  -0.707106781187
                  -0.577350269190   0.577350269190   0.577350269190
         0,  957  -0.000000000000  -0.707106781187   0.707106781187
                  -0.577350269190   0.577350269190   0.577350269190
0,  957 54997.981253020742 65567.336262010125 70690.780439124879    2    0
         0,  956   0.000000000000   0.707106781187  -0.707106781187
                  -0.577350269190   0.577350269190   0.577350269190
         0,  958  -0.000000000000  -0.707106781187   0.707106781187
                  -0.577350269190   0.577350269190   0.577350269190
0,  958 56939.062379637660 66537.876825318584 71661.321002433338    2    0
         0,  957   0.000000000000   0.707106781187  -0.707106781187
                  -0.577350269190   0.577350269190   0.577350269190
         0,  959  -0.000000000000  -0.707106781187   0.707106781187
                  -0.577350269190   0.577350269190   0.577350269190
0,  959 58880.143506254586 67508.417388627044 72631.861565741798    1    7
         0,  958   0.000000000000   0.707106781187  -0.707106781187
                  -0.577350269190   0.577350269190   0.577350269190
0,  960 16274.417008250792 105687.607442474444 102224.675455155550    1    7
         0,  961   0.707106781187   0.707106781187   0.000000000000
                   0.577350269190  -0.577350269190   0.577350269190
0,  961 15504.572283965292 106457.452166759947 103764.364903726542    2    0
         0,  960  -0.707106781187  -0.707106781187  -0.000000000000
                   0.577350269190  -0.577350269190   0.577350269190
         0,  962   0.707106781187   0.707106781187   0.000000000000
                   0.577350269190  -0.577350269190   0.577350269190
0,  962 14734.727559679790 107227.296891045451 105304.054352297549    2    0
         0,  961  -0.707106781187  -0.707106781187  -0.000000000000
                   0.577350269190  -0.577350269190   0.577350269190
         0,  963   0.707106781187   0.707106781187   0.000000000000
                   0.577350269190  -0.577350269190   0.577350269190
0,  963 13964.882835394288 107997.141615330955 106843.743800868557    2    0
         0,  962  -0.707106781187  -0.707106781187  -0.000000000000
                   0.577350269190  -0.577350269190   0.577350269190
         0,  964   0.707106781187   0.707106781187   0.000000000000
                   0.577350269190  -0.577350269190   0.577350269190
0,  964 13195.038111108788 108766.986339616458 108383.433249439549    1    7
         0,  963  -0.707106781187  -0.707106781187  -0.000000000000
                   0.577350269190  -0.577350269190   0.577350269190
0,  965 54731.572284854483 36325.178612381598 127278.492746257281    1    7
         0,  966  -0.707106781187  -0.000000000000   0.707106781187
                   0.577350269190  -0.577350269190   0.577350269190
0,  966 53594.448204417597 34050.930451507818 126141.368665820395    2    0
         0,  965   0.707106781187   0.000000000000  -0.707106781187
                   0.577350269190  -0.577350269190   0.577350269190
         0,  967  -0.707106781187  -0.000000000000   0.707106781187
                   0.577350269190  -0.577350269190   0.577350269190
0,  967 52457.324123980710 31776.682290634046 125004.244585383509    2    0
         0,  966   0.707106781187   0.000000000000  -0.707106781187
                   0.577350269190  -0.577350269190   0.577350269190
         0,  968  -0.707106781187  -0.000000000000   0.707106781187
                   0.577350269190  -0.577350269190   0.577350269190
0,  968 51320.200043543824 29502.434129760270 123867.120504946623    2    0
         0,  967   0.707106781187   0.000000000000  -0.707106781187
                   0.577350269190  -0.577350269190   0.577350269190
         0,  969  -0.707106781187  -0.000000000000   0.707106781187
                   0.577350269190  -0.577350269190   0.577350269190
0,  969 50183.075963106938 27228.185968886497 122729.996424509736    1    7
         0,  968   0.707106781187   0.000000000000  -0.707106781187
                   0.577350269190  -0.577350269190   0.577350269190
0,  970 37082.712580666222 112374.319947146432 18236.515991449691    1    7
         0,  971  -0.707106781187  -0.000000000000   0.707106781187
                   0.577350269190   0.577350269190   0.577350269190
0,  971 38355.041208095950 109829.662692286976 19508.844618879419    2    0
         0,  970   0.707106781187   0.000000000000  -0.707106781187
                   0.577350269190   0.577350269190   0.577350269190
         0,  972  -0.707106781187  -0.000000000000   0.707106781187
                   0.577350269190   0.577350269190   0.577350269190
0,  972 39627.369835525678 107285.005437427521 20781.173246309147    2    0
         0,  971   0.707106781187   0.000000000000  -0.707106781187
                   0.577350269190   0.577350269190   0.577350269190
         0,  973  -0.707106781187  -0.000000000000   0.707106781187
                   0.577350269190   0.577350269190   0.577350269190
0,  973 40899.698462955406 104740.348182568065 22053.501873738875    2    0
         0,  972   0.707106781187   0.000000000000  -0.707106781187
                   0.577350269190   0.577350269190   0.577350269190
         0,  974  -0.707106781187  -0.000000000000   0.707106781187
                   0.577350269190   0.577350269190   0.577350269190
0,  974 42172.027090385134 102195.690927708609 23325.830501168602    1    7
         0,  973   0.707106781187   0.000000000000  -0.707106781187
                   0.577350269190   0.577350269190   0.577350269190
0,  975 43801.565565072087 104903.535009793894 147981.193757736211    1    7
         0,  976   0.707106781187   0.000000000000   0.707106781187
                  -0.577350269190   0.577350269190   0.577350269190
0,  976 44673.535119823529 106647.474119296778 147109.224202984769    2    0
         0,  975  -0.707106781187  -0.000000000000  -0.707106781187
                  -0.577350269190   0.577350269190   0.577350269190
         0,  977   0.707106781187   0.000000000000   0.707106781187
                  -0.577350269190   0.577350269190   0.577350269190
0,  977 45545.504674574971 108391.413228799662 146237.254648233327    2    0
         0,  976  -0.707106781187  -0.000000000000  -0.707106781187
                  -0.577350269190   0.577350269190   0.577350269190
         0,  978   0.707106781187   0.000000000000   0.707106781187
                  -0.577350269190   0.577350269190   0.577350269190
0,  978 46417.474229326413 110135.352338302546 145365.285093481885    2    0
         0,  977  -0.707106781187  -0.000000000000  -0.707106781187
                  -0.577350269190   0.577350269190   0.577350269190
         0,  979   0.707106781187   0.000000000000   0.707106781187
                  -0.577350269190   0.577350269190   0.577350269190
0,  979 47289.443784077856 111879.291447805430 144493.315538730443    1    7
         0,  978  -0.707106781187  -0.000000000000  -0.707106781187
                  -0.577350269190   0.577350269190   0.577350269190
0,  980 83791.753764222143 111028.661423166937 154724.522469041607    1    7
         0,  981  -0.000000000000  -0.707106781187  -0.707106781187
                   0.577350269190  -0.577350269190   0.577350269190
0,  981 85436.361617108603 111850.965349610153 153902.218542598363    2    0
         0,  980   0.000000000000   0.707106781187   0.707106781187
                   0.577350269190  -0.577350269190   0.577350269190
         0,  982  -0.000000000000  -0.707106781187  -0.707106781187
                   0.577350269190  -0.577350269190   0.577350269190
0,  982 87080.969469995049 112673.269276053383 153079.914616155147    2    0
         0,  981   0.000000000000   0.707106781187   0.707106781187
                   0.577350269190  -0.577350269190   0.577350269190
         0,  983  -0.000000000000  -0.707106781187  -0.707106781187
                   0.577350269190  -0.577350269190   0.577350269190
0,  983 88725.577322881494 113495.573202496613 152257.610689711932    2    0
         0,  982   0.000000000000   0.707106781187   0.707106781187
                   0.577350269190  -0.577350269190   0.577350269190
         0,  984  -0.000000000000  -0.707106781187  -0.707106781187
                   0.577350269190  -0.577350269190   0.577350269190
0,  984 90370.185175767954 114317.877128939828 151435.306763268687    1    7
         0,  983   0.000000000000   0.707106781187   0.707106781187
                   0.577350269190  -0.577350269190   0.577350269190
0,  985 102680.388654290291 49282.554091404876 569.143069839251    1    7
         0,  986   0.707106781187   0.707106781187   0.000000000000
                  -0.577350269190   0.577350269190   0.577350269190
0,  986 101579.403717822759 50383.539027872415 159009.743478028686    2    0
         0,  985  -0.707106781187  -0.707106781187  -0.000000000000
                  -0.577350269190   0.577350269190   0.577350269190
         0,  987   0.707106781187   0.707106781187   0.000000000000
                  -0.577350269190   0.577350269190   0.577350269190
0,  987 100478.418781355227 51484.523964339947 156807.773605093622    2    0
         0,  986  -0.707106781187  -0.707106781187  -0.000000000000
                  -0.577350269190   0.577350269190   0.577350269190
         0,  988   0.707106781187   0.707106781187   0.000000000000
                  -0.577350269190   0.577350269190   0.577350269190
0,  988 99377.433844887695 52585.508900807479 154605.803732158558    2    0
         0,  987  -0.707106781187  -0.707106781187  -0.000000000000
                  -0.577350269190   0.577350269190   0.577350269190
         0,  989   0.707106781187   0.707106781187   0.000000000000
                  -0.577350269190   0.577350269190   0.577350269190
0,  989 98276.448908420163 53686.493837275018 152403.833859223494    1    7
         0,  988  -0.707106781187  -0.707106781187  -0.000000000000
                  -0.577350269190   0.577350269190   0.577350269190
0,  990 106280.387696111939 5645.580084034888 66181.140531905883    1    7
         0,  991  -0.000000000000  -0.707106781187   0.707106781187
                   0.577350269190   0.577350269190   0.577350269190
0,  991 108194.629250547063 4688.459306817323 65224.019754688314    2    0
         0,  990   0.000000000000   0.707106781187  -0.707106781187
                   0.577350269190   0.577350269190   0.577350269190
         0,  992  -0.000000000000  -0.707106781187   0.707106781187
                   0.577350269190   0.577350269190   0.577350269190
0,  992 110108.870804982202 3731.338529599756 64266.898977470744    2    0
         0,  991   0.000000000000   0.707106781187  -0.707106781187
                   0.577350269190   0.577350269190   0.577350269190
         0,  993  -0.000000000000  -0.707106781187   0.707106781187
                   0.577350269190   0.577350269190   0.577350269190
0,  993 112023.112359417340 2774.217752382190 63309.778200253175    2    0
         0,  992   0.000000000000   0.707106781187  -0.707106781187
                   0.577350269190   0.577350269190   0.577350269190
         0,  994  -0.000000000000  -0.707106781187   0.707106781187
                   0.577350269190   0.577350269190   0.577350269190
0,  994 113937.353913852465 1817.096975164623 62352.657423035613    1    7
         0,  993   0.000000000000   0.707106781187  -0.707106781187
                   0.577350269190   0.577350269190   0.577350269190
0,  995 76445.039828421315 152915.862281718728 139750.701914088713    1    7
         0,  996   0.000000000000   0.707106781187  -0.707106781187
                  -0.577350269190   0.577350269190   0.577350269190
0,  996 73880.583078546115 151633.633906781120 138468.473539151106    2    0
         0,  995  -0.000000000000  -0.707106781187   0.707106781187
                  -0.577350269190   0.577350269190   0.577350269190
         0,  997   0.000000000000   0.707106781187  -0.707106781187
                  -0.577350269190   0.577350269190   0.577350269190
0,  997 71316.126328670900 150351.405531843513 137186.245164213498    2    0
         0,  996  -0.000000000000  -0.707106781187   0.707106781187
                  -0.577350269190   0.577350269190   0.577350269190
         0,  998   0.000000000000   0.707106781187  -0.707106781187
                  -0.577350269190   0.577350269190   0.577350269190
0,  998 68751.669578795685 149069.177156905906 135904.016789275891    2    0
         0,  997  -0.000000000000  -0.707106781187   0.707106781187
                  -0.577350269190   0.577350269190   0.577350269190
         0,  999   0.000000000000   0.707106781187  -0.707106781187
                  -0.577350269190   0.577350269190   0.577350269190
0,  999 66187.212828920485 147786.948781968298 134621.788414338283    1    7
         0,  998  -0.000000000000  -0.707106781187   0.707106781187
                  -0.577350269190   0.577350269190   0.577350269190
0, 1000 89285.959112750119 80494.931651083141 105175.242889304747    1    7
         0, 1001   0.707106781187  -0.707106781187   0.000000000000
                   0.577350269190   0.577350269190  -0.577350269190
0, 1001 88381.807029575022 79590.779567908045 103366.938722954568    2    0
         0, 1000  -0.707106781187   0.707106781187  -0.000000000000
                   0.577350269190   0.577350269190  -0.577350269190
         0, 1002   0.707106781187  -0.707106781187   0.000000000000
                   0.577350269190   0.577350269190  -0.577350269190
0, 1002 87477.654946399940 78686.627484732962 101558.634556604389    2    0
         0, 1001  -0.707106781187   0.707106781187  -0.000000000000
                   0.577350269190   0.577350269190  -0.577350269190
         0, 1003   0.707106781187  -0.707106781187   0.000000000000
                   0.577350269190   0.577350269190  -0.577350269190
0, 1003 86573.502863224858 77782.475401557880 99750.330390254210    2    0
         0, 1002  -0.707106781187   0.707106781187  -0.000000000000
                   0.577350269190   0.577350269190  -0.577350269190
         0, 1004   0.707106781187  -0.707106781187   0.000000000000
                   0.577350269190   0.577350269190  -0.577350269190
0, 1004 85669.350780049761 76878.323318382783 97942.026223904031    1    7
         0, 1003  -0.707106781187   0.707106781187  -0.000000000000
                   0.577350269190   0.577350269190  -0.577350269190
0, 1005 144789.376481158281 146589.001259145472 139122.701860663539    1    7
         0, 1006   0.707106781187  -0.707106781187   0.000000000000
                   0.577350269190   0.577350269190   0.577350269190
0, 1006 145701.662959899317 147501.287737886509 137298.128903181496    2    0
         0, 1005  -0.707106781187   0.707106781187  -0.000000000000
                   0.577350269190   0.577350269190   0.577350269190
         0, 1007   0.707106781187  -0.707106781187   0.000000000000
                   0.577350269190   0.577350269190   0.577350269190
0, 1007 146613.949438640324 148413.574216627516 135473.555945699452    2    0
         0, 1006  -0.707106781187   0.707106781187  -0.000000000000
                   0.577350269190   0.577350269190   0.577350269190
         0, 1008   0.707106781187  -0.707106781187   0.000000000000
                   0.577350269190   0.577350269190   0.577350269190
0, 1008 147526.235917381331 149325.860695368523 133648.982988217409    2    0
         0, 1007  -0.707106781187   0.707106781187  -0.000000000000
                   0.577350269190   0.577350269190   0.577350269190
         0, 1009   0.707106781187  -0.707106781187   0.000000000000
                   0.577350269190   0.577350269190   0.577350269190
0, 1009 148438.522396122367 150238.147174109559 131824.410030735366    1    7
         0, 1008  -0.707106781187   0.707106781187  -0.000000000000
                   0.577350269190   0.577350269190   0.577350269190
0, 1010 125088.264005125195 120132.653772834019 125209.887676907398    1    7
         0, 1011  -0.000000000000  -0.707106781187  -0.707106781187
                   0.577350269190   0.577350269190  -0.577350269190
0, 1011 122382.808772015487 121485.381389388858 123857.160060352559    2    0
         0, 1010   0.000000000000   0.707106781187   0.707106781187
                   0.577350269190   0.577350269190  -0.577350269190
         0, 1012  -0.000000000000  -0.707106781187  -0.707106781187
                   0.577350269190   0.577350269190  -0.577350269190
0, 1012 119677.353538905794 122838.109005943712 122504.432443797705    2    0
         0, 1011   0.000000000000   0.707106781187   0.707106781187
                   0.577350269190   0.577350269190  -0.577350269190
         0, 1013  -0.000000000000  -0.707106781187  -0.707106781187
                   0.577350269190   0.577350269190  -0.577350269190
0, 1013 116971.898305796101 124190.836622498566 121151.704827242851    2    0
         0, 1012   0.000000000000   0.707106781187   0.707106781187
                   0.577350269190   0.577350269190  -0.577350269190
         0, 1014  -0.000000000000  -0.707106781187  -0.707106781187
                   0.577350269190   0.577350269190  -0.577350269190
0, 1014 114266.443072686394 125543.564239053405 119798.977210688012    1    7
         0, 1013   0.000000000000   0.707106781187   0.707106781187
                   0.577350269190   0.577350269190  -0.577350269190
0, 1015 36565.640410136235 107635.264827486055 48502.056337066606    1    7
         0, 1016   0.707106781187   0.000000000000   0.707106781187
                   0.577350269190   0.577350269190  -0.577350269190
0, 1016 37578.103429887648 105610.338787983230 47489.593317315193    2    0
         0, 1015  -0.707106781187  -0.000000000000  -0.707106781187
                   0.577350269190   0.577350269190  -0.577350269190
         0, 1017   0.707106781187   0.000000000000   0.707106781187
                   0.577350269190   0.577350269190  -0.577350269190
0, 1017 38590.566449639060 103585.412748480405 46477.130297563781    2    0
         0, 1016  -0.707106781187  -0.000000000000  -0.707106781187
                   0.577350269190   0.577350269190  -0.577350269190
         0, 1018   0.707106781187   0.000000000000   0.707106781187
                   0.577350269190   0.577350269190  -0.577350269190
0, 1018 39603.029469390473 101560.486708977580 45464.667277812368    2    0
         0, 1017  -0.707106781187  -0.000000000000  -0.707106781187
                   0.577350269190   0.577350269190  -0.577350269190
         0, 1019   0.707106781187   0.000000000000   0.707106781187
                   0.577350269190   0.577350269190  -0.577350269190
0, 1019 40615.492489141885 99535.560669474755 44452.204258060956    1    7
         0, 1018  -0.707106781187  -0.000000000000  -0.707106781187
                   0.577350269190   0.577350269190  -0.577350269190
0, 1020 90689.903729202983 64140.405868941387 33437.469414256884    1    7
         0, 1021  -0.000000000000  -0.707106781187   0.707106781187
                  -0.577350269190   0.577350269190   0.577350269190
0, 1021 92410.122474726362 65000.515241703077 34297.578787018574    2    0
         0, 1020   0.000000000000   0.707106781187  -0.707106781187
                  -0.577350269190   0.577350269190   0.577350269190
         0, 1022  -0.000000000000  -0.707106781187   0.707106781187
                  -0.577350269190   0.577350269190   0.577350269190
0, 1022 94130.341220249757 65860.624614464774 35157.688159780271    2    0
         0, 1021   0.000000000000   0.707106781187  -0.707106781187
                  -0.577350269190   0.577350269190   0.577350269190
         0, 1023  -0.000000000000  -0.707106781187   0.707106781187
                  -0.577350269190   0.577350269190   0.577350269190
0, 1023 95850.559965773151 66720.733987226471 36017.797532541968    2    0
         0, 1022   0.000000000000   0.707106781187  -0.707106781187
                  -0.577350269190   0.577350269190   0.577350269190
         0, 1024  -0.000000000000  -0.707106781187   0.707106781187
                  -0.577350269190   0.577350269190   0.577350269190
0, 1024 97570.778711296531 67580.843359988168 36877.906905303658    1    7
         0, 1023   0.000000000000   0.707106781187  -0.707106781187
                  -0.577350269190   0.577350269190   0.577350269190
0, 1025 24455.985965791799 3689.644954333638 58964.173913385988    1    7
         0, 1026  -0.707106781187  -0.707106781187  -0.000000000000
                   0.577350269190  -0.577350269190   0.577350269190
0, 1026 25697.833920870275 2447.796999255162 56480.478003229036    2    0
         0, 1025   0.707106781187   0.707106781187   0.000000000000
                   0.577350269190  -0.577350269190   0.577350269190
         0, 1027  -0.707106781187  -0.707106781187  -0.000000000000
                   0.577350269190  -0.577350269190   0.577350269190
0, 1027 26939.681875948751 1205.949044176686 53996.782093072085    2    0
         0, 1026   0.707106781187   0.707106781187   0.000000000000
                   0.577350269190  -0.577350269190   0.577350269190
         0, 1028  -0.707106781187  -0.707106781187  -0.000000000000
                   0.577350269190  -0.577350269190   0.577350269190
0, 1028 28181.529831027226 160606.671370222699 51513.086182915133    2    0
         0, 1027   0.707106781187   0.707106781187   0.000000000000
                   0.577350269190  -0.577350269190   0.577350269190
         0, 1029  -0.707106781187  -0.707106781187  -0.000000000000
                   0.577350269190  -0.577350269190   0.577350269190
0, 1029 29423.377786105702 159364.823415144230 49029.390272758181    1    7
         0, 1028   0.707106781187   0.707106781187   0.000000000000
                   0.577350269190  -0.577350269190   0.577350269190
0, 1030 132348.713853344670 27138.203230611514 126849.642358281912    1    7
         0, 1031   0.707106781187   0.000000000000   0.707106781187
                   0.577350269190   0.577350269190  -0.577350269190
0, 1031 133577.880318987562 24679.870299325776 125620.475892639050    2    0
         0, 1030  -0.707106781187  -0.000000000000  -0.707106781187
                   0.577350269190   0.577350269190  -0.577350269190
         0, 1032   0.707106781187   0.000000000000   0.707106781187
                   0.577350269190   0.577350269190  -0.577350269190
0, 1032 134807.046784630424 22221.537368040037 124391.309426996173    2    0
         0, 1031  -0.707106781187  -0.000000000000  -0.707106781187
                   0.577350269190   0.577350269190  -0.577350269190
         0, 1033   0.707106781187   0.000000000000   0.707106781187
                   0.577350269190   0.577350269190  -0.577350269190
0, 1033 136036.213250273286 19763.204436754299 123162.142961353296    2    0
         0, 1032  -0.707106781187  -0.000000000000  -0.707106781187
                   0.577350269190   0.577350269190  -0.577350269190
         0, 1034   0.707106781187   0.000000000000   0.707106781187
                   0.577350269190   0.577350269190  -0.577350269190
0, 1034 137265.379715916177 17304.871505468560 121932.976495710434    1    7
         0, 1033  -0.707106781187  -0.000000000000  -0.707106781187
                   0.577350269190   0.577350269190  -0.577350269190
0, 1035 158893.326730160275 29412.412387829987 21681.360697877935    1    7
         0, 1036  -0.707106781187   0.707106781187  -0.000000000000
                   0.577350269190   0.577350269190  -0.577350269190
0, 1036 159656.262964430789 30175.348622100522 23207.233166419002    2    0
         0, 1035   0.707106781187  -0.707106781187   0.000000000000
                   0.577350269190   0.577350269190  -0.577350269190
         0, 1037  -0.707106781187   0.707106781187  -0.000000000000
                   0.577350269190   0.577350269190  -0.577350269190
0, 1037 160419.199198701332 30938.284856371054 24733.105634960069    2    0
         0, 1036   0.707106781187  -0.707106781187   0.000000000000
                   0.577350269190   0.577350269190  -0.577350269190
         0, 1038  -0.707106781187   0.707106781187  -0.000000000000
                   0.577350269190   0.577350269190  -0.577350269190
0, 1038 539.565151847375 31701.221090641586 26258.978103501137    2    0
         0, 1037   0.707106781187  -0.707106781187   0.000000000000
                   0.577350269190   0.577350269190  -0.577350269190
         0, 1039  -0.707106781187   0.707106781187  -0.000000000000
                   0.577350269190   0.577350269190  -0.577350269190
0, 1039 1302.501386117889 32464.157324912121 27784.850572042204    1    7
         0, 1038   0.707106781187  -0.707106781187   0.000000000000
                   0.577350269190   0.577350269190  -0.577350269190
0, 1040 95653.410851108871 151809.446445639769 159507.496746006189    1    7
         0, 1041  -0.000000000000  -0.707106781187   0.707106781187
                   0.577350269190   0.577350269190   0.577350269190
0, 1041 97599.277792611581 150836.512974888436 158534.563275254855    2    0
         0, 1040   0.000000000000   0.707106781187  -0.707106781187
                   0.577350269190   0.577350269190   0.577350269190
         0, 1042  -0.000000000000  -0.707106781187   0.707106781187
                   0.577350269190   0.577350269190   0.577350269190
0, 1042 99545.144734114292 149863.579504137073 157561.629804503493    2    0
         0, 1041   0.000000000000   0.707106781187  -0.707106781187
                   0.577350269190   0.577350269190   0.577350269190
         0, 1043  -0.000000000000  -0.707106781187   0.707106781187
                   0.577350269190   0.577350269190   0.577350269190
0, 1043 101491.011675617003 148890.646033385710 156588.696333752130    2    0
         0, 1042   0.000000000000   0.707106781187  -0.707106781187
                   0.577350269190   0.577350269190   0.577350269190
         0, 1044  -0.000000000000  -0.707106781187   0.707106781187
                   0.577350269190   0.577350269190   0.577350269190
0, 1044 103436.878617119713 147917.712562634377 155615.762863000797    1    7
         0, 1043   0.000000000000   0.707106781187  -0.707106781187
                   0.577350269190   0.577350269190   0.577350269190
0, 1045 128489.055065893219 40549.295500799621 143607.301750289480    1    7
         0, 1046   0.707106781187   0.000000000000  -0.707106781187
                   0.577350269190   0.577350269190   0.577350269190
0, 1046 127757.617805717193 42012.170021151651 142875.864490113483    2    0
         0, 1045  -0.707106781187  -0.000000000000   0.707106781187
                   0.577350269190   0.577350269190   0.577350269190
         0, 1047   0.707106781187   0.000000000000  -0.707106781187
                   0.577350269190   0.577350269190   0.577350269190
0, 1047 127026.180545541181 43475.044541503688 142144.427229937457    2    0
         0, 1046  -0.707106781187  -0.000000000000   0.707106781187
                   0.577350269190   0.577350269190   0.577350269190
         0, 1048   0.707106781187   0.000000000000  -0.707106781187
                   0.577350269190   0.577350269190   0.577350269190
0, 1048 126294.743285365170 44937.919061855726 141412.989969761431    2    0
         0, 1047  -0.707106781187  -0.000000000000   0.707106781187
                   0.577350269190   0.577350269190   0.577350269190
         0, 1049   0.707106781187   0.000000000000  -0.707106781187
                   0.577350269190   0.577350269190   0.577350269190
0, 1049 125563.306025189144 46400.793582207756 140681.552709585434    1    7
         0, 1048  -0.707106781187  -0.000000000000   0.707106781187
                   0.577350269190   0.577350269190   0.577350269190
0, 1050 13417.053471863275 131464.652636922547 30605.333697548595    1    7
         0, 1051  -0.000000000000  -0.707106781187  -0.707106781187
                   0.577350269190  -0.577350269190   0.577350269190
0, 1051 15692.044999439844 132602.148400710837 29467.837933760307    2    0
         0, 1050   0.000000000000   0.707106781187   0.707106781187
                   0.577350269190  -0.577350269190   0.577350269190
         0, 1052  -0.000000000000  -0.707106781187  -0.707106781187
                   0.577350269190  -0.577350269190   0.577350269190
0, 1052 17967.036527016415 133739.644164499128 28330.342169972024    2    0
         0, 1051   0.000000000000   0.707106781187   0.707106781187
                   0.577350269190  -0.577350269190   0.577350269190
         0, 1053  -0.000000000000  -0.707106781187  -0.707106781187
                   0.577350269190  -0.577350269190   0.577350269190
0, 1053 20242.028054592985 134877.139928287419 27192.846406183740    2    0
         0, 1052   0.000000000000   0.707106781187   0.707106781187
                   0.577350269190  -0.577350269190   0.577350269190
         0, 1054  -0.000000000000  -0.707106781187  -0.707106781187
                   0.577350269190  -0.577350269190   0.577350269190
0, 1054 22517.019582169552 136014.635692075710 26055.350642395453    1    7
         0, 1053   0.000000000000   0.707106781187   0.707106781187
                   0.577350269190  -0.577350269190   0.577350269190
0, 1055 82391.178828596530 108280.156865448240 108742.909738911709    1    7
         0, 1056   0.707106781187   0.707106781187   0.000000000000
                  -0.577350269190   0.577350269190   0.577350269190
0, 1056 81417.770063316595 109253.565630728175 106796.092208351853    2    0
         0, 1055  -0.707106781187  -0.707106781187  -0.000000000000
                  -0.577350269190   0.577350269190   0.577350269190
         0, 1057   0.707106781187   0.707106781187   0.000000000000
                  -0.577350269190   0.577350269190   0.577350269190
0, 1057 80444.361298036674 110226.974396008096 104849.274677791997    2    0
         0, 1056  -0.707106781187  -0.707106781187  -0.000000000000
                  -0.577350269190   0.577350269190   0.577350269190
         0, 1058   0.707106781187   0.707106781187   0.000000000000
                  -0.577350269190   0.577350269190   0.577350269190
0, 1058 79470.952532756753 111200.383161288017 102902.457147232140    2    0
         0, 1057  -0.707106781187  -0.707106781187  -0.000000000000
                  -0.577350269190   0.577350269190   0.577350269190
         0, 1059   0.707106781187   0.707106781187   0.000000000000
                  -0.577350269190   0.577350269190   0.577350269190
0, 1059 78497.543767476818 112173.791926567952 100955.639616672284    1    7
         0, 1058  -0.707106781187  -0.707106781187  -0.000000000000
                  -0.577350269190   0.577350269190   0.577350269190
0, 1060 155100.944413005695 85689.745825261780 12568.646077791213    1    7
         0, 1061   0.000000000000   0.707106781187   0.707106781187
                   0.577350269190   0.577350269190  -0.577350269190
0, 1061 157825.324353023956 84327.555855252649 13930.836047800345    2    0
         0, 1060  -0.000000000000  -0.707106781187  -0.707106781187
                   0.577350269190   0.577350269190  -0.577350269190
         0, 1062   0.000000000000   0.707106781187   0.707106781187
                   0.577350269190   0.577350269190  -0.577350269190
0, 1062 160549.704293042218 82965.365885243518 15293.026017809476    2    0
         0, 1061  -0.000000000000  -0.707106781187  -0.707106781187
                   0.577350269190   0.577350269190  -0.577350269190
         0, 1063   0.000000000000   0.707106781187   0.707106781187
                   0.577350269190   0.577350269190  -0.577350269190
0, 1063 2631.513951935980 81603.175915234388 16655.215987818607    2    0
         0, 1062  -0.000000000000  -0.707106781187  -0.707106781187
                   0.577350269190   0.577350269190  -0.577350269190
         0, 1064   0.000000000000   0.707106781187   0.707106781187
                   0.577350269190   0.577350269190  -0.577350269190
0, 1064 5355.893891954242 80240.985945225257 18017.405957827737    1    7
         0, 1063  -0.000000000000  -0.707106781187  -0.707106781187
                   0.577350269190   0.577350269190  -0.577350269190
0, 1065 53499.822491559338 76452.834251969529 63511.150209410902    1    7
         0, 1066  -0.707106781187   0.707106781187  -0.000000000000
                   0.577350269190   0.577350269190   0.577350269190
0, 1066 52318.295794295358 75271.307554705549 65874.203603938862    2    0
         0, 1065   0.707106781187  -0.707106781187   0.000000000000
                   0.577350269190   0.577350269190   0.577350269190
         0, 1067  -0.707106781187   0.707106781187  -0.000000000000
                   0.577350269190   0.577350269190   0.577350269190
0, 1067 51136.769097031378 74089.780857441569 68237.256998466823    2    0
         0, 1066   0.707106781187  -0.707106781187   0.000000000000
                   0.577350269190   0.577350269190   0.577350269190
         0, 1068  -0.707106781187   0.707106781187  -0.000000000000
                   0.577350269190   0.577350269190   0.577350269190
0, 1068 49955.242399767398 72908.254160177588 70600.310392994783    2    0
         0, 1067   0.707106781187  -0.707106781187   0.000000000000
                   0.577350269190   0.577350269190   0.577350269190
         0, 1069  -0.707106781187   0.707106781187  -0.000000000000
                   0.577350269190   0.577350269190   0.577350269190
0, 1069 48773.715702503418 71726.727462913608 72963.363787522743    1    7
         0, 1068   0.707106781187  -0.707106781187   0.000000000000
                   0.577350269190   0.577350269190   0.577350269190
0, 1070 106556.331897742857 53885.167027867734 127938.175066907279    1    7
         0, 1071   0.707106781187   0.000000000000   0.707106781187
                  -0.577350269190   0.577350269190   0.577350269190
0, 1071 107275.309019027642 55323.121270437303 127219.197945622494    2    0
         0, 1070  -0.707106781187  -0.000000000000  -0.707106781187
                  -0.577350269190   0.577350269190   0.577350269190
         0, 1072   0.707106781187   0.000000000000   0.707106781187
                  -0.577350269190   0.577350269190   0.577350269190
0, 1072 107994.286140312426 56761.075513006872 126500.220824337710    2    0
         0, 1071  -0.707106781187  -0.000000000000  -0.707106781187
                  -0.577350269190   0.577350269190   0.577350269190
         0, 1073   0.707106781187   0.000000000000   0.707106781187
                  -0.577350269190   0.577350269190   0.577350269190
0, 1073 108713.263261597211 58199.029755576441 125781.243703052925    2    0
         0, 1072  -0.707106781187  -0.000000000000  -0.707106781187
                  -0.577350269190   0.577350269190   0.577350269190
         0, 1074   0.707106781187   0.000000000000   0.707106781187
                  -0.577350269190   0.577350269190   0.577350269190
0, 1074 109432.240382881995 59636.983998146010 125062.266581768141    1    7
         0, 1073  -0.707106781187  -0.000000000000  -0.707106781187
                  -0.577350269190   0.577350269190   0.577350269190
0, 1075 64428.631246870704 46642.593603964582 117786.829098625676    1    7
         0, 1076   0.707106781187   0.000000000000  -0.707106781187
                   0.577350269190  -0.577350269190   0.577350269190
0, 1076 65681.464060373517 49148.259230970201 119039.661912128489    2    0
         0, 1075  -0.707106781187  -0.000000000000   0.707106781187
                   0.577350269190  -0.577350269190   0.577350269190
         0, 1077   0.707106781187   0.000000000000  -0.707106781187
                   0.577350269190  -0.577350269190   0.577350269190
0, 1077 66934.296873876330 51653.924857975828 120292.494725631303    2    0
         0, 1076  -0.707106781187  -0.000000000000   0.707106781187
                   0.577350269190  -0.577350269190   0.577350269190
         0, 1078   0.707106781187   0.000000000000  -0.707106781187
                   0.577350269190  -0.577350269190   0.577350269190
0, 1078 68187.129687379143 54159.590484981454 121545.327539134116    2    0
         0, 1077  -0.707106781187  -0.000000000000   0.707106781187
                   0.577350269190  -0.577350269190   0.577350269190
         0, 1079   0.707106781187   0.000000000000  -0.707106781187
                   0.577350269190  -0.577350269190   0.577350269190
0, 1079 69439.962500881957 56665.256111987073 122798.160352636929    1    7
         0, 1078  -0.707106781187  -0.000000000000   0.707106781187
                   0.577350269190  -0.577350269190   0.577350269190
0, 1080 83844.133708784706 145922.435744451795 20654.225398497823    1    7
         0, 1081   0.000000000000   0.707106781187   0.707106781187
                   0.577350269190  -0.577350269190   0.577350269190
0, 1081 81380.496283417757 144690.617031768314 21886.044111181305    2    0
         0, 1080  -0.000000000000  -0.707106781187  -0.707106781187
                   0.577350269190  -0.577350269190   0.577350269190
         0, 1082   0.000000000000   0.707106781187   0.707106781187
                   0.577350269190  -0.577350269190   0.577350269190
0, 1082 78916.858858050793 143458.798319084832 23117.862823864783    2    0
         0, 1081  -0.000000000000  -0.707106781187  -0.707106781187
                   0.577350269190  -0.577350269190   0.577350269190
         0, 1083   0.000000000000   0.707106781187   0.707106781187
                   0.577350269190  -0.577350269190   0.577350269190
0, 1083 76453.221432683829 142226.979606401350 24349.681536548262    2    0
         0, 1082  -0.000000000000  -0.707106781187  -0.707106781187
                   0.577350269190  -0.577350269190   0.577350269190
         0, 1084   0.000000000000   0.707106781187   0.707106781187
                   0.577350269190  -0.577350269190   0.577350269190
0, 1084 73989.584007316880 140995.160893717868 25581.500249231744    1    7
         0, 1083  -0.000000000000  -0.707106781187  -0.707106781187
                   0.577350269190  -0.577350269190   0.577350269190
0, 1085 22092.860299789350 83187.557684423315 15986.090532412109    1    7
         0, 1086   0.707106781187  -0.707106781187   0.000000000000
                   0.577350269190   0.577350269190   0.577350269190
0, 1086 23377.797383196998 84472.494767830969 13416.216365596818    2    0
         0, 1085  -0.707106781187   0.707106781187  -0.000000000000
                   0.577350269190   0.577350269190   0.577350269190
         0, 1087   0.707106781187  -0.707106781187   0.000000000000
                   0.577350269190   0.577350269190   0.577350269190
0, 1087 24662.734466604641 85757.431851238609 10846.342198781529    2    0
         0, 1086  -0.707106781187   0.707106781187  -0.000000000000
                   0.577350269190   0.577350269190   0.577350269190
         0, 1088   0.707106781187  -0.707106781187   0.000000000000
                   0.577350269190   0.577350269190   0.577350269190
0, 1088 25947.671550012285 87042.368934646249 8276.468031966240    2    0
         0, 1087  -0.707106781187   0.707106781187  -0.000000000000
                   0.577350269190   0.577350269190   0.577350269190
         0, 1089   0.707106781187  -0.707106781187   0.000000000000
                   0.577350269190   0.577350269190   0.577350269190
0, 1089 27232.608633419932 88327.306018053903 5706.593865150950    1    7
         0, 1088  -0.707106781187   0.707106781187  -0.000000000000
                   0.577350269190   0.577350269190   0.577350269190
0, 1090 159286.050234450144 71530.882112532767 121557.866406381247    1    7
         0, 1091  -0.707106781187  -0.707106781187  -0.000000000000
                  -0.577350269190   0.577350269190   0.577350269190
0, 1091 160005.976455835975 70810.955891146950 122997.718849152850    2    0
         0, 1090   0.707106781187   0.707106781187   0.000000000000
                  -0.577350269190   0.577350269190   0.577350269190
         0, 1092  -0.707106781187  -0.707106781187  -0.000000000000
                  -0.577350269190   0.577350269190   0.577350269190
0, 1092  83.332396097272 70091.029669761148 124437.571291924469    2    0
         0, 1091   0.707106781187   0.707106781187   0.000000000000
                  -0.577350269190   0.577350269190   0.577350269190
         0, 1093  -0.707106781187  -0.707106781187  -0.000000000000
                  -0.577350269190   0.577350269190   0.577350269190
0, 1093 803.258617483079 69371.103448375346 125877.423734696087    2    0
         0, 1092   0.707106781187   0.707106781187   0.000000000000
                  -0.577350269190   0.577350269190   0.577350269190
         0, 1094  -0.707106781187  -0.707106781187  -0.000000000000
                  -0.577350269190   0.577350269190   0.577350269190
0, 1094 1523.184838868886 68651.177226989530 127317.276177467691    1    7
         0, 1093   0.707106781187   0.707106781187   0.000000000000
                  -0.577350269190   0.577350269190   0.577350269190
0, 1095 130814.010130525683 29818.643740594289 22177.290034978327    1    7
         0, 1096  -0.707106781187  -0.000000000000   0.707106781187
                   0.577350269190   0.577350269190   0.577350269190
0, 1096 131521.649034434435 28403.365932776753 22884.928938887093    2    0
         0, 1095   0.707106781187   0.000000000000  -0.707106781187
                   0.577350269190   0.577350269190   0.577350269190
         0, 1097  -0.707106781187  -0.000000000000   0.707106781187
                   0.577350269190   0.577350269190   0.577350269190
0, 1097 132229.287938343216 26988.088124959217 23592.567842795863    2    0
         0, 1096   0.707106781187   0.000000000000  -0.707106781187
                   0.577350269190   0.577350269190   0.577350269190
         0, 1098  -0.707106781187  -0.000000000000   0.707106781187
                   0.577350269190   0.577350269190   0.577350269190
0, 1098 132936.926842251996 25572.810317141681 24300.206746704633    2    0
         0, 1097   0.707106781187   0.000000000000  -0.707106781187
                   0.577350269190   0.577350269190   0.577350269190
         0, 1099  -0.707106781187  -0.000000000000   0.707106781187
                   0.577350269190   0.577350269190   0.577350269190
0, 1099 133644.565746160748 24157.532509324144 25007.845650613399    1    7
         0, 1098   0.707106781187   0.000000000000  -0.707106781187
                   0.577350269190   0.577350269190   0.577350269190
0, 1100 134773.743538884446 89121.881099381164 136688.155253478239    1    7
         0, 1101   0.707106781187  -0.707106781187   0.000000000000
                   0.577350269190   0.577350269190  -0.577350269190
0, 1101 133501.298271457868 87849.435831954586 134143.264718625083    2    0
         0, 1100  -0.707106781187   0.707106781187  -0.000000000000
                   0.577350269190   0.577350269190  -0.577350269190
         0, 1102   0.707106781187  -0.707106781187   0.000000000000
                   0.577350269190   0.577350269190  -0.577350269190
0, 1102 132228.853004031291 86576.990564528009 131598.374183771928    2    0
         0, 1101  -0.707106781187   0.707106781187  -0.000000000000
                   0.577350269190   0.577350269190  -0.577350269190
         0, 1103   0.707106781187  -0.707106781187   0.000000000000
                   0.577350269190   0.577350269190  -0.577350269190
0, 1103 130956.407736604713 85304.545297101431 129053.483648918773    2    0
         0, 1102  -0.707106781187   0.707106781187  -0.000000000000
                   0.577350269190   0.577350269190  -0.577350269190
         0, 1104   0.707106781187  -0.707106781187   0.000000000000
                   0.577350269190   0.577350269190  -0.577350269190
0, 1104 129683.962469178136 84032.100029674853 126508.593114065618    1    7
         0, 1103  -0.707106781187   0.707106781187  -0.000000000000
                   0.577350269190   0.577350269190  -0.577350269190
0, 1105 120016.183691743427 44346.720333080055 122350.538443097626    1    7
         0, 1106  -0.707106781187  -0.000000000000   0.707106781187
                   0.577350269190  -0.577350269190   0.577350269190
0, 1106 119268.939725901670 42852.232401396519 121603.294477255869    2    0
         0, 1105   0.707106781187   0.000000000000  -0.707106781187
                   0.577350269190  -0.577350269190   0.577350269190
         0, 1107  -0.707106781187  -0.000000000000   0.707106781187
                   0.577350269190  -0.577350269190   0.577350269190
0, 1107 118521.695760059898 41357.744469712990 120856.050511414098    2    0
         0, 1106   0.707106781187   0.000000000000  -0.707106781187
                   0.577350269190  -0.577350269190   0.577350269190
         0, 1108  -0.707106781187  -0.000000000000   0.707106781187
                   0.577350269190  -0.577350269190   0.577350269190
0, 1108 117774.451794218126 39863.256538029462 120108.806545572326    2    0
         0, 1107   0.707106781187   0.000000000000  -0.707106781187
                   0.577350269190  -0.577350269190   0.577350269190
         0, 1109  -0.707106781187  -0.000000000000   0.707106781187
                   0.577350269190  -0.577350269190   0.577350269190
0, 1109 117027.207828376369 38368.768606345926 119361.562579730569    1    7
         0, 1108   0.707106781187   0.000000000000  -0.707106781187
                   0.577350269190  -0.577350269190   0.577350269190
0, 1110 116410.331795085702 72590.168930990738 57043.936379101258    1    7
         0, 1111  -0.000000000000  -0.707106781187   0.707106781187
                  -0.577350269190   0.577350269190   0.577350269190
0, 1111 118467.494246798524 73618.750156847134 58072.517604957669    2    0
         0, 1110   0.000000000000   0.707106781187  -0.707106781187
                  -0.577350269190   0.577350269190   0.577350269190
         0, 1112  -0.000000000000  -0.707106781187   0.707106781187
                  -0.577350269190   0.577350269190   0.577350269190
0, 1112 120524.656698511331 74647.331382703545 59101.098830814073    2    0
         0, 1111   0.000000000000   0.707106781187  -0.707106781187
                  -0.577350269190   0.577350269190   0.577350269190
         0, 1113  -0.000000000000  -0.707106781187   0.707106781187
                  -0.577350269190   0.577350269190   0.577350269190
0, 1113 122581.819150224139 75675.912608559956 60129.680056670477    2    0
         0, 1112   0.000000000000   0.707106781187  -0.707106781187
                  -0.577350269190   0.577350269190   0.577350269190
         0, 1114  -0.000000000000  -0.707106781187   0.707106781187
                  -0.577350269190   0.577350269190   0.577350269190
0, 1114 124638.981601936961 76704.493834416353 61158.261282526888    1    7
         0, 1113   0.000000000000   0.707106781187  -0.707106781187
                  -0.577350269190   0.577350269190   0.577350269190
0, 1115 117386.611533192859 20769.465851019391 12145.023810812838    1    7
         0, 1116   0.000000000000   0.707106781187   0.707106781187
                   0.577350269190   0.577350269190  -0.577350269190
0, 1116 119054.013443013770 19935.764896108933 12978.724765723297    2    0
         0, 1115  -0.000000000000  -0.707106781187  -0.707106781187
                   0.577350269190   0.577350269190  -0.577350269190
         0, 1117   0.000000000000   0.707106781187   0.707106781187
                   0.577350269190   0.577350269190  -0.577350269190
0, 1117 120721.415352834694 19102.063941198474 13812.425720633755    2    0
         0, 1116  -0.000000000000  -0.707106781187  -0.707106781187
                   0.577350269190   0.577350269190  -0.577350269190
         0, 1118   0.000000000000   0.707106781187   0.707106781187
                   0.577350269190   0.577350269190  -0.577350269190
0, 1118 122388.817262655619 18268.362986288015 14646.126675544214    2    0
         0, 1117  -0.000000000000  -0.707106781187  -0.707106781187
                   0.577350269190   0.577350269190  -0.577350269190
         0, 1119   0.000000000000   0.707106781187   0.707106781187
                   0.577350269190   0.577350269190  -0.577350269190
0, 1119 124056.219172476529 17434.662031377557 15479.827630454673    1    7
         0, 1118  -0.000000000000  -0.707106781187  -0.707106781187
                   0.577350269190   0.577350269190  -0.577350269190
0, 1120 29776.847734959905 135443.591036033235 62408.394823776529    1    7
         0, 1121  -0.707106781187  -0.000000000000  -0.707106781187
                  -0.577350269190   0.577350269190   0.577350269190
0, 1121 28972.481012373275 133834.857590859960 63212.761546363152    2    0
         0, 1120   0.707106781187   0.000000000000   0.707106781187
                  -0.577350269190   0.577350269190   0.577350269190
         0, 1122  -0.707106781187  -0.000000000000  -0.707106781187
                  -0.577350269190   0.577350269190   0.577350269190
0, 1122 28168.114289786648 132226.124145686714 64017.128268949782    2    0
         0, 1121   0.707106781187   0.000000000000   0.707106781187
                  -0.577350269190   0.577350269190   0.577350269190
         0, 1123  -0.707106781187  -0.000000000000  -0.707106781187
                  -0.577350269190   0.577350269190   0.577350269190
0, 1123 27363.747567200022 130617.390700513453 64821.494991536412    2    0
         0, 1122   0.707106781187   0.000000000000   0.707106781187
                  -0.577350269190   0.577350269190   0.577350269190
         0, 1124  -0.707106781187  -0.000000000000  -0.707106781187
                  -0.577350269190   0.577350269190   0.577350269190
0, 1124 26559.380844613392 129008.657255340207 65625.861714123035    1    7
         0, 1123   0.707106781187   0.000000000000   0.707106781187
                  -0.577350269190   0.577350269190   0.577350269190
0, 1125 107708.435875510972 69362.942902785246 57675.148824778968    1    7
         0, 1126   0.707106781187   0.707106781187   0.000000000000
                   0.577350269190  -0.577350269190   0.577350269190
0, 1126 106347.376628007973 70724.002150288245 60397.267319784987    2    0
         0, 1125  -0.707106781187  -0.707106781187  -0.000000000000
                   0.577350269190  -0.577350269190   0.577350269190
         0, 1127   0.707106781187   0.707106781187   0.000000000000
                   0.577350269190  -0.577350269190   0.577350269190
0, 1127 104986.317380504959 72085.061397791258 63119.385814791000    2    0
         0, 1126  -0.707106781187  -0.707106781187  -0.000000000000
                   0.577350269190  -0.577350269190   0.577350269190
         0, 1128   0.707106781187   0.707106781187   0.000000000000
                   0.577350269190  -0.577350269190   0.577350269190
0, 1128 103625.258133001946 73446.120645294272 65841.504309797019    2    0
         0, 1127  -0.707106781187  -0.707106781187  -0.000000000000
                   0.577350269190  -0.577350269190   0.577350269190
         0, 1129   0.707106781187   0.707106781187   0.000000000000
                   0.577350269190  -0.577350269190   0.577350269190
0, 1129 102264.198885498947 74807.179892797270 68563.622804803032    1    7
         0, 1128  -0.707106781187  -0.707106781187  -0.000000000000
                   0.577350269190  -0.577350269190   0.577350269190
0, 1130 159286.616828725499 135089.457174834650 28327.250619231560    1    7
         0, 1131  -0.707106781187  -0.000000000000  -0.707106781187
                   0.577350269190   0.577350269190  -0.577350269190
0, 1131 158004.404464836611 137653.881902612397 29609.462983120444    2    0
         0, 1130   0.707106781187   0.000000000000   0.707106781187
                   0.577350269190   0.577350269190  -0.577350269190
         0, 1132  -0.707106781187  -0.000000000000  -0.707106781187
                   0.577350269190   0.577350269190  -0.577350269190
0, 1132 156722.192100947723 140218.306630390172 30891.675347009324    2    0
         0, 1131   0.707106781187   0.000000000000   0.707106781187
                   0.577350269190   0.577350269190  -0.577350269190
         0, 1133  -0.707106781187  -0.000000000000  -0.707106781187
                   0.577350269190   0.577350269190  -0.577350269190
0, 1133 155439.979737058835 142782.731358167948 32173.887710898205    2    0
         0, 1132   0.707106781187   0.000000000000   0.707106781187
                   0.577350269190   0.577350269190  -0.577350269190
         0, 1134  -0.707106781187  -0.000000000000  -0.707106781187
                   0.577350269190   0.577350269190  -0.577350269190
0, 1134 154157.767373169947 145347.156085945695 33456.100074787086    1    7
         0, 1133   0.707106781187   0.000000000000   0.707106781187
                   0.577350269190   0.577350269190  -0.577350269190
0, 1135 43099.925529385320 119697.735484251229 92660.871231892161    1    7
         0, 1136  -0.000000000000  -0.707106781187   0.707106781187
                   0.577350269190   0.577350269190   0.577350269190
0, 1136 44769.527554908862 118862.934471489469 91826.070219130401    2    0
         0, 1135   0.000000000000   0.707106781187  -0.707106781187
                   0.577350269190   0.577350269190   0.577350269190
         0, 1137  -0.000000000000  -0.707106781187   0.707106781187
                   0.577350269190   0.577350269190   0.577350269190
0, 1137 46439.129580432404 118028.133458727694 90991.269206368626    2    0
         0, 1136   0.000000000000   0.707106781187  -0.707106781187
                   0.577350269190   0.577350269190   0.577350269190
         0, 1138  -0.000000000000  -0.707106781187   0.707106781187
                   0.577350269190   0.577350269190   0.577350269190
0, 1138 48108.731605955945 117193.332445965920 90156.468193606852    2    0
         0, 1137   0.000000000000   0.707106781187  -0.707106781187
                   0.577350269190   0.577350269190   0.577350269190
         0, 1139  -0.000000000000  -0.707106781187   0.707106781187
                   0.577350269190   0.577350269190   0.577350269190
0, 1139 49778.333631479487 116358.531433204160 89321.667180845092    1    7
         0, 1138   0.000000000000   0.707106781187  -0.707106781187
                   0.577350269190   0.577350269190   0.577350269190
0, 1140 128857.763386833351 116262.882830610746 2148.448372597207    1    7
         0, 1141   0.000000000000   0.707106781187   0.707106781187
                   0.577350269190   0.577350269190  -0.577350269190
0, 1141 130978.835495728796 115202.346776163031 3208.984427044925    2    0
         0, 1140  -0.000000000000  -0.707106781187  -0.707106781187
                   0.577350269190   0.577350269190  -0.577350269190
         0, 1142   0.000000000000   0.707106781187   0.707106781187
                   0.577350269190   0.577350269190  -0.577350269190
0, 1142 133099.907604624226 114141.810721715316 4269.520481492642    2    0
         0, 1141  -0.000000000000  -0.707106781187  -0.707106781187
                   0.577350269190   0.577350269190  -0.577350269190
         0, 1143   0.000000000000   0.707106781187   0.707106781187
                   0.577350269190   0.577350269190  -0.577350269190
0, 1143 135220.979713519657 113081.274667267600 5330.056535940359    2    0
         0, 1142  -0.000000000000  -0.707106781187  -0.707106781187
                   0.577350269190   0.577350269190  -0.577350269190
         0, 1144   0.000000000000   0.707106781187   0.707106781187
                   0.577350269190   0.577350269190  -0.577350269190
0, 1144 137342.051822415087 112020.738612819885 6390.592590388076    1    7
         0, 1143  -0.000000000000  -0.707106781187  -0.707106781187
                   0.577350269190   0.577350269190  -0.577350269190
0, 1145 76667.871017794532 38926.184461041325 68689.263590571281    1    7
         0, 1146   0.707106781187   0.000000000000   0.707106781187
                  -0.577350269190   0.577350269190   0.577350269190
0, 1146 77385.507848035864 40361.458121523989 67971.626760329949    2    0
         0, 1145  -0.707106781187  -0.000000000000  -0.707106781187
                  -0.577350269190   0.577350269190   0.577350269190
         0, 1147   0.707106781187   0.000000000000   0.707106781187
                  -0.577350269190   0.577350269190   0.577350269190
0, 1147 78103.144678277196 41796.731782006653 67253.989930088617    2    0
         0, 1146  -0.707106781187  -0.000000000000  -0.707106781187
                  -0.577350269190   0.577350269190   0.577350269190
         0, 1148   0.707106781187   0.000000000000   0.707106781187
                  -0.577350269190   0.577350269190   0.577350269190
0, 1148 78820.781508518528 43232.005442489317 66536.353099847285    2    0
         0, 1147  -0.707106781187  -0.000000000000  -0.707106781187
                  -0.577350269190   0.577350269190   0.577350269190
         0, 1149   0.707106781187   0.000000000000   0.707106781187
                  -0.577350269190   0.577350269190   0.577350269190
0, 1149 79538.418338759860 44667.279102971981 65818.716269605953    1    7
         0, 1148  -0.707106781187  -0.000000000000  -0.707106781187
                  -0.577350269190   0.577350269190   0.577350269190
0, 1150 135193.167525424622 85347.968114757838 64310.917918866071    1    7
         0, 1151   0.707106781187   0.000000000000  -0.707106781187
                   0.577350269190   0.577350269190   0.577350269190
0, 1151 133991.080522385397 87752.142120836288 63108.830915826846    2    0
         0, 1150  -0.707106781187  -0.000000000000   0.707106781187
                   0.577350269190   0.577350269190   0.577350269190
         0, 1152   0.707106781187   0.000000000000  -0.707106781187
                   0.577350269190   0.577350269190   0.577350269190
0, 1152 132788.993519346172 90156.316126914724 61906.743912787628    2    0
         0, 1151  -0.707106781187  -0.000000000000   0.707106781187
                   0.577350269190   0.577350269190   0.577350269190
         0, 1153   0.707106781187   0.000000000000  -0.707106781187
                   0.577350269190   0.577350269190   0.577350269190
0, 1153 131586.906516306946 92560.490132993160 60704.656909748410    2    0
         0, 1152  -0.707106781187  -0.000000000000   0.707106781187
                   0.577350269190   0.577350269190   0.577350269190
         0, 1154   0.707106781187   0.000000000000  -0.707106781187
                   0.577350269190   0.577350269190   0.577350269190
0, 1154 130384.819513267736 94964.664139071610 59502.569906709185    1    7
         0, 1153  -0.707106781187  -0.000000000000   0.707106781187
                   0.577350269190   0.577350269190   0.577350269190
0, 1155 47086.497191310787 92355.537963286522 110437.023178132251    1    7
         0, 1156  -0.000000000000  -0.707106781187   0.707106781187
                   0.577350269190   0.577350269190   0.577350269190
0, 1156 48824.342456248247 91486.615330817804 109568.100545663532    2    0
         0, 1155   0.000000000000   0.707106781187  -0.707106781187
                   0.577350269190   0.577350269190   0.577350269190
         0, 1157  -0.000000000000  -0.707106781187   0.707106781187
                   0.577350269190   0.577350269190   0.577350269190
0, 1157 50562.187721185699 90617.692698349070 108699.177913194799    2    0
         0, 1156   0.000000000000   0.707106781187  -0.707106781187
                   0.577350269190   0.577350269190   0.577350269190
         0, 1158  -0.000000000000  -0.707106781187   0.707106781187
                   0.577350269190   0.577350269190   0.577350269190
0, 1158 52300.032986123151 89748.770065880337 107830.255280726065    2    0
         0, 1157   0.000000000000   0.707106781187  -0.707106781187
                   0.577350269190   0.577350269190   0.577350269190
         0, 1159  -0.000000000000  -0.707106781187   0.707106781187
                   0.577350269190   0.577350269190   0.577350269190
0, 1159 54037.878251060611 88879.847433411618 106961.332648257347    1    7
         0, 1158   0.000000000000   0.707106781187  -0.707106781187
                   0.577350269190   0.577350269190   0.577350269190
0, 1160 159356.046804618178 32642.741393854434 146612.633742454491    1    7
         0, 1161   0.707106781187  -0.707106781187   0.000000000000
                   0.577350269190   0.577350269190   0.577350269190
0, 1161 160085.048705341003 33371.743294577253 145154.629941008869    2    0
         0, 1160  -0.707106781187   0.707106781187  -0.000000000000
                   0.577350269190   0.577350269190   0.577350269190
         0, 1162   0.707106781187  -0.707106781187   0.000000000000
                   0.577350269190   0.577350269190   0.577350269190
0, 1162 171.480324939315 34100.745195300071 143696.626139563217    2    0
         0, 1161  -0.707106781187   0.707106781187  -0.000000000000
                   0.577350269190   0.577350269190   0.577350269190
         0, 1163   0.707106781187  -0.707106781187   0.000000000000
                   0.577350269190   0.577350269190   0.577350269190
0, 1163 900.482225662135 34829.747096022889 142238.622338117566    2    0
         0, 1162  -0.707106781187   0.707106781187  -0.000000000000
                   0.577350269190   0.577350269190   0.577350269190
         0, 1164   0.707106781187  -0.707106781187   0.000000000000
                   0.577350269190   0.577350269190   0.577350269190
0, 1164 1629.484126384954 35558.748996745708 140780.618536671944    1    7
         0, 1163  -0.707106781187   0.707106781187  -0.000000000000
                   0.577350269190   0.577350269190   0.577350269190
0, 1165 152539.382020160148 11807.614685330420 39069.830215968221    1    7
         0, 1166   0.707106781187  -0.707106781187   0.000000000000
                   0.577350269190   0.577350269190  -0.577350269190
0, 1166 151413.622242421843 10681.854907592118 36818.310660491625    2    0
         0, 1165  -0.707106781187   0.707106781187  -0.000000000000
                   0.577350269190   0.577350269190  -0.577350269190
         0, 1167   0.707106781187  -0.707106781187   0.000000000000
                   0.577350269190   0.577350269190  -0.577350269190
0, 1167 150287.862464683538 9556.095129853818 34566.791105015021    2    0
         0, 1166  -0.707106781187   0.707106781187  -0.000000000000
                   0.577350269190   0.577350269190  -0.577350269190
         0, 1168   0.707106781187  -0.707106781187   0.000000000000
                   0.577350269190   0.577350269190  -0.577350269190
0, 1168 149162.102686945233 8430.335352115519 32315.271549538422    2    0
         0, 1167  -0.707106781187   0.707106781187  -0.000000000000
                   0.577350269190   0.577350269190  -0.577350269190
         0, 1169   0.707106781187  -0.707106781187   0.000000000000
                   0.577350269190   0.577350269190  -0.577350269190
0, 1169 148036.342909206927 7304.575574377218 30063.751994061822    1    7
         0, 1168  -0.707106781187   0.707106781187  -0.000000000000
                   0.577350269190   0.577350269190  -0.577350269190
0, 1170 27065.952856379907 106992.214085692889 32223.584387341467    1    7
         0, 1171  -0.000000000000  -0.707106781187   0.707106781187
                  -0.577350269190   0.577350269190   0.577350269190
0, 1171 29234.704105459357 108076.589710232613 33307.960011881194    2    0
         0, 1170   0.000000000000   0.707106781187  -0.707106781187
                  -0.577350269190   0.577350269190   0.577350269190
         0, 1172  -0.000000000000  -0.707106781187   0.707106781187
                  -0.577350269190   0.577350269190   0.577350269190
0, 1172 31403.455354538808 109160.965334772336 34392.335636420918    2    0
         0, 1171   0.000000000000   0.707106781187  -0.707106781187
                  -0.577350269190   0.577350269190   0.577350269190
         0, 1173  -0.000000000000  -0.707106781187   0.707106781187
                  -0.577350269190   0.577350269190   0.577350269190
0, 1173 33572.206603618259 110245.340959312060 35476.711260960641    2    0
         0, 1172   0.000000000000   0.707106781187  -0.707106781187
                  -0.577350269190   0.577350269190   0.577350269190
         0, 1174  -0.000000000000  -0.707106781187   0.707106781187
                  -0.577350269190   0.577350269190   0.577350269190
0, 1174 35740.957852697713 111329.716583851783 36561.086885500372    1    7
         0, 1173   0.000000000000   0.707106781187  -0.707106781187
                  -0.577350269190   0.577350269190   0.577350269190
0, 1175 64902.597817643735 26792.067107544564 23140.515076620446    1    7
         0, 1176  -0.000000000000  -0.707106781187  -0.707106781187
                   0.577350269190  -0.577350269190   0.577350269190
0, 1176 66405.839814208390 27543.688105826892 22388.894078338119    2    0
         0, 1175   0.000000000000   0.707106781187   0.707106781187
                   0.577350269190  -0.577350269190   0.577350269190
         0, 1177  -0.000000000000  -0.707106781187  -0.707106781187
                   0.577350269190  -0.577350269190   0.577350269190
0, 1177 67909.081810773045 28295.309104109219 21637.273080055791    2    0
         0, 1176   0.000000000000   0.707106781187   0.707106781187
                   0.577350269190  -0.577350269190   0.577350269190
         0, 1178  -0.000000000000  -0.707106781187  -0.707106781187
                   0.577350269190  -0.577350269190   0.577350269190
0, 1178 69412.323807337700 29046.930102391547 20885.652081773464    2    0
         0, 1177   0.000000000000   0.707106781187   0.707106781187
                   0.577350269190  -0.577350269190   0.577350269190
         0, 1179  -0.000000000000  -0.707106781187  -0.707106781187
                   0.577350269190  -0.577350269190   0.577350269190
0, 1179 70915.565803902355 29798.551100673874 20134.031083491136    1    7
         0, 1178   0.000000000000   0.707106781187   0.707106781187
                   0.577350269190  -0.577350269190   0.577350269190
0, 1180 48925.249682326539 60497.383267964455 13967.141871626973    1    7
         0, 1181  -0.707106781187  -0.707106781187  -0.000000000000
                   0.577350269190  -0.577350269190   0.577350269190
0, 1181 50197.339989541404 59225.292960749590 11422.961257197232    2    0
         0, 1180   0.707106781187   0.707106781187   0.000000000000
                   0.577350269190  -0.577350269190   0.577350269190
         0, 1182  -0.707106781187  -0.707106781187  -0.000000000000
                   0.577350269190  -0.577350269190   0.577350269190
0, 1182 51469.430296756276 57953.202653534718 8878.780642767491    2    0
         0, 1181   0.707106781187   0.707106781187   0.000000000000
                   0.577350269190  -0.577350269190   0.577350269190
         0, 1183  -0.707106781187  -0.707106781187  -0.000000000000
                   0.577350269190  -0.577350269190   0.577350269190
0, 1183 52741.520603971148 56681.112346319846 6334.600028337751    2    0
         0, 1182   0.707106781187   0.707106781187   0.000000000000
                   0.577350269190  -0.577350269190   0.577350269190
         0, 1184  -0.707106781187  -0.707106781187  -0.000000000000
                   0.577350269190  -0.577350269190   0.577350269190
0, 1184 54013.610911186013 55409.022039104981 3790.419413908011    1    7
         0, 1183   0.707106781187   0.707106781187   0.000000000000
                   0.577350269190  -0.577350269190   0.577350269190
0, 1185 99926.272160909968 36707.188978660022 144565.691553850047    1    7
         0, 1186  -0.707106781187  -0.000000000000   0.707106781187
                   0.577350269190  -0.577350269190   0.577350269190
0, 1186 98998.081248470131 34850.807153780348 143637.500641410210    2    0
         0, 1185   0.707106781187   0.000000000000  -0.707106781187
                   0.577350269190  -0.577350269190   0.577350269190
         0, 1187  -0.707106781187  -0.000000000000   0.707106781187
                   0.577350269190  -0.577350269190   0.577350269190
0, 1187 98069.890336030294 32994.425328900674 142709.309728970373    2    0
         0, 1186   0.707106781187   0.000000000000  -0.707106781187
                   0.577350269190  -0.577350269190   0.577350269190
         0, 1188  -0.707106781187  -0.000000000000   0.707106781187
                   0.577350269190  -0.577350269190   0.577350269190
0, 1188 97141.699423590457 31138.043504021000 141781.118816530536    2    0
         0, 1187   0.707106781187   0.000000000000  -0.707106781187
                   0.577350269190  -0.577350269190   0.577350269190
         0, 1189  -0.707106781187  -0.000000000000   0.707106781187
                   0.577350269190  -0.577350269190   0.577350269190
0, 1189 96213.508511150620 29281.661679141325 140852.927904090699    1    7
         0, 1188   0.707106781187   0.000000000000  -0.707106781187
                   0.577350269190  -0.577350269190   0.577350269190
0, 1190 13398.044236590258 19892.560336159528 13248.188675173704    1    7
         0, 1191  -0.707106781187  -0.707106781187  -0.000000000000
                  -0.577350269190   0.577350269190   0.577350269190
0, 1191 14717.580927675866 18573.023645073918 15887.262057344922    2    0
         0, 1190   0.707106781187   0.707106781187   0.000000000000
                  -0.577350269190   0.577350269190   0.577350269190
         0, 1192  -0.707106781187  -0.707106781187  -0.000000000000
                  -0.577350269190   0.577350269190   0.577350269190
0, 1192 16037.117618761476 17253.486953988308 18526.335439516140    2    0
         0, 1191   0.707106781187   0.707106781187   0.000000000000
                  -0.577350269190   0.577350269190   0.577350269190
         0, 1193  -0.707106781187  -0.707106781187  -0.000000000000
                  -0.577350269190   0.577350269190   0.577350269190
0, 1193 17356.654309847087 15933.950262902697 21165.408821687361    2    0
         0, 1192   0.707106781187   0.707106781187   0.000000000000
                  -0.577350269190   0.577350269190   0.577350269190
         0, 1194  -0.707106781187  -0.707106781187  -0.000000000000
                  -0.577350269190   0.577350269190   0.577350269190
0, 1194 18676.191000932697 14614.413571817089 23804.482203858577    1    7
         0, 1193   0.707106781187   0.707106781187   0.000000000000
                  -0.577350269190   0.577350269190   0.577350269190
0, 1195 139143.860788091959 116738.166102277988 129481.227752998893    1    7
         0, 1196  -0.707106781187  -0.000000000000  -0.707106781187
                   0.577350269190   0.577350269190  -0.577350269190
0, 1196 138036.373601296276 118953.140475869310 130588.714939794547    2    0
         0, 1195   0.707106781187   0.000000000000   0.707106781187
                   0.577350269190   0.577350269190  -0.577350269190
         0, 1197  -0.707106781187  -0.000000000000  -0.707106781187
                   0.577350269190   0.577350269190  -0.577350269190
0, 1197 136928.886414500623 121168.114849460631 131696.202126590215    2    0
         0, 1196   0.707106781187   0.000000000000   0.707106781187
                   0.577350269190   0.577350269190  -0.577350269190
         0, 1198  -0.707106781187  -0.000000000000  -0.707106781187
                   0.577350269190   0.577350269190  -0.577350269190
0, 1198 135821.399227704969 123383.089223051953 132803.689313385868    2    0
         0, 1197   0.707106781187   0.000000000000   0.707106781187
                   0.577350269190   0.577350269190  -0.577350269190
         0, 1199  -0.707106781187  -0.000000000000  -0.707106781187
                   0.577350269190   0.577350269190  -0.577350269190
0, 1199 134713.912040909287 125598.063596643275 133911.176500181551    1    7
         0, 1198   0.707106781187   0.000000000000   0.707106781187
                   0.577350269190   0.577350269190  -0.577350269190
0, 1200 155934.611270715279 5009.313215210576 62373.146346447858    1    7
         0, 1201  -0.000000000000  -0.707106781187   0.707106781187
                  -0.577350269190   0.577350269190   0.577350269190
0, 1201 158021.700134888059 6052.857647296956 63416.690778534234    2    0
         0, 1200   0.000000000000   0.707106781187  -0.707106781187
                  -0.577350269190   0.577350269190   0.577350269190
         0, 1202  -0.000000000000  -0.707106781187   0.707106781187
                  -0.577350269190   0.577350269190   0.577350269190
0, 1202 160108.788999060809 7096.402079383337 64460.235210620616    2    0
         0, 1201   0.000000000000   0.707106781187  -0.707106781187
                  -0.577350269190   0.577350269190   0.577350269190
         0, 1203  -0.000000000000  -0.707106781187   0.707106781187
                  -0.577350269190   0.577350269190   0.577350269190
0, 1203 1553.307582109061 8139.946511469718 65503.779642706999    2    0
         0, 1202   0.000000000000   0.707106781187  -0.707106781187
                  -0.577350269190   0.577350269190   0.577350269190
         0, 1204  -0.000000000000  -0.707106781187   0.707106781187
                  -0.577350269190   0.577350269190   0.577350269190
0, 1204 3640.396446281840 9183.490943556099 66547.324074793374    1    7
         0, 1203   0.000000000000   0.707106781187  -0.707106781187
                  -0.577350269190   0.577350269190   0.577350269190
0, 1205 94479.084921836722 133129.904534362489 29174.705028009565    1    7
         0, 1206  -0.707106781187  -0.000000000000   0.707106781187
                   0.577350269190  -0.577350269190   0.577350269190
0, 1206 93573.755994861567 131319.246680412180 28269.376101034410    2    0
         0, 1205   0.707106781187   0.000000000000  -0.707106781187
                   0.577350269190  -0.577350269190   0.577350269190
         0, 1207  -0.707106781187  -0.000000000000   0.707106781187
                   0.577350269190  -0.577350269190   0.577350269190
0, 1207 92668.427067886412 129508.588826461884 27364.047174059255    2    0
         0, 1206   0.707106781187   0.000000000000  -0.707106781187
                   0.577350269190  -0.577350269190   0.577350269190
         0, 1208  -0.707106781187  -0.000000000000   0.707106781187
                   0.577350269190  -0.577350269190   0.577350269190
0, 1208 91763.098140911257 127697.930972511575 26458.718247084100    2    0
         0, 1207   0.707106781187   0.000000000000  -0.707106781187
                   0.577350269190  -0.577350269190   0.577350269190
         0, 1209  -0.707106781187  -0.000000000000   0.707106781187
                   0.577350269190  -0.577350269190   0.577350269190
0, 1209 90857.769213936102 125887.273118561265 25553.389320108945    1    7
         0, 1208   0.707106781187   0.000000000000  -0.707106781187
                   0.577350269190  -0.577350269190   0.577350269190
0, 1210 82808.781376474159 76598.708285688248 734.933804049913    1    7
         0, 1211   0.707106781187   0.707106781187   0.000000000000
                  -0.577350269190   0.577350269190   0.577350269190
0, 1211 81455.759915250354 77951.729746912053 158671.461162726802    2    0
         0, 1210  -0.707106781187  -0.707106781187  -0.000000000000
                  -0.577350269190   0.577350269190   0.577350269190
         0, 1212   0.707106781187   0.707106781187   0.000000000000
                  -0.577350269190   0.577350269190   0.577350269190
0, 1212 80102.738454026534 79304.751208135873 155965.418240279163    2    0
         0, 1211  -0.707106781187  -0.707106781187  -0.000000000000
                  -0.577350269190   0.577350269190   0.577350269190
         0, 1213   0.707106781187   0.707106781187   0.000000000000
                  -0.577350269190   0.577350269190   0.577350269190
0, 1213 78749.716992802714 80657.772669359692 153259.375317831524    2    0
         0, 1212  -0.707106781187  -0.707106781187  -0.000000000000
                  -0.577350269190   0.577350269190   0.577350269190
         0, 1214   0.707106781187   0.707106781187   0.000000000000
                  -0.577350269190   0.577350269190   0.577350269190
0, 1214 77396.695531578909 82010.794130583497 150553.332395383914    1    7
         0, 1213  -0.707106781187  -0.707106781187  -0.000000000000
                  -0.577350269190   0.577350269190   0.577350269190
0, 1215 95824.510604703901 22459.033936888689 55356.687201694003    1    7
         0, 1216   0.707106781187  -0.707106781187   0.000000000000
                   0.577350269190   0.577350269190  -0.577350269190
0, 1216 94880.343881061723 21514.867213246507 53468.353754409640    2    0
         0, 1215  -0.707106781187   0.707106781187  -0.000000000000
                   0.577350269190   0.577350269190  -0.577350269190
         0, 1217   0.707106781187  -0.707106781187   0.000000000000
                   0.577350269190   0.577350269190  -0.577350269190
0, 1217 93936.177157419545 20570.700489604329 51580.020307125284    2    0
         0, 1216  -0.707106781187   0.707106781187  -0.000000000000
                   0.577350269190   0.577350269190  -0.577350269190
         0, 1218   0.707106781187  -0.707106781187   0.000000000000
                   0.577350269190   0.577350269190  -0.577350269190
0, 1218 92992.010433777366 19626.533765962151 49691.686859840927    2    0
         0, 1217  -0.707106781187   0.707106781187  -0.000000000000
                   0.577350269190   0.577350269190  -0.577350269190
         0, 1219   0.707106781187  -0.707106781187   0.000000000000
                   0.577350269190   0.577350269190  -0.577350269190
0, 1219 92047.843710135188 18682.367042319969 47803.353412556564    1    7
         0, 1218  -0.707106781187   0.707106781187  -0.000000000000
                   0.577350269190   0.577350269190  -0.577350269190
0, 1220 103342.581604766325 145614.877879368898 148212.245993899036    1    7
         0, 1221  -0.707106781187  -0.000000000000  -0.707106781187
                   0.577350269190   0.577350269190  -0.577350269190
0, 1221 102526.646797942158 147246.747493017232 149028.180800723232    2    0
         0, 1220   0.707106781187   0.000000000000   0.707106781187
                   0.577350269190   0.577350269190  -0.577350269190
         0, 1222  -0.707106781187  -0.000000000000  -0.707106781187
                   0.577350269190   0.577350269190  -0.577350269190
0, 1222 101710.711991117976 148878.617106665595 149844.115607547399    2    0
         0, 1221   0.707106781187   0.000000000000   0.707106781187
                   0.577350269190   0.577350269190  -0.577350269190
         0, 1223  -0.707106781187  -0.000000000000  -0.707106781187
                   0.577350269190   0.577350269190  -0.577350269190
0, 1223 100894.777184293795 150510.486720313958 150660.050414371566    2    0
         0, 1222   0.707106781187   0.000000000000   0.707106781187
                   0.577350269190   0.577350269190  -0.577350269190
         0, 1224  -0.707106781187  -0.000000000000  -0.707106781187
                   0.577350269190   0.577350269190  -0.577350269190
0, 1224 100078.842377469628 152142.356333962292 151475.985221195762    1    7
         0, 1223   0.707106781187   0.000000000000   0.707106781187
                   0.577350269190   0.577350269190  -0.577350269190
0, 1225 70554.220462909216 87428.317240353746 76090.664940304167    1    7
         0, 1226   0.707106781187   0.000000000000   0.707106781187
                  -0.577350269190   0.577350269190   0.577350269190
0, 1226 71505.744784487135 89331.365883509614 75139.140618726247    2    0
         0, 1225  -0.707106781187  -0.000000000000  -0.707106781187
                  -0.577350269190   0.577350269190   0.577350269190
         0, 1227   0.707106781187   0.000000000000   0.707106781187
                  -0.577350269190   0.577350269190   0.577350269190
0, 1227 72457.269106065069 91234.414526665467 74187.616297148314    2    0
         0, 1226  -0.707106781187  -0.000000000000  -0.707106781187
                  -0.577350269190   0.577350269190   0.577350269190
         0, 1228   0.707106781187   0.000000000000   0.707106781187
                  -0.577350269190   0.577350269190   0.577350269190
0, 1228 73408.793427643002 93137.463169821320 73236.091975570380    2    0
         0, 1227  -0.707106781187  -0.000000000000  -0.707106781187
                  -0.577350269190   0.577350269190   0.577350269190
         0, 1229   0.707106781187   0.000000000000   0.707106781187
                  -0.577350269190   0.577350269190   0.577350269190
0, 1229 74360.317749220922 95040.511812977187 72284.567653992461    1    7
         0, 1228  -0.707106781187  -0.000000000000  -0.707106781187
                  -0.577350269190   0.577350269190   0.577350269190
0, 1230 86791.520210143586 53789.133616979270 60076.212996927279    1    7
         0, 1231  -0.707106781187  -0.707106781187  -0.000000000000
                   0.577350269190  -0.577350269190   0.577350269190
0, 1231 87925.802143607027 52654.851683515823 57807.649130000398    2    0
         0, 1230   0.707106781187   0.707106781187   0.000000000000
                   0.577350269190  -0.577350269190   0.577350269190
         0, 1232  -0.707106781187  -0.707106781187  -0.000000000000
                   0.577350269190  -0.577350269190   0.577350269190
0, 1232 89060.084077070467 51520.569750052382 55539.085263073510    2    0
         0, 1231   0.707106781187   0.707106781187   0.000000000000
                   0.577350269190  -0.577350269190   0.577350269190
         0, 1233  -0.707106781187  -0.707106781187  -0.000000000000
                   0.577350269190  -0.577350269190   0.577350269190
0, 1233 90194.366010533908 50386.287816588941 53270.521396146622    2    0
         0, 1232   0.707106781187   0.707106781187   0.000000000000
                   0.577350269190  -0.577350269190   0.577350269190
         0, 1234  -0.707106781187  -0.707106781187  -0.000000000000
                   0.577350269190  -0.577350269190   0.577350269190
0, 1234 91328.647943997348 49252.005883125494 51001.957529219741    1    7
         0, 1233   0.707106781187   0.707106781187   0.000000000000
                   0.577350269190  -0.577350269190   0.577350269190
0, 1235 24791.320800260532 114277.452484021647 66276.310423579547    1    7
         0, 1236   0.707106781187  -0.707106781187   0.000000000000
                   0.577350269190   0.577350269190   0.577350269190
0, 1236 25734.024449445376 115220.156133206503 64390.903125209858    2    0
         0, 1235  -0.707106781187   0.707106781187  -0.000000000000
                   0.577350269190   0.577350269190   0.577350269190
         0, 1237   0.707106781187  -0.707106781187   0.000000000000
                   0.577350269190   0.577350269190   0.577350269190
0, 1237 26676.728098630221 116162.859782391344 62505.495826840168    2    0
         0, 1236  -0.707106781187   0.707106781187  -0.000000000000
                   0.577350269190   0.577350269190   0.577350269190
         0, 1238   0.707106781187  -0.707106781187   0.000000000000
                   0.577350269190   0.577350269190   0.577350269190
0, 1238 27619.431747815066 117105.563431576185 60620.088528470478    2    0
         0, 1237  -0.707106781187   0.707106781187  -0.000000000000
                   0.577350269190   0.577350269190   0.577350269190
         0, 1239   0.707106781187  -0.707106781187   0.000000000000
                   0.577350269190   0.577350269190   0.577350269190
0, 1239 28562.135396999911 118048.267080761041 58734.681230100789    1    7
         0, 1238  -0.707106781187   0.707106781187  -0.000000000000
                   0.577350269190   0.577350269190   0.577350269190
0, 1240 87067.058084050164 119710.771963470645 43014.032023484964    1    7
         0, 1241  -0.000000000000  -0.707106781187  -0.707106781187
                   0.577350269190  -0.577350269190   0.577350269190
0, 1241 88728.100172535705 120541.293007713408 42183.510979242194    2    0
         0, 1240   0.000000000000   0.707106781187   0.707106781187
                   0.577350269190  -0.577350269190   0.577350269190
         0, 1242  -0.000000000000  -0.707106781187  -0.707106781187
                   0.577350269190  -0.577350269190   0.577350269190
0, 1242 90389.142261021247 121371.814051956186 41352.989934999423    2    0
         0, 1241   0.000000000000   0.707106781187   0.707106781187
                   0.577350269190  -0.577350269190   0.577350269190
         0, 1243  -0.000000000000  -0.707106781187  -0.707106781187
                   0.577350269190  -0.577350269190   0.577350269190
0, 1243 92050.184349506788 122202.335096198964 40522.468890756652    2    0
         0, 1242   0.000000000000   0.707106781187   0.707106781187
                   0.577350269190  -0.577350269190   0.577350269190
         0, 1244  -0.000000000000  -0.707106781187  -0.707106781187
                   0.577350269190  -0.577350269190   0.577350269190
0, 1244 93711.226437992329 123032.856140441727 39691.947846513882    1    7
         0, 1243   0.000000000000   0.707106781187   0.707106781187
                   0.577350269190  -0.577350269190   0.577350269190
0, 1245 100963.744392728477 104963.095438736156 5947.566335358774    1    7
         0, 1246   0.000000000000   0.707106781187  -0.707106781187
                   0.577350269190   0.577350269190   0.577350269190
0, 1246 98465.368507516105 106212.283381342349 7196.754277964959    2    0
         0, 1245  -0.000000000000  -0.707106781187   0.707106781187
                   0.577350269190   0.577350269190   0.577350269190
         0, 1247   0.000000000000   0.707106781187  -0.707106781187
                   0.577350269190   0.577350269190   0.577350269190
0, 1247 95966.992622303733 107461.471323948528 8445.942220571145    2    0
         0, 1246  -0.000000000000  -0.707106781187   0.707106781187
                   0.577350269190   0.577350269190   0.577350269190
         0, 1248   0.000000000000   0.707106781187  -0.707106781187
                   0.577350269190   0.577350269190   0.577350269190
0, 1248 93468.616737091361 108710.659266554707 9695.130163177331    2    0
         0, 1247  -0.000000000000  -0.707106781187   0.707106781187
                   0.577350269190   0.577350269190   0.577350269190
         0, 1249   0.000000000000   0.707106781187  -0.707106781187
                   0.577350269190   0.577350269190   0.577350269190
0, 1249 90970.240851878989 109959.847209160900 10944.318105783517    1    7
         0, 1248  -0.000000000000  -0.707106781187   0.707106781187
                   0.577350269190   0.577350269190   0.577350269190
0, 1250 65710.511326494699 143096.225391238317 95669.192528952335    1    7
         0, 1251   0.707106781187   0.000000000000  -0.707106781187
                   0.577350269190   0.577350269190   0.577350269190
0, 1251 64380.133917459701 145756.980209308298 94338.815119917344    2    0
         0, 1250  -0.707106781187  -0.000000000000   0.707106781187
                   0.577350269190   0.577350269190   0.577350269190
         0, 1252   0.707106781187   0.000000000000  -0.707106781187
                   0.577350269190   0.577350269190   0.577350269190
0, 1252 63049.756508424703 148417.735027378309 93008.437710882339    2    0
         0, 1251  -0.707106781187  -0.000000000000   0.707106781187
                   0.577350269190   0.577350269190   0.577350269190
         0, 1253   0.707106781187   0.000000000000  -0.707106781187
                   0.577350269190   0.577350269190   0.577350269190
0, 1253 61719.379099389706 151078.489845448319 91678.060301847334    2    0
         0, 1252  -0.707106781187  -0.000000000000   0.707106781187
                   0.577350269190   0.577350269190   0.577350269190
         0, 1254   0.707106781187   0.000000000000  -0.707106781187
                   0.577350269190   0.577350269190   0.577350269190
0, 1254 60389.001690354700 153739.244663518301 90347.682892812343    1    7
         0, 1253  -0.707106781187  -0.000000000000   0.707106781187
                   0.577350269190   0.577350269190   0.577350269190
0, 1255 106556.328632218385 91762.384546042464 2888.290319500899    1    7
         0, 1256   0.000000000000   0.707106781187   0.707106781187
                   0.577350269190   0.577350269190  -0.577350269190
0, 1256 107930.277221323806 91075.410251489753 3575.264614053610    2    0
         0, 1255  -0.000000000000  -0.707106781187  -0.707106781187
                   0.577350269190   0.577350269190  -0.577350269190
         0, 1257   0.000000000000   0.707106781187   0.707106781187
                   0.577350269190   0.577350269190  -0.577350269190
0, 1257 109304.225810429227 90388.435956937043 4262.238908606320    2    0
         0, 1256  -0.000000000000  -0.707106781187  -0.707106781187
                   0.577350269190   0.577350269190  -0.577350269190
         0, 1258   0.000000000000   0.707106781187   0.707106781187
                   0.577350269190   0.577350269190  -0.577350269190
0, 1258 110678.174399534648 89701.461662384332 4949.213203159031    2    0
         0, 1257  -0.000000000000  -0.707106781187  -0.707106781187
                   0.577350269190   0.577350269190  -0.577350269190
         0, 1259   0.000000000000   0.707106781187   0.707106781187
                   0.577350269190   0.577350269190  -0.577350269190
0, 1259 112052.122988640069 89014.487367831622 5636.187497711741    1    7
         0, 1258  -0.000000000000  -0.707106781187  -0.707106781187
                   0.577350269190   0.577350269190  -0.577350269190
0, 1260 132121.994723838317 77361.369073520342 72436.061108531867    1    7
         0, 1261  -0.000000000000  -0.707106781187   0.707106781187
                  -0.577350269190   0.577350269190   0.577350269190
0, 1261 134506.405961853423 78553.574692527895 73628.266727539420    2    0
         0, 1260   0.000000000000   0.707106781187  -0.707106781187
                  -0.577350269190   0.577350269190   0.577350269190
         0, 1262  -0.000000000000  -0.707106781187   0.707106781187
                  -0.577350269190   0.577350269190   0.577350269190
0, 1262 136890.817199868558 79745.780311535462 74820.472346546987    2    0
         0, 1261   0.000000000000   0.707106781187  -0.707106781187
                  -0.577350269190   0.577350269190   0.577350269190
         0, 1263  -0.000000000000  -0.707106781187   0.707106781187
                  -0.577350269190   0.577350269190   0.577350269190
0, 1263 139275.228437883692 80937.985930543029 76012.677965554554    2    0
         0, 1262   0.000000000000   0.707106781187  -0.707106781187
                  -0.577350269190   0.577350269190   0.577350269190
         0, 1264  -0.000000000000  -0.707106781187   0.707106781187
                  -0.577350269190   0.577350269190   0.577350269190
0, 1264 141659.639675898798 82130.191549550582 77204.883584562107    1    7
         0, 1263   0.000000000000   0.707106781187  -0.707106781187
                  -0.577350269190   0.577350269190   0.577350269190
0, 1265 54502.195965951862 139791.729580818443 57179.177714725018    1    7
         0, 1266   0.707106781187   0.707106781187   0.000000000000
                   0.577350269190  -0.577350269190   0.577350269190
0, 1266 53814.637480655081 140479.288066115201 58554.294685318579    2    0
         0, 1265  -0.707106781187  -0.707106781187  -0.000000000000
                   0.577350269190  -0.577350269190   0.577350269190
         0, 1267   0.707106781187   0.707106781187   0.000000000000
                   0.577350269190  -0.577350269190   0.577350269190
0, 1267 53127.078995358301 141166.846551411989 59929.411655912139    2    0
         0, 1266  -0.707106781187  -0.707106781187  -0.000000000000
                   0.577350269190  -0.577350269190   0.577350269190
         0, 1268   0.707106781187   0.707106781187   0.000000000000
                   0.577350269190  -0.577350269190   0.577350269190
0, 1268 52439.520510061520 141854.405036708777 61304.528626505700    2    0
         0, 1267  -0.707106781187  -0.707106781187  -0.000000000000
                   0.577350269190  -0.577350269190   0.577350269190
         0, 1269   0.707106781187   0.707106781187   0.000000000000
                   0.577350269190  -0.577350269190   0.577350269190
0, 1269 51751.962024764740 142541.963522005535 62679.645597099261    1    7
         0, 1268  -0.707106781187  -0.707106781187  -0.000000000000
                   0.577350269190  -0.577350269190   0.577350269190
0, 1270 47709.300266502200 23656.869012866562 122342.747052450388    1    7
         0, 1271   0.000000000000   0.707106781187  -0.707106781187
                   0.577350269190   0.577350269190   0.577350269190
0, 1271 45568.849988618771 24727.094151808276 123412.972191392095    2    0
         0, 1270  -0.000000000000  -0.707106781187   0.707106781187
                   0.577350269190   0.577350269190   0.577350269190
         0, 1272   0.000000000000   0.707106781187  -0.707106781187
                   0.577350269190   0.577350269190   0.577350269190
0, 1272 43428.399710735343 25797.319290749991 124483.197330333816    2    0
         0, 1271  -0.000000000000  -0.707106781187   0.707106781187
                   0.577350269190   0.577350269190   0.577350269190
         0, 1273   0.000000000000   0.707106781187  -0.707106781187
                   0.577350269190   0.577350269190   0.577350269190
0, 1273 41287.949432851914 26867.544429691705 125553.422469275538    2    0
         0, 1272  -0.000000000000  -0.707106781187   0.707106781187
                   0.577350269190   0.577350269190   0.577350269190
         0, 1274   0.000000000000   0.707106781187  -0.707106781187
                   0.577350269190   0.577350269190   0.577350269190
0, 1274 39147.499154968486 27937.769568633419 126623.647608217245    1    7
         0, 1273  -0.000000000000  -0.707106781187   0.707106781187
                   0.577350269190   0.577350269190   0.577350269190
0, 1275 159180.469537948869 152745.169080506894 139499.334361189045    1    7
         0, 1276  -0.000000000000  -0.707106781187  -0.707106781187
                   0.577350269190   0.577350269190  -0.577350269190
0, 1276 157133.684847828699 153768.561425566993 138475.942016128945    2    0
         0, 1275   0.000000000000   0.707106781187   0.707106781187
                   0.577350269190   0.577350269190  -0.577350269190
         0, 1277  -0.000000000000  -0.707106781187  -0.707106781187
                   0.577350269190   0.577350269190  -0.577350269190
0, 1277 155086.900157708500 154791.953770627093 137452.549671068846    2    0
         0, 1276   0.000000000000   0.707106781187   0.707106781187
                   0.577350269190   0.577350269190  -0.577350269190
         0, 1278  -0.000000000000  -0.707106781187  -0.707106781187
                   0.577350269190   0.577350269190  -0.577350269190
0, 1278 153040.115467588301 155815.346115687193 136429.157326008746    2    0
         0, 1277   0.000000000000   0.707106781187   0.707106781187
                   0.577350269190   0.577350269190  -0.577350269190
         0, 1279  -0.000000000000  -0.707106781187  -0.707106781187
                   0.577350269190   0.577350269190  -0.577350269190
0, 1279 150993.330777468131 156838.738460747292 135405.764980948647    1    7
         0, 1278   0.000000000000   0.707106781187   0.707106781187
                   0.577350269190   0.577350269190  -0.577350269190
