dataFileVersion = 4
numFileSegments = 1
minCoordinates = [
 0.000000
 0.000000
 0.000000
 ]
maxCoordinates = [
 20080.321285
 20080.321285
 20080.321285
 ]
nodeCount = 3240
dataDecompType = 2
dataDecompGeometry = [
 1
 1
 1
 ]

#
#  END OF DATA FILE PARAMETERS
#

domainDecomposition = 
# Dom_ID  Minimum XYZ bounds   Maximum XYZ bounds
  0  0.000000  0.000000  0.000000  20080.321285  20080.321285  20080.321285
nodalData =
# Primary lines: node_tag, x, y, z, num_arms, constraint
# Secondary lines: arm_tag, burgx, burgy, burgz, nx, ny, nz
0,    0 5081.823753044234 4448.231515799891 17321.707257695776    1    7
         0,    1   0.707106781187  -0.707106781187   0.000000000000
                   0.577350269190   0.577350269190  -0.577350269190
0,    1 5085.404662934743 4082.287681645692 16959.344333432087    2    0
         0,    0  -0.707106781187   0.707106781187  -0.000000000000
                   0.577350269190   0.577350269190  -0.577350269190
         0,    2   0.707106781187  -0.707106781187   0.000000000000
                   0.577350269190   0.577350269190  -0.577350269190
0,    2 5088.985572825252 3716.343847491494 16596.981409168398    2    0
         0,    1  -0.707106781187   0.707106781187  -0.000000000000
                   0.577350269190   0.577350269190  -0.577350269190
         0,    3   0.707106781187  -0.707106781187   0.000000000000
                   0.577350269190   0.577350269190  -0.577350269190
0,    3 5092.566482715762 3350.400013337296 16234.618484904709    2    0
         0,    2  -0.707106781187   0.707106781187  -0.000000000000
                   0.577350269190   0.577350269190  -0.577350269190
         0,    4   0.707106781187  -0.707106781187   0.000000000000
                   0.577350269190   0.577350269190  -0.577350269190
0,    4 5096.147392606271 2984.456179183097 15872.255560641019    1    7
         0,    3  -0.707106781187   0.707106781187  -0.000000000000
                   0.577350269190   0.577350269190  -0.577350269190
0,    5 6611.322753042218 8479.782988049068 7853.200755735141    1    7
         0,    6   0.707106781187   0.000000000000   0.707106781187
                  -0.577350269190   0.577350269190   0.577350269190
0,    6 6374.490761990165 8072.262091017223 8023.889661714933    2    0
         0,    5  -0.707106781187  -0.000000000000  -0.707106781187
                  -0.577350269190   0.577350269190   0.577350269190
         0,    7   0.707106781187   0.000000000000   0.707106781187
                  -0.577350269190   0.577350269190   0.577350269190
0,    7 6137.658770938111 7664.741193985376 8194.578567694725    2    0
         0,    6  -0.707106781187  -0.000000000000  -0.707106781187
                  -0.577350269190   0.577350269190   0.577350269190
         0,    8   0.707106781187   0.000000000000   0.707106781187
                  -0.577350269190   0.577350269190   0.577350269190
0,    8 5900.826779886058 7257.220296953530 8365.267473674518    2    0
         0,    7  -0.707106781187  -0.000000000000  -0.707106781187
                  -0.577350269190   0.577350269190   0.577350269190
         0,    9   0.707106781187   0.000000000000   0.707106781187
                  -0.577350269190   0.577350269190   0.577350269190
0,    9 5663.994788834004 6849.699399921685 8535.956379654310    1    7
         0,    8  -0.707106781187  -0.000000000000  -0.707106781187
                  -0.577350269190   0.577350269190   0.577350269190
0,   10 4003.505651222107 17105.241239783820 3469.852646493025    1    7
         0,   11  -0.707106781187  -0.000000000000  -0.707106781187
                  -0.577350269190   0.577350269190   0.577350269190
0,   11 4184.074627014530 17583.490621917965 3172.172240151303    2    0
         0,   10   0.707106781187   0.000000000000   0.707106781187
                  -0.577350269190   0.577350269190   0.577350269190
         0,   12  -0.707106781187  -0.000000000000  -0.707106781187
                  -0.577350269190   0.577350269190   0.577350269190
0,   12 4364.643602806953 18061.740004052110 2874.491833809580    2    0
         0,   11   0.707106781187   0.000000000000   0.707106781187
                  -0.577350269190   0.577350269190   0.577350269190
         0,   13  -0.707106781187  -0.000000000000  -0.707106781187
                  -0.577350269190   0.577350269190   0.577350269190
0,   13 4545.212578599376 18539.989386186255 2576.811427467858    2    0
         0,   12   0.707106781187   0.000000000000   0.707106781187
                  -0.577350269190   0.577350269190   0.577350269190
         0,   14  -0.707106781187  -0.000000000000  -0.707106781187
                  -0.577350269190   0.577350269190   0.577350269190
0,   14 4725.781554391799 19018.238768320400 2279.131021126136    1    7
         0,   13   0.707106781187   0.000000000000   0.707106781187
                  -0.577350269190   0.577350269190   0.577350269190
0,   15 5849.816154639759 15476.053825897190 3412.874944614887    1    7
         0,   16  -0.707106781187   0.707106781187  -0.000000000000
                   0.577350269190   0.577350269190  -0.577350269190
0,   16 5667.015045155890 15925.417594289505 3679.437603523335    2    0
         0,   15   0.707106781187  -0.707106781187   0.000000000000
                   0.577350269190   0.577350269190  -0.577350269190
         0,   17  -0.707106781187   0.707106781187  -0.000000000000
                   0.577350269190   0.577350269190  -0.577350269190
0,   17 5484.213935672023 16374.781362681822 3946.000262431784    2    0
         0,   16   0.707106781187  -0.707106781187   0.000000000000
                   0.577350269190   0.577350269190  -0.577350269190
         0,   18  -0.707106781187   0.707106781187  -0.000000000000
                   0.577350269190   0.577350269190  -0.577350269190
0,   18 5301.412826188154 16824.145131074139 4212.562921340232    2    0
         0,   17   0.707106781187  -0.707106781187   0.000000000000
                   0.577350269190   0.577350269190  -0.577350269190
         0,   19  -0.707106781187   0.707106781187  -0.000000000000
                   0.577350269190   0.577350269190  -0.577350269190
0,   19 5118.611716704287 17273.508899466455 4479.125580248679    1    7
         0,   18   0.707106781187  -0.707106781187   0.000000000000
                   0.577350269190   0.577350269190  -0.577350269190
0,   20 6433.788753205946 14657.768647921903 17189.208355814117    1    7
         0,   21   0.707106781187   0.707106781187   0.000000000000
                  -0.577350269190   0.577350269190   0.577350269190
0,   21 5933.978313961507 14316.258502368695 17030.908062122886    2    0
         0,   20  -0.707106781187  -0.707106781187  -0.000000000000
                  -0.577350269190   0.577350269190   0.577350269190
         0,   22   0.707106781187   0.707106781187   0.000000000000
                  -0.577350269190   0.577350269190   0.577350269190
0,   22 5434.167874717068 13974.748356815489 16872.607768431651    2    0
         0,   21  -0.707106781187  -0.707106781187  -0.000000000000
                  -0.577350269190   0.577350269190   0.577350269190
         0,   23   0.707106781187   0.707106781187   0.000000000000
                  -0.577350269190   0.577350269190   0.577350269190
0,   23 4934.357435472630 13633.238211262282 16714.307474740421    2    0
         0,   22  -0.707106781187  -0.707106781187  -0.000000000000
                  -0.577350269190   0.577350269190   0.577350269190
         0,   24   0.707106781187   0.707106781187   0.000000000000
                  -0.577350269190   0.577350269190   0.577350269190
0,   24 4434.546996228191 13291.728065709074 16556.007181049190    1    7
         0,   23  -0.707106781187  -0.707106781187  -0.000000000000
                  -0.577350269190   0.577350269190   0.577350269190
0,   25 4871.468976772297 6656.882136989000 2941.925057177968    1    7
         0,   26   0.000000000000   0.707106781187  -0.707106781187
                   0.577350269190   0.577350269190   0.577350269190
0,   26 4988.828493598034 6080.451499433071 3400.996177908159    2    0
         0,   25  -0.000000000000  -0.707106781187   0.707106781187
                   0.577350269190   0.577350269190   0.577350269190
         0,   27   0.000000000000   0.707106781187  -0.707106781187
                   0.577350269190   0.577350269190   0.577350269190
0,   27 5106.188010423772 5504.020861877143 3860.067298638351    2    0
         0,   26  -0.000000000000  -0.707106781187   0.707106781187
                   0.577350269190   0.577350269190   0.577350269190
         0,   28   0.000000000000   0.707106781187  -0.707106781187
                   0.577350269190   0.577350269190   0.577350269190
0,   28 5223.547527249509 4927.590224321214 4319.138419368542    2    0
         0,   27  -0.000000000000  -0.707106781187   0.707106781187
                   0.577350269190   0.577350269190   0.577350269190
         0,   29   0.000000000000   0.707106781187  -0.707106781187
                   0.577350269190   0.577350269190   0.577350269190
0,   29 5340.907044075246 4351.159586765285 4778.209540098733    1    7
         0,   28  -0.000000000000  -0.707106781187   0.707106781187
                   0.577350269190   0.577350269190   0.577350269190
0,   30 14412.811719789093 10648.956629587639 9354.741725308239    1    7
         0,   31   0.707106781187  -0.707106781187   0.000000000000
                   0.577350269190   0.577350269190  -0.577350269190
0,   31 14797.705134217813 10517.230167573909 9607.908677723228    2    0
         0,   30  -0.707106781187   0.707106781187  -0.000000000000
                   0.577350269190   0.577350269190  -0.577350269190
         0,   32   0.707106781187  -0.707106781187   0.000000000000
                   0.577350269190   0.577350269190  -0.577350269190
0,   32 15182.598548646531 10385.503705560179 9861.075630138217    2    0
         0,   31  -0.707106781187   0.707106781187  -0.000000000000
                   0.577350269190   0.577350269190  -0.577350269190
         0,   33   0.707106781187  -0.707106781187   0.000000000000
                   0.577350269190   0.577350269190  -0.577350269190
0,   33 15567.491963075250 10253.777243546450 10114.242582553206    2    0
         0,   32  -0.707106781187   0.707106781187  -0.000000000000
                   0.577350269190   0.577350269190  -0.577350269190
         0,   34   0.707106781187  -0.707106781187   0.000000000000
                   0.577350269190   0.577350269190  -0.577350269190
0,   34 15952.385377503970 10122.050781532720 10367.409534968196    1    7
         0,   33  -0.707106781187   0.707106781187  -0.000000000000
                   0.577350269190   0.577350269190  -0.577350269190
0,   35 8961.689836008831 2469.917471740643 4053.931694547261    1    7
         0,   36  -0.000000000000  -0.707106781187   0.707106781187
                  -0.577350269190   0.577350269190   0.577350269190
0,   36 8857.556434809010 2803.419286710232 3616.296478377852    2    0
         0,   35   0.000000000000   0.707106781187  -0.707106781187
                  -0.577350269190   0.577350269190   0.577350269190
         0,   37  -0.000000000000  -0.707106781187   0.707106781187
                  -0.577350269190   0.577350269190   0.577350269190
0,   37 8753.423033609190 3136.921101679820 3178.661262208443    2    0
         0,   36   0.000000000000   0.707106781187  -0.707106781187
                  -0.577350269190   0.577350269190   0.577350269190
         0,   38  -0.000000000000  -0.707106781187   0.707106781187
                  -0.577350269190   0.577350269190   0.577350269190
0,   38 8649.289632409371 3470.422916649409 2741.026046039034    2    0
         0,   37   0.000000000000   0.707106781187  -0.707106781187
                  -0.577350269190   0.577350269190   0.577350269190
         0,   39  -0.000000000000  -0.707106781187   0.707106781187
                  -0.577350269190   0.577350269190   0.577350269190
0,   39 8545.156231209550 3803.924731618998 2303.390829869625    1    7
         0,   38   0.000000000000   0.707106781187  -0.707106781187
                  -0.577350269190   0.577350269190   0.577350269190
0,   40 17337.783431977223 4672.282556425971 11004.004895117037    1    7
         0,   41  -0.707106781187   0.707106781187  -0.000000000000
                   0.577350269190   0.577350269190  -0.577350269190
0,   41 17810.632600331905 4257.538433443114 11062.109940488861    2    0
         0,   40   0.707106781187  -0.707106781187   0.000000000000
                   0.577350269190   0.577350269190  -0.577350269190
         0,   42  -0.707106781187   0.707106781187  -0.000000000000
                   0.577350269190   0.577350269190  -0.577350269190
0,   42 18283.481768686586 3842.794310460257 11120.214985860684    2    0
         0,   41   0.707106781187  -0.707106781187   0.000000000000
                   0.577350269190   0.577350269190  -0.577350269190
         0,   43  -0.707106781187   0.707106781187  -0.000000000000
                   0.577350269190   0.577350269190  -0.577350269190
0,   43 18756.330937041264 3428.050187477400 11178.320031232508    2    0
         0,   42   0.707106781187  -0.707106781187   0.000000000000
                   0.577350269190   0.577350269190  -0.577350269190
         0,   44  -0.707106781187   0.707106781187  -0.000000000000
                   0.577350269190   0.577350269190  -0.577350269190
0,   44 19229.180105395946 3013.306064494543 11236.425076604331    1    7
         0,   43   0.707106781187  -0.707106781187   0.000000000000
                   0.577350269190   0.577350269190  -0.577350269190
0,   45 580.849776274645 2304.959021039394 17074.636065241499    1    7
         0,   46  -0.707106781187   0.707106781187  -0.000000000000
                   0.577350269190   0.577350269190  -0.577350269190
0,   46 769.305431562774 2480.787831592478 17438.920531082709    2    0
         0,   45   0.707106781187  -0.707106781187   0.000000000000
                   0.577350269190   0.577350269190  -0.577350269190
         0,   47  -0.707106781187   0.707106781187  -0.000000000000
                   0.577350269190   0.577350269190  -0.577350269190
0,   47 957.761086850903 2656.616642145560 17803.204996923923    2    0
         0,   46   0.707106781187  -0.707106781187   0.000000000000
                   0.577350269190   0.577350269190  -0.577350269190
         0,   48  -0.707106781187   0.707106781187  -0.000000000000
                   0.577350269190   0.577350269190  -0.577350269190
0,   48 1146.216742139032 2832.445452698644 18167.489462765134    2    0
         0,   47   0.707106781187  -0.707106781187   0.000000000000
                   0.577350269190   0.577350269190  -0.577350269190
         0,   49  -0.707106781187   0.707106781187  -0.000000000000
                   0.577350269190   0.577350269190  -0.577350269190
0,   49 1334.672397427161 3008.274263251727 18531.773928606348    1    7
         0,   48   0.707106781187  -0.707106781187   0.000000000000
                   0.577350269190   0.577350269190  -0.577350269190
0,   50 10515.574901578386 7480.391694493046 11055.591635384673    1    7
         0,   51   0.707106781187   0.000000000000   0.707106781187
                   0.577350269190   0.577350269190  -0.577350269190
0,   51 9965.120301028357 7830.495468501334 10855.240808842931    2    0
         0,   50  -0.707106781187  -0.000000000000  -0.707106781187
                   0.577350269190   0.577350269190  -0.577350269190
         0,   52   0.707106781187   0.000000000000   0.707106781187
                   0.577350269190   0.577350269190  -0.577350269190
0,   52 9414.665700478326 8180.599242509621 10654.889982301189    2    0
         0,   51  -0.707106781187  -0.000000000000  -0.707106781187
                   0.577350269190   0.577350269190  -0.577350269190
         0,   53   0.707106781187   0.000000000000   0.707106781187
                   0.577350269190   0.577350269190  -0.577350269190
0,   53 8864.211099928298 8530.703016517909 10454.539155759447    2    0
         0,   52  -0.707106781187  -0.000000000000  -0.707106781187
                   0.577350269190   0.577350269190  -0.577350269190
         0,   54   0.707106781187   0.000000000000   0.707106781187
                   0.577350269190   0.577350269190  -0.577350269190
0,   54 8313.756499378269 8880.806790526196 10254.188329217704    1    7
         0,   53  -0.707106781187  -0.000000000000  -0.707106781187
                   0.577350269190   0.577350269190  -0.577350269190
0,   55 16313.605538969425 13544.001903670407 8628.639086976787    1    7
         0,   56   0.000000000000   0.707106781187   0.707106781187
                   0.577350269190  -0.577350269190   0.577350269190
0,   56 16349.740891960137 13998.368002939345 9046.869833255016    2    0
         0,   55  -0.000000000000  -0.707106781187  -0.707106781187
                   0.577350269190  -0.577350269190   0.577350269190
         0,   57   0.000000000000   0.707106781187   0.707106781187
                   0.577350269190  -0.577350269190   0.577350269190
0,   57 16385.876244950847 14452.734102208284 9465.100579533242    2    0
         0,   56  -0.000000000000  -0.707106781187  -0.707106781187
                   0.577350269190  -0.577350269190   0.577350269190
         0,   58   0.000000000000   0.707106781187   0.707106781187
                   0.577350269190  -0.577350269190   0.577350269190
0,   58 16422.011597941557 14907.100201477222 9883.331325811469    2    0
         0,   57  -0.000000000000  -0.707106781187  -0.707106781187
                   0.577350269190  -0.577350269190   0.577350269190
         0,   59   0.000000000000   0.707106781187   0.707106781187
                   0.577350269190  -0.577350269190   0.577350269190
0,   59 16458.146950932271 15361.466300746160 10301.562072089697    1    7
         0,   58  -0.000000000000  -0.707106781187  -0.707106781187
                   0.577350269190  -0.577350269190   0.577350269190
0,   60 6150.676997144571 952.207864197839 7524.545979117045    1    7
         0,   61   0.707106781187   0.707106781187   0.000000000000
                   0.577350269190  -0.577350269190   0.577350269190
0,   61 6666.576005765126 1221.386310118677 7277.825416417328    2    0
         0,   60  -0.707106781187  -0.707106781187  -0.000000000000
                   0.577350269190  -0.577350269190   0.577350269190
         0,   62   0.707106781187   0.707106781187   0.000000000000
                   0.577350269190  -0.577350269190   0.577350269190
0,   62 7182.475014385682 1490.564756039514 7031.104853717609    2    0
         0,   61  -0.707106781187  -0.707106781187  -0.000000000000
                   0.577350269190  -0.577350269190   0.577350269190
         0,   63   0.707106781187   0.707106781187   0.000000000000
                   0.577350269190  -0.577350269190   0.577350269190
0,   63 7698.374023006237 1759.743201960352 6784.384291017892    2    0
         0,   62  -0.707106781187  -0.707106781187  -0.000000000000
                   0.577350269190  -0.577350269190   0.577350269190
         0,   64   0.707106781187   0.707106781187   0.000000000000
                   0.577350269190  -0.577350269190   0.577350269190
0,   64 8214.273031626792 2028.921647881189 6537.663728318174    1    7
         0,   63  -0.707106781187  -0.707106781187  -0.000000000000
                   0.577350269190  -0.577350269190   0.577350269190
0,   65 13832.298977503604 14990.786354485686 4623.574887624360    1    7
         0,   66  -0.707106781187  -0.000000000000   0.707106781187
                   0.577350269190  -0.577350269190   0.577350269190
0,   66 14246.762572856926 15288.677286504255 4507.002224289607    2    0
         0,   65   0.707106781187   0.000000000000  -0.707106781187
                   0.577350269190  -0.577350269190   0.577350269190
         0,   67  -0.707106781187  -0.000000000000   0.707106781187
                   0.577350269190  -0.577350269190   0.577350269190
0,   67 14661.226168210247 15586.568218522823 4390.429560954854    2    0
         0,   66   0.707106781187   0.000000000000  -0.707106781187
                   0.577350269190  -0.577350269190   0.577350269190
         0,   68  -0.707106781187  -0.000000000000   0.707106781187
                   0.577350269190  -0.577350269190   0.577350269190
0,   68 15075.689763563569 15884.459150541392 4273.856897620100    2    0
         0,   67   0.707106781187   0.000000000000  -0.707106781187
                   0.577350269190  -0.577350269190   0.577350269190
         0,   69  -0.707106781187  -0.000000000000   0.707106781187
                   0.577350269190  -0.577350269190   0.577350269190
0,   69 15490.153358916890 16182.350082559960 4157.284234285346    1    7
         0,   68   0.707106781187   0.000000000000  -0.707106781187
                   0.577350269190  -0.577350269190   0.577350269190
0,   70 13526.639814832803 1231.058658660198 19214.099076905393    1    7
         0,   71   0.707106781187   0.707106781187   0.000000000000
                   0.577350269190  -0.577350269190   0.577350269190
0,   71 13045.291676183322 934.198836003520 19398.587392898196    2    0
         0,   70  -0.707106781187  -0.707106781187  -0.000000000000
                   0.577350269190  -0.577350269190   0.577350269190
         0,   72   0.707106781187   0.707106781187   0.000000000000
                   0.577350269190  -0.577350269190   0.577350269190
0,   72 12563.943537533843 637.339013346842 19583.075708890996    2    0
         0,   71  -0.707106781187  -0.707106781187  -0.000000000000
                   0.577350269190  -0.577350269190   0.577350269190
         0,   73   0.707106781187   0.707106781187   0.000000000000
                   0.577350269190  -0.577350269190   0.577350269190
0,   73 12082.595398884363 340.479190690163 19767.564024883795    2    0
         0,   72  -0.707106781187  -0.707106781187  -0.000000000000
                   0.577350269190  -0.577350269190   0.577350269190
         0,   74   0.707106781187   0.707106781187   0.000000000000
                   0.577350269190  -0.577350269190   0.577350269190
0,   74 11601.247260234884  43.619368033485 19952.052340876598    1    7
         0,   73  -0.707106781187  -0.707106781187  -0.000000000000
                   0.577350269190  -0.577350269190   0.577350269190
0,   75 9796.574005974644 3185.719709715205 2787.581287908165    1    7
         0,   76  -0.707106781187  -0.000000000000   0.707106781187
                   0.577350269190   0.577350269190   0.577350269190
0,   76 9522.213971824904 3015.003512513421 3232.657519259690    2    0
         0,   75   0.707106781187   0.000000000000  -0.707106781187
                   0.577350269190   0.577350269190   0.577350269190
         0,   77  -0.707106781187  -0.000000000000   0.707106781187
                   0.577350269190   0.577350269190   0.577350269190
0,   77 9247.853937675161 2844.287315311637 3677.733750611215    2    0
         0,   76   0.707106781187   0.000000000000  -0.707106781187
                   0.577350269190   0.577350269190   0.577350269190
         0,   78  -0.707106781187  -0.000000000000   0.707106781187
                   0.577350269190   0.577350269190   0.577350269190
0,   78 8973.493903525421 2673.571118109853 4122.809981962740    2    0
         0,   77   0.707106781187   0.000000000000  -0.707106781187
                   0.577350269190   0.577350269190   0.577350269190
         0,   79  -0.707106781187  -0.000000000000   0.707106781187
                   0.577350269190   0.577350269190   0.577350269190
0,   79 8699.133869375681 2502.854920908069 4567.886213314265    1    7
         0,   78   0.707106781187   0.000000000000  -0.707106781187
                   0.577350269190   0.577350269190   0.577350269190
0,   80 17446.650161094964 6192.462000558570 15083.681027744158    1    7
         0,   81  -0.000000000000  -0.707106781187   0.707106781187
                   0.577350269190   0.577350269190   0.577350269190
0,   81 17735.319789117428 6361.895299790294 14625.578100489971    2    0
         0,   80   0.000000000000   0.707106781187  -0.707106781187
                   0.577350269190   0.577350269190   0.577350269190
         0,   82  -0.000000000000  -0.707106781187   0.707106781187
                   0.577350269190   0.577350269190   0.577350269190
0,   82 18023.989417139892 6531.328599022018 14167.475173235784    2    0
         0,   81   0.000000000000   0.707106781187  -0.707106781187
                   0.577350269190   0.577350269190   0.577350269190
         0,   83  -0.000000000000  -0.707106781187   0.707106781187
                   0.577350269190   0.577350269190   0.577350269190
0,   83 18312.659045162352 6700.761898253742 13709.372245981596    2    0
         0,   82   0.000000000000   0.707106781187  -0.707106781187
                   0.577350269190   0.577350269190   0.577350269190
         0,   84  -0.000000000000  -0.707106781187   0.707106781187
                   0.577350269190   0.577350269190   0.577350269190
0,   84 18601.328673184817 6870.195197485466 13251.269318727409    1    7
         0,   83   0.000000000000   0.707106781187  -0.707106781187
                   0.577350269190   0.577350269190   0.577350269190
0,   85 12081.105433376624 10522.386987321108 17131.088891552841    1    7
         0,   86   0.707106781187   0.000000000000  -0.707106781187
                   0.577350269190   0.577350269190   0.577350269190
0,   86 12056.730249396514 10034.573234181436 17643.277828672624    2    0
         0,   85  -0.707106781187  -0.000000000000   0.707106781187
                   0.577350269190   0.577350269190   0.577350269190
         0,   87   0.707106781187   0.000000000000  -0.707106781187
                   0.577350269190   0.577350269190   0.577350269190
0,   87 12032.355065416405 9546.759481041765 18155.466765792404    2    0
         0,   86  -0.707106781187  -0.000000000000   0.707106781187
                   0.577350269190   0.577350269190   0.577350269190
         0,   88   0.707106781187   0.000000000000  -0.707106781187
                   0.577350269190   0.577350269190   0.577350269190
0,   88 12007.979881436293 9058.945727902093 18667.655702912187    2    0
         0,   87  -0.707106781187  -0.000000000000   0.707106781187
                   0.577350269190   0.577350269190   0.577350269190
         0,   89   0.707106781187   0.000000000000  -0.707106781187
                   0.577350269190   0.577350269190   0.577350269190
0,   89 11983.604697456183 8571.131974762422 19179.844640031966    1    7
         0,   88  -0.707106781187  -0.000000000000   0.707106781187
                   0.577350269190   0.577350269190   0.577350269190
0,   90 12876.191180110480 17169.613023828286 891.966227840312    1    7
         0,   91   0.707106781187   0.000000000000   0.707106781187
                   0.577350269190   0.577350269190  -0.577350269190
0,   91 13149.071989205675 16874.940466122131 870.174479229353    2    0
         0,   90  -0.707106781187  -0.000000000000  -0.707106781187
                   0.577350269190   0.577350269190  -0.577350269190
         0,   92   0.707106781187   0.000000000000   0.707106781187
                   0.577350269190   0.577350269190  -0.577350269190
0,   92 13421.952798300870 16580.267908415979 848.382730618395    2    0
         0,   91  -0.707106781187  -0.000000000000  -0.707106781187
                   0.577350269190   0.577350269190  -0.577350269190
         0,   93   0.707106781187   0.000000000000   0.707106781187
                   0.577350269190   0.577350269190  -0.577350269190
0,   93 13694.833607396065 16285.595350709824 826.590982007436    2    0
         0,   92  -0.707106781187  -0.000000000000  -0.707106781187
                   0.577350269190   0.577350269190  -0.577350269190
         0,   94   0.707106781187   0.000000000000   0.707106781187
                   0.577350269190   0.577350269190  -0.577350269190
0,   94 13967.714416491261 15990.922793003669 804.799233396477    1    7
         0,   93  -0.707106781187  -0.000000000000  -0.707106781187
                   0.577350269190   0.577350269190  -0.577350269190
0,   95 15176.386667648367 18581.043093903325 11069.885375019456    1    7
         0,   96  -0.707106781187   0.707106781187  -0.000000000000
                   0.577350269190   0.577350269190   0.577350269190
0,   96 15052.771287561754 18917.493013642845 10857.050835366548    2    0
         0,   95   0.707106781187  -0.707106781187   0.000000000000
                   0.577350269190   0.577350269190   0.577350269190
         0,   97  -0.707106781187   0.707106781187  -0.000000000000
                   0.577350269190   0.577350269190   0.577350269190
0,   97 14929.155907475144 19253.942933382365 10644.216295713641    2    0
         0,   96   0.707106781187  -0.707106781187   0.000000000000
                   0.577350269190   0.577350269190   0.577350269190
         0,   98  -0.707106781187   0.707106781187  -0.000000000000
                   0.577350269190   0.577350269190   0.577350269190
0,   98 14805.540527388532 19590.392853121881 10431.381756060733    2    0
         0,   97   0.707106781187  -0.707106781187   0.000000000000
                   0.577350269190   0.577350269190   0.577350269190
         0,   99  -0.707106781187   0.707106781187  -0.000000000000
                   0.577350269190   0.577350269190   0.577350269190
0,   99 14681.925147301919 19926.842772861401 10218.547216407826    1    7
         0,   98   0.707106781187  -0.707106781187   0.000000000000
                   0.577350269190   0.577350269190   0.577350269190
0,  100 19111.719352655939 8172.767240002686 14915.691853332110    1    7
         0,  101   0.000000000000   0.707106781187  -0.707106781187
                  -0.577350269190   0.577350269190   0.577350269190
0,  101 18707.158918752270 7850.580610922637 14833.318048508489    2    0
         0,  100  -0.000000000000  -0.707106781187   0.707106781187
                  -0.577350269190   0.577350269190   0.577350269190
         0,  102   0.000000000000   0.707106781187  -0.707106781187
                  -0.577350269190   0.577350269190   0.577350269190
0,  102 18302.598484848600 7528.393981842588 14750.944243684869    2    0
         0,  101  -0.000000000000  -0.707106781187   0.707106781187
                  -0.577350269190   0.577350269190   0.577350269190
         0,  103   0.000000000000   0.707106781187  -0.707106781187
                  -0.577350269190   0.577350269190   0.577350269190
0,  103 17898.038050944931 7206.207352762540 14668.570438861248    2    0
         0,  102  -0.000000000000  -0.707106781187   0.707106781187
                  -0.577350269190   0.577350269190   0.577350269190
         0,  104   0.000000000000   0.707106781187  -0.707106781187
                  -0.577350269190   0.577350269190   0.577350269190
0,  104 17493.477617041262 6884.020723682491 14586.196634037628    1    7
         0,  103  -0.000000000000  -0.707106781187   0.707106781187
                  -0.577350269190   0.577350269190   0.577350269190
0,  105 13948.705949616084 10776.176445060466 18385.058164316797    1    7
         0,  106   0.000000000000   0.707106781187   0.707106781187
                   0.577350269190  -0.577350269190   0.577350269190
0,  106 14124.022307158155 10492.805504636734 17926.370866350993    2    0
         0,  105  -0.000000000000  -0.707106781187  -0.707106781187
                   0.577350269190  -0.577350269190   0.577350269190
         0,  107   0.000000000000   0.707106781187   0.707106781187
                   0.577350269190  -0.577350269190   0.577350269190
0,  107 14299.338664700224 10209.434564212999 17467.683568385190    2    0
         0,  106  -0.000000000000  -0.707106781187  -0.707106781187
                   0.577350269190  -0.577350269190   0.577350269190
         0,  108   0.000000000000   0.707106781187   0.707106781187
                   0.577350269190  -0.577350269190   0.577350269190
0,  108 14474.655022242296 9926.063623789267 17008.996270419386    2    0
         0,  107  -0.000000000000  -0.707106781187  -0.707106781187
                   0.577350269190  -0.577350269190   0.577350269190
         0,  109   0.000000000000   0.707106781187   0.707106781187
                   0.577350269190  -0.577350269190   0.577350269190
0,  109 14649.971379784365 9642.692683365534 16550.308972453582    1    7
         0,  108  -0.000000000000  -0.707106781187  -0.707106781187
                   0.577350269190  -0.577350269190   0.577350269190
0,  110 6782.035231493496 7367.108272266213 8061.941960599685    1    7
         0,  111  -0.707106781187  -0.707106781187  -0.000000000000
                   0.577350269190  -0.577350269190   0.577350269190
0,  111 6849.735726726307 7874.761843183714 8501.895036284373    2    0
         0,  110   0.707106781187   0.707106781187   0.000000000000
                   0.577350269190  -0.577350269190   0.577350269190
         0,  112  -0.707106781187  -0.707106781187  -0.000000000000
                   0.577350269190  -0.577350269190   0.577350269190
0,  112 6917.436221959118 8382.415414101213 8941.848111969062    2    0
         0,  111   0.707106781187   0.707106781187   0.000000000000
                   0.577350269190  -0.577350269190   0.577350269190
         0,  113  -0.707106781187  -0.707106781187  -0.000000000000
                   0.577350269190  -0.577350269190   0.577350269190
0,  113 6985.136717191929 8890.068985018714 9381.801187653751    2    0
         0,  112   0.707106781187   0.707106781187   0.000000000000
                   0.577350269190  -0.577350269190   0.577350269190
         0,  114  -0.707106781187  -0.707106781187  -0.000000000000
                   0.577350269190  -0.577350269190   0.577350269190
0,  114 7052.837212424740 9397.722555936214 9821.754263338440    1    7
         0,  113   0.707106781187   0.707106781187   0.000000000000
                   0.577350269190  -0.577350269190   0.577350269190
0,  115 12829.770923003816 11922.968818143032 12627.123677753758    1    7
         0,  116   0.707106781187   0.707106781187   0.000000000000
                   0.577350269190  -0.577350269190   0.577350269190
0,  116 13044.621053501869 12395.891938053028 12885.196667165701    2    0
         0,  115  -0.707106781187  -0.707106781187  -0.000000000000
                   0.577350269190  -0.577350269190   0.577350269190
         0,  117   0.707106781187   0.707106781187   0.000000000000
                   0.577350269190  -0.577350269190   0.577350269190
0,  117 13259.471183999922 12868.815057963024 13143.269656577646    2    0
         0,  116  -0.707106781187  -0.707106781187  -0.000000000000
                   0.577350269190  -0.577350269190   0.577350269190
         0,  118   0.707106781187   0.707106781187   0.000000000000
                   0.577350269190  -0.577350269190   0.577350269190
0,  118 13474.321314497975 13341.738177873020 13401.342645989589    2    0
         0,  117  -0.707106781187  -0.707106781187  -0.000000000000
                   0.577350269190  -0.577350269190   0.577350269190
         0,  119   0.707106781187   0.707106781187   0.000000000000
                   0.577350269190  -0.577350269190   0.577350269190
0,  119 13689.171444996025 13814.661297783017 13659.415635401532    1    7
         0,  118  -0.707106781187  -0.707106781187  -0.000000000000
                   0.577350269190  -0.577350269190   0.577350269190
0,  120 5420.506354058664 16006.836323958983 17207.017280836524    1    7
         0,  121   0.000000000000   0.707106781187   0.707106781187
                   0.577350269190  -0.577350269190   0.577350269190
0,  121 4969.110552582960 15577.144870492612 17228.721628845855    2    0
         0,  120  -0.000000000000  -0.707106781187  -0.707106781187
                   0.577350269190  -0.577350269190   0.577350269190
         0,  122   0.000000000000   0.707106781187   0.707106781187
                   0.577350269190  -0.577350269190   0.577350269190
0,  122 4517.714751107256 15147.453417026238 17250.425976855189    2    0
         0,  121  -0.000000000000  -0.707106781187  -0.707106781187
                   0.577350269190  -0.577350269190   0.577350269190
         0,  123   0.000000000000   0.707106781187   0.707106781187
                   0.577350269190  -0.577350269190   0.577350269190
0,  123 4066.318949631552 14717.761963559866 17272.130324864520    2    0
         0,  122  -0.000000000000  -0.707106781187  -0.707106781187
                   0.577350269190  -0.577350269190   0.577350269190
         0,  124   0.000000000000   0.707106781187   0.707106781187
                   0.577350269190  -0.577350269190   0.577350269190
0,  124 3614.923148155847 14288.070510093494 17293.834672873851    1    7
         0,  123  -0.000000000000  -0.707106781187  -0.707106781187
                   0.577350269190  -0.577350269190   0.577350269190
0,  125 2429.164796846467 5533.215791314292 2605.186164889532    1    7
         0,  126  -0.000000000000  -0.707106781187  -0.707106781187
                   0.577350269190   0.577350269190  -0.577350269190
0,  126 2754.764301569089 5530.434283790685 2928.004162088547    2    0
         0,  125   0.000000000000   0.707106781187   0.707106781187
                   0.577350269190   0.577350269190  -0.577350269190
         0,  127  -0.000000000000  -0.707106781187  -0.707106781187
                   0.577350269190   0.577350269190  -0.577350269190
0,  127 3080.363806291710 5527.652776267078 3250.822159287562    2    0
         0,  126   0.000000000000   0.707106781187   0.707106781187
                   0.577350269190   0.577350269190  -0.577350269190
         0,  128  -0.000000000000  -0.707106781187  -0.707106781187
                   0.577350269190   0.577350269190  -0.577350269190
0,  128 3405.963311014332 5524.871268743472 3573.640156486577    2    0
         0,  127   0.000000000000   0.707106781187   0.707106781187
                   0.577350269190   0.577350269190  -0.577350269190
         0,  129  -0.000000000000  -0.707106781187  -0.707106781187
                   0.577350269190   0.577350269190  -0.577350269190
0,  129 3731.562815736954 5522.089761219866 3896.458153685592    1    7
         0,  128   0.000000000000   0.707106781187   0.707106781187
                   0.577350269190   0.577350269190  -0.577350269190
0,  130 16555.213629589070 5491.382720285089 10934.505503632985    1    7
         0,  131   0.000000000000   0.707106781187  -0.707106781187
                   0.577350269190   0.577350269190   0.577350269190
0,  131 17028.791632761899 5044.765876161994 10907.544344583250    2    0
         0,  130  -0.000000000000  -0.707106781187   0.707106781187
                   0.577350269190   0.577350269190   0.577350269190
         0,  132   0.000000000000   0.707106781187  -0.707106781187
                   0.577350269190   0.577350269190   0.577350269190
0,  132 17502.369635934730 4598.149032038900 10880.583185533516    2    0
         0,  131  -0.000000000000  -0.707106781187   0.707106781187
                   0.577350269190   0.577350269190   0.577350269190
         0,  133   0.000000000000   0.707106781187  -0.707106781187
                   0.577350269190   0.577350269190   0.577350269190
0,  133 17975.947639107559 4151.532187915805 10853.622026483781    2    0
         0,  132  -0.000000000000  -0.707106781187   0.707106781187
                   0.577350269190   0.577350269190   0.577350269190
         0,  134   0.000000000000   0.707106781187  -0.707106781187
                   0.577350269190   0.577350269190   0.577350269190
0,  134 18449.525642280387 3704.915343792711 10826.660867434046    1    7
         0,  133  -0.000000000000  -0.707106781187   0.707106781187
                   0.577350269190   0.577350269190   0.577350269190
0,  135 5577.899319634754 13207.915950004182 7196.153902907535    1    7
         0,  136   0.707106781187   0.707106781187   0.000000000000
                   0.577350269190  -0.577350269190   0.577350269190
0,  136 5425.102159377014 12775.288578397287 6916.323691558379    2    0
         0,  135  -0.707106781187  -0.707106781187  -0.000000000000
                   0.577350269190  -0.577350269190   0.577350269190
         0,  137   0.707106781187   0.707106781187   0.000000000000
                   0.577350269190  -0.577350269190   0.577350269190
0,  137 5272.304999119274 12342.661206790390 6636.493480209223    2    0
         0,  136  -0.707106781187  -0.707106781187  -0.000000000000
                   0.577350269190  -0.577350269190   0.577350269190
         0,  138   0.707106781187   0.707106781187   0.000000000000
                   0.577350269190  -0.577350269190   0.577350269190
0,  138 5119.507838861534 11910.033835183494 6356.663268860068    2    0
         0,  137  -0.707106781187  -0.707106781187  -0.000000000000
                   0.577350269190  -0.577350269190   0.577350269190
         0,  139   0.707106781187   0.707106781187   0.000000000000
                   0.577350269190  -0.577350269190   0.577350269190
0,  139 4966.710678603793 11477.406463576599 6076.833057510911    1    7
         0,  138  -0.707106781187  -0.707106781187  -0.000000000000
                   0.577350269190  -0.577350269190   0.577350269190
0,  140 14198.020983636039 1392.959813200499 7101.404478626500    1    7
         0,  141   0.000000000000   0.707106781187  -0.707106781187
                   0.577350269190   0.577350269190   0.577350269190
0,  141 13852.780667114670 1155.815909396732 7683.788698951636    2    0
         0,  140  -0.000000000000  -0.707106781187   0.707106781187
                   0.577350269190   0.577350269190   0.577350269190
         0,  142   0.000000000000   0.707106781187  -0.707106781187
                   0.577350269190   0.577350269190   0.577350269190
0,  142 13507.540350593301 918.672005592966 8266.172919276771    2    0
         0,  141  -0.000000000000  -0.707106781187   0.707106781187
                   0.577350269190   0.577350269190   0.577350269190
         0,  143   0.000000000000   0.707106781187  -0.707106781187
                   0.577350269190   0.577350269190   0.577350269190
0,  143 13162.300034071932 681.528101789200 8848.557139601906    2    0
         0,  142  -0.000000000000  -0.707106781187   0.707106781187
                   0.577350269190   0.577350269190   0.577350269190
         0,  144   0.000000000000   0.707106781187  -0.707106781187
                   0.577350269190   0.577350269190   0.577350269190
0,  144 12817.059717550563 444.384197985434 9430.941359927041    1    7
         0,  143  -0.000000000000  -0.707106781187   0.707106781187
                   0.577350269190   0.577350269190   0.577350269190
0,  145 8622.759274746715 18913.447468477869 17324.742273618755    1    7
         0,  146  -0.707106781187   0.707106781187  -0.000000000000
                   0.577350269190   0.577350269190  -0.577350269190
0,  146 8787.057726911187 18447.021025767001 17022.614283072358    2    0
         0,  145   0.707106781187  -0.707106781187   0.000000000000
                   0.577350269190   0.577350269190  -0.577350269190
         0,  147  -0.707106781187   0.707106781187  -0.000000000000
                   0.577350269190   0.577350269190  -0.577350269190
0,  147 8951.356179075661 17980.594583056132 16720.486292525962    2    0
         0,  146   0.707106781187  -0.707106781187   0.000000000000
                   0.577350269190   0.577350269190  -0.577350269190
         0,  148  -0.707106781187   0.707106781187  -0.000000000000
                   0.577350269190   0.577350269190  -0.577350269190
0,  148 9115.654631240133 17514.168140345260 16418.358301979566    2    0
         0,  147   0.707106781187  -0.707106781187   0.000000000000
                   0.577350269190   0.577350269190  -0.577350269190
         0,  149  -0.707106781187   0.707106781187  -0.000000000000
                   0.577350269190   0.577350269190  -0.577350269190
0,  149 9279.953083404605 17047.741697634392 16116.230311433170    1    7
         0,  148   0.707106781187  -0.707106781187   0.000000000000
                   0.577350269190   0.577350269190  -0.577350269190
0,  150 10378.281794470699 11755.114175416633 6567.683356112641    1    7
         0,  151   0.707106781187  -0.707106781187   0.000000000000
                   0.577350269190   0.577350269190  -0.577350269190
0,  151 10112.464884632765 12126.717872012337 6673.470142870414    2    0
         0,  150  -0.707106781187   0.707106781187  -0.000000000000
                   0.577350269190   0.577350269190  -0.577350269190
         0,  152   0.707106781187  -0.707106781187   0.000000000000
                   0.577350269190   0.577350269190  -0.577350269190
0,  152 9846.647974794834 12498.321568608042 6779.256929628185    2    0
         0,  151  -0.707106781187   0.707106781187  -0.000000000000
                   0.577350269190   0.577350269190  -0.577350269190
         0,  153   0.707106781187  -0.707106781187   0.000000000000
                   0.577350269190   0.577350269190  -0.577350269190
0,  153 9580.831064956901 12869.925265203747 6885.043716385957    2    0
         0,  152  -0.707106781187   0.707106781187  -0.000000000000
                   0.577350269190   0.577350269190  -0.577350269190
         0,  154   0.707106781187  -0.707106781187   0.000000000000
                   0.577350269190   0.577350269190  -0.577350269190
0,  154 9315.014155118970 13241.528961799449 6990.830503143729    1    7
         0,  153  -0.707106781187   0.707106781187  -0.000000000000
                   0.577350269190   0.577350269190  -0.577350269190
0,  155 18671.013510192992 16302.034087019192 19660.482844457401    1    7
         0,  156  -0.707106781187   0.707106781187  -0.000000000000
                   0.577350269190   0.577350269190  -0.577350269190
0,  156 18279.171314317344 16489.435738529592 19456.042300092151    2    0
         0,  155   0.707106781187  -0.707106781187   0.000000000000
                   0.577350269190   0.577350269190  -0.577350269190
         0,  157  -0.707106781187   0.707106781187  -0.000000000000
                   0.577350269190   0.577350269190  -0.577350269190
0,  157 17887.329118441696 16676.837390039989 19251.601755726904    2    0
         0,  156   0.707106781187  -0.707106781187   0.000000000000
                   0.577350269190   0.577350269190  -0.577350269190
         0,  158  -0.707106781187   0.707106781187  -0.000000000000
                   0.577350269190   0.577350269190  -0.577350269190
0,  158 17495.486922566048 16864.239041550387 19047.161211361654    2    0
         0,  157   0.707106781187  -0.707106781187   0.000000000000
                   0.577350269190   0.577350269190  -0.577350269190
         0,  159  -0.707106781187   0.707106781187  -0.000000000000
                   0.577350269190   0.577350269190  -0.577350269190
0,  159 17103.644726690400 17051.640693060785 18842.720666996403    1    7
         0,  158   0.707106781187  -0.707106781187   0.000000000000
                   0.577350269190   0.577350269190  -0.577350269190
0,  160 14859.253687723285 8969.746007815109 8790.549292970007    1    7
         0,  161  -0.707106781187  -0.000000000000   0.707106781187
                   0.577350269190  -0.577350269190   0.577350269190
0,  161 15008.023115930615 9323.990088512206 8996.023945459772    2    0
         0,  160   0.707106781187   0.000000000000  -0.707106781187
                   0.577350269190  -0.577350269190   0.577350269190
         0,  162  -0.707106781187  -0.000000000000   0.707106781187
                   0.577350269190  -0.577350269190   0.577350269190
0,  162 15156.792544137945 9678.234169209301 9201.498597949540    2    0
         0,  161   0.707106781187   0.000000000000  -0.707106781187
                   0.577350269190  -0.577350269190   0.577350269190
         0,  163  -0.707106781187  -0.000000000000   0.707106781187
                   0.577350269190  -0.577350269190   0.577350269190
0,  163 15305.561972345276 10032.478249906399 9406.973250439305    2    0
         0,  162   0.707106781187   0.000000000000  -0.707106781187
                   0.577350269190  -0.577350269190   0.577350269190
         0,  164  -0.707106781187  -0.000000000000   0.707106781187
                   0.577350269190  -0.577350269190   0.577350269190
0,  164 15454.331400552606 10386.722330603496 9612.447902929072    1    7
         0,  163   0.707106781187   0.000000000000  -0.707106781187
                   0.577350269190  -0.577350269190   0.577350269190
0,  165 5712.621837517616 6861.609185842541 12567.295180304529    1    7
         0,  166  -0.707106781187   0.707106781187  -0.000000000000
                   0.577350269190   0.577350269190  -0.577350269190
0,  166 5796.455831052324 6294.123138091556 12083.643126088253    2    0
         0,  165   0.707106781187  -0.707106781187   0.000000000000
                   0.577350269190   0.577350269190  -0.577350269190
         0,  167  -0.707106781187   0.707106781187  -0.000000000000
                   0.577350269190   0.577350269190  -0.577350269190
0,  167 5880.289824587032 5726.637090340571 11599.991071871977    2    0
         0,  166   0.707106781187  -0.707106781187   0.000000000000
                   0.577350269190   0.577350269190  -0.577350269190
         0,  168  -0.707106781187   0.707106781187  -0.000000000000
                   0.577350269190   0.577350269190  -0.577350269190
0,  168 5964.123818121740 5159.151042589587 11116.339017655700    2    0
         0,  167   0.707106781187  -0.707106781187   0.000000000000
                   0.577350269190   0.577350269190  -0.577350269190
         0,  169  -0.707106781187   0.707106781187  -0.000000000000
                   0.577350269190   0.577350269190  -0.577350269190
0,  169 6047.957811656448 4591.664994838602 10632.686963439424    1    7
         0,  168   0.707106781187  -0.707106781187   0.000000000000
                   0.577350269190   0.577350269190  -0.577350269190
0,  170 14917.782341361604 17449.087954456041 3859.354106469331    1    7
         0,  171  -0.000000000000  -0.707106781187   0.707106781187
                   0.577350269190   0.577350269190   0.577350269190
0,  171 15367.777388133067 17146.844195712583 3711.602818441327    2    0
         0,  170   0.000000000000   0.707106781187  -0.707106781187
                   0.577350269190   0.577350269190   0.577350269190
         0,  172  -0.000000000000  -0.707106781187   0.707106781187
                   0.577350269190   0.577350269190   0.577350269190
0,  172 15817.772434904531 16844.600436969125 3563.851530413323    2    0
         0,  171   0.000000000000   0.707106781187  -0.707106781187
                   0.577350269190   0.577350269190   0.577350269190
         0,  173  -0.000000000000  -0.707106781187   0.707106781187
                   0.577350269190   0.577350269190   0.577350269190
0,  173 16267.767481675994 16542.356678225664 3416.100242385318    2    0
         0,  172   0.000000000000   0.707106781187  -0.707106781187
                   0.577350269190   0.577350269190   0.577350269190
         0,  174  -0.000000000000  -0.707106781187   0.707106781187
                   0.577350269190   0.577350269190   0.577350269190
0,  174 16717.762528447456 16240.112919482206 3268.348954357314    1    7
         0,  173   0.000000000000   0.707106781187  -0.707106781187
                   0.577350269190   0.577350269190   0.577350269190
0,  175 15988.064285098906 17108.703156975818 4187.365291239126    1    7
         0,  176  -0.707106781187  -0.000000000000   0.707106781187
                   0.577350269190  -0.577350269190   0.577350269190
0,  176 15996.280325113326 16707.925150845509 3778.371245094394    2    0
         0,  175   0.707106781187   0.000000000000  -0.707106781187
                   0.577350269190  -0.577350269190   0.577350269190
         0,  177  -0.707106781187  -0.000000000000   0.707106781187
                   0.577350269190  -0.577350269190   0.577350269190
0,  177 16004.496365127749 16307.147144715198 3369.377198949663    2    0
         0,  176   0.707106781187   0.000000000000  -0.707106781187
                   0.577350269190  -0.577350269190   0.577350269190
         0,  178  -0.707106781187  -0.000000000000   0.707106781187
                   0.577350269190  -0.577350269190   0.577350269190
0,  178 16012.712405142169 15906.369138584887 2960.383152804931    2    0
         0,  177   0.707106781187   0.000000000000  -0.707106781187
                   0.577350269190  -0.577350269190   0.577350269190
         0,  179  -0.707106781187  -0.000000000000   0.707106781187
                   0.577350269190  -0.577350269190   0.577350269190
0,  179 16020.928445156591 15505.591132454576 2551.389106660200    1    7
         0,  178   0.707106781187   0.000000000000  -0.707106781187
                   0.577350269190  -0.577350269190   0.577350269190
0,  180 7361.108125672235 20054.876568915792 3757.038699672571    1    7
         0,  181  -0.000000000000  -0.707106781187   0.707106781187
                   0.577350269190   0.577350269190   0.577350269190
0,  181 7663.286556700304 19609.587856820970 3900.148980739324    2    0
         0,  180   0.000000000000   0.707106781187  -0.707106781187
                   0.577350269190   0.577350269190   0.577350269190
         0,  182  -0.000000000000  -0.707106781187   0.707106781187
                   0.577350269190   0.577350269190   0.577350269190
0,  182 7965.464987728374 19164.299144726148 4043.259261806076    2    0
         0,  181   0.000000000000   0.707106781187  -0.707106781187
                   0.577350269190   0.577350269190   0.577350269190
         0,  183  -0.000000000000  -0.707106781187   0.707106781187
                   0.577350269190   0.577350269190   0.577350269190
0,  183 8267.643418756443 18719.010432631327 4186.369542872829    2    0
         0,  182   0.000000000000   0.707106781187  -0.707106781187
                   0.577350269190   0.577350269190   0.577350269190
         0,  184  -0.000000000000  -0.707106781187   0.707106781187
                   0.577350269190   0.577350269190   0.577350269190
0,  184 8569.821849784512 18273.721720536501 4329.479823939582    1    7
         0,  183   0.000000000000   0.707106781187  -0.707106781187
                   0.577350269190   0.577350269190   0.577350269190
0,  185 13195.283260452681 18803.725827296614 18790.141824878177    1    7
         0,  186   0.707106781187   0.707106781187   0.000000000000
                   0.577350269190  -0.577350269190   0.577350269190
0,  186 12700.885465340940 18540.017874264311 19020.831666957616    2    0
         0,  185  -0.707106781187  -0.707106781187  -0.000000000000
                   0.577350269190  -0.577350269190   0.577350269190
         0,  187   0.707106781187   0.707106781187   0.000000000000
                   0.577350269190  -0.577350269190   0.577350269190
0,  187 12206.487670229199 18276.309921232008 19251.521509037055    2    0
         0,  186  -0.707106781187  -0.707106781187  -0.000000000000
                   0.577350269190  -0.577350269190   0.577350269190
         0,  188   0.707106781187   0.707106781187   0.000000000000
                   0.577350269190  -0.577350269190   0.577350269190
0,  188 11712.089875117457 18012.601968199706 19482.211351116493    2    0
         0,  187  -0.707106781187  -0.707106781187  -0.000000000000
                   0.577350269190  -0.577350269190   0.577350269190
         0,  189   0.707106781187   0.707106781187   0.000000000000
                   0.577350269190  -0.577350269190   0.577350269190
0,  189 11217.692080005716 17748.894015167403 19712.901193195932    1    7
         0,  188  -0.707106781187  -0.707106781187  -0.000000000000
                   0.577350269190  -0.577350269190   0.577350269190
0,  190 15952.711555865266 4928.428498329598 16428.570661745867    1    7
         0,  191  -0.707106781187   0.707106781187  -0.000000000000
                   0.577350269190   0.577350269190  -0.577350269190
0,  191 15863.781197765298 5395.808357959121 16807.020163275425    2    0
         0,  190   0.707106781187  -0.707106781187   0.000000000000
                   0.577350269190   0.577350269190  -0.577350269190
         0,  192  -0.707106781187   0.707106781187  -0.000000000000
                   0.577350269190   0.577350269190  -0.577350269190
0,  192 15774.850839665332 5863.188217588644 17185.469664804979    2    0
         0,  191   0.707106781187  -0.707106781187   0.000000000000
                   0.577350269190   0.577350269190  -0.577350269190
         0,  193  -0.707106781187   0.707106781187  -0.000000000000
                   0.577350269190   0.577350269190  -0.577350269190
0,  193 15685.920481565365 6330.568077218168 17563.919166334537    2    0
         0,  192   0.707106781187  -0.707106781187   0.000000000000
                   0.577350269190   0.577350269190  -0.577350269190
         0,  194  -0.707106781187   0.707106781187  -0.000000000000
                   0.577350269190   0.577350269190  -0.577350269190
0,  194 15596.990123465399 6797.947936847690 17942.368667864092    1    7
         0,  193   0.707106781187  -0.707106781187   0.000000000000
                   0.577350269190   0.577350269190  -0.577350269190
0,  195 16905.636605728792 3437.755380732975 9490.183139515348    1    7
         0,  196   0.000000000000   0.707106781187  -0.707106781187
                  -0.577350269190   0.577350269190   0.577350269190
0,  196 16624.720200312764 3584.528339143647 9062.493775688645    2    0
         0,  195  -0.000000000000  -0.707106781187   0.707106781187
                  -0.577350269190   0.577350269190   0.577350269190
         0,  197   0.000000000000   0.707106781187  -0.707106781187
                  -0.577350269190   0.577350269190   0.577350269190
0,  197 16343.803794896732 3731.301297554320 8634.804411861942    2    0
         0,  196  -0.000000000000  -0.707106781187   0.707106781187
                  -0.577350269190   0.577350269190   0.577350269190
         0,  198   0.000000000000   0.707106781187  -0.707106781187
                  -0.577350269190   0.577350269190   0.577350269190
0,  198 16062.887389480702 3878.074255964993 8207.115048035241    2    0
         0,  197  -0.000000000000  -0.707106781187   0.707106781187
                  -0.577350269190   0.577350269190   0.577350269190
         0,  199   0.000000000000   0.707106781187  -0.707106781187
                  -0.577350269190   0.577350269190   0.577350269190
0,  199 15781.970984064674 4024.847214375665 7779.425684208538    1    7
         0,  198  -0.000000000000  -0.707106781187   0.707106781187
                  -0.577350269190   0.577350269190   0.577350269190
0,  200 14232.834408070798 13108.947225671271 19931.982168589500    1    7
         0,  201   0.707106781187   0.000000000000   0.707106781187
                  -0.577350269190   0.577350269190   0.577350269190
0,  201 13870.813290123109 13106.940470367654 19571.967805945431    2    0
         0,  200  -0.707106781187  -0.000000000000  -0.707106781187
                  -0.577350269190   0.577350269190   0.577350269190
         0,  202   0.707106781187   0.000000000000   0.707106781187
                  -0.577350269190   0.577350269190   0.577350269190
0,  202 13508.792172175421 13104.933715064037 19211.953443301358    2    0
         0,  201  -0.707106781187  -0.000000000000  -0.707106781187
                  -0.577350269190   0.577350269190   0.577350269190
         0,  203   0.707106781187   0.000000000000   0.707106781187
                  -0.577350269190   0.577350269190   0.577350269190
0,  203 13146.771054227733 13102.926959760420 18851.939080657285    2    0
         0,  202  -0.707106781187  -0.000000000000  -0.707106781187
                  -0.577350269190   0.577350269190   0.577350269190
         0,  204   0.707106781187   0.000000000000   0.707106781187
                  -0.577350269190   0.577350269190   0.577350269190
0,  204 12784.749936280044 13100.920204456803 18491.924718013215    1    7
         0,  203  -0.707106781187  -0.000000000000  -0.707106781187
                  -0.577350269190   0.577350269190   0.577350269190
0,  205 14893.854295722678 17315.627177570543 5969.499892665642    1    7
         0,  206  -0.707106781187   0.707106781187  -0.000000000000
                   0.577350269190   0.577350269190  -0.577350269190
0,  206 14638.002606108959 17903.367976041125 6301.389001522506    2    0
         0,  205   0.707106781187  -0.707106781187   0.000000000000
                   0.577350269190   0.577350269190  -0.577350269190
         0,  207  -0.707106781187   0.707106781187  -0.000000000000
                   0.577350269190   0.577350269190  -0.577350269190
0,  207 14382.150916495240 18491.108774511711 6633.278110379370    2    0
         0,  206   0.707106781187  -0.707106781187   0.000000000000
                   0.577350269190   0.577350269190  -0.577350269190
         0,  208  -0.707106781187   0.707106781187  -0.000000000000
                   0.577350269190   0.577350269190  -0.577350269190
0,  208 14126.299226881520 19078.849572982293 6965.167219236235    2    0
         0,  207   0.707106781187  -0.707106781187   0.000000000000
                   0.577350269190   0.577350269190  -0.577350269190
         0,  209  -0.707106781187   0.707106781187  -0.000000000000
                   0.577350269190   0.577350269190  -0.577350269190
0,  209 13870.447537267801 19666.590371452876 7297.056328093099    1    7
         0,  208   0.707106781187  -0.707106781187   0.000000000000
                   0.577350269190   0.577350269190  -0.577350269190
0,  210 913.319604871005 13845.587650656485 7910.851283974075    1    7
         0,  211  -0.707106781187  -0.000000000000   0.707106781187
                   0.577350269190   0.577350269190   0.577350269190
0,  211 1492.838754249811 13581.425078670336 7595.494706581419    2    0
         0,  210   0.707106781187   0.000000000000  -0.707106781187
                   0.577350269190   0.577350269190   0.577350269190
         0,  212  -0.707106781187  -0.000000000000   0.707106781187
                   0.577350269190   0.577350269190   0.577350269190
0,  212 2072.357903628616 13317.262506684187 7280.138129188763    2    0
         0,  211   0.707106781187   0.000000000000  -0.707106781187
                   0.577350269190   0.577350269190   0.577350269190
         0,  213  -0.707106781187  -0.000000000000   0.707106781187
                   0.577350269190   0.577350269190   0.577350269190
0,  213 2651.877053007423 13053.099934698037 6964.781551796107    2    0
         0,  212   0.707106781187   0.000000000000  -0.707106781187
                   0.577350269190   0.577350269190   0.577350269190
         0,  214  -0.707106781187  -0.000000000000   0.707106781187
                   0.577350269190   0.577350269190   0.577350269190
0,  214 3231.396202386228 12788.937362711888 6649.424974403451    1    7
         0,  213   0.707106781187   0.000000000000  -0.707106781187
                   0.577350269190   0.577350269190   0.577350269190
0,  215 16823.275443452734 8376.385545345651 7730.537636247082    1    7
         0,  216  -0.707106781187   0.707106781187  -0.000000000000
                   0.577350269190   0.577350269190  -0.577350269190
0,  216 16358.014405229584 8372.271934584553 7261.162987262833    2    0
         0,  215   0.707106781187  -0.707106781187   0.000000000000
                   0.577350269190   0.577350269190  -0.577350269190
         0,  217  -0.707106781187   0.707106781187  -0.000000000000
                   0.577350269190   0.577350269190  -0.577350269190
0,  217 15892.753367006433 8368.158323823454 6791.788338278584    2    0
         0,  216   0.707106781187  -0.707106781187   0.000000000000
                   0.577350269190   0.577350269190  -0.577350269190
         0,  218  -0.707106781187   0.707106781187  -0.000000000000
                   0.577350269190   0.577350269190  -0.577350269190
0,  218 15427.492328783283 8364.044713062356 6322.413689294335    2    0
         0,  217   0.707106781187  -0.707106781187   0.000000000000
                   0.577350269190   0.577350269190  -0.577350269190
         0,  219  -0.707106781187   0.707106781187  -0.000000000000
                   0.577350269190   0.577350269190  -0.577350269190
0,  219 14962.231290560132 8359.931102301258 5853.039040310086    1    7
         0,  218   0.707106781187  -0.707106781187   0.000000000000
                   0.577350269190   0.577350269190  -0.577350269190
0,  220 8720.253899183252 16289.420182584432 3308.973168747837    1    7
         0,  221   0.000000000000   0.707106781187   0.707106781187
                   0.577350269190  -0.577350269190   0.577350269190
0,  221 9302.613243799391 16749.350904854931 3186.544546402197    2    0
         0,  220  -0.000000000000  -0.707106781187  -0.707106781187
                   0.577350269190  -0.577350269190   0.577350269190
         0,  222   0.000000000000   0.707106781187   0.707106781187
                   0.577350269190  -0.577350269190   0.577350269190
0,  222 9884.972588415530 17209.281627125431 3064.115924056557    2    0
         0,  221  -0.000000000000  -0.707106781187  -0.707106781187
                   0.577350269190  -0.577350269190   0.577350269190
         0,  223   0.000000000000   0.707106781187   0.707106781187
                   0.577350269190  -0.577350269190   0.577350269190
0,  223 10467.331933031668 17669.212349395930 2941.687301710917    2    0
         0,  222  -0.000000000000  -0.707106781187  -0.707106781187
                   0.577350269190  -0.577350269190   0.577350269190
         0,  224   0.000000000000   0.707106781187   0.707106781187
                   0.577350269190  -0.577350269190   0.577350269190
0,  224 11049.691277647808 18129.143071666425 2819.258679365277    1    7
         0,  223  -0.000000000000  -0.707106781187  -0.707106781187
                   0.577350269190  -0.577350269190   0.577350269190
0,  225 2956.174343531313 9696.350473259210 1282.071925460159    1    7
         0,  226   0.707106781187   0.707106781187   0.000000000000
                   0.577350269190  -0.577350269190   0.577350269190
0,  226 3162.438851052751 10175.580431065153 1555.037375744663    2    0
         0,  225  -0.707106781187  -0.707106781187  -0.000000000000
                   0.577350269190  -0.577350269190   0.577350269190
         0,  227   0.707106781187   0.707106781187   0.000000000000
                   0.577350269190  -0.577350269190   0.577350269190
0,  227 3368.703358574191 10654.810388871096 1828.002826029167    2    0
         0,  226  -0.707106781187  -0.707106781187  -0.000000000000
                   0.577350269190  -0.577350269190   0.577350269190
         0,  228   0.707106781187   0.707106781187   0.000000000000
                   0.577350269190  -0.577350269190   0.577350269190
0,  228 3574.967866095629 11134.040346677039 2100.968276313671    2    0
         0,  227  -0.707106781187  -0.707106781187  -0.000000000000
                   0.577350269190  -0.577350269190   0.577350269190
         0,  229   0.707106781187   0.707106781187   0.000000000000
                   0.577350269190  -0.577350269190   0.577350269190
0,  229 3781.232373617068 11613.270304482981 2373.933726598175    1    7
         0,  228  -0.707106781187  -0.707106781187  -0.000000000000
                   0.577350269190  -0.577350269190   0.577350269190
0,  230 8765.170231767424 14167.679132685604 2421.261509747523    1    7
         0,  231   0.000000000000   0.707106781187  -0.707106781187
                   0.577350269190   0.577350269190   0.577350269190
0,  231 8763.488647987944 14615.321308553952 1975.300917658655    2    0
         0,  230  -0.000000000000  -0.707106781187   0.707106781187
                   0.577350269190   0.577350269190   0.577350269190
         0,  232   0.000000000000   0.707106781187  -0.707106781187
                   0.577350269190   0.577350269190   0.577350269190
0,  232 8761.807064208466 15062.963484422298 1529.340325569787    2    0
         0,  231  -0.000000000000  -0.707106781187   0.707106781187
                   0.577350269190   0.577350269190   0.577350269190
         0,  233   0.000000000000   0.707106781187  -0.707106781187
                   0.577350269190   0.577350269190   0.577350269190
0,  233 8760.125480428986 15510.605660290646 1083.379733480919    2    0
         0,  232  -0.000000000000  -0.707106781187   0.707106781187
                   0.577350269190   0.577350269190   0.577350269190
         0,  234   0.000000000000   0.707106781187  -0.707106781187
                   0.577350269190   0.577350269190   0.577350269190
0,  234 8758.443896649507 15958.247836158993 637.419141392051    1    7
         0,  233  -0.000000000000  -0.707106781187   0.707106781187
                   0.577350269190   0.577350269190   0.577350269190
0,  235 4613.517859405128 2713.331271999860 17301.135298207802    1    7
         0,  236  -0.707106781187  -0.000000000000   0.707106781187
                   0.577350269190   0.577350269190   0.577350269190
0,  236 4240.919269110386 3114.621128607922 17272.444031894480    2    0
         0,  235   0.707106781187   0.000000000000  -0.707106781187
                   0.577350269190   0.577350269190   0.577350269190
         0,  237  -0.707106781187  -0.000000000000   0.707106781187
                   0.577350269190   0.577350269190   0.577350269190
0,  237 3868.320678815645 3515.910985215985 17243.752765581161    2    0
         0,  236   0.707106781187   0.000000000000  -0.707106781187
                   0.577350269190   0.577350269190   0.577350269190
         0,  238  -0.707106781187  -0.000000000000   0.707106781187
                   0.577350269190   0.577350269190   0.577350269190
0,  238 3495.722088520904 3917.200841824048 17215.061499267838    2    0
         0,  237   0.707106781187   0.000000000000  -0.707106781187
                   0.577350269190   0.577350269190   0.577350269190
         0,  239  -0.707106781187  -0.000000000000   0.707106781187
                   0.577350269190   0.577350269190   0.577350269190
0,  239 3123.123498226162 4318.490698432111 17186.370232954516    1    7
         0,  238   0.707106781187   0.000000000000  -0.707106781187
                   0.577350269190   0.577350269190   0.577350269190
0,  240 15533.985491290594 3218.474323116757 8149.351029935350    1    7
         0,  241  -0.707106781187   0.707106781187  -0.000000000000
                   0.577350269190   0.577350269190  -0.577350269190
0,  241 15813.468955835957 2844.842035938034 8055.202207301990    2    0
         0,  240   0.707106781187  -0.707106781187   0.000000000000
                   0.577350269190   0.577350269190  -0.577350269190
         0,  242  -0.707106781187   0.707106781187  -0.000000000000
                   0.577350269190   0.577350269190  -0.577350269190
0,  242 16092.952420381320 2471.209748759311 7961.053384668630    2    0
         0,  241   0.707106781187  -0.707106781187   0.000000000000
                   0.577350269190   0.577350269190  -0.577350269190
         0,  243  -0.707106781187   0.707106781187  -0.000000000000
                   0.577350269190   0.577350269190  -0.577350269190
0,  243 16372.435884926683 2097.577461580588 7866.904562035270    2    0
         0,  242   0.707106781187  -0.707106781187   0.000000000000
                   0.577350269190   0.577350269190  -0.577350269190
         0,  244  -0.707106781187   0.707106781187  -0.000000000000
                   0.577350269190   0.577350269190  -0.577350269190
0,  244 16651.919349472046 1723.945174401865 7772.755739401910    1    7
         0,  243   0.707106781187  -0.707106781187   0.000000000000
                   0.577350269190   0.577350269190  -0.577350269190
0,  245 15696.076018249458 10761.561626783381 15338.467403627734    1    7
         0,  246   0.000000000000   0.707106781187  -0.707106781187
                  -0.577350269190   0.577350269190   0.577350269190
0,  246 15101.467141141906 10440.128712044594 15065.291441258969    2    0
         0,  245  -0.000000000000  -0.707106781187   0.707106781187
                  -0.577350269190   0.577350269190   0.577350269190
         0,  247   0.000000000000   0.707106781187  -0.707106781187
                  -0.577350269190   0.577350269190   0.577350269190
0,  247 14506.858264034354 10118.695797305805 14792.115478890204    2    0
         0,  246  -0.000000000000  -0.707106781187   0.707106781187
                  -0.577350269190   0.577350269190   0.577350269190
         0,  248   0.000000000000   0.707106781187  -0.707106781187
                  -0.577350269190   0.577350269190   0.577350269190
0,  248 13912.249386926802 9797.262882567018 14518.939516521441    2    0
         0,  247  -0.000000000000  -0.707106781187   0.707106781187
                  -0.577350269190   0.577350269190   0.577350269190
         0,  249   0.000000000000   0.707106781187  -0.707106781187
                  -0.577350269190   0.577350269190   0.577350269190
0,  249 13317.640509819248 9475.829967828231 14245.763554152676    1    7
         0,  248  -0.000000000000  -0.707106781187   0.707106781187
                  -0.577350269190   0.577350269190   0.577350269190
0,  250 4281.217064186872 5670.401870446042 15692.941076370982    1    7
         0,  251  -0.707106781187  -0.000000000000   0.707106781187
                   0.577350269190  -0.577350269190   0.577350269190
0,  251 4418.282229701079 5201.086886947875 15086.560927358607    2    0
         0,  250   0.707106781187   0.000000000000  -0.707106781187
                   0.577350269190  -0.577350269190   0.577350269190
         0,  252  -0.707106781187  -0.000000000000   0.707106781187
                   0.577350269190  -0.577350269190   0.577350269190
0,  252 4555.347395215286 4731.771903449708 14480.180778346232    2    0
         0,  251   0.707106781187   0.000000000000  -0.707106781187
                   0.577350269190  -0.577350269190   0.577350269190
         0,  253  -0.707106781187  -0.000000000000   0.707106781187
                   0.577350269190  -0.577350269190   0.577350269190
0,  253 4692.412560729494 4262.456919951540 13873.800629333859    2    0
         0,  252   0.707106781187   0.000000000000  -0.707106781187
                   0.577350269190  -0.577350269190   0.577350269190
         0,  254  -0.707106781187  -0.000000000000   0.707106781187
                   0.577350269190  -0.577350269190   0.577350269190
0,  254 4829.477726243701 3793.141936453373 13267.420480321483    1    7
         0,  253   0.707106781187   0.000000000000  -0.707106781187
                   0.577350269190  -0.577350269190   0.577350269190
0,  255 3344.629918784614 3337.594472550843 14755.133416269051    1    7
         0,  256   0.000000000000   0.707106781187   0.707106781187
                   0.577350269190   0.577350269190  -0.577350269190
0,  256 3621.667496080625 3599.104969896392 15293.681490910611    2    0
         0,  255  -0.000000000000  -0.707106781187  -0.707106781187
                   0.577350269190   0.577350269190  -0.577350269190
         0,  257   0.000000000000   0.707106781187   0.707106781187
                   0.577350269190   0.577350269190  -0.577350269190
0,  257 3898.705073376637 3860.615467241941 15832.229565552172    2    0
         0,  256  -0.000000000000  -0.707106781187  -0.707106781187
                   0.577350269190   0.577350269190  -0.577350269190
         0,  258   0.000000000000   0.707106781187   0.707106781187
                   0.577350269190   0.577350269190  -0.577350269190
0,  258 4175.742650672648 4122.125964587490 16370.777640193732    2    0
         0,  257  -0.000000000000  -0.707106781187  -0.707106781187
                   0.577350269190   0.577350269190  -0.577350269190
         0,  259   0.000000000000   0.707106781187   0.707106781187
                   0.577350269190   0.577350269190  -0.577350269190
0,  259 4452.780227968659 4383.636461933039 16909.325714835293    1    7
         0,  258  -0.000000000000  -0.707106781187  -0.707106781187
                   0.577350269190   0.577350269190  -0.577350269190
0,  260 2857.459496287411 13731.688013349944 8275.805518605926    1    7
         0,  261  -0.000000000000  -0.707106781187   0.707106781187
                  -0.577350269190   0.577350269190   0.577350269190
0,  261 2827.842351639717 13292.677712956187 8685.198674351988    2    0
         0,  260   0.000000000000   0.707106781187  -0.707106781187
                  -0.577350269190   0.577350269190   0.577350269190
         0,  262  -0.000000000000  -0.707106781187   0.707106781187
                  -0.577350269190   0.577350269190   0.577350269190
0,  262 2798.225206992023 12853.667412562432 9094.591830098050    2    0
         0,  261   0.000000000000   0.707106781187  -0.707106781187
                  -0.577350269190   0.577350269190   0.577350269190
         0,  263  -0.000000000000  -0.707106781187   0.707106781187
                  -0.577350269190   0.577350269190   0.577350269190
0,  263 2768.608062344329 12414.657112168676 9503.984985844112    2    0
         0,  262   0.000000000000   0.707106781187  -0.707106781187
                  -0.577350269190   0.577350269190   0.577350269190
         0,  264  -0.000000000000  -0.707106781187   0.707106781187
                  -0.577350269190   0.577350269190   0.577350269190
0,  264 2738.990917696635 11975.646811774921 9913.378141590174    1    7
         0,  263   0.000000000000   0.707106781187  -0.707106781187
                  -0.577350269190   0.577350269190   0.577350269190
0,  265 19635.895558069755 17591.090573105950 4966.052292979348    1    7
         0,  266  -0.707106781187  -0.707106781187  -0.000000000000
                  -0.577350269190   0.577350269190   0.577350269190
0,  266 19168.545089271247 17465.634930120734 4624.157467166058    2    0
         0,  265   0.707106781187   0.707106781187   0.000000000000
                  -0.577350269190   0.577350269190   0.577350269190
         0,  267  -0.707106781187  -0.707106781187  -0.000000000000
                  -0.577350269190   0.577350269190   0.577350269190
0,  267 18701.194620472743 17340.179287135517 4282.262641352769    2    0
         0,  266   0.707106781187   0.707106781187   0.000000000000
                  -0.577350269190   0.577350269190   0.577350269190
         0,  268  -0.707106781187  -0.707106781187  -0.000000000000
                  -0.577350269190   0.577350269190   0.577350269190
0,  268 18233.844151674235 17214.723644150301 3940.367815539479    2    0
         0,  267   0.707106781187   0.707106781187   0.000000000000
                  -0.577350269190   0.577350269190   0.577350269190
         0,  269  -0.707106781187  -0.707106781187  -0.000000000000
                  -0.577350269190   0.577350269190   0.577350269190
0,  269 17766.493682875731 17089.268001165085 3598.472989726190    1    7
         0,  268   0.707106781187   0.707106781187   0.000000000000
                  -0.577350269190   0.577350269190   0.577350269190
0,  270 6725.911523965243 13872.198059956016 11415.540069587350    1    7
         0,  271   0.707106781187   0.000000000000   0.707106781187
                   0.577350269190   0.577350269190  -0.577350269190
0,  271 6402.026640094670 14172.078445648222 11391.535571408984    2    0
         0,  270  -0.707106781187  -0.000000000000  -0.707106781187
                   0.577350269190   0.577350269190  -0.577350269190
         0,  272   0.707106781187   0.000000000000   0.707106781187
                   0.577350269190   0.577350269190  -0.577350269190
0,  272 6078.141756224097 14471.958831340427 11367.531073230615    2    0
         0,  271  -0.707106781187  -0.000000000000  -0.707106781187
                   0.577350269190   0.577350269190  -0.577350269190
         0,  273   0.707106781187   0.000000000000   0.707106781187
                   0.577350269190   0.577350269190  -0.577350269190
0,  273 5754.256872353524 14771.839217032631 11343.526575052249    2    0
         0,  272  -0.707106781187  -0.000000000000  -0.707106781187
                   0.577350269190   0.577350269190  -0.577350269190
         0,  274   0.707106781187   0.000000000000   0.707106781187
                   0.577350269190   0.577350269190  -0.577350269190
0,  274 5430.371988482952 15071.719602724837 11319.522076873880    1    7
         0,  273  -0.707106781187  -0.000000000000  -0.707106781187
                   0.577350269190   0.577350269190  -0.577350269190
0,  275 14667.255318745005 1831.355150969201 990.824553013025    1    7
         0,  276  -0.000000000000  -0.707106781187  -0.707106781187
                   0.577350269190  -0.577350269190   0.577350269190
0,  276 14322.199869000424 1498.081201566604 1002.606053355009    2    0
         0,  275   0.000000000000   0.707106781187   0.707106781187
                   0.577350269190  -0.577350269190   0.577350269190
         0,  277  -0.000000000000  -0.707106781187  -0.707106781187
                   0.577350269190  -0.577350269190   0.577350269190
0,  277 13977.144419255843 1164.807252164007 1014.387553696993    2    0
         0,  276   0.000000000000   0.707106781187   0.707106781187
                   0.577350269190  -0.577350269190   0.577350269190
         0,  278  -0.000000000000  -0.707106781187  -0.707106781187
                   0.577350269190  -0.577350269190   0.577350269190
0,  278 13632.088969511264 831.533302761411 1026.169054038977    2    0
         0,  277   0.000000000000   0.707106781187   0.707106781187
                   0.577350269190  -0.577350269190   0.577350269190
         0,  279  -0.000000000000  -0.707106781187  -0.707106781187
                   0.577350269190  -0.577350269190   0.577350269190
0,  279 13287.033519766683 498.259353358814 1037.950554380961    1    7
         0,  278   0.000000000000   0.707106781187   0.707106781187
                   0.577350269190  -0.577350269190   0.577350269190
0,  280 4880.852159668296 8480.195282562825 15508.330673502809    1    7
         0,  281  -0.707106781187  -0.000000000000   0.707106781187
                   0.577350269190   0.577350269190   0.577350269190
0,  281 5211.136157997672 8448.610475489460 15209.631482246798    2    0
         0,  280   0.707106781187   0.000000000000  -0.707106781187
                   0.577350269190   0.577350269190   0.577350269190
         0,  282  -0.707106781187  -0.000000000000   0.707106781187
                   0.577350269190   0.577350269190   0.577350269190
0,  282 5541.420156327048 8417.025668416096 14910.932290990786    2    0
         0,  281   0.707106781187   0.000000000000  -0.707106781187
                   0.577350269190   0.577350269190   0.577350269190
         0,  283  -0.707106781187  -0.000000000000   0.707106781187
                   0.577350269190   0.577350269190   0.577350269190
0,  283 5871.704154656425 8385.440861342731 14612.233099734773    2    0
         0,  282   0.707106781187   0.000000000000  -0.707106781187
                   0.577350269190   0.577350269190   0.577350269190
         0,  284  -0.707106781187  -0.000000000000   0.707106781187
                   0.577350269190   0.577350269190   0.577350269190
0,  284 6201.988152985801 8353.856054269369 14313.533908478761    1    7
         0,  283   0.707106781187   0.000000000000  -0.707106781187
                   0.577350269190   0.577350269190   0.577350269190
0,  285 7247.039403786007 6013.156450015474 10711.236222233198    1    7
         0,  286  -0.707106781187   0.707106781187  -0.000000000000
                   0.577350269190   0.577350269190   0.577350269190
0,  286 7565.761831039285 5815.200895364943 10590.469349630450    2    0
         0,  285   0.707106781187  -0.707106781187   0.000000000000
                   0.577350269190   0.577350269190   0.577350269190
         0,  287  -0.707106781187   0.707106781187  -0.000000000000
                   0.577350269190   0.577350269190   0.577350269190
0,  287 7884.484258292563 5617.245340714412 10469.702477027702    2    0
         0,  286   0.707106781187  -0.707106781187   0.000000000000
                   0.577350269190   0.577350269190   0.577350269190
         0,  288  -0.707106781187   0.707106781187  -0.000000000000
                   0.577350269190   0.577350269190   0.577350269190
0,  288 8203.206685545842 5419.289786063881 10348.935604424956    2    0
         0,  287   0.707106781187  -0.707106781187   0.000000000000
                   0.577350269190   0.577350269190   0.577350269190
         0,  289  -0.707106781187   0.707106781187  -0.000000000000
                   0.577350269190   0.577350269190   0.577350269190
0,  289 8521.929112799120 5221.334231413351 10228.168731822208    1    7
         0,  288   0.707106781187  -0.707106781187   0.000000000000
                   0.577350269190   0.577350269190   0.577350269190
0,  290 14034.599105468229 1836.839963301772 857.549652309109    1    7
         0,  291   0.707106781187   0.000000000000   0.707106781187
                  -0.577350269190   0.577350269190   0.577350269190
0,  291 13688.839741451728 1700.332621422764 648.297630171615    2    0
         0,  290  -0.707106781187  -0.000000000000  -0.707106781187
                  -0.577350269190   0.577350269190   0.577350269190
         0,  292   0.707106781187   0.000000000000   0.707106781187
                  -0.577350269190   0.577350269190   0.577350269190
0,  292 13343.080377435224 1563.825279543757 439.045608034120    2    0
         0,  291  -0.707106781187  -0.000000000000  -0.707106781187
                  -0.577350269190   0.577350269190   0.577350269190
         0,  293   0.707106781187   0.000000000000   0.707106781187
                  -0.577350269190   0.577350269190   0.577350269190
0,  293 12997.321013418723 1427.317937664749 229.793585896625    2    0
         0,  292  -0.707106781187  -0.000000000000  -0.707106781187
                  -0.577350269190   0.577350269190   0.577350269190
         0,  294   0.707106781187   0.000000000000   0.707106781187
                  -0.577350269190   0.577350269190   0.577350269190
0,  294 12651.561649402220 1290.810595785741  20.541563759131    1    7
         0,  293  -0.707106781187  -0.000000000000  -0.707106781187
                  -0.577350269190   0.577350269190   0.577350269190
0,  295 12645.202852528693 4578.131030815464 17125.176263684196    1    7
         0,  296   0.707106781187  -0.707106781187   0.000000000000
                   0.577350269190   0.577350269190   0.577350269190
0,  296 12773.830451605909 4238.439592656023 17336.240102766420    2    0
         0,  295  -0.707106781187   0.707106781187  -0.000000000000
                   0.577350269190   0.577350269190   0.577350269190
         0,  297   0.707106781187  -0.707106781187   0.000000000000
                   0.577350269190   0.577350269190   0.577350269190
0,  297 12902.458050683124 3898.748154496581 17547.303941848648    2    0
         0,  296  -0.707106781187   0.707106781187  -0.000000000000
                   0.577350269190   0.577350269190   0.577350269190
         0,  298   0.707106781187  -0.707106781187   0.000000000000
                   0.577350269190   0.577350269190   0.577350269190
0,  298 13031.085649760340 3559.056716337140 17758.367780930872    2    0
         0,  297  -0.707106781187   0.707106781187  -0.000000000000
                   0.577350269190   0.577350269190   0.577350269190
         0,  299   0.707106781187  -0.707106781187   0.000000000000
                   0.577350269190   0.577350269190   0.577350269190
0,  299 13159.713248837556 3219.365278177698 17969.431620013100    1    7
         0,  298  -0.707106781187   0.707106781187  -0.000000000000
                   0.577350269190   0.577350269190   0.577350269190
0,  300 18910.557913821951 1172.494360637700 3825.340856426530    1    7
         0,  301   0.707106781187   0.000000000000  -0.707106781187
                   0.577350269190  -0.577350269190   0.577350269190
0,  301 18427.394469393807 1265.025689015182 4401.035629232158    2    0
         0,  300  -0.707106781187  -0.000000000000   0.707106781187
                   0.577350269190  -0.577350269190   0.577350269190
         0,  302   0.707106781187   0.000000000000  -0.707106781187
                   0.577350269190  -0.577350269190   0.577350269190
0,  302 17944.231024965658 1357.557017392665 4976.730402037786    2    0
         0,  301  -0.707106781187  -0.000000000000   0.707106781187
                   0.577350269190  -0.577350269190   0.577350269190
         0,  303   0.707106781187   0.000000000000  -0.707106781187
                   0.577350269190  -0.577350269190   0.577350269190
0,  303 17461.067580537514 1450.088345770147 5552.425174843414    2    0
         0,  302  -0.707106781187  -0.000000000000   0.707106781187
                   0.577350269190  -0.577350269190   0.577350269190
         0,  304   0.707106781187   0.000000000000  -0.707106781187
                   0.577350269190  -0.577350269190   0.577350269190
0,  304 16977.904136109370 1542.619674147630 6128.119947649042    1    7
         0,  303  -0.707106781187  -0.000000000000   0.707106781187
                   0.577350269190  -0.577350269190   0.577350269190
0,  305 13322.593692557648 5876.970930664753 4227.368716398458    1    7
         0,  306  -0.707106781187  -0.707106781187  -0.000000000000
                   0.577350269190  -0.577350269190   0.577350269190
0,  306 13441.252321985914 5375.026187438981 3606.765343744419    2    0
         0,  305   0.707106781187   0.707106781187   0.000000000000
                   0.577350269190  -0.577350269190   0.577350269190
         0,  307  -0.707106781187  -0.707106781187  -0.000000000000
                   0.577350269190  -0.577350269190   0.577350269190
0,  307 13559.910951414180 4873.081444213208 2986.161971090380    2    0
         0,  306   0.707106781187   0.707106781187   0.000000000000
                   0.577350269190  -0.577350269190   0.577350269190
         0,  308  -0.707106781187  -0.707106781187  -0.000000000000
                   0.577350269190  -0.577350269190   0.577350269190
0,  308 13678.569580842448 4371.136700987436 2365.558598436341    2    0
         0,  307   0.707106781187   0.707106781187   0.000000000000
                   0.577350269190  -0.577350269190   0.577350269190
         0,  309  -0.707106781187  -0.707106781187  -0.000000000000
                   0.577350269190  -0.577350269190   0.577350269190
0,  309 13797.228210270714 3869.191957761663 1744.955225782302    1    7
         0,  308   0.707106781187   0.707106781187   0.000000000000
                   0.577350269190  -0.577350269190   0.577350269190
0,  310 6196.050733084377 8133.600026363554 1073.935768238528    1    7
         0,  311  -0.707106781187   0.707106781187  -0.000000000000
                   0.577350269190   0.577350269190   0.577350269190
0,  311 6381.467499633955 7785.746377079232 1236.372650973272    2    0
         0,  310   0.707106781187  -0.707106781187   0.000000000000
                   0.577350269190   0.577350269190   0.577350269190
         0,  312  -0.707106781187   0.707106781187  -0.000000000000
                   0.577350269190   0.577350269190   0.577350269190
0,  312 6566.884266183533 7437.892727794910 1398.809533708017    2    0
         0,  311   0.707106781187  -0.707106781187   0.000000000000
                   0.577350269190   0.577350269190   0.577350269190
         0,  313  -0.707106781187   0.707106781187  -0.000000000000
                   0.577350269190   0.577350269190   0.577350269190
0,  313 6752.301032733110 7090.039078510587 1561.246416442761    2    0
         0,  312   0.707106781187  -0.707106781187   0.000000000000
                   0.577350269190   0.577350269190   0.577350269190
         0,  314  -0.707106781187   0.707106781187  -0.000000000000
                   0.577350269190   0.577350269190   0.577350269190
0,  314 6937.717799282688 6742.185429226265 1723.683299177506    1    7
         0,  313   0.707106781187  -0.707106781187   0.000000000000
                   0.577350269190   0.577350269190   0.577350269190
0,  315 4675.322531957949 18059.334123995326 18758.261498091120    1    7
         0,  316   0.707106781187   0.707106781187   0.000000000000
                   0.577350269190  -0.577350269190   0.577350269190
0,  316 4501.960891572958 17565.153751681348 18437.442766162134    2    0
         0,  315  -0.707106781187  -0.707106781187  -0.000000000000
                   0.577350269190  -0.577350269190   0.577350269190
         0,  317   0.707106781187   0.707106781187   0.000000000000
                   0.577350269190  -0.577350269190   0.577350269190
0,  317 4328.599251187966 17070.973379367373 18116.624034233148    2    0
         0,  316  -0.707106781187  -0.707106781187  -0.000000000000
                   0.577350269190  -0.577350269190   0.577350269190
         0,  318   0.707106781187   0.707106781187   0.000000000000
                   0.577350269190  -0.577350269190   0.577350269190
0,  318 4155.237610802975 16576.793007053395 17795.805302304165    2    0
         0,  317  -0.707106781187  -0.707106781187  -0.000000000000
                   0.577350269190  -0.577350269190   0.577350269190
         0,  319   0.707106781187   0.707106781187   0.000000000000
                   0.577350269190  -0.577350269190   0.577350269190
0,  319 3981.875970417983 16082.612634739418 17474.986570375178    1    7
         0,  318  -0.707106781187  -0.707106781187  -0.000000000000
                   0.577350269190  -0.577350269190   0.577350269190
0,  320 11608.567268644496 3247.347459240364 16745.527746707779    1    7
         0,  321   0.707106781187   0.000000000000   0.707106781187
                   0.577350269190   0.577350269190  -0.577350269190
0,  321 11944.519403124346 3020.085711488806 16854.218133436072    2    0
         0,  320  -0.707106781187  -0.000000000000  -0.707106781187
                   0.577350269190   0.577350269190  -0.577350269190
         0,  322   0.707106781187   0.000000000000   0.707106781187
                   0.577350269190   0.577350269190  -0.577350269190
0,  322 12280.471537604197 2792.823963737249 16962.908520164365    2    0
         0,  321  -0.707106781187  -0.000000000000  -0.707106781187
                   0.577350269190   0.577350269190  -0.577350269190
         0,  323   0.707106781187   0.000000000000   0.707106781187
                   0.577350269190   0.577350269190  -0.577350269190
0,  323 12616.423672084047 2565.562215985691 17071.598906892657    2    0
         0,  322  -0.707106781187  -0.000000000000  -0.707106781187
                   0.577350269190   0.577350269190  -0.577350269190
         0,  324   0.707106781187   0.000000000000   0.707106781187
                   0.577350269190   0.577350269190  -0.577350269190
0,  324 12952.375806563896 2338.300468234133 17180.289293620950    1    7
         0,  323  -0.707106781187  -0.000000000000  -0.707106781187
                   0.577350269190   0.577350269190  -0.577350269190
0,  325 11368.566530032336 20018.714021007472 1039.270810597911    1    7
         0,  326  -0.000000000000  -0.707106781187   0.707106781187
                  -0.577350269190   0.577350269190   0.577350269190
0,  326 10943.880372620264 19633.841785356559 999.456888836753    2    0
         0,  325   0.000000000000   0.707106781187  -0.707106781187
                  -0.577350269190   0.577350269190   0.577350269190
         0,  327  -0.000000000000  -0.707106781187   0.707106781187
                  -0.577350269190   0.577350269190   0.577350269190
0,  327 10519.194215208192 19248.969549705645 959.642967075594    2    0
         0,  326   0.000000000000   0.707106781187  -0.707106781187
                  -0.577350269190   0.577350269190   0.577350269190
         0,  328  -0.000000000000  -0.707106781187   0.707106781187
                  -0.577350269190   0.577350269190   0.577350269190
0,  328 10094.508057796118 18864.097314054728 919.829045314436    2    0
         0,  327   0.000000000000   0.707106781187  -0.707106781187
                  -0.577350269190   0.577350269190   0.577350269190
         0,  329  -0.000000000000  -0.707106781187   0.707106781187
                  -0.577350269190   0.577350269190   0.577350269190
0,  329 9669.821900384046 18479.225078403815 880.015123553277    1    7
         0,  328   0.000000000000   0.707106781187  -0.707106781187
                  -0.577350269190   0.577350269190   0.577350269190
0,  330 17392.301243291797 11635.775990129569 14681.066881123013    1    7
         0,  331  -0.707106781187  -0.707106781187  -0.000000000000
                  -0.577350269190   0.577350269190   0.577350269190
0,  331 17828.925134621277 11604.921707304267 15148.545055277795    2    0
         0,  330   0.707106781187   0.707106781187   0.000000000000
                  -0.577350269190   0.577350269190   0.577350269190
         0,  332  -0.707106781187  -0.707106781187  -0.000000000000
                  -0.577350269190   0.577350269190   0.577350269190
0,  332 18265.549025950757 11574.067424478964 15616.023229432578    2    0
         0,  331   0.707106781187   0.707106781187   0.000000000000
                  -0.577350269190   0.577350269190   0.577350269190
         0,  333  -0.707106781187  -0.707106781187  -0.000000000000
                  -0.577350269190   0.577350269190   0.577350269190
0,  333 18702.172917280237 11543.213141653663 16083.501403587359    2    0
         0,  332   0.707106781187   0.707106781187   0.000000000000
                  -0.577350269190   0.577350269190   0.577350269190
         0,  334  -0.707106781187  -0.707106781187  -0.000000000000
                  -0.577350269190   0.577350269190   0.577350269190
0,  334 19138.796808609717 11512.358858828360 16550.979577742142    1    7
         0,  333   0.707106781187   0.707106781187   0.000000000000
                  -0.577350269190   0.577350269190   0.577350269190
0,  335 9347.932793902430 10027.290943422853 17982.080707345864    1    7
         0,  336   0.707106781187   0.000000000000   0.707106781187
                  -0.577350269190   0.577350269190   0.577350269190
0,  336 9681.294596539303 9970.906021194613 18371.827432210979    2    0
         0,  335  -0.707106781187  -0.000000000000  -0.707106781187
                  -0.577350269190   0.577350269190   0.577350269190
         0,  337   0.707106781187   0.000000000000   0.707106781187
                  -0.577350269190   0.577350269190   0.577350269190
0,  337 10014.656399176178 9914.521098966370 18761.574157076095    2    0
         0,  336  -0.707106781187  -0.000000000000  -0.707106781187
                  -0.577350269190   0.577350269190   0.577350269190
         0,  338   0.707106781187   0.000000000000   0.707106781187
                  -0.577350269190   0.577350269190   0.577350269190
0,  338 10348.018201813051 9858.136176738130 19151.320881941210    2    0
         0,  337  -0.707106781187  -0.000000000000  -0.707106781187
                  -0.577350269190   0.577350269190   0.577350269190
         0,  339   0.707106781187   0.000000000000   0.707106781187
                  -0.577350269190   0.577350269190   0.577350269190
0,  339 10681.380004449926 9801.751254509887 19541.067606806326    1    7
         0,  338  -0.707106781187  -0.000000000000  -0.707106781187
                  -0.577350269190   0.577350269190   0.577350269190
0,  340 12055.906870762803 2423.291553502516 5833.576372214821    1    7
         0,  341   0.707106781187   0.000000000000  -0.707106781187
                   0.577350269190  -0.577350269190   0.577350269190
0,  341 11866.932295729075 2712.325113741371 6311.584507487404    2    0
         0,  340  -0.707106781187  -0.000000000000   0.707106781187
                   0.577350269190  -0.577350269190   0.577350269190
         0,  342   0.707106781187   0.000000000000  -0.707106781187
                   0.577350269190  -0.577350269190   0.577350269190
0,  342 11677.957720695349 3001.358673980227 6789.592642759986    2    0
         0,  341  -0.707106781187  -0.000000000000   0.707106781187
                   0.577350269190  -0.577350269190   0.577350269190
         0,  343   0.707106781187   0.000000000000  -0.707106781187
                   0.577350269190  -0.577350269190   0.577350269190
0,  343 11488.983145661621 3290.392234219083 7267.600778032569    2    0
         0,  342  -0.707106781187  -0.000000000000   0.707106781187
                   0.577350269190  -0.577350269190   0.577350269190
         0,  344   0.707106781187   0.000000000000  -0.707106781187
                   0.577350269190  -0.577350269190   0.577350269190
0,  344 11300.008570627895 3579.425794457938 7745.608913305152    1    7
         0,  343  -0.707106781187  -0.000000000000   0.707106781187
                   0.577350269190  -0.577350269190   0.577350269190
0,  345 17564.547747844666 10590.134027603761 7731.334960468408    1    7
         0,  346   0.000000000000   0.707106781187  -0.707106781187
                   0.577350269190   0.577350269190   0.577350269190
0,  346 17243.145358651906 11117.776719469075 7525.094657795855    2    0
         0,  345  -0.000000000000  -0.707106781187   0.707106781187
                   0.577350269190   0.577350269190   0.577350269190
         0,  347   0.000000000000   0.707106781187  -0.707106781187
                   0.577350269190   0.577350269190   0.577350269190
0,  347 16921.742969459145 11645.419411334389 7318.854355123302    2    0
         0,  346  -0.000000000000  -0.707106781187   0.707106781187
                   0.577350269190   0.577350269190   0.577350269190
         0,  348   0.000000000000   0.707106781187  -0.707106781187
                   0.577350269190   0.577350269190   0.577350269190
0,  348 16600.340580266384 12173.062103199703 7112.614052450748    2    0
         0,  347  -0.000000000000  -0.707106781187   0.707106781187
                   0.577350269190   0.577350269190   0.577350269190
         0,  349   0.000000000000   0.707106781187  -0.707106781187
                   0.577350269190   0.577350269190   0.577350269190
0,  349 16278.938191073623 12700.704795065016 6906.373749778195    1    7
         0,  348  -0.000000000000  -0.707106781187   0.707106781187
                   0.577350269190   0.577350269190   0.577350269190
0,  350 12266.940945373890 17048.424504590741 18796.319598189479    1    7
         0,  351  -0.000000000000  -0.707106781187   0.707106781187
                  -0.577350269190   0.577350269190   0.577350269190
0,  351 12443.399379704504 17469.619531120974 18551.583005989862    2    0
         0,  350   0.000000000000   0.707106781187  -0.707106781187
                  -0.577350269190   0.577350269190   0.577350269190
         0,  352  -0.000000000000  -0.707106781187   0.707106781187
                  -0.577350269190   0.577350269190   0.577350269190
0,  352 12619.857814035118 17890.814557651207 18306.846413790241    2    0
         0,  351   0.000000000000   0.707106781187  -0.707106781187
                  -0.577350269190   0.577350269190   0.577350269190
         0,  353  -0.000000000000  -0.707106781187   0.707106781187
                  -0.577350269190   0.577350269190   0.577350269190
0,  353 12796.316248365734 18312.009584181440 18062.109821590624    2    0
         0,  352   0.000000000000   0.707106781187  -0.707106781187
                  -0.577350269190   0.577350269190   0.577350269190
         0,  354  -0.000000000000  -0.707106781187   0.707106781187
                  -0.577350269190   0.577350269190   0.577350269190
0,  354 12972.774682696348 18733.204610711673 17817.373229391007    1    7
         0,  353   0.000000000000   0.707106781187  -0.707106781187
                  -0.577350269190   0.577350269190   0.577350269190
0,  355 9938.862738645570 11377.746650198396 8553.294584207677    1    7
         0,  356   0.000000000000   0.707106781187  -0.707106781187
                   0.577350269190   0.577350269190   0.577350269190
0,  356 9537.324128961423 11389.436016771157 8943.143827319063    2    0
         0,  355  -0.000000000000  -0.707106781187   0.707106781187
                   0.577350269190   0.577350269190   0.577350269190
         0,  357   0.000000000000   0.707106781187  -0.707106781187
                   0.577350269190   0.577350269190   0.577350269190
0,  357 9135.785519277277 11401.125383343915 9332.993070430452    2    0
         0,  356  -0.000000000000  -0.707106781187   0.707106781187
                   0.577350269190   0.577350269190   0.577350269190
         0,  358   0.000000000000   0.707106781187  -0.707106781187
                   0.577350269190   0.577350269190   0.577350269190
0,  358 8734.246909593130 11412.814749916675 9722.842313541838    2    0
         0,  357  -0.000000000000  -0.707106781187   0.707106781187
                   0.577350269190   0.577350269190   0.577350269190
         0,  359   0.000000000000   0.707106781187  -0.707106781187
                   0.577350269190   0.577350269190   0.577350269190
0,  359 8332.708299908983 11424.504116489434 10112.691556653224    1    7
         0,  358  -0.000000000000  -0.707106781187   0.707106781187
                   0.577350269190   0.577350269190   0.577350269190
0,  360 7781.280502102244 7382.636089266906 7109.505314878053    1    7
         0,  361   0.707106781187   0.000000000000  -0.707106781187
                   0.577350269190  -0.577350269190   0.577350269190
0,  361 7287.669439454507 7214.413882237931 7434.894170496815    2    0
         0,  360  -0.707106781187  -0.000000000000   0.707106781187
                   0.577350269190  -0.577350269190   0.577350269190
         0,  362   0.707106781187   0.000000000000  -0.707106781187
                   0.577350269190  -0.577350269190   0.577350269190
0,  362 6794.058376806771 7046.191675208956 7760.283026115576    2    0
         0,  361  -0.707106781187  -0.000000000000   0.707106781187
                   0.577350269190  -0.577350269190   0.577350269190
         0,  363   0.707106781187   0.000000000000  -0.707106781187
                   0.577350269190  -0.577350269190   0.577350269190
0,  363 6300.447314159034 6877.969468179980 8085.671881734337    2    0
         0,  362  -0.707106781187  -0.000000000000   0.707106781187
                   0.577350269190  -0.577350269190   0.577350269190
         0,  364   0.707106781187   0.000000000000  -0.707106781187
                   0.577350269190  -0.577350269190   0.577350269190
0,  364 5806.836251511298 6709.747261151005 8411.060737353098    1    7
         0,  363  -0.707106781187  -0.000000000000   0.707106781187
                   0.577350269190  -0.577350269190   0.577350269190
0,  365 14523.039130298983 9166.231735543719 6040.064118715718    1    7
         0,  366  -0.707106781187  -0.707106781187  -0.000000000000
                   0.577350269190  -0.577350269190   0.577350269190
0,  366 14520.617867050003 8612.525124895148 5488.778771316129    2    0
         0,  365   0.707106781187   0.707106781187   0.000000000000
                   0.577350269190  -0.577350269190   0.577350269190
         0,  367  -0.707106781187  -0.707106781187  -0.000000000000
                   0.577350269190  -0.577350269190   0.577350269190
0,  367 14518.196603801021 8058.818514246579 4937.493423916540    2    0
         0,  366   0.707106781187   0.707106781187   0.000000000000
                   0.577350269190  -0.577350269190   0.577350269190
         0,  368  -0.707106781187  -0.707106781187  -0.000000000000
                   0.577350269190  -0.577350269190   0.577350269190
0,  368 14515.775340552042 7505.111903598008 4386.208076516949    2    0
         0,  367   0.707106781187   0.707106781187   0.000000000000
                   0.577350269190  -0.577350269190   0.577350269190
         0,  369  -0.707106781187  -0.707106781187  -0.000000000000
                   0.577350269190  -0.577350269190   0.577350269190
0,  369 14513.354077303060 6951.405292949438 3834.922729117360    1    7
         0,  368   0.707106781187   0.707106781187   0.000000000000
                   0.577350269190  -0.577350269190   0.577350269190
0,  370 5847.371929638749 15932.948393412644 17026.657004310080    1    7
         0,  371  -0.707106781187  -0.707106781187  -0.000000000000
                   0.577350269190  -0.577350269190   0.577350269190
0,  371 5619.029412516225 16135.314824579644 17457.365952599604    2    0
         0,  370   0.707106781187   0.707106781187   0.000000000000
                   0.577350269190  -0.577350269190   0.577350269190
         0,  372  -0.707106781187  -0.707106781187  -0.000000000000
                   0.577350269190  -0.577350269190   0.577350269190
0,  372 5390.686895393701 16337.681255746644 17888.074900889129    2    0
         0,  371   0.707106781187   0.707106781187   0.000000000000
                   0.577350269190  -0.577350269190   0.577350269190
         0,  373  -0.707106781187  -0.707106781187  -0.000000000000
                   0.577350269190  -0.577350269190   0.577350269190
0,  373 5162.344378271177 16540.047686913644 18318.783849178650    2    0
         0,  372   0.707106781187   0.707106781187   0.000000000000
                   0.577350269190  -0.577350269190   0.577350269190
         0,  374  -0.707106781187  -0.707106781187  -0.000000000000
                   0.577350269190  -0.577350269190   0.577350269190
0,  374 4934.001861148654 16742.414118080644 18749.492797468174    1    7
         0,  373   0.707106781187   0.707106781187   0.000000000000
                   0.577350269190  -0.577350269190   0.577350269190
0,  375 2796.401434554644 19088.107390842059 7869.185741828743    1    7
         0,  376   0.707106781187   0.000000000000   0.707106781187
                  -0.577350269190   0.577350269190   0.577350269190
0,  376 2337.087906713823 18621.128710274417 7876.850894555563    2    0
         0,  375  -0.707106781187  -0.000000000000  -0.707106781187
                  -0.577350269190   0.577350269190   0.577350269190
         0,  377   0.707106781187   0.000000000000   0.707106781187
                  -0.577350269190   0.577350269190   0.577350269190
0,  377 1877.774378873004 18154.150029706776 7884.516047282385    2    0
         0,  376  -0.707106781187  -0.000000000000  -0.707106781187
                  -0.577350269190   0.577350269190   0.577350269190
         0,  378   0.707106781187   0.000000000000   0.707106781187
                  -0.577350269190   0.577350269190   0.577350269190
0,  378 1418.460851032183 17687.171349139135 7892.181200009205    2    0
         0,  377  -0.707106781187  -0.000000000000  -0.707106781187
                  -0.577350269190   0.577350269190   0.577350269190
         0,  379   0.707106781187   0.000000000000   0.707106781187
                  -0.577350269190   0.577350269190   0.577350269190
0,  379 959.147323191363 17220.192668571493 7899.846352736026    1    7
         0,  378  -0.707106781187  -0.000000000000  -0.707106781187
                  -0.577350269190   0.577350269190   0.577350269190
0,  380 2117.034617178868 1705.229619692250 12938.345377312566    1    7
         0,  381   0.707106781187   0.000000000000  -0.707106781187
                   0.577350269190  -0.577350269190   0.577350269190
0,  381 1608.614413416452 1463.072944712518 13204.608906095249    2    0
         0,  380  -0.707106781187  -0.000000000000   0.707106781187
                   0.577350269190  -0.577350269190   0.577350269190
         0,  382   0.707106781187   0.000000000000  -0.707106781187
                   0.577350269190  -0.577350269190   0.577350269190
0,  382 1100.194209654037 1220.916269732786 13470.872434877932    2    0
         0,  381  -0.707106781187  -0.000000000000   0.707106781187
                   0.577350269190  -0.577350269190   0.577350269190
         0,  383   0.707106781187   0.000000000000  -0.707106781187
                   0.577350269190  -0.577350269190   0.577350269190
0,  383 591.774005891621 978.759594753054 13737.135963660618    2    0
         0,  382  -0.707106781187  -0.000000000000   0.707106781187
                   0.577350269190  -0.577350269190   0.577350269190
         0,  384   0.707106781187   0.000000000000  -0.707106781187
                   0.577350269190  -0.577350269190   0.577350269190
0,  384  83.353802129205 736.602919773322 14003.399492443301    1    7
         0,  383  -0.707106781187  -0.000000000000   0.707106781187
                   0.577350269190  -0.577350269190   0.577350269190
0,  385 13514.163316553622 16824.177623137806 10756.796123884606    1    7
         0,  386   0.707106781187   0.000000000000  -0.707106781187
                   0.577350269190  -0.577350269190   0.577350269190
0,  386 13989.895582318111 16908.428077360044 10365.314312342354    2    0
         0,  385  -0.707106781187  -0.000000000000   0.707106781187
                   0.577350269190  -0.577350269190   0.577350269190
         0,  387   0.707106781187   0.000000000000  -0.707106781187
                   0.577350269190  -0.577350269190   0.577350269190
0,  387 14465.627848082602 16992.678531582282 9973.832500800101    2    0
         0,  386  -0.707106781187  -0.000000000000   0.707106781187
                   0.577350269190  -0.577350269190   0.577350269190
         0,  388   0.707106781187   0.000000000000  -0.707106781187
                   0.577350269190  -0.577350269190   0.577350269190
0,  388 14941.360113847091 17076.928985804519 9582.350689257848    2    0
         0,  387  -0.707106781187  -0.000000000000   0.707106781187
                   0.577350269190  -0.577350269190   0.577350269190
         0,  389   0.707106781187   0.000000000000  -0.707106781187
                   0.577350269190  -0.577350269190   0.577350269190
0,  389 15417.092379611582 17161.179440026757 9190.868877715597    1    7
         0,  388  -0.707106781187  -0.000000000000   0.707106781187
                   0.577350269190  -0.577350269190   0.577350269190
0,  390 14331.700295852745 6000.249076510130 17655.003309942531    1    7
         0,  391   0.707106781187   0.707106781187   0.000000000000
                  -0.577350269190   0.577350269190   0.577350269190
0,  391 14797.116683421213 6484.528389133820 17636.140384887309    2    0
         0,  390  -0.707106781187  -0.707106781187  -0.000000000000
                  -0.577350269190   0.577350269190   0.577350269190
         0,  392   0.707106781187   0.707106781187   0.000000000000
                  -0.577350269190   0.577350269190   0.577350269190
0,  392 15262.533070989681 6968.807701757510 17617.277459832087    2    0
         0,  391  -0.707106781187  -0.707106781187  -0.000000000000
                  -0.577350269190   0.577350269190   0.577350269190
         0,  393   0.707106781187   0.707106781187   0.000000000000
                  -0.577350269190   0.577350269190   0.577350269190
0,  393 15727.949458558149 7453.087014381200 17598.414534776864    2    0
         0,  392  -0.707106781187  -0.707106781187  -0.000000000000
                  -0.577350269190   0.577350269190   0.577350269190
         0,  394   0.707106781187   0.707106781187   0.000000000000
                  -0.577350269190   0.577350269190   0.577350269190
0,  394 16193.365846126615 7937.366327004889 17579.551609721642    1    7
         0,  393  -0.707106781187  -0.707106781187  -0.000000000000
                  -0.577350269190   0.577350269190   0.577350269190
0,  395 3088.131682195085 13865.461811275572 10644.790130047331    1    7
         0,  396   0.707106781187   0.000000000000   0.707106781187
                  -0.577350269190   0.577350269190   0.577350269190
0,  396 3300.683310254048 14412.280938948763 10310.522630433103    2    0
         0,  395  -0.707106781187  -0.000000000000  -0.707106781187
                  -0.577350269190   0.577350269190   0.577350269190
         0,  397   0.707106781187   0.000000000000   0.707106781187
                  -0.577350269190   0.577350269190   0.577350269190
0,  397 3513.234938313010 14959.100066621955 9976.255130818874    2    0
         0,  396  -0.707106781187  -0.000000000000  -0.707106781187
                  -0.577350269190   0.577350269190   0.577350269190
         0,  398   0.707106781187   0.000000000000   0.707106781187
                  -0.577350269190   0.577350269190   0.577350269190
0,  398 3725.786566371972 15505.919194295146 9641.987631204645    2    0
         0,  397  -0.707106781187  -0.000000000000  -0.707106781187
                  -0.577350269190   0.577350269190   0.577350269190
         0,  399   0.707106781187   0.000000000000   0.707106781187
                  -0.577350269190   0.577350269190   0.577350269190
0,  399 3938.338194430935 16052.738321968338 9307.720131590417    1    7
         0,  398  -0.707106781187  -0.000000000000  -0.707106781187
                  -0.577350269190   0.577350269190   0.577350269190
0,  400 11060.261230476244 17685.780109832413 8706.676921110497    1    7
         0,  401   0.707106781187   0.000000000000  -0.707106781187
                   0.577350269190  -0.577350269190   0.577350269190
0,  401 11427.485490675304 17578.483060749499 8232.155611828521    2    0
         0,  400  -0.707106781187  -0.000000000000   0.707106781187
                   0.577350269190  -0.577350269190   0.577350269190
         0,  402   0.707106781187   0.000000000000  -0.707106781187
                   0.577350269190  -0.577350269190   0.577350269190
0,  402 11794.709750874365 17471.186011666585 7757.634302546546    2    0
         0,  401  -0.707106781187  -0.000000000000   0.707106781187
                   0.577350269190  -0.577350269190   0.577350269190
         0,  403   0.707106781187   0.000000000000  -0.707106781187
                   0.577350269190  -0.577350269190   0.577350269190
0,  403 12161.934011073427 17363.888962583667 7283.112993264571    2    0
         0,  402  -0.707106781187  -0.000000000000   0.707106781187
                   0.577350269190  -0.577350269190   0.577350269190
         0,  404   0.707106781187   0.000000000000  -0.707106781187
                   0.577350269190  -0.577350269190   0.577350269190
0,  404 12529.158271272487 17256.591913500753 6808.591683982596    1    7
         0,  403  -0.707106781187  -0.000000000000   0.707106781187
                   0.577350269190  -0.577350269190   0.577350269190
0,  405 12182.806829016674 19752.259529430270 12288.466002891899    1    7
         0,  406   0.707106781187   0.707106781187   0.000000000000
                  -0.577350269190   0.577350269190   0.577350269190
0,  406 11695.199964924446 19325.413974330062 12227.704693899881    2    0
         0,  405  -0.707106781187  -0.707106781187  -0.000000000000
                  -0.577350269190   0.577350269190   0.577350269190
         0,  407   0.707106781187   0.707106781187   0.000000000000
                  -0.577350269190   0.577350269190   0.577350269190
0,  407 11207.593100832220 18898.568419229854 12166.943384907861    2    0
         0,  406  -0.707106781187  -0.707106781187  -0.000000000000
                  -0.577350269190   0.577350269190   0.577350269190
         0,  408   0.707106781187   0.707106781187   0.000000000000
                  -0.577350269190   0.577350269190   0.577350269190
0,  408 10719.986236739995 18471.722864129646 12106.182075915844    2    0
         0,  407  -0.707106781187  -0.707106781187  -0.000000000000
                  -0.577350269190   0.577350269190   0.577350269190
         0,  409   0.707106781187   0.707106781187   0.000000000000
                  -0.577350269190   0.577350269190   0.577350269190
0,  409 10232.379372647767 18044.877309029438 12045.420766923824    1    7
         0,  408  -0.707106781187  -0.707106781187  -0.000000000000
                  -0.577350269190   0.577350269190   0.577350269190
0,  410 7667.400854278406 2313.711736598037 16422.550395298109    1    7
         0,  411  -0.000000000000  -0.707106781187   0.707106781187
                   0.577350269190   0.577350269190   0.577350269190
0,  411 8097.534668572277 2448.383162641654 15857.745154960619    2    0
         0,  410   0.000000000000   0.707106781187  -0.707106781187
                   0.577350269190   0.577350269190   0.577350269190
         0,  412  -0.000000000000  -0.707106781187   0.707106781187
                   0.577350269190   0.577350269190   0.577350269190
0,  412 8527.668482866149 2583.054588685272 15292.939914623130    2    0
         0,  411   0.000000000000   0.707106781187  -0.707106781187
                   0.577350269190   0.577350269190   0.577350269190
         0,  413  -0.000000000000  -0.707106781187   0.707106781187
                   0.577350269190   0.577350269190   0.577350269190
0,  413 8957.802297160020 2717.726014728889 14728.134674285642    2    0
         0,  412   0.000000000000   0.707106781187  -0.707106781187
                   0.577350269190   0.577350269190   0.577350269190
         0,  414  -0.000000000000  -0.707106781187   0.707106781187
                   0.577350269190   0.577350269190   0.577350269190
0,  414 9387.936111453891 2852.397440772507 14163.329433948153    1    7
         0,  413   0.000000000000   0.707106781187  -0.707106781187
                   0.577350269190   0.577350269190   0.577350269190
0,  415 5764.986049184812 17619.194593481567 442.992559280593    1    7
         0,  416  -0.707106781187  -0.707106781187  -0.000000000000
                  -0.577350269190   0.577350269190   0.577350269190
0,  416 6040.949994719580 17495.290867100870 842.860231196058    2    0
         0,  415   0.707106781187   0.707106781187   0.000000000000
                  -0.577350269190   0.577350269190   0.577350269190
         0,  417  -0.707106781187  -0.707106781187  -0.000000000000
                  -0.577350269190   0.577350269190   0.577350269190
0,  417 6316.913940254347 17371.387140720173 1242.727903111523    2    0
         0,  416   0.707106781187   0.707106781187   0.000000000000
                  -0.577350269190   0.577350269190   0.577350269190
         0,  418  -0.707106781187  -0.707106781187  -0.000000000000
                  -0.577350269190   0.577350269190   0.577350269190
0,  418 6592.877885789115 17247.483414339473 1642.595575026988    2    0
         0,  417   0.707106781187   0.707106781187   0.000000000000
                  -0.577350269190   0.577350269190   0.577350269190
         0,  419  -0.707106781187  -0.707106781187  -0.000000000000
                  -0.577350269190   0.577350269190   0.577350269190
0,  419 6868.841831323883 17123.579687958776 2042.463246942453    1    7
         0,  418   0.707106781187   0.707106781187   0.000000000000
                  -0.577350269190   0.577350269190   0.577350269190
0,  420 14000.682804879618 4910.190609280431 12426.578438829732    1    7
         0,  421   0.000000000000   0.707106781187  -0.707106781187
                  -0.577350269190   0.577350269190   0.577350269190
0,  421 13885.542539234668 4423.334103301143 12798.294679164072    2    0
         0,  420  -0.000000000000  -0.707106781187   0.707106781187
                  -0.577350269190   0.577350269190   0.577350269190
         0,  422   0.000000000000   0.707106781187  -0.707106781187
                  -0.577350269190   0.577350269190   0.577350269190
0,  422 13770.402273589720 3936.477597321855 13170.010919498411    2    0
         0,  421  -0.000000000000  -0.707106781187   0.707106781187
                  -0.577350269190   0.577350269190   0.577350269190
         0,  423   0.000000000000   0.707106781187  -0.707106781187
                  -0.577350269190   0.577350269190   0.577350269190
0,  423 13655.262007944770 3449.621091342568 13541.727159832748    2    0
         0,  422  -0.000000000000  -0.707106781187   0.707106781187
                  -0.577350269190   0.577350269190   0.577350269190
         0,  424   0.000000000000   0.707106781187  -0.707106781187
                  -0.577350269190   0.577350269190   0.577350269190
0,  424 13540.121742299822 2962.764585363279 13913.443400167087    1    7
         0,  423  -0.000000000000  -0.707106781187   0.707106781187
                  -0.577350269190   0.577350269190   0.577350269190
0,  425 782.695136074443 8422.798106652430 11098.042636883547    1    7
         0,  426  -0.707106781187  -0.707106781187  -0.000000000000
                  -0.577350269190   0.577350269190   0.577350269190
0,  426 922.522661824764 8882.394359632503 10778.273909653795    2    0
         0,  425   0.707106781187   0.707106781187   0.000000000000
                  -0.577350269190   0.577350269190   0.577350269190
         0,  427  -0.707106781187  -0.707106781187  -0.000000000000
                  -0.577350269190   0.577350269190   0.577350269190
0,  427 1062.350187575085 9341.990612612573 10458.505182424044    2    0
         0,  426   0.707106781187   0.707106781187   0.000000000000
                  -0.577350269190   0.577350269190   0.577350269190
         0,  428  -0.707106781187  -0.707106781187  -0.000000000000
                  -0.577350269190   0.577350269190   0.577350269190
0,  428 1202.177713325406 9801.586865592646 10138.736455194294    2    0
         0,  427   0.707106781187   0.707106781187   0.000000000000
                  -0.577350269190   0.577350269190   0.577350269190
         0,  429  -0.707106781187  -0.707106781187  -0.000000000000
                  -0.577350269190   0.577350269190   0.577350269190
0,  429 1342.005239075726 10261.183118572717 9818.967727964542    1    7
         0,  428   0.707106781187   0.707106781187   0.000000000000
                  -0.577350269190   0.577350269190   0.577350269190
0,  430 4767.893318289375 7561.878891833452 1922.835095291022    1    7
         0,  431  -0.707106781187  -0.000000000000   0.707106781187
                   0.577350269190  -0.577350269190   0.577350269190
0,  431 4464.985855389796 7313.572642151259 1977.436308508409    2    0
         0,  430   0.707106781187   0.000000000000  -0.707106781187
                   0.577350269190  -0.577350269190   0.577350269190
         0,  432  -0.707106781187  -0.000000000000   0.707106781187
                   0.577350269190  -0.577350269190   0.577350269190
0,  432 4162.078392490215 7065.266392469066 2032.037521725797    2    0
         0,  431   0.707106781187   0.000000000000  -0.707106781187
                   0.577350269190  -0.577350269190   0.577350269190
         0,  433  -0.707106781187  -0.000000000000   0.707106781187
                   0.577350269190  -0.577350269190   0.577350269190
0,  433 3859.170929590636 6816.960142786874 2086.638734943183    2    0
         0,  432   0.707106781187   0.000000000000  -0.707106781187
                   0.577350269190  -0.577350269190   0.577350269190
         0,  434  -0.707106781187  -0.000000000000   0.707106781187
                   0.577350269190  -0.577350269190   0.577350269190
0,  434 3556.263466691055 6568.653893104681 2141.239948160571    1    7
         0,  433   0.707106781187   0.000000000000  -0.707106781187
                   0.577350269190  -0.577350269190   0.577350269190
0,  435 14449.183370683149 19598.606712647816 2511.361163482727    1    7
         0,  436  -0.707106781187  -0.000000000000   0.707106781187
                   0.577350269190   0.577350269190   0.577350269190
0,  436 15003.958899949666 19285.918903767379 2269.273443096647    2    0
         0,  435   0.707106781187   0.000000000000  -0.707106781187
                   0.577350269190   0.577350269190   0.577350269190
         0,  437  -0.707106781187  -0.000000000000   0.707106781187
                   0.577350269190   0.577350269190   0.577350269190
0,  437 15558.734429216182 18973.231094886945 2027.185722710566    2    0
         0,  436   0.707106781187   0.000000000000  -0.707106781187
                   0.577350269190   0.577350269190   0.577350269190
         0,  438  -0.707106781187  -0.000000000000   0.707106781187
                   0.577350269190   0.577350269190   0.577350269190
0,  438 16113.509958482698 18660.543286006508 1785.098002324486    2    0
         0,  437   0.707106781187   0.000000000000  -0.707106781187
                   0.577350269190   0.577350269190   0.577350269190
         0,  439  -0.707106781187  -0.000000000000   0.707106781187
                   0.577350269190   0.577350269190   0.577350269190
0,  439 16668.285487749214 18347.855477126071 1543.010281938405    1    7
         0,  438   0.707106781187   0.000000000000  -0.707106781187
                   0.577350269190   0.577350269190   0.577350269190
0,  440 12413.668002908689 9789.053007961675 7988.578657971773    1    7
         0,  441   0.707106781187  -0.707106781187   0.000000000000
                   0.577350269190   0.577350269190   0.577350269190
0,  441 12540.578173659278 9274.988050131067 8375.733445051792    2    0
         0,  440  -0.707106781187   0.707106781187  -0.000000000000
                   0.577350269190   0.577350269190   0.577350269190
         0,  442   0.707106781187  -0.707106781187   0.000000000000
                   0.577350269190   0.577350269190   0.577350269190
0,  442 12667.488344409867 8760.923092300458 8762.888232131811    2    0
         0,  441  -0.707106781187   0.707106781187  -0.000000000000
                   0.577350269190   0.577350269190   0.577350269190
         0,  443   0.707106781187  -0.707106781187   0.000000000000
                   0.577350269190   0.577350269190   0.577350269190
0,  443 12794.398515160457 8246.858134469850 9150.043019211829    2    0
         0,  442  -0.707106781187   0.707106781187  -0.000000000000
                   0.577350269190   0.577350269190   0.577350269190
         0,  444   0.707106781187  -0.707106781187   0.000000000000
                   0.577350269190   0.577350269190   0.577350269190
0,  444 12921.308685911046 7732.793176639242 9537.197806291850    1    7
         0,  443  -0.707106781187   0.707106781187  -0.000000000000
                   0.577350269190   0.577350269190   0.577350269190
0,  445 17999.721059644697 18825.294230743966 749.846200559356    1    7
         0,  446  -0.707106781187  -0.000000000000  -0.707106781187
                  -0.577350269190   0.577350269190   0.577350269190
0,  446 18490.626217435049 18936.345019884007 1129.700569209667    2    0
         0,  445   0.707106781187   0.000000000000   0.707106781187
                  -0.577350269190   0.577350269190   0.577350269190
         0,  447  -0.707106781187  -0.000000000000  -0.707106781187
                  -0.577350269190   0.577350269190   0.577350269190
0,  447 18981.531375225397 19047.395809024045 1509.554937859978    2    0
         0,  446   0.707106781187   0.000000000000   0.707106781187
                  -0.577350269190   0.577350269190   0.577350269190
         0,  448  -0.707106781187  -0.000000000000  -0.707106781187
                  -0.577350269190   0.577350269190   0.577350269190
0,  448 19472.436533015749 19158.446598164086 1889.409306510289    2    0
         0,  447   0.707106781187   0.000000000000   0.707106781187
                  -0.577350269190   0.577350269190   0.577350269190
         0,  449  -0.707106781187  -0.000000000000  -0.707106781187
                  -0.577350269190   0.577350269190   0.577350269190
0,  449 19963.341690806097 19269.497387304124 2269.263675160600    1    7
         0,  448   0.707106781187   0.000000000000   0.707106781187
                  -0.577350269190   0.577350269190   0.577350269190
0,  450 18280.855257010269 851.204402176926 18813.071680376746    1    7
         0,  451  -0.000000000000  -0.707106781187  -0.707106781187
                   0.577350269190   0.577350269190  -0.577350269190
0,  451 17898.055434017686 1154.398986910843 18733.466442118082    2    0
         0,  450   0.000000000000   0.707106781187   0.707106781187
                   0.577350269190   0.577350269190  -0.577350269190
         0,  452  -0.000000000000  -0.707106781187  -0.707106781187
                   0.577350269190   0.577350269190  -0.577350269190
0,  452 17515.255611025103 1457.593571644761 18653.861203859415    2    0
         0,  451   0.000000000000   0.707106781187   0.707106781187
                   0.577350269190   0.577350269190  -0.577350269190
         0,  453  -0.000000000000  -0.707106781187  -0.707106781187
                   0.577350269190   0.577350269190  -0.577350269190
0,  453 17132.455788032519 1760.788156378679 18574.255965600751    2    0
         0,  452   0.000000000000   0.707106781187   0.707106781187
                   0.577350269190   0.577350269190  -0.577350269190
         0,  454  -0.000000000000  -0.707106781187  -0.707106781187
                   0.577350269190   0.577350269190  -0.577350269190
0,  454 16749.655965039936 2063.982741112597 18494.650727342087    1    7
         0,  453   0.000000000000   0.707106781187   0.707106781187
                   0.577350269190   0.577350269190  -0.577350269190
0,  455 1144.760209089613 16987.945750969015 3061.181063129505    1    7
         0,  456  -0.000000000000  -0.707106781187   0.707106781187
                   0.577350269190   0.577350269190   0.577350269190
0,  456 1381.000623306586 16644.996286325702 3167.890113555843    2    0
         0,  455   0.000000000000   0.707106781187  -0.707106781187
                   0.577350269190   0.577350269190   0.577350269190
         0,  457  -0.000000000000  -0.707106781187   0.707106781187
                   0.577350269190   0.577350269190   0.577350269190
0,  457 1617.241037523559 16302.046821682392 3274.599163982181    2    0
         0,  456   0.000000000000   0.707106781187  -0.707106781187
                   0.577350269190   0.577350269190   0.577350269190
         0,  458  -0.000000000000  -0.707106781187   0.707106781187
                   0.577350269190   0.577350269190   0.577350269190
0,  458 1853.481451740533 15959.097357039082 3381.308214408519    2    0
         0,  457   0.000000000000   0.707106781187  -0.707106781187
                   0.577350269190   0.577350269190   0.577350269190
         0,  459  -0.000000000000  -0.707106781187   0.707106781187
                   0.577350269190   0.577350269190   0.577350269190
0,  459 2089.721865957506 15616.147892395771 3488.017264834857    1    7
         0,  458   0.000000000000   0.707106781187  -0.707106781187
                   0.577350269190   0.577350269190   0.577350269190
0,  460 10892.837901575569 7281.130726763466 8550.425544568232    1    7
         0,  461   0.000000000000   0.707106781187   0.707106781187
                   0.577350269190  -0.577350269190   0.577350269190
0,  461 11113.872441634076 7718.809031546481 8767.069309292739    2    0
         0,  460  -0.000000000000  -0.707106781187  -0.707106781187
                   0.577350269190  -0.577350269190   0.577350269190
         0,  462   0.000000000000   0.707106781187   0.707106781187
                   0.577350269190  -0.577350269190   0.577350269190
0,  462 11334.906981692584 8156.487336329496 8983.713074017247    2    0
         0,  461  -0.000000000000  -0.707106781187  -0.707106781187
                   0.577350269190  -0.577350269190   0.577350269190
         0,  463   0.000000000000   0.707106781187   0.707106781187
                   0.577350269190  -0.577350269190   0.577350269190
0,  463 11555.941521751090 8594.165641112510 9200.356838741754    2    0
         0,  462  -0.000000000000  -0.707106781187  -0.707106781187
                   0.577350269190  -0.577350269190   0.577350269190
         0,  464   0.000000000000   0.707106781187   0.707106781187
                   0.577350269190  -0.577350269190   0.577350269190
0,  464 11776.976061809599 9031.843945895525 9417.000603466262    1    7
         0,  463  -0.000000000000  -0.707106781187  -0.707106781187
                   0.577350269190  -0.577350269190   0.577350269190
0,  465 5714.816853226799 4156.726162218369 7258.391614174874    1    7
         0,  466   0.707106781187   0.000000000000  -0.707106781187
                   0.577350269190  -0.577350269190   0.577350269190
0,  466 6135.879096149988 4047.476700186842 6728.079909220158    2    0
         0,  465  -0.707106781187  -0.000000000000   0.707106781187
                   0.577350269190  -0.577350269190   0.577350269190
         0,  467   0.707106781187   0.000000000000  -0.707106781187
                   0.577350269190  -0.577350269190   0.577350269190
0,  467 6556.941339073177 3938.227238155315 6197.768204265442    2    0
         0,  466  -0.707106781187  -0.000000000000   0.707106781187
                   0.577350269190  -0.577350269190   0.577350269190
         0,  468   0.707106781187   0.000000000000  -0.707106781187
                   0.577350269190  -0.577350269190   0.577350269190
0,  468 6978.003581996366 3828.977776123788 5667.456499310726    2    0
         0,  467  -0.707106781187  -0.000000000000   0.707106781187
                   0.577350269190  -0.577350269190   0.577350269190
         0,  469   0.707106781187   0.000000000000  -0.707106781187
                   0.577350269190  -0.577350269190   0.577350269190
0,  469 7399.065824919555 3719.728314092261 5137.144794356011    1    7
         0,  468  -0.707106781187  -0.000000000000   0.707106781187
                   0.577350269190  -0.577350269190   0.577350269190
0,  470 17609.859229195314 14452.958829217328 16776.548273771416    1    7
         0,  471  -0.707106781187  -0.000000000000  -0.707106781187
                  -0.577350269190   0.577350269190   0.577350269190
0,  471 17244.109469205447 14248.251478141236 16615.505864857641    2    0
         0,  470   0.707106781187   0.000000000000   0.707106781187
                  -0.577350269190   0.577350269190   0.577350269190
         0,  472  -0.707106781187  -0.000000000000  -0.707106781187
                  -0.577350269190   0.577350269190   0.577350269190
0,  472 16878.359709215580 14043.544127065143 16454.463455943867    2    0
         0,  471   0.707106781187   0.000000000000   0.707106781187
                  -0.577350269190   0.577350269190   0.577350269190
         0,  473  -0.707106781187  -0.000000000000  -0.707106781187
                  -0.577350269190   0.577350269190   0.577350269190
0,  473 16512.609949225713 13838.836775989050 16293.421047030093    2    0
         0,  472   0.707106781187   0.000000000000   0.707106781187
                  -0.577350269190   0.577350269190   0.577350269190
         0,  474  -0.707106781187  -0.000000000000  -0.707106781187
                  -0.577350269190   0.577350269190   0.577350269190
0,  474 16146.860189235844 13634.129424912955 16132.378638116319    1    7
         0,  473   0.707106781187   0.000000000000   0.707106781187
                  -0.577350269190   0.577350269190   0.577350269190
0,  475 17085.308167454128 4161.764419223958 16004.658922324528    1    7
         0,  476   0.707106781187   0.000000000000  -0.707106781187
                   0.577350269190   0.577350269190   0.577350269190
0,  476 17577.715232950850 3699.924763861703 15974.091512190062    2    0
         0,  475  -0.707106781187  -0.000000000000   0.707106781187
                   0.577350269190   0.577350269190   0.577350269190
         0,  477   0.707106781187   0.000000000000  -0.707106781187
                   0.577350269190   0.577350269190   0.577350269190
0,  477 18070.122298447568 3238.085108499448 15943.524102055597    2    0
         0,  476  -0.707106781187  -0.000000000000   0.707106781187
                   0.577350269190   0.577350269190   0.577350269190
         0,  478   0.707106781187   0.000000000000  -0.707106781187
                   0.577350269190   0.577350269190   0.577350269190
0,  478 18562.529363944290 2776.245453137193 15912.956691921130    2    0
         0,  477  -0.707106781187  -0.000000000000   0.707106781187
                   0.577350269190   0.577350269190   0.577350269190
         0,  479   0.707106781187   0.000000000000  -0.707106781187
                   0.577350269190   0.577350269190   0.577350269190
0,  479 19054.936429441012 2314.405797774938 15882.389281786665    1    7
         0,  478  -0.707106781187  -0.000000000000   0.707106781187
                   0.577350269190   0.577350269190   0.577350269190
0,  480 16218.468668839789 19555.591952191360 14320.973805748003    1    7
         0,  481  -0.707106781187   0.707106781187  -0.000000000000
                   0.577350269190   0.577350269190   0.577350269190
0,  481 16728.014062477068 19187.997426540369 14179.022937761711    2    0
         0,  480   0.707106781187  -0.707106781187   0.000000000000
                   0.577350269190   0.577350269190   0.577350269190
         0,  482  -0.707106781187   0.707106781187  -0.000000000000
                   0.577350269190   0.577350269190   0.577350269190
0,  482 17237.559456114352 18820.402900889381 14037.072069775420    2    0
         0,  481   0.707106781187  -0.707106781187   0.000000000000
                   0.577350269190   0.577350269190   0.577350269190
         0,  483  -0.707106781187   0.707106781187  -0.000000000000
                   0.577350269190   0.577350269190   0.577350269190
0,  483 17747.104849751631 18452.808375238390 13895.121201789130    2    0
         0,  482   0.707106781187  -0.707106781187   0.000000000000
                   0.577350269190   0.577350269190   0.577350269190
         0,  484  -0.707106781187   0.707106781187  -0.000000000000
                   0.577350269190   0.577350269190   0.577350269190
0,  484 18256.650243388911 18085.213849587402 13753.170333802838    1    7
         0,  483   0.707106781187  -0.707106781187   0.000000000000
                   0.577350269190   0.577350269190   0.577350269190
0,  485 6841.116912404850 7180.005241025719 2329.904580206600    1    7
         0,  486  -0.000000000000  -0.707106781187   0.707106781187
                  -0.577350269190   0.577350269190   0.577350269190
0,  486 7131.430037902937 7615.232581112474 2184.990365617932    2    0
         0,  485   0.000000000000   0.707106781187  -0.707106781187
                  -0.577350269190   0.577350269190   0.577350269190
         0,  487  -0.000000000000  -0.707106781187   0.707106781187
                  -0.577350269190   0.577350269190   0.577350269190
0,  487 7421.743163401024 8050.459921199228 2040.076151029265    2    0
         0,  486   0.000000000000   0.707106781187  -0.707106781187
                  -0.577350269190   0.577350269190   0.577350269190
         0,  488  -0.000000000000  -0.707106781187   0.707106781187
                  -0.577350269190   0.577350269190   0.577350269190
0,  488 7712.056288899110 8485.687261285982 1895.161936440597    2    0
         0,  487   0.000000000000   0.707106781187  -0.707106781187
                  -0.577350269190   0.577350269190   0.577350269190
         0,  489  -0.000000000000  -0.707106781187   0.707106781187
                  -0.577350269190   0.577350269190   0.577350269190
0,  489 8002.369414397197 8920.914601372737 1750.247721851929    1    7
         0,  488   0.000000000000   0.707106781187  -0.707106781187
                  -0.577350269190   0.577350269190   0.577350269190
0,  490 8307.914137266987 18722.300743002219 12668.694925625921    1    7
         0,  491   0.000000000000   0.707106781187  -0.707106781187
                   0.577350269190   0.577350269190   0.577350269190
0,  491 8671.852901239015 18600.188111865853 12426.868792790257    2    0
         0,  490  -0.000000000000  -0.707106781187   0.707106781187
                   0.577350269190   0.577350269190   0.577350269190
         0,  492   0.000000000000   0.707106781187  -0.707106781187
                   0.577350269190   0.577350269190   0.577350269190
0,  492 9035.791665211043 18478.075480729491 12185.042659954594    2    0
         0,  491  -0.000000000000  -0.707106781187   0.707106781187
                   0.577350269190   0.577350269190   0.577350269190
         0,  493   0.000000000000   0.707106781187  -0.707106781187
                   0.577350269190   0.577350269190   0.577350269190
0,  493 9399.730429183071 18355.962849593125 11943.216527118931    2    0
         0,  492  -0.000000000000  -0.707106781187   0.707106781187
                   0.577350269190   0.577350269190   0.577350269190
         0,  494   0.000000000000   0.707106781187  -0.707106781187
                   0.577350269190   0.577350269190   0.577350269190
0,  494 9763.669193155099 18233.850218456762 11701.390394283268    1    7
         0,  493  -0.000000000000  -0.707106781187   0.707106781187
                   0.577350269190   0.577350269190   0.577350269190
0,  495 5253.338128512393 19498.537189819188 5569.597677876221    1    7
         0,  496   0.000000000000   0.707106781187  -0.707106781187
                  -0.577350269190   0.577350269190   0.577350269190
0,  496 4900.644071133164 19522.763944558024 5192.676865758156    2    0
         0,  495  -0.000000000000  -0.707106781187   0.707106781187
                  -0.577350269190   0.577350269190   0.577350269190
         0,  497   0.000000000000   0.707106781187  -0.707106781187
                  -0.577350269190   0.577350269190   0.577350269190
0,  497 4547.950013753935 19546.990699296861 4815.756053640091    2    0
         0,  496  -0.000000000000  -0.707106781187   0.707106781187
                  -0.577350269190   0.577350269190   0.577350269190
         0,  498   0.000000000000   0.707106781187  -0.707106781187
                  -0.577350269190   0.577350269190   0.577350269190
0,  498 4195.255956374706 19571.217454035697 4438.835241522025    2    0
         0,  497  -0.000000000000  -0.707106781187   0.707106781187
                  -0.577350269190   0.577350269190   0.577350269190
         0,  499   0.000000000000   0.707106781187  -0.707106781187
                  -0.577350269190   0.577350269190   0.577350269190
0,  499 3842.561898995477 19595.444208774534 4061.914429403961    1    7
         0,  498  -0.000000000000  -0.707106781187   0.707106781187
                  -0.577350269190   0.577350269190   0.577350269190
0,  500 18549.027916990653 6128.687209256460 951.324632044594    1    7
         0,  501   0.707106781187  -0.707106781187   0.000000000000
                   0.577350269190   0.577350269190   0.577350269190
0,  501 18823.619618385957 5676.086993226025 1129.333146679723    2    0
         0,  500  -0.707106781187   0.707106781187  -0.000000000000
                   0.577350269190   0.577350269190   0.577350269190
         0,  502   0.707106781187  -0.707106781187   0.000000000000
                   0.577350269190   0.577350269190   0.577350269190
0,  502 19098.211319781265 5223.486777195591 1307.341661314852    2    0
         0,  501  -0.707106781187   0.707106781187  -0.000000000000
                   0.577350269190   0.577350269190   0.577350269190
         0,  503   0.707106781187  -0.707106781187   0.000000000000
                   0.577350269190   0.577350269190   0.577350269190
0,  503 19372.803021176569 4770.886561165156 1485.350175949981    2    0
         0,  502  -0.707106781187   0.707106781187  -0.000000000000
                   0.577350269190   0.577350269190   0.577350269190
         0,  504   0.707106781187  -0.707106781187   0.000000000000
                   0.577350269190   0.577350269190   0.577350269190
0,  504 19647.394722571877 4318.286345134721 1663.358690585110    1    7
         0,  503  -0.707106781187   0.707106781187  -0.000000000000
                   0.577350269190   0.577350269190   0.577350269190
0,  505 4801.870113663358 12194.325752473462 18383.870140609477    1    7
         0,  506  -0.707106781187  -0.707106781187  -0.000000000000
                   0.577350269190  -0.577350269190   0.577350269190
0,  506 4527.382824094175 11743.926676010855 18207.958353716054    2    0
         0,  505   0.707106781187   0.707106781187   0.000000000000
                   0.577350269190  -0.577350269190   0.577350269190
         0,  507  -0.707106781187  -0.707106781187  -0.000000000000
                   0.577350269190  -0.577350269190   0.577350269190
0,  507 4252.895534524991 11293.527599548248 18032.046566822632    2    0
         0,  506   0.707106781187   0.707106781187   0.000000000000
                   0.577350269190  -0.577350269190   0.577350269190
         0,  508  -0.707106781187  -0.707106781187  -0.000000000000
                   0.577350269190  -0.577350269190   0.577350269190
0,  508 3978.408244955807 10843.128523085641 17856.134779929209    2    0
         0,  507   0.707106781187   0.707106781187   0.000000000000
                   0.577350269190  -0.577350269190   0.577350269190
         0,  509  -0.707106781187  -0.707106781187  -0.000000000000
                   0.577350269190  -0.577350269190   0.577350269190
0,  509 3703.920955386623 10392.729446623034 17680.222993035786    1    7
         0,  508   0.707106781187   0.707106781187   0.000000000000
                   0.577350269190  -0.577350269190   0.577350269190
0,  510 5700.559129097270 16379.600639657836 12071.174909393036    1    7
         0,  511   0.707106781187   0.000000000000  -0.707106781187
                   0.577350269190  -0.577350269190   0.577350269190
0,  511 5184.667548670714 15998.959488299304 12206.425338461058    2    0
         0,  510  -0.707106781187  -0.000000000000   0.707106781187
                   0.577350269190  -0.577350269190   0.577350269190
         0,  512   0.707106781187   0.000000000000  -0.707106781187
                   0.577350269190  -0.577350269190   0.577350269190
0,  512 4668.775968244159 15618.318336940771 12341.675767529081    2    0
         0,  511  -0.707106781187  -0.000000000000   0.707106781187
                   0.577350269190  -0.577350269190   0.577350269190
         0,  513   0.707106781187   0.000000000000  -0.707106781187
                   0.577350269190  -0.577350269190   0.577350269190
0,  513 4152.884387817604 15237.677185582239 12476.926196597104    2    0
         0,  512  -0.707106781187  -0.000000000000   0.707106781187
                   0.577350269190  -0.577350269190   0.577350269190
         0,  514   0.707106781187   0.000000000000  -0.707106781187
                   0.577350269190  -0.577350269190   0.577350269190
0,  514 3636.992807391049 14857.036034223705 12612.176625665126    1    7
         0,  513  -0.707106781187  -0.000000000000   0.707106781187
                   0.577350269190  -0.577350269190   0.577350269190
0,  515 7253.675146798962 2976.590777409934 4341.862139915545    1    7
         0,  516  -0.000000000000  -0.707106781187   0.707106781187
                  -0.577350269190   0.577350269190   0.577350269190
0,  516 7151.039004819357 2658.329418030991 4557.487357314883    2    0
         0,  515   0.000000000000   0.707106781187  -0.707106781187
                  -0.577350269190   0.577350269190   0.577350269190
         0,  517  -0.000000000000  -0.707106781187   0.707106781187
                  -0.577350269190   0.577350269190   0.577350269190
0,  517 7048.402862839751 2340.068058652048 4773.112574714221    2    0
         0,  516   0.000000000000   0.707106781187  -0.707106781187
                  -0.577350269190   0.577350269190   0.577350269190
         0,  518  -0.000000000000  -0.707106781187   0.707106781187
                  -0.577350269190   0.577350269190   0.577350269190
0,  518 6945.766720860146 2021.806699273104 4988.737792113559    2    0
         0,  517   0.000000000000   0.707106781187  -0.707106781187
                  -0.577350269190   0.577350269190   0.577350269190
         0,  519  -0.000000000000  -0.707106781187   0.707106781187
                  -0.577350269190   0.577350269190   0.577350269190
0,  519 6843.130578880540 1703.545339894161 5204.363009512897    1    7
         0,  518   0.000000000000   0.707106781187  -0.707106781187
                  -0.577350269190   0.577350269190   0.577350269190
0,  520 7309.195974605530 13756.645468383516 10056.925941086411    1    7
         0,  521   0.000000000000   0.707106781187   0.707106781187
                   0.577350269190  -0.577350269190   0.577350269190
0,  521 7499.110951022290 14314.763040935944 10425.128537222079    2    0
         0,  520  -0.000000000000  -0.707106781187  -0.707106781187
                   0.577350269190  -0.577350269190   0.577350269190
         0,  522   0.000000000000   0.707106781187   0.707106781187
                   0.577350269190  -0.577350269190   0.577350269190
0,  522 7689.025927439052 14872.880613488374 10793.331133357748    2    0
         0,  521  -0.000000000000  -0.707106781187  -0.707106781187
                   0.577350269190  -0.577350269190   0.577350269190
         0,  523   0.000000000000   0.707106781187   0.707106781187
                   0.577350269190  -0.577350269190   0.577350269190
0,  523 7878.940903855812 15430.998186040804 11161.533729493414    2    0
         0,  522  -0.000000000000  -0.707106781187  -0.707106781187
                   0.577350269190  -0.577350269190   0.577350269190
         0,  524   0.000000000000   0.707106781187   0.707106781187
                   0.577350269190  -0.577350269190   0.577350269190
0,  524 8068.855880272574 15989.115758593232 11529.736325629083    1    7
         0,  523  -0.000000000000  -0.707106781187  -0.707106781187
                   0.577350269190  -0.577350269190   0.577350269190
0,  525 11912.614817630183 14061.167001983222 8659.941618496128    1    7
         0,  526   0.000000000000   0.707106781187   0.707106781187
                   0.577350269190   0.577350269190  -0.577350269190
0,  526 12373.309493296798 13640.824371205152 8700.293663384673    2    0
         0,  525  -0.000000000000  -0.707106781187  -0.707106781187
                   0.577350269190   0.577350269190  -0.577350269190
         0,  527   0.000000000000   0.707106781187   0.707106781187
                   0.577350269190   0.577350269190  -0.577350269190
0,  527 12834.004168963413 13220.481740427080 8740.645708273216    2    0
         0,  526  -0.000000000000  -0.707106781187  -0.707106781187
                   0.577350269190   0.577350269190  -0.577350269190
         0,  528   0.000000000000   0.707106781187   0.707106781187
                   0.577350269190   0.577350269190  -0.577350269190
0,  528 13294.698844630027 12800.139109649010 8780.997753161761    2    0
         0,  527  -0.000000000000  -0.707106781187  -0.707106781187
                   0.577350269190   0.577350269190  -0.577350269190
         0,  529   0.000000000000   0.707106781187   0.707106781187
                   0.577350269190   0.577350269190  -0.577350269190
0,  529 13755.393520296642 12379.796478870938 8821.349798050303    1    7
         0,  528  -0.000000000000  -0.707106781187  -0.707106781187
                   0.577350269190   0.577350269190  -0.577350269190
0,  530 3262.238453406856 17455.595837183719 3358.435275466462    1    7
         0,  531   0.707106781187  -0.707106781187   0.000000000000
                   0.577350269190   0.577350269190  -0.577350269190
0,  531 3452.894222595169 17816.724345256673 3910.219552727732    2    0
         0,  530  -0.707106781187   0.707106781187  -0.000000000000
                   0.577350269190   0.577350269190  -0.577350269190
         0,  532   0.707106781187  -0.707106781187   0.000000000000
                   0.577350269190   0.577350269190  -0.577350269190
0,  532 3643.549991783483 18177.852853329630 4462.003829989001    2    0
         0,  531  -0.707106781187   0.707106781187  -0.000000000000
                   0.577350269190   0.577350269190  -0.577350269190
         0,  533   0.707106781187  -0.707106781187   0.000000000000
                   0.577350269190   0.577350269190  -0.577350269190
0,  533 3834.205760971797 18538.981361402584 5013.788107250270    2    0
         0,  532  -0.707106781187   0.707106781187  -0.000000000000
                   0.577350269190   0.577350269190  -0.577350269190
         0,  534   0.707106781187  -0.707106781187   0.000000000000
                   0.577350269190   0.577350269190  -0.577350269190
0,  534 4024.861530160110 18900.109869475542 5565.572384511539    1    7
         0,  533  -0.707106781187   0.707106781187  -0.000000000000
                   0.577350269190   0.577350269190  -0.577350269190
0,  535 9734.888269092031 10192.926694030042 8171.815729999367    1    7
         0,  536  -0.707106781187  -0.000000000000  -0.707106781187
                   0.577350269190   0.577350269190  -0.577350269190
0,  536 10070.676510991963 10198.707131540814 8513.384409410071    2    0
         0,  535   0.707106781187   0.000000000000   0.707106781187
                   0.577350269190   0.577350269190  -0.577350269190
         0,  537  -0.707106781187  -0.000000000000  -0.707106781187
                   0.577350269190   0.577350269190  -0.577350269190
0,  537 10406.464752891896 10204.487569051587 8854.953088820777    2    0
         0,  536   0.707106781187   0.000000000000   0.707106781187
                   0.577350269190   0.577350269190  -0.577350269190
         0,  538  -0.707106781187  -0.000000000000  -0.707106781187
                   0.577350269190   0.577350269190  -0.577350269190
0,  538 10742.252994791828 10210.268006562359 9196.521768231481    2    0
         0,  537   0.707106781187   0.000000000000   0.707106781187
                   0.577350269190   0.577350269190  -0.577350269190
         0,  539  -0.707106781187  -0.000000000000  -0.707106781187
                   0.577350269190   0.577350269190  -0.577350269190
0,  539 11078.041236691763 10216.048444073131 9538.090447642186    1    7
         0,  538   0.707106781187   0.000000000000   0.707106781187
                   0.577350269190   0.577350269190  -0.577350269190
0,  540 8582.682123742487 2570.759676853267 11242.281403412971    1    7
         0,  541   0.000000000000   0.707106781187  -0.707106781187
                  -0.577350269190   0.577350269190   0.577350269190
0,  541 8533.617173577977 2241.540064729070 11522.436065372660    2    0
         0,  540  -0.000000000000  -0.707106781187   0.707106781187
                  -0.577350269190   0.577350269190   0.577350269190
         0,  542   0.000000000000   0.707106781187  -0.707106781187
                  -0.577350269190   0.577350269190   0.577350269190
0,  542 8484.552223413468 1912.320452604873 11802.590727332346    2    0
         0,  541  -0.000000000000  -0.707106781187   0.707106781187
                  -0.577350269190   0.577350269190   0.577350269190
         0,  543   0.000000000000   0.707106781187  -0.707106781187
                  -0.577350269190   0.577350269190   0.577350269190
0,  543 8435.487273248958 1583.100840480675 12082.745389292035    2    0
         0,  542  -0.000000000000  -0.707106781187   0.707106781187
                  -0.577350269190   0.577350269190   0.577350269190
         0,  544   0.000000000000   0.707106781187  -0.707106781187
                  -0.577350269190   0.577350269190   0.577350269190
0,  544 8386.422323084449 1253.881228356478 12362.900051251723    1    7
         0,  543  -0.000000000000  -0.707106781187   0.707106781187
                  -0.577350269190   0.577350269190   0.577350269190
0,  545 2781.368461539522 19272.169367004732 8340.212260740325    1    7
         0,  546  -0.000000000000  -0.707106781187  -0.707106781187
                   0.577350269190  -0.577350269190   0.577350269190
0,  546 2317.641564573586 19382.828792498934 8914.598583200466    2    0
         0,  545   0.000000000000   0.707106781187   0.707106781187
                   0.577350269190  -0.577350269190   0.577350269190
         0,  547  -0.000000000000  -0.707106781187  -0.707106781187
                   0.577350269190  -0.577350269190   0.577350269190
0,  547 1853.914667607649 19493.488217993137 9488.984905660605    2    0
         0,  546   0.000000000000   0.707106781187   0.707106781187
                   0.577350269190  -0.577350269190   0.577350269190
         0,  548  -0.000000000000  -0.707106781187  -0.707106781187
                   0.577350269190  -0.577350269190   0.577350269190
0,  548 1390.187770641712 19604.147643487344 10063.371228120746    2    0
         0,  547   0.000000000000   0.707106781187   0.707106781187
                   0.577350269190  -0.577350269190   0.577350269190
         0,  549  -0.000000000000  -0.707106781187  -0.707106781187
                   0.577350269190  -0.577350269190   0.577350269190
0,  549 926.460873675775 19714.807068981547 10637.757550580885    1    7
         0,  548   0.000000000000   0.707106781187   0.707106781187
                   0.577350269190  -0.577350269190   0.577350269190
0,  550 2512.914603412622 16286.825326985168 13598.634633777096    1    7
         0,  551   0.707106781187   0.000000000000   0.707106781187
                  -0.577350269190   0.577350269190   0.577350269190
0,  551 2166.661792111520 16354.778124842534 13184.429024618626    2    0
         0,  550  -0.707106781187  -0.000000000000  -0.707106781187
                  -0.577350269190   0.577350269190   0.577350269190
         0,  552   0.707106781187   0.000000000000   0.707106781187
                  -0.577350269190   0.577350269190   0.577350269190
0,  552 1820.408980810418 16422.730922699902 12770.223415460157    2    0
         0,  551  -0.707106781187  -0.000000000000  -0.707106781187
                  -0.577350269190   0.577350269190   0.577350269190
         0,  553   0.707106781187   0.000000000000   0.707106781187
                  -0.577350269190   0.577350269190   0.577350269190
0,  553 1474.156169509316 16490.683720557270 12356.017806301690    2    0
         0,  552  -0.707106781187  -0.000000000000  -0.707106781187
                  -0.577350269190   0.577350269190   0.577350269190
         0,  554   0.707106781187   0.000000000000   0.707106781187
                  -0.577350269190   0.577350269190   0.577350269190
0,  554 1127.903358208214 16558.636518414634 11941.812197143221    1    7
         0,  553  -0.707106781187  -0.000000000000  -0.707106781187
                  -0.577350269190   0.577350269190   0.577350269190
0,  555 13164.264951159766 16542.231465806726 13313.568232148806    1    7
         0,  556   0.707106781187   0.000000000000   0.707106781187
                  -0.577350269190   0.577350269190   0.577350269190
0,  556 12919.632168447941 16732.344747766881 12878.822167476825    2    0
         0,  555  -0.707106781187  -0.000000000000  -0.707106781187
                  -0.577350269190   0.577350269190   0.577350269190
         0,  557   0.707106781187   0.000000000000   0.707106781187
                  -0.577350269190   0.577350269190   0.577350269190
0,  557 12674.999385736113 16922.458029727037 12444.076102804844    2    0
         0,  556  -0.707106781187  -0.000000000000  -0.707106781187
                  -0.577350269190   0.577350269190   0.577350269190
         0,  558   0.707106781187   0.000000000000   0.707106781187
                  -0.577350269190   0.577350269190   0.577350269190
0,  558 12430.366603024288 17112.571311687188 12009.330038132863    2    0
         0,  557  -0.707106781187  -0.000000000000  -0.707106781187
                  -0.577350269190   0.577350269190   0.577350269190
         0,  559   0.707106781187   0.000000000000   0.707106781187
                  -0.577350269190   0.577350269190   0.577350269190
0,  559 12185.733820312460 17302.684593647344 11574.583973460882    1    7
         0,  558  -0.707106781187  -0.000000000000  -0.707106781187
                  -0.577350269190   0.577350269190   0.577350269190
0,  560 14231.873828913675 19375.242334389564 7490.046378843921    1    7
         0,  561   0.707106781187   0.000000000000   0.707106781187
                  -0.577350269190   0.577350269190   0.577350269190
0,  561 13667.470872155765 18827.533312002135 7473.352444473442    2    0
         0,  560  -0.707106781187  -0.000000000000  -0.707106781187
                  -0.577350269190   0.577350269190   0.577350269190
         0,  562   0.707106781187   0.000000000000   0.707106781187
                  -0.577350269190   0.577350269190   0.577350269190
0,  562 13103.067915397856 18279.824289614702 7456.658510102964    2    0
         0,  561  -0.707106781187  -0.000000000000  -0.707106781187
                  -0.577350269190   0.577350269190   0.577350269190
         0,  563   0.707106781187   0.000000000000   0.707106781187
                  -0.577350269190   0.577350269190   0.577350269190
0,  563 12538.664958639945 17732.115267227273 7439.964575732485    2    0
         0,  562  -0.707106781187  -0.000000000000  -0.707106781187
                  -0.577350269190   0.577350269190   0.577350269190
         0,  564   0.707106781187   0.000000000000   0.707106781187
                  -0.577350269190   0.577350269190   0.577350269190
0,  564 11974.262001882036 17184.406244839840 7423.270641362006    1    7
         0,  563  -0.707106781187  -0.000000000000  -0.707106781187
                  -0.577350269190   0.577350269190   0.577350269190
0,  565 9188.972819757477 14862.983870426971 10115.610531773349    1    7
         0,  566   0.000000000000   0.707106781187  -0.707106781187
                   0.577350269190   0.577350269190   0.577350269190
0,  566 9666.913210929646 14794.312534297014 9706.341476731139    2    0
         0,  565  -0.000000000000  -0.707106781187   0.707106781187
                   0.577350269190   0.577350269190   0.577350269190
         0,  567   0.000000000000   0.707106781187  -0.707106781187
                   0.577350269190   0.577350269190   0.577350269190
0,  567 10144.853602101815 14725.641198167055 9297.072421688927    2    0
         0,  566  -0.000000000000  -0.707106781187   0.707106781187
                   0.577350269190   0.577350269190   0.577350269190
         0,  568   0.000000000000   0.707106781187  -0.707106781187
                   0.577350269190   0.577350269190   0.577350269190
0,  568 10622.793993273985 14656.969862037098 8887.803366646716    2    0
         0,  567  -0.000000000000  -0.707106781187   0.707106781187
                   0.577350269190   0.577350269190   0.577350269190
         0,  569   0.000000000000   0.707106781187  -0.707106781187
                   0.577350269190   0.577350269190   0.577350269190
0,  569 11100.734384446154 14588.298525907139 8478.534311604504    1    7
         0,  568  -0.000000000000  -0.707106781187   0.707106781187
                   0.577350269190   0.577350269190   0.577350269190
0,  570 2549.593203834540 4557.754957815411 11739.249092556556    1    7
         0,  571   0.707106781187   0.707106781187   0.000000000000
                  -0.577350269190   0.577350269190   0.577350269190
0,  571 2709.794155356014 4379.903831571004 12077.301170322437    2    0
         0,  570  -0.707106781187  -0.707106781187  -0.000000000000
                  -0.577350269190   0.577350269190   0.577350269190
         0,  572   0.707106781187   0.707106781187   0.000000000000
                  -0.577350269190   0.577350269190   0.577350269190
0,  572 2869.995106877487 4202.052705326598 12415.353248088317    2    0
         0,  571  -0.707106781187  -0.707106781187  -0.000000000000
                  -0.577350269190   0.577350269190   0.577350269190
         0,  573   0.707106781187   0.707106781187   0.000000000000
                  -0.577350269190   0.577350269190   0.577350269190
0,  573 3030.196058398960 4024.201579082191 12753.405325854195    2    0
         0,  572  -0.707106781187  -0.707106781187  -0.000000000000
                  -0.577350269190   0.577350269190   0.577350269190
         0,  574   0.707106781187   0.707106781187   0.000000000000
                  -0.577350269190   0.577350269190   0.577350269190
0,  574 3190.397009920433 3846.350452837784 13091.457403620076    1    7
         0,  573  -0.707106781187  -0.707106781187  -0.000000000000
                  -0.577350269190   0.577350269190   0.577350269190
0,  575 2098.882844204777 19276.956813731893 2996.123420754486    1    7
         0,  576  -0.707106781187  -0.000000000000   0.707106781187
                   0.577350269190   0.577350269190   0.577350269190
0,  576 2379.977168354806 18826.292961612937 3165.692948723414    2    0
         0,  575   0.707106781187   0.000000000000  -0.707106781187
                   0.577350269190   0.577350269190   0.577350269190
         0,  577  -0.707106781187  -0.000000000000   0.707106781187
                   0.577350269190   0.577350269190   0.577350269190
0,  577 2661.071492504834 18375.629109493981 3335.262476692342    2    0
         0,  576   0.707106781187   0.000000000000  -0.707106781187
                   0.577350269190   0.577350269190   0.577350269190
         0,  578  -0.707106781187  -0.000000000000   0.707106781187
                   0.577350269190   0.577350269190   0.577350269190
0,  578 2942.165816654863 17924.965257375021 3504.832004661271    2    0
         0,  577   0.707106781187   0.000000000000  -0.707106781187
                   0.577350269190   0.577350269190   0.577350269190
         0,  579  -0.707106781187  -0.000000000000   0.707106781187
                   0.577350269190   0.577350269190   0.577350269190
0,  579 3223.260140804892 17474.301405256065 3674.401532630199    1    7
         0,  578   0.707106781187   0.000000000000  -0.707106781187
                   0.577350269190   0.577350269190   0.577350269190
0,  580 11785.203834768477 16145.749901978546 15430.613291637828    1    7
         0,  581  -0.000000000000  -0.707106781187  -0.707106781187
                   0.577350269190   0.577350269190  -0.577350269190
0,  581 11171.713533312381 16593.650133795338 15265.023221998523    2    0
         0,  580   0.000000000000   0.707106781187   0.707106781187
                   0.577350269190   0.577350269190  -0.577350269190
         0,  582  -0.000000000000  -0.707106781187  -0.707106781187
                   0.577350269190   0.577350269190  -0.577350269190
0,  582 10558.223231856284 17041.550365612129 15099.433152359215    2    0
         0,  581   0.000000000000   0.707106781187   0.707106781187
                   0.577350269190   0.577350269190  -0.577350269190
         0,  583  -0.000000000000  -0.707106781187  -0.707106781187
                   0.577350269190   0.577350269190  -0.577350269190
0,  583 9944.732930400185 17489.450597428920 14933.843082719910    2    0
         0,  582   0.000000000000   0.707106781187   0.707106781187
                   0.577350269190   0.577350269190  -0.577350269190
         0,  584  -0.000000000000  -0.707106781187  -0.707106781187
                   0.577350269190   0.577350269190  -0.577350269190
0,  584 9331.242628944088 17937.350829245712 14768.253013080604    1    7
         0,  583   0.000000000000   0.707106781187   0.707106781187
                   0.577350269190   0.577350269190  -0.577350269190
0,  585 7140.544078582372 10562.787033111348 4623.146190004054    1    7
         0,  586  -0.707106781187  -0.707106781187  -0.000000000000
                   0.577350269190  -0.577350269190   0.577350269190
0,  586 7169.786538857313 10104.451409980136 4135.568106597902    2    0
         0,  585   0.707106781187   0.707106781187   0.000000000000
                   0.577350269190  -0.577350269190   0.577350269190
         0,  587  -0.707106781187  -0.707106781187  -0.000000000000
                   0.577350269190  -0.577350269190   0.577350269190
0,  587 7199.028999132253 9646.115786848924 3647.990023191750    2    0
         0,  586   0.707106781187   0.707106781187   0.000000000000
                   0.577350269190  -0.577350269190   0.577350269190
         0,  588  -0.707106781187  -0.707106781187  -0.000000000000
                   0.577350269190  -0.577350269190   0.577350269190
0,  588 7228.271459407193 9187.780163717714 3160.411939785598    2    0
         0,  587   0.707106781187   0.707106781187   0.000000000000
                   0.577350269190  -0.577350269190   0.577350269190
         0,  589  -0.707106781187  -0.707106781187  -0.000000000000
                   0.577350269190  -0.577350269190   0.577350269190
0,  589 7257.513919682134 8729.444540586503 2672.833856379446    1    7
         0,  588   0.707106781187   0.707106781187   0.000000000000
                   0.577350269190  -0.577350269190   0.577350269190
0,  590 2516.705099300488 10041.704792760031 14606.694456859495    1    7
         0,  591   0.707106781187   0.000000000000   0.707106781187
                  -0.577350269190   0.577350269190   0.577350269190
0,  591 2593.392366068462 10499.362164359864 14225.724352027635    2    0
         0,  590  -0.707106781187  -0.000000000000  -0.707106781187
                  -0.577350269190   0.577350269190   0.577350269190
         0,  592   0.707106781187   0.000000000000   0.707106781187
                  -0.577350269190   0.577350269190   0.577350269190
0,  592 2670.079632836436 10957.019535959698 13844.754247195777    2    0
         0,  591  -0.707106781187  -0.000000000000  -0.707106781187
                  -0.577350269190   0.577350269190   0.577350269190
         0,  593   0.707106781187   0.000000000000   0.707106781187
                  -0.577350269190   0.577350269190   0.577350269190
0,  593 2746.766899604409 11414.676907559531 13463.784142363917    2    0
         0,  592  -0.707106781187  -0.000000000000  -0.707106781187
                  -0.577350269190   0.577350269190   0.577350269190
         0,  594   0.707106781187   0.000000000000   0.707106781187
                  -0.577350269190   0.577350269190   0.577350269190
0,  594 2823.454166372383 11872.334279159364 13082.814037532058    1    7
         0,  593  -0.707106781187  -0.000000000000  -0.707106781187
                  -0.577350269190   0.577350269190   0.577350269190
0,  595 16059.212579222787 15374.914909126997 16197.250702877891    1    7
         0,  596   0.707106781187   0.707106781187   0.000000000000
                   0.577350269190  -0.577350269190   0.577350269190
0,  596 15654.967207376587 15022.713624141272 16249.294789738366    2    0
         0,  595  -0.707106781187  -0.707106781187  -0.000000000000
                   0.577350269190  -0.577350269190   0.577350269190
         0,  597   0.707106781187   0.707106781187   0.000000000000
                   0.577350269190  -0.577350269190   0.577350269190
0,  597 15250.721835530385 14670.512339155544 16301.338876598840    2    0
         0,  596  -0.707106781187  -0.707106781187  -0.000000000000
                   0.577350269190  -0.577350269190   0.577350269190
         0,  598   0.707106781187   0.707106781187   0.000000000000
                   0.577350269190  -0.577350269190   0.577350269190
0,  598 14846.476463684185 14318.311054169819 16353.382963459315    2    0
         0,  597  -0.707106781187  -0.707106781187  -0.000000000000
                   0.577350269190  -0.577350269190   0.577350269190
         0,  599   0.707106781187   0.707106781187   0.000000000000
                   0.577350269190  -0.577350269190   0.577350269190
0,  599 14442.231091837984 13966.109769184093 16405.427050319788    1    7
         0,  598  -0.707106781187  -0.707106781187  -0.000000000000
                   0.577350269190  -0.577350269190   0.577350269190
0,  600 4806.485915181090 8080.018363400785 4521.520188304582    1    7
         0,  601  -0.707106781187  -0.000000000000  -0.707106781187
                   0.577350269190   0.577350269190  -0.577350269190
0,  601 4835.471116745689 7753.500778521523 4223.987804989919    2    0
         0,  600   0.707106781187   0.000000000000   0.707106781187
                   0.577350269190   0.577350269190  -0.577350269190
         0,  602  -0.707106781187  -0.000000000000  -0.707106781187
                   0.577350269190   0.577350269190  -0.577350269190
0,  602 4864.456318310288 7426.983193642262 3926.455421675256    2    0
         0,  601   0.707106781187   0.000000000000   0.707106781187
                   0.577350269190   0.577350269190  -0.577350269190
         0,  603  -0.707106781187  -0.000000000000  -0.707106781187
                   0.577350269190   0.577350269190  -0.577350269190
0,  603 4893.441519874887 7100.465608762999 3628.923038360593    2    0
         0,  602   0.707106781187   0.000000000000   0.707106781187
                   0.577350269190   0.577350269190  -0.577350269190
         0,  604  -0.707106781187  -0.000000000000  -0.707106781187
                   0.577350269190   0.577350269190  -0.577350269190
0,  604 4922.426721439486 6773.948023883737 3331.390655045931    1    7
         0,  603   0.707106781187   0.000000000000   0.707106781187
                   0.577350269190   0.577350269190  -0.577350269190
0,  605 5701.327814243600 15540.656864487992 6096.916568737390    1    7
         0,  606   0.000000000000   0.707106781187  -0.707106781187
                  -0.577350269190   0.577350269190   0.577350269190
0,  606 5416.956600025314 15092.808224496024 6260.393994511071    2    0
         0,  605  -0.000000000000  -0.707106781187   0.707106781187
                  -0.577350269190   0.577350269190   0.577350269190
         0,  607   0.000000000000   0.707106781187  -0.707106781187
                  -0.577350269190   0.577350269190   0.577350269190
0,  607 5132.585385807029 14644.959584504057 6423.871420284753    2    0
         0,  606  -0.000000000000  -0.707106781187   0.707106781187
                  -0.577350269190   0.577350269190   0.577350269190
         0,  608   0.000000000000   0.707106781187  -0.707106781187
                  -0.577350269190   0.577350269190   0.577350269190
0,  608 4848.214171588743 14197.110944512087 6587.348846058436    2    0
         0,  607  -0.000000000000  -0.707106781187   0.707106781187
                  -0.577350269190   0.577350269190   0.577350269190
         0,  609   0.000000000000   0.707106781187  -0.707106781187
                  -0.577350269190   0.577350269190   0.577350269190
0,  609 4563.842957370456 13749.262304520120 6750.826271832118    1    7
         0,  608  -0.000000000000  -0.707106781187   0.707106781187
                  -0.577350269190   0.577350269190   0.577350269190
0,  610 9610.813214779941 5520.964207726445 7688.325626956317    1    7
         0,  611   0.000000000000   0.707106781187  -0.707106781187
                   0.577350269190   0.577350269190   0.577350269190
0,  611 9254.806728841921 5985.261706348060 7580.034614272723    2    0
         0,  610  -0.000000000000  -0.707106781187   0.707106781187
                   0.577350269190   0.577350269190   0.577350269190
         0,  612   0.000000000000   0.707106781187  -0.707106781187
                   0.577350269190   0.577350269190   0.577350269190
0,  612 8898.800242903901 6449.559204969675 7471.743601589128    2    0
         0,  611  -0.000000000000  -0.707106781187   0.707106781187
                   0.577350269190   0.577350269190   0.577350269190
         0,  613   0.000000000000   0.707106781187  -0.707106781187
                   0.577350269190   0.577350269190   0.577350269190
0,  613 8542.793756965879 6913.856703591289 7363.452588905534    2    0
         0,  612  -0.000000000000  -0.707106781187   0.707106781187
                   0.577350269190   0.577350269190   0.577350269190
         0,  614   0.000000000000   0.707106781187  -0.707106781187
                   0.577350269190   0.577350269190   0.577350269190
0,  614 8186.787271027859 7378.154202212904 7255.161576221940    1    7
         0,  613  -0.000000000000  -0.707106781187   0.707106781187
                   0.577350269190   0.577350269190   0.577350269190
0,  615 18176.160715019701 9375.266292785338 13167.148103086547    1    7
         0,  616  -0.707106781187  -0.000000000000  -0.707106781187
                  -0.577350269190   0.577350269190   0.577350269190
0,  616 18310.193914345655 9688.243503336042 12988.204091861799    2    0
         0,  615   0.707106781187   0.000000000000   0.707106781187
                  -0.577350269190   0.577350269190   0.577350269190
         0,  617  -0.707106781187  -0.000000000000  -0.707106781187
                  -0.577350269190   0.577350269190   0.577350269190
0,  617 18444.227113671612 10001.220713886745 12809.260080637050    2    0
         0,  616   0.707106781187   0.000000000000   0.707106781187
                  -0.577350269190   0.577350269190   0.577350269190
         0,  618  -0.707106781187  -0.000000000000  -0.707106781187
                  -0.577350269190   0.577350269190   0.577350269190
0,  618 18578.260312997565 10314.197924437449 12630.316069412300    2    0
         0,  617   0.707106781187   0.000000000000   0.707106781187
                  -0.577350269190   0.577350269190   0.577350269190
         0,  619  -0.707106781187  -0.000000000000  -0.707106781187
                  -0.577350269190   0.577350269190   0.577350269190
0,  619 18712.293512323522 10627.175134988152 12451.372058187551    1    7
         0,  618   0.707106781187   0.000000000000   0.707106781187
                  -0.577350269190   0.577350269190   0.577350269190
0,  620 12709.739786478234 17859.463044174954 17335.715842449270    1    7
         0,  621  -0.707106781187  -0.000000000000   0.707106781187
                   0.577350269190   0.577350269190   0.577350269190
0,  621 12457.379954843207 17861.596864169733 17585.941854089517    2    0
         0,  620   0.707106781187   0.000000000000  -0.707106781187
                   0.577350269190   0.577350269190   0.577350269190
         0,  622  -0.707106781187  -0.000000000000   0.707106781187
                   0.577350269190   0.577350269190   0.577350269190
0,  622 12205.020123208180 17863.730684164511 17836.167865729767    2    0
         0,  621   0.707106781187   0.000000000000  -0.707106781187
                   0.577350269190   0.577350269190   0.577350269190
         0,  623  -0.707106781187  -0.000000000000   0.707106781187
                   0.577350269190   0.577350269190   0.577350269190
0,  623 11952.660291573153 17865.864504159290 18086.393877370014    2    0
         0,  622   0.707106781187   0.000000000000  -0.707106781187
                   0.577350269190   0.577350269190   0.577350269190
         0,  624  -0.707106781187  -0.000000000000   0.707106781187
                   0.577350269190   0.577350269190   0.577350269190
0,  624 11700.300459938127 17867.998324154069 18336.619889010264    1    7
         0,  623   0.707106781187   0.000000000000  -0.707106781187
                   0.577350269190   0.577350269190   0.577350269190
0,  625 3160.302272713689 310.726158645939 8988.285917294048    1    7
         0,  626   0.707106781187   0.000000000000  -0.707106781187
                   0.577350269190   0.577350269190   0.577350269190
0,  626 2743.827729826869 415.981439095501 9299.505179731306    2    0
         0,  625  -0.707106781187  -0.000000000000   0.707106781187
                   0.577350269190   0.577350269190   0.577350269190
         0,  627   0.707106781187   0.000000000000  -0.707106781187
                   0.577350269190   0.577350269190   0.577350269190
0,  627 2327.353186940049 521.236719545063 9610.724442168565    2    0
         0,  626  -0.707106781187  -0.000000000000   0.707106781187
                   0.577350269190   0.577350269190   0.577350269190
         0,  628   0.707106781187   0.000000000000  -0.707106781187
                   0.577350269190   0.577350269190   0.577350269190
0,  628 1910.878644053230 626.491999994624 9921.943704605821    2    0
         0,  627  -0.707106781187  -0.000000000000   0.707106781187
                   0.577350269190   0.577350269190   0.577350269190
         0,  629   0.707106781187   0.000000000000  -0.707106781187
                   0.577350269190   0.577350269190   0.577350269190
0,  629 1494.404101166411 731.747280444186 10233.162967043079    1    7
         0,  628  -0.707106781187  -0.000000000000   0.707106781187
                   0.577350269190   0.577350269190   0.577350269190
0,  630 11820.960383856491 9915.206394234043 16990.500934502928    1    7
         0,  631   0.707106781187  -0.707106781187   0.000000000000
                   0.577350269190   0.577350269190   0.577350269190
0,  631 11582.455127578070 10446.027329247563 16698.185255767828    2    0
         0,  630  -0.707106781187   0.707106781187  -0.000000000000
                   0.577350269190   0.577350269190   0.577350269190
         0,  632   0.707106781187  -0.707106781187   0.000000000000
                   0.577350269190   0.577350269190   0.577350269190
0,  632 11343.949871299650 10976.848264261083 16405.869577032729    2    0
         0,  631  -0.707106781187   0.707106781187  -0.000000000000
                   0.577350269190   0.577350269190   0.577350269190
         0,  633   0.707106781187  -0.707106781187   0.000000000000
                   0.577350269190   0.577350269190   0.577350269190
0,  633 11105.444615021232 11507.669199274602 16113.553898297629    2    0
         0,  632  -0.707106781187   0.707106781187  -0.000000000000
                   0.577350269190   0.577350269190   0.577350269190
         0,  634   0.707106781187  -0.707106781187   0.000000000000
                   0.577350269190   0.577350269190   0.577350269190
0,  634 10866.939358742811 12038.490134288122 15821.238219562529    1    7
         0,  633  -0.707106781187   0.707106781187  -0.000000000000
                   0.577350269190   0.577350269190   0.577350269190
0,  635 17083.195934377854 19982.035950378980 16241.330154038422    1    7
         0,  636   0.707106781187  -0.707106781187   0.000000000000
                   0.577350269190   0.577350269190   0.577350269190
0,  636 16987.313242435666 19709.318037531408 16609.930758828181    2    0
         0,  635  -0.707106781187   0.707106781187  -0.000000000000
                   0.577350269190   0.577350269190   0.577350269190
         0,  637   0.707106781187  -0.707106781187   0.000000000000
                   0.577350269190   0.577350269190   0.577350269190
0,  637 16891.430550493478 19436.600124683835 16978.531363617942    2    0
         0,  636  -0.707106781187   0.707106781187  -0.000000000000
                   0.577350269190   0.577350269190   0.577350269190
         0,  638   0.707106781187  -0.707106781187   0.000000000000
                   0.577350269190   0.577350269190   0.577350269190
0,  638 16795.547858551290 19163.882211836266 17347.131968407703    2    0
         0,  637  -0.707106781187   0.707106781187  -0.000000000000
                   0.577350269190   0.577350269190   0.577350269190
         0,  639   0.707106781187  -0.707106781187   0.000000000000
                   0.577350269190   0.577350269190   0.577350269190
0,  639 16699.665166609106 18891.164298988693 17715.732573197460    1    7
         0,  638  -0.707106781187   0.707106781187  -0.000000000000
                   0.577350269190   0.577350269190   0.577350269190
0,  640 7402.861957876738 6434.399304715528 12045.214563959893    1    7
         0,  641   0.000000000000   0.707106781187   0.707106781187
                   0.577350269190   0.577350269190  -0.577350269190
0,  641 7815.294117709692 6075.353370863972 12098.600789941291    2    0
         0,  640  -0.000000000000  -0.707106781187  -0.707106781187
                   0.577350269190   0.577350269190  -0.577350269190
         0,  642   0.000000000000   0.707106781187   0.707106781187
                   0.577350269190   0.577350269190  -0.577350269190
0,  642 8227.726277542646 5716.307437012415 12151.987015922688    2    0
         0,  641  -0.000000000000  -0.707106781187  -0.707106781187
                   0.577350269190   0.577350269190  -0.577350269190
         0,  643   0.000000000000   0.707106781187   0.707106781187
                   0.577350269190   0.577350269190  -0.577350269190
0,  643 8640.158437375600 5357.261503160858 12205.373241904086    2    0
         0,  642  -0.000000000000  -0.707106781187  -0.707106781187
                   0.577350269190   0.577350269190  -0.577350269190
         0,  644   0.000000000000   0.707106781187   0.707106781187
                   0.577350269190   0.577350269190  -0.577350269190
0,  644 9052.590597208555 4998.215569309303 12258.759467885484    1    7
         0,  643  -0.000000000000  -0.707106781187  -0.707106781187
                   0.577350269190   0.577350269190  -0.577350269190
0,  645 11846.610493835822 5469.186633927528 3387.898165829131    1    7
         0,  646  -0.000000000000  -0.707106781187  -0.707106781187
                   0.577350269190   0.577350269190  -0.577350269190
0,  646 11473.112514503429 5874.692659628022 3419.906212197231    2    0
         0,  645   0.000000000000   0.707106781187   0.707106781187
                   0.577350269190   0.577350269190  -0.577350269190
         0,  647  -0.000000000000  -0.707106781187  -0.707106781187
                   0.577350269190   0.577350269190  -0.577350269190
0,  647 11099.614535171037 6280.198685328514 3451.914258565332    2    0
         0,  646   0.000000000000   0.707106781187   0.707106781187
                   0.577350269190   0.577350269190  -0.577350269190
         0,  648  -0.000000000000  -0.707106781187  -0.707106781187
                   0.577350269190   0.577350269190  -0.577350269190
0,  648 10726.116555838644 6685.704711029008 3483.922304933432    2    0
         0,  647   0.000000000000   0.707106781187   0.707106781187
                   0.577350269190   0.577350269190  -0.577350269190
         0,  649  -0.000000000000  -0.707106781187  -0.707106781187
                   0.577350269190   0.577350269190  -0.577350269190
0,  649 10352.618576506251 7091.210736729501 3515.930351301532    1    7
         0,  648   0.000000000000   0.707106781187   0.707106781187
                   0.577350269190   0.577350269190  -0.577350269190
0,  650 19085.589053226387 8579.875958545646 16962.294803085046    1    7
         0,  651  -0.000000000000  -0.707106781187  -0.707106781187
                   0.577350269190   0.577350269190  -0.577350269190
0,  651 18969.873474613963 8374.756527246231 16641.459793173206    2    0
         0,  650   0.000000000000   0.707106781187   0.707106781187
                   0.577350269190   0.577350269190  -0.577350269190
         0,  652  -0.000000000000  -0.707106781187  -0.707106781187
                   0.577350269190   0.577350269190  -0.577350269190
0,  652 18854.157896001539 8169.637095946816 16320.624783261368    2    0
         0,  651   0.000000000000   0.707106781187   0.707106781187
                   0.577350269190   0.577350269190  -0.577350269190
         0,  653  -0.000000000000  -0.707106781187  -0.707106781187
                   0.577350269190   0.577350269190  -0.577350269190
0,  653 18738.442317389115 7964.517664647401 15999.789773349528    2    0
         0,  652   0.000000000000   0.707106781187   0.707106781187
                   0.577350269190   0.577350269190  -0.577350269190
         0,  654  -0.000000000000  -0.707106781187  -0.707106781187
                   0.577350269190   0.577350269190  -0.577350269190
0,  654 18622.726738776691 7759.398233347985 15678.954763437690    1    7
         0,  653   0.000000000000   0.707106781187   0.707106781187
                   0.577350269190   0.577350269190  -0.577350269190
0,  655 3738.999840706410 16546.525655885489 6452.450487792186    1    7
         0,  656   0.707106781187  -0.707106781187   0.000000000000
                   0.577350269190   0.577350269190  -0.577350269190
0,  656 3673.611216871111 16225.346756807192 6065.882964878590    2    0
         0,  655  -0.707106781187   0.707106781187  -0.000000000000
                   0.577350269190   0.577350269190  -0.577350269190
         0,  657   0.707106781187  -0.707106781187   0.000000000000
                   0.577350269190   0.577350269190  -0.577350269190
0,  657 3608.222593035812 15904.167857728897 5679.315441964995    2    0
         0,  656  -0.707106781187   0.707106781187  -0.000000000000
                   0.577350269190   0.577350269190  -0.577350269190
         0,  658   0.707106781187  -0.707106781187   0.000000000000
                   0.577350269190   0.577350269190  -0.577350269190
0,  658 3542.833969200513 15582.988958650600 5292.747919051400    2    0
         0,  657  -0.707106781187   0.707106781187  -0.000000000000
                   0.577350269190   0.577350269190  -0.577350269190
         0,  659   0.707106781187  -0.707106781187   0.000000000000
                   0.577350269190   0.577350269190  -0.577350269190
0,  659 3477.445345365214 15261.810059572304 4906.180396137805    1    7
         0,  658  -0.707106781187   0.707106781187  -0.000000000000
                   0.577350269190   0.577350269190  -0.577350269190
0,  660 13411.819912396195 15259.641703941510 5974.464231687867    1    7
         0,  661   0.707106781187   0.000000000000  -0.707106781187
                   0.577350269190   0.577350269190   0.577350269190
0,  661 13484.412616458034 15595.826644105198 5565.686587462341    2    0
         0,  660  -0.707106781187  -0.000000000000   0.707106781187
                   0.577350269190   0.577350269190   0.577350269190
         0,  662   0.707106781187   0.000000000000  -0.707106781187
                   0.577350269190   0.577350269190   0.577350269190
0,  662 13557.005320519873 15932.011584268885 5156.908943236815    2    0
         0,  661  -0.707106781187  -0.000000000000   0.707106781187
                   0.577350269190   0.577350269190   0.577350269190
         0,  663   0.707106781187   0.000000000000  -0.707106781187
                   0.577350269190   0.577350269190   0.577350269190
0,  663 13629.598024581712 16268.196524432573 4748.131299011288    2    0
         0,  662  -0.707106781187  -0.000000000000   0.707106781187
                   0.577350269190   0.577350269190   0.577350269190
         0,  664   0.707106781187   0.000000000000  -0.707106781187
                   0.577350269190   0.577350269190   0.577350269190
0,  664 13702.190728643549 16604.381464596259 4339.353654785762    1    7
         0,  663  -0.707106781187  -0.000000000000   0.707106781187
                   0.577350269190   0.577350269190   0.577350269190
0,  665 6205.434223467617 8476.557661855019 8002.248152001762    1    7
         0,  666  -0.707106781187  -0.000000000000   0.707106781187
                   0.577350269190  -0.577350269190   0.577350269190
0,  666 5902.120927466619 8567.914483999044 8396.918270146785    2    0
         0,  665   0.707106781187   0.000000000000  -0.707106781187
                   0.577350269190  -0.577350269190   0.577350269190
         0,  667  -0.707106781187  -0.000000000000   0.707106781187
                   0.577350269190  -0.577350269190   0.577350269190
0,  667 5598.807631465622 8659.271306143071 8791.588388291810    2    0
         0,  666   0.707106781187   0.000000000000  -0.707106781187
                   0.577350269190  -0.577350269190   0.577350269190
         0,  668  -0.707106781187  -0.000000000000   0.707106781187
                   0.577350269190  -0.577350269190   0.577350269190
0,  668 5295.494335464624 8750.628128287097 9186.258506436832    2    0
         0,  667   0.707106781187   0.000000000000  -0.707106781187
                   0.577350269190  -0.577350269190   0.577350269190
         0,  669  -0.707106781187  -0.000000000000   0.707106781187
                   0.577350269190  -0.577350269190   0.577350269190
0,  669 4992.181039463627 8841.984950431122 9580.928624581857    1    7
         0,  668   0.707106781187   0.000000000000  -0.707106781187
                   0.577350269190  -0.577350269190   0.577350269190
0,  670 15927.398940266539 7140.970003547067 16880.559648359886    1    7
         0,  671   0.000000000000   0.707106781187   0.707106781187
                   0.577350269190   0.577350269190  -0.577350269190
0,  671 15457.954593092611 7442.156606409521 16712.301904048411    2    0
         0,  670  -0.000000000000  -0.707106781187  -0.707106781187
                   0.577350269190   0.577350269190  -0.577350269190
         0,  672   0.000000000000   0.707106781187   0.707106781187
                   0.577350269190   0.577350269190  -0.577350269190
0,  672 14988.510245918682 7743.343209271975 16544.044159736935    2    0
         0,  671  -0.000000000000  -0.707106781187  -0.707106781187
                   0.577350269190   0.577350269190  -0.577350269190
         0,  673   0.000000000000   0.707106781187   0.707106781187
                   0.577350269190   0.577350269190  -0.577350269190
0,  673 14519.065898744751 8044.529812134429 16375.786415425460    2    0
         0,  672  -0.000000000000  -0.707106781187  -0.707106781187
                   0.577350269190   0.577350269190  -0.577350269190
         0,  674   0.000000000000   0.707106781187   0.707106781187
                   0.577350269190   0.577350269190  -0.577350269190
0,  674 14049.621551570823 8345.716414996883 16207.528671113985    1    7
         0,  673  -0.000000000000  -0.707106781187  -0.707106781187
                   0.577350269190   0.577350269190  -0.577350269190
0,  675 10780.389810002493 19968.770042789954 812.792955818339    1    7
         0,  676   0.707106781187  -0.707106781187   0.000000000000
                   0.577350269190   0.577350269190  -0.577350269190
0,  676 11081.892650248714 19657.696655703428 803.222408978034    2    0
         0,  675  -0.707106781187   0.707106781187  -0.000000000000
                   0.577350269190   0.577350269190  -0.577350269190
         0,  677   0.707106781187  -0.707106781187   0.000000000000
                   0.577350269190   0.577350269190  -0.577350269190
0,  677 11383.395490494935 19346.623268616902 793.651862137729    2    0
         0,  676  -0.707106781187   0.707106781187  -0.000000000000
                   0.577350269190   0.577350269190  -0.577350269190
         0,  678   0.707106781187  -0.707106781187   0.000000000000
                   0.577350269190   0.577350269190  -0.577350269190
0,  678 11684.898330741154 19035.549881530376 784.081315297425    2    0
         0,  677  -0.707106781187   0.707106781187  -0.000000000000
                   0.577350269190   0.577350269190  -0.577350269190
         0,  679   0.707106781187  -0.707106781187   0.000000000000
                   0.577350269190   0.577350269190  -0.577350269190
0,  679 11986.401170987376 18724.476494443850 774.510768457120    1    7
         0,  678  -0.707106781187   0.707106781187  -0.000000000000
                   0.577350269190   0.577350269190  -0.577350269190
0,  680 13599.717598458681 8814.566260156169 4017.295084810026    1    7
         0,  681  -0.707106781187   0.707106781187  -0.000000000000
                   0.577350269190   0.577350269190  -0.577350269190
0,  681 14068.814744076682 8276.001285541375 3947.827255813233    2    0
         0,  680   0.707106781187  -0.707106781187   0.000000000000
                   0.577350269190   0.577350269190  -0.577350269190
         0,  682  -0.707106781187   0.707106781187  -0.000000000000
                   0.577350269190   0.577350269190  -0.577350269190
0,  682 14537.911889694684 7737.436310926581 3878.359426816440    2    0
         0,  681   0.707106781187  -0.707106781187   0.000000000000
                   0.577350269190   0.577350269190  -0.577350269190
         0,  683  -0.707106781187   0.707106781187  -0.000000000000
                   0.577350269190   0.577350269190  -0.577350269190
0,  683 15007.009035312683 7198.871336311787 3808.891597819647    2    0
         0,  682   0.707106781187  -0.707106781187   0.000000000000
                   0.577350269190   0.577350269190  -0.577350269190
         0,  684  -0.707106781187   0.707106781187  -0.000000000000
                   0.577350269190   0.577350269190  -0.577350269190
0,  684 15476.106180930685 6660.306361696992 3739.423768822854    1    7
         0,  683   0.707106781187  -0.707106781187   0.000000000000
                   0.577350269190   0.577350269190  -0.577350269190
0,  685 9288.988621174376 17515.403257564973 12373.720248637792    1    7
         0,  686  -0.707106781187   0.707106781187  -0.000000000000
                   0.577350269190   0.577350269190   0.577350269190
0,  686 9465.171473363664 17135.673230134205 12577.267423879272    2    0
         0,  685   0.707106781187  -0.707106781187   0.000000000000
                   0.577350269190   0.577350269190   0.577350269190
         0,  687  -0.707106781187   0.707106781187  -0.000000000000
                   0.577350269190   0.577350269190   0.577350269190
0,  687 9641.354325552949 16755.943202703438 12780.814599120753    2    0
         0,  686   0.707106781187  -0.707106781187   0.000000000000
                   0.577350269190   0.577350269190   0.577350269190
         0,  688  -0.707106781187   0.707106781187  -0.000000000000
                   0.577350269190   0.577350269190   0.577350269190
0,  688 9817.537177742237 16376.213175272671 12984.361774362233    2    0
         0,  687   0.707106781187  -0.707106781187   0.000000000000
                   0.577350269190   0.577350269190   0.577350269190
         0,  689  -0.707106781187   0.707106781187  -0.000000000000
                   0.577350269190   0.577350269190   0.577350269190
0,  689 9993.720029931523 15996.483147841904 13187.908949603714    1    7
         0,  688   0.707106781187  -0.707106781187   0.000000000000
                   0.577350269190   0.577350269190   0.577350269190
0,  690 8198.899853949524 8981.674115356476 18641.217673225161    1    7
         0,  691  -0.000000000000  -0.707106781187  -0.707106781187
                   0.577350269190   0.577350269190  -0.577350269190
0,  691 8242.028346186595 8612.029174062211 18314.701224167966    2    0
         0,  690   0.000000000000   0.707106781187   0.707106781187
                   0.577350269190   0.577350269190  -0.577350269190
         0,  692  -0.000000000000  -0.707106781187  -0.707106781187
                   0.577350269190   0.577350269190  -0.577350269190
0,  692 8285.156838423663 8242.384232767943 17988.184775110767    2    0
         0,  691   0.000000000000   0.707106781187   0.707106781187
                   0.577350269190   0.577350269190  -0.577350269190
         0,  693  -0.000000000000  -0.707106781187  -0.707106781187
                   0.577350269190   0.577350269190  -0.577350269190
0,  693 8328.285330660734 7872.739291473677 17661.668326053572    2    0
         0,  692   0.000000000000   0.707106781187   0.707106781187
                   0.577350269190   0.577350269190  -0.577350269190
         0,  694  -0.000000000000  -0.707106781187  -0.707106781187
                   0.577350269190   0.577350269190  -0.577350269190
0,  694 8371.413822897804 7503.094350179410 17335.151876996373    1    7
         0,  693   0.000000000000   0.707106781187   0.707106781187
                   0.577350269190   0.577350269190  -0.577350269190
0,  695 13287.829439629364 1869.495599520928 8696.091240959262    1    7
         0,  696   0.000000000000   0.707106781187  -0.707106781187
                  -0.577350269190   0.577350269190   0.577350269190
0,  696 13905.477191221018 2110.115127154123 9073.119464917721    2    0
         0,  695  -0.000000000000  -0.707106781187   0.707106781187
                  -0.577350269190   0.577350269190   0.577350269190
         0,  697   0.000000000000   0.707106781187  -0.707106781187
                  -0.577350269190   0.577350269190   0.577350269190
0,  697 14523.124942812672 2350.734654787318 9450.147688876181    2    0
         0,  696  -0.000000000000  -0.707106781187   0.707106781187
                  -0.577350269190   0.577350269190   0.577350269190
         0,  698   0.000000000000   0.707106781187  -0.707106781187
                  -0.577350269190   0.577350269190   0.577350269190
0,  698 15140.772694404328 2591.354182420513 9827.175912834640    2    0
         0,  697  -0.000000000000  -0.707106781187   0.707106781187
                  -0.577350269190   0.577350269190   0.577350269190
         0,  699   0.000000000000   0.707106781187  -0.707106781187
                  -0.577350269190   0.577350269190   0.577350269190
0,  699 15758.420445995982 2831.973710053708 10204.204136793100    1    7
         0,  698  -0.000000000000  -0.707106781187   0.707106781187
                  -0.577350269190   0.577350269190   0.577350269190
0,  700 9981.186037099753 5497.580179553769 15858.658404918715    1    7
         0,  701   0.000000000000   0.707106781187  -0.707106781187
                   0.577350269190   0.577350269190   0.577350269190
0,  701 9670.013178661729 5769.028935953177 15898.382506957330    2    0
         0,  700  -0.000000000000  -0.707106781187   0.707106781187
                   0.577350269190   0.577350269190   0.577350269190
         0,  702   0.000000000000   0.707106781187  -0.707106781187
                   0.577350269190   0.577350269190   0.577350269190
0,  702 9358.840320223706 6040.477692352585 15938.106608995948    2    0
         0,  701  -0.000000000000  -0.707106781187   0.707106781187
                   0.577350269190   0.577350269190   0.577350269190
         0,  703   0.000000000000   0.707106781187  -0.707106781187
                   0.577350269190   0.577350269190   0.577350269190
0,  703 9047.667461785681 6311.926448751992 15977.830711034563    2    0
         0,  702  -0.000000000000  -0.707106781187   0.707106781187
                   0.577350269190   0.577350269190   0.577350269190
         0,  704   0.000000000000   0.707106781187  -0.707106781187
                   0.577350269190   0.577350269190   0.577350269190
0,  704 8736.494603347657 6583.375205151400 16017.554813073179    1    7
         0,  703  -0.000000000000  -0.707106781187   0.707106781187
                   0.577350269190   0.577350269190   0.577350269190
0,  705 5596.048186329165 6747.624963430903 4767.023237613355    1    7
         0,  706   0.707106781187   0.000000000000   0.707106781187
                  -0.577350269190   0.577350269190   0.577350269190
0,  706 5509.510897891942 6319.543562394237 5108.567350212799    2    0
         0,  705  -0.707106781187  -0.000000000000  -0.707106781187
                  -0.577350269190   0.577350269190   0.577350269190
         0,  707   0.707106781187   0.000000000000   0.707106781187
                  -0.577350269190   0.577350269190   0.577350269190
0,  707 5422.973609454720 5891.462161357571 5450.111462812242    2    0
         0,  706  -0.707106781187  -0.000000000000  -0.707106781187
                  -0.577350269190   0.577350269190   0.577350269190
         0,  708   0.707106781187   0.000000000000   0.707106781187
                  -0.577350269190   0.577350269190   0.577350269190
0,  708 5336.436321017497 5463.380760320904 5791.655575411685    2    0
         0,  707  -0.707106781187  -0.000000000000  -0.707106781187
                  -0.577350269190   0.577350269190   0.577350269190
         0,  709   0.707106781187   0.000000000000   0.707106781187
                  -0.577350269190   0.577350269190   0.577350269190
0,  709 5249.899032580274 5035.299359284238 6133.199688011129    1    7
         0,  708  -0.707106781187  -0.000000000000  -0.707106781187
                  -0.577350269190   0.577350269190   0.577350269190
0,  710 7805.879958582231 5981.110189773388 17190.030420706400    1    7
         0,  711  -0.000000000000  -0.707106781187  -0.707106781187
                   0.577350269190   0.577350269190  -0.577350269190
0,  711 7972.134444753184 5507.340873072113 16882.515590176077    2    0
         0,  710   0.000000000000   0.707106781187   0.707106781187
                   0.577350269190   0.577350269190  -0.577350269190
         0,  712  -0.000000000000  -0.707106781187  -0.707106781187
                   0.577350269190   0.577350269190  -0.577350269190
0,  712 8138.388930924137 5033.571556370838 16575.000759645754    2    0
         0,  711   0.000000000000   0.707106781187   0.707106781187
                   0.577350269190   0.577350269190  -0.577350269190
         0,  713  -0.000000000000  -0.707106781187  -0.707106781187
                   0.577350269190   0.577350269190  -0.577350269190
0,  713 8304.643417095089 4559.802239669563 16267.485929115433    2    0
         0,  712   0.000000000000   0.707106781187   0.707106781187
                   0.577350269190   0.577350269190  -0.577350269190
         0,  714  -0.000000000000  -0.707106781187  -0.707106781187
                   0.577350269190   0.577350269190  -0.577350269190
0,  714 8470.897903266043 4086.032922968288 15959.971098585111    1    7
         0,  713   0.000000000000   0.707106781187   0.707106781187
                   0.577350269190   0.577350269190  -0.577350269190
0,  715 2940.251756691443 12554.319339552771 14560.036923598202    1    7
         0,  716   0.707106781187   0.000000000000   0.707106781187
                  -0.577350269190   0.577350269190   0.577350269190
0,  716 3421.269389873899 12664.617629060696 14930.756267272731    2    0
         0,  715  -0.707106781187  -0.000000000000  -0.707106781187
                  -0.577350269190   0.577350269190   0.577350269190
         0,  717   0.707106781187   0.000000000000   0.707106781187
                  -0.577350269190   0.577350269190   0.577350269190
0,  717 3902.287023056355 12774.915918568622 15301.475610947262    2    0
         0,  716  -0.707106781187  -0.000000000000  -0.707106781187
                  -0.577350269190   0.577350269190   0.577350269190
         0,  718   0.707106781187   0.000000000000   0.707106781187
                  -0.577350269190   0.577350269190   0.577350269190
0,  718 4383.304656238810 12885.214208076548 15672.194954621791    2    0
         0,  717  -0.707106781187  -0.000000000000  -0.707106781187
                  -0.577350269190   0.577350269190   0.577350269190
         0,  719   0.707106781187   0.000000000000   0.707106781187
                  -0.577350269190   0.577350269190   0.577350269190
0,  719 4864.322289421266 12995.512497584474 16042.914298296320    1    7
         0,  718  -0.707106781187  -0.000000000000  -0.707106781187
                  -0.577350269190   0.577350269190   0.577350269190
0,  720 17436.702756582006 16051.759829819044 4303.232297060267    1    7
         0,  721  -0.707106781187  -0.000000000000   0.707106781187
                   0.577350269190   0.577350269190   0.577350269190
0,  721 16852.138261373617 16341.723469124574 4597.833152963128    2    0
         0,  720   0.707106781187   0.000000000000  -0.707106781187
                   0.577350269190   0.577350269190   0.577350269190
         0,  722  -0.707106781187  -0.000000000000   0.707106781187
                   0.577350269190   0.577350269190   0.577350269190
0,  722 16267.573766165227 16631.687108430102 4892.434008865988    2    0
         0,  721   0.707106781187   0.000000000000  -0.707106781187
                   0.577350269190   0.577350269190   0.577350269190
         0,  723  -0.707106781187  -0.000000000000   0.707106781187
                   0.577350269190   0.577350269190   0.577350269190
0,  723 15683.009270956836 16921.650747735632 5187.034864768850    2    0
         0,  722   0.707106781187   0.000000000000  -0.707106781187
                   0.577350269190   0.577350269190   0.577350269190
         0,  724  -0.707106781187  -0.000000000000   0.707106781187
                   0.577350269190   0.577350269190   0.577350269190
0,  724 15098.444775748447 17211.614387041162 5481.635720671710    1    7
         0,  723   0.707106781187   0.000000000000  -0.707106781187
                   0.577350269190   0.577350269190   0.577350269190
0,  725 5680.044603655429 11228.231587218117 14931.613809133500    1    7
         0,  726   0.000000000000   0.707106781187   0.707106781187
                   0.577350269190  -0.577350269190   0.577350269190
0,  726 6056.534052653017 11712.872255925193 15039.765028842989    2    0
         0,  725  -0.000000000000  -0.707106781187  -0.707106781187
                   0.577350269190  -0.577350269190   0.577350269190
         0,  727   0.000000000000   0.707106781187   0.707106781187
                   0.577350269190  -0.577350269190   0.577350269190
0,  727 6433.023501650605 12197.512924632270 15147.916248552476    2    0
         0,  726  -0.000000000000  -0.707106781187  -0.707106781187
                   0.577350269190  -0.577350269190   0.577350269190
         0,  728   0.000000000000   0.707106781187   0.707106781187
                   0.577350269190  -0.577350269190   0.577350269190
0,  728 6809.512950648194 12682.153593339346 15256.067468261965    2    0
         0,  727  -0.000000000000  -0.707106781187  -0.707106781187
                   0.577350269190  -0.577350269190   0.577350269190
         0,  729   0.000000000000   0.707106781187   0.707106781187
                   0.577350269190  -0.577350269190   0.577350269190
0,  729 7186.002399645781 13166.794262046422 15364.218687971454    1    7
         0,  728  -0.000000000000  -0.707106781187  -0.707106781187
                   0.577350269190  -0.577350269190   0.577350269190
0,  730 17108.021179838786 13722.570142603332 8590.267067422419    1    7
         0,  731   0.000000000000   0.707106781187  -0.707106781187
                  -0.577350269190   0.577350269190   0.577350269190
0,  731 17570.879259325888 14032.655341890766 8743.039947622086    2    0
         0,  730  -0.000000000000  -0.707106781187   0.707106781187
                  -0.577350269190   0.577350269190   0.577350269190
         0,  732   0.000000000000   0.707106781187  -0.707106781187
                  -0.577350269190   0.577350269190   0.577350269190
0,  732 18033.737338812989 14342.740541178198 8895.812827821754    2    0
         0,  731  -0.000000000000  -0.707106781187   0.707106781187
                  -0.577350269190   0.577350269190   0.577350269190
         0,  733   0.000000000000   0.707106781187  -0.707106781187
                  -0.577350269190   0.577350269190   0.577350269190
0,  733 18496.595418300087 14652.825740465632 9048.585708021421    2    0
         0,  732  -0.000000000000  -0.707106781187   0.707106781187
                  -0.577350269190   0.577350269190   0.577350269190
         0,  734   0.000000000000   0.707106781187  -0.707106781187
                  -0.577350269190   0.577350269190   0.577350269190
0,  734 18959.453497787188 14962.910939753066 9201.358588221088    1    7
         0,  733  -0.000000000000  -0.707106781187   0.707106781187
                  -0.577350269190   0.577350269190   0.577350269190
0,  735 13629.058735485080 16737.208275937170 15128.840988837070    1    7
         0,  736  -0.707106781187   0.707106781187  -0.000000000000
                   0.577350269190   0.577350269190   0.577350269190
0,  736 14074.222721274369 16373.428393049091 15047.456885935859    2    0
         0,  735   0.707106781187  -0.707106781187   0.000000000000
                   0.577350269190   0.577350269190   0.577350269190
         0,  737  -0.707106781187   0.707106781187  -0.000000000000
                   0.577350269190   0.577350269190   0.577350269190
0,  737 14519.386707063659 16009.648510161012 14966.072783034648    2    0
         0,  736   0.707106781187  -0.707106781187   0.000000000000
                   0.577350269190   0.577350269190   0.577350269190
         0,  738  -0.707106781187   0.707106781187  -0.000000000000
                   0.577350269190   0.577350269190   0.577350269190
0,  738 14964.550692852950 15645.868627272932 14884.688680133437    2    0
         0,  737   0.707106781187  -0.707106781187   0.000000000000
                   0.577350269190   0.577350269190   0.577350269190
         0,  739  -0.707106781187   0.707106781187  -0.000000000000
                   0.577350269190   0.577350269190   0.577350269190
0,  739 15409.714678642240 15282.088744384853 14803.304577232226    1    7
         0,  738   0.707106781187  -0.707106781187   0.000000000000
                   0.577350269190   0.577350269190   0.577350269190
0,  740 4385.876242284670 10674.279345378038 9883.884324062610    1    7
         0,  741   0.707106781187   0.000000000000   0.707106781187
                   0.577350269190   0.577350269190  -0.577350269190
0,  741 4805.487375872839 10384.418157799493 10013.634270072236    2    0
         0,  740  -0.707106781187  -0.000000000000  -0.707106781187
                   0.577350269190   0.577350269190  -0.577350269190
         0,  742   0.707106781187   0.000000000000   0.707106781187
                   0.577350269190   0.577350269190  -0.577350269190
0,  742 5225.098509461009 10094.556970220950 10143.384216081860    2    0
         0,  741  -0.707106781187  -0.000000000000  -0.707106781187
                   0.577350269190   0.577350269190  -0.577350269190
         0,  743   0.707106781187   0.000000000000   0.707106781187
                   0.577350269190   0.577350269190  -0.577350269190
0,  743 5644.709643049178 9804.695782642406 10273.134162091486    2    0
         0,  742  -0.707106781187  -0.000000000000  -0.707106781187
                   0.577350269190   0.577350269190  -0.577350269190
         0,  744   0.707106781187   0.000000000000   0.707106781187
                   0.577350269190   0.577350269190  -0.577350269190
0,  744 6064.320776637347 9514.834595063861 10402.884108101111    1    7
         0,  743  -0.707106781187  -0.000000000000  -0.707106781187
                   0.577350269190   0.577350269190  -0.577350269190
0,  745 13979.683709999583 17529.166858341599 4601.357582014200    1    7
         0,  746  -0.707106781187  -0.707106781187  -0.000000000000
                  -0.577350269190   0.577350269190   0.577350269190
0,  746 14558.336650215047 17750.173953547208 4959.003427024057    2    0
         0,  745   0.707106781187   0.707106781187   0.000000000000
                  -0.577350269190   0.577350269190   0.577350269190
         0,  747  -0.707106781187  -0.707106781187  -0.000000000000
                  -0.577350269190   0.577350269190   0.577350269190
0,  747 15136.989590430510 17971.181048752813 5316.649272033914    2    0
         0,  746   0.707106781187   0.707106781187   0.000000000000
                  -0.577350269190   0.577350269190   0.577350269190
         0,  748  -0.707106781187  -0.707106781187  -0.000000000000
                  -0.577350269190   0.577350269190   0.577350269190
0,  748 15715.642530645975 18192.188143958421 5674.295117043770    2    0
         0,  747   0.707106781187   0.707106781187   0.000000000000
                  -0.577350269190   0.577350269190   0.577350269190
         0,  749  -0.707106781187  -0.707106781187  -0.000000000000
                  -0.577350269190   0.577350269190   0.577350269190
0,  749 16294.295470861438 18413.195239164026 6031.940962053627    1    7
         0,  748   0.707106781187   0.707106781187   0.000000000000
                  -0.577350269190   0.577350269190   0.577350269190
0,  750 10574.778495945739 3458.375833987322 14469.332136200641    1    7
         0,  751  -0.707106781187  -0.707106781187  -0.000000000000
                   0.577350269190  -0.577350269190   0.577350269190
0,  751 10537.584222658415 3892.486357590421 14940.636933091064    2    0
         0,  750   0.707106781187   0.707106781187   0.000000000000
                   0.577350269190  -0.577350269190   0.577350269190
         0,  752  -0.707106781187  -0.707106781187  -0.000000000000
                   0.577350269190  -0.577350269190   0.577350269190
0,  752 10500.389949371091 4326.596881193522 15411.941729981489    2    0
         0,  751   0.707106781187   0.707106781187   0.000000000000
                   0.577350269190  -0.577350269190   0.577350269190
         0,  753  -0.707106781187  -0.707106781187  -0.000000000000
                   0.577350269190  -0.577350269190   0.577350269190
0,  753 10463.195676083767 4760.707404796622 15883.246526871913    2    0
         0,  752   0.707106781187   0.707106781187   0.000000000000
                   0.577350269190  -0.577350269190   0.577350269190
         0,  754  -0.707106781187  -0.707106781187  -0.000000000000
                   0.577350269190  -0.577350269190   0.577350269190
0,  754 10426.001402796444 5194.817928399721 16354.551323762336    1    7
         0,  753   0.707106781187   0.707106781187   0.000000000000
                   0.577350269190  -0.577350269190   0.577350269190
0,  755 17322.425364817569 19775.263963663652 7339.364649535773    1    7
         0,  756   0.000000000000   0.707106781187  -0.707106781187
                   0.577350269190   0.577350269190   0.577350269190
0,  756 17624.350022793813 19577.542671376697 7235.161283846483    2    0
         0,  755  -0.000000000000  -0.707106781187   0.707106781187
                   0.577350269190   0.577350269190   0.577350269190
         0,  757   0.000000000000   0.707106781187  -0.707106781187
                   0.577350269190   0.577350269190   0.577350269190
0,  757 17926.274680770057 19379.821379089746 7130.957918157192    2    0
         0,  756  -0.000000000000  -0.707106781187   0.707106781187
                   0.577350269190   0.577350269190   0.577350269190
         0,  758   0.000000000000   0.707106781187  -0.707106781187
                   0.577350269190   0.577350269190   0.577350269190
0,  758 18228.199338746301 19182.100086802791 7026.754552467901    2    0
         0,  757  -0.000000000000  -0.707106781187   0.707106781187
                   0.577350269190   0.577350269190   0.577350269190
         0,  759   0.000000000000   0.707106781187  -0.707106781187
                   0.577350269190   0.577350269190   0.577350269190
0,  759 18530.123996722545 18984.378794515840 6922.551186778610    1    7
         0,  758  -0.000000000000  -0.707106781187   0.707106781187
                   0.577350269190   0.577350269190   0.577350269190
0,  760 18099.455792163320 3182.462919607299 8155.937394987089    1    7
         0,  761  -0.707106781187   0.707106781187  -0.000000000000
                   0.577350269190   0.577350269190  -0.577350269190
0,  761 18533.349097890034 2824.158216454760 8231.525997561263    2    0
         0,  760   0.707106781187  -0.707106781187   0.000000000000
                   0.577350269190   0.577350269190  -0.577350269190
         0,  762  -0.707106781187   0.707106781187  -0.000000000000
                   0.577350269190   0.577350269190  -0.577350269190
0,  762 18967.242403616743 2465.853513302221 8307.114600135435    2    0
         0,  761   0.707106781187  -0.707106781187   0.000000000000
                   0.577350269190   0.577350269190  -0.577350269190
         0,  763  -0.707106781187   0.707106781187  -0.000000000000
                   0.577350269190   0.577350269190  -0.577350269190
0,  763 19401.135709343456 2107.548810149683 8382.703202709608    2    0
         0,  762   0.707106781187  -0.707106781187   0.000000000000
                   0.577350269190   0.577350269190  -0.577350269190
         0,  764  -0.707106781187   0.707106781187  -0.000000000000
                   0.577350269190   0.577350269190  -0.577350269190
0,  764 19835.029015070169 1749.244106997144 8458.291805283781    1    7
         0,  763   0.707106781187  -0.707106781187   0.000000000000
                   0.577350269190   0.577350269190  -0.577350269190
0,  765 16211.879184548934 8472.517836644511 19112.708549296534    1    7
         0,  766   0.000000000000   0.707106781187   0.707106781187
                   0.577350269190  -0.577350269190   0.577350269190
0,  766 15749.187848788075 8154.109095149484 19256.991143562365    2    0
         0,  765  -0.000000000000  -0.707106781187  -0.707106781187
                   0.577350269190  -0.577350269190   0.577350269190
         0,  767   0.000000000000   0.707106781187   0.707106781187
                   0.577350269190  -0.577350269190   0.577350269190
0,  767 15286.496513027218 7835.700353654458 19401.273737828200    2    0
         0,  766  -0.000000000000  -0.707106781187  -0.707106781187
                   0.577350269190  -0.577350269190   0.577350269190
         0,  768   0.000000000000   0.707106781187   0.707106781187
                   0.577350269190  -0.577350269190   0.577350269190
0,  768 14823.805177266360 7517.291612159432 19545.556332094031    2    0
         0,  767  -0.000000000000  -0.707106781187  -0.707106781187
                   0.577350269190  -0.577350269190   0.577350269190
         0,  769   0.000000000000   0.707106781187   0.707106781187
                   0.577350269190  -0.577350269190   0.577350269190
0,  769 14361.113841505501 7198.882870664405 19689.838926359862    1    7
         0,  768  -0.000000000000  -0.707106781187  -0.707106781187
                   0.577350269190  -0.577350269190   0.577350269190
0,  770 14045.379599518534 7729.512267007955 11940.411619887869    1    7
         0,  771   0.000000000000   0.707106781187   0.707106781187
                   0.577350269190   0.577350269190  -0.577350269190
0,  771 14506.415132996635 7365.592276975219 12037.527163333234    2    0
         0,  770  -0.000000000000  -0.707106781187  -0.707106781187
                   0.577350269190   0.577350269190  -0.577350269190
         0,  772   0.000000000000   0.707106781187   0.707106781187
                   0.577350269190   0.577350269190  -0.577350269190
0,  772 14967.450666474735 7001.672286942482 12134.642706778597    2    0
         0,  771  -0.000000000000  -0.707106781187  -0.707106781187
                   0.577350269190   0.577350269190  -0.577350269190
         0,  773   0.000000000000   0.707106781187   0.707106781187
                   0.577350269190   0.577350269190  -0.577350269190
0,  773 15428.486199952837 6637.752296909746 12231.758250223962    2    0
         0,  772  -0.000000000000  -0.707106781187  -0.707106781187
                   0.577350269190   0.577350269190  -0.577350269190
         0,  774   0.000000000000   0.707106781187   0.707106781187
                   0.577350269190   0.577350269190  -0.577350269190
0,  774 15889.521733430936 6273.832306877010 12328.873793669327    1    7
         0,  773  -0.000000000000  -0.707106781187  -0.707106781187
                   0.577350269190   0.577350269190  -0.577350269190
0,  775 2183.312029001931 4410.339469547330 14809.029935907563    1    7
         0,  776  -0.707106781187  -0.707106781187  -0.000000000000
                  -0.577350269190   0.577350269190   0.577350269190
0,  776 1749.625199234866 4422.264681715385 14363.417893972442    2    0
         0,  775   0.707106781187   0.707106781187   0.000000000000
                  -0.577350269190   0.577350269190   0.577350269190
         0,  777  -0.707106781187  -0.707106781187  -0.000000000000
                  -0.577350269190   0.577350269190   0.577350269190
0,  777 1315.938369467800 4434.189893883442 13917.805852037320    2    0
         0,  776   0.707106781187   0.707106781187   0.000000000000
                  -0.577350269190   0.577350269190   0.577350269190
         0,  778  -0.707106781187  -0.707106781187  -0.000000000000
                  -0.577350269190   0.577350269190   0.577350269190
0,  778 882.251539700734 4446.115106051498 13472.193810102199    2    0
         0,  777   0.707106781187   0.707106781187   0.000000000000
                  -0.577350269190   0.577350269190   0.577350269190
         0,  779  -0.707106781187  -0.707106781187  -0.000000000000
                  -0.577350269190   0.577350269190   0.577350269190
0,  779 448.564709933669 4458.040318219554 13026.581768167076    1    7
         0,  778   0.707106781187   0.707106781187   0.000000000000
                  -0.577350269190   0.577350269190   0.577350269190
0,  780 1026.593634426193 6492.212983841473 17331.134000447404    1    7
         0,  781  -0.707106781187  -0.707106781187  -0.000000000000
                  -0.577350269190   0.577350269190   0.577350269190
0,  781 1398.084753513130 6852.041697036178 17342.796406339636    2    0
         0,  780   0.707106781187   0.707106781187   0.000000000000
                  -0.577350269190   0.577350269190   0.577350269190
         0,  782  -0.707106781187  -0.707106781187  -0.000000000000
                  -0.577350269190   0.577350269190   0.577350269190
0,  782 1769.575872600068 7211.870410230885 17354.458812231867    2    0
         0,  781   0.707106781187   0.707106781187   0.000000000000
                  -0.577350269190   0.577350269190   0.577350269190
         0,  783  -0.707106781187  -0.707106781187  -0.000000000000
                  -0.577350269190   0.577350269190   0.577350269190
0,  783 2141.066991687005 7571.699123425591 17366.121218124099    2    0
         0,  782   0.707106781187   0.707106781187   0.000000000000
                  -0.577350269190   0.577350269190   0.577350269190
         0,  784  -0.707106781187  -0.707106781187  -0.000000000000
                  -0.577350269190   0.577350269190   0.577350269190
0,  784 2512.558110773943 7931.527836620297 17377.783624016331    1    7
         0,  783   0.707106781187   0.707106781187   0.000000000000
                  -0.577350269190   0.577350269190   0.577350269190
0,  785 19020.972775610207 921.413434911040 15355.604795955363    1    7
         0,  786   0.707106781187  -0.707106781187   0.000000000000
                   0.577350269190   0.577350269190   0.577350269190
0,  786 18829.130555498654 1414.173921142221 15054.686529835737    2    0
         0,  785  -0.707106781187   0.707106781187  -0.000000000000
                   0.577350269190   0.577350269190   0.577350269190
         0,  787   0.707106781187  -0.707106781187   0.000000000000
                   0.577350269190   0.577350269190   0.577350269190
0,  787 18637.288335387100 1906.934407373401 14753.768263716109    2    0
         0,  786  -0.707106781187   0.707106781187  -0.000000000000
                   0.577350269190   0.577350269190   0.577350269190
         0,  788   0.707106781187  -0.707106781187   0.000000000000
                   0.577350269190   0.577350269190   0.577350269190
0,  788 18445.446115275547 2399.694893604582 14452.849997596482    2    0
         0,  787  -0.707106781187   0.707106781187  -0.000000000000
                   0.577350269190   0.577350269190   0.577350269190
         0,  789   0.707106781187  -0.707106781187   0.000000000000
                   0.577350269190   0.577350269190   0.577350269190
0,  789 18253.603895163993 2892.455379835763 14151.931731476854    1    7
         0,  788  -0.707106781187   0.707106781187  -0.000000000000
                   0.577350269190   0.577350269190   0.577350269190
0,  790 15077.967472696060 16240.203557112098 5405.063892376964    1    7
         0,  791  -0.707106781187   0.707106781187  -0.000000000000
                   0.577350269190   0.577350269190   0.577350269190
0,  791 14982.781806232746 16676.308281480142 5064.144834472237    2    0
         0,  790   0.707106781187  -0.707106781187   0.000000000000
                   0.577350269190   0.577350269190   0.577350269190
         0,  792  -0.707106781187   0.707106781187  -0.000000000000
                   0.577350269190   0.577350269190   0.577350269190
0,  792 14887.596139769430 17112.413005848182 4723.225776567509    2    0
         0,  791   0.707106781187  -0.707106781187   0.000000000000
                   0.577350269190   0.577350269190   0.577350269190
         0,  793  -0.707106781187   0.707106781187  -0.000000000000
                   0.577350269190   0.577350269190   0.577350269190
0,  793 14792.410473306116 17548.517730216226 4382.306718662781    2    0
         0,  792   0.707106781187  -0.707106781187   0.000000000000
                   0.577350269190   0.577350269190   0.577350269190
         0,  794  -0.707106781187   0.707106781187  -0.000000000000
                   0.577350269190   0.577350269190   0.577350269190
0,  794 14697.224806842800 17984.622454584267 4041.387660758054    1    7
         0,  793   0.707106781187  -0.707106781187   0.000000000000
                   0.577350269190   0.577350269190   0.577350269190
0,  795 4438.898465059656 4326.241280638433 1209.827109710179    1    7
         0,  796   0.000000000000   0.707106781187   0.707106781187
                   0.577350269190  -0.577350269190   0.577350269190
0,  796 4942.390357159576 4659.094567423057 1039.188504394885    2    0
         0,  795  -0.000000000000  -0.707106781187  -0.707106781187
                   0.577350269190  -0.577350269190   0.577350269190
         0,  797   0.000000000000   0.707106781187   0.707106781187
                   0.577350269190  -0.577350269190   0.577350269190
0,  797 5445.882249259495 4991.947854207682 868.549899079590    2    0
         0,  796  -0.000000000000  -0.707106781187  -0.707106781187
                   0.577350269190  -0.577350269190   0.577350269190
         0,  798   0.000000000000   0.707106781187   0.707106781187
                   0.577350269190  -0.577350269190   0.577350269190
0,  798 5949.374141359414 5324.801140992307 697.911293764295    2    0
         0,  797  -0.000000000000  -0.707106781187  -0.707106781187
                   0.577350269190  -0.577350269190   0.577350269190
         0,  799   0.000000000000   0.707106781187   0.707106781187
                   0.577350269190  -0.577350269190   0.577350269190
0,  799 6452.866033459333 5657.654427776932 527.272688449000    1    7
         0,  798  -0.000000000000  -0.707106781187  -0.707106781187
                   0.577350269190  -0.577350269190   0.577350269190
0,  800 13279.790673492515 14646.210834293317 11155.368158509620    1    7
         0,  801   0.000000000000   0.707106781187   0.707106781187
                   0.577350269190   0.577350269190  -0.577350269190
0,  801 12924.769907663986 14744.814434197970 10898.950992585744    2    0
         0,  800  -0.000000000000  -0.707106781187  -0.707106781187
                   0.577350269190   0.577350269190  -0.577350269190
         0,  802   0.000000000000   0.707106781187   0.707106781187
                   0.577350269190   0.577350269190  -0.577350269190
0,  802 12569.749141835457 14843.418034102620 10642.533826661866    2    0
         0,  801  -0.000000000000  -0.707106781187  -0.707106781187
                   0.577350269190   0.577350269190  -0.577350269190
         0,  803   0.000000000000   0.707106781187   0.707106781187
                   0.577350269190   0.577350269190  -0.577350269190
0,  803 12214.728376006928 14942.021634007273 10386.116660737989    2    0
         0,  802  -0.000000000000  -0.707106781187  -0.707106781187
                   0.577350269190   0.577350269190  -0.577350269190
         0,  804   0.000000000000   0.707106781187   0.707106781187
                   0.577350269190   0.577350269190  -0.577350269190
0,  804 11859.707610178401 15040.625233911924 10129.699494814113    1    7
         0,  803  -0.000000000000  -0.707106781187  -0.707106781187
                   0.577350269190   0.577350269190  -0.577350269190
0,  805 11221.869810543898 3695.572630818147 17923.733983845559    1    7
         0,  806  -0.707106781187  -0.707106781187  -0.000000000000
                   0.577350269190  -0.577350269190   0.577350269190
0,  806 11861.413463218607 4131.370963799562 17719.988664152264    2    0
         0,  805   0.707106781187   0.707106781187   0.000000000000
                   0.577350269190  -0.577350269190   0.577350269190
         0,  807  -0.707106781187  -0.707106781187  -0.000000000000
                   0.577350269190  -0.577350269190   0.577350269190
0,  807 12500.957115893316 4567.169296780976 17516.243344458970    2    0
         0,  806   0.707106781187   0.707106781187   0.000000000000
                   0.577350269190  -0.577350269190   0.577350269190
         0,  808  -0.707106781187  -0.707106781187  -0.000000000000
                   0.577350269190  -0.577350269190   0.577350269190
0,  808 13140.500768568025 5002.967629762390 17312.498024765675    2    0
         0,  807   0.707106781187   0.707106781187   0.000000000000
                   0.577350269190  -0.577350269190   0.577350269190
         0,  809  -0.707106781187  -0.707106781187  -0.000000000000
                   0.577350269190  -0.577350269190   0.577350269190
0,  809 13780.044421242736 5438.765962743804 17108.752705072380    1    7
         0,  808   0.707106781187   0.707106781187   0.000000000000
                   0.577350269190  -0.577350269190   0.577350269190
0,  810 10735.304623129638 2807.851539214755 18206.180638253365    1    7
         0,  811  -0.707106781187  -0.707106781187  -0.000000000000
                  -0.577350269190   0.577350269190   0.577350269190
0,  811 11116.976659986542 2850.435410858651 18545.268803466373    2    0
         0,  810   0.707106781187   0.707106781187   0.000000000000
                  -0.577350269190   0.577350269190   0.577350269190
         0,  812  -0.707106781187  -0.707106781187  -0.000000000000
                  -0.577350269190   0.577350269190   0.577350269190
0,  812 11498.648696843446 2893.019282502547 18884.356968679382    2    0
         0,  811   0.707106781187   0.707106781187   0.000000000000
                  -0.577350269190   0.577350269190   0.577350269190
         0,  813  -0.707106781187  -0.707106781187  -0.000000000000
                  -0.577350269190   0.577350269190   0.577350269190
0,  813 11880.320733700351 2935.603154146443 19223.445133892390    2    0
         0,  812   0.707106781187   0.707106781187   0.000000000000
                  -0.577350269190   0.577350269190   0.577350269190
         0,  814  -0.707106781187  -0.707106781187  -0.000000000000
                  -0.577350269190   0.577350269190   0.577350269190
0,  814 12261.992770557255 2978.187025790339 19562.533299105398    1    7
         0,  813   0.707106781187   0.707106781187   0.000000000000
                  -0.577350269190   0.577350269190   0.577350269190
0,  815 7965.595754152259 4248.147921152609 4058.724333055607    1    7
         0,  816  -0.707106781187  -0.707106781187  -0.000000000000
                   0.577350269190  -0.577350269190   0.577350269190
0,  816 7480.576531735770 3991.828195197597 4287.423829517084    2    0
         0,  815   0.707106781187   0.707106781187   0.000000000000
                   0.577350269190  -0.577350269190   0.577350269190
         0,  817  -0.707106781187  -0.707106781187  -0.000000000000
                   0.577350269190  -0.577350269190   0.577350269190
0,  817 6995.557309319281 3735.508469242584 4516.123325978560    2    0
         0,  816   0.707106781187   0.707106781187   0.000000000000
                   0.577350269190  -0.577350269190   0.577350269190
         0,  818  -0.707106781187  -0.707106781187  -0.000000000000
                   0.577350269190  -0.577350269190   0.577350269190
0,  818 6510.538086902790 3479.188743287571 4744.822822440037    2    0
         0,  817   0.707106781187   0.707106781187   0.000000000000
                   0.577350269190  -0.577350269190   0.577350269190
         0,  819  -0.707106781187  -0.707106781187  -0.000000000000
                   0.577350269190  -0.577350269190   0.577350269190
0,  819 6025.518864486301 3222.869017332559 4973.522318901514    1    7
         0,  818   0.707106781187   0.707106781187   0.000000000000
                   0.577350269190  -0.577350269190   0.577350269190
0,  820 2888.567582284034 19222.399836748406 3550.919019062162    1    7
         0,  821   0.000000000000   0.707106781187  -0.707106781187
                  -0.577350269190   0.577350269190   0.577350269190
0,  821 2496.418142454908 19387.471107731813 2993.698308249629    2    0
         0,  820  -0.000000000000  -0.707106781187   0.707106781187
                  -0.577350269190   0.577350269190   0.577350269190
         0,  822   0.000000000000   0.707106781187  -0.707106781187
                  -0.577350269190   0.577350269190   0.577350269190
0,  822 2104.268702625781 19552.542378715218 2436.477597437096    2    0
         0,  821  -0.000000000000  -0.707106781187   0.707106781187
                  -0.577350269190   0.577350269190   0.577350269190
         0,  823   0.000000000000   0.707106781187  -0.707106781187
                  -0.577350269190   0.577350269190   0.577350269190
0,  823 1712.119262796655 19717.613649698626 1879.256886624563    2    0
         0,  822  -0.000000000000  -0.707106781187   0.707106781187
                  -0.577350269190   0.577350269190   0.577350269190
         0,  824   0.000000000000   0.707106781187  -0.707106781187
                  -0.577350269190   0.577350269190   0.577350269190
0,  824 1319.969822967528 19882.684920682030 1322.036175812030    1    7
         0,  823  -0.000000000000  -0.707106781187   0.707106781187
                  -0.577350269190   0.577350269190   0.577350269190
0,  825 12337.082020422111 14228.470079623577 12696.118272632124    1    7
         0,  826  -0.707106781187  -0.000000000000   0.707106781187
                   0.577350269190   0.577350269190   0.577350269190
0,  826 11928.710332010312 14655.267221096006 12677.692819571494    2    0
         0,  825   0.707106781187   0.000000000000  -0.707106781187
                   0.577350269190   0.577350269190   0.577350269190
         0,  827  -0.707106781187  -0.000000000000   0.707106781187
                   0.577350269190   0.577350269190   0.577350269190
0,  827 11520.338643598516 15082.064362568435 12659.267366510861    2    0
         0,  826   0.707106781187   0.000000000000  -0.707106781187
                   0.577350269190   0.577350269190   0.577350269190
         0,  828  -0.707106781187  -0.000000000000   0.707106781187
                   0.577350269190   0.577350269190   0.577350269190
0,  828 11111.966955186717 15508.861504040864 12640.841913450231    2    0
         0,  827   0.707106781187   0.000000000000  -0.707106781187
                   0.577350269190   0.577350269190   0.577350269190
         0,  829  -0.707106781187  -0.000000000000   0.707106781187
                   0.577350269190   0.577350269190   0.577350269190
0,  829 10703.595266774919 15935.658645513293 12622.416460389601    1    7
         0,  828   0.707106781187   0.000000000000  -0.707106781187
                   0.577350269190   0.577350269190   0.577350269190
0,  830 11163.376885916088 13066.098174261124 9164.835164476077    1    7
         0,  831  -0.000000000000  -0.707106781187   0.707106781187
                   0.577350269190   0.577350269190   0.577350269190
0,  831 10808.191219487408 13503.188741699745 9082.930263466136    2    0
         0,  830   0.000000000000   0.707106781187  -0.707106781187
                   0.577350269190   0.577350269190   0.577350269190
         0,  832  -0.000000000000  -0.707106781187   0.707106781187
                   0.577350269190   0.577350269190   0.577350269190
0,  832 10453.005553058727 13940.279309138366 9001.025362456196    2    0
         0,  831   0.000000000000   0.707106781187  -0.707106781187
                   0.577350269190   0.577350269190   0.577350269190
         0,  833  -0.000000000000  -0.707106781187   0.707106781187
                   0.577350269190   0.577350269190   0.577350269190
0,  833 10097.819886630048 14377.369876576988 8919.120461446253    2    0
         0,  832   0.000000000000   0.707106781187  -0.707106781187
                   0.577350269190   0.577350269190   0.577350269190
         0,  834  -0.000000000000  -0.707106781187   0.707106781187
                   0.577350269190   0.577350269190   0.577350269190
0,  834 9742.634220201367 14814.460444015609 8837.215560436312    1    7
         0,  833   0.000000000000   0.707106781187  -0.707106781187
                   0.577350269190   0.577350269190   0.577350269190
0,  835 4797.417375892635 14302.250388338169 5569.208491949690    1    7
         0,  836   0.707106781187  -0.707106781187   0.000000000000
                   0.577350269190   0.577350269190   0.577350269190
0,  836 4379.036301546440 14833.641915746330 5456.198038887725    2    0
         0,  835  -0.707106781187   0.707106781187  -0.000000000000
                   0.577350269190   0.577350269190   0.577350269190
         0,  837   0.707106781187  -0.707106781187   0.000000000000
                   0.577350269190   0.577350269190   0.577350269190
0,  837 3960.655227200245 15365.033443154491 5343.187585825760    2    0
         0,  836  -0.707106781187   0.707106781187  -0.000000000000
                   0.577350269190   0.577350269190   0.577350269190
         0,  838   0.707106781187  -0.707106781187   0.000000000000
                   0.577350269190   0.577350269190   0.577350269190
0,  838 3542.274152854049 15896.424970562650 5230.177132763795    2    0
         0,  837  -0.707106781187   0.707106781187  -0.000000000000
                   0.577350269190   0.577350269190   0.577350269190
         0,  839   0.707106781187  -0.707106781187   0.000000000000
                   0.577350269190   0.577350269190   0.577350269190
0,  839 3123.893078507853 16427.816497970809 5117.166679701830    1    7
         0,  838  -0.707106781187   0.707106781187  -0.000000000000
                   0.577350269190   0.577350269190   0.577350269190
0,  840 17052.351747213546 7799.735935293792 14039.234866230792    1    7
         0,  841  -0.707106781187  -0.000000000000   0.707106781187
                   0.577350269190  -0.577350269190   0.577350269190
0,  841 16825.490649377854 7363.340708176614 13829.700736949308    2    0
         0,  840   0.707106781187   0.000000000000  -0.707106781187
                   0.577350269190  -0.577350269190   0.577350269190
         0,  842  -0.707106781187  -0.000000000000   0.707106781187
                   0.577350269190  -0.577350269190   0.577350269190
0,  842 16598.629551542163 6926.945481059438 13620.166607667823    2    0
         0,  841   0.707106781187   0.000000000000  -0.707106781187
                   0.577350269190  -0.577350269190   0.577350269190
         0,  843  -0.707106781187  -0.000000000000   0.707106781187
                   0.577350269190  -0.577350269190   0.577350269190
0,  843 16371.768453706469 6490.550253942261 13410.632478386340    2    0
         0,  842   0.707106781187   0.000000000000  -0.707106781187
                   0.577350269190  -0.577350269190   0.577350269190
         0,  844  -0.707106781187  -0.000000000000   0.707106781187
                   0.577350269190  -0.577350269190   0.577350269190
0,  844 16144.907355870775 6054.155026825084 13201.098349104856    1    7
         0,  843   0.707106781187   0.000000000000  -0.707106781187
                   0.577350269190  -0.577350269190   0.577350269190
0,  845 15538.356314846844 5917.093880076036 5602.382774225234    1    7
         0,  846   0.000000000000   0.707106781187  -0.707106781187
                  -0.577350269190   0.577350269190   0.577350269190
0,  846 15350.655472944662 6129.115996360649 5202.659816038438    2    0
         0,  845  -0.000000000000  -0.707106781187   0.707106781187
                  -0.577350269190   0.577350269190   0.577350269190
         0,  847   0.000000000000   0.707106781187  -0.707106781187
                  -0.577350269190   0.577350269190   0.577350269190
0,  847 15162.954631042479 6341.138112645262 4802.936857851642    2    0
         0,  846  -0.000000000000  -0.707106781187   0.707106781187
                  -0.577350269190   0.577350269190   0.577350269190
         0,  848   0.000000000000   0.707106781187  -0.707106781187
                  -0.577350269190   0.577350269190   0.577350269190
0,  848 14975.253789140297 6553.160228929875 4403.213899664847    2    0
         0,  847  -0.000000000000  -0.707106781187   0.707106781187
                  -0.577350269190   0.577350269190   0.577350269190
         0,  849   0.000000000000   0.707106781187  -0.707106781187
                  -0.577350269190   0.577350269190   0.577350269190
0,  849 14787.552947238113 6765.182345214489 4003.490941478051    1    7
         0,  848  -0.000000000000  -0.707106781187   0.707106781187
                  -0.577350269190   0.577350269190   0.577350269190
0,  850 7050.951009920676 10933.730602029787 5605.650198601654    1    7
         0,  851  -0.707106781187  -0.000000000000   0.707106781187
                   0.577350269190   0.577350269190   0.577350269190
0,  851 6651.340649037767 11148.483559445145 5790.507602069206    2    0
         0,  850   0.707106781187   0.000000000000  -0.707106781187
                   0.577350269190   0.577350269190   0.577350269190
         0,  852  -0.707106781187  -0.000000000000   0.707106781187
                   0.577350269190   0.577350269190   0.577350269190
0,  852 6251.730288154856 11363.236516860503 5975.365005536758    2    0
         0,  851   0.707106781187   0.000000000000  -0.707106781187
                   0.577350269190   0.577350269190   0.577350269190
         0,  853  -0.707106781187  -0.000000000000   0.707106781187
                   0.577350269190   0.577350269190   0.577350269190
0,  853 5852.119927271946 11577.989474275861 6160.222409004310    2    0
         0,  852   0.707106781187   0.000000000000  -0.707106781187
                   0.577350269190   0.577350269190   0.577350269190
         0,  854  -0.707106781187  -0.000000000000   0.707106781187
                   0.577350269190   0.577350269190   0.577350269190
0,  854 5452.509566389035 11792.742431691220 6345.079812471862    1    7
         0,  853   0.707106781187   0.000000000000  -0.707106781187
                   0.577350269190   0.577350269190   0.577350269190
0,  855 13061.997698329153 13077.047018577176 3224.560239712651    1    7
         0,  856   0.707106781187   0.000000000000   0.707106781187
                  -0.577350269190   0.577350269190   0.577350269190
0,  856 12544.715029762017 12707.788008217693 3076.536581504999    2    0
         0,  855  -0.707106781187  -0.000000000000  -0.707106781187
                  -0.577350269190   0.577350269190   0.577350269190
         0,  857   0.707106781187   0.000000000000   0.707106781187
                  -0.577350269190   0.577350269190   0.577350269190
0,  857 12027.432361194882 12338.528997858208 2928.512923297347    2    0
         0,  856  -0.707106781187  -0.000000000000  -0.707106781187
                  -0.577350269190   0.577350269190   0.577350269190
         0,  858   0.707106781187   0.000000000000   0.707106781187
                  -0.577350269190   0.577350269190   0.577350269190
0,  858 11510.149692627745 11969.269987498725 2780.489265089695    2    0
         0,  857  -0.707106781187  -0.000000000000  -0.707106781187
                  -0.577350269190   0.577350269190   0.577350269190
         0,  859   0.707106781187   0.000000000000   0.707106781187
                  -0.577350269190   0.577350269190   0.577350269190
0,  859 10992.867024060610 11600.010977139240 2632.465606882043    1    7
         0,  858  -0.707106781187  -0.000000000000  -0.707106781187
                  -0.577350269190   0.577350269190   0.577350269190
0,  860 14092.400797146811 1555.421787192528 8396.692620193357    1    7
         0,  861   0.707106781187  -0.707106781187   0.000000000000
                   0.577350269190   0.577350269190   0.577350269190
0,  861 13788.527482523543 1537.045308662585 8718.942413346567    2    0
         0,  860  -0.707106781187   0.707106781187  -0.000000000000
                   0.577350269190   0.577350269190   0.577350269190
         0,  862   0.707106781187  -0.707106781187   0.000000000000
                   0.577350269190   0.577350269190   0.577350269190
0,  862 13484.654167900275 1518.668830132642 9041.192206499778    2    0
         0,  861  -0.707106781187   0.707106781187  -0.000000000000
                   0.577350269190   0.577350269190   0.577350269190
         0,  863   0.707106781187  -0.707106781187   0.000000000000
                   0.577350269190   0.577350269190   0.577350269190
0,  863 13180.780853277007 1500.292351602699 9363.441999652990    2    0
         0,  862  -0.707106781187   0.707106781187  -0.000000000000
                   0.577350269190   0.577350269190   0.577350269190
         0,  864   0.707106781187  -0.707106781187   0.000000000000
                   0.577350269190   0.577350269190   0.577350269190
0,  864 12876.907538653737 1481.915873072756 9685.691792806201    1    7
         0,  863  -0.707106781187   0.707106781187  -0.000000000000
                   0.577350269190   0.577350269190   0.577350269190
0,  865 5206.198728879574 8044.118006273604 15145.397022153362    1    7
         0,  866   0.000000000000   0.707106781187  -0.707106781187
                   0.577350269190   0.577350269190   0.577350269190
0,  866 4967.982186705398 8503.654289238821 14924.077281362321    2    0
         0,  865  -0.000000000000  -0.707106781187   0.707106781187
                   0.577350269190   0.577350269190   0.577350269190
         0,  867   0.000000000000   0.707106781187  -0.707106781187
                   0.577350269190   0.577350269190   0.577350269190
0,  867 4729.765644531222 8963.190572204036 14702.757540571281    2    0
         0,  866  -0.000000000000  -0.707106781187   0.707106781187
                   0.577350269190   0.577350269190   0.577350269190
         0,  868   0.000000000000   0.707106781187  -0.707106781187
                   0.577350269190   0.577350269190   0.577350269190
0,  868 4491.549102357047 9422.726855169250 14481.437799780240    2    0
         0,  867  -0.000000000000  -0.707106781187   0.707106781187
                   0.577350269190   0.577350269190   0.577350269190
         0,  869   0.000000000000   0.707106781187  -0.707106781187
                   0.577350269190   0.577350269190   0.577350269190
0,  869 4253.332560182871 9882.263138134467 14260.118058989201    1    7
         0,  868  -0.000000000000  -0.707106781187   0.707106781187
                   0.577350269190   0.577350269190   0.577350269190
0,  870 10395.535128291345 10503.197648613172 11972.126652166655    1    7
         0,  871  -0.000000000000  -0.707106781187  -0.707106781187
                   0.577350269190  -0.577350269190   0.577350269190
0,  871 9965.888033512259 10263.974559156952 12162.550657489521    2    0
         0,  870   0.000000000000   0.707106781187   0.707106781187
                   0.577350269190  -0.577350269190   0.577350269190
         0,  872  -0.000000000000  -0.707106781187  -0.707106781187
                   0.577350269190  -0.577350269190   0.577350269190
0,  872 9536.240938733174 10024.751469700732 12352.974662812388    2    0
         0,  871   0.000000000000   0.707106781187   0.707106781187
                   0.577350269190  -0.577350269190   0.577350269190
         0,  873  -0.000000000000  -0.707106781187  -0.707106781187
                   0.577350269190  -0.577350269190   0.577350269190
0,  873 9106.593843954086 9785.528380244512 12543.398668135254    2    0
         0,  872   0.000000000000   0.707106781187   0.707106781187
                   0.577350269190  -0.577350269190   0.577350269190
         0,  874  -0.000000000000  -0.707106781187  -0.707106781187
                   0.577350269190  -0.577350269190   0.577350269190
0,  874 8676.946749175000 9546.305290788292 12733.822673458120    1    7
         0,  873   0.000000000000   0.707106781187   0.707106781187
                   0.577350269190  -0.577350269190   0.577350269190
0,  875 9725.855811228083 12799.197542364489 14733.481368740289    1    7
         0,  876  -0.707106781187   0.707106781187  -0.000000000000
                   0.577350269190   0.577350269190   0.577350269190
0,  876 10146.618469309949 12352.652518265268 14759.263734757644    2    0
         0,  875   0.707106781187  -0.707106781187   0.000000000000
                   0.577350269190   0.577350269190   0.577350269190
         0,  877  -0.707106781187   0.707106781187  -0.000000000000
                   0.577350269190   0.577350269190   0.577350269190
0,  877 10567.381127391816 11906.107494166046 14785.046100774998    2    0
         0,  876   0.707106781187  -0.707106781187   0.000000000000
                   0.577350269190   0.577350269190   0.577350269190
         0,  878  -0.707106781187   0.707106781187  -0.000000000000
                   0.577350269190   0.577350269190   0.577350269190
0,  878 10988.143785473683 11459.562470066825 14810.828466792353    2    0
         0,  877   0.707106781187  -0.707106781187   0.000000000000
                   0.577350269190   0.577350269190   0.577350269190
         0,  879  -0.707106781187   0.707106781187  -0.000000000000
                   0.577350269190   0.577350269190   0.577350269190
0,  879 11408.906443555548 11013.017445967604 14836.610832809707    1    7
         0,  878   0.707106781187  -0.707106781187   0.000000000000
                   0.577350269190   0.577350269190   0.577350269190
0,  880 9782.726229805570 18647.712500169648 10924.720920193831    1    7
         0,  881   0.000000000000   0.707106781187   0.707106781187
                   0.577350269190   0.577350269190  -0.577350269190
0,  881 9728.612336208182 18200.857284644448 10423.751811071243    2    0
         0,  880  -0.000000000000  -0.707106781187  -0.707106781187
                   0.577350269190   0.577350269190  -0.577350269190
         0,  882   0.000000000000   0.707106781187   0.707106781187
                   0.577350269190   0.577350269190  -0.577350269190
0,  882 9674.498442610791 17754.002069119251 9922.782701948654    2    0
         0,  881  -0.000000000000  -0.707106781187  -0.707106781187
                   0.577350269190   0.577350269190  -0.577350269190
         0,  883   0.000000000000   0.707106781187   0.707106781187
                   0.577350269190   0.577350269190  -0.577350269190
0,  883 9620.384549013403 17307.146853594051 9421.813592826067    2    0
         0,  882  -0.000000000000  -0.707106781187  -0.707106781187
                   0.577350269190   0.577350269190  -0.577350269190
         0,  884   0.000000000000   0.707106781187   0.707106781187
                   0.577350269190   0.577350269190  -0.577350269190
0,  884 9566.270655416014 16860.291638068851 8920.844483703479    1    7
         0,  883  -0.000000000000  -0.707106781187  -0.707106781187
                   0.577350269190   0.577350269190  -0.577350269190
0,  885 8798.336926996326 3324.109697028777 6123.022009635976    1    7
         0,  886   0.000000000000   0.707106781187  -0.707106781187
                   0.577350269190   0.577350269190   0.577350269190
0,  886 8936.705908610909 3749.944826633062 5558.817898417108    2    0
         0,  885  -0.000000000000  -0.707106781187   0.707106781187
                   0.577350269190   0.577350269190   0.577350269190
         0,  887   0.000000000000   0.707106781187  -0.707106781187
                   0.577350269190   0.577350269190   0.577350269190
0,  887 9075.074890225491 4175.779956237347 4994.613787198241    2    0
         0,  886  -0.000000000000  -0.707106781187   0.707106781187
                   0.577350269190   0.577350269190   0.577350269190
         0,  888   0.000000000000   0.707106781187  -0.707106781187
                   0.577350269190   0.577350269190   0.577350269190
0,  888 9213.443871840074 4601.615085841631 4430.409675979373    2    0
         0,  887  -0.000000000000  -0.707106781187   0.707106781187
                   0.577350269190   0.577350269190   0.577350269190
         0,  889   0.000000000000   0.707106781187  -0.707106781187
                   0.577350269190   0.577350269190   0.577350269190
0,  889 9351.812853454658 5027.450215445917 3866.205564760505    1    7
         0,  888  -0.000000000000  -0.707106781187   0.707106781187
                   0.577350269190   0.577350269190   0.577350269190
0,  890 8671.656717201940 15700.013845586989 13926.195675231578    1    7
         0,  891  -0.000000000000  -0.707106781187   0.707106781187
                   0.577350269190   0.577350269190   0.577350269190
0,  891 8672.785871622445 15425.509489092932 14199.570877305130    2    0
         0,  890   0.000000000000   0.707106781187  -0.707106781187
                   0.577350269190   0.577350269190   0.577350269190
         0,  892  -0.000000000000  -0.707106781187   0.707106781187
                   0.577350269190   0.577350269190   0.577350269190
0,  892 8673.915026042951 15151.005132598875 14472.946079378682    2    0
         0,  891   0.000000000000   0.707106781187  -0.707106781187
                   0.577350269190   0.577350269190   0.577350269190
         0,  893  -0.000000000000  -0.707106781187   0.707106781187
                   0.577350269190   0.577350269190   0.577350269190
0,  893 8675.044180463456 14876.500776104820 14746.321281452232    2    0
         0,  892   0.000000000000   0.707106781187  -0.707106781187
                   0.577350269190   0.577350269190   0.577350269190
         0,  894  -0.000000000000  -0.707106781187   0.707106781187
                   0.577350269190   0.577350269190   0.577350269190
0,  894 8676.173334883961 14601.996419610763 15019.696483525784    1    7
         0,  893   0.000000000000   0.707106781187  -0.707106781187
                   0.577350269190   0.577350269190   0.577350269190
0,  895 4589.599919807220 18941.507372454256 3191.663406964404    1    7
         0,  896   0.707106781187   0.000000000000  -0.707106781187
                   0.577350269190  -0.577350269190   0.577350269190
0,  896 4148.688416959943 18753.156975778547 3444.224513135971    2    0
         0,  895  -0.707106781187  -0.000000000000   0.707106781187
                   0.577350269190  -0.577350269190   0.577350269190
         0,  897   0.707106781187   0.000000000000  -0.707106781187
                   0.577350269190  -0.577350269190   0.577350269190
0,  897 3707.776914112666 18564.806579102835 3696.785619307539    2    0
         0,  896  -0.707106781187  -0.000000000000   0.707106781187
                   0.577350269190  -0.577350269190   0.577350269190
         0,  898   0.707106781187   0.000000000000  -0.707106781187
                   0.577350269190  -0.577350269190   0.577350269190
0,  898 3266.865411265388 18376.456182427126 3949.346725479106    2    0
         0,  897  -0.707106781187  -0.000000000000   0.707106781187
                   0.577350269190  -0.577350269190   0.577350269190
         0,  899   0.707106781187   0.000000000000  -0.707106781187
                   0.577350269190  -0.577350269190   0.577350269190
0,  899 2825.953908418110 18188.105785751417 4201.907831650674    1    7
         0,  898  -0.707106781187  -0.000000000000   0.707106781187
                   0.577350269190  -0.577350269190   0.577350269190
0,  900 12912.758381299736 9257.911673990442 14051.311448813303    1    7
         0,  901  -0.707106781187  -0.000000000000  -0.707106781187
                  -0.577350269190   0.577350269190   0.577350269190
0,  901 12891.833719713295 8841.220507374841 14447.077953842463    2    0
         0,  900   0.707106781187   0.000000000000   0.707106781187
                  -0.577350269190   0.577350269190   0.577350269190
         0,  902  -0.707106781187  -0.000000000000  -0.707106781187
                  -0.577350269190   0.577350269190   0.577350269190
0,  902 12870.909058126856 8424.529340759240 14842.844458871625    2    0
         0,  901   0.707106781187   0.000000000000   0.707106781187
                  -0.577350269190   0.577350269190   0.577350269190
         0,  903  -0.707106781187  -0.000000000000  -0.707106781187
                  -0.577350269190   0.577350269190   0.577350269190
0,  903 12849.984396540414 8007.838174143639 15238.610963900785    2    0
         0,  902   0.707106781187   0.000000000000   0.707106781187
                  -0.577350269190   0.577350269190   0.577350269190
         0,  904  -0.707106781187  -0.000000000000  -0.707106781187
                  -0.577350269190   0.577350269190   0.577350269190
0,  904 12829.059734953975 7591.147007528038 15634.377468929946    1    7
         0,  903   0.707106781187   0.000000000000   0.707106781187
                  -0.577350269190   0.577350269190   0.577350269190
0,  905 10300.580017023676 14303.152469349494 17160.606390984045    1    7
         0,  906  -0.707106781187   0.707106781187  -0.000000000000
                   0.577350269190   0.577350269190   0.577350269190
0,  906 10172.421505893921 14593.937031039446 16997.980340423848    2    0
         0,  905   0.707106781187  -0.707106781187   0.000000000000
                   0.577350269190   0.577350269190   0.577350269190
         0,  907  -0.707106781187   0.707106781187  -0.000000000000
                   0.577350269190   0.577350269190   0.577350269190
0,  907 10044.262994764165 14884.721592729400 16835.354289863652    2    0
         0,  906   0.707106781187  -0.707106781187   0.000000000000
                   0.577350269190   0.577350269190   0.577350269190
         0,  908  -0.707106781187   0.707106781187  -0.000000000000
                   0.577350269190   0.577350269190   0.577350269190
0,  908 9916.104483634408 15175.506154419352 16672.728239303455    2    0
         0,  907   0.707106781187  -0.707106781187   0.000000000000
                   0.577350269190   0.577350269190   0.577350269190
         0,  909  -0.707106781187   0.707106781187  -0.000000000000
                   0.577350269190   0.577350269190   0.577350269190
0,  909 9787.945972504653 15466.290716109304 16510.102188743258    1    7
         0,  908   0.707106781187  -0.707106781187   0.000000000000
                   0.577350269190   0.577350269190   0.577350269190
0,  910 5644.317916319967 5577.475931508865 6117.654708669754    1    7
         0,  911  -0.707106781187  -0.707106781187  -0.000000000000
                   0.577350269190  -0.577350269190   0.577350269190
0,  911 5745.901224898672 5394.470558742760 5833.066027324944    2    0
         0,  910   0.707106781187   0.707106781187   0.000000000000
                   0.577350269190  -0.577350269190   0.577350269190
         0,  912  -0.707106781187  -0.707106781187  -0.000000000000
                   0.577350269190  -0.577350269190   0.577350269190
0,  912 5847.484533477377 5211.465185976655 5548.477345980134    2    0
         0,  911   0.707106781187   0.707106781187   0.000000000000
                   0.577350269190  -0.577350269190   0.577350269190
         0,  913  -0.707106781187  -0.707106781187  -0.000000000000
                   0.577350269190  -0.577350269190   0.577350269190
0,  913 5949.067842056082 5028.459813210550 5263.888664635325    2    0
         0,  912   0.707106781187   0.707106781187   0.000000000000
                   0.577350269190  -0.577350269190   0.577350269190
         0,  914  -0.707106781187  -0.707106781187  -0.000000000000
                   0.577350269190  -0.577350269190   0.577350269190
0,  914 6050.651150634786 4845.454440444446 4979.299983290515    1    7
         0,  913   0.707106781187   0.707106781187   0.000000000000
                   0.577350269190  -0.577350269190   0.577350269190
0,  915 18447.389024666016 10610.859261534892 13381.177772452611    1    7
         0,  916   0.707106781187   0.000000000000  -0.707106781187
                   0.577350269190  -0.577350269190   0.577350269190
0,  916 18810.345941649739 10593.381630533950 13000.743224467944    2    0
         0,  915  -0.707106781187  -0.000000000000   0.707106781187
                   0.577350269190  -0.577350269190   0.577350269190
         0,  917   0.707106781187   0.000000000000  -0.707106781187
                   0.577350269190  -0.577350269190   0.577350269190
0,  917 19173.302858633462 10575.903999533008 12620.308676483279    2    0
         0,  916  -0.707106781187  -0.000000000000   0.707106781187
                   0.577350269190  -0.577350269190   0.577350269190
         0,  918   0.707106781187   0.000000000000  -0.707106781187
                   0.577350269190  -0.577350269190   0.577350269190
0,  918 19536.259775617189 10558.426368532064 12239.874128498612    2    0
         0,  917  -0.707106781187  -0.000000000000   0.707106781187
                   0.577350269190  -0.577350269190   0.577350269190
         0,  919   0.707106781187   0.000000000000  -0.707106781187
                   0.577350269190  -0.577350269190   0.577350269190
0,  919 19899.216692600912 10540.948737531122 11859.439580513947    1    7
         0,  918  -0.707106781187  -0.000000000000   0.707106781187
                   0.577350269190  -0.577350269190   0.577350269190
0,  920 9774.262226893641 16302.332465316827 7547.002071039915    1    7
         0,  921   0.707106781187  -0.707106781187   0.000000000000
                   0.577350269190   0.577350269190   0.577350269190
0,  921 10171.120912277516 16428.798731466497 7023.677119506371    2    0
         0,  920  -0.707106781187   0.707106781187  -0.000000000000
                   0.577350269190   0.577350269190   0.577350269190
         0,  922   0.707106781187  -0.707106781187   0.000000000000
                   0.577350269190   0.577350269190   0.577350269190
0,  922 10567.979597661393 16555.264997616163 6500.352167972827    2    0
         0,  921  -0.707106781187   0.707106781187  -0.000000000000
                   0.577350269190   0.577350269190   0.577350269190
         0,  923   0.707106781187  -0.707106781187   0.000000000000
                   0.577350269190   0.577350269190   0.577350269190
0,  923 10964.838283045268 16681.731263765832 5977.027216439284    2    0
         0,  922  -0.707106781187   0.707106781187  -0.000000000000
                   0.577350269190   0.577350269190   0.577350269190
         0,  924   0.707106781187  -0.707106781187   0.000000000000
                   0.577350269190   0.577350269190   0.577350269190
0,  924 11361.696968429143 16808.197529915498 5453.702264905740    1    7
         0,  923  -0.707106781187   0.707106781187  -0.000000000000
                   0.577350269190   0.577350269190   0.577350269190
0,  925 19807.176268611202 18213.713802182101 16439.022936607624    1    7
         0,  926  -0.707106781187  -0.000000000000  -0.707106781187
                   0.577350269190   0.577350269190  -0.577350269190
0,  926 19353.729343149073 18163.662452567754 15935.524661531150    2    0
         0,  925   0.707106781187   0.000000000000   0.707106781187
                   0.577350269190   0.577350269190  -0.577350269190
         0,  927  -0.707106781187  -0.000000000000  -0.707106781187
                   0.577350269190   0.577350269190  -0.577350269190
0,  927 18900.282417686944 18113.611102953408 15432.026386454676    2    0
         0,  926   0.707106781187   0.000000000000   0.707106781187
                   0.577350269190   0.577350269190  -0.577350269190
         0,  928  -0.707106781187  -0.000000000000  -0.707106781187
                   0.577350269190   0.577350269190  -0.577350269190
0,  928 18446.835492224818 18063.559753339065 14928.528111378202    2    0
         0,  927   0.707106781187   0.000000000000   0.707106781187
                   0.577350269190   0.577350269190  -0.577350269190
         0,  929  -0.707106781187  -0.000000000000  -0.707106781187
                   0.577350269190   0.577350269190  -0.577350269190
0,  929 17993.388566762689 18013.508403724718 14425.029836301728    1    7
         0,  928   0.707106781187   0.000000000000   0.707106781187
                   0.577350269190   0.577350269190  -0.577350269190
0,  930 10125.862421422422 11326.492023798524 9276.998726753220    1    7
         0,  931  -0.707106781187  -0.707106781187  -0.000000000000
                  -0.577350269190   0.577350269190   0.577350269190
0,  931 10520.426620582413 11288.981334834134 9709.073614877601    2    0
         0,  930   0.707106781187   0.707106781187   0.000000000000
                  -0.577350269190   0.577350269190   0.577350269190
         0,  932  -0.707106781187  -0.707106781187  -0.000000000000
                  -0.577350269190   0.577350269190   0.577350269190
0,  932 10914.990819742405 11251.470645869744 10141.148503001981    2    0
         0,  931   0.707106781187   0.707106781187   0.000000000000
                  -0.577350269190   0.577350269190   0.577350269190
         0,  933  -0.707106781187  -0.707106781187  -0.000000000000
                  -0.577350269190   0.577350269190   0.577350269190
0,  933 11309.555018902394 11213.959956905353 10573.223391126363    2    0
         0,  932   0.707106781187   0.707106781187   0.000000000000
                  -0.577350269190   0.577350269190   0.577350269190
         0,  934  -0.707106781187  -0.707106781187  -0.000000000000
                  -0.577350269190   0.577350269190   0.577350269190
0,  934 11704.119218062386 11176.449267940963 11005.298279250745    1    7
         0,  933   0.707106781187   0.707106781187   0.000000000000
                  -0.577350269190   0.577350269190   0.577350269190
0,  935 14237.174745966928 6039.489256252600 6343.442461786596    1    7
         0,  936  -0.000000000000  -0.707106781187  -0.707106781187
                   0.577350269190  -0.577350269190   0.577350269190
0,  936 14506.298761917782 6532.893976063344 6567.723165646485    2    0
         0,  935   0.000000000000   0.707106781187   0.707106781187
                   0.577350269190  -0.577350269190   0.577350269190
         0,  937  -0.000000000000  -0.707106781187  -0.707106781187
                   0.577350269190  -0.577350269190   0.577350269190
0,  937 14775.422777868638 7026.298695874087 6792.003869506372    2    0
         0,  936   0.000000000000   0.707106781187   0.707106781187
                   0.577350269190  -0.577350269190   0.577350269190
         0,  938  -0.000000000000  -0.707106781187  -0.707106781187
                   0.577350269190  -0.577350269190   0.577350269190
0,  938 15044.546793819492 7519.703415684830 7016.284573366261    2    0
         0,  937   0.000000000000   0.707106781187   0.707106781187
                   0.577350269190  -0.577350269190   0.577350269190
         0,  939  -0.000000000000  -0.707106781187  -0.707106781187
                   0.577350269190  -0.577350269190   0.577350269190
0,  939 15313.670809770349 8013.108135495573 7240.565277226149    1    7
         0,  938   0.000000000000   0.707106781187   0.707106781187
                   0.577350269190  -0.577350269190   0.577350269190
0,  940 17341.576974235057 8293.663209967734 4515.962880738558    1    7
         0,  941   0.000000000000   0.707106781187  -0.707106781187
                   0.577350269190   0.577350269190   0.577350269190
0,  941 16901.976339916742 8667.770291336717 4581.456433687888    2    0
         0,  940  -0.000000000000  -0.707106781187   0.707106781187
                   0.577350269190   0.577350269190   0.577350269190
         0,  942   0.000000000000   0.707106781187  -0.707106781187
                   0.577350269190   0.577350269190   0.577350269190
0,  942 16462.375705598428 9041.877372705701 4646.949986637216    2    0
         0,  941  -0.000000000000  -0.707106781187   0.707106781187
                   0.577350269190   0.577350269190   0.577350269190
         0,  943   0.000000000000   0.707106781187  -0.707106781187
                   0.577350269190   0.577350269190   0.577350269190
0,  943 16022.775071280115 9415.984454074687 4712.443539586546    2    0
         0,  942  -0.000000000000  -0.707106781187   0.707106781187
                   0.577350269190   0.577350269190   0.577350269190
         0,  944   0.000000000000   0.707106781187  -0.707106781187
                   0.577350269190   0.577350269190   0.577350269190
0,  944 15583.174436961803 9790.091535443671 4777.937092535875    1    7
         0,  943  -0.000000000000  -0.707106781187   0.707106781187
                   0.577350269190   0.577350269190   0.577350269190
0,  945 1637.859201698319 5760.013883035954 3442.026661677085    1    7
         0,  946   0.707106781187  -0.707106781187   0.000000000000
                   0.577350269190   0.577350269190  -0.577350269190
0,  946 1328.044841758716 6228.327744267335 3600.526162968864    2    0
         0,  945  -0.707106781187   0.707106781187  -0.000000000000
                   0.577350269190   0.577350269190  -0.577350269190
         0,  947   0.707106781187  -0.707106781187   0.000000000000
                   0.577350269190   0.577350269190  -0.577350269190
0,  947 1018.230481819113 6696.641605498717 3759.025664260643    2    0
         0,  946  -0.707106781187   0.707106781187  -0.000000000000
                   0.577350269190   0.577350269190  -0.577350269190
         0,  948   0.707106781187  -0.707106781187   0.000000000000
                   0.577350269190   0.577350269190  -0.577350269190
0,  948 708.416121879510 7164.955466730098 3917.525165552421    2    0
         0,  947  -0.707106781187   0.707106781187  -0.000000000000
                   0.577350269190   0.577350269190  -0.577350269190
         0,  949   0.707106781187  -0.707106781187   0.000000000000
                   0.577350269190   0.577350269190  -0.577350269190
0,  949 398.601761939907 7633.269327961480 4076.024666844200    1    7
         0,  948  -0.707106781187   0.707106781187  -0.000000000000
                   0.577350269190   0.577350269190  -0.577350269190
0,  950 1967.554987624144 2951.958127030161 10955.953217836288    1    7
         0,  951  -0.707106781187  -0.000000000000  -0.707106781187
                  -0.577350269190   0.577350269190   0.577350269190
0,  951 1790.184657277370 2462.879102568229 11267.661911951445    2    0
         0,  950   0.707106781187   0.000000000000   0.707106781187
                  -0.577350269190   0.577350269190   0.577350269190
         0,  952  -0.707106781187  -0.000000000000  -0.707106781187
                  -0.577350269190   0.577350269190   0.577350269190
0,  952 1612.814326930597 1973.800078106297 11579.370606066605    2    0
         0,  951   0.707106781187   0.000000000000   0.707106781187
                  -0.577350269190   0.577350269190   0.577350269190
         0,  953  -0.707106781187  -0.000000000000  -0.707106781187
                  -0.577350269190   0.577350269190   0.577350269190
0,  953 1435.443996583823 1484.721053644366 11891.079300181762    2    0
         0,  952   0.707106781187   0.000000000000   0.707106781187
                  -0.577350269190   0.577350269190   0.577350269190
         0,  954  -0.707106781187  -0.000000000000  -0.707106781187
                  -0.577350269190   0.577350269190   0.577350269190
0,  954 1258.073666237049 995.642029182434 12202.787994296919    1    7
         0,  953   0.707106781187   0.000000000000   0.707106781187
                  -0.577350269190   0.577350269190   0.577350269190
0,  955 3270.260463954909 12765.507337948949 9854.341522618530    1    7
         0,  956  -0.707106781187  -0.000000000000  -0.707106781187
                   0.577350269190   0.577350269190  -0.577350269190
0,  956 3225.909329859869 12393.487542206974 9437.970592781514    2    0
         0,  955   0.707106781187   0.000000000000   0.707106781187
                   0.577350269190   0.577350269190  -0.577350269190
         0,  957  -0.707106781187  -0.000000000000  -0.707106781187
                   0.577350269190   0.577350269190  -0.577350269190
0,  957 3181.558195764829 12021.467746464998 9021.599662944498    2    0
         0,  956   0.707106781187   0.000000000000   0.707106781187
                   0.577350269190   0.577350269190  -0.577350269190
         0,  958  -0.707106781187  -0.000000000000  -0.707106781187
                   0.577350269190   0.577350269190  -0.577350269190
0,  958 3137.207061669789 11649.447950723023 8605.228733107482    2    0
         0,  957   0.707106781187   0.000000000000   0.707106781187
                   0.577350269190   0.577350269190  -0.577350269190
         0,  959  -0.707106781187  -0.000000000000  -0.707106781187
                   0.577350269190   0.577350269190  -0.577350269190
0,  959 3092.855927574749 11277.428154981046 8188.857803270467    1    7
         0,  958   0.707106781187   0.000000000000   0.707106781187
                   0.577350269190   0.577350269190  -0.577350269190
0,  960 15451.398791779551 18090.915879592223 860.428821264407    1    7
         0,  961   0.707106781187  -0.707106781187   0.000000000000
                   0.577350269190   0.577350269190  -0.577350269190
0,  961 15659.471800816480 17721.260116929174 698.846067638287    2    0
         0,  960  -0.707106781187   0.707106781187  -0.000000000000
                   0.577350269190   0.577350269190  -0.577350269190
         0,  962   0.707106781187  -0.707106781187   0.000000000000
                   0.577350269190   0.577350269190  -0.577350269190
0,  962 15867.544809853411 17351.604354266125 537.263314012168    2    0
         0,  961  -0.707106781187   0.707106781187  -0.000000000000
                   0.577350269190   0.577350269190  -0.577350269190
         0,  963   0.707106781187  -0.707106781187   0.000000000000
                   0.577350269190   0.577350269190  -0.577350269190
0,  963 16075.617818890340 16981.948591603075 375.680560386049    2    0
         0,  962  -0.707106781187   0.707106781187  -0.000000000000
                   0.577350269190   0.577350269190  -0.577350269190
         0,  964   0.707106781187  -0.707106781187   0.000000000000
                   0.577350269190   0.577350269190  -0.577350269190
0,  964 16283.690827927270 16612.292828940030 214.097806759930    1    7
         0,  963  -0.707106781187   0.707106781187  -0.000000000000
                   0.577350269190   0.577350269190  -0.577350269190
0,  965 10468.057580969384 4549.753253219950 4692.537262431337    1    7
         0,  966  -0.000000000000  -0.707106781187  -0.707106781187
                   0.577350269190   0.577350269190  -0.577350269190
0,  966 10725.544972544552 4097.699758381540 4497.971159168094    2    0
         0,  965   0.000000000000   0.707106781187   0.707106781187
                   0.577350269190   0.577350269190  -0.577350269190
         0,  967  -0.000000000000  -0.707106781187  -0.707106781187
                   0.577350269190   0.577350269190  -0.577350269190
0,  967 10983.032364119721 3645.646263543129 4303.405055904853    2    0
         0,  966   0.000000000000   0.707106781187   0.707106781187
                   0.577350269190   0.577350269190  -0.577350269190
         0,  968  -0.000000000000  -0.707106781187  -0.707106781187
                   0.577350269190   0.577350269190  -0.577350269190
0,  968 11240.519755694888 3193.592768704719 4108.838952641610    2    0
         0,  967   0.000000000000   0.707106781187   0.707106781187
                   0.577350269190   0.577350269190  -0.577350269190
         0,  969  -0.000000000000  -0.707106781187  -0.707106781187
                   0.577350269190   0.577350269190  -0.577350269190
0,  969 11498.007147270057 2741.539273866309 3914.272849378369    1    7
         0,  968   0.000000000000   0.707106781187   0.707106781187
                   0.577350269190   0.577350269190  -0.577350269190
0,  970 12277.195193077168 18130.088113591570 10760.545414443746    1    7
         0,  971  -0.707106781187  -0.707106781187  -0.000000000000
                  -0.577350269190   0.577350269190   0.577350269190
0,  971 12127.090109276514 18394.852133742294 10345.676310492367    2    0
         0,  970   0.707106781187   0.707106781187   0.000000000000
                  -0.577350269190   0.577350269190   0.577350269190
         0,  972  -0.707106781187  -0.707106781187  -0.000000000000
                  -0.577350269190   0.577350269190   0.577350269190
0,  972 11976.985025475860 18659.616153893021 9930.807206540987    2    0
         0,  971   0.707106781187   0.707106781187   0.000000000000
                  -0.577350269190   0.577350269190   0.577350269190
         0,  973  -0.707106781187  -0.707106781187  -0.000000000000
                  -0.577350269190   0.577350269190   0.577350269190
0,  973 11826.879941675206 18924.380174043745 9515.938102589607    2    0
         0,  972   0.707106781187   0.707106781187   0.000000000000
                  -0.577350269190   0.577350269190   0.577350269190
         0,  974  -0.707106781187  -0.707106781187  -0.000000000000
                  -0.577350269190   0.577350269190   0.577350269190
0,  974 11676.774857874552 19189.144194194472 9101.068998638228    1    7
         0,  973   0.707106781187   0.707106781187   0.000000000000
                  -0.577350269190   0.577350269190   0.577350269190
0,  975 6608.972308073607 4436.932778342017 830.371869079683    1    7
         0,  976  -0.707106781187  -0.000000000000  -0.707106781187
                   0.577350269190   0.577350269190  -0.577350269190
0,  976 7035.230227557784 4514.256232610387 1333.953242832231    2    0
         0,  975   0.707106781187   0.000000000000   0.707106781187
                   0.577350269190   0.577350269190  -0.577350269190
         0,  977  -0.707106781187  -0.000000000000  -0.707106781187
                   0.577350269190   0.577350269190  -0.577350269190
0,  977 7461.488147041961 4591.579686878757 1837.534616584779    2    0
         0,  976   0.707106781187   0.000000000000   0.707106781187
                   0.577350269190   0.577350269190  -0.577350269190
         0,  978  -0.707106781187  -0.000000000000  -0.707106781187
                   0.577350269190   0.577350269190  -0.577350269190
0,  978 7887.746066526139 4668.903141147128 2341.115990337326    2    0
         0,  977   0.707106781187   0.000000000000   0.707106781187
                   0.577350269190   0.577350269190  -0.577350269190
         0,  979  -0.707106781187  -0.000000000000  -0.707106781187
                   0.577350269190   0.577350269190  -0.577350269190
0,  979 8314.003986010317 4746.226595415498 2844.697364089874    1    7
         0,  978   0.707106781187   0.000000000000   0.707106781187
                   0.577350269190   0.577350269190  -0.577350269190
0,  980 2025.041420829849 10142.677250509079 12497.445204207635    1    7
         0,  981   0.707106781187   0.000000000000   0.707106781187
                  -0.577350269190   0.577350269190   0.577350269190
0,  981 1603.569297068583 9552.546685357571 12666.103645597877    2    0
         0,  980  -0.707106781187  -0.000000000000  -0.707106781187
                  -0.577350269190   0.577350269190   0.577350269190
         0,  982   0.707106781187   0.000000000000   0.707106781187
                  -0.577350269190   0.577350269190   0.577350269190
0,  982 1182.097173307316 8962.416120206062 12834.762086988118    2    0
         0,  981  -0.707106781187  -0.000000000000  -0.707106781187
                  -0.577350269190   0.577350269190   0.577350269190
         0,  983   0.707106781187   0.000000000000   0.707106781187
                  -0.577350269190   0.577350269190   0.577350269190
0,  983 760.625049546049 8372.285555054556 13003.420528378359    2    0
         0,  982  -0.707106781187  -0.000000000000  -0.707106781187
                  -0.577350269190   0.577350269190   0.577350269190
         0,  984   0.707106781187   0.000000000000   0.707106781187
                  -0.577350269190   0.577350269190   0.577350269190
0,  984 339.152925784782 7782.154989903047 13172.078969768601    1    7
         0,  983  -0.707106781187  -0.000000000000  -0.707106781187
                  -0.577350269190   0.577350269190   0.577350269190
0,  985 15854.267610390294 13245.328577493279 2916.499408276279    1    7
         0,  986  -0.707106781187  -0.000000000000  -0.707106781187
                  -0.577350269190   0.577350269190   0.577350269190
0,  986 15984.193101362564 13612.739148100096 2679.014328641731    2    0
         0,  985   0.707106781187   0.000000000000   0.707106781187
                  -0.577350269190   0.577350269190   0.577350269190
         0,  987  -0.707106781187  -0.000000000000  -0.707106781187
                  -0.577350269190   0.577350269190   0.577350269190
0,  987 16114.118592334831 13980.149718706913 2441.529249007184    2    0
         0,  986   0.707106781187   0.000000000000   0.707106781187
                  -0.577350269190   0.577350269190   0.577350269190
         0,  988  -0.707106781187  -0.000000000000  -0.707106781187
                  -0.577350269190   0.577350269190   0.577350269190
0,  988 16244.044083307101 14347.560289313729 2204.044169372636    2    0
         0,  987   0.707106781187   0.000000000000   0.707106781187
                  -0.577350269190   0.577350269190   0.577350269190
         0,  989  -0.707106781187  -0.000000000000  -0.707106781187
                  -0.577350269190   0.577350269190   0.577350269190
0,  989 16373.969574279370 14714.970859920544 1966.559089738089    1    7
         0,  988   0.707106781187   0.000000000000   0.707106781187
                  -0.577350269190   0.577350269190   0.577350269190
0,  990 6126.043849533708 813.352822880399 4969.629123731056    1    7
         0,  991   0.707106781187   0.000000000000   0.707106781187
                   0.577350269190   0.577350269190  -0.577350269190
0,  991 5730.051968536321 1054.831031136803 4815.115450990072    2    0
         0,  990  -0.707106781187  -0.000000000000  -0.707106781187
                   0.577350269190   0.577350269190  -0.577350269190
         0,  992   0.707106781187   0.000000000000   0.707106781187
                   0.577350269190   0.577350269190  -0.577350269190
0,  992 5334.060087538932 1296.309239393207 4660.601778249088    2    0
         0,  991  -0.707106781187  -0.000000000000  -0.707106781187
                   0.577350269190   0.577350269190  -0.577350269190
         0,  993   0.707106781187   0.000000000000   0.707106781187
                   0.577350269190   0.577350269190  -0.577350269190
0,  993 4938.068206541544 1537.787447649611 4506.088105508104    2    0
         0,  992  -0.707106781187  -0.000000000000  -0.707106781187
                   0.577350269190   0.577350269190  -0.577350269190
         0,  994   0.707106781187   0.000000000000   0.707106781187
                   0.577350269190   0.577350269190  -0.577350269190
0,  994 4542.076325544155 1779.265655906015 4351.574432767119    1    7
         0,  993  -0.707106781187  -0.000000000000  -0.707106781187
                   0.577350269190   0.577350269190  -0.577350269190
0,  995 3428.755669838342 16783.793578962832 18635.157104085902    1    7
         0,  996   0.000000000000   0.707106781187   0.707106781187
                   0.577350269190   0.577350269190  -0.577350269190
0,  996 3596.831892676836 16457.362907195700 18476.802655157262    2    0
         0,  995  -0.000000000000  -0.707106781187  -0.707106781187
                   0.577350269190   0.577350269190  -0.577350269190
         0,  997   0.000000000000   0.707106781187   0.707106781187
                   0.577350269190   0.577350269190  -0.577350269190
0,  997 3764.908115515329 16130.932235428567 18318.448206228626    2    0
         0,  996  -0.000000000000  -0.707106781187  -0.707106781187
                   0.577350269190   0.577350269190  -0.577350269190
         0,  998   0.000000000000   0.707106781187   0.707106781187
                   0.577350269190   0.577350269190  -0.577350269190
0,  998 3932.984338353823 15804.501563661435 18160.093757299986    2    0
         0,  997  -0.000000000000  -0.707106781187  -0.707106781187
                   0.577350269190   0.577350269190  -0.577350269190
         0,  999   0.000000000000   0.707106781187   0.707106781187
                   0.577350269190   0.577350269190  -0.577350269190
0,  999 4101.060561192317 15478.070891894304 18001.739308371347    1    7
         0,  998  -0.000000000000  -0.707106781187  -0.707106781187
                   0.577350269190   0.577350269190  -0.577350269190
0, 1000 335.311277099215 17663.037061474919 16933.906957039715    1    7
         0, 1001   0.707106781187   0.000000000000   0.707106781187
                   0.577350269190   0.577350269190  -0.577350269190
0, 1001 662.036753741470 17909.129901467109 17506.725273674161    2    0
         0, 1000  -0.707106781187  -0.000000000000  -0.707106781187
                   0.577350269190   0.577350269190  -0.577350269190
         0, 1002   0.707106781187   0.000000000000   0.707106781187
                   0.577350269190   0.577350269190  -0.577350269190
0, 1002 988.762230383726 18155.222741459300 18079.543590308607    2    0
         0, 1001  -0.707106781187  -0.000000000000  -0.707106781187
                   0.577350269190   0.577350269190  -0.577350269190
         0, 1003   0.707106781187   0.000000000000   0.707106781187
                   0.577350269190   0.577350269190  -0.577350269190
0, 1003 1315.487707025982 18401.315581451487 18652.361906943050    2    0
         0, 1002  -0.707106781187  -0.000000000000  -0.707106781187
                   0.577350269190   0.577350269190  -0.577350269190
         0, 1004   0.707106781187   0.000000000000   0.707106781187
                   0.577350269190   0.577350269190  -0.577350269190
0, 1004 1642.213183668238 18647.408421443677 19225.180223577496    1    7
         0, 1003  -0.707106781187  -0.000000000000  -0.707106781187
                   0.577350269190   0.577350269190  -0.577350269190
0, 1005 19538.548756191602 17452.768732195738 18439.557820365670    1    7
         0, 1006  -0.000000000000  -0.707106781187   0.707106781187
                   0.577350269190   0.577350269190   0.577350269190
0, 1006 19063.779846211637 17656.443825173796 18710.651637367577    2    0
         0, 1005   0.000000000000   0.707106781187  -0.707106781187
                   0.577350269190   0.577350269190   0.577350269190
         0, 1007  -0.000000000000  -0.707106781187   0.707106781187
                   0.577350269190   0.577350269190   0.577350269190
0, 1007 18589.010936231673 17860.118918151853 18981.745454369484    2    0
         0, 1006   0.000000000000   0.707106781187  -0.707106781187
                   0.577350269190   0.577350269190   0.577350269190
         0, 1008  -0.000000000000  -0.707106781187   0.707106781187
                   0.577350269190   0.577350269190   0.577350269190
0, 1008 18114.242026251712 18063.794011129910 19252.839271371387    2    0
         0, 1007   0.000000000000   0.707106781187  -0.707106781187
                   0.577350269190   0.577350269190   0.577350269190
         0, 1009  -0.000000000000  -0.707106781187   0.707106781187
                   0.577350269190   0.577350269190   0.577350269190
0, 1009 17639.473116271747 18267.469104107968 19523.933088373295    1    7
         0, 1008   0.000000000000   0.707106781187  -0.707106781187
                   0.577350269190   0.577350269190   0.577350269190
0, 1010 15292.123628984242 11721.983590158387 11667.087302175132    1    7
         0, 1011   0.707106781187   0.000000000000   0.707106781187
                  -0.577350269190   0.577350269190   0.577350269190
0, 1011 15813.404816177348 11967.933900635748 11942.418178890877    2    0
         0, 1010  -0.707106781187  -0.000000000000  -0.707106781187
                  -0.577350269190   0.577350269190   0.577350269190
         0, 1012   0.707106781187   0.000000000000   0.707106781187
                  -0.577350269190   0.577350269190   0.577350269190
0, 1012 16334.686003370454 12213.884211113111 12217.749055606622    2    0
         0, 1011  -0.707106781187  -0.000000000000  -0.707106781187
                  -0.577350269190   0.577350269190   0.577350269190
         0, 1013   0.707106781187   0.000000000000   0.707106781187
                  -0.577350269190   0.577350269190   0.577350269190
0, 1013 16855.967190563562 12459.834521590472 12493.079932322367    2    0
         0, 1012  -0.707106781187  -0.000000000000  -0.707106781187
                  -0.577350269190   0.577350269190   0.577350269190
         0, 1014   0.707106781187   0.000000000000   0.707106781187
                  -0.577350269190   0.577350269190   0.577350269190
0, 1014 17377.248377756667 12705.784832067835 12768.410809038111    1    7
         0, 1013  -0.707106781187  -0.000000000000  -0.707106781187
                  -0.577350269190   0.577350269190   0.577350269190
0, 1015 2972.724282290511 15285.658192546307 1436.492493975552    1    7
         0, 1016   0.000000000000   0.707106781187  -0.707106781187
                   0.577350269190   0.577350269190   0.577350269190
0, 1016 3153.749130290234 14871.756618972810 1669.369219549327    2    0
         0, 1015  -0.000000000000  -0.707106781187   0.707106781187
                   0.577350269190   0.577350269190   0.577350269190
         0, 1017   0.000000000000   0.707106781187  -0.707106781187
                   0.577350269190   0.577350269190   0.577350269190
0, 1017 3334.773978289955 14457.855045399312 1902.245945123103    2    0
         0, 1016  -0.000000000000  -0.707106781187   0.707106781187
                   0.577350269190   0.577350269190   0.577350269190
         0, 1018   0.000000000000   0.707106781187  -0.707106781187
                   0.577350269190   0.577350269190   0.577350269190
0, 1018 3515.798826289677 14043.953471825815 2135.122670696878    2    0
         0, 1017  -0.000000000000  -0.707106781187   0.707106781187
                   0.577350269190   0.577350269190   0.577350269190
         0, 1019   0.000000000000   0.707106781187  -0.707106781187
                   0.577350269190   0.577350269190   0.577350269190
0, 1019 3696.823674289400 13630.051898252319 2367.999396270653    1    7
         0, 1018  -0.000000000000  -0.707106781187   0.707106781187
                   0.577350269190   0.577350269190   0.577350269190
0, 1020 8505.190299537637 10123.374211496141 7545.041601855712    1    7
         0, 1021   0.707106781187   0.707106781187   0.000000000000
                   0.577350269190  -0.577350269190   0.577350269190
0, 1021 9024.871597875512 10179.365060341272 7081.351152362968    2    0
         0, 1020  -0.707106781187  -0.707106781187  -0.000000000000
                   0.577350269190  -0.577350269190   0.577350269190
         0, 1022   0.707106781187   0.707106781187   0.000000000000
                   0.577350269190  -0.577350269190   0.577350269190
0, 1022 9544.552896213385 10235.355909186403 6617.660702870225    2    0
         0, 1021  -0.707106781187  -0.707106781187  -0.000000000000
                   0.577350269190  -0.577350269190   0.577350269190
         0, 1023   0.707106781187   0.707106781187   0.000000000000
                   0.577350269190  -0.577350269190   0.577350269190
0, 1023 10064.234194551260 10291.346758031534 6153.970253377481    2    0
         0, 1022  -0.707106781187  -0.707106781187  -0.000000000000
                   0.577350269190  -0.577350269190   0.577350269190
         0, 1024   0.707106781187   0.707106781187   0.000000000000
                   0.577350269190  -0.577350269190   0.577350269190
0, 1024 10583.915492889133 10347.337606876663 5690.279803884738    1    7
         0, 1023  -0.707106781187  -0.707106781187  -0.000000000000
                   0.577350269190  -0.577350269190   0.577350269190
0, 1025 8030.820866269684 3219.482257909689 4260.305196966459    1    7
         0, 1026   0.707106781187   0.000000000000   0.707106781187
                   0.577350269190   0.577350269190  -0.577350269190
0, 1026 7784.623999037844 3635.234456557092 4429.860528382022    2    0
         0, 1025  -0.707106781187  -0.000000000000  -0.707106781187
                   0.577350269190   0.577350269190  -0.577350269190
         0, 1027   0.707106781187   0.000000000000   0.707106781187
                   0.577350269190   0.577350269190  -0.577350269190
0, 1027 7538.427131806005 4050.986655204495 4599.415859797586    2    0
         0, 1026  -0.707106781187  -0.000000000000  -0.707106781187
                   0.577350269190   0.577350269190  -0.577350269190
         0, 1028   0.707106781187   0.000000000000   0.707106781187
                   0.577350269190   0.577350269190  -0.577350269190
0, 1028 7292.230264574165 4466.738853851898 4768.971191213149    2    0
         0, 1027  -0.707106781187  -0.000000000000  -0.707106781187
                   0.577350269190   0.577350269190  -0.577350269190
         0, 1029   0.707106781187   0.000000000000   0.707106781187
                   0.577350269190   0.577350269190  -0.577350269190
0, 1029 7046.033397342325 4882.491052499301 4938.526522628712    1    7
         0, 1028  -0.707106781187  -0.000000000000  -0.707106781187
                   0.577350269190   0.577350269190  -0.577350269190
0, 1030 14290.776826456808 3952.508644628858 17415.153641679030    1    7
         0, 1031   0.000000000000   0.707106781187  -0.707106781187
                  -0.577350269190   0.577350269190   0.577350269190
0, 1031 14444.396629013596 4381.853255742360 17139.428833122318    2    0
         0, 1030  -0.000000000000  -0.707106781187   0.707106781187
                  -0.577350269190   0.577350269190   0.577350269190
         0, 1032   0.000000000000   0.707106781187  -0.707106781187
                  -0.577350269190   0.577350269190   0.577350269190
0, 1032 14598.016431570384 4811.197866855861 16863.704024565603    2    0
         0, 1031  -0.000000000000  -0.707106781187   0.707106781187
                  -0.577350269190   0.577350269190   0.577350269190
         0, 1033   0.000000000000   0.707106781187  -0.707106781187
                  -0.577350269190   0.577350269190   0.577350269190
0, 1033 14751.636234127174 5240.542477969362 16587.979216008891    2    0
         0, 1032  -0.000000000000  -0.707106781187   0.707106781187
                  -0.577350269190   0.577350269190   0.577350269190
         0, 1034   0.000000000000   0.707106781187  -0.707106781187
                  -0.577350269190   0.577350269190   0.577350269190
0, 1034 14905.256036683963 5669.887089082864 16312.254407452179    1    7
         0, 1033  -0.000000000000  -0.707106781187   0.707106781187
                  -0.577350269190   0.577350269190   0.577350269190
0, 1035 6162.364970644939 12505.578465554834 18718.522832144838    1    7
         0, 1036  -0.707106781187  -0.707106781187  -0.000000000000
                  -0.577350269190   0.577350269190   0.577350269190
0, 1036 5730.821157266496 12451.378313407095 18341.179170914133    2    0
         0, 1035   0.707106781187   0.707106781187   0.000000000000
                  -0.577350269190   0.577350269190   0.577350269190
         0, 1037  -0.707106781187  -0.707106781187  -0.000000000000
                  -0.577350269190   0.577350269190   0.577350269190
0, 1037 5299.277343888052 12397.178161259355 17963.835509683431    2    0
         0, 1036   0.707106781187   0.707106781187   0.000000000000
                  -0.577350269190   0.577350269190   0.577350269190
         0, 1038  -0.707106781187  -0.707106781187  -0.000000000000
                  -0.577350269190   0.577350269190   0.577350269190
0, 1038 4867.733530509609 12342.978009111615 17586.491848452726    2    0
         0, 1037   0.707106781187   0.707106781187   0.000000000000
                  -0.577350269190   0.577350269190   0.577350269190
         0, 1039  -0.707106781187  -0.707106781187  -0.000000000000
                  -0.577350269190   0.577350269190   0.577350269190
0, 1039 4436.189717131167 12288.777856963876 17209.148187222021    1    7
         0, 1038   0.707106781187   0.707106781187   0.000000000000
                  -0.577350269190   0.577350269190   0.577350269190
0, 1040 18042.090410275712 3293.195629286070 1643.468390594019    1    7
         0, 1041  -0.000000000000  -0.707106781187  -0.707106781187
                   0.577350269190   0.577350269190  -0.577350269190
0, 1041 18493.686027329364 3213.982922149798 2015.851300511398    2    0
         0, 1040   0.000000000000   0.707106781187   0.707106781187
                   0.577350269190   0.577350269190  -0.577350269190
         0, 1042  -0.000000000000  -0.707106781187  -0.707106781187
                   0.577350269190   0.577350269190  -0.577350269190
0, 1042 18945.281644383016 3134.770215013525 2388.234210428776    2    0
         0, 1041   0.000000000000   0.707106781187   0.707106781187
                   0.577350269190   0.577350269190  -0.577350269190
         0, 1043  -0.000000000000  -0.707106781187  -0.707106781187
                   0.577350269190   0.577350269190  -0.577350269190
0, 1043 19396.877261436668 3055.557507877252 2760.617120346154    2    0
         0, 1042   0.000000000000   0.707106781187   0.707106781187
                   0.577350269190   0.577350269190  -0.577350269190
         0, 1044  -0.000000000000  -0.707106781187  -0.707106781187
                   0.577350269190   0.577350269190  -0.577350269190
0, 1044 19848.472878490316 2976.344800740979 3133.000030263534    1    7
         0, 1043   0.000000000000   0.707106781187   0.707106781187
                   0.577350269190   0.577350269190  -0.577350269190
0, 1045 1329.150861649631 9513.543738933142 15470.691401075657    1    7
         0, 1046  -0.707106781187  -0.707106781187  -0.000000000000
                   0.577350269190  -0.577350269190   0.577350269190
0, 1046 1685.182435652805 9529.715321828997 15130.831409968339    2    0
         0, 1045   0.707106781187   0.707106781187   0.000000000000
                   0.577350269190  -0.577350269190   0.577350269190
         0, 1047  -0.707106781187  -0.707106781187  -0.000000000000
                   0.577350269190  -0.577350269190   0.577350269190
0, 1047 2041.214009655978 9545.886904724854 14790.971418861021    2    0
         0, 1046   0.707106781187   0.707106781187   0.000000000000
                   0.577350269190  -0.577350269190   0.577350269190
         0, 1048  -0.707106781187  -0.707106781187  -0.000000000000
                   0.577350269190  -0.577350269190   0.577350269190
0, 1048 2397.245583659152 9562.058487620709 14451.111427753704    2    0
         0, 1047   0.707106781187   0.707106781187   0.000000000000
                   0.577350269190  -0.577350269190   0.577350269190
         0, 1049  -0.707106781187  -0.707106781187  -0.000000000000
                   0.577350269190  -0.577350269190   0.577350269190
0, 1049 2753.277157662325 9578.230070516565 14111.251436646386    1    7
         0, 1048   0.707106781187   0.707106781187   0.000000000000
                   0.577350269190  -0.577350269190   0.577350269190
0, 1050 15518.345906180843 11263.513719915096 16925.691543520250    1    7
         0, 1051  -0.707106781187  -0.000000000000   0.707106781187
                   0.577350269190   0.577350269190   0.577350269190
0, 1051 15950.996611721581 10836.208748980614 16920.345808913993    2    0
         0, 1050   0.707106781187   0.000000000000  -0.707106781187
                   0.577350269190   0.577350269190   0.577350269190
         0, 1052  -0.707106781187  -0.000000000000   0.707106781187
                   0.577350269190   0.577350269190   0.577350269190
0, 1052 16383.647317262319 10408.903778046133 16915.000074307736    2    0
         0, 1051   0.707106781187   0.000000000000  -0.707106781187
                   0.577350269190   0.577350269190   0.577350269190
         0, 1053  -0.707106781187  -0.000000000000   0.707106781187
                   0.577350269190   0.577350269190   0.577350269190
0, 1053 16816.298022803057 9981.598807111654 16909.654339701479    2    0
         0, 1052   0.707106781187   0.000000000000  -0.707106781187
                   0.577350269190   0.577350269190   0.577350269190
         0, 1054  -0.707106781187  -0.000000000000   0.707106781187
                   0.577350269190   0.577350269190   0.577350269190
0, 1054 17248.948728343796 9554.293836177172 16904.308605095222    1    7
         0, 1053   0.707106781187   0.000000000000  -0.707106781187
                   0.577350269190   0.577350269190   0.577350269190
0, 1055 9077.166211886555 2751.894176697508 2733.346332470412    1    7
         0, 1056   0.707106781187   0.000000000000   0.707106781187
                   0.577350269190   0.577350269190  -0.577350269190
0, 1056 9459.083844511455 2914.740969523280 3278.110757921082    2    0
         0, 1055  -0.707106781187  -0.000000000000  -0.707106781187
                   0.577350269190   0.577350269190  -0.577350269190
         0, 1057   0.707106781187   0.000000000000   0.707106781187
                   0.577350269190   0.577350269190  -0.577350269190
0, 1057 9841.001477136355 3077.587762349051 3822.875183371753    2    0
         0, 1056  -0.707106781187  -0.000000000000  -0.707106781187
                   0.577350269190   0.577350269190  -0.577350269190
         0, 1058   0.707106781187   0.000000000000   0.707106781187
                   0.577350269190   0.577350269190  -0.577350269190
0, 1058 10222.919109761253 3240.434555174822 4367.639608822424    2    0
         0, 1057  -0.707106781187  -0.000000000000  -0.707106781187
                   0.577350269190   0.577350269190  -0.577350269190
         0, 1059   0.707106781187   0.000000000000   0.707106781187
                   0.577350269190   0.577350269190  -0.577350269190
0, 1059 10604.836742386153 3403.281348000593 4912.404034273095    1    7
         0, 1058  -0.707106781187  -0.000000000000  -0.707106781187
                   0.577350269190   0.577350269190  -0.577350269190
0, 1060 5303.776095712177 2740.765883594881 8371.616759962171    1    7
         0, 1061   0.707106781187   0.000000000000   0.707106781187
                  -0.577350269190   0.577350269190   0.577350269190
0, 1061 5697.293713071110 2859.184558123068 8646.715702792917    2    0
         0, 1060  -0.707106781187  -0.000000000000  -0.707106781187
                  -0.577350269190   0.577350269190   0.577350269190
         0, 1062   0.707106781187   0.000000000000   0.707106781187
                  -0.577350269190   0.577350269190   0.577350269190
0, 1062 6090.811330430041 2977.603232651255 8921.814645623661    2    0
         0, 1061  -0.707106781187  -0.000000000000  -0.707106781187
                  -0.577350269190   0.577350269190   0.577350269190
         0, 1063   0.707106781187   0.000000000000   0.707106781187
                  -0.577350269190   0.577350269190   0.577350269190
0, 1063 6484.328947788974 3096.021907179442 9196.913588454407    2    0
         0, 1062  -0.707106781187  -0.000000000000  -0.707106781187
                  -0.577350269190   0.577350269190   0.577350269190
         0, 1064   0.707106781187   0.000000000000   0.707106781187
                  -0.577350269190   0.577350269190   0.577350269190
0, 1064 6877.846565147906 3214.440581707629 9472.012531285152    1    7
         0, 1063  -0.707106781187  -0.000000000000  -0.707106781187
                  -0.577350269190   0.577350269190   0.577350269190
0, 1065 5531.091374777045 587.931587801393 11087.909581364438    1    7
         0, 1066  -0.000000000000  -0.707106781187  -0.707106781187
                   0.577350269190   0.577350269190  -0.577350269190
0, 1066 5606.274700267122 1021.044599786009 11596.205918839132    2    0
         0, 1065   0.000000000000   0.707106781187   0.707106781187
                   0.577350269190   0.577350269190  -0.577350269190
         0, 1067  -0.000000000000  -0.707106781187  -0.707106781187
                   0.577350269190   0.577350269190  -0.577350269190
0, 1067 5681.458025757199 1454.157611770626 12104.502256313826    2    0
         0, 1066   0.000000000000   0.707106781187   0.707106781187
                   0.577350269190   0.577350269190  -0.577350269190
         0, 1068  -0.000000000000  -0.707106781187  -0.707106781187
                   0.577350269190   0.577350269190  -0.577350269190
0, 1068 5756.641351247276 1887.270623755242 12612.798593788519    2    0
         0, 1067   0.000000000000   0.707106781187   0.707106781187
                   0.577350269190   0.577350269190  -0.577350269190
         0, 1069  -0.000000000000  -0.707106781187  -0.707106781187
                   0.577350269190   0.577350269190  -0.577350269190
0, 1069 5831.824676737354 2320.383635739859 13121.094931263213    1    7
         0, 1068   0.000000000000   0.707106781187   0.707106781187
                   0.577350269190   0.577350269190  -0.577350269190
0, 1070 3187.341365125497 274.817493480136 4672.701816368752    1    7
         0, 1071  -0.000000000000  -0.707106781187  -0.707106781187
                   0.577350269190  -0.577350269190   0.577350269190
0, 1071 2905.383430951365 308.137155431507 4987.979412494254    2    0
         0, 1070   0.000000000000   0.707106781187   0.707106781187
                   0.577350269190  -0.577350269190   0.577350269190
         0, 1072  -0.000000000000  -0.707106781187  -0.707106781187
                   0.577350269190  -0.577350269190   0.577350269190
0, 1072 2623.425496777234 341.456817382878 5303.257008619757    2    0
         0, 1071   0.000000000000   0.707106781187   0.707106781187
                   0.577350269190  -0.577350269190   0.577350269190
         0, 1073  -0.000000000000  -0.707106781187  -0.707106781187
                   0.577350269190  -0.577350269190   0.577350269190
0, 1073 2341.467562603103 374.776479334249 5618.534604745259    2    0
         0, 1072   0.000000000000   0.707106781187   0.707106781187
                   0.577350269190  -0.577350269190   0.577350269190
         0, 1074  -0.000000000000  -0.707106781187  -0.707106781187
                   0.577350269190  -0.577350269190   0.577350269190
0, 1074 2059.509628428971 408.096141285620 5933.812200870761    1    7
         0, 1073   0.000000000000   0.707106781187   0.707106781187
                   0.577350269190  -0.577350269190   0.577350269190
0, 1075 16661.402437317916 8068.656855638814 11254.018242431021    1    7
         0, 1076   0.707106781187   0.707106781187   0.000000000000
                  -0.577350269190   0.577350269190   0.577350269190
0, 1076 16147.074490229657 7875.156090873993 10933.191060107583    2    0
         0, 1075  -0.707106781187  -0.707106781187  -0.000000000000
                  -0.577350269190   0.577350269190   0.577350269190
         0, 1077   0.707106781187   0.707106781187   0.000000000000
                  -0.577350269190   0.577350269190   0.577350269190
0, 1077 15632.746543141400 7681.655326109172 10612.363877784144    2    0
         0, 1076  -0.707106781187  -0.707106781187  -0.000000000000
                  -0.577350269190   0.577350269190   0.577350269190
         0, 1078   0.707106781187   0.707106781187   0.000000000000
                  -0.577350269190   0.577350269190   0.577350269190
0, 1078 15118.418596053141 7488.154561344352 10291.536695460707    2    0
         0, 1077  -0.707106781187  -0.707106781187  -0.000000000000
                  -0.577350269190   0.577350269190   0.577350269190
         0, 1079   0.707106781187   0.707106781187   0.000000000000
                  -0.577350269190   0.577350269190   0.577350269190
0, 1079 14604.090648964882 7294.653796579531 9970.709513137270    1    7
         0, 1078  -0.707106781187  -0.707106781187  -0.000000000000
                  -0.577350269190   0.577350269190   0.577350269190
0, 1080 10449.833104593055 6414.684935928601 9188.483060617775    1    7
         0, 1081   0.000000000000   0.707106781187  -0.707106781187
                   0.577350269190   0.577350269190   0.577350269190
0, 1081 10395.287489484470 6784.168218018650 8873.545393636312    2    0
         0, 1080  -0.000000000000  -0.707106781187   0.707106781187
                   0.577350269190   0.577350269190   0.577350269190
         0, 1082   0.000000000000   0.707106781187  -0.707106781187
                   0.577350269190   0.577350269190   0.577350269190
0, 1082 10340.741874375883 7153.651500108699 8558.607726654849    2    0
         0, 1081  -0.000000000000  -0.707106781187   0.707106781187
                   0.577350269190   0.577350269190   0.577350269190
         0, 1083   0.000000000000   0.707106781187  -0.707106781187
                   0.577350269190   0.577350269190   0.577350269190
0, 1083 10286.196259267297 7523.134782198748 8243.670059673386    2    0
         0, 1082  -0.000000000000  -0.707106781187   0.707106781187
                   0.577350269190   0.577350269190   0.577350269190
         0, 1084   0.000000000000   0.707106781187  -0.707106781187
                   0.577350269190   0.577350269190   0.577350269190
0, 1084 10231.650644158712 7892.618064288798 7928.732392691923    1    7
         0, 1083  -0.000000000000  -0.707106781187   0.707106781187
                   0.577350269190   0.577350269190   0.577350269190
0, 1085 18518.459025029908 417.125524555782 11523.181873014239    1    7
         0, 1086  -0.707106781187  -0.000000000000   0.707106781187
                   0.577350269190  -0.577350269190   0.577350269190
0, 1086 18625.982179594328 754.363279839325 11752.896473733361    2    0
         0, 1085   0.707106781187   0.000000000000  -0.707106781187
                   0.577350269190  -0.577350269190   0.577350269190
         0, 1087  -0.707106781187  -0.000000000000   0.707106781187
                   0.577350269190  -0.577350269190   0.577350269190
0, 1087 18733.505334158752 1091.601035122869 11982.611074452483    2    0
         0, 1086   0.707106781187   0.000000000000  -0.707106781187
                   0.577350269190  -0.577350269190   0.577350269190
         0, 1088  -0.707106781187  -0.000000000000   0.707106781187
                   0.577350269190  -0.577350269190   0.577350269190
0, 1088 18841.028488723172 1428.838790406412 12212.325675171604    2    0
         0, 1087   0.707106781187   0.000000000000  -0.707106781187
                   0.577350269190  -0.577350269190   0.577350269190
         0, 1089  -0.707106781187  -0.000000000000   0.707106781187
                   0.577350269190  -0.577350269190   0.577350269190
0, 1089 18948.551643287596 1766.076545689956 12442.040275890726    1    7
         0, 1088   0.707106781187   0.000000000000  -0.707106781187
                   0.577350269190  -0.577350269190   0.577350269190
0, 1090 15358.916012927270 13389.275439996904 18750.132835213517    1    7
         0, 1091   0.707106781187   0.000000000000   0.707106781187
                   0.577350269190   0.577350269190  -0.577350269190
0, 1091 15503.494113123210 12919.132401333316 18424.567896745870    2    0
         0, 1090  -0.707106781187  -0.000000000000  -0.707106781187
                   0.577350269190   0.577350269190  -0.577350269190
         0, 1092   0.707106781187   0.000000000000   0.707106781187
                   0.577350269190   0.577350269190  -0.577350269190
0, 1092 15648.072213319152 12448.989362669730 18099.002958278226    2    0
         0, 1091  -0.707106781187  -0.000000000000  -0.707106781187
                   0.577350269190   0.577350269190  -0.577350269190
         0, 1093   0.707106781187   0.000000000000   0.707106781187
                   0.577350269190   0.577350269190  -0.577350269190
0, 1093 15792.650313515092 11978.846324006143 17773.438019810579    2    0
         0, 1092  -0.707106781187  -0.000000000000  -0.707106781187
                   0.577350269190   0.577350269190  -0.577350269190
         0, 1094   0.707106781187   0.000000000000   0.707106781187
                   0.577350269190   0.577350269190  -0.577350269190
0, 1094 15937.228413711035 11508.703285342555 17447.873081342936    1    7
         0, 1093  -0.707106781187  -0.000000000000  -0.707106781187
                   0.577350269190   0.577350269190  -0.577350269190
0, 1095 11486.989625980592 3444.921030332363 7877.701723968408    1    7
         0, 1096   0.707106781187   0.000000000000   0.707106781187
                   0.577350269190   0.577350269190  -0.577350269190
0, 1096 11209.238221845624 3298.930462049048 7453.959751550126    2    0
         0, 1095  -0.707106781187  -0.000000000000  -0.707106781187
                   0.577350269190   0.577350269190  -0.577350269190
         0, 1097   0.707106781187   0.000000000000   0.707106781187
                   0.577350269190   0.577350269190  -0.577350269190
0, 1097 10931.486817710656 3152.939893765734 7030.217779131845    2    0
         0, 1096  -0.707106781187  -0.000000000000  -0.707106781187
                   0.577350269190   0.577350269190  -0.577350269190
         0, 1098   0.707106781187   0.000000000000   0.707106781187
                   0.577350269190   0.577350269190  -0.577350269190
0, 1098 10653.735413575689 3006.949325482420 6606.475806713563    2    0
         0, 1097  -0.707106781187  -0.000000000000  -0.707106781187
                   0.577350269190   0.577350269190  -0.577350269190
         0, 1099   0.707106781187   0.000000000000   0.707106781187
                   0.577350269190   0.577350269190  -0.577350269190
0, 1099 10375.984009440721 2860.958757199105 6182.733834295281    1    7
         0, 1098  -0.707106781187  -0.000000000000  -0.707106781187
                   0.577350269190   0.577350269190  -0.577350269190
0, 1100 8129.332018880136 16721.903821614564 5895.348237986887    1    7
         0, 1101   0.707106781187   0.000000000000   0.707106781187
                  -0.577350269190   0.577350269190   0.577350269190
0, 1101 8658.147407253226 16780.905371528897 6365.162076445642    2    0
         0, 1100  -0.707106781187  -0.000000000000  -0.707106781187
                  -0.577350269190   0.577350269190   0.577350269190
         0, 1102   0.707106781187   0.000000000000   0.707106781187
                  -0.577350269190   0.577350269190   0.577350269190
0, 1102 9186.962795626314 16839.906921443231 6834.975914904397    2    0
         0, 1101  -0.707106781187  -0.000000000000  -0.707106781187
                  -0.577350269190   0.577350269190   0.577350269190
         0, 1103   0.707106781187   0.000000000000   0.707106781187
                  -0.577350269190   0.577350269190   0.577350269190
0, 1103 9715.778183999402 16898.908471357565 7304.789753363152    2    0
         0, 1102  -0.707106781187  -0.000000000000  -0.707106781187
                  -0.577350269190   0.577350269190   0.577350269190
         0, 1104   0.707106781187   0.000000000000   0.707106781187
                  -0.577350269190   0.577350269190   0.577350269190
0, 1104 10244.593572372491 16957.910021271899 7774.603591821907    1    7
         0, 1103  -0.707106781187  -0.000000000000  -0.707106781187
                  -0.577350269190   0.577350269190   0.577350269190
0, 1105 9005.708966027172 2603.479632049396 970.803008824539    1    7
         0, 1106   0.707106781187   0.000000000000   0.707106781187
                   0.577350269190   0.577350269190  -0.577350269190
0, 1106 9284.713141725282 2652.101163767602 1298.428716240855    2    0
         0, 1105  -0.707106781187  -0.000000000000  -0.707106781187
                   0.577350269190   0.577350269190  -0.577350269190
         0, 1107   0.707106781187   0.000000000000   0.707106781187
                   0.577350269190   0.577350269190  -0.577350269190
0, 1107 9563.717317423392 2700.722695485807 1626.054423657170    2    0
         0, 1106  -0.707106781187  -0.000000000000  -0.707106781187
                   0.577350269190   0.577350269190  -0.577350269190
         0, 1108   0.707106781187   0.000000000000   0.707106781187
                   0.577350269190   0.577350269190  -0.577350269190
0, 1108 9842.721493121502 2749.344227204013 1953.680131073486    2    0
         0, 1107  -0.707106781187  -0.000000000000  -0.707106781187
                   0.577350269190   0.577350269190  -0.577350269190
         0, 1109   0.707106781187   0.000000000000   0.707106781187
                   0.577350269190   0.577350269190  -0.577350269190
0, 1109 10121.725668819612 2797.965758922219 2281.305838489802    1    7
         0, 1108  -0.707106781187  -0.000000000000  -0.707106781187
                   0.577350269190   0.577350269190  -0.577350269190
0, 1110 9387.943561027807 1728.152020257436 7455.191997241733    1    7
         0, 1111  -0.707106781187   0.707106781187  -0.000000000000
                   0.577350269190   0.577350269190  -0.577350269190
0, 1111 9751.896237203737 1984.951275594937 8075.943928755163    2    0
         0, 1110   0.707106781187  -0.707106781187   0.000000000000
                   0.577350269190   0.577350269190  -0.577350269190
         0, 1112  -0.707106781187   0.707106781187  -0.000000000000
                   0.577350269190   0.577350269190  -0.577350269190
0, 1112 10115.848913379667 2241.750530932438 8696.695860268594    2    0
         0, 1111   0.707106781187  -0.707106781187   0.000000000000
                   0.577350269190   0.577350269190  -0.577350269190
         0, 1113  -0.707106781187   0.707106781187  -0.000000000000
                   0.577350269190   0.577350269190  -0.577350269190
0, 1113 10479.801589555596 2498.549786269939 9317.447791782024    2    0
         0, 1112   0.707106781187  -0.707106781187   0.000000000000
                   0.577350269190   0.577350269190  -0.577350269190
         0, 1114  -0.707106781187   0.707106781187  -0.000000000000
                   0.577350269190   0.577350269190  -0.577350269190
0, 1114 10843.754265731526 2755.349041607439 9938.199723295456    1    7
         0, 1113   0.707106781187  -0.707106781187   0.000000000000
                   0.577350269190   0.577350269190  -0.577350269190
0, 1115 17741.643128775428 6516.707857745236 10147.006628102585    1    7
         0, 1116  -0.707106781187   0.707106781187  -0.000000000000
                   0.577350269190   0.577350269190   0.577350269190
0, 1116 18194.479875402409 6071.730613744668 10139.147125476171    2    0
         0, 1115   0.707106781187  -0.707106781187   0.000000000000
                   0.577350269190   0.577350269190   0.577350269190
         0, 1117  -0.707106781187   0.707106781187  -0.000000000000
                   0.577350269190   0.577350269190   0.577350269190
0, 1117 18647.316622029393 5626.753369744099 10131.287622849755    2    0
         0, 1116   0.707106781187  -0.707106781187   0.000000000000
                   0.577350269190   0.577350269190   0.577350269190
         0, 1118  -0.707106781187   0.707106781187  -0.000000000000
                   0.577350269190   0.577350269190   0.577350269190
0, 1118 19100.153368656374 5181.776125743532 10123.428120223341    2    0
         0, 1117   0.707106781187  -0.707106781187   0.000000000000
                   0.577350269190   0.577350269190   0.577350269190
         0, 1119  -0.707106781187   0.707106781187  -0.000000000000
                   0.577350269190   0.577350269190   0.577350269190
0, 1119 19552.990115283355 4736.798881742964 10115.568617596928    1    7
         0, 1118   0.707106781187  -0.707106781187   0.000000000000
                   0.577350269190   0.577350269190   0.577350269190
0, 1120 5231.803669633602 16393.269823729432 7656.199045717150    1    7
         0, 1121  -0.707106781187  -0.707106781187  -0.000000000000
                  -0.577350269190   0.577350269190   0.577350269190
0, 1121 5572.062857317781 16622.659926235687 7767.068130895073    2    0
         0, 1120   0.707106781187   0.707106781187   0.000000000000
                  -0.577350269190   0.577350269190   0.577350269190
         0, 1122  -0.707106781187  -0.707106781187  -0.000000000000
                  -0.577350269190   0.577350269190   0.577350269190
0, 1122 5912.322045001959 16852.050028741942 7877.937216072997    2    0
         0, 1121   0.707106781187   0.707106781187   0.000000000000
                  -0.577350269190   0.577350269190   0.577350269190
         0, 1123  -0.707106781187  -0.707106781187  -0.000000000000
                  -0.577350269190   0.577350269190   0.577350269190
0, 1123 6252.581232686138 17081.440131248197 7988.806301250921    2    0
         0, 1122   0.707106781187   0.707106781187   0.000000000000
                  -0.577350269190   0.577350269190   0.577350269190
         0, 1124  -0.707106781187  -0.707106781187  -0.000000000000
                  -0.577350269190   0.577350269190   0.577350269190
0, 1124 6592.840420370317 17310.830233754452 8099.675386428844    1    7
         0, 1123   0.707106781187   0.707106781187   0.000000000000
                  -0.577350269190   0.577350269190   0.577350269190
0, 1125 3494.592128858811 6227.992452796356 2166.897559241441    1    7
         0, 1126   0.707106781187   0.000000000000  -0.707106781187
                   0.577350269190  -0.577350269190   0.577350269190
0, 1126 3829.812965231665 6165.091296157780 1768.775566230011    2    0
         0, 1125  -0.707106781187  -0.000000000000   0.707106781187
                   0.577350269190  -0.577350269190   0.577350269190
         0, 1127   0.707106781187   0.000000000000  -0.707106781187
                   0.577350269190  -0.577350269190   0.577350269190
0, 1127 4165.033801604519 6102.190139519204 1370.653573218581    2    0
         0, 1126  -0.707106781187  -0.000000000000   0.707106781187
                   0.577350269190  -0.577350269190   0.577350269190
         0, 1128   0.707106781187   0.000000000000  -0.707106781187
                   0.577350269190  -0.577350269190   0.577350269190
0, 1128 4500.254637977373 6039.288982880627 972.531580207151    2    0
         0, 1127  -0.707106781187  -0.000000000000   0.707106781187
                   0.577350269190  -0.577350269190   0.577350269190
         0, 1129   0.707106781187   0.000000000000  -0.707106781187
                   0.577350269190  -0.577350269190   0.577350269190
0, 1129 4835.475474350227 5976.387826242051 574.409587195721    1    7
         0, 1128  -0.707106781187  -0.000000000000   0.707106781187
                   0.577350269190  -0.577350269190   0.577350269190
0, 1130 5588.782295436466 6622.288318805842 8204.750704212316    1    7
         0, 1131   0.707106781187   0.707106781187   0.000000000000
                  -0.577350269190   0.577350269190   0.577350269190
0, 1131 5487.593870072019 6981.645217244533 7744.205380409177    2    0
         0, 1130  -0.707106781187  -0.707106781187  -0.000000000000
                  -0.577350269190   0.577350269190   0.577350269190
         0, 1132   0.707106781187   0.707106781187   0.000000000000
                  -0.577350269190   0.577350269190   0.577350269190
0, 1132 5386.405444707572 7341.002115683224 7283.660056606039    2    0
         0, 1131  -0.707106781187  -0.707106781187  -0.000000000000
                  -0.577350269190   0.577350269190   0.577350269190
         0, 1133   0.707106781187   0.707106781187   0.000000000000
                  -0.577350269190   0.577350269190   0.577350269190
0, 1133 5285.217019343125 7700.359014121916 6823.114732802900    2    0
         0, 1132  -0.707106781187  -0.707106781187  -0.000000000000
                  -0.577350269190   0.577350269190   0.577350269190
         0, 1134   0.707106781187   0.707106781187   0.000000000000
                  -0.577350269190   0.577350269190   0.577350269190
0, 1134 5184.028593978677 8059.715912560607 6362.569408999761    1    7
         0, 1133  -0.707106781187  -0.707106781187  -0.000000000000
                  -0.577350269190   0.577350269190   0.577350269190
0, 1135 6552.475392074401 16654.537710937260 10059.963361610216    1    7
         0, 1136  -0.707106781187  -0.000000000000  -0.707106781187
                   0.577350269190   0.577350269190  -0.577350269190
0, 1136 7038.584385961361 16791.292342256042 10682.826986815959    2    0
         0, 1135   0.707106781187   0.000000000000   0.707106781187
                   0.577350269190   0.577350269190  -0.577350269190
         0, 1137  -0.707106781187  -0.000000000000  -0.707106781187
                   0.577350269190   0.577350269190  -0.577350269190
0, 1137 7524.693379848321 16928.046973574823 11305.690612021701    2    0
         0, 1136   0.707106781187   0.000000000000   0.707106781187
                   0.577350269190   0.577350269190  -0.577350269190
         0, 1138  -0.707106781187  -0.000000000000  -0.707106781187
                   0.577350269190   0.577350269190  -0.577350269190
0, 1138 8010.802373735282 17064.801604893604 11928.554237227443    2    0
         0, 1137   0.707106781187   0.000000000000   0.707106781187
                   0.577350269190   0.577350269190  -0.577350269190
         0, 1139  -0.707106781187  -0.000000000000  -0.707106781187
                   0.577350269190   0.577350269190  -0.577350269190
0, 1139 8496.911367622242 17201.556236212389 12551.417862433187    1    7
         0, 1138   0.707106781187   0.000000000000   0.707106781187
                   0.577350269190   0.577350269190  -0.577350269190
0, 1140 7437.831586739565 735.060667869412 8907.689322971377    1    7
         0, 1141  -0.707106781187  -0.000000000000   0.707106781187
                   0.577350269190  -0.577350269190   0.577350269190
0, 1141 7225.880645492904 1040.720734715932 9425.300331064558    2    0
         0, 1140   0.707106781187   0.000000000000  -0.707106781187
                   0.577350269190  -0.577350269190   0.577350269190
         0, 1142  -0.707106781187  -0.000000000000   0.707106781187
                   0.577350269190  -0.577350269190   0.577350269190
0, 1142 7013.929704246242 1346.380801562452 9942.911339157739    2    0
         0, 1141   0.707106781187   0.000000000000  -0.707106781187
                   0.577350269190  -0.577350269190   0.577350269190
         0, 1143  -0.707106781187  -0.000000000000   0.707106781187
                   0.577350269190  -0.577350269190   0.577350269190
0, 1143 6801.978762999581 1652.040868408973 10460.522347250921    2    0
         0, 1142   0.707106781187   0.000000000000  -0.707106781187
                   0.577350269190  -0.577350269190   0.577350269190
         0, 1144  -0.707106781187  -0.000000000000   0.707106781187
                   0.577350269190  -0.577350269190   0.577350269190
0, 1144 6590.027821752919 1957.700935255492 10978.133355344104    1    7
         0, 1143   0.707106781187   0.000000000000  -0.707106781187
                   0.577350269190  -0.577350269190   0.577350269190
0, 1145 14024.129445051574 4647.316476186691 16399.983025149228    1    7
         0, 1146   0.707106781187   0.000000000000   0.707106781187
                   0.577350269190   0.577350269190  -0.577350269190
0, 1146 14351.422538315999 4065.843288756635 16145.802930983597    2    0
         0, 1145  -0.707106781187  -0.000000000000  -0.707106781187
                   0.577350269190   0.577350269190  -0.577350269190
         0, 1147   0.707106781187   0.000000000000   0.707106781187
                   0.577350269190   0.577350269190  -0.577350269190
0, 1147 14678.715631580424 3484.370101326578 15891.622836817964    2    0
         0, 1146  -0.707106781187  -0.000000000000  -0.707106781187
                   0.577350269190   0.577350269190  -0.577350269190
         0, 1148   0.707106781187   0.000000000000   0.707106781187
                   0.577350269190   0.577350269190  -0.577350269190
0, 1148 15006.008724844849 2902.896913896521 15637.442742652333    2    0
         0, 1147  -0.707106781187  -0.000000000000  -0.707106781187
                   0.577350269190   0.577350269190  -0.577350269190
         0, 1149   0.707106781187   0.000000000000   0.707106781187
                   0.577350269190   0.577350269190  -0.577350269190
0, 1149 15333.301818109274 2321.423726466465 15383.262648486700    1    7
         0, 1148  -0.707106781187  -0.000000000000  -0.707106781187
                   0.577350269190   0.577350269190  -0.577350269190
0, 1150 14446.591022760753 14812.651081559790 18884.614149557576    1    7
         0, 1151   0.707106781187   0.707106781187   0.000000000000
                  -0.577350269190   0.577350269190   0.577350269190
0, 1151 14289.197611622483 14390.531597473990 19149.340222505107    2    0
         0, 1150  -0.707106781187  -0.707106781187  -0.000000000000
                  -0.577350269190   0.577350269190   0.577350269190
         0, 1152   0.707106781187   0.707106781187   0.000000000000
                  -0.577350269190   0.577350269190   0.577350269190
0, 1152 14131.804200484215 13968.412113388189 19414.066295452638    2    0
         0, 1151  -0.707106781187  -0.707106781187  -0.000000000000
                  -0.577350269190   0.577350269190   0.577350269190
         0, 1153   0.707106781187   0.707106781187   0.000000000000
                  -0.577350269190   0.577350269190   0.577350269190
0, 1153 13974.410789345946 13546.292629302390 19678.792368400169    2    0
         0, 1152  -0.707106781187  -0.707106781187  -0.000000000000
                  -0.577350269190   0.577350269190   0.577350269190
         0, 1154   0.707106781187   0.707106781187   0.000000000000
                  -0.577350269190   0.577350269190   0.577350269190
0, 1154 13817.017378207678 13124.173145216590 19943.518441347700    1    7
         0, 1153  -0.707106781187  -0.707106781187  -0.000000000000
                  -0.577350269190   0.577350269190   0.577350269190
0, 1155 11499.303968666201 10675.337232156086 3185.894304982312    1    7
         0, 1156  -0.707106781187   0.707106781187  -0.000000000000
                   0.577350269190   0.577350269190   0.577350269190
0, 1156 10940.763053366283 10690.569433792958 3729.203018645357    2    0
         0, 1155   0.707106781187  -0.707106781187   0.000000000000
                   0.577350269190   0.577350269190   0.577350269190
         0, 1157  -0.707106781187   0.707106781187  -0.000000000000
                   0.577350269190   0.577350269190   0.577350269190
0, 1157 10382.222138066365 10705.801635429831 4272.511732308402    2    0
         0, 1156   0.707106781187  -0.707106781187   0.000000000000
                   0.577350269190   0.577350269190   0.577350269190
         0, 1158  -0.707106781187   0.707106781187  -0.000000000000
                   0.577350269190   0.577350269190   0.577350269190
0, 1158 9823.681222766449 10721.033837066703 4815.820445971448    2    0
         0, 1157   0.707106781187  -0.707106781187   0.000000000000
                   0.577350269190   0.577350269190   0.577350269190
         0, 1159  -0.707106781187   0.707106781187  -0.000000000000
                   0.577350269190   0.577350269190   0.577350269190
0, 1159 9265.140307466530 10736.266038703576 5359.129159634493    1    7
         0, 1158   0.707106781187  -0.707106781187   0.000000000000
                   0.577350269190   0.577350269190   0.577350269190
0, 1160 16913.495701775966 6819.052780994652 986.629834777005    1    7
         0, 1161   0.707106781187  -0.707106781187   0.000000000000
                   0.577350269190   0.577350269190  -0.577350269190
0, 1161 17375.509892687918 6306.996895154428 936.588139848734    2    0
         0, 1160  -0.707106781187   0.707106781187  -0.000000000000
                   0.577350269190   0.577350269190  -0.577350269190
         0, 1162   0.707106781187  -0.707106781187   0.000000000000
                   0.577350269190   0.577350269190  -0.577350269190
0, 1162 17837.524083599870 5794.941009314205 886.546444920463    2    0
         0, 1161  -0.707106781187   0.707106781187  -0.000000000000
                   0.577350269190   0.577350269190  -0.577350269190
         0, 1163   0.707106781187  -0.707106781187   0.000000000000
                   0.577350269190   0.577350269190  -0.577350269190
0, 1163 18299.538274511822 5282.885123473981 836.504749992193    2    0
         0, 1162  -0.707106781187   0.707106781187  -0.000000000000
                   0.577350269190   0.577350269190  -0.577350269190
         0, 1164   0.707106781187  -0.707106781187   0.000000000000
                   0.577350269190   0.577350269190  -0.577350269190
0, 1164 18761.552465423774 4770.829237633758 786.463055063922    1    7
         0, 1163  -0.707106781187   0.707106781187  -0.000000000000
                   0.577350269190   0.577350269190  -0.577350269190
0, 1165 5128.179338609621 638.925488784925 6150.814161093276    1    7
         0, 1166  -0.000000000000  -0.707106781187  -0.707106781187
                   0.577350269190  -0.577350269190   0.577350269190
0, 1166 5467.661040385942 790.631087684319 5963.038058216349    2    0
         0, 1165   0.000000000000   0.707106781187   0.707106781187
                   0.577350269190  -0.577350269190   0.577350269190
         0, 1167  -0.000000000000  -0.707106781187  -0.707106781187
                   0.577350269190  -0.577350269190   0.577350269190
0, 1167 5807.142742162263 942.336686583713 5775.261955339422    2    0
         0, 1166   0.000000000000   0.707106781187   0.707106781187
                   0.577350269190  -0.577350269190   0.577350269190
         0, 1168  -0.000000000000  -0.707106781187  -0.707106781187
                   0.577350269190  -0.577350269190   0.577350269190
0, 1168 6146.624443938585 1094.042285483107 5587.485852462493    2    0
         0, 1167   0.000000000000   0.707106781187   0.707106781187
                   0.577350269190  -0.577350269190   0.577350269190
         0, 1169  -0.000000000000  -0.707106781187  -0.707106781187
                   0.577350269190  -0.577350269190   0.577350269190
0, 1169 6486.106145714906 1245.747884382500 5399.709749585566    1    7
         0, 1168   0.000000000000   0.707106781187   0.707106781187
                   0.577350269190  -0.577350269190   0.577350269190
0, 1170 8574.291410346554 6478.050171308276 6455.365575402105    1    7
         0, 1171   0.707106781187   0.000000000000  -0.707106781187
                   0.577350269190   0.577350269190   0.577350269190
0, 1171 8232.735043429619 6720.916438581002 6554.055675046314    2    0
         0, 1170  -0.707106781187  -0.000000000000   0.707106781187
                   0.577350269190   0.577350269190   0.577350269190
         0, 1172   0.707106781187   0.000000000000  -0.707106781187
                   0.577350269190   0.577350269190   0.577350269190
0, 1172 7891.178676512684 6963.782705853727 6652.745774690524    2    0
         0, 1171  -0.707106781187  -0.000000000000   0.707106781187
                   0.577350269190   0.577350269190   0.577350269190
         0, 1173   0.707106781187   0.000000000000  -0.707106781187
                   0.577350269190   0.577350269190   0.577350269190
0, 1173 7549.622309595748 7206.648973126453 6751.435874334733    2    0
         0, 1172  -0.707106781187  -0.000000000000   0.707106781187
                   0.577350269190   0.577350269190   0.577350269190
         0, 1174   0.707106781187   0.000000000000  -0.707106781187
                   0.577350269190   0.577350269190   0.577350269190
0, 1174 7208.065942678814 7449.515240399178 6850.125973978942    1    7
         0, 1173  -0.707106781187  -0.000000000000   0.707106781187
                   0.577350269190   0.577350269190   0.577350269190
0, 1175 3737.266393173475 13746.783146537797 19575.858707288757    1    7
         0, 1176   0.707106781187   0.707106781187   0.000000000000
                   0.577350269190  -0.577350269190   0.577350269190
0, 1176 4134.632747311964 14224.871282131127 19656.580488743599    2    0
         0, 1175  -0.707106781187  -0.707106781187  -0.000000000000
                   0.577350269190  -0.577350269190   0.577350269190
         0, 1177   0.707106781187   0.707106781187   0.000000000000
                   0.577350269190  -0.577350269190   0.577350269190
0, 1177 4531.999101450451 14702.959417724460 19737.302270198445    2    0
         0, 1176  -0.707106781187  -0.707106781187  -0.000000000000
                   0.577350269190  -0.577350269190   0.577350269190
         0, 1178   0.707106781187   0.707106781187   0.000000000000
                   0.577350269190  -0.577350269190   0.577350269190
0, 1178 4929.365455588939 15181.047553317791 19818.024051653287    2    0
         0, 1177  -0.707106781187  -0.707106781187  -0.000000000000
                   0.577350269190  -0.577350269190   0.577350269190
         0, 1179   0.707106781187   0.707106781187   0.000000000000
                   0.577350269190  -0.577350269190   0.577350269190
0, 1179 5326.731809727427 15659.135688911123 19898.745833108129    1    7
         0, 1178  -0.707106781187  -0.707106781187  -0.000000000000
                   0.577350269190  -0.577350269190   0.577350269190
0, 1180 11552.203799960080 6356.642204696055 14052.908628564433    1    7
         0, 1181   0.707106781187   0.000000000000  -0.707106781187
                   0.577350269190   0.577350269190   0.577350269190
0, 1181 11086.027810639051 6342.146231770143 14533.580590811374    2    0
         0, 1180  -0.707106781187  -0.000000000000   0.707106781187
                   0.577350269190   0.577350269190   0.577350269190
         0, 1182   0.707106781187   0.000000000000  -0.707106781187
                   0.577350269190   0.577350269190   0.577350269190
0, 1182 10619.851821318023 6327.650258844230 15014.252553058315    2    0
         0, 1181  -0.707106781187  -0.000000000000   0.707106781187
                   0.577350269190   0.577350269190   0.577350269190
         0, 1183   0.707106781187   0.000000000000  -0.707106781187
                   0.577350269190   0.577350269190   0.577350269190
0, 1183 10153.675831996994 6313.154285918317 15494.924515305256    2    0
         0, 1182  -0.707106781187  -0.000000000000   0.707106781187
                   0.577350269190   0.577350269190   0.577350269190
         0, 1184   0.707106781187   0.000000000000  -0.707106781187
                   0.577350269190   0.577350269190   0.577350269190
0, 1184 9687.499842675967 6298.658312992405 15975.596477552197    1    7
         0, 1183  -0.707106781187  -0.000000000000   0.707106781187
                   0.577350269190   0.577350269190   0.577350269190
0, 1185 18166.668530981860 8798.288307028197 14147.598384384035    1    7
         0, 1186  -0.707106781187  -0.707106781187  -0.000000000000
                   0.577350269190  -0.577350269190   0.577350269190
0, 1186 17724.905380976794 8764.514882143127 14555.588109504031    2    0
         0, 1185   0.707106781187   0.707106781187   0.000000000000
                   0.577350269190  -0.577350269190   0.577350269190
         0, 1187  -0.707106781187  -0.707106781187  -0.000000000000
                   0.577350269190  -0.577350269190   0.577350269190
0, 1187 17283.142230971727 8730.741457258055 14963.577834624028    2    0
         0, 1186   0.707106781187   0.707106781187   0.000000000000
                   0.577350269190  -0.577350269190   0.577350269190
         0, 1188  -0.707106781187  -0.707106781187  -0.000000000000
                   0.577350269190  -0.577350269190   0.577350269190
0, 1188 16841.379080966661 8696.968032372984 15371.567559744022    2    0
         0, 1187   0.707106781187   0.707106781187   0.000000000000
                   0.577350269190  -0.577350269190   0.577350269190
         0, 1189  -0.707106781187  -0.707106781187  -0.000000000000
                   0.577350269190  -0.577350269190   0.577350269190
0, 1189 16399.615930961590 8663.194607487912 15779.557284864019    1    7
         0, 1188   0.707106781187   0.707106781187   0.000000000000
                   0.577350269190  -0.577350269190   0.577350269190
0, 1190 16759.924511885711 2203.166873875047 19975.005748810818    1    7
         0, 1191  -0.000000000000  -0.707106781187   0.707106781187
                   0.577350269190   0.577350269190   0.577350269190
0, 1191 17270.974862785974 2117.936295448480 19549.185976337121    2    0
         0, 1190   0.000000000000   0.707106781187  -0.707106781187
                   0.577350269190   0.577350269190   0.577350269190
         0, 1192  -0.000000000000  -0.707106781187   0.707106781187
                   0.577350269190   0.577350269190   0.577350269190
0, 1192 17782.025213686236 2032.705717021914 19123.366203863425    2    0
         0, 1191   0.000000000000   0.707106781187  -0.707106781187
                   0.577350269190   0.577350269190   0.577350269190
         0, 1193  -0.000000000000  -0.707106781187   0.707106781187
                   0.577350269190   0.577350269190   0.577350269190
0, 1193 18293.075564586499 1947.475138595348 18697.546431389728    2    0
         0, 1192   0.000000000000   0.707106781187  -0.707106781187
                   0.577350269190   0.577350269190   0.577350269190
         0, 1194  -0.000000000000  -0.707106781187   0.707106781187
                   0.577350269190   0.577350269190   0.577350269190
0, 1194 18804.125915486762 1862.244560168781 18271.726658916032    1    7
         0, 1193   0.000000000000   0.707106781187  -0.707106781187
                   0.577350269190   0.577350269190   0.577350269190
0, 1195 12596.087131716709 618.436393470365 15718.580631055924    1    7
         0, 1196   0.707106781187   0.707106781187   0.000000000000
                  -0.577350269190   0.577350269190   0.577350269190
0, 1196 12817.509251528279 1115.059634348138 15443.379509989720    2    0
         0, 1195  -0.707106781187  -0.707106781187  -0.000000000000
                  -0.577350269190   0.577350269190   0.577350269190
         0, 1197   0.707106781187   0.707106781187   0.000000000000
                  -0.577350269190   0.577350269190   0.577350269190
0, 1197 13038.931371339848 1611.682875225911 15168.178388923516    2    0
         0, 1196  -0.707106781187  -0.707106781187  -0.000000000000
                  -0.577350269190   0.577350269190   0.577350269190
         0, 1198   0.707106781187   0.707106781187   0.000000000000
                  -0.577350269190   0.577350269190   0.577350269190
0, 1198 13260.353491151418 2108.306116103684 14892.977267857312    2    0
         0, 1197  -0.707106781187  -0.707106781187  -0.000000000000
                  -0.577350269190   0.577350269190   0.577350269190
         0, 1199   0.707106781187   0.707106781187   0.000000000000
                  -0.577350269190   0.577350269190   0.577350269190
0, 1199 13481.775610962986 2604.929356981457 14617.776146791110    1    7
         0, 1198  -0.707106781187  -0.707106781187  -0.000000000000
                  -0.577350269190   0.577350269190   0.577350269190
0, 1200 17351.967170159201 1900.182632397983 6762.237129044139    1    7
         0, 1201  -0.000000000000  -0.707106781187   0.707106781187
                  -0.577350269190   0.577350269190   0.577350269190
0, 1201 17097.084531599179 2067.078047571050 6340.459075311050    2    0
         0, 1200   0.000000000000   0.707106781187  -0.707106781187
                  -0.577350269190   0.577350269190   0.577350269190
         0, 1202  -0.000000000000  -0.707106781187   0.707106781187
                  -0.577350269190   0.577350269190   0.577350269190
0, 1202 16842.201893039157 2233.973462744118 5918.681021577961    2    0
         0, 1201   0.000000000000   0.707106781187  -0.707106781187
                  -0.577350269190   0.577350269190   0.577350269190
         0, 1203  -0.000000000000  -0.707106781187   0.707106781187
                  -0.577350269190   0.577350269190   0.577350269190
0, 1203 16587.319254479138 2400.868877917186 5496.902967844871    2    0
         0, 1202   0.000000000000   0.707106781187  -0.707106781187
                  -0.577350269190   0.577350269190   0.577350269190
         0, 1204  -0.000000000000  -0.707106781187   0.707106781187
                  -0.577350269190   0.577350269190   0.577350269190
0, 1204 16332.436615919116 2567.764293090253 5075.124914111781    1    7
         0, 1203   0.000000000000   0.707106781187  -0.707106781187
                  -0.577350269190   0.577350269190   0.577350269190
0, 1205 8759.158940012418 6380.750099609572 7110.951935605637    1    7
         0, 1206  -0.000000000000  -0.707106781187   0.707106781187
                  -0.577350269190   0.577350269190   0.577350269190
0, 1206 8893.672241895521 6021.741520688055 7604.473816410258    2    0
         0, 1205   0.000000000000   0.707106781187  -0.707106781187
                  -0.577350269190   0.577350269190   0.577350269190
         0, 1207  -0.000000000000  -0.707106781187   0.707106781187
                  -0.577350269190   0.577350269190   0.577350269190
0, 1207 9028.185543778627 5662.732941766539 8097.995697214879    2    0
         0, 1206   0.000000000000   0.707106781187  -0.707106781187
                  -0.577350269190   0.577350269190   0.577350269190
         0, 1208  -0.000000000000  -0.707106781187   0.707106781187
                  -0.577350269190   0.577350269190   0.577350269190
0, 1208 9162.698845661731 5303.724362845021 8591.517578019500    2    0
         0, 1207   0.000000000000   0.707106781187  -0.707106781187
                  -0.577350269190   0.577350269190   0.577350269190
         0, 1209  -0.000000000000  -0.707106781187   0.707106781187
                  -0.577350269190   0.577350269190   0.577350269190
0, 1209 9297.212147544835 4944.715783923504 9085.039458824122    1    7
         0, 1208   0.000000000000   0.707106781187  -0.707106781187
                  -0.577350269190   0.577350269190   0.577350269190
0, 1210 5289.991984627519 18077.729833163310 9555.940353385566    1    7
         0, 1211   0.707106781187   0.000000000000  -0.707106781187
                   0.577350269190  -0.577350269190   0.577350269190
0, 1211 5418.109413363708 17769.324690582413 9119.417782068478    2    0
         0, 1210  -0.707106781187  -0.000000000000   0.707106781187
                   0.577350269190  -0.577350269190   0.577350269190
         0, 1212   0.707106781187   0.000000000000  -0.707106781187
                   0.577350269190  -0.577350269190   0.577350269190
0, 1212 5546.226842099897 17460.919548001515 8682.895210751391    2    0
         0, 1211  -0.707106781187  -0.000000000000   0.707106781187
                   0.577350269190  -0.577350269190   0.577350269190
         0, 1213   0.707106781187   0.000000000000  -0.707106781187
                   0.577350269190  -0.577350269190   0.577350269190
0, 1213 5674.344270836086 17152.514405420618 8246.372639434303    2    0
         0, 1212  -0.707106781187  -0.000000000000   0.707106781187
                   0.577350269190  -0.577350269190   0.577350269190
         0, 1214   0.707106781187   0.000000000000  -0.707106781187
                   0.577350269190  -0.577350269190   0.577350269190
0, 1214 5802.461699572275 16844.109262839716 7809.850068117216    1    7
         0, 1213  -0.707106781187  -0.000000000000   0.707106781187
                   0.577350269190  -0.577350269190   0.577350269190
0, 1215 8407.749070863894 4703.622573696649 11008.018531847889    1    7
         0, 1216  -0.000000000000  -0.707106781187   0.707106781187
                  -0.577350269190   0.577350269190   0.577350269190
0, 1216 8399.449610533564 5154.813454367384 10548.528190846824    2    0
         0, 1215   0.000000000000   0.707106781187  -0.707106781187
                  -0.577350269190   0.577350269190   0.577350269190
         0, 1217  -0.000000000000  -0.707106781187   0.707106781187
                  -0.577350269190   0.577350269190   0.577350269190
0, 1217 8391.150150203235 5606.004335038118 10089.037849845759    2    0
         0, 1216   0.000000000000   0.707106781187  -0.707106781187
                  -0.577350269190   0.577350269190   0.577350269190
         0, 1218  -0.000000000000  -0.707106781187   0.707106781187
                  -0.577350269190   0.577350269190   0.577350269190
0, 1218 8382.850689872905 6057.195215708854 9629.547508844695    2    0
         0, 1217   0.000000000000   0.707106781187  -0.707106781187
                  -0.577350269190   0.577350269190   0.577350269190
         0, 1219  -0.000000000000  -0.707106781187   0.707106781187
                  -0.577350269190   0.577350269190   0.577350269190
0, 1219 8374.551229542574 6508.386096379589 9170.057167843630    1    7
         0, 1218   0.000000000000   0.707106781187  -0.707106781187
                  -0.577350269190   0.577350269190   0.577350269190
0, 1220 11460.785906766876 9226.230815510453 16862.422294493746    1    7
         0, 1221   0.707106781187   0.000000000000   0.707106781187
                   0.577350269190   0.577350269190  -0.577350269190
0, 1221 11403.476901888236 8832.063817171806 16410.946291276457    2    0
         0, 1220  -0.707106781187  -0.000000000000  -0.707106781187
                   0.577350269190   0.577350269190  -0.577350269190
         0, 1222   0.707106781187   0.000000000000   0.707106781187
                   0.577350269190   0.577350269190  -0.577350269190
0, 1222 11346.167897009595 8437.896818833160 15959.470288059172    2    0
         0, 1221  -0.707106781187  -0.000000000000  -0.707106781187
                   0.577350269190   0.577350269190  -0.577350269190
         0, 1223   0.707106781187   0.000000000000   0.707106781187
                   0.577350269190   0.577350269190  -0.577350269190
0, 1223 11288.858892130955 8043.729820494513 15507.994284841885    2    0
         0, 1222  -0.707106781187  -0.000000000000  -0.707106781187
                   0.577350269190   0.577350269190  -0.577350269190
         0, 1224   0.707106781187   0.000000000000   0.707106781187
                   0.577350269190   0.577350269190  -0.577350269190
0, 1224 11231.549887252313 7649.562822155865 15056.518281624598    1    7
         0, 1223  -0.707106781187  -0.000000000000  -0.707106781187
                   0.577350269190   0.577350269190  -0.577350269190
0, 1225 16150.102270903302 18017.459645916821 16889.038022193308    1    7
         0, 1226  -0.707106781187   0.707106781187  -0.000000000000
                   0.577350269190   0.577350269190  -0.577350269190
0, 1226 15694.142987194720 18382.313244339064 16797.932336906972    2    0
         0, 1225   0.707106781187  -0.707106781187   0.000000000000
                   0.577350269190   0.577350269190  -0.577350269190
         0, 1227  -0.707106781187   0.707106781187  -0.000000000000
                   0.577350269190   0.577350269190  -0.577350269190
0, 1227 15238.183703486138 18747.166842761311 16706.826651620631    2    0
         0, 1226   0.707106781187  -0.707106781187   0.000000000000
                   0.577350269190   0.577350269190  -0.577350269190
         0, 1228  -0.707106781187   0.707106781187  -0.000000000000
                   0.577350269190   0.577350269190  -0.577350269190
0, 1228 14782.224419777554 19112.020441183555 16615.720966334295    2    0
         0, 1227   0.707106781187  -0.707106781187   0.000000000000
                   0.577350269190   0.577350269190  -0.577350269190
         0, 1229  -0.707106781187   0.707106781187  -0.000000000000
                   0.577350269190   0.577350269190  -0.577350269190
0, 1229 14326.265136068972 19476.874039605798 16524.615281047958    1    7
         0, 1228   0.707106781187  -0.707106781187   0.000000000000
                   0.577350269190   0.577350269190  -0.577350269190
0, 1230 3132.945206277929 16191.938741946373 12294.716683229683    1    7
         0, 1231  -0.707106781187  -0.000000000000   0.707106781187
                   0.577350269190  -0.577350269190   0.577350269190
0, 1231 3545.170981827080 16264.757556403534 11955.309722137694    2    0
         0, 1230   0.707106781187   0.000000000000  -0.707106781187
                   0.577350269190  -0.577350269190   0.577350269190
         0, 1232  -0.707106781187  -0.000000000000   0.707106781187
                   0.577350269190  -0.577350269190   0.577350269190
0, 1232 3957.396757376231 16337.576370860696 11615.902761045703    2    0
         0, 1231   0.707106781187   0.000000000000  -0.707106781187
                   0.577350269190  -0.577350269190   0.577350269190
         0, 1233  -0.707106781187  -0.000000000000   0.707106781187
                   0.577350269190  -0.577350269190   0.577350269190
0, 1233 4369.622532925382 16410.395185317859 11276.495799953715    2    0
         0, 1232   0.707106781187   0.000000000000  -0.707106781187
                   0.577350269190  -0.577350269190   0.577350269190
         0, 1234  -0.707106781187  -0.000000000000   0.707106781187
                   0.577350269190  -0.577350269190   0.577350269190
0, 1234 4781.848308474533 16483.213999775020 10937.088838861724    1    7
         0, 1233   0.707106781187   0.000000000000  -0.707106781187
                   0.577350269190  -0.577350269190   0.577350269190
0, 1235 2099.751422367588 11669.269066526058 14773.335668623864    1    7
         0, 1236   0.707106781187   0.000000000000  -0.707106781187
                   0.577350269190   0.577350269190   0.577350269190
0, 1236 2562.527795059963 11470.518232517350 14509.310129940197    2    0
         0, 1235  -0.707106781187  -0.000000000000   0.707106781187
                   0.577350269190   0.577350269190   0.577350269190
         0, 1237   0.707106781187   0.000000000000  -0.707106781187
                   0.577350269190   0.577350269190   0.577350269190
0, 1237 3025.304167752337 11271.767398508644 14245.284591256530    2    0
         0, 1236  -0.707106781187  -0.000000000000   0.707106781187
                   0.577350269190   0.577350269190   0.577350269190
         0, 1238   0.707106781187   0.000000000000  -0.707106781187
                   0.577350269190   0.577350269190   0.577350269190
0, 1238 3488.080540444712 11073.016564499936 13981.259052572861    2    0
         0, 1237  -0.707106781187  -0.000000000000   0.707106781187
                   0.577350269190   0.577350269190   0.577350269190
         0, 1239   0.707106781187   0.000000000000  -0.707106781187
                   0.577350269190   0.577350269190   0.577350269190
0, 1239 3950.856913137086 10874.265730491230 13717.233513889194    1    7
         0, 1238  -0.707106781187  -0.000000000000   0.707106781187
                   0.577350269190   0.577350269190   0.577350269190
0, 1240 15616.267253482984 1992.953176412886 11077.893315413909    1    7
         0, 1241   0.000000000000   0.707106781187   0.707106781187
                   0.577350269190  -0.577350269190   0.577350269190
0, 1241 15851.372703570203 1822.175249824577 10672.009938738380    2    0
         0, 1240  -0.000000000000  -0.707106781187  -0.707106781187
                   0.577350269190  -0.577350269190   0.577350269190
         0, 1242   0.000000000000   0.707106781187   0.707106781187
                   0.577350269190  -0.577350269190   0.577350269190
0, 1242 16086.478153657421 1651.397323236267 10266.126562062851    2    0
         0, 1241  -0.000000000000  -0.707106781187  -0.707106781187
                   0.577350269190  -0.577350269190   0.577350269190
         0, 1243   0.000000000000   0.707106781187   0.707106781187
                   0.577350269190  -0.577350269190   0.577350269190
0, 1243 16321.583603744641 1480.619396647958 9860.243185387322    2    0
         0, 1242  -0.000000000000  -0.707106781187  -0.707106781187
                   0.577350269190  -0.577350269190   0.577350269190
         0, 1244   0.000000000000   0.707106781187   0.707106781187
                   0.577350269190  -0.577350269190   0.577350269190
0, 1244 16556.689053831858 1309.841470059648 9454.359808711793    1    7
         0, 1243  -0.000000000000  -0.707106781187  -0.707106781187
                   0.577350269190  -0.577350269190   0.577350269190
0, 1245 3789.940424239802 18775.114883152040 16498.857601250595    1    7
         0, 1246  -0.000000000000  -0.707106781187  -0.707106781187
                   0.577350269190  -0.577350269190   0.577350269190
0, 1246 3390.863879660726 18786.101181252801 16908.920443930430    2    0
         0, 1245   0.000000000000   0.707106781187   0.707106781187
                   0.577350269190  -0.577350269190   0.577350269190
         0, 1247  -0.000000000000  -0.707106781187  -0.707106781187
                   0.577350269190  -0.577350269190   0.577350269190
0, 1247 2991.787335081650 18797.087479353559 17318.983286610266    2    0
         0, 1246   0.000000000000   0.707106781187   0.707106781187
                   0.577350269190  -0.577350269190   0.577350269190
         0, 1248  -0.000000000000  -0.707106781187  -0.707106781187
                   0.577350269190  -0.577350269190   0.577350269190
0, 1248 2592.710790502573 18808.073777454319 17729.046129290102    2    0
         0, 1247   0.000000000000   0.707106781187   0.707106781187
                   0.577350269190  -0.577350269190   0.577350269190
         0, 1249  -0.000000000000  -0.707106781187  -0.707106781187
                   0.577350269190  -0.577350269190   0.577350269190
0, 1249 2193.634245923497 18819.060075555077 18139.108971969938    1    7
         0, 1248   0.000000000000   0.707106781187   0.707106781187
                   0.577350269190  -0.577350269190   0.577350269190
0, 1250 11721.121245950309 13054.626607148621 8106.984609237533    1    7
         0, 1251   0.707106781187   0.000000000000  -0.707106781187
                   0.577350269190  -0.577350269190   0.577350269190
0, 1251 11754.636032708338 13529.618730263135 8548.461945594017    2    0
         0, 1250  -0.707106781187  -0.000000000000   0.707106781187
                   0.577350269190  -0.577350269190   0.577350269190
         0, 1252   0.707106781187   0.000000000000  -0.707106781187
                   0.577350269190  -0.577350269190   0.577350269190
0, 1252 11788.150819466369 14004.610853377648 8989.939281950501    2    0
         0, 1251  -0.707106781187  -0.000000000000   0.707106781187
                   0.577350269190  -0.577350269190   0.577350269190
         0, 1253   0.707106781187   0.000000000000  -0.707106781187
                   0.577350269190  -0.577350269190   0.577350269190
0, 1253 11821.665606224398 14479.602976492162 9431.416618306985    2    0
         0, 1252  -0.707106781187  -0.000000000000   0.707106781187
                   0.577350269190  -0.577350269190   0.577350269190
         0, 1254   0.707106781187   0.000000000000  -0.707106781187
                   0.577350269190  -0.577350269190   0.577350269190
0, 1254 11855.180392982427 14954.595099606675 9872.893954663468    1    7
         0, 1253  -0.707106781187  -0.000000000000   0.707106781187
                   0.577350269190  -0.577350269190   0.577350269190
0, 1255 18394.773284656992 9497.132544208773 17652.285291279772    1    7
         0, 1256   0.707106781187  -0.707106781187   0.000000000000
                   0.577350269190   0.577350269190   0.577350269190
0, 1256 18815.080887918557 9334.864562604709 17394.245669622273    2    0
         0, 1255  -0.707106781187   0.707106781187  -0.000000000000
                   0.577350269190   0.577350269190   0.577350269190
         0, 1257   0.707106781187  -0.707106781187   0.000000000000
                   0.577350269190   0.577350269190   0.577350269190
0, 1257 19235.388491180121 9172.596581000644 17136.206047964773    2    0
         0, 1256  -0.707106781187   0.707106781187  -0.000000000000
                   0.577350269190   0.577350269190   0.577350269190
         0, 1258   0.707106781187  -0.707106781187   0.000000000000
                   0.577350269190   0.577350269190   0.577350269190
0, 1258 19655.696094441686 9010.328599396580 16878.166426307274    2    0
         0, 1257  -0.707106781187   0.707106781187  -0.000000000000
                   0.577350269190   0.577350269190   0.577350269190
         0, 1259   0.707106781187  -0.707106781187   0.000000000000
                   0.577350269190   0.577350269190   0.577350269190
0, 1259 20076.003697703247 8848.060617792515 16620.126804649775    1    7
         0, 1258  -0.707106781187   0.707106781187  -0.000000000000
                   0.577350269190   0.577350269190   0.577350269190
0, 1260 2674.288732514628 4178.156209620432 18746.960330933900    1    7
         0, 1261  -0.000000000000  -0.707106781187  -0.707106781187
                   0.577350269190  -0.577350269190   0.577350269190
0, 1261 2424.340387349062 3645.239978117757 18463.992444596792    2    0
         0, 1260   0.000000000000   0.707106781187   0.707106781187
                   0.577350269190  -0.577350269190   0.577350269190
         0, 1262  -0.000000000000  -0.707106781187  -0.707106781187
                   0.577350269190  -0.577350269190   0.577350269190
0, 1262 2174.392042183496 3112.323746615082 18181.024558259684    2    0
         0, 1261   0.000000000000   0.707106781187   0.707106781187
                   0.577350269190  -0.577350269190   0.577350269190
         0, 1263  -0.000000000000  -0.707106781187  -0.707106781187
                   0.577350269190  -0.577350269190   0.577350269190
0, 1263 1924.443697017929 2579.407515112407 17898.056671922575    2    0
         0, 1262   0.000000000000   0.707106781187   0.707106781187
                   0.577350269190  -0.577350269190   0.577350269190
         0, 1264  -0.000000000000  -0.707106781187  -0.707106781187
                   0.577350269190  -0.577350269190   0.577350269190
0, 1264 1674.495351852363 2046.491283609733 17615.088785585467    1    7
         0, 1263   0.000000000000   0.707106781187   0.707106781187
                   0.577350269190  -0.577350269190   0.577350269190
0, 1265 7253.253637554694 9793.725943272046 7739.893469891672    1    7
         0, 1266  -0.707106781187   0.707106781187  -0.000000000000
                   0.577350269190   0.577350269190   0.577350269190
0, 1266 7206.176254876577 9470.294217372651 8110.402578469184    2    0
         0, 1265   0.707106781187  -0.707106781187   0.000000000000
                   0.577350269190   0.577350269190   0.577350269190
         0, 1267  -0.707106781187   0.707106781187  -0.000000000000
                   0.577350269190   0.577350269190   0.577350269190
0, 1267 7159.098872198460 9146.862491473257 8480.911687046695    2    0
         0, 1266   0.707106781187  -0.707106781187   0.000000000000
                   0.577350269190   0.577350269190   0.577350269190
         0, 1268  -0.707106781187   0.707106781187  -0.000000000000
                   0.577350269190   0.577350269190   0.577350269190
0, 1268 7112.021489520343 8823.430765573863 8851.420795624208    2    0
         0, 1267   0.707106781187  -0.707106781187   0.000000000000
                   0.577350269190   0.577350269190   0.577350269190
         0, 1269  -0.707106781187   0.707106781187  -0.000000000000
                   0.577350269190   0.577350269190   0.577350269190
0, 1269 7064.944106842225 8499.999039674467 9221.929904201719    1    7
         0, 1268   0.707106781187  -0.707106781187   0.000000000000
                   0.577350269190   0.577350269190   0.577350269190
0, 1270 5511.572729789487 13559.927203705358 1252.939150652135    1    7
         0, 1271  -0.707106781187  -0.000000000000   0.707106781187
                   0.577350269190  -0.577350269190   0.577350269190
0, 1271 5369.253508362508 13773.379964673664 1608.711133047421    2    0
         0, 1270   0.707106781187   0.000000000000  -0.707106781187
                   0.577350269190  -0.577350269190   0.577350269190
         0, 1272  -0.707106781187  -0.000000000000   0.707106781187
                   0.577350269190  -0.577350269190   0.577350269190
0, 1272 5226.934286935530 13986.832725641973 1964.483115442707    2    0
         0, 1271   0.707106781187   0.000000000000  -0.707106781187
                   0.577350269190  -0.577350269190   0.577350269190
         0, 1273  -0.707106781187  -0.000000000000   0.707106781187
                   0.577350269190  -0.577350269190   0.577350269190
0, 1273 5084.615065508550 14200.285486610279 2320.255097837992    2    0
         0, 1272   0.707106781187   0.000000000000  -0.707106781187
                   0.577350269190  -0.577350269190   0.577350269190
         0, 1274  -0.707106781187  -0.000000000000   0.707106781187
                   0.577350269190  -0.577350269190   0.577350269190
0, 1274 4942.295844081571 14413.738247578585 2676.027080233278    1    7
         0, 1273   0.707106781187   0.000000000000  -0.707106781187
                   0.577350269190  -0.577350269190   0.577350269190
0, 1275 6157.538095069071 12017.996984892210 1871.781003738111    1    7
         0, 1276  -0.707106781187  -0.000000000000  -0.707106781187
                  -0.577350269190   0.577350269190   0.577350269190
0, 1276 6636.873523810029 12454.270468418734 1914.842948952545    2    0
         0, 1275   0.707106781187   0.000000000000   0.707106781187
                  -0.577350269190   0.577350269190   0.577350269190
         0, 1277  -0.707106781187  -0.000000000000  -0.707106781187
                  -0.577350269190   0.577350269190   0.577350269190
0, 1277 7116.208952550987 12890.543951945259 1957.904894166978    2    0
         0, 1276   0.707106781187   0.000000000000   0.707106781187
                  -0.577350269190   0.577350269190   0.577350269190
         0, 1278  -0.707106781187  -0.000000000000  -0.707106781187
                  -0.577350269190   0.577350269190   0.577350269190
0, 1278 7595.544381291946 13326.817435471783 2000.966839381412    2    0
         0, 1277   0.707106781187   0.000000000000   0.707106781187
                  -0.577350269190   0.577350269190   0.577350269190
         0, 1279  -0.707106781187  -0.000000000000  -0.707106781187
                  -0.577350269190   0.577350269190   0.577350269190
0, 1279 8074.879810032903 13763.090918998309 2044.028784595846    1    7
         0, 1278   0.707106781187   0.000000000000   0.707106781187
                  -0.577350269190   0.577350269190   0.577350269190
0, 1280 16921.852789838056 2638.762281214452 7457.930769774124    1    7
         0, 1281  -0.707106781187   0.707106781187  -0.000000000000
                   0.577350269190   0.577350269190   0.577350269190
0, 1281 17114.110001897156 2824.901867647370 7079.533971282106    2    0
         0, 1280   0.707106781187  -0.707106781187   0.000000000000
                   0.577350269190   0.577350269190   0.577350269190
         0, 1282  -0.707106781187   0.707106781187  -0.000000000000
                   0.577350269190   0.577350269190   0.577350269190
0, 1282 17306.367213956255 3011.041454080289 6701.137172790089    2    0
         0, 1281   0.707106781187  -0.707106781187   0.000000000000
                   0.577350269190   0.577350269190   0.577350269190
         0, 1283  -0.707106781187   0.707106781187  -0.000000000000
                   0.577350269190   0.577350269190   0.577350269190
0, 1283 17498.624426015354 3197.181040513207 6322.740374298071    2    0
         0, 1282   0.707106781187  -0.707106781187   0.000000000000
                   0.577350269190   0.577350269190   0.577350269190
         0, 1284  -0.707106781187   0.707106781187  -0.000000000000
                   0.577350269190   0.577350269190   0.577350269190
0, 1284 17690.881638074454 3383.320626946126 5944.343575806053    1    7
         0, 1283   0.707106781187  -0.707106781187   0.000000000000
                   0.577350269190   0.577350269190   0.577350269190
0, 1285 3106.190835752992 7231.173590504290 4721.099223089685    1    7
         0, 1286   0.000000000000   0.707106781187  -0.707106781187
                   0.577350269190   0.577350269190   0.577350269190
0, 1286 2603.538115023326 7350.469555677567 5104.455978646075    2    0
         0, 1285  -0.000000000000  -0.707106781187   0.707106781187
                   0.577350269190   0.577350269190   0.577350269190
         0, 1287   0.000000000000   0.707106781187  -0.707106781187
                   0.577350269190   0.577350269190   0.577350269190
0, 1287 2100.885394293660 7469.765520850843 5487.812734202464    2    0
         0, 1286  -0.000000000000  -0.707106781187   0.707106781187
                   0.577350269190   0.577350269190   0.577350269190
         0, 1288   0.000000000000   0.707106781187  -0.707106781187
                   0.577350269190   0.577350269190   0.577350269190
0, 1288 1598.232673563994 7589.061486024120 5871.169489758853    2    0
         0, 1287  -0.000000000000  -0.707106781187   0.707106781187
                   0.577350269190   0.577350269190   0.577350269190
         0, 1289   0.000000000000   0.707106781187  -0.707106781187
                   0.577350269190   0.577350269190   0.577350269190
0, 1289 1095.579952834328 7708.357451197397 6254.526245315243    1    7
         0, 1288  -0.000000000000  -0.707106781187   0.707106781187
                   0.577350269190   0.577350269190   0.577350269190
0, 1290 5532.477470461685 11661.284884700179 7075.808015808810    1    7
         0, 1291   0.707106781187   0.707106781187   0.000000000000
                   0.577350269190  -0.577350269190   0.577350269190
0, 1291 5439.836641869701 12031.376629238002 7538.540588938617    2    0
         0, 1290  -0.707106781187  -0.707106781187  -0.000000000000
                   0.577350269190  -0.577350269190   0.577350269190
         0, 1292   0.707106781187   0.707106781187   0.000000000000
                   0.577350269190  -0.577350269190   0.577350269190
0, 1292 5347.195813277716 12401.468373775826 8001.273162068425    2    0
         0, 1291  -0.707106781187  -0.707106781187  -0.000000000000
                   0.577350269190  -0.577350269190   0.577350269190
         0, 1293   0.707106781187   0.707106781187   0.000000000000
                   0.577350269190  -0.577350269190   0.577350269190
0, 1293 5254.554984685732 12771.560118313650 8464.005735198232    2    0
         0, 1292  -0.707106781187  -0.707106781187  -0.000000000000
                   0.577350269190  -0.577350269190   0.577350269190
         0, 1294   0.707106781187   0.707106781187   0.000000000000
                   0.577350269190  -0.577350269190   0.577350269190
0, 1294 5161.914156093747 13141.651862851471 8926.738308328040    1    7
         0, 1293  -0.707106781187  -0.707106781187  -0.000000000000
                   0.577350269190  -0.577350269190   0.577350269190
0, 1295 14592.874362495691 7035.936016270971 11935.825993590412    1    7
         0, 1296  -0.707106781187  -0.707106781187  -0.000000000000
                  -0.577350269190   0.577350269190   0.577350269190
0, 1296 14886.429103609204 7413.280063358594 11852.036687616301    2    0
         0, 1295   0.707106781187   0.707106781187   0.000000000000
                  -0.577350269190   0.577350269190   0.577350269190
         0, 1297  -0.707106781187  -0.707106781187  -0.000000000000
                  -0.577350269190   0.577350269190   0.577350269190
0, 1297 15179.983844722714 7790.624110446217 11768.247381642188    2    0
         0, 1296   0.707106781187   0.707106781187   0.000000000000
                  -0.577350269190   0.577350269190   0.577350269190
         0, 1298  -0.707106781187  -0.707106781187  -0.000000000000
                  -0.577350269190   0.577350269190   0.577350269190
0, 1298 15473.538585836226 8167.968157533840 11684.458075668077    2    0
         0, 1297   0.707106781187   0.707106781187   0.000000000000
                  -0.577350269190   0.577350269190   0.577350269190
         0, 1299  -0.707106781187  -0.707106781187  -0.000000000000
                  -0.577350269190   0.577350269190   0.577350269190
0, 1299 15767.093326949736 8545.312204621463 11600.668769693964    1    7
         0, 1298   0.707106781187   0.707106781187   0.000000000000
                  -0.577350269190   0.577350269190   0.577350269190
0, 1300 18461.472221665677 16002.600780137353 1072.427208729215    1    7
         0, 1301   0.707106781187   0.000000000000  -0.707106781187
                   0.577350269190  -0.577350269190   0.577350269190
0, 1301 17928.103567805279 15923.358399415982 1526.553481868244    2    0
         0, 1300  -0.707106781187  -0.000000000000   0.707106781187
                   0.577350269190  -0.577350269190   0.577350269190
         0, 1302   0.707106781187   0.000000000000  -0.707106781187
                   0.577350269190  -0.577350269190   0.577350269190
0, 1302 17394.734913944878 15844.116018694611 1980.679755007273    2    0
         0, 1301  -0.707106781187  -0.000000000000   0.707106781187
                   0.577350269190  -0.577350269190   0.577350269190
         0, 1303   0.707106781187   0.000000000000  -0.707106781187
                   0.577350269190  -0.577350269190   0.577350269190
0, 1303 16861.366260084476 15764.873637973240 2434.806028146302    2    0
         0, 1302  -0.707106781187  -0.000000000000   0.707106781187
                   0.577350269190  -0.577350269190   0.577350269190
         0, 1304   0.707106781187   0.000000000000  -0.707106781187
                   0.577350269190  -0.577350269190   0.577350269190
0, 1304 16327.997606224078 15685.631257251869 2888.932301285331    1    7
         0, 1303  -0.707106781187  -0.000000000000   0.707106781187
                   0.577350269190  -0.577350269190   0.577350269190
0, 1305 18196.826882491030 9047.785546977822 1742.829320903871    1    7
         0, 1306   0.000000000000   0.707106781187  -0.707106781187
                  -0.577350269190   0.577350269190   0.577350269190
0, 1306 18606.436140002956 9133.172625266587 2067.051500127031    2    0
         0, 1305  -0.000000000000  -0.707106781187   0.707106781187
                  -0.577350269190   0.577350269190   0.577350269190
         0, 1307   0.000000000000   0.707106781187  -0.707106781187
                  -0.577350269190   0.577350269190   0.577350269190
0, 1307 19016.045397514878 9218.559703555351 2391.273679350191    2    0
         0, 1306  -0.000000000000  -0.707106781187   0.707106781187
                  -0.577350269190   0.577350269190   0.577350269190
         0, 1308   0.000000000000   0.707106781187  -0.707106781187
                  -0.577350269190   0.577350269190   0.577350269190
0, 1308 19425.654655026803 9303.946781844114 2715.495858573351    2    0
         0, 1307  -0.000000000000  -0.707106781187   0.707106781187
                  -0.577350269190   0.577350269190   0.577350269190
         0, 1309   0.000000000000   0.707106781187  -0.707106781187
                  -0.577350269190   0.577350269190   0.577350269190
0, 1309 19835.263912538725 9389.333860132878 3039.718037796511    1    7
         0, 1308  -0.000000000000  -0.707106781187   0.707106781187
                  -0.577350269190   0.577350269190   0.577350269190
0, 1310 14250.903729110702 9996.215327319816 13435.981454432722    1    7
         0, 1311   0.000000000000   0.707106781187   0.707106781187
                   0.577350269190   0.577350269190  -0.577350269190
0, 1311 14530.287838905144 10093.768442675948 13812.918679583296    2    0
         0, 1310  -0.000000000000  -0.707106781187  -0.707106781187
                   0.577350269190   0.577350269190  -0.577350269190
         0, 1312   0.000000000000   0.707106781187   0.707106781187
                   0.577350269190   0.577350269190  -0.577350269190
0, 1312 14809.671948699588 10191.321558032078 14189.855904733869    2    0
         0, 1311  -0.000000000000  -0.707106781187  -0.707106781187
                   0.577350269190   0.577350269190  -0.577350269190
         0, 1313   0.000000000000   0.707106781187   0.707106781187
                   0.577350269190   0.577350269190  -0.577350269190
0, 1313 15089.056058494030 10288.874673388209 14566.793129884443    2    0
         0, 1312  -0.000000000000  -0.707106781187  -0.707106781187
                   0.577350269190   0.577350269190  -0.577350269190
         0, 1314   0.000000000000   0.707106781187   0.707106781187
                   0.577350269190   0.577350269190  -0.577350269190
0, 1314 15368.440168288473 10386.427788744340 14943.730355035017    1    7
         0, 1313  -0.000000000000  -0.707106781187  -0.707106781187
                   0.577350269190   0.577350269190  -0.577350269190
0, 1315 12106.638266542606 15465.285296573264 17068.639944589981    1    7
         0, 1316  -0.707106781187   0.707106781187  -0.000000000000
                   0.577350269190   0.577350269190  -0.577350269190
0, 1316 12184.744057344198 15146.180349106551 16827.640787924858    2    0
         0, 1315   0.707106781187  -0.707106781187   0.000000000000
                   0.577350269190   0.577350269190  -0.577350269190
         0, 1317  -0.707106781187   0.707106781187  -0.000000000000
                   0.577350269190   0.577350269190  -0.577350269190
0, 1317 12262.849848145790 14827.075401639837 16586.641631259736    2    0
         0, 1316   0.707106781187  -0.707106781187   0.000000000000
                   0.577350269190   0.577350269190  -0.577350269190
         0, 1318  -0.707106781187   0.707106781187  -0.000000000000
                   0.577350269190   0.577350269190  -0.577350269190
0, 1318 12340.955638947380 14507.970454173123 16345.642474594615    2    0
         0, 1317   0.707106781187  -0.707106781187   0.000000000000
                   0.577350269190   0.577350269190  -0.577350269190
         0, 1319  -0.707106781187   0.707106781187  -0.000000000000
                   0.577350269190   0.577350269190  -0.577350269190
0, 1319 12419.061429748972 14188.865506706410 16104.643317929493    1    7
         0, 1318   0.707106781187  -0.707106781187   0.000000000000
                   0.577350269190   0.577350269190  -0.577350269190
0, 1320 10982.102663858843 5187.662035581784 17473.374263184356    1    7
         0, 1321  -0.000000000000  -0.707106781187  -0.707106781187
                   0.577350269190  -0.577350269190   0.577350269190
0, 1321 11065.876685354498 4918.148278721917 17120.086484828833    2    0
         0, 1320   0.000000000000   0.707106781187   0.707106781187
                   0.577350269190  -0.577350269190   0.577350269190
         0, 1322  -0.000000000000  -0.707106781187  -0.707106781187
                   0.577350269190  -0.577350269190   0.577350269190
0, 1322 11149.650706850156 4648.634521862051 16766.798706473310    2    0
         0, 1321   0.000000000000   0.707106781187   0.707106781187
                   0.577350269190  -0.577350269190   0.577350269190
         0, 1323  -0.000000000000  -0.707106781187  -0.707106781187
                   0.577350269190  -0.577350269190   0.577350269190
0, 1323 11233.424728345812 4379.120765002184 16413.510928117787    2    0
         0, 1322   0.000000000000   0.707106781187   0.707106781187
                   0.577350269190  -0.577350269190   0.577350269190
         0, 1324  -0.000000000000  -0.707106781187  -0.707106781187
                   0.577350269190  -0.577350269190   0.577350269190
0, 1324 11317.198749841467 4109.607008142319 16060.223149762265    1    7
         0, 1323   0.000000000000   0.707106781187   0.707106781187
                   0.577350269190  -0.577350269190   0.577350269190
0, 1325 5399.104986751528 6455.965948510042 14416.509980427281    1    7
         0, 1326   0.707106781187  -0.707106781187   0.000000000000
                   0.577350269190   0.577350269190  -0.577350269190
0, 1326 4899.683845775367 6715.341222326919 14176.464113267997    2    0
         0, 1325  -0.707106781187   0.707106781187  -0.000000000000
                   0.577350269190   0.577350269190  -0.577350269190
         0, 1327   0.707106781187  -0.707106781187   0.000000000000
                   0.577350269190   0.577350269190  -0.577350269190
0, 1327 4400.262704799206 6974.716496143796 13936.418246108713    2    0
         0, 1326  -0.707106781187   0.707106781187  -0.000000000000
                   0.577350269190   0.577350269190  -0.577350269190
         0, 1328   0.707106781187  -0.707106781187   0.000000000000
                   0.577350269190   0.577350269190  -0.577350269190
0, 1328 3900.841563823046 7234.091769960673 13696.372378949431    2    0
         0, 1327  -0.707106781187   0.707106781187  -0.000000000000
                   0.577350269190   0.577350269190  -0.577350269190
         0, 1329   0.707106781187  -0.707106781187   0.000000000000
                   0.577350269190   0.577350269190  -0.577350269190
0, 1329 3401.420422846885 7493.467043777549 13456.326511790146    1    7
         0, 1328  -0.707106781187   0.707106781187  -0.000000000000
                   0.577350269190   0.577350269190  -0.577350269190
0, 1330 18004.375042006453 14691.280383558691 4559.396169000979    1    7
         0, 1331  -0.707106781187  -0.000000000000  -0.707106781187
                   0.577350269190   0.577350269190  -0.577350269190
0, 1331 17619.293427248351 14905.327787457087 4388.361958141271    2    0
         0, 1330   0.707106781187   0.000000000000   0.707106781187
                   0.577350269190   0.577350269190  -0.577350269190
         0, 1332  -0.707106781187  -0.000000000000  -0.707106781187
                   0.577350269190   0.577350269190  -0.577350269190
0, 1332 17234.211812490248 15119.375191355482 4217.327747281563    2    0
         0, 1331   0.707106781187   0.000000000000   0.707106781187
                   0.577350269190   0.577350269190  -0.577350269190
         0, 1333  -0.707106781187  -0.000000000000  -0.707106781187
                   0.577350269190   0.577350269190  -0.577350269190
0, 1333 16849.130197732142 15333.422595253878 4046.293536421856    2    0
         0, 1332   0.707106781187   0.000000000000   0.707106781187
                   0.577350269190   0.577350269190  -0.577350269190
         0, 1334  -0.707106781187  -0.000000000000  -0.707106781187
                   0.577350269190   0.577350269190  -0.577350269190
0, 1334 16464.048582974039 15547.469999152274 3875.259325562148    1    7
         0, 1333   0.707106781187   0.000000000000   0.707106781187
                   0.577350269190   0.577350269190  -0.577350269190
0, 1335 14617.650487094073 12069.990548657624 5663.204854058470    1    7
         0, 1336  -0.707106781187  -0.000000000000   0.707106781187
                   0.577350269190  -0.577350269190   0.577350269190
0, 1336 14277.471122220100 12147.582939388865 6080.976609663684    2    0
         0, 1335   0.707106781187   0.000000000000  -0.707106781187
                   0.577350269190  -0.577350269190   0.577350269190
         0, 1337  -0.707106781187  -0.000000000000   0.707106781187
                   0.577350269190  -0.577350269190   0.577350269190
0, 1337 13937.291757346127 12225.175330120106 6498.748365268898    2    0
         0, 1336   0.707106781187   0.000000000000  -0.707106781187
                   0.577350269190  -0.577350269190   0.577350269190
         0, 1338  -0.707106781187  -0.000000000000   0.707106781187
                   0.577350269190  -0.577350269190   0.577350269190
0, 1338 13597.112392472154 12302.767720851347 6916.520120874112    2    0
         0, 1337   0.707106781187   0.000000000000  -0.707106781187
                   0.577350269190  -0.577350269190   0.577350269190
         0, 1339  -0.707106781187  -0.000000000000   0.707106781187
                   0.577350269190  -0.577350269190   0.577350269190
0, 1339 13256.933027598181 12380.360111582588 7334.291876479326    1    7
         0, 1338   0.707106781187   0.000000000000  -0.707106781187
                   0.577350269190  -0.577350269190   0.577350269190
0, 1340 15051.591620819461 19079.822695032653 13676.832072238276    1    7
         0, 1341  -0.707106781187  -0.000000000000   0.707106781187
                   0.577350269190   0.577350269190   0.577350269190
0, 1341 14679.051361336116 18952.037085419208 14177.157941335065    2    0
         0, 1340   0.707106781187   0.000000000000  -0.707106781187
                   0.577350269190   0.577350269190   0.577350269190
         0, 1342  -0.707106781187  -0.000000000000   0.707106781187
                   0.577350269190   0.577350269190   0.577350269190
0, 1342 14306.511101852773 18824.251475805766 14677.483810431851    2    0
         0, 1341   0.707106781187   0.000000000000  -0.707106781187
                   0.577350269190   0.577350269190   0.577350269190
         0, 1343  -0.707106781187  -0.000000000000   0.707106781187
                   0.577350269190   0.577350269190   0.577350269190
0, 1343 13933.970842369428 18696.465866192320 15177.809679528640    2    0
         0, 1342   0.707106781187   0.000000000000  -0.707106781187
                   0.577350269190   0.577350269190   0.577350269190
         0, 1344  -0.707106781187  -0.000000000000   0.707106781187
                   0.577350269190   0.577350269190   0.577350269190
0, 1344 13561.430582886085 18568.680256578878 15678.135548625429    1    7
         0, 1343   0.707106781187   0.000000000000  -0.707106781187
                   0.577350269190   0.577350269190   0.577350269190
0, 1345 7990.287901303735 6457.861463320197 9459.955631362731    1    7
         0, 1346  -0.707106781187  -0.000000000000  -0.707106781187
                   0.577350269190   0.577350269190  -0.577350269190
0, 1346 8430.214235007139 6504.903560263953 9946.924062009890    2    0
         0, 1345   0.707106781187   0.000000000000   0.707106781187
                   0.577350269190   0.577350269190  -0.577350269190
         0, 1347  -0.707106781187  -0.000000000000  -0.707106781187
                   0.577350269190   0.577350269190  -0.577350269190
0, 1347 8870.140568710542 6551.945657207710 10433.892492657051    2    0
         0, 1346   0.707106781187   0.000000000000   0.707106781187
                   0.577350269190   0.577350269190  -0.577350269190
         0, 1348  -0.707106781187  -0.000000000000  -0.707106781187
                   0.577350269190   0.577350269190  -0.577350269190
0, 1348 9310.066902413944 6598.987754151467 10920.860923304210    2    0
         0, 1347   0.707106781187   0.000000000000   0.707106781187
                   0.577350269190   0.577350269190  -0.577350269190
         0, 1349  -0.707106781187  -0.000000000000  -0.707106781187
                   0.577350269190   0.577350269190  -0.577350269190
0, 1349 9749.993236117349 6646.029851095223 11407.829353951369    1    7
         0, 1348   0.707106781187   0.000000000000   0.707106781187
                   0.577350269190   0.577350269190  -0.577350269190
0, 1350 16258.084106011065 19985.843523834454 1515.923518614319    1    7
         0, 1351  -0.707106781187  -0.000000000000  -0.707106781187
                   0.577350269190   0.577350269190  -0.577350269190
0, 1351 16752.576908715149 19698.565333895025 1723.138131378974    2    0
         0, 1350   0.707106781187   0.000000000000   0.707106781187
                   0.577350269190   0.577350269190  -0.577350269190
         0, 1352  -0.707106781187  -0.000000000000  -0.707106781187
                   0.577350269190   0.577350269190  -0.577350269190
0, 1352 17247.069711419233 19411.287143955597 1930.352744143629    2    0
         0, 1351   0.707106781187   0.000000000000   0.707106781187
                   0.577350269190   0.577350269190  -0.577350269190
         0, 1353  -0.707106781187  -0.000000000000  -0.707106781187
                   0.577350269190   0.577350269190  -0.577350269190
0, 1353 17741.562514123318 19124.008954016168 2137.567356908284    2    0
         0, 1352   0.707106781187   0.000000000000   0.707106781187
                   0.577350269190   0.577350269190  -0.577350269190
         0, 1354  -0.707106781187  -0.000000000000  -0.707106781187
                   0.577350269190   0.577350269190  -0.577350269190
0, 1354 18236.055316827402 18836.730764076739 2344.781969672939    1    7
         0, 1353   0.707106781187   0.000000000000   0.707106781187
                   0.577350269190   0.577350269190  -0.577350269190
0, 1355 6449.545432275081 5723.278375170092 3226.790309850600    1    7
         0, 1356  -0.000000000000  -0.707106781187   0.707106781187
                  -0.577350269190   0.577350269190   0.577350269190
0, 1356 6890.549904622914 5766.127786168914 3624.945371199611    2    0
         0, 1355   0.000000000000   0.707106781187  -0.707106781187
                  -0.577350269190   0.577350269190   0.577350269190
         0, 1357  -0.000000000000  -0.707106781187   0.707106781187
                  -0.577350269190   0.577350269190   0.577350269190
0, 1357 7331.554376970747 5808.977197167736 4023.100432548622    2    0
         0, 1356   0.000000000000   0.707106781187  -0.707106781187
                  -0.577350269190   0.577350269190   0.577350269190
         0, 1358  -0.000000000000  -0.707106781187   0.707106781187
                  -0.577350269190   0.577350269190   0.577350269190
0, 1358 7772.558849318581 5851.826608166558 4421.255493897634    2    0
         0, 1357   0.000000000000   0.707106781187  -0.707106781187
                  -0.577350269190   0.577350269190   0.577350269190
         0, 1359  -0.000000000000  -0.707106781187   0.707106781187
                  -0.577350269190   0.577350269190   0.577350269190
0, 1359 8213.563321666414 5894.676019165380 4819.410555246644    1    7
         0, 1358   0.000000000000   0.707106781187  -0.707106781187
                  -0.577350269190   0.577350269190   0.577350269190
0, 1360 17035.996746686993 2192.632285413656 1342.110156180583    1    7
         0, 1361  -0.707106781187   0.707106781187  -0.000000000000
                   0.577350269190   0.577350269190   0.577350269190
0, 1361 17422.930856489653 1795.135505796644 1352.672825994937    2    0
         0, 1360   0.707106781187  -0.707106781187   0.000000000000
                   0.577350269190   0.577350269190   0.577350269190
         0, 1362  -0.707106781187   0.707106781187  -0.000000000000
                   0.577350269190   0.577350269190   0.577350269190
0, 1362 17809.864966292309 1397.638726179631 1363.235495809291    2    0
         0, 1361   0.707106781187  -0.707106781187   0.000000000000
                   0.577350269190   0.577350269190   0.577350269190
         0, 1363  -0.707106781187   0.707106781187  -0.000000000000
                   0.577350269190   0.577350269190   0.577350269190
0, 1363 18196.799076094969 1000.141946562619 1373.798165623645    2    0
         0, 1362   0.707106781187  -0.707106781187   0.000000000000
                   0.577350269190   0.577350269190   0.577350269190
         0, 1364  -0.707106781187   0.707106781187  -0.000000000000
                   0.577350269190   0.577350269190   0.577350269190
0, 1364 18583.733185897625 602.645166945606 1384.360835438000    1    7
         0, 1363   0.707106781187  -0.707106781187   0.000000000000
                   0.577350269190   0.577350269190   0.577350269190
0, 1365 6847.424338808705 18783.732934145784 5067.200766100093    1    7
         0, 1366  -0.707106781187  -0.000000000000  -0.707106781187
                   0.577350269190   0.577350269190  -0.577350269190
0, 1366 6314.468714915289 19041.347146767577 4791.859354828470    2    0
         0, 1365   0.707106781187   0.000000000000   0.707106781187
                   0.577350269190   0.577350269190  -0.577350269190
         0, 1367  -0.707106781187  -0.000000000000  -0.707106781187
                   0.577350269190   0.577350269190  -0.577350269190
0, 1367 5781.513091021872 19298.961359389374 4516.517943556847    2    0
         0, 1366   0.707106781187   0.000000000000   0.707106781187
                   0.577350269190   0.577350269190  -0.577350269190
         0, 1368  -0.707106781187  -0.000000000000  -0.707106781187
                   0.577350269190   0.577350269190  -0.577350269190
0, 1368 5248.557467128455 19556.575572011167 4241.176532285224    2    0
         0, 1367   0.707106781187   0.000000000000   0.707106781187
                   0.577350269190   0.577350269190  -0.577350269190
         0, 1369  -0.707106781187  -0.000000000000  -0.707106781187
                   0.577350269190   0.577350269190  -0.577350269190
0, 1369 4715.601843235038 19814.189784632959 3965.835121013602    1    7
         0, 1368   0.707106781187   0.000000000000   0.707106781187
                   0.577350269190   0.577350269190  -0.577350269190
0, 1370 11306.445354996176 10979.851383138001 8461.657850273667    1    7
         0, 1371   0.707106781187   0.000000000000   0.707106781187
                   0.577350269190   0.577350269190  -0.577350269190
0, 1371 10655.810281221749 11270.810867613121 8101.982260974361    2    0
         0, 1370  -0.707106781187  -0.000000000000  -0.707106781187
                   0.577350269190   0.577350269190  -0.577350269190
         0, 1372   0.707106781187   0.000000000000   0.707106781187
                   0.577350269190   0.577350269190  -0.577350269190
0, 1372 10005.175207447322 11561.770352088242 7742.306671675055    2    0
         0, 1371  -0.707106781187  -0.000000000000  -0.707106781187
                   0.577350269190   0.577350269190  -0.577350269190
         0, 1373   0.707106781187   0.000000000000   0.707106781187
                   0.577350269190   0.577350269190  -0.577350269190
0, 1373 9354.540133672894 11852.729836563365 7382.631082375749    2    0
         0, 1372  -0.707106781187  -0.000000000000  -0.707106781187
                   0.577350269190   0.577350269190  -0.577350269190
         0, 1374   0.707106781187   0.000000000000   0.707106781187
                   0.577350269190   0.577350269190  -0.577350269190
0, 1374 8703.905059898467 12143.689321038486 7022.955493076443    1    7
         0, 1373  -0.707106781187  -0.000000000000  -0.707106781187
                   0.577350269190   0.577350269190  -0.577350269190
0, 1375 9612.794292442859 13976.536738854678 17720.879375140015    1    7
         0, 1376  -0.000000000000  -0.707106781187  -0.707106781187
                   0.577350269190   0.577350269190  -0.577350269190
0, 1376 9170.824677985045 13875.084667894373 17177.457689721898    2    0
         0, 1375   0.000000000000   0.707106781187   0.707106781187
                   0.577350269190   0.577350269190  -0.577350269190
         0, 1377  -0.000000000000  -0.707106781187  -0.707106781187
                   0.577350269190   0.577350269190  -0.577350269190
0, 1377 8728.855063527231 13773.632596934067 16634.036004303776    2    0
         0, 1376   0.000000000000   0.707106781187   0.707106781187
                   0.577350269190   0.577350269190  -0.577350269190
         0, 1378  -0.000000000000  -0.707106781187  -0.707106781187
                   0.577350269190   0.577350269190  -0.577350269190
0, 1378 8286.885449069418 13672.180525973761 16090.614318885657    2    0
         0, 1377   0.000000000000   0.707106781187   0.707106781187
                   0.577350269190   0.577350269190  -0.577350269190
         0, 1379  -0.000000000000  -0.707106781187  -0.707106781187
                   0.577350269190   0.577350269190  -0.577350269190
0, 1379 7844.915834611604 13570.728455013457 15547.192633467537    1    7
         0, 1378   0.000000000000   0.707106781187   0.707106781187
                   0.577350269190   0.577350269190  -0.577350269190
0, 1380 5288.392721155713 2274.082641668198 14969.921825750997    1    7
         0, 1381  -0.707106781187  -0.000000000000  -0.707106781187
                  -0.577350269190   0.577350269190   0.577350269190
0, 1381 4725.426078164580 2036.193921084536 14644.843903343526    2    0
         0, 1380   0.707106781187   0.000000000000   0.707106781187
                  -0.577350269190   0.577350269190   0.577350269190
         0, 1382  -0.707106781187  -0.000000000000  -0.707106781187
                  -0.577350269190   0.577350269190   0.577350269190
0, 1382 4162.459435173447 1798.305200500873 14319.765980936056    2    0
         0, 1381   0.707106781187   0.000000000000   0.707106781187
                  -0.577350269190   0.577350269190   0.577350269190
         0, 1383  -0.707106781187  -0.000000000000  -0.707106781187
                  -0.577350269190   0.577350269190   0.577350269190
0, 1383 3599.492792182314 1560.416479917210 13994.688058528585    2    0
         0, 1382   0.707106781187   0.000000000000   0.707106781187
                  -0.577350269190   0.577350269190   0.577350269190
         0, 1384  -0.707106781187  -0.000000000000  -0.707106781187
                  -0.577350269190   0.577350269190   0.577350269190
0, 1384 3036.526149191180 1322.527759333548 13669.610136121115    1    7
         0, 1383   0.707106781187   0.000000000000   0.707106781187
                  -0.577350269190   0.577350269190   0.577350269190
0, 1385 1900.749400531318 16371.136337717711 17058.654499744640    1    7
         0, 1386  -0.707106781187  -0.707106781187  -0.000000000000
                  -0.577350269190   0.577350269190   0.577350269190
0, 1386 1748.797392564675 16646.222720705257 16631.616108790451    2    0
         0, 1385   0.707106781187   0.707106781187   0.000000000000
                  -0.577350269190   0.577350269190   0.577350269190
         0, 1387  -0.707106781187  -0.707106781187  -0.000000000000
                  -0.577350269190   0.577350269190   0.577350269190
0, 1387 1596.845384598033 16921.309103692802 16204.577717836266    2    0
         0, 1386   0.707106781187   0.707106781187   0.000000000000
                  -0.577350269190   0.577350269190   0.577350269190
         0, 1388  -0.707106781187  -0.707106781187  -0.000000000000
                  -0.577350269190   0.577350269190   0.577350269190
0, 1388 1444.893376631391 17196.395486680347 15777.539326882077    2    0
         0, 1387   0.707106781187   0.707106781187   0.000000000000
                  -0.577350269190   0.577350269190   0.577350269190
         0, 1389  -0.707106781187  -0.707106781187  -0.000000000000
                  -0.577350269190   0.577350269190   0.577350269190
0, 1389 1292.941368664749 17471.481869667892 15350.500935927890    1    7
         0, 1388   0.707106781187   0.707106781187   0.000000000000
                  -0.577350269190   0.577350269190   0.577350269190
0, 1390 1369.028945731930 17335.884357381266 5924.595492285122    1    7
         0, 1391  -0.000000000000  -0.707106781187  -0.707106781187
                   0.577350269190   0.577350269190  -0.577350269190
0, 1391 1305.786213321203 17003.308603739290 5528.777006232416    2    0
         0, 1390   0.000000000000   0.707106781187   0.707106781187
                   0.577350269190   0.577350269190  -0.577350269190
         0, 1392  -0.000000000000  -0.707106781187  -0.707106781187
                   0.577350269190   0.577350269190  -0.577350269190
0, 1392 1242.543480910477 16670.732850097309 5132.958520179711    2    0
         0, 1391   0.000000000000   0.707106781187   0.707106781187
                   0.577350269190   0.577350269190  -0.577350269190
         0, 1393  -0.000000000000  -0.707106781187  -0.707106781187
                   0.577350269190   0.577350269190  -0.577350269190
0, 1393 1179.300748499750 16338.157096455330 4737.140034127006    2    0
         0, 1392   0.000000000000   0.707106781187   0.707106781187
                   0.577350269190   0.577350269190  -0.577350269190
         0, 1394  -0.000000000000  -0.707106781187  -0.707106781187
                   0.577350269190   0.577350269190  -0.577350269190
0, 1394 1116.058016089024 16005.581342813352 4341.321548074301    1    7
         0, 1393   0.000000000000   0.707106781187   0.707106781187
                   0.577350269190   0.577350269190  -0.577350269190
0, 1395 15359.703802987457 8973.656559073970 10529.183826731036    1    7
         0, 1396  -0.000000000000  -0.707106781187   0.707106781187
                  -0.577350269190   0.577350269190   0.577350269190
0, 1396 15552.879362396454 9405.023577367452 10290.992367846551    2    0
         0, 1395   0.000000000000   0.707106781187  -0.707106781187
                  -0.577350269190   0.577350269190   0.577350269190
         0, 1397  -0.000000000000  -0.707106781187   0.707106781187
                  -0.577350269190   0.577350269190   0.577350269190
0, 1397 15746.054921805451 9836.390595660932 10052.800908962068    2    0
         0, 1396   0.000000000000   0.707106781187  -0.707106781187
                  -0.577350269190   0.577350269190   0.577350269190
         0, 1398  -0.000000000000  -0.707106781187   0.707106781187
                  -0.577350269190   0.577350269190   0.577350269190
0, 1398 15939.230481214448 10267.757613954414 9814.609450077583    2    0
         0, 1397   0.000000000000   0.707106781187  -0.707106781187
                  -0.577350269190   0.577350269190   0.577350269190
         0, 1399  -0.000000000000  -0.707106781187   0.707106781187
                  -0.577350269190   0.577350269190   0.577350269190
0, 1399 16132.406040623446 10699.124632247896 9576.417991193099    1    7
         0, 1398   0.000000000000   0.707106781187  -0.707106781187
                  -0.577350269190   0.577350269190   0.577350269190
0, 1400 17049.071291040145 2867.602528321112 9473.332475556754    1    7
         0, 1401  -0.707106781187  -0.000000000000   0.707106781187
                   0.577350269190  -0.577350269190   0.577350269190
0, 1401 16505.246902182327 2385.543335166651 9535.097671260111    2    0
         0, 1400   0.707106781187   0.000000000000  -0.707106781187
                   0.577350269190  -0.577350269190   0.577350269190
         0, 1402  -0.707106781187  -0.000000000000   0.707106781187
                   0.577350269190  -0.577350269190   0.577350269190
0, 1402 15961.422513324509 1903.484142012190 9596.862866963467    2    0
         0, 1401   0.707106781187   0.000000000000  -0.707106781187
                   0.577350269190  -0.577350269190   0.577350269190
         0, 1403  -0.707106781187  -0.000000000000   0.707106781187
                   0.577350269190  -0.577350269190   0.577350269190
0, 1403 15417.598124466691 1421.424948857729 9658.628062666825    2    0
         0, 1402   0.707106781187   0.000000000000  -0.707106781187
                   0.577350269190  -0.577350269190   0.577350269190
         0, 1404  -0.707106781187  -0.000000000000   0.707106781187
                   0.577350269190  -0.577350269190   0.577350269190
0, 1404 14873.773735608873 939.365755703268 9720.393258370181    1    7
         0, 1403   0.707106781187   0.000000000000  -0.707106781187
                   0.577350269190  -0.577350269190   0.577350269190
0, 1405 13747.356706776145 6515.223103902721 9363.938042652109    1    7
         0, 1406  -0.707106781187   0.707106781187  -0.000000000000
                   0.577350269190   0.577350269190  -0.577350269190
0, 1406 13751.725045918623 6098.582585979679 8951.665863871545    2    0
         0, 1405   0.707106781187  -0.707106781187   0.000000000000
                   0.577350269190   0.577350269190  -0.577350269190
         0, 1407  -0.707106781187   0.707106781187  -0.000000000000
                   0.577350269190   0.577350269190  -0.577350269190
0, 1407 13756.093385061102 5681.942068056636 8539.393685090981    2    0
         0, 1406   0.707106781187  -0.707106781187   0.000000000000
                   0.577350269190   0.577350269190  -0.577350269190
         0, 1408  -0.707106781187   0.707106781187  -0.000000000000
                   0.577350269190   0.577350269190  -0.577350269190
0, 1408 13760.461724203580 5265.301550133595 8127.121506310419    2    0
         0, 1407   0.707106781187  -0.707106781187   0.000000000000
                   0.577350269190   0.577350269190  -0.577350269190
         0, 1409  -0.707106781187   0.707106781187  -0.000000000000
                   0.577350269190   0.577350269190  -0.577350269190
0, 1409 13764.830063346060 4848.661032210553 7714.849327529855    1    7
         0, 1408   0.707106781187  -0.707106781187   0.000000000000
                   0.577350269190   0.577350269190  -0.577350269190
0, 1410 6847.621272876818 7327.284005868495 6008.773468948992    1    7
         0, 1411   0.000000000000   0.707106781187   0.707106781187
                   0.577350269190  -0.577350269190   0.577350269190
0, 1411 6742.363270465810 6897.801696113465 5684.549161604969    2    0
         0, 1410  -0.000000000000  -0.707106781187  -0.707106781187
                   0.577350269190  -0.577350269190   0.577350269190
         0, 1412   0.000000000000   0.707106781187   0.707106781187
                   0.577350269190  -0.577350269190   0.577350269190
0, 1412 6637.105268054804 6468.319386358435 5360.324854260946    2    0
         0, 1411  -0.000000000000  -0.707106781187  -0.707106781187
                   0.577350269190  -0.577350269190   0.577350269190
         0, 1413   0.000000000000   0.707106781187   0.707106781187
                   0.577350269190  -0.577350269190   0.577350269190
0, 1413 6531.847265643796 6038.837076603405 5036.100546916923    2    0
         0, 1412  -0.000000000000  -0.707106781187  -0.707106781187
                   0.577350269190  -0.577350269190   0.577350269190
         0, 1414   0.000000000000   0.707106781187   0.707106781187
                   0.577350269190  -0.577350269190   0.577350269190
0, 1414 6426.589263232789 5609.354766848375 4711.876239572901    1    7
         0, 1413  -0.000000000000  -0.707106781187  -0.707106781187
                   0.577350269190  -0.577350269190   0.577350269190
0, 1415 11185.370228855205 2417.899602524994 13583.329177498930    1    7
         0, 1416   0.000000000000   0.707106781187   0.707106781187
                   0.577350269190  -0.577350269190   0.577350269190
0, 1416 11561.284301484809 2919.771907203919 13709.287409548251    2    0
         0, 1415  -0.000000000000  -0.707106781187  -0.707106781187
                   0.577350269190  -0.577350269190   0.577350269190
         0, 1417   0.000000000000   0.707106781187   0.707106781187
                   0.577350269190  -0.577350269190   0.577350269190
0, 1417 11937.198374114414 3421.644211882845 13835.245641597572    2    0
         0, 1416  -0.000000000000  -0.707106781187  -0.707106781187
                   0.577350269190  -0.577350269190   0.577350269190
         0, 1418   0.000000000000   0.707106781187   0.707106781187
                   0.577350269190  -0.577350269190   0.577350269190
0, 1418 12313.112446744019 3923.516516561770 13961.203873646891    2    0
         0, 1417  -0.000000000000  -0.707106781187  -0.707106781187
                   0.577350269190  -0.577350269190   0.577350269190
         0, 1419   0.000000000000   0.707106781187   0.707106781187
                   0.577350269190  -0.577350269190   0.577350269190
0, 1419 12689.026519373623 4425.388821240695 14087.162105696212    1    7
         0, 1418  -0.000000000000  -0.707106781187  -0.707106781187
                   0.577350269190  -0.577350269190   0.577350269190
0, 1420 3591.763871765266 159.707590565106 1785.848769679916    1    7
         0, 1421   0.707106781187   0.000000000000  -0.707106781187
                   0.577350269190   0.577350269190   0.577350269190
0, 1421 3424.688304030150 546.422907005377 1566.209020974761    2    0
         0, 1420  -0.707106781187  -0.000000000000   0.707106781187
                   0.577350269190   0.577350269190   0.577350269190
         0, 1422   0.707106781187   0.000000000000  -0.707106781187
                   0.577350269190   0.577350269190   0.577350269190
0, 1422 3257.612736295035 933.138223445648 1346.569272269605    2    0
         0, 1421  -0.707106781187  -0.000000000000   0.707106781187
                   0.577350269190   0.577350269190   0.577350269190
         0, 1423   0.707106781187   0.000000000000  -0.707106781187
                   0.577350269190   0.577350269190   0.577350269190
0, 1423 3090.537168559918 1319.853539885919 1126.929523564450    2    0
         0, 1422  -0.707106781187  -0.000000000000   0.707106781187
                   0.577350269190   0.577350269190   0.577350269190
         0, 1424   0.707106781187   0.000000000000  -0.707106781187
                   0.577350269190   0.577350269190   0.577350269190
0, 1424 2923.461600824803 1706.568856326191 907.289774859295    1    7
         0, 1423  -0.707106781187  -0.000000000000   0.707106781187
                   0.577350269190   0.577350269190   0.577350269190
0, 1425 2562.479217474946 13836.191165921344 1586.724041014560    1    7
         0, 1426  -0.707106781187   0.707106781187  -0.000000000000
                   0.577350269190   0.577350269190  -0.577350269190
0, 1426 2127.646818492847 14232.314696082187 1548.015172193304    2    0
         0, 1425   0.707106781187  -0.707106781187   0.000000000000
                   0.577350269190   0.577350269190  -0.577350269190
         0, 1427  -0.707106781187   0.707106781187  -0.000000000000
                   0.577350269190   0.577350269190  -0.577350269190
0, 1427 1692.814419510748 14628.438226243030 1509.306303372048    2    0
         0, 1426   0.707106781187  -0.707106781187   0.000000000000
                   0.577350269190   0.577350269190  -0.577350269190
         0, 1428  -0.707106781187   0.707106781187  -0.000000000000
                   0.577350269190   0.577350269190  -0.577350269190
0, 1428 1257.982020528650 15024.561756403871 1470.597434550792    2    0
         0, 1427   0.707106781187  -0.707106781187   0.000000000000
                   0.577350269190   0.577350269190  -0.577350269190
         0, 1429  -0.707106781187   0.707106781187  -0.000000000000
                   0.577350269190   0.577350269190  -0.577350269190
0, 1429 823.149621546551 15420.685286564714 1431.888565729535    1    7
         0, 1428   0.707106781187  -0.707106781187   0.000000000000
                   0.577350269190   0.577350269190  -0.577350269190
0, 1430 8783.904261035923 207.055647037795 11173.754627876404    1    7
         0, 1431  -0.000000000000  -0.707106781187   0.707106781187
                   0.577350269190   0.577350269190   0.577350269190
0, 1431 8171.008140117602 493.232722361996 11500.473673470524    2    0
         0, 1430   0.000000000000   0.707106781187  -0.707106781187
                   0.577350269190   0.577350269190   0.577350269190
         0, 1432  -0.000000000000  -0.707106781187   0.707106781187
                   0.577350269190   0.577350269190   0.577350269190
0, 1432 7558.112019199281 779.409797686197 11827.192719064644    2    0
         0, 1431   0.000000000000   0.707106781187  -0.707106781187
                   0.577350269190   0.577350269190   0.577350269190
         0, 1433  -0.000000000000  -0.707106781187   0.707106781187
                   0.577350269190   0.577350269190   0.577350269190
0, 1433 6945.215898280960 1065.586873010399 12153.911764658762    2    0
         0, 1432   0.000000000000   0.707106781187  -0.707106781187
                   0.577350269190   0.577350269190   0.577350269190
         0, 1434  -0.000000000000  -0.707106781187   0.707106781187
                   0.577350269190   0.577350269190   0.577350269190
0, 1434 6332.319777362639 1351.763948334600 12480.630810252882    1    7
         0, 1433   0.000000000000   0.707106781187  -0.707106781187
                   0.577350269190   0.577350269190   0.577350269190
0, 1435 3672.611638380476 2386.189863497439 11827.608378436556    1    7
         0, 1436   0.707106781187  -0.707106781187   0.000000000000
                   0.577350269190   0.577350269190   0.577350269190
0, 1436 3847.334837036739 2592.526643222015 11446.548400055715    2    0
         0, 1435  -0.707106781187   0.707106781187  -0.000000000000
                   0.577350269190   0.577350269190   0.577350269190
         0, 1437   0.707106781187  -0.707106781187   0.000000000000
                   0.577350269190   0.577350269190   0.577350269190
0, 1437 4022.058035693003 2798.863422946592 11065.488421674876    2    0
         0, 1436  -0.707106781187   0.707106781187  -0.000000000000
                   0.577350269190   0.577350269190   0.577350269190
         0, 1438   0.707106781187  -0.707106781187   0.000000000000
                   0.577350269190   0.577350269190   0.577350269190
0, 1438 4196.781234349267 3005.200202671168 10684.428443294037    2    0
         0, 1437  -0.707106781187   0.707106781187  -0.000000000000
                   0.577350269190   0.577350269190   0.577350269190
         0, 1439   0.707106781187  -0.707106781187   0.000000000000
                   0.577350269190   0.577350269190   0.577350269190
0, 1439 4371.504433005531 3211.536982395744 10303.368464913196    1    7
         0, 1438  -0.707106781187   0.707106781187  -0.000000000000
                   0.577350269190   0.577350269190   0.577350269190
0, 1440 15256.773693568139 18085.734736137503 14516.369509584225    1    7
         0, 1441   0.707106781187  -0.707106781187   0.000000000000
                   0.577350269190   0.577350269190   0.577350269190
0, 1441 15120.275297877532 17706.018956494685 15032.583684917648    2    0
         0, 1440  -0.707106781187   0.707106781187  -0.000000000000
                   0.577350269190   0.577350269190   0.577350269190
         0, 1442   0.707106781187  -0.707106781187   0.000000000000
                   0.577350269190   0.577350269190   0.577350269190
0, 1442 14983.776902186924 17326.303176851870 15548.797860251072    2    0
         0, 1441  -0.707106781187   0.707106781187  -0.000000000000
                   0.577350269190   0.577350269190   0.577350269190
         0, 1443   0.707106781187  -0.707106781187   0.000000000000
                   0.577350269190   0.577350269190   0.577350269190
0, 1443 14847.278506496317 16946.587397209052 16065.012035584496    2    0
         0, 1442  -0.707106781187   0.707106781187  -0.000000000000
                   0.577350269190   0.577350269190   0.577350269190
         0, 1444   0.707106781187  -0.707106781187   0.000000000000
                   0.577350269190   0.577350269190   0.577350269190
0, 1444 14710.780110805710 16566.871617566234 16581.226210917921    1    7
         0, 1443  -0.707106781187   0.707106781187  -0.000000000000
                   0.577350269190   0.577350269190   0.577350269190
0, 1445 7871.563425025223 18307.048354989573 12719.120977113327    1    7
         0, 1446   0.000000000000   0.707106781187  -0.707106781187
                   0.577350269190   0.577350269190   0.577350269190
0, 1446 7405.530974236186 18416.146604964099 13076.055177927839    2    0
         0, 1445  -0.000000000000  -0.707106781187   0.707106781187
                   0.577350269190   0.577350269190   0.577350269190
         0, 1447   0.000000000000   0.707106781187  -0.707106781187
                   0.577350269190   0.577350269190   0.577350269190
0, 1447 6939.498523447149 18525.244854938621 13432.989378742352    2    0
         0, 1446  -0.000000000000  -0.707106781187   0.707106781187
                   0.577350269190   0.577350269190   0.577350269190
         0, 1448   0.000000000000   0.707106781187  -0.707106781187
                   0.577350269190   0.577350269190   0.577350269190
0, 1448 6473.466072658111 18634.343104913147 13789.923579556864    2    0
         0, 1447  -0.000000000000  -0.707106781187   0.707106781187
                   0.577350269190   0.577350269190   0.577350269190
         0, 1449   0.000000000000   0.707106781187  -0.707106781187
                   0.577350269190   0.577350269190   0.577350269190
0, 1449 6007.433621869073 18743.441354887673 14146.857780371378    1    7
         0, 1448  -0.000000000000  -0.707106781187   0.707106781187
                   0.577350269190   0.577350269190   0.577350269190
0, 1450 9977.540412206057 9411.383806929731 2828.912410144183    1    7
         0, 1451  -0.707106781187  -0.707106781187  -0.000000000000
                   0.577350269190  -0.577350269190   0.577350269190
0, 1451 10356.365215227277 9601.303029771037 2640.006829964270    2    0
         0, 1450   0.707106781187   0.707106781187   0.000000000000
                   0.577350269190  -0.577350269190   0.577350269190
         0, 1452  -0.707106781187  -0.707106781187  -0.000000000000
                   0.577350269190  -0.577350269190   0.577350269190
0, 1452 10735.190018248495 9791.222252612344 2451.101249784358    2    0
         0, 1451   0.707106781187   0.707106781187   0.000000000000
                   0.577350269190  -0.577350269190   0.577350269190
         0, 1453  -0.707106781187  -0.707106781187  -0.000000000000
                   0.577350269190  -0.577350269190   0.577350269190
0, 1453 11114.014821269715 9981.141475453651 2262.195669604444    2    0
         0, 1452   0.707106781187   0.707106781187   0.000000000000
                   0.577350269190  -0.577350269190   0.577350269190
         0, 1454  -0.707106781187  -0.707106781187  -0.000000000000
                   0.577350269190  -0.577350269190   0.577350269190
0, 1454 11492.839624290935 10171.060698294956 2073.290089424532    1    7
         0, 1453   0.707106781187   0.707106781187   0.000000000000
                   0.577350269190  -0.577350269190   0.577350269190
0, 1455 1726.247928531795 16676.636747259985 4043.116582316436    1    7
         0, 1456  -0.000000000000  -0.707106781187   0.707106781187
                   0.577350269190   0.577350269190   0.577350269190
0, 1456 1626.167521903287 17220.786216590328 3599.047519614602    2    0
         0, 1455   0.000000000000   0.707106781187  -0.707106781187
                   0.577350269190   0.577350269190   0.577350269190
         0, 1457  -0.000000000000  -0.707106781187   0.707106781187
                   0.577350269190   0.577350269190   0.577350269190
0, 1457 1526.087115274779 17764.935685920671 3154.978456912768    2    0
         0, 1456   0.000000000000   0.707106781187  -0.707106781187
                   0.577350269190   0.577350269190   0.577350269190
         0, 1458  -0.000000000000  -0.707106781187   0.707106781187
                   0.577350269190   0.577350269190   0.577350269190
0, 1458 1426.006708646270 18309.085155251010 2710.909394210934    2    0
         0, 1457   0.000000000000   0.707106781187  -0.707106781187
                   0.577350269190   0.577350269190   0.577350269190
         0, 1459  -0.000000000000  -0.707106781187   0.707106781187
                   0.577350269190   0.577350269190   0.577350269190
0, 1459 1325.926302017762 18853.234624581353 2266.840331509100    1    7
         0, 1458   0.000000000000   0.707106781187  -0.707106781187
                   0.577350269190   0.577350269190   0.577350269190
0, 1460 3567.083937883133 18182.317782230872 14777.266698015394    1    7
         0, 1461  -0.000000000000  -0.707106781187   0.707106781187
                  -0.577350269190   0.577350269190   0.577350269190
0, 1461 3118.443371357406 17920.478869276772 14590.465044443767    2    0
         0, 1460   0.000000000000   0.707106781187  -0.707106781187
                  -0.577350269190   0.577350269190   0.577350269190
         0, 1462  -0.000000000000  -0.707106781187   0.707106781187
                  -0.577350269190   0.577350269190   0.577350269190
0, 1462 2669.802804831680 17658.639956322673 14403.663390872138    2    0
         0, 1461   0.000000000000   0.707106781187  -0.707106781187
                  -0.577350269190   0.577350269190   0.577350269190
         0, 1463  -0.000000000000  -0.707106781187   0.707106781187
                  -0.577350269190   0.577350269190   0.577350269190
0, 1463 2221.162238305953 17396.801043368574 14216.861737300511    2    0
         0, 1462   0.000000000000   0.707106781187  -0.707106781187
                  -0.577350269190   0.577350269190   0.577350269190
         0, 1464  -0.000000000000  -0.707106781187   0.707106781187
                  -0.577350269190   0.577350269190   0.577350269190
0, 1464 1772.521671780226 17134.962130414475 14030.060083728882    1    7
         0, 1463   0.000000000000   0.707106781187  -0.707106781187
                  -0.577350269190   0.577350269190   0.577350269190
0, 1465 12475.894532363989 15680.165222335008 15290.260754863821    1    7
         0, 1466   0.707106781187   0.000000000000  -0.707106781187
                   0.577350269190   0.577350269190   0.577350269190
0, 1466 12557.987690546814 15193.513477469918 15694.819341546086    2    0
         0, 1465  -0.707106781187  -0.000000000000   0.707106781187
                   0.577350269190   0.577350269190   0.577350269190
         0, 1467   0.707106781187   0.000000000000  -0.707106781187
                   0.577350269190   0.577350269190   0.577350269190
0, 1467 12640.080848729638 14706.861732604828 16099.377928228352    2    0
         0, 1466  -0.707106781187  -0.000000000000   0.707106781187
                   0.577350269190   0.577350269190   0.577350269190
         0, 1468   0.707106781187   0.000000000000  -0.707106781187
                   0.577350269190   0.577350269190   0.577350269190
0, 1468 12722.174006912461 14220.209987739738 16503.936514910620    2    0
         0, 1467  -0.707106781187  -0.000000000000   0.707106781187
                   0.577350269190   0.577350269190   0.577350269190
         0, 1469   0.707106781187   0.000000000000  -0.707106781187
                   0.577350269190   0.577350269190   0.577350269190
0, 1469 12804.267165095285 13733.558242874647 16908.495101592885    1    7
         0, 1468  -0.707106781187  -0.000000000000   0.707106781187
                   0.577350269190   0.577350269190   0.577350269190
0, 1470 6132.668278201485 12472.989615466458 18134.955631115168    1    7
         0, 1471  -0.707106781187  -0.707106781187  -0.000000000000
                   0.577350269190  -0.577350269190   0.577350269190
0, 1471 6398.201396122919 13021.013161104765 18417.446058832040    2    0
         0, 1470   0.707106781187   0.707106781187   0.000000000000
                   0.577350269190  -0.577350269190   0.577350269190
         0, 1472  -0.707106781187  -0.707106781187  -0.000000000000
                   0.577350269190  -0.577350269190   0.577350269190
0, 1472 6663.734514044352 13569.036706743071 18699.936486548911    2    0
         0, 1471   0.707106781187   0.707106781187   0.000000000000
                   0.577350269190  -0.577350269190   0.577350269190
         0, 1473  -0.707106781187  -0.707106781187  -0.000000000000
                   0.577350269190  -0.577350269190   0.577350269190
0, 1473 6929.267631965786 14117.060252381376 18982.426914265787    2    0
         0, 1472   0.707106781187   0.707106781187   0.000000000000
                   0.577350269190  -0.577350269190   0.577350269190
         0, 1474  -0.707106781187  -0.707106781187  -0.000000000000
                   0.577350269190  -0.577350269190   0.577350269190
0, 1474 7194.800749887219 14665.083798019683 19264.917341982658    1    7
         0, 1473   0.707106781187   0.707106781187   0.000000000000
                   0.577350269190  -0.577350269190   0.577350269190
0, 1475 9408.794189274988 14349.508064468606 20033.525466436502    1    7
         0, 1476   0.707106781187   0.000000000000   0.707106781187
                   0.577350269190   0.577350269190  -0.577350269190
0, 1476 9128.480589346753 14625.138861429556 20028.842663469215    2    0
         0, 1475  -0.707106781187  -0.000000000000  -0.707106781187
                   0.577350269190   0.577350269190  -0.577350269190
         0, 1477   0.707106781187   0.000000000000   0.707106781187
                   0.577350269190   0.577350269190  -0.577350269190
0, 1477 8848.166989418518 14900.769658390504 20024.159860501932    2    0
         0, 1476  -0.707106781187  -0.000000000000  -0.707106781187
                   0.577350269190   0.577350269190  -0.577350269190
         0, 1478   0.707106781187   0.000000000000   0.707106781187
                   0.577350269190   0.577350269190  -0.577350269190
0, 1478 8567.853389490285 15176.400455351453 20019.477057534645    2    0
         0, 1477  -0.707106781187  -0.000000000000  -0.707106781187
                   0.577350269190   0.577350269190  -0.577350269190
         0, 1479   0.707106781187   0.000000000000   0.707106781187
                   0.577350269190   0.577350269190  -0.577350269190
0, 1479 8287.539789562050 15452.031252312403 20014.794254567361    1    7
         0, 1478  -0.707106781187  -0.000000000000  -0.707106781187
                   0.577350269190   0.577350269190  -0.577350269190
0, 1480 11561.398748929390 9915.671506813385 10297.235992837581    1    7
         0, 1481  -0.707106781187   0.707106781187  -0.000000000000
                   0.577350269190   0.577350269190   0.577350269190
0, 1481 11165.515643370547 9795.402014332811 10813.388590876997    2    0
         0, 1480   0.707106781187  -0.707106781187   0.000000000000
                   0.577350269190   0.577350269190   0.577350269190
         0, 1482  -0.707106781187   0.707106781187  -0.000000000000
                   0.577350269190   0.577350269190   0.577350269190
0, 1482 10769.632537811704 9675.132521852238 11329.541188916415    2    0
         0, 1481   0.707106781187  -0.707106781187   0.000000000000
                   0.577350269190   0.577350269190   0.577350269190
         0, 1483  -0.707106781187   0.707106781187  -0.000000000000
                   0.577350269190   0.577350269190   0.577350269190
0, 1483 10373.749432252860 9554.863029371663 11845.693786955831    2    0
         0, 1482   0.707106781187  -0.707106781187   0.000000000000
                   0.577350269190   0.577350269190   0.577350269190
         0, 1484  -0.707106781187   0.707106781187  -0.000000000000
                   0.577350269190   0.577350269190   0.577350269190
0, 1484 9977.866326694017 9434.593536891090 12361.846384995250    1    7
         0, 1483   0.707106781187  -0.707106781187   0.000000000000
                   0.577350269190   0.577350269190   0.577350269190
0, 1485 12423.934910654334 11179.355677855046 12710.368597426888    1    7
         0, 1486   0.707106781187   0.000000000000  -0.707106781187
                   0.577350269190   0.577350269190   0.577350269190
0, 1486 11993.775016784601 11423.495764836762 12896.388404314906    2    0
         0, 1485  -0.707106781187  -0.000000000000   0.707106781187
                   0.577350269190   0.577350269190   0.577350269190
         0, 1487   0.707106781187   0.000000000000  -0.707106781187
                   0.577350269190   0.577350269190   0.577350269190
0, 1487 11563.615122914867 11667.635851818477 13082.408211202925    2    0
         0, 1486  -0.707106781187  -0.000000000000   0.707106781187
                   0.577350269190   0.577350269190   0.577350269190
         0, 1488   0.707106781187   0.000000000000  -0.707106781187
                   0.577350269190   0.577350269190   0.577350269190
0, 1488 11133.455229045134 11911.775938800192 13268.428018090943    2    0
         0, 1487  -0.707106781187  -0.000000000000   0.707106781187
                   0.577350269190   0.577350269190   0.577350269190
         0, 1489   0.707106781187   0.000000000000  -0.707106781187
                   0.577350269190   0.577350269190   0.577350269190
0, 1489 10703.295335175400 12155.916025781908 13454.447824978959    1    7
         0, 1488  -0.707106781187  -0.000000000000   0.707106781187
                   0.577350269190   0.577350269190   0.577350269190
0, 1490 16237.223998814330 12323.043445183112 9656.744413194701    1    7
         0, 1491  -0.000000000000  -0.707106781187  -0.707106781187
                   0.577350269190  -0.577350269190   0.577350269190
0, 1491 15797.563083462444 12412.017851238670 10185.379734602146    2    0
         0, 1490   0.000000000000   0.707106781187   0.707106781187
                   0.577350269190  -0.577350269190   0.577350269190
         0, 1492  -0.000000000000  -0.707106781187  -0.707106781187
                   0.577350269190  -0.577350269190   0.577350269190
0, 1492 15357.902168110559 12500.992257294227 10714.015056009590    2    0
         0, 1491   0.000000000000   0.707106781187   0.707106781187
                   0.577350269190  -0.577350269190   0.577350269190
         0, 1493  -0.000000000000  -0.707106781187  -0.707106781187
                   0.577350269190  -0.577350269190   0.577350269190
0, 1493 14918.241252758673 12589.966663349785 11242.650377417032    2    0
         0, 1492   0.000000000000   0.707106781187   0.707106781187
                   0.577350269190  -0.577350269190   0.577350269190
         0, 1494  -0.000000000000  -0.707106781187  -0.707106781187
                   0.577350269190  -0.577350269190   0.577350269190
0, 1494 14478.580337406787 12678.941069405344 11771.285698824477    1    7
         0, 1493   0.000000000000   0.707106781187   0.707106781187
                   0.577350269190  -0.577350269190   0.577350269190
0, 1495 5231.161904797347 10886.171748032797 16171.960598796482    1    7
         0, 1496  -0.000000000000  -0.707106781187   0.707106781187
                  -0.577350269190   0.577350269190   0.577350269190
0, 1496 5463.546230497804 10729.689220836339 16560.827451693396    2    0
         0, 1495   0.000000000000   0.707106781187  -0.707106781187
                  -0.577350269190   0.577350269190   0.577350269190
         0, 1497  -0.000000000000  -0.707106781187   0.707106781187
                  -0.577350269190   0.577350269190   0.577350269190
0, 1497 5695.930556198260 10573.206693639882 16949.694304590310    2    0
         0, 1496   0.000000000000   0.707106781187  -0.707106781187
                  -0.577350269190   0.577350269190   0.577350269190
         0, 1498  -0.000000000000  -0.707106781187   0.707106781187
                  -0.577350269190   0.577350269190   0.577350269190
0, 1498 5928.314881898716 10416.724166443424 17338.561157487224    2    0
         0, 1497   0.000000000000   0.707106781187  -0.707106781187
                  -0.577350269190   0.577350269190   0.577350269190
         0, 1499  -0.000000000000  -0.707106781187   0.707106781187
                  -0.577350269190   0.577350269190   0.577350269190
0, 1499 6160.699207599172 10260.241639246966 17727.428010384137    1    7
         0, 1498   0.000000000000   0.707106781187  -0.707106781187
                  -0.577350269190   0.577350269190   0.577350269190
0, 1500 10892.909034974191 4250.923595626727 14167.277759054363    1    7
         0, 1501   0.707106781187   0.000000000000   0.707106781187
                  -0.577350269190   0.577350269190   0.577350269190
0, 1501 11315.078779929510 4478.271240695965 14362.099858940443    2    0
         0, 1500  -0.707106781187  -0.000000000000  -0.707106781187
                  -0.577350269190   0.577350269190   0.577350269190
         0, 1502   0.707106781187   0.000000000000   0.707106781187
                  -0.577350269190   0.577350269190   0.577350269190
0, 1502 11737.248524884828 4705.618885765204 14556.921958826522    2    0
         0, 1501  -0.707106781187  -0.000000000000  -0.707106781187
                  -0.577350269190   0.577350269190   0.577350269190
         0, 1503   0.707106781187   0.000000000000   0.707106781187
                  -0.577350269190   0.577350269190   0.577350269190
0, 1503 12159.418269840147 4932.966530834443 14751.744058712602    2    0
         0, 1502  -0.707106781187  -0.000000000000  -0.707106781187
                  -0.577350269190   0.577350269190   0.577350269190
         0, 1504   0.707106781187   0.000000000000   0.707106781187
                  -0.577350269190   0.577350269190   0.577350269190
0, 1504 12581.588014795467 5160.314175903682 14946.566158598684    1    7
         0, 1503  -0.707106781187  -0.000000000000  -0.707106781187
                  -0.577350269190   0.577350269190   0.577350269190
0, 1505 11267.393321821879 8326.078242177817 9670.608163462570    1    7
         0, 1506  -0.707106781187   0.707106781187  -0.000000000000
                   0.577350269190   0.577350269190  -0.577350269190
0, 1506 11524.155360880561 7748.880811622057 9350.172771965492    2    0
         0, 1505   0.707106781187  -0.707106781187   0.000000000000
                   0.577350269190   0.577350269190  -0.577350269190
         0, 1507  -0.707106781187   0.707106781187  -0.000000000000
                   0.577350269190   0.577350269190  -0.577350269190
0, 1507 11780.917399939242 7171.683381066297 9029.737380468412    2    0
         0, 1506   0.707106781187  -0.707106781187   0.000000000000
                   0.577350269190   0.577350269190  -0.577350269190
         0, 1508  -0.707106781187   0.707106781187  -0.000000000000
                   0.577350269190   0.577350269190  -0.577350269190
0, 1508 12037.679438997922 6594.485950510537 8709.301988971334    2    0
         0, 1507   0.707106781187  -0.707106781187   0.000000000000
                   0.577350269190   0.577350269190  -0.577350269190
         0, 1509  -0.707106781187   0.707106781187  -0.000000000000
                   0.577350269190   0.577350269190  -0.577350269190
0, 1509 12294.441478056604 6017.288519954776 8388.866597474256    1    7
         0, 1508   0.707106781187  -0.707106781187   0.000000000000
                   0.577350269190   0.577350269190  -0.577350269190
0, 1510 7340.046654360449 1911.657650406797 2715.056579664752    1    7
         0, 1511   0.000000000000   0.707106781187  -0.707106781187
                  -0.577350269190   0.577350269190   0.577350269190
0, 1511 7376.829112343567 1674.716539417526 2988.780148637140    2    0
         0, 1510  -0.000000000000  -0.707106781187   0.707106781187
                  -0.577350269190   0.577350269190   0.577350269190
         0, 1512   0.000000000000   0.707106781187  -0.707106781187
                  -0.577350269190   0.577350269190   0.577350269190
0, 1512 7413.611570326683 1437.775428428256 3262.503717609527    2    0
         0, 1511  -0.000000000000  -0.707106781187   0.707106781187
                  -0.577350269190   0.577350269190   0.577350269190
         0, 1513   0.000000000000   0.707106781187  -0.707106781187
                  -0.577350269190   0.577350269190   0.577350269190
0, 1513 7450.394028309801 1200.834317438985 3536.227286581916    2    0
         0, 1512  -0.000000000000  -0.707106781187   0.707106781187
                  -0.577350269190   0.577350269190   0.577350269190
         0, 1514   0.000000000000   0.707106781187  -0.707106781187
                  -0.577350269190   0.577350269190   0.577350269190
0, 1514 7487.176486292919 963.893206449714 3809.950855554304    1    7
         0, 1513  -0.000000000000  -0.707106781187   0.707106781187
                  -0.577350269190   0.577350269190   0.577350269190
0, 1515 18412.720253431624 9305.673504623270 4190.298138688175    1    7
         0, 1516  -0.707106781187  -0.000000000000  -0.707106781187
                   0.577350269190   0.577350269190  -0.577350269190
0, 1516 18557.292406428442 9720.383655514263 4749.580442575983    2    0
         0, 1515   0.707106781187   0.000000000000   0.707106781187
                   0.577350269190   0.577350269190  -0.577350269190
         0, 1517  -0.707106781187  -0.000000000000  -0.707106781187
                   0.577350269190   0.577350269190  -0.577350269190
0, 1517 18701.864559425256 10135.093806405255 5308.862746463793    2    0
         0, 1516   0.707106781187   0.000000000000   0.707106781187
                   0.577350269190   0.577350269190  -0.577350269190
         0, 1518  -0.707106781187  -0.000000000000  -0.707106781187
                   0.577350269190   0.577350269190  -0.577350269190
0, 1518 18846.436712422073 10549.803957296248 5868.145050351603    2    0
         0, 1517   0.707106781187   0.000000000000   0.707106781187
                   0.577350269190   0.577350269190  -0.577350269190
         0, 1519  -0.707106781187  -0.000000000000  -0.707106781187
                   0.577350269190   0.577350269190  -0.577350269190
0, 1519 18991.008865418888 10964.514108187243 6427.427354239411    1    7
         0, 1518   0.707106781187   0.000000000000   0.707106781187
                   0.577350269190   0.577350269190  -0.577350269190
0, 1520 16593.962437443035 7723.011166472934 14647.511539399180    1    7
         0, 1521   0.707106781187   0.707106781187   0.000000000000
                   0.577350269190  -0.577350269190   0.577350269190
0, 1521 16303.858336192454 7712.728017190145 14927.332491366973    2    0
         0, 1520  -0.707106781187  -0.707106781187  -0.000000000000
                   0.577350269190  -0.577350269190   0.577350269190
         0, 1522   0.707106781187   0.707106781187   0.000000000000
                   0.577350269190  -0.577350269190   0.577350269190
0, 1522 16013.754234941871 7702.444867907355 15207.153443334764    2    0
         0, 1521  -0.707106781187  -0.707106781187  -0.000000000000
                   0.577350269190  -0.577350269190   0.577350269190
         0, 1523   0.707106781187   0.707106781187   0.000000000000
                   0.577350269190  -0.577350269190   0.577350269190
0, 1523 15723.650133691290 7692.161718624566 15486.974395302557    2    0
         0, 1522  -0.707106781187  -0.707106781187  -0.000000000000
                   0.577350269190  -0.577350269190   0.577350269190
         0, 1524   0.707106781187   0.707106781187   0.000000000000
                   0.577350269190  -0.577350269190   0.577350269190
0, 1524 15433.546032440709 7681.878569341776 15766.795347270348    1    7
         0, 1523  -0.707106781187  -0.707106781187  -0.000000000000
                   0.577350269190  -0.577350269190   0.577350269190
0, 1525 12812.100192006093 18754.407533195270 7680.317139642007    1    7
         0, 1526  -0.707106781187   0.707106781187  -0.000000000000
                   0.577350269190   0.577350269190   0.577350269190
0, 1526 12435.179590377169 18885.924484906223 7925.720789559979    2    0
         0, 1525   0.707106781187  -0.707106781187   0.000000000000
                   0.577350269190   0.577350269190   0.577350269190
         0, 1527  -0.707106781187   0.707106781187  -0.000000000000
                   0.577350269190   0.577350269190   0.577350269190
0, 1527 12058.258988748245 19017.441436617173 8171.124439477951    2    0
         0, 1526   0.707106781187  -0.707106781187   0.000000000000
                   0.577350269190   0.577350269190   0.577350269190
         0, 1528  -0.707106781187   0.707106781187  -0.000000000000
                   0.577350269190   0.577350269190   0.577350269190
0, 1528 11681.338387119320 19148.958388328127 8416.528089395924    2    0
         0, 1527   0.707106781187  -0.707106781187   0.000000000000
                   0.577350269190   0.577350269190   0.577350269190
         0, 1529  -0.707106781187   0.707106781187  -0.000000000000
                   0.577350269190   0.577350269190   0.577350269190
0, 1529 11304.417785490394 19280.475340039080 8661.931739313895    1    7
         0, 1528   0.707106781187  -0.707106781187   0.000000000000
                   0.577350269190   0.577350269190   0.577350269190
0, 1530 17885.768459535193 9935.405140641658 9836.817785195339    1    7
         0, 1531  -0.707106781187  -0.000000000000   0.707106781187
                   0.577350269190  -0.577350269190   0.577350269190
0, 1531 17581.760260909628 10198.438691483036 10403.859534662279    2    0
         0, 1530   0.707106781187   0.000000000000  -0.707106781187
                   0.577350269190  -0.577350269190   0.577350269190
         0, 1532  -0.707106781187  -0.000000000000   0.707106781187
                   0.577350269190  -0.577350269190   0.577350269190
0, 1532 17277.752062284068 10461.472242324411 10970.901284129217    2    0
         0, 1531   0.707106781187   0.000000000000  -0.707106781187
                   0.577350269190  -0.577350269190   0.577350269190
         0, 1533  -0.707106781187  -0.000000000000   0.707106781187
                   0.577350269190  -0.577350269190   0.577350269190
0, 1533 16973.743863658507 10724.505793165788 11537.943033596155    2    0
         0, 1532   0.707106781187   0.000000000000  -0.707106781187
                   0.577350269190  -0.577350269190   0.577350269190
         0, 1534  -0.707106781187  -0.000000000000   0.707106781187
                   0.577350269190  -0.577350269190   0.577350269190
0, 1534 16669.735665032942 10987.539344007164 12104.984783063095    1    7
         0, 1533   0.707106781187   0.000000000000  -0.707106781187
                   0.577350269190  -0.577350269190   0.577350269190
0, 1535 10999.612384301405 673.863035680259 12499.198309495428    1    7
         0, 1536  -0.000000000000  -0.707106781187   0.707106781187
                   0.577350269190   0.577350269190   0.577350269190
0, 1536 10507.209364645601 721.194740617520 12944.269624213972    2    0
         0, 1535   0.000000000000   0.707106781187  -0.707106781187
                   0.577350269190   0.577350269190   0.577350269190
         0, 1537  -0.000000000000  -0.707106781187   0.707106781187
                   0.577350269190   0.577350269190   0.577350269190
0, 1537 10014.806344989796 768.526445554782 13389.340938932513    2    0
         0, 1536   0.000000000000   0.707106781187  -0.707106781187
                   0.577350269190   0.577350269190   0.577350269190
         0, 1538  -0.000000000000  -0.707106781187   0.707106781187
                   0.577350269190   0.577350269190   0.577350269190
0, 1538 9522.403325333993 815.858150492043 13834.412253651057    2    0
         0, 1537   0.000000000000   0.707106781187  -0.707106781187
                   0.577350269190   0.577350269190   0.577350269190
         0, 1539  -0.000000000000  -0.707106781187   0.707106781187
                   0.577350269190   0.577350269190   0.577350269190
0, 1539 9030.000305678188 863.189855429305 14279.483568369600    1    7
         0, 1538   0.000000000000   0.707106781187  -0.707106781187
                   0.577350269190   0.577350269190   0.577350269190
0, 1540 5049.988005992669 1125.125467450571 18997.068901097100    1    7
         0, 1541   0.707106781187   0.707106781187   0.000000000000
                   0.577350269190  -0.577350269190   0.577350269190
0, 1541 5515.575282918763 1110.775074151131 18517.131230871564    2    0
         0, 1540  -0.707106781187  -0.707106781187  -0.000000000000
                   0.577350269190  -0.577350269190   0.577350269190
         0, 1542   0.707106781187   0.707106781187   0.000000000000
                   0.577350269190  -0.577350269190   0.577350269190
0, 1542 5981.162559844857 1096.424680851691 18037.193560646032    2    0
         0, 1541  -0.707106781187  -0.707106781187  -0.000000000000
                   0.577350269190  -0.577350269190   0.577350269190
         0, 1543   0.707106781187   0.707106781187   0.000000000000
                   0.577350269190  -0.577350269190   0.577350269190
0, 1543 6446.749836770950 1082.074287552251 17557.255890420500    2    0
         0, 1542  -0.707106781187  -0.707106781187  -0.000000000000
                   0.577350269190  -0.577350269190   0.577350269190
         0, 1544   0.707106781187   0.707106781187   0.000000000000
                   0.577350269190  -0.577350269190   0.577350269190
0, 1544 6912.337113697045 1067.723894252810 17077.318220194964    1    7
         0, 1543  -0.707106781187  -0.707106781187  -0.000000000000
                   0.577350269190  -0.577350269190   0.577350269190
0, 1545 12139.925296462645 8595.409359985873 8614.435956832001    1    7
         0, 1546  -0.707106781187  -0.707106781187  -0.000000000000
                  -0.577350269190   0.577350269190   0.577350269190
0, 1546 12434.956492553474 8970.327428817678 8534.549084091026    2    0
         0, 1545   0.707106781187   0.707106781187   0.000000000000
                  -0.577350269190   0.577350269190   0.577350269190
         0, 1547  -0.707106781187  -0.707106781187  -0.000000000000
                  -0.577350269190   0.577350269190   0.577350269190
0, 1547 12729.987688644303 9345.245497649485 8454.662211350049    2    0
         0, 1546   0.707106781187   0.707106781187   0.000000000000
                  -0.577350269190   0.577350269190   0.577350269190
         0, 1548  -0.707106781187  -0.707106781187  -0.000000000000
                  -0.577350269190   0.577350269190   0.577350269190
0, 1548 13025.018884735133 9720.163566481289 8374.775338609074    2    0
         0, 1547   0.707106781187   0.707106781187   0.000000000000
                  -0.577350269190   0.577350269190   0.577350269190
         0, 1549  -0.707106781187  -0.707106781187  -0.000000000000
                  -0.577350269190   0.577350269190   0.577350269190
0, 1549 13320.050080825962 10095.081635313094 8294.888465868098    1    7
         0, 1548   0.707106781187   0.707106781187   0.000000000000
                  -0.577350269190   0.577350269190   0.577350269190
0, 1550 5197.283095160829 15803.286154687607 3362.680545070861    1    7
         0, 1551   0.000000000000   0.707106781187  -0.707106781187
                   0.577350269190   0.577350269190   0.577350269190
0, 1551 5026.564742289410 16101.122722436865 3235.562330193021    2    0
         0, 1550  -0.000000000000  -0.707106781187   0.707106781187
                   0.577350269190   0.577350269190   0.577350269190
         0, 1552   0.000000000000   0.707106781187  -0.707106781187
                   0.577350269190   0.577350269190   0.577350269190
0, 1552 4855.846389417989 16398.959290186125 3108.444115315182    2    0
         0, 1551  -0.000000000000  -0.707106781187   0.707106781187
                   0.577350269190   0.577350269190   0.577350269190
         0, 1553   0.000000000000   0.707106781187  -0.707106781187
                   0.577350269190   0.577350269190   0.577350269190
0, 1553 4685.128036546570 16696.795857935384 2981.325900437343    2    0
         0, 1552  -0.000000000000  -0.707106781187   0.707106781187
                   0.577350269190   0.577350269190   0.577350269190
         0, 1554   0.000000000000   0.707106781187  -0.707106781187
                   0.577350269190   0.577350269190   0.577350269190
0, 1554 4514.409683675151 16994.632425684642 2854.207685559503    1    7
         0, 1553  -0.000000000000  -0.707106781187   0.707106781187
                   0.577350269190   0.577350269190   0.577350269190
0, 1555 4226.546791495810 3118.135584468519 10517.951185185922    1    7
         0, 1556  -0.000000000000  -0.707106781187  -0.707106781187
                   0.577350269190   0.577350269190  -0.577350269190
0, 1556 4335.035446482195 3361.855810791371 10870.160066495160    2    0
         0, 1555   0.000000000000   0.707106781187   0.707106781187
                   0.577350269190   0.577350269190  -0.577350269190
         0, 1557  -0.000000000000  -0.707106781187  -0.707106781187
                   0.577350269190   0.577350269190  -0.577350269190
0, 1557 4443.524101468580 3605.576037114224 11222.368947804398    2    0
         0, 1556   0.000000000000   0.707106781187   0.707106781187
                   0.577350269190   0.577350269190  -0.577350269190
         0, 1558  -0.000000000000  -0.707106781187  -0.707106781187
                   0.577350269190   0.577350269190  -0.577350269190
0, 1558 4552.012756454966 3849.296263437077 11574.577829113638    2    0
         0, 1557   0.000000000000   0.707106781187   0.707106781187
                   0.577350269190   0.577350269190  -0.577350269190
         0, 1559  -0.000000000000  -0.707106781187  -0.707106781187
                   0.577350269190   0.577350269190  -0.577350269190
0, 1559 4660.501411441351 4093.016489759930 11926.786710422875    1    7
         0, 1558   0.000000000000   0.707106781187   0.707106781187
                   0.577350269190   0.577350269190  -0.577350269190
0, 1560 18498.820107180054 4328.354452449033 18388.766905569937    1    7
         0, 1561   0.707106781187   0.000000000000   0.707106781187
                  -0.577350269190   0.577350269190   0.577350269190
0, 1561 17982.149176973646 3946.624954908380 18253.825472904180    2    0
         0, 1560  -0.707106781187  -0.000000000000  -0.707106781187
                  -0.577350269190   0.577350269190   0.577350269190
         0, 1562   0.707106781187   0.000000000000   0.707106781187
                  -0.577350269190   0.577350269190   0.577350269190
0, 1562 17465.478246767234 3564.895457367728 18118.884040238423    2    0
         0, 1561  -0.707106781187  -0.000000000000  -0.707106781187
                  -0.577350269190   0.577350269190   0.577350269190
         0, 1563   0.707106781187   0.000000000000   0.707106781187
                  -0.577350269190   0.577350269190   0.577350269190
0, 1563 16948.807316560826 3183.165959827075 17983.942607572666    2    0
         0, 1562  -0.707106781187  -0.000000000000  -0.707106781187
                  -0.577350269190   0.577350269190   0.577350269190
         0, 1564   0.707106781187   0.000000000000   0.707106781187
                  -0.577350269190   0.577350269190   0.577350269190
0, 1564 16432.136386354417 2801.436462286422 17849.001174906913    1    7
         0, 1563  -0.707106781187  -0.000000000000  -0.707106781187
                  -0.577350269190   0.577350269190   0.577350269190
0, 1565 12640.820613404643 13158.760068381180 13485.826642343447    1    7
         0, 1566  -0.707106781187  -0.000000000000  -0.707106781187
                   0.577350269190   0.577350269190  -0.577350269190
0, 1566 12654.920179033383 12694.096563081801 13035.262702672808    2    0
         0, 1565   0.707106781187   0.000000000000   0.707106781187
                   0.577350269190   0.577350269190  -0.577350269190
         0, 1567  -0.707106781187  -0.000000000000  -0.707106781187
                   0.577350269190   0.577350269190  -0.577350269190
0, 1567 12669.019744662122 12229.433057782424 12584.698763002170    2    0
         0, 1566   0.707106781187   0.000000000000   0.707106781187
                   0.577350269190   0.577350269190  -0.577350269190
         0, 1568  -0.707106781187  -0.000000000000  -0.707106781187
                   0.577350269190   0.577350269190  -0.577350269190
0, 1568 12683.119310290862 11764.769552483045 12134.134823331531    2    0
         0, 1567   0.707106781187   0.000000000000   0.707106781187
                   0.577350269190   0.577350269190  -0.577350269190
         0, 1569  -0.707106781187  -0.000000000000  -0.707106781187
                   0.577350269190   0.577350269190  -0.577350269190
0, 1569 12697.218875919601 11300.106047183668 11683.570883660892    1    7
         0, 1568   0.707106781187   0.000000000000   0.707106781187
                   0.577350269190   0.577350269190  -0.577350269190
0, 1570 6824.351403520270 246.143946277817 11101.725689846846    1    7
         0, 1571   0.707106781187   0.000000000000  -0.707106781187
                   0.577350269190  -0.577350269190   0.577350269190
0, 1571 7322.380371566062 302.529441659534 10660.082217182771    2    0
         0, 1570  -0.707106781187  -0.000000000000   0.707106781187
                   0.577350269190  -0.577350269190   0.577350269190
         0, 1572   0.707106781187   0.000000000000  -0.707106781187
                   0.577350269190  -0.577350269190   0.577350269190
0, 1572 7820.409339611853 358.914937041252 10218.438744518697    2    0
         0, 1571  -0.707106781187  -0.000000000000   0.707106781187
                   0.577350269190  -0.577350269190   0.577350269190
         0, 1573   0.707106781187   0.000000000000  -0.707106781187
                   0.577350269190  -0.577350269190   0.577350269190
0, 1573 8318.438307657645 415.300432422969 9776.795271854622    2    0
         0, 1572  -0.707106781187  -0.000000000000   0.707106781187
                   0.577350269190  -0.577350269190   0.577350269190
         0, 1574   0.707106781187   0.000000000000  -0.707106781187
                   0.577350269190  -0.577350269190   0.577350269190
0, 1574 8816.467275703437 471.685927804686 9335.151799190548    1    7
         0, 1573  -0.707106781187  -0.000000000000   0.707106781187
                   0.577350269190  -0.577350269190   0.577350269190
0, 1575 7314.027763836150 6455.422805446427 11147.110983124263    1    7
         0, 1576   0.000000000000   0.707106781187   0.707106781187
                   0.577350269190  -0.577350269190   0.577350269190
0, 1576 7127.592473736662 5975.922427788494 10854.045895565818    2    0
         0, 1575  -0.000000000000  -0.707106781187  -0.707106781187
                   0.577350269190  -0.577350269190   0.577350269190
         0, 1577   0.000000000000   0.707106781187   0.707106781187
                   0.577350269190  -0.577350269190   0.577350269190
0, 1577 6941.157183637175 5496.422050130561 10560.980808007373    2    0
         0, 1576  -0.000000000000  -0.707106781187  -0.707106781187
                   0.577350269190  -0.577350269190   0.577350269190
         0, 1578   0.000000000000   0.707106781187   0.707106781187
                   0.577350269190  -0.577350269190   0.577350269190
0, 1578 6754.721893537687 5016.921672472628 10267.915720448927    2    0
         0, 1577  -0.000000000000  -0.707106781187  -0.707106781187
                   0.577350269190  -0.577350269190   0.577350269190
         0, 1579   0.000000000000   0.707106781187   0.707106781187
                   0.577350269190  -0.577350269190   0.577350269190
0, 1579 6568.286603438199 4537.421294814696 9974.850632890484    1    7
         0, 1578  -0.000000000000  -0.707106781187  -0.707106781187
                   0.577350269190  -0.577350269190   0.577350269190
0, 1580 4950.701174927494 7393.200212824235 6153.736179497482    1    7
         0, 1581  -0.707106781187  -0.707106781187  -0.000000000000
                  -0.577350269190   0.577350269190   0.577350269190
0, 1581 4503.864612109219 7035.209765509383 6064.890063994058    2    0
         0, 1580   0.707106781187   0.707106781187   0.000000000000
                  -0.577350269190   0.577350269190   0.577350269190
         0, 1582  -0.707106781187  -0.707106781187  -0.000000000000
                  -0.577350269190   0.577350269190   0.577350269190
0, 1582 4057.028049290942 6677.219318194531 5976.043948490634    2    0
         0, 1581   0.707106781187   0.707106781187   0.000000000000
                  -0.577350269190   0.577350269190   0.577350269190
         0, 1583  -0.707106781187  -0.707106781187  -0.000000000000
                  -0.577350269190   0.577350269190   0.577350269190
0, 1583 3610.191486472667 6319.228870879680 5887.197832987209    2    0
         0, 1582   0.707106781187   0.707106781187   0.000000000000
                  -0.577350269190   0.577350269190   0.577350269190
         0, 1584  -0.707106781187  -0.707106781187  -0.000000000000
                  -0.577350269190   0.577350269190   0.577350269190
0, 1584 3163.354923654390 5961.238423564829 5798.351717483785    1    7
         0, 1583   0.707106781187   0.707106781187   0.000000000000
                  -0.577350269190   0.577350269190   0.577350269190
0, 1585 13636.168338222145 17174.072366364791 5734.785496432777    1    7
         0, 1586   0.707106781187  -0.707106781187   0.000000000000
                   0.577350269190   0.577350269190   0.577350269190
0, 1586 13138.179583267167 17674.668382903768 5732.178234848779    2    0
         0, 1585  -0.707106781187   0.707106781187  -0.000000000000
                   0.577350269190   0.577350269190   0.577350269190
         0, 1587   0.707106781187  -0.707106781187   0.000000000000
                   0.577350269190   0.577350269190   0.577350269190
0, 1587 12640.190828312190 18175.264399442745 5729.570973264780    2    0
         0, 1586  -0.707106781187   0.707106781187  -0.000000000000
                   0.577350269190   0.577350269190   0.577350269190
         0, 1588   0.707106781187  -0.707106781187   0.000000000000
                   0.577350269190   0.577350269190   0.577350269190
0, 1588 12142.202073357212 18675.860415981719 5726.963711680783    2    0
         0, 1587  -0.707106781187   0.707106781187  -0.000000000000
                   0.577350269190   0.577350269190   0.577350269190
         0, 1589   0.707106781187  -0.707106781187   0.000000000000
                   0.577350269190   0.577350269190   0.577350269190
0, 1589 11644.213318402233 19176.456432520696 5724.356450096784    1    7
         0, 1588  -0.707106781187   0.707106781187  -0.000000000000
                   0.577350269190   0.577350269190   0.577350269190
0, 1590 4787.782204026565 8290.013705248799 980.641554010773    1    7
         0, 1591   0.707106781187   0.707106781187   0.000000000000
                  -0.577350269190   0.577350269190   0.577350269190
0, 1591 5246.131826792132 8840.792202205630 888.212679819511    2    0
         0, 1590  -0.707106781187  -0.707106781187  -0.000000000000
                  -0.577350269190   0.577350269190   0.577350269190
         0, 1592   0.707106781187   0.707106781187   0.000000000000
                  -0.577350269190   0.577350269190   0.577350269190
0, 1592 5704.481449557700 9391.570699162459 795.783805628249    2    0
         0, 1591  -0.707106781187  -0.707106781187  -0.000000000000
                  -0.577350269190   0.577350269190   0.577350269190
         0, 1593   0.707106781187   0.707106781187   0.000000000000
                  -0.577350269190   0.577350269190   0.577350269190
0, 1593 6162.831072323268 9942.349196119289 703.354931436986    2    0
         0, 1592  -0.707106781187  -0.707106781187  -0.000000000000
                  -0.577350269190   0.577350269190   0.577350269190
         0, 1594   0.707106781187   0.707106781187   0.000000000000
                  -0.577350269190   0.577350269190   0.577350269190
0, 1594 6621.180695088836 10493.127693076120 610.926057245723    1    7
         0, 1593  -0.707106781187  -0.707106781187  -0.000000000000
                  -0.577350269190   0.577350269190   0.577350269190
0, 1595 13411.955633983664 11314.384687097287 12195.558924003797    1    7
         0, 1596   0.000000000000   0.707106781187  -0.707106781187
                   0.577350269190   0.577350269190   0.577350269190
0, 1596 13941.816989246821 10827.545106040701 12152.537149797225    2    0
         0, 1595  -0.000000000000  -0.707106781187   0.707106781187
                   0.577350269190   0.577350269190   0.577350269190
         0, 1597   0.000000000000   0.707106781187  -0.707106781187
                   0.577350269190   0.577350269190   0.577350269190
0, 1597 14471.678344509979 10340.705524984116 12109.515375590650    2    0
         0, 1596  -0.000000000000  -0.707106781187   0.707106781187
                   0.577350269190   0.577350269190   0.577350269190
         0, 1598   0.000000000000   0.707106781187  -0.707106781187
                   0.577350269190   0.577350269190   0.577350269190
0, 1598 15001.539699773139 9853.865943927531 12066.493601384078    2    0
         0, 1597  -0.000000000000  -0.707106781187   0.707106781187
                   0.577350269190   0.577350269190   0.577350269190
         0, 1599   0.000000000000   0.707106781187  -0.707106781187
                   0.577350269190   0.577350269190   0.577350269190
0, 1599 15531.401055036296 9367.026362870947 12023.471827177504    1    7
         0, 1598  -0.000000000000  -0.707106781187   0.707106781187
                   0.577350269190   0.577350269190   0.577350269190
0, 1600 2416.977472862210 12327.417245068425 19998.693615612399    1    7
         0, 1601   0.000000000000   0.707106781187  -0.707106781187
                  -0.577350269190   0.577350269190   0.577350269190
0, 1601 2303.119092481710 12642.347202212999 19569.905278087324    2    0
         0, 1600  -0.000000000000  -0.707106781187   0.707106781187
                  -0.577350269190   0.577350269190   0.577350269190
         0, 1602   0.000000000000   0.707106781187  -0.707106781187
                  -0.577350269190   0.577350269190   0.577350269190
0, 1602 2189.260712101209 12957.277159357574 19141.116940562250    2    0
         0, 1601  -0.000000000000  -0.707106781187   0.707106781187
                  -0.577350269190   0.577350269190   0.577350269190
         0, 1603   0.000000000000   0.707106781187  -0.707106781187
                  -0.577350269190   0.577350269190   0.577350269190
0, 1603 2075.402331720709 13272.207116502148 18712.328603037175    2    0
         0, 1602  -0.000000000000  -0.707106781187   0.707106781187
                  -0.577350269190   0.577350269190   0.577350269190
         0, 1604   0.000000000000   0.707106781187  -0.707106781187
                  -0.577350269190   0.577350269190   0.577350269190
0, 1604 1961.543951340209 13587.137073646723 18283.540265512100    1    7
         0, 1603  -0.000000000000  -0.707106781187   0.707106781187
                  -0.577350269190   0.577350269190   0.577350269190
0, 1605 15251.481472804120 15018.872400590331 11506.377367455218    1    7
         0, 1606  -0.000000000000  -0.707106781187   0.707106781187
                   0.577350269190   0.577350269190   0.577350269190
0, 1606 15079.804326569963 15497.549218859589 11199.377695420117    2    0
         0, 1605   0.000000000000   0.707106781187  -0.707106781187
                   0.577350269190   0.577350269190   0.577350269190
         0, 1607  -0.000000000000  -0.707106781187   0.707106781187
                   0.577350269190   0.577350269190   0.577350269190
0, 1607 14908.127180335807 15976.226037128845 10892.378023385018    2    0
         0, 1606   0.000000000000   0.707106781187  -0.707106781187
                   0.577350269190   0.577350269190   0.577350269190
         0, 1608  -0.000000000000  -0.707106781187   0.707106781187
                   0.577350269190   0.577350269190   0.577350269190
0, 1608 14736.450034101650 16454.902855398104 10585.378351349917    2    0
         0, 1607   0.000000000000   0.707106781187  -0.707106781187
                   0.577350269190   0.577350269190   0.577350269190
         0, 1609  -0.000000000000  -0.707106781187   0.707106781187
                   0.577350269190   0.577350269190   0.577350269190
0, 1609 14564.772887867493 16933.579673667358 10278.378679314816    1    7
         0, 1608   0.000000000000   0.707106781187  -0.707106781187
                   0.577350269190   0.577350269190   0.577350269190
0, 1610 17414.181182684606 2427.025827631708 18667.593355255285    1    7
         0, 1611   0.000000000000   0.707106781187   0.707106781187
                   0.577350269190   0.577350269190  -0.577350269190
0, 1611 17120.168374779212 2485.467804488297 18432.022524206481    2    0
         0, 1610  -0.000000000000  -0.707106781187  -0.707106781187
                   0.577350269190   0.577350269190  -0.577350269190
         0, 1612   0.000000000000   0.707106781187   0.707106781187
                   0.577350269190   0.577350269190  -0.577350269190
0, 1612 16826.155566873818 2543.909781344887 18196.451693157676    2    0
         0, 1611  -0.000000000000  -0.707106781187  -0.707106781187
                   0.577350269190   0.577350269190  -0.577350269190
         0, 1613   0.000000000000   0.707106781187   0.707106781187
                   0.577350269190   0.577350269190  -0.577350269190
0, 1613 16532.142758968424 2602.351758201476 17960.880862108872    2    0
         0, 1612  -0.000000000000  -0.707106781187  -0.707106781187
                   0.577350269190   0.577350269190  -0.577350269190
         0, 1614   0.000000000000   0.707106781187   0.707106781187
                   0.577350269190   0.577350269190  -0.577350269190
0, 1614 16238.129951063032 2660.793735058065 17725.310031060068    1    7
         0, 1613  -0.000000000000  -0.707106781187  -0.707106781187
                   0.577350269190   0.577350269190  -0.577350269190
0, 1615 2974.676457739265 5185.121392375154 110.705702724826    1    7
         0, 1616  -0.000000000000  -0.707106781187  -0.707106781187
                   0.577350269190  -0.577350269190   0.577350269190
0, 1616 2586.458431599699 4788.744094773070 102.546431262309    2    0
         0, 1615   0.000000000000   0.707106781187   0.707106781187
                   0.577350269190  -0.577350269190   0.577350269190
         0, 1617  -0.000000000000  -0.707106781187  -0.707106781187
                   0.577350269190  -0.577350269190   0.577350269190
0, 1617 2198.240405460132 4392.366797170987  94.387159799791    2    0
         0, 1616   0.000000000000   0.707106781187   0.707106781187
                   0.577350269190  -0.577350269190   0.577350269190
         0, 1618  -0.000000000000  -0.707106781187  -0.707106781187
                   0.577350269190  -0.577350269190   0.577350269190
0, 1618 1810.022379320566 3995.989499568902  86.227888337274    2    0
         0, 1617   0.000000000000   0.707106781187   0.707106781187
                   0.577350269190  -0.577350269190   0.577350269190
         0, 1619  -0.000000000000  -0.707106781187  -0.707106781187
                   0.577350269190  -0.577350269190   0.577350269190
0, 1619 1421.804353180999 3599.612201966818  78.068616874756    1    7
         0, 1618   0.000000000000   0.707106781187   0.707106781187
                   0.577350269190  -0.577350269190   0.577350269190
0, 1620 4603.697787694870 9064.236225474364 7471.319726651392    1    7
         0, 1621   0.707106781187   0.707106781187   0.000000000000
                   0.577350269190  -0.577350269190   0.577350269190
0, 1621 4222.853664341925 9061.412051300658 7849.339675830631    2    0
         0, 1620  -0.707106781187  -0.707106781187  -0.000000000000
                   0.577350269190  -0.577350269190   0.577350269190
         0, 1622   0.707106781187   0.707106781187   0.000000000000
                   0.577350269190  -0.577350269190   0.577350269190
0, 1622 3842.009540988979 9058.587877126951 8227.359625009871    2    0
         0, 1621  -0.707106781187  -0.707106781187  -0.000000000000
                   0.577350269190  -0.577350269190   0.577350269190
         0, 1623   0.707106781187   0.707106781187   0.000000000000
                   0.577350269190  -0.577350269190   0.577350269190
0, 1623 3461.165417636033 9055.763702953245 8605.379574189110    2    0
         0, 1622  -0.707106781187  -0.707106781187  -0.000000000000
                   0.577350269190  -0.577350269190   0.577350269190
         0, 1624   0.707106781187   0.707106781187   0.000000000000
                   0.577350269190  -0.577350269190   0.577350269190
0, 1624 3080.321294283087 9052.939528779540 8983.399523368349    1    7
         0, 1623  -0.707106781187  -0.707106781187  -0.000000000000
                   0.577350269190  -0.577350269190   0.577350269190
0, 1625 12297.524732186397 4218.000160033263 6444.976219787943    1    7
         0, 1626  -0.000000000000  -0.707106781187  -0.707106781187
                   0.577350269190   0.577350269190  -0.577350269190
0, 1626 12606.395328004153 3726.959733944230 6262.806389516666    2    0
         0, 1625   0.000000000000   0.707106781187   0.707106781187
                   0.577350269190   0.577350269190  -0.577350269190
         0, 1627  -0.000000000000  -0.707106781187  -0.707106781187
                   0.577350269190   0.577350269190  -0.577350269190
0, 1627 12915.265923821909 3235.919307855197 6080.636559245389    2    0
         0, 1626   0.000000000000   0.707106781187   0.707106781187
                   0.577350269190   0.577350269190  -0.577350269190
         0, 1628  -0.000000000000  -0.707106781187  -0.707106781187
                   0.577350269190   0.577350269190  -0.577350269190
0, 1628 13224.136519639667 2744.878881766163 5898.466728974114    2    0
         0, 1627   0.000000000000   0.707106781187   0.707106781187
                   0.577350269190   0.577350269190  -0.577350269190
         0, 1629  -0.000000000000  -0.707106781187  -0.707106781187
                   0.577350269190   0.577350269190  -0.577350269190
0, 1629 13533.007115457423 2253.838455677131 5716.296898702837    1    7
         0, 1628   0.000000000000   0.707106781187   0.707106781187
                   0.577350269190   0.577350269190  -0.577350269190
0, 1630 7870.221238840392 17451.117398430488 19130.520796232515    1    7
         0, 1631   0.707106781187   0.707106781187   0.000000000000
                  -0.577350269190   0.577350269190   0.577350269190
0, 1631 8054.300403902577 17842.276799247593 18923.440560477597    2    0
         0, 1630  -0.707106781187  -0.707106781187  -0.000000000000
                  -0.577350269190   0.577350269190   0.577350269190
         0, 1632   0.707106781187   0.707106781187   0.000000000000
                  -0.577350269190   0.577350269190   0.577350269190
0, 1632 8238.379568964761 18233.436200064698 18716.360324722675    2    0
         0, 1631  -0.707106781187  -0.707106781187  -0.000000000000
                  -0.577350269190   0.577350269190   0.577350269190
         0, 1633   0.707106781187   0.707106781187   0.000000000000
                  -0.577350269190   0.577350269190   0.577350269190
0, 1633 8422.458734026946 18624.595600881803 18509.280088967756    2    0
         0, 1632  -0.707106781187  -0.707106781187  -0.000000000000
                  -0.577350269190   0.577350269190   0.577350269190
         0, 1634   0.707106781187   0.707106781187   0.000000000000
                  -0.577350269190   0.577350269190   0.577350269190
0, 1634 8606.537899089131 19015.755001698908 18302.199853212835    1    7
         0, 1633  -0.707106781187  -0.707106781187  -0.000000000000
                  -0.577350269190   0.577350269190   0.577350269190
0, 1635 10132.362126660626 15568.059181266110 643.261044900135    1    7
         0, 1636   0.707106781187   0.000000000000  -0.707106781187
                   0.577350269190  -0.577350269190   0.577350269190
0, 1636 9690.228679040343 15123.577116704415 640.912427958724    2    0
         0, 1635  -0.707106781187  -0.000000000000   0.707106781187
                   0.577350269190  -0.577350269190   0.577350269190
         0, 1637   0.707106781187   0.000000000000  -0.707106781187
                   0.577350269190  -0.577350269190   0.577350269190
0, 1637 9248.095231420062 14679.095052142722 638.563811017312    2    0
         0, 1636  -0.707106781187  -0.000000000000   0.707106781187
                   0.577350269190  -0.577350269190   0.577350269190
         0, 1638   0.707106781187   0.000000000000  -0.707106781187
                   0.577350269190  -0.577350269190   0.577350269190
0, 1638 8805.961783799779 14234.612987581029 636.215194075901    2    0
         0, 1637  -0.707106781187  -0.000000000000   0.707106781187
                   0.577350269190  -0.577350269190   0.577350269190
         0, 1639   0.707106781187   0.000000000000  -0.707106781187
                   0.577350269190  -0.577350269190   0.577350269190
0, 1639 8363.828336179497 13790.130923019335 633.866577134489    1    7
         0, 1638  -0.707106781187  -0.000000000000   0.707106781187
                   0.577350269190  -0.577350269190   0.577350269190
0, 1640 5565.469829424509 12991.800082983191 6440.901925490704    1    7
         0, 1641  -0.000000000000  -0.707106781187  -0.707106781187
                   0.577350269190  -0.577350269190   0.577350269190
0, 1641 5273.676121479995 13135.461503966155 6876.357054418182    2    0
         0, 1640   0.000000000000   0.707106781187   0.707106781187
                   0.577350269190  -0.577350269190   0.577350269190
         0, 1642  -0.000000000000  -0.707106781187  -0.707106781187
                   0.577350269190  -0.577350269190   0.577350269190
0, 1642 4981.882413535482 13279.122924949119 7311.812183345660    2    0
         0, 1641   0.000000000000   0.707106781187   0.707106781187
                   0.577350269190  -0.577350269190   0.577350269190
         0, 1643  -0.000000000000  -0.707106781187  -0.707106781187
                   0.577350269190  -0.577350269190   0.577350269190
0, 1643 4690.088705590968 13422.784345932083 7747.267312273138    2    0
         0, 1642   0.000000000000   0.707106781187   0.707106781187
                   0.577350269190  -0.577350269190   0.577350269190
         0, 1644  -0.000000000000  -0.707106781187  -0.707106781187
                   0.577350269190  -0.577350269190   0.577350269190
0, 1644 4398.294997646453 13566.445766915047 8182.722441200616    1    7
         0, 1643   0.000000000000   0.707106781187   0.707106781187
                   0.577350269190  -0.577350269190   0.577350269190
0, 1645 9068.580358533205 15864.273837663872 5400.184198329734    1    7
         0, 1646  -0.000000000000  -0.707106781187  -0.707106781187
                   0.577350269190   0.577350269190  -0.577350269190
0, 1646 9488.475610172936 15485.272603511536 5441.078215817129    2    0
         0, 1645   0.000000000000   0.707106781187   0.707106781187
                   0.577350269190   0.577350269190  -0.577350269190
         0, 1647  -0.000000000000  -0.707106781187  -0.707106781187
                   0.577350269190   0.577350269190  -0.577350269190
0, 1647 9908.370861812667 15106.271369359200 5481.972233304524    2    0
         0, 1646   0.000000000000   0.707106781187   0.707106781187
                   0.577350269190   0.577350269190  -0.577350269190
         0, 1648  -0.000000000000  -0.707106781187  -0.707106781187
                   0.577350269190   0.577350269190  -0.577350269190
0, 1648 10328.266113452399 14727.270135206863 5522.866250791919    2    0
         0, 1647   0.000000000000   0.707106781187   0.707106781187
                   0.577350269190   0.577350269190  -0.577350269190
         0, 1649  -0.000000000000  -0.707106781187  -0.707106781187
                   0.577350269190   0.577350269190  -0.577350269190
0, 1649 10748.161365092130 14348.268901054525 5563.760268279314    1    7
         0, 1648   0.000000000000   0.707106781187   0.707106781187
                   0.577350269190   0.577350269190  -0.577350269190
0, 1650 16594.850884821884 16585.594129933979 17874.459314077343    1    7
         0, 1651  -0.707106781187  -0.000000000000  -0.707106781187
                  -0.577350269190   0.577350269190   0.577350269190
0, 1651 16499.632723756291 17009.542924843972 17355.292358101757    2    0
         0, 1650   0.707106781187   0.000000000000   0.707106781187
                  -0.577350269190   0.577350269190   0.577350269190
         0, 1652  -0.707106781187  -0.000000000000  -0.707106781187
                  -0.577350269190   0.577350269190   0.577350269190
0, 1652 16404.414562690701 17433.491719753969 16836.125402126170    2    0
         0, 1651   0.707106781187   0.000000000000   0.707106781187
                  -0.577350269190   0.577350269190   0.577350269190
         0, 1653  -0.707106781187  -0.000000000000  -0.707106781187
                  -0.577350269190   0.577350269190   0.577350269190
0, 1653 16309.196401625110 17857.440514663962 16316.958446150584    2    0
         0, 1652   0.707106781187   0.000000000000   0.707106781187
                  -0.577350269190   0.577350269190   0.577350269190
         0, 1654  -0.707106781187  -0.000000000000  -0.707106781187
                  -0.577350269190   0.577350269190   0.577350269190
0, 1654 16213.978240559518 18281.389309573959 15797.791490174997    1    7
         0, 1653   0.707106781187   0.000000000000   0.707106781187
                  -0.577350269190   0.577350269190   0.577350269190
0, 1655 18773.055912080221 10631.294493814828 7480.868075715026    1    7
         0, 1656   0.707106781187   0.707106781187   0.000000000000
                   0.577350269190  -0.577350269190   0.577350269190
0, 1656 18546.711469418395 10998.429708627662 8074.347733189687    2    0
         0, 1655  -0.707106781187  -0.707106781187  -0.000000000000
                   0.577350269190  -0.577350269190   0.577350269190
         0, 1657   0.707106781187   0.707106781187   0.000000000000
                   0.577350269190  -0.577350269190   0.577350269190
0, 1657 18320.367026756565 11365.564923440495 8667.827390664348    2    0
         0, 1656  -0.707106781187  -0.707106781187  -0.000000000000
                   0.577350269190  -0.577350269190   0.577350269190
         0, 1658   0.707106781187   0.707106781187   0.000000000000
                   0.577350269190  -0.577350269190   0.577350269190
0, 1658 18094.022584094739 11732.700138253329 9261.307048139010    2    0
         0, 1657  -0.707106781187  -0.707106781187  -0.000000000000
                   0.577350269190  -0.577350269190   0.577350269190
         0, 1659   0.707106781187   0.707106781187   0.000000000000
                   0.577350269190  -0.577350269190   0.577350269190
0, 1659 17867.678141432913 12099.835353066162 9854.786705613669    1    7
         0, 1658  -0.707106781187  -0.707106781187  -0.000000000000
                   0.577350269190  -0.577350269190   0.577350269190
0, 1660 5879.526578045378 6151.146158138924 3344.054404226514    1    7
         0, 1661   0.707106781187   0.000000000000   0.707106781187
                   0.577350269190   0.577350269190  -0.577350269190
0, 1661 5849.556147602018 5720.969081456380 2883.906897100610    2    0
         0, 1660  -0.707106781187  -0.000000000000  -0.707106781187
                   0.577350269190   0.577350269190  -0.577350269190
         0, 1662   0.707106781187   0.000000000000   0.707106781187
                   0.577350269190   0.577350269190  -0.577350269190
0, 1662 5819.585717158658 5290.792004773836 2423.759389974705    2    0
         0, 1661  -0.707106781187  -0.000000000000  -0.707106781187
                   0.577350269190   0.577350269190  -0.577350269190
         0, 1663   0.707106781187   0.000000000000   0.707106781187
                   0.577350269190   0.577350269190  -0.577350269190
0, 1663 5789.615286715297 4860.614928091292 1963.611882848801    2    0
         0, 1662  -0.707106781187  -0.000000000000  -0.707106781187
                   0.577350269190   0.577350269190  -0.577350269190
         0, 1664   0.707106781187   0.000000000000   0.707106781187
                   0.577350269190   0.577350269190  -0.577350269190
0, 1664 5759.644856271936 4430.437851408748 1503.464375722896    1    7
         0, 1663  -0.707106781187  -0.000000000000  -0.707106781187
                   0.577350269190   0.577350269190  -0.577350269190
0, 1665 12957.663699783019 9633.640653030874 9983.813886818569    1    7
         0, 1666  -0.707106781187  -0.000000000000  -0.707106781187
                  -0.577350269190   0.577350269190   0.577350269190
0, 1666 12752.167338417443 10030.836501738870 9381.121676744997    2    0
         0, 1665   0.707106781187   0.000000000000   0.707106781187
                  -0.577350269190   0.577350269190   0.577350269190
         0, 1667  -0.707106781187  -0.000000000000  -0.707106781187
                  -0.577350269190   0.577350269190   0.577350269190
0, 1667 12546.670977051866 10428.032350446865 8778.429466671425    2    0
         0, 1666   0.707106781187   0.000000000000   0.707106781187
                  -0.577350269190   0.577350269190   0.577350269190
         0, 1668  -0.707106781187  -0.000000000000  -0.707106781187
                  -0.577350269190   0.577350269190   0.577350269190
0, 1668 12341.174615686290 10825.228199154863 8175.737256597853    2    0
         0, 1667   0.707106781187   0.000000000000   0.707106781187
                  -0.577350269190   0.577350269190   0.577350269190
         0, 1669  -0.707106781187  -0.000000000000  -0.707106781187
                  -0.577350269190   0.577350269190   0.577350269190
0, 1669 12135.678254320714 11222.424047862858 7573.045046524280    1    7
         0, 1668   0.707106781187   0.000000000000   0.707106781187
                  -0.577350269190   0.577350269190   0.577350269190
0, 1670 16192.108791345810 5168.796004036673 13620.204367066559    1    7
         0, 1671  -0.707106781187  -0.000000000000   0.707106781187
                   0.577350269190   0.577350269190   0.577350269190
0, 1671 16293.182285946439 4799.167394128028 13888.759482374577    2    0
         0, 1670   0.707106781187   0.000000000000  -0.707106781187
                   0.577350269190   0.577350269190   0.577350269190
         0, 1672  -0.707106781187  -0.000000000000   0.707106781187
                   0.577350269190   0.577350269190   0.577350269190
0, 1672 16394.255780547068 4429.538784219381 14157.314597682594    2    0
         0, 1671   0.707106781187   0.000000000000  -0.707106781187
                   0.577350269190   0.577350269190   0.577350269190
         0, 1673  -0.707106781187  -0.000000000000   0.707106781187
                   0.577350269190   0.577350269190   0.577350269190
0, 1673 16495.329275147695 4059.910174310736 14425.869712990612    2    0
         0, 1672   0.707106781187   0.000000000000  -0.707106781187
                   0.577350269190   0.577350269190   0.577350269190
         0, 1674  -0.707106781187  -0.000000000000   0.707106781187
                   0.577350269190   0.577350269190   0.577350269190
0, 1674 16596.402769748325 3690.281564402089 14694.424828298630    1    7
         0, 1673   0.707106781187   0.000000000000  -0.707106781187
                   0.577350269190   0.577350269190   0.577350269190
0, 1675 17466.894022861612 6442.155519731394 16065.434651164169    1    7
         0, 1676   0.707106781187   0.000000000000  -0.707106781187
                   0.577350269190   0.577350269190   0.577350269190
0, 1676 17213.280010134586 6231.360953983573 16529.843229639016    2    0
         0, 1675  -0.707106781187  -0.000000000000   0.707106781187
                   0.577350269190   0.577350269190   0.577350269190
         0, 1677   0.707106781187   0.000000000000  -0.707106781187
                   0.577350269190   0.577350269190   0.577350269190
0, 1677 16959.665997407556 6020.566388235753 16994.251808113866    2    0
         0, 1676  -0.707106781187  -0.000000000000   0.707106781187
                   0.577350269190   0.577350269190   0.577350269190
         0, 1678   0.707106781187   0.000000000000  -0.707106781187
                   0.577350269190   0.577350269190   0.577350269190
0, 1678 16706.051984680529 5809.771822487934 17458.660386588715    2    0
         0, 1677  -0.707106781187  -0.000000000000   0.707106781187
                   0.577350269190   0.577350269190   0.577350269190
         0, 1679   0.707106781187   0.000000000000  -0.707106781187
                   0.577350269190   0.577350269190   0.577350269190
0, 1679 16452.437971953499 5598.977256740113 17923.068965063561    1    7
         0, 1678  -0.707106781187  -0.000000000000   0.707106781187
                   0.577350269190   0.577350269190   0.577350269190
0, 1680 11807.030354840757 15479.125755256271 19945.355334266449    1    7
         0, 1681   0.000000000000   0.707106781187   0.707106781187
                   0.577350269190  -0.577350269190   0.577350269190
0, 1681 12385.570336578603 15926.850233662246 19814.539830934576    2    0
         0, 1680  -0.000000000000  -0.707106781187  -0.707106781187
                   0.577350269190  -0.577350269190   0.577350269190
         0, 1682   0.000000000000   0.707106781187   0.707106781187
                   0.577350269190  -0.577350269190   0.577350269190
0, 1682 12964.110318316449 16374.574712068221 19683.724327602707    2    0
         0, 1681  -0.000000000000  -0.707106781187  -0.707106781187
                   0.577350269190  -0.577350269190   0.577350269190
         0, 1683   0.000000000000   0.707106781187   0.707106781187
                   0.577350269190  -0.577350269190   0.577350269190
0, 1683 13542.650300054294 16822.299190474194 19552.908824270835    2    0
         0, 1682  -0.000000000000  -0.707106781187  -0.707106781187
                   0.577350269190  -0.577350269190   0.577350269190
         0, 1684   0.000000000000   0.707106781187   0.707106781187
                   0.577350269190  -0.577350269190   0.577350269190
0, 1684 14121.190281792140 17270.023668880167 19422.093320938966    1    7
         0, 1683  -0.000000000000  -0.707106781187  -0.707106781187
                   0.577350269190  -0.577350269190   0.577350269190
0, 1685 15438.310201814371 9998.868744439847 18631.846644865622    1    7
         0, 1686  -0.000000000000  -0.707106781187   0.707106781187
                  -0.577350269190   0.577350269190   0.577350269190
0, 1686 14961.733436244833 9585.305884325697 18568.832739410234    2    0
         0, 1685   0.000000000000   0.707106781187  -0.707106781187
                  -0.577350269190   0.577350269190   0.577350269190
         0, 1687  -0.000000000000  -0.707106781187   0.707106781187
                  -0.577350269190   0.577350269190   0.577350269190
0, 1687 14485.156670675293 9171.743024211544 18505.818833954847    2    0
         0, 1686   0.000000000000   0.707106781187  -0.707106781187
                  -0.577350269190   0.577350269190   0.577350269190
         0, 1688  -0.000000000000  -0.707106781187   0.707106781187
                  -0.577350269190   0.577350269190   0.577350269190
0, 1688 14008.579905105755 8758.180164097394 18442.804928499459    2    0
         0, 1687   0.000000000000   0.707106781187  -0.707106781187
                  -0.577350269190   0.577350269190   0.577350269190
         0, 1689  -0.000000000000  -0.707106781187   0.707106781187
                  -0.577350269190   0.577350269190   0.577350269190
0, 1689 13532.003139536217 8344.617303983243 18379.791023044072    1    7
         0, 1688   0.000000000000   0.707106781187  -0.707106781187
                  -0.577350269190   0.577350269190   0.577350269190
0, 1690 3190.234079574208 6073.739801604970 17008.954864088311    1    7
         0, 1691   0.707106781187   0.707106781187   0.000000000000
                   0.577350269190  -0.577350269190   0.577350269190
0, 1691 2893.027987270857 5576.435480322605 16808.856635109296    2    0
         0, 1690  -0.707106781187  -0.707106781187  -0.000000000000
                   0.577350269190  -0.577350269190   0.577350269190
         0, 1692   0.707106781187   0.707106781187   0.000000000000
                   0.577350269190  -0.577350269190   0.577350269190
0, 1692 2595.821894967507 5079.131159040240 16608.758406130284    2    0
         0, 1691  -0.707106781187  -0.707106781187  -0.000000000000
                   0.577350269190  -0.577350269190   0.577350269190
         0, 1693   0.707106781187   0.707106781187   0.000000000000
                   0.577350269190  -0.577350269190   0.577350269190
0, 1693 2298.615802664155 4581.826837757876 16408.660177151269    2    0
         0, 1692  -0.707106781187  -0.707106781187  -0.000000000000
                   0.577350269190  -0.577350269190   0.577350269190
         0, 1694   0.707106781187   0.707106781187   0.000000000000
                   0.577350269190  -0.577350269190   0.577350269190
0, 1694 2001.409710360804 4084.522516475511 16208.561948172257    1    7
         0, 1693  -0.707106781187  -0.707106781187  -0.000000000000
                   0.577350269190  -0.577350269190   0.577350269190
0, 1695 4768.953180234116 10455.530482380051 14697.359964749525    1    7
         0, 1696  -0.707106781187  -0.000000000000  -0.707106781187
                  -0.577350269190   0.577350269190   0.577350269190
0, 1696 4942.162373704761 10168.429336359997 15157.670304240222    2    0
         0, 1695   0.707106781187   0.000000000000   0.707106781187
                  -0.577350269190   0.577350269190   0.577350269190
         0, 1697  -0.707106781187  -0.000000000000  -0.707106781187
                  -0.577350269190   0.577350269190   0.577350269190
0, 1697 5115.371567175407 9881.328190339944 15617.980643730922    2    0
         0, 1696   0.707106781187   0.000000000000   0.707106781187
                  -0.577350269190   0.577350269190   0.577350269190
         0, 1698  -0.707106781187  -0.000000000000  -0.707106781187
                  -0.577350269190   0.577350269190   0.577350269190
0, 1698 5288.580760646052 9594.227044319890 16078.290983221621    2    0
         0, 1697   0.707106781187   0.000000000000   0.707106781187
                  -0.577350269190   0.577350269190   0.577350269190
         0, 1699  -0.707106781187  -0.000000000000  -0.707106781187
                  -0.577350269190   0.577350269190   0.577350269190
0, 1699 5461.789954116697 9307.125898299839 16538.601322712319    1    7
         0, 1698   0.707106781187   0.000000000000   0.707106781187
                  -0.577350269190   0.577350269190   0.577350269190
0, 1700 11983.467589848755 10348.576632376620 12634.134420323508    1    7
         0, 1701  -0.707106781187  -0.707106781187  -0.000000000000
                   0.577350269190  -0.577350269190   0.577350269190
0, 1701 11724.234216080486 9895.446819207398 12440.237980922555    2    0
         0, 1700   0.707106781187   0.707106781187   0.000000000000
                   0.577350269190  -0.577350269190   0.577350269190
         0, 1702  -0.707106781187  -0.707106781187  -0.000000000000
                   0.577350269190  -0.577350269190   0.577350269190
0, 1702 11465.000842312216 9442.317006038178 12246.341541521602    2    0
         0, 1701   0.707106781187   0.707106781187   0.000000000000
                   0.577350269190  -0.577350269190   0.577350269190
         0, 1703  -0.707106781187  -0.707106781187  -0.000000000000
                   0.577350269190  -0.577350269190   0.577350269190
0, 1703 11205.767468543947 8989.187192868956 12052.445102120651    2    0
         0, 1702   0.707106781187   0.707106781187   0.000000000000
                   0.577350269190  -0.577350269190   0.577350269190
         0, 1704  -0.707106781187  -0.707106781187  -0.000000000000
                   0.577350269190  -0.577350269190   0.577350269190
0, 1704 10946.534094775678 8536.057379699734 11858.548662719699    1    7
         0, 1703   0.707106781187   0.707106781187   0.000000000000
                   0.577350269190  -0.577350269190   0.577350269190
0, 1705 8694.922729765865 12100.560897450538 10391.347201135784    1    7
         0, 1706  -0.707106781187  -0.000000000000   0.707106781187
                   0.577350269190   0.577350269190   0.577350269190
0, 1706 9108.477238097217 11853.054592548187 10225.298997706783    2    0
         0, 1705   0.707106781187   0.000000000000  -0.707106781187
                   0.577350269190   0.577350269190   0.577350269190
         0, 1707  -0.707106781187  -0.000000000000   0.707106781187
                   0.577350269190   0.577350269190   0.577350269190
0, 1707 9522.031746428569 11605.548287645837 10059.250794277781    2    0
         0, 1706   0.707106781187   0.000000000000  -0.707106781187
                   0.577350269190   0.577350269190   0.577350269190
         0, 1708  -0.707106781187  -0.000000000000   0.707106781187
                   0.577350269190   0.577350269190   0.577350269190
0, 1708 9935.586254759921 11358.041982743487 9893.202590848778    2    0
         0, 1707   0.707106781187   0.000000000000  -0.707106781187
                   0.577350269190   0.577350269190   0.577350269190
         0, 1709  -0.707106781187  -0.000000000000   0.707106781187
                   0.577350269190   0.577350269190   0.577350269190
0, 1709 10349.140763091273 11110.535677841137 9727.154387419776    1    7
         0, 1708   0.707106781187   0.000000000000  -0.707106781187
                   0.577350269190   0.577350269190   0.577350269190
0, 1710 15437.365059186253 6998.774411357195 16483.580779989879    1    7
         0, 1711  -0.707106781187   0.707106781187  -0.000000000000
                   0.577350269190   0.577350269190  -0.577350269190
0, 1711 14980.799145110079 6944.196566915796 15972.437021472306    2    0
         0, 1710   0.707106781187  -0.707106781187   0.000000000000
                   0.577350269190   0.577350269190  -0.577350269190
         0, 1712  -0.707106781187   0.707106781187  -0.000000000000
                   0.577350269190   0.577350269190  -0.577350269190
0, 1712 14524.233231033904 6889.618722474397 15461.293262954732    2    0
         0, 1711   0.707106781187  -0.707106781187   0.000000000000
                   0.577350269190   0.577350269190  -0.577350269190
         0, 1713  -0.707106781187   0.707106781187  -0.000000000000
                   0.577350269190   0.577350269190  -0.577350269190
0, 1713 14067.667316957730 6835.040878032997 14950.149504437159    2    0
         0, 1712   0.707106781187  -0.707106781187   0.000000000000
                   0.577350269190   0.577350269190  -0.577350269190
         0, 1714  -0.707106781187   0.707106781187  -0.000000000000
                   0.577350269190   0.577350269190  -0.577350269190
0, 1714 13611.101402881555 6780.463033591598 14439.005745919585    1    7
         0, 1713   0.707106781187  -0.707106781187   0.000000000000
                   0.577350269190   0.577350269190  -0.577350269190
0, 1715 10396.023710530289 5148.833578587052 14896.199968973822    1    7
         0, 1716   0.707106781187   0.000000000000  -0.707106781187
                   0.577350269190  -0.577350269190   0.577350269190
0, 1716 10955.688456730728 5657.332110377067 14845.033754563399    2    0
         0, 1715  -0.707106781187  -0.000000000000   0.707106781187
                   0.577350269190  -0.577350269190   0.577350269190
         0, 1717   0.707106781187   0.000000000000  -0.707106781187
                   0.577350269190  -0.577350269190   0.577350269190
0, 1717 11515.353202931165 6165.830642167080 14793.867540152974    2    0
         0, 1716  -0.707106781187  -0.000000000000   0.707106781187
                   0.577350269190  -0.577350269190   0.577350269190
         0, 1718   0.707106781187   0.000000000000  -0.707106781187
                   0.577350269190  -0.577350269190   0.577350269190
0, 1718 12075.017949131603 6674.329173957094 14742.701325742551    2    0
         0, 1717  -0.707106781187  -0.000000000000   0.707106781187
                   0.577350269190  -0.577350269190   0.577350269190
         0, 1719   0.707106781187   0.000000000000  -0.707106781187
                   0.577350269190  -0.577350269190   0.577350269190
0, 1719 12634.682695332041 7182.827705747109 14691.535111332129    1    7
         0, 1718  -0.707106781187  -0.000000000000   0.707106781187
                   0.577350269190  -0.577350269190   0.577350269190
0, 1720 5104.397080543680 11317.819249673890 17073.127442467248    1    7
         0, 1721   0.707106781187   0.000000000000  -0.707106781187
                   0.577350269190   0.577350269190   0.577350269190
0, 1721 5122.611687024512 10778.863121948536 17593.868963711771    2    0
         0, 1720  -0.707106781187  -0.000000000000   0.707106781187
                   0.577350269190   0.577350269190   0.577350269190
         0, 1722   0.707106781187   0.000000000000  -0.707106781187
                   0.577350269190   0.577350269190   0.577350269190
0, 1722 5140.826293505345 10239.906994223182 18114.610484956291    2    0
         0, 1721  -0.707106781187  -0.000000000000   0.707106781187
                   0.577350269190   0.577350269190   0.577350269190
         0, 1723   0.707106781187   0.000000000000  -0.707106781187
                   0.577350269190   0.577350269190   0.577350269190
0, 1723 5159.040899986177 9700.950866497828 18635.352006200814    2    0
         0, 1722  -0.707106781187  -0.000000000000   0.707106781187
                   0.577350269190   0.577350269190   0.577350269190
         0, 1724   0.707106781187   0.000000000000  -0.707106781187
                   0.577350269190   0.577350269190   0.577350269190
0, 1724 5177.255506467010 9161.994738772473 19156.093527445337    1    7
         0, 1723  -0.707106781187  -0.000000000000   0.707106781187
                   0.577350269190   0.577350269190   0.577350269190
0, 1725 18517.743914037390 15983.329570199972 3248.884118881088    1    7
         0, 1726   0.000000000000   0.707106781187   0.707106781187
                   0.577350269190  -0.577350269190   0.577350269190
0, 1726 18847.149534153119 16435.965740282263 3372.114668847649    2    0
         0, 1725  -0.000000000000  -0.707106781187  -0.707106781187
                   0.577350269190  -0.577350269190   0.577350269190
         0, 1727   0.000000000000   0.707106781187   0.707106781187
                   0.577350269190  -0.577350269190   0.577350269190
0, 1727 19176.555154268848 16888.601910364552 3495.345218814211    2    0
         0, 1726  -0.000000000000  -0.707106781187  -0.707106781187
                   0.577350269190  -0.577350269190   0.577350269190
         0, 1728   0.000000000000   0.707106781187   0.707106781187
                   0.577350269190  -0.577350269190   0.577350269190
0, 1728 19505.960774384574 17341.238080446841 3618.575768780772    2    0
         0, 1727  -0.000000000000  -0.707106781187  -0.707106781187
                   0.577350269190  -0.577350269190   0.577350269190
         0, 1729   0.000000000000   0.707106781187   0.707106781187
                   0.577350269190  -0.577350269190   0.577350269190
0, 1729 19835.366394500303 17793.874250529130 3741.806318747334    1    7
         0, 1728  -0.000000000000  -0.707106781187  -0.707106781187
                   0.577350269190  -0.577350269190   0.577350269190
0, 1730 7206.079740451295 17772.853423260211 13977.135714667351    1    7
         0, 1731   0.707106781187  -0.707106781187   0.000000000000
                   0.577350269190   0.577350269190  -0.577350269190
0, 1731 7645.658391700843 17215.386386443235 13859.247329099924    2    0
         0, 1730  -0.707106781187   0.707106781187  -0.000000000000
                   0.577350269190   0.577350269190  -0.577350269190
         0, 1732   0.707106781187  -0.707106781187   0.000000000000
                   0.577350269190   0.577350269190  -0.577350269190
0, 1732 8085.237042950391 16657.919349626260 13741.358943532496    2    0
         0, 1731  -0.707106781187   0.707106781187  -0.000000000000
                   0.577350269190   0.577350269190  -0.577350269190
         0, 1733   0.707106781187  -0.707106781187   0.000000000000
                   0.577350269190   0.577350269190  -0.577350269190
0, 1733 8524.815694199939 16100.452312809284 13623.470557965069    2    0
         0, 1732  -0.707106781187   0.707106781187  -0.000000000000
                   0.577350269190   0.577350269190  -0.577350269190
         0, 1734   0.707106781187  -0.707106781187   0.000000000000
                   0.577350269190   0.577350269190  -0.577350269190
0, 1734 8964.394345449487 15542.985275992309 13505.582172397642    1    7
         0, 1733  -0.707106781187   0.707106781187  -0.000000000000
                   0.577350269190   0.577350269190  -0.577350269190
0, 1735 15197.853356761678 12771.204107275787 9072.730598786307    1    7
         0, 1736  -0.000000000000  -0.707106781187  -0.707106781187
                   0.577350269190  -0.577350269190   0.577350269190
0, 1736 15540.502160299011 13291.582911317060 9250.460599290247    2    0
         0, 1735   0.000000000000   0.707106781187   0.707106781187
                   0.577350269190  -0.577350269190   0.577350269190
         0, 1737  -0.000000000000  -0.707106781187  -0.707106781187
                   0.577350269190  -0.577350269190   0.577350269190
0, 1737 15883.150963836342 13811.961715358333 9428.190599794189    2    0
         0, 1736   0.000000000000   0.707106781187   0.707106781187
                   0.577350269190  -0.577350269190   0.577350269190
         0, 1738  -0.000000000000  -0.707106781187  -0.707106781187
                   0.577350269190  -0.577350269190   0.577350269190
0, 1738 16225.799767373675 14332.340519399606 9605.920600298128    2    0
         0, 1737   0.000000000000   0.707106781187   0.707106781187
                   0.577350269190  -0.577350269190   0.577350269190
         0, 1739  -0.000000000000  -0.707106781187  -0.707106781187
                   0.577350269190  -0.577350269190   0.577350269190
0, 1739 16568.448570911009 14852.719323440879 9783.650600802068    1    7
         0, 1738   0.000000000000   0.707106781187   0.707106781187
                   0.577350269190  -0.577350269190   0.577350269190
0, 1740 3232.502669280903 11738.171470171485 19537.846550328799    1    7
         0, 1741   0.707106781187   0.000000000000   0.707106781187
                  -0.577350269190   0.577350269190   0.577350269190
0, 1741 3509.825142415838 12193.028265447532 19360.312228187686    2    0
         0, 1740  -0.707106781187  -0.000000000000  -0.707106781187
                  -0.577350269190   0.577350269190   0.577350269190
         0, 1742   0.707106781187   0.000000000000   0.707106781187
                  -0.577350269190   0.577350269190   0.577350269190
0, 1742 3787.147615550773 12647.885060723580 19182.777906046573    2    0
         0, 1741  -0.707106781187  -0.000000000000  -0.707106781187
                  -0.577350269190   0.577350269190   0.577350269190
         0, 1743   0.707106781187   0.000000000000   0.707106781187
                  -0.577350269190   0.577350269190   0.577350269190
0, 1743 4064.470088685707 13102.741855999628 19005.243583905460    2    0
         0, 1742  -0.707106781187  -0.000000000000  -0.707106781187
                  -0.577350269190   0.577350269190   0.577350269190
         0, 1744   0.707106781187   0.000000000000   0.707106781187
                  -0.577350269190   0.577350269190   0.577350269190
0, 1744 4341.792561820642 13557.598651275675 18827.709261764347    1    7
         0, 1743  -0.707106781187  -0.000000000000  -0.707106781187
                  -0.577350269190   0.577350269190   0.577350269190
0, 1745 3445.772650758205 17384.096134431864 4208.164423090348    1    7
         0, 1746  -0.707106781187   0.707106781187  -0.000000000000
                   0.577350269190   0.577350269190   0.577350269190
0, 1746 3258.500686262877 17198.162933004467 4581.369589013073    2    0
         0, 1745   0.707106781187  -0.707106781187   0.000000000000
                   0.577350269190   0.577350269190   0.577350269190
         0, 1747  -0.707106781187   0.707106781187  -0.000000000000
                   0.577350269190   0.577350269190   0.577350269190
0, 1747 3071.228721767548 17012.229731577074 4954.574754935797    2    0
         0, 1746   0.707106781187  -0.707106781187   0.000000000000
                   0.577350269190   0.577350269190   0.577350269190
         0, 1748  -0.707106781187   0.707106781187  -0.000000000000
                   0.577350269190   0.577350269190   0.577350269190
0, 1748 2883.956757272220 16826.296530149677 5327.779920858521    2    0
         0, 1747   0.707106781187  -0.707106781187   0.000000000000
                   0.577350269190   0.577350269190   0.577350269190
         0, 1749  -0.707106781187   0.707106781187  -0.000000000000
                   0.577350269190   0.577350269190   0.577350269190
0, 1749 2696.684792776892 16640.363328722280 5700.985086781245    1    7
         0, 1748   0.707106781187  -0.707106781187   0.000000000000
                   0.577350269190   0.577350269190   0.577350269190
0, 1750 1800.703062659115 11114.282578447723 9424.177518286220    1    7
         0, 1751  -0.707106781187  -0.000000000000   0.707106781187
                   0.577350269190  -0.577350269190   0.577350269190
0, 1751 1406.691944852284 11141.298936424269 9845.204994069598    2    0
         0, 1750   0.707106781187   0.000000000000  -0.707106781187
                   0.577350269190  -0.577350269190   0.577350269190
         0, 1752  -0.707106781187  -0.000000000000   0.707106781187
                   0.577350269190  -0.577350269190   0.577350269190
0, 1752 1012.680827045452 11168.315294400816 10266.232469852977    2    0
         0, 1751   0.707106781187   0.000000000000  -0.707106781187
                   0.577350269190  -0.577350269190   0.577350269190
         0, 1753  -0.707106781187  -0.000000000000   0.707106781187
                   0.577350269190  -0.577350269190   0.577350269190
0, 1753 618.669709238620 11195.331652377363 10687.259945636355    2    0
         0, 1752   0.707106781187   0.000000000000  -0.707106781187
                   0.577350269190  -0.577350269190   0.577350269190
         0, 1754  -0.707106781187  -0.000000000000   0.707106781187
                   0.577350269190  -0.577350269190   0.577350269190
0, 1754 224.658591431788 11222.348010353910 11108.287421419735    1    7
         0, 1753   0.707106781187   0.000000000000  -0.707106781187
                   0.577350269190  -0.577350269190   0.577350269190
0, 1755 8407.052575113061 3051.165011789583 15297.825836065316    1    7
         0, 1756   0.707106781187  -0.707106781187   0.000000000000
                   0.577350269190   0.577350269190   0.577350269190
0, 1756 8336.136014165684 3529.144432329720 14890.762976472555    2    0
         0, 1755  -0.707106781187   0.707106781187  -0.000000000000
                   0.577350269190   0.577350269190   0.577350269190
         0, 1757   0.707106781187  -0.707106781187   0.000000000000
                   0.577350269190   0.577350269190   0.577350269190
0, 1757 8265.219453218308 4007.123852869856 14483.700116879796    2    0
         0, 1756  -0.707106781187   0.707106781187  -0.000000000000
                   0.577350269190   0.577350269190   0.577350269190
         0, 1758   0.707106781187  -0.707106781187   0.000000000000
                   0.577350269190   0.577350269190   0.577350269190
0, 1758 8194.302892270933 4485.103273409994 14076.637257287035    2    0
         0, 1757  -0.707106781187   0.707106781187  -0.000000000000
                   0.577350269190   0.577350269190   0.577350269190
         0, 1759   0.707106781187  -0.707106781187   0.000000000000
                   0.577350269190   0.577350269190   0.577350269190
0, 1759 8123.386331323556 4963.082693950129 13669.574397694276    1    7
         0, 1758  -0.707106781187   0.707106781187  -0.000000000000
                   0.577350269190   0.577350269190   0.577350269190
0, 1760 8097.751903749645 18070.327275414089  49.931663402598    1    7
         0, 1761  -0.707106781187  -0.000000000000   0.707106781187
                   0.577350269190   0.577350269190   0.577350269190
0, 1761 8016.550954194333 17742.328570198311 459.131318173686    2    0
         0, 1760   0.707106781187   0.000000000000  -0.707106781187
                   0.577350269190   0.577350269190   0.577350269190
         0, 1762  -0.707106781187  -0.000000000000   0.707106781187
                   0.577350269190   0.577350269190   0.577350269190
0, 1762 7935.350004639021 17414.329864982534 868.330972944775    2    0
         0, 1761   0.707106781187   0.000000000000  -0.707106781187
                   0.577350269190   0.577350269190   0.577350269190
         0, 1763  -0.707106781187  -0.000000000000   0.707106781187
                   0.577350269190   0.577350269190   0.577350269190
0, 1763 7854.149055083709 17086.331159766760 1277.530627715864    2    0
         0, 1762   0.707106781187   0.000000000000  -0.707106781187
                   0.577350269190   0.577350269190   0.577350269190
         0, 1764  -0.707106781187  -0.000000000000   0.707106781187
                   0.577350269190   0.577350269190   0.577350269190
0, 1764 7772.948105528398 16758.332454550982 1686.730282486952    1    7
         0, 1763   0.707106781187   0.000000000000  -0.707106781187
                   0.577350269190   0.577350269190   0.577350269190
0, 1765 7786.802102994783 5174.011376136864 8981.182849182687    1    7
         0, 1766   0.707106781187  -0.707106781187   0.000000000000
                   0.577350269190   0.577350269190   0.577350269190
0, 1766 7382.056600468057 5439.356471468624 9120.583256377653    2    0
         0, 1765  -0.707106781187   0.707106781187  -0.000000000000
                   0.577350269190   0.577350269190   0.577350269190
         0, 1767   0.707106781187  -0.707106781187   0.000000000000
                   0.577350269190   0.577350269190   0.577350269190
0, 1767 6977.311097941330 5704.701566800384 9259.983663572619    2    0
         0, 1766  -0.707106781187   0.707106781187  -0.000000000000
                   0.577350269190   0.577350269190   0.577350269190
         0, 1768   0.707106781187  -0.707106781187   0.000000000000
                   0.577350269190   0.577350269190   0.577350269190
0, 1768 6572.565595414605 5970.046662132144 9399.384070767586    2    0
         0, 1767  -0.707106781187   0.707106781187  -0.000000000000
                   0.577350269190   0.577350269190   0.577350269190
         0, 1769   0.707106781187  -0.707106781187   0.000000000000
                   0.577350269190   0.577350269190   0.577350269190
0, 1769 6167.820092887879 6235.391757463904 9538.784477962552    1    7
         0, 1768  -0.707106781187   0.707106781187  -0.000000000000
                   0.577350269190   0.577350269190   0.577350269190
0, 1770 14288.520892122777 10765.549962502222 3412.107312914793    1    7
         0, 1771  -0.000000000000  -0.707106781187   0.707106781187
                  -0.577350269190   0.577350269190   0.577350269190
0, 1771 14205.126431932476 11107.356159655556 2986.906655571159    2    0
         0, 1770   0.000000000000   0.707106781187  -0.707106781187
                  -0.577350269190   0.577350269190   0.577350269190
         0, 1772  -0.000000000000  -0.707106781187   0.707106781187
                  -0.577350269190   0.577350269190   0.577350269190
0, 1772 14121.731971742176 11449.162356808887 2561.705998227526    2    0
         0, 1771   0.000000000000   0.707106781187  -0.707106781187
                  -0.577350269190   0.577350269190   0.577350269190
         0, 1773  -0.000000000000  -0.707106781187   0.707106781187
                  -0.577350269190   0.577350269190   0.577350269190
0, 1773 14038.337511551876 11790.968553962221 2136.505340883893    2    0
         0, 1772   0.000000000000   0.707106781187  -0.707106781187
                  -0.577350269190   0.577350269190   0.577350269190
         0, 1774  -0.000000000000  -0.707106781187   0.707106781187
                  -0.577350269190   0.577350269190   0.577350269190
0, 1774 13954.943051361575 12132.774751115552 1711.304683540260    1    7
         0, 1773   0.000000000000   0.707106781187  -0.707106781187
                  -0.577350269190   0.577350269190   0.577350269190
0, 1775 5602.387921064707 3728.114456647688 10851.633963338834    1    7
         0, 1776  -0.000000000000  -0.707106781187  -0.707106781187
                   0.577350269190   0.577350269190  -0.577350269190
0, 1776 5142.418192636630 3755.062290351517 10418.612068614586    2    0
         0, 1775   0.000000000000   0.707106781187   0.707106781187
                   0.577350269190   0.577350269190  -0.577350269190
         0, 1777  -0.000000000000  -0.707106781187  -0.707106781187
                   0.577350269190   0.577350269190  -0.577350269190
0, 1777 4682.448464208552 3782.010124055346 9985.590173890338    2    0
         0, 1776   0.000000000000   0.707106781187   0.707106781187
                   0.577350269190   0.577350269190  -0.577350269190
         0, 1778  -0.000000000000  -0.707106781187  -0.707106781187
                   0.577350269190   0.577350269190  -0.577350269190
0, 1778 4222.478735780474 3808.957957759175 9552.568279166087    2    0
         0, 1777   0.000000000000   0.707106781187   0.707106781187
                   0.577350269190   0.577350269190  -0.577350269190
         0, 1779  -0.000000000000  -0.707106781187  -0.707106781187
                   0.577350269190   0.577350269190  -0.577350269190
0, 1779 3762.509007352397 3835.905791463003 9119.546384441839    1    7
         0, 1778   0.000000000000   0.707106781187   0.707106781187
                   0.577350269190   0.577350269190  -0.577350269190
0, 1780 13719.054996107156 15323.769157382138 2218.827484915757    1    7
         0, 1781   0.707106781187   0.000000000000   0.707106781187
                  -0.577350269190   0.577350269190   0.577350269190
0, 1781 14001.972736677431 15768.953521682270 2056.560861185902    2    0
         0, 1780  -0.707106781187  -0.000000000000  -0.707106781187
                  -0.577350269190   0.577350269190   0.577350269190
         0, 1782   0.707106781187   0.000000000000   0.707106781187
                  -0.577350269190   0.577350269190   0.577350269190
0, 1782 14284.890477247709 16214.137885982400 1894.294237456047    2    0
         0, 1781  -0.707106781187  -0.000000000000  -0.707106781187
                  -0.577350269190   0.577350269190   0.577350269190
         0, 1783   0.707106781187   0.000000000000   0.707106781187
                  -0.577350269190   0.577350269190   0.577350269190
0, 1783 14567.808217817985 16659.322250282530 1732.027613726192    2    0
         0, 1782  -0.707106781187  -0.000000000000  -0.707106781187
                  -0.577350269190   0.577350269190   0.577350269190
         0, 1784   0.707106781187   0.000000000000   0.707106781187
                  -0.577350269190   0.577350269190   0.577350269190
0, 1784 14850.725958388261 17104.506614582664 1569.760989996337    1    7
         0, 1783  -0.707106781187  -0.000000000000  -0.707106781187
                  -0.577350269190   0.577350269190   0.577350269190
0, 1785 15909.828447186759 13068.229067460172 13673.122775503320    1    7
         0, 1786   0.000000000000   0.707106781187   0.707106781187
                   0.577350269190  -0.577350269190   0.577350269190
0, 1786 16356.459378353364 13410.583592102999 13568.846368979543    2    0
         0, 1785  -0.000000000000  -0.707106781187  -0.707106781187
                   0.577350269190  -0.577350269190   0.577350269190
         0, 1787   0.000000000000   0.707106781187   0.707106781187
                   0.577350269190  -0.577350269190   0.577350269190
0, 1787 16803.090309519968 13752.938116745829 13464.569962455766    2    0
         0, 1786  -0.000000000000  -0.707106781187  -0.707106781187
                   0.577350269190  -0.577350269190   0.577350269190
         0, 1788   0.000000000000   0.707106781187   0.707106781187
                   0.577350269190  -0.577350269190   0.577350269190
0, 1788 17249.721240686573 14095.292641388656 13360.293555931990    2    0
         0, 1787  -0.000000000000  -0.707106781187  -0.707106781187
                   0.577350269190  -0.577350269190   0.577350269190
         0, 1789   0.000000000000   0.707106781187   0.707106781187
                   0.577350269190  -0.577350269190   0.577350269190
0, 1789 17696.352171853177 14437.647166031486 13256.017149408213    1    7
         0, 1788  -0.000000000000  -0.707106781187  -0.707106781187
                   0.577350269190  -0.577350269190   0.577350269190
0, 1790 16833.109006218947 1858.076295813782 6287.069105557220    1    7
         0, 1791  -0.707106781187  -0.000000000000  -0.707106781187
                  -0.577350269190   0.577350269190   0.577350269190
0, 1791 17274.543912499015 2257.087921621927 6329.492386029143    2    0
         0, 1790   0.707106781187   0.000000000000   0.707106781187
                  -0.577350269190   0.577350269190   0.577350269190
         0, 1792  -0.707106781187  -0.000000000000  -0.707106781187
                  -0.577350269190   0.577350269190   0.577350269190
0, 1792 17715.978818779084 2656.099547430072 6371.915666501067    2    0
         0, 1791   0.707106781187   0.000000000000   0.707106781187
                  -0.577350269190   0.577350269190   0.577350269190
         0, 1793  -0.707106781187  -0.000000000000  -0.707106781187
                  -0.577350269190   0.577350269190   0.577350269190
0, 1793 18157.413725059152 3055.111173238217 6414.338946972990    2    0
         0, 1792   0.707106781187   0.000000000000   0.707106781187
                  -0.577350269190   0.577350269190   0.577350269190
         0, 1794  -0.707106781187  -0.000000000000  -0.707106781187
                  -0.577350269190   0.577350269190   0.577350269190
0, 1794 18598.848631339220 3454.122799046362 6456.762227444914    1    7
         0, 1793   0.707106781187   0.000000000000   0.707106781187
                  -0.577350269190   0.577350269190   0.577350269190
0, 1795 17744.124270187727 3878.132119189158 16339.977986466558    1    7
         0, 1796   0.707106781187   0.000000000000  -0.707106781187
                   0.577350269190   0.577350269190   0.577350269190
0, 1796 18287.887783119713 3690.385992222287 15983.960600501443    2    0
         0, 1795  -0.707106781187  -0.000000000000   0.707106781187
                   0.577350269190   0.577350269190   0.577350269190
         0, 1797   0.707106781187   0.000000000000  -0.707106781187
                   0.577350269190   0.577350269190   0.577350269190
0, 1797 18831.651296051699 3502.639865255415 15627.943214536330    2    0
         0, 1796  -0.707106781187  -0.000000000000   0.707106781187
                   0.577350269190   0.577350269190   0.577350269190
         0, 1798   0.707106781187   0.000000000000  -0.707106781187
                   0.577350269190   0.577350269190   0.577350269190
0, 1798 19375.414808983685 3314.893738288543 15271.925828571217    2    0
         0, 1797  -0.707106781187  -0.000000000000   0.707106781187
                   0.577350269190   0.577350269190   0.577350269190
         0, 1799   0.707106781187   0.000000000000  -0.707106781187
                   0.577350269190   0.577350269190   0.577350269190
0, 1799 19919.178321915671 3127.147611321672 14915.908442606102    1    7
         0, 1798  -0.707106781187  -0.000000000000   0.707106781187
                   0.577350269190   0.577350269190   0.577350269190
0, 1800 13762.191173618026 7938.480033929274 13223.100434824775    1    7
         0, 1801   0.707106781187  -0.707106781187   0.000000000000
                   0.577350269190   0.577350269190   0.577350269190
0, 1801 14219.758747683754 7622.536435367484 13081.476459320838    2    0
         0, 1800  -0.707106781187   0.707106781187  -0.000000000000
                   0.577350269190   0.577350269190   0.577350269190
         0, 1802   0.707106781187  -0.707106781187   0.000000000000
                   0.577350269190   0.577350269190   0.577350269190
0, 1802 14677.326321749482 7306.592836805694 12939.852483816900    2    0
         0, 1801  -0.707106781187   0.707106781187  -0.000000000000
                   0.577350269190   0.577350269190   0.577350269190
         0, 1803   0.707106781187  -0.707106781187   0.000000000000
                   0.577350269190   0.577350269190   0.577350269190
0, 1803 15134.893895815210 6990.649238243904 12798.228508312961    2    0
         0, 1802  -0.707106781187   0.707106781187  -0.000000000000
                   0.577350269190   0.577350269190   0.577350269190
         0, 1804   0.707106781187  -0.707106781187   0.000000000000
                   0.577350269190   0.577350269190   0.577350269190
0, 1804 15592.461469880938 6674.705639682114 12656.604532809024    1    7
         0, 1803  -0.707106781187   0.707106781187  -0.000000000000
                   0.577350269190   0.577350269190   0.577350269190
0, 1805 2599.547719898105 2124.363446838811 1965.312325308399    1    7
         0, 1806   0.707106781187   0.000000000000  -0.707106781187
                   0.577350269190  -0.577350269190   0.577350269190
0, 1806 2813.531427873222 2603.157517216394 2230.122687710866    2    0
         0, 1805  -0.707106781187  -0.000000000000   0.707106781187
                   0.577350269190  -0.577350269190   0.577350269190
         0, 1807   0.707106781187   0.000000000000  -0.707106781187
                   0.577350269190  -0.577350269190   0.577350269190
0, 1807 3027.515135848339 3081.951587593978 2494.933050113332    2    0
         0, 1806  -0.707106781187  -0.000000000000   0.707106781187
                   0.577350269190  -0.577350269190   0.577350269190
         0, 1808   0.707106781187   0.000000000000  -0.707106781187
                   0.577350269190  -0.577350269190   0.577350269190
0, 1808 3241.498843823455 3560.745657971562 2759.743412515799    2    0
         0, 1807  -0.707106781187  -0.000000000000   0.707106781187
                   0.577350269190  -0.577350269190   0.577350269190
         0, 1809   0.707106781187   0.000000000000  -0.707106781187
                   0.577350269190  -0.577350269190   0.577350269190
0, 1809 3455.482551798572 4039.539728349145 3024.553774918266    1    7
         0, 1808  -0.707106781187  -0.000000000000   0.707106781187
                   0.577350269190  -0.577350269190   0.577350269190
0, 1810 5584.005864709937 14447.045784522923 13861.715375349171    1    7
         0, 1811   0.000000000000   0.707106781187   0.707106781187
                   0.577350269190  -0.577350269190   0.577350269190
0, 1811 5190.212944316029 13997.724104948560 13806.186616168716    2    0
         0, 1810  -0.000000000000  -0.707106781187  -0.707106781187
                   0.577350269190  -0.577350269190   0.577350269190
         0, 1812   0.000000000000   0.707106781187   0.707106781187
                   0.577350269190  -0.577350269190   0.577350269190
0, 1812 4796.420023922123 13548.402425374199 13750.657856988260    2    0
         0, 1811  -0.000000000000  -0.707106781187  -0.707106781187
                   0.577350269190  -0.577350269190   0.577350269190
         0, 1813   0.000000000000   0.707106781187   0.707106781187
                   0.577350269190  -0.577350269190   0.577350269190
0, 1813 4402.627103528215 13099.080745799836 13695.129097807805    2    0
         0, 1812  -0.000000000000  -0.707106781187  -0.707106781187
                   0.577350269190  -0.577350269190   0.577350269190
         0, 1814   0.000000000000   0.707106781187   0.707106781187
                   0.577350269190  -0.577350269190   0.577350269190
0, 1814 4008.834183134309 12649.759066225473 13639.600338627350    1    7
         0, 1813  -0.000000000000  -0.707106781187  -0.707106781187
                   0.577350269190  -0.577350269190   0.577350269190
0, 1815 7336.597303476873 17070.202698292182 1456.484542551445    1    7
         0, 1816   0.707106781187  -0.707106781187   0.000000000000
                   0.577350269190   0.577350269190   0.577350269190
0, 1816 7597.773629417491 16634.887024762065 1630.623890140944    2    0
         0, 1815  -0.707106781187   0.707106781187  -0.000000000000
                   0.577350269190   0.577350269190   0.577350269190
         0, 1817   0.707106781187  -0.707106781187   0.000000000000
                   0.577350269190   0.577350269190   0.577350269190
0, 1817 7858.949955358109 16199.571351231947 1804.763237730444    2    0
         0, 1816  -0.707106781187   0.707106781187  -0.000000000000
                   0.577350269190   0.577350269190   0.577350269190
         0, 1818   0.707106781187  -0.707106781187   0.000000000000
                   0.577350269190   0.577350269190   0.577350269190
0, 1818 8120.126281298727 15764.255677701829 1978.902585319943    2    0
         0, 1817  -0.707106781187   0.707106781187  -0.000000000000
                   0.577350269190   0.577350269190   0.577350269190
         0, 1819   0.707106781187  -0.707106781187   0.000000000000
                   0.577350269190   0.577350269190   0.577350269190
0, 1819 8381.302607239344 15328.940004171713 2153.041932909442    1    7
         0, 1818  -0.707106781187   0.707106781187  -0.000000000000
                   0.577350269190   0.577350269190   0.577350269190
0, 1820 17016.099422855405 12144.308818068030 11767.541058215553    1    7
         0, 1821  -0.000000000000  -0.707106781187   0.707106781187
                   0.577350269190   0.577350269190   0.577350269190
0, 1821 16989.803704548445 11844.277486036372 12093.868108554172    2    0
         0, 1820   0.000000000000   0.707106781187  -0.707106781187
                   0.577350269190   0.577350269190   0.577350269190
         0, 1822  -0.000000000000  -0.707106781187   0.707106781187
                   0.577350269190   0.577350269190   0.577350269190
0, 1822 16963.507986241486 11544.246154004713 12420.195158892790    2    0
         0, 1821   0.000000000000   0.707106781187  -0.707106781187
                   0.577350269190   0.577350269190   0.577350269190
         0, 1823  -0.000000000000  -0.707106781187   0.707106781187
                   0.577350269190   0.577350269190   0.577350269190
0, 1823 16937.212267934523 11244.214821973055 12746.522209231409    2    0
         0, 1822   0.000000000000   0.707106781187  -0.707106781187
                   0.577350269190   0.577350269190   0.577350269190
         0, 1824  -0.000000000000  -0.707106781187   0.707106781187
                   0.577350269190   0.577350269190   0.577350269190
0, 1824 16910.916549627564 10944.183489941395 13072.849259570026    1    7
         0, 1823   0.000000000000   0.707106781187  -0.707106781187
                   0.577350269190   0.577350269190   0.577350269190
0, 1825 14258.254881024346 19904.951394428750 10615.893589682257    1    7
         0, 1826   0.000000000000   0.707106781187   0.707106781187
                   0.577350269190  -0.577350269190   0.577350269190
0, 1826 14651.407525852865 19939.962723257766 10257.752273682756    2    0
         0, 1825  -0.000000000000  -0.707106781187  -0.707106781187
                   0.577350269190  -0.577350269190   0.577350269190
         0, 1827   0.000000000000   0.707106781187   0.707106781187
                   0.577350269190  -0.577350269190   0.577350269190
0, 1827 15044.560170681381 19974.974052086782 9899.610957683253    2    0
         0, 1826  -0.000000000000  -0.707106781187  -0.707106781187
                   0.577350269190  -0.577350269190   0.577350269190
         0, 1828   0.000000000000   0.707106781187   0.707106781187
                   0.577350269190  -0.577350269190   0.577350269190
0, 1828 15437.712815509898 20009.985380915798 9541.469641683751    2    0
         0, 1827  -0.000000000000  -0.707106781187  -0.707106781187
                   0.577350269190  -0.577350269190   0.577350269190
         0, 1829   0.000000000000   0.707106781187   0.707106781187
                   0.577350269190  -0.577350269190   0.577350269190
0, 1829 15830.865460338417 20044.996709744813 9183.328325684250    1    7
         0, 1828  -0.000000000000  -0.707106781187  -0.707106781187
                   0.577350269190  -0.577350269190   0.577350269190
0, 1830 3173.751917622644 5425.337026359133 7652.718366954014    1    7
         0, 1831   0.000000000000   0.707106781187   0.707106781187
                   0.577350269190   0.577350269190  -0.577350269190
0, 1831 2951.354009304817 5256.390823582654 7261.374255859707    2    0
         0, 1830  -0.000000000000  -0.707106781187  -0.707106781187
                   0.577350269190   0.577350269190  -0.577350269190
         0, 1832   0.000000000000   0.707106781187   0.707106781187
                   0.577350269190   0.577350269190  -0.577350269190
0, 1832 2728.956100986990 5087.444620806174 6870.030144765400    2    0
         0, 1831  -0.000000000000  -0.707106781187  -0.707106781187
                   0.577350269190   0.577350269190  -0.577350269190
         0, 1833   0.000000000000   0.707106781187   0.707106781187
                   0.577350269190   0.577350269190  -0.577350269190
0, 1833 2506.558192669163 4918.498418029695 6478.686033671094    2    0
         0, 1832  -0.000000000000  -0.707106781187  -0.707106781187
                   0.577350269190   0.577350269190  -0.577350269190
         0, 1834   0.000000000000   0.707106781187   0.707106781187
                   0.577350269190   0.577350269190  -0.577350269190
0, 1834 2284.160284351336 4749.552215253216 6087.341922576788    1    7
         0, 1833  -0.000000000000  -0.707106781187  -0.707106781187
                   0.577350269190   0.577350269190  -0.577350269190
0, 1835 3286.813859964269 818.233695578457 15671.779475114407    1    7
         0, 1836  -0.707106781187   0.707106781187  -0.000000000000
                   0.577350269190   0.577350269190  -0.577350269190
0, 1836 3349.495349766863 1288.956293335874 16205.183562674418    2    0
         0, 1835   0.707106781187  -0.707106781187   0.000000000000
                   0.577350269190   0.577350269190  -0.577350269190
         0, 1837  -0.707106781187   0.707106781187  -0.000000000000
                   0.577350269190   0.577350269190  -0.577350269190
0, 1837 3412.176839569457 1759.678891093291 16738.587650234429    2    0
         0, 1836   0.707106781187  -0.707106781187   0.000000000000
                   0.577350269190   0.577350269190  -0.577350269190
         0, 1838  -0.707106781187   0.707106781187  -0.000000000000
                   0.577350269190   0.577350269190  -0.577350269190
0, 1838 3474.858329372051 2230.401488850709 17271.991737794440    2    0
         0, 1837   0.707106781187  -0.707106781187   0.000000000000
                   0.577350269190   0.577350269190  -0.577350269190
         0, 1839  -0.707106781187   0.707106781187  -0.000000000000
                   0.577350269190   0.577350269190  -0.577350269190
0, 1839 3537.539819174644 2701.124086608126 17805.395825354452    1    7
         0, 1838   0.707106781187  -0.707106781187   0.000000000000
                   0.577350269190   0.577350269190  -0.577350269190
0, 1840 527.387258201096 11689.867633735717 5939.755234184492    1    7
         0, 1841   0.707106781187  -0.707106781187   0.000000000000
                   0.577350269190   0.577350269190   0.577350269190
0, 1841 887.302507161632 11422.769964712192 5846.937654247482    2    0
         0, 1840  -0.707106781187   0.707106781187  -0.000000000000
                   0.577350269190   0.577350269190   0.577350269190
         0, 1842   0.707106781187  -0.707106781187   0.000000000000
                   0.577350269190   0.577350269190   0.577350269190
0, 1842 1247.217756122168 11155.672295688666 5754.120074310472    2    0
         0, 1841  -0.707106781187   0.707106781187  -0.000000000000
                   0.577350269190   0.577350269190   0.577350269190
         0, 1843   0.707106781187  -0.707106781187   0.000000000000
                   0.577350269190   0.577350269190   0.577350269190
0, 1843 1607.133005082704 10888.574626665139 5661.302494373462    2    0
         0, 1842  -0.707106781187   0.707106781187  -0.000000000000
                   0.577350269190   0.577350269190   0.577350269190
         0, 1844   0.707106781187  -0.707106781187   0.000000000000
                   0.577350269190   0.577350269190   0.577350269190
0, 1844 1967.048254043240 10621.476957641613 5568.484914436452    1    7
         0, 1843  -0.707106781187   0.707106781187  -0.000000000000
                   0.577350269190   0.577350269190   0.577350269190
0, 1845 17691.534025492681 5385.644497517580 14371.297226078736    1    7
         0, 1846  -0.000000000000  -0.707106781187   0.707106781187
                   0.577350269190   0.577350269190   0.577350269190
0, 1846 17921.380045939859 5727.583918455589 13799.511784693550    2    0
         0, 1845   0.000000000000   0.707106781187  -0.707106781187
                   0.577350269190   0.577350269190   0.577350269190
         0, 1847  -0.000000000000  -0.707106781187   0.707106781187
                   0.577350269190   0.577350269190   0.577350269190
0, 1847 18151.226066387037 6069.523339393597 13227.726343308364    2    0
         0, 1846   0.000000000000   0.707106781187  -0.707106781187
                   0.577350269190   0.577350269190   0.577350269190
         0, 1848  -0.000000000000  -0.707106781187   0.707106781187
                   0.577350269190   0.577350269190   0.577350269190
0, 1848 18381.072086834210 6411.462760331606 12655.940901923179    2    0
         0, 1847   0.000000000000   0.707106781187  -0.707106781187
                   0.577350269190   0.577350269190   0.577350269190
         0, 1849  -0.000000000000  -0.707106781187   0.707106781187
                   0.577350269190   0.577350269190   0.577350269190
0, 1849 18610.918107281388 6753.402181269614 12084.155460537993    1    7
         0, 1848   0.000000000000   0.707106781187  -0.707106781187
                   0.577350269190   0.577350269190   0.577350269190
0, 1850 19705.638812791465 15403.483191077838 10169.217454157275    1    7
         0, 1851  -0.000000000000  -0.707106781187  -0.707106781187
                   0.577350269190  -0.577350269190   0.577350269190
0, 1851 19553.453092962205 14864.414122582009 9782.334105490707    2    0
         0, 1850   0.000000000000   0.707106781187   0.707106781187
                   0.577350269190  -0.577350269190   0.577350269190
         0, 1852  -0.000000000000  -0.707106781187  -0.707106781187
                   0.577350269190  -0.577350269190   0.577350269190
0, 1852 19401.267373132945 14325.345054086180 9395.450756824139    2    0
         0, 1851   0.000000000000   0.707106781187   0.707106781187
                   0.577350269190  -0.577350269190   0.577350269190
         0, 1853  -0.000000000000  -0.707106781187  -0.707106781187
                   0.577350269190  -0.577350269190   0.577350269190
0, 1853 19249.081653303685 13786.275985590351 9008.567408157569    2    0
         0, 1852   0.000000000000   0.707106781187   0.707106781187
                   0.577350269190  -0.577350269190   0.577350269190
         0, 1854  -0.000000000000  -0.707106781187  -0.707106781187
                   0.577350269190  -0.577350269190   0.577350269190
0, 1854 19096.895933474425 13247.206917094521 8621.684059491001    1    7
         0, 1853   0.000000000000   0.707106781187   0.707106781187
                   0.577350269190  -0.577350269190   0.577350269190
0, 1855 14844.269062089203 4110.790570221077 8456.253421286661    1    7
         0, 1856   0.707106781187   0.000000000000   0.707106781187
                   0.577350269190   0.577350269190  -0.577350269190
0, 1856 14789.231025162308 4500.643640007776 8791.068454146463    2    0
         0, 1855  -0.707106781187  -0.000000000000  -0.707106781187
                   0.577350269190   0.577350269190  -0.577350269190
         0, 1857   0.707106781187   0.000000000000   0.707106781187
                   0.577350269190   0.577350269190  -0.577350269190
0, 1857 14734.192988235411 4890.496709794475 9125.883487006267    2    0
         0, 1856  -0.707106781187  -0.000000000000  -0.707106781187
                   0.577350269190   0.577350269190  -0.577350269190
         0, 1858   0.707106781187   0.000000000000   0.707106781187
                   0.577350269190   0.577350269190  -0.577350269190
0, 1858 14679.154951308516 5280.349779581174 9460.698519866070    2    0
         0, 1857  -0.707106781187  -0.000000000000  -0.707106781187
                   0.577350269190   0.577350269190  -0.577350269190
         0, 1859   0.707106781187   0.000000000000   0.707106781187
                   0.577350269190   0.577350269190  -0.577350269190
0, 1859 14624.116914381619 5670.202849367873 9795.513552725874    1    7
         0, 1858  -0.707106781187  -0.000000000000  -0.707106781187
                   0.577350269190   0.577350269190  -0.577350269190
0, 1860 4907.031409556579 8621.841398019093 912.575520742531    1    7
         0, 1861  -0.000000000000  -0.707106781187  -0.707106781187
                   0.577350269190   0.577350269190  -0.577350269190
0, 1861 5391.460855188468 8161.161538061883 936.325106417211    2    0
         0, 1860   0.000000000000   0.707106781187   0.707106781187
                   0.577350269190   0.577350269190  -0.577350269190
         0, 1862  -0.000000000000  -0.707106781187  -0.707106781187
                   0.577350269190   0.577350269190  -0.577350269190
0, 1862 5875.890300820359 7700.481678104674 960.074692091892    2    0
         0, 1861   0.000000000000   0.707106781187   0.707106781187
                   0.577350269190   0.577350269190  -0.577350269190
         0, 1863  -0.000000000000  -0.707106781187  -0.707106781187
                   0.577350269190   0.577350269190  -0.577350269190
0, 1863 6360.319746452248 7239.801818147464 983.824277766572    2    0
         0, 1862   0.000000000000   0.707106781187   0.707106781187
                   0.577350269190   0.577350269190  -0.577350269190
         0, 1864  -0.000000000000  -0.707106781187  -0.707106781187
                   0.577350269190   0.577350269190  -0.577350269190
0, 1864 6844.749192084138 6779.121958190255 1007.573863441253    1    7
         0, 1863   0.000000000000   0.707106781187   0.707106781187
                   0.577350269190   0.577350269190  -0.577350269190
0, 1865 8492.365595551668 4507.630785334902 3994.549406045615    1    7
         0, 1866  -0.000000000000  -0.707106781187  -0.707106781187
                   0.577350269190  -0.577350269190   0.577350269190
0, 1866 8667.841685939562 4934.766652405376 4246.209182728195    2    0
         0, 1865   0.000000000000   0.707106781187   0.707106781187
                   0.577350269190  -0.577350269190   0.577350269190
         0, 1867  -0.000000000000  -0.707106781187  -0.707106781187
                   0.577350269190  -0.577350269190   0.577350269190
0, 1867 8843.317776327456 5361.902519475850 4497.868959410774    2    0
         0, 1866   0.000000000000   0.707106781187   0.707106781187
                   0.577350269190  -0.577350269190   0.577350269190
         0, 1868  -0.000000000000  -0.707106781187  -0.707106781187
                   0.577350269190  -0.577350269190   0.577350269190
0, 1868 9018.793866715352 5789.038386546324 4749.528736093353    2    0
         0, 1867   0.000000000000   0.707106781187   0.707106781187
                   0.577350269190  -0.577350269190   0.577350269190
         0, 1869  -0.000000000000  -0.707106781187  -0.707106781187
                   0.577350269190  -0.577350269190   0.577350269190
0, 1869 9194.269957103246 6216.174253616798 5001.188512775932    1    7
         0, 1868   0.000000000000   0.707106781187   0.707106781187
                   0.577350269190  -0.577350269190   0.577350269190
0, 1870 2442.750662298410 13822.734265426052 7244.198253285123    1    7
         0, 1871  -0.707106781187  -0.000000000000  -0.707106781187
                   0.577350269190   0.577350269190  -0.577350269190
0, 1871 2134.611315328867 14340.338787255832 7453.663428145361    2    0
         0, 1870   0.707106781187   0.000000000000   0.707106781187
                   0.577350269190   0.577350269190  -0.577350269190
         0, 1872  -0.707106781187  -0.000000000000  -0.707106781187
                   0.577350269190   0.577350269190  -0.577350269190
0, 1872 1826.471968359325 14857.943309085613 7663.128603005598    2    0
         0, 1871   0.707106781187   0.000000000000   0.707106781187
                   0.577350269190   0.577350269190  -0.577350269190
         0, 1873  -0.707106781187  -0.000000000000  -0.707106781187
                   0.577350269190   0.577350269190  -0.577350269190
0, 1873 1518.332621389782 15375.547830915393 7872.593777865836    2    0
         0, 1872   0.707106781187   0.000000000000   0.707106781187
                   0.577350269190   0.577350269190  -0.577350269190
         0, 1874  -0.707106781187  -0.000000000000  -0.707106781187
                   0.577350269190   0.577350269190  -0.577350269190
0, 1874 1210.193274420240 15893.152352745174 8082.058952726074    1    7
         0, 1873   0.707106781187   0.000000000000   0.707106781187
                   0.577350269190   0.577350269190  -0.577350269190
0, 1875 16711.098763333681 7176.661311920436 15411.050492505827    1    7
         0, 1876   0.707106781187   0.707106781187   0.000000000000
                  -0.577350269190   0.577350269190   0.577350269190
0, 1876 16245.125258481272 6906.419393251425 15215.318906322429    2    0
         0, 1875  -0.707106781187  -0.707106781187  -0.000000000000
                  -0.577350269190   0.577350269190   0.577350269190
         0, 1877   0.707106781187   0.707106781187   0.000000000000
                  -0.577350269190   0.577350269190   0.577350269190
0, 1877 15779.151753628865 6636.177474582415 15019.587320139031    2    0
         0, 1876  -0.707106781187  -0.707106781187  -0.000000000000
                  -0.577350269190   0.577350269190   0.577350269190
         0, 1878   0.707106781187   0.707106781187   0.000000000000
                  -0.577350269190   0.577350269190   0.577350269190
0, 1878 15313.178248776456 6365.935555913404 14823.855733955634    2    0
         0, 1877  -0.707106781187  -0.707106781187  -0.000000000000
                  -0.577350269190   0.577350269190   0.577350269190
         0, 1879   0.707106781187   0.707106781187   0.000000000000
                  -0.577350269190   0.577350269190   0.577350269190
0, 1879 14847.204743924047 6095.693637244393 14628.124147772236    1    7
         0, 1878  -0.707106781187  -0.707106781187  -0.000000000000
                  -0.577350269190   0.577350269190   0.577350269190
0, 1880 9436.606798770739 14972.395197887305 8549.079812759524    1    7
         0, 1881  -0.000000000000  -0.707106781187  -0.707106781187
                   0.577350269190  -0.577350269190   0.577350269190
0, 1881 9098.631073094361 14986.925584999723 8901.585925548321    2    0
         0, 1880   0.000000000000   0.707106781187   0.707106781187
                   0.577350269190  -0.577350269190   0.577350269190
         0, 1882  -0.000000000000  -0.707106781187  -0.707106781187
                   0.577350269190  -0.577350269190   0.577350269190
0, 1882 8760.655347417982 15001.455972112140 9254.092038337119    2    0
         0, 1881   0.000000000000   0.707106781187   0.707106781187
                   0.577350269190  -0.577350269190   0.577350269190
         0, 1883  -0.000000000000  -0.707106781187  -0.707106781187
                   0.577350269190  -0.577350269190   0.577350269190
0, 1883 8422.679621741603 15015.986359224560 9606.598151125916    2    0
         0, 1882   0.000000000000   0.707106781187   0.707106781187
                   0.577350269190  -0.577350269190   0.577350269190
         0, 1884  -0.000000000000  -0.707106781187  -0.707106781187
                   0.577350269190  -0.577350269190   0.577350269190
0, 1884 8084.703896065224 15030.516746336978 9959.104263914713    1    7
         0, 1883   0.000000000000   0.707106781187   0.707106781187
                   0.577350269190  -0.577350269190   0.577350269190
0, 1885 2445.835569983790 9205.021263308545 12054.855393721726    1    7
         0, 1886   0.000000000000   0.707106781187   0.707106781187
                   0.577350269190  -0.577350269190   0.577350269190
0, 1886 2529.097791856212 8796.569615862463 11563.141524403221    2    0
         0, 1885  -0.000000000000  -0.707106781187  -0.707106781187
                   0.577350269190  -0.577350269190   0.577350269190
         0, 1887   0.000000000000   0.707106781187   0.707106781187
                   0.577350269190  -0.577350269190   0.577350269190
0, 1887 2612.360013728633 8388.117968416380 11071.427655084717    2    0
         0, 1886  -0.000000000000  -0.707106781187  -0.707106781187
                   0.577350269190  -0.577350269190   0.577350269190
         0, 1888   0.000000000000   0.707106781187   0.707106781187
                   0.577350269190  -0.577350269190   0.577350269190
0, 1888 2695.622235601054 7979.666320970297 10579.713785766215    2    0
         0, 1887  -0.000000000000  -0.707106781187  -0.707106781187
                   0.577350269190  -0.577350269190   0.577350269190
         0, 1889   0.000000000000   0.707106781187   0.707106781187
                   0.577350269190  -0.577350269190   0.577350269190
0, 1889 2778.884457473476 7571.214673524215 10087.999916447710    1    7
         0, 1888  -0.000000000000  -0.707106781187  -0.707106781187
                   0.577350269190  -0.577350269190   0.577350269190
0, 1890 11546.270979675808 9029.397395241491 383.611808989331    1    7
         0, 1891   0.707106781187   0.000000000000   0.707106781187
                  -0.577350269190   0.577350269190   0.577350269190
0, 1891 11921.522757781653 9117.915943155605 670.345039181061    2    0
         0, 1890  -0.707106781187  -0.000000000000  -0.707106781187
                  -0.577350269190   0.577350269190   0.577350269190
         0, 1892   0.707106781187   0.000000000000   0.707106781187
                  -0.577350269190   0.577350269190   0.577350269190
0, 1892 12296.774535887498 9206.434491069720 957.078269372792    2    0
         0, 1891  -0.707106781187  -0.000000000000  -0.707106781187
                  -0.577350269190   0.577350269190   0.577350269190
         0, 1893   0.707106781187   0.000000000000   0.707106781187
                  -0.577350269190   0.577350269190   0.577350269190
0, 1893 12672.026313993343 9294.953038983835 1243.811499564522    2    0
         0, 1892  -0.707106781187  -0.000000000000  -0.707106781187
                  -0.577350269190   0.577350269190   0.577350269190
         0, 1894   0.707106781187   0.000000000000   0.707106781187
                  -0.577350269190   0.577350269190   0.577350269190
0, 1894 13047.278092099188 9383.471586897949 1530.544729756253    1    7
         0, 1893  -0.707106781187  -0.000000000000  -0.707106781187
                  -0.577350269190   0.577350269190   0.577350269190
0, 1895 5261.583680464746 7519.642017763676 10823.471499605486    1    7
         0, 1896   0.707106781187   0.000000000000   0.707106781187
                  -0.577350269190   0.577350269190   0.577350269190
0, 1896 5490.919369207732 7855.244824756577 10717.204381355572    2    0
         0, 1895  -0.707106781187  -0.000000000000  -0.707106781187
                  -0.577350269190   0.577350269190   0.577350269190
         0, 1897   0.707106781187   0.000000000000   0.707106781187
                  -0.577350269190   0.577350269190   0.577350269190
0, 1897 5720.255057950718 8190.847631749478 10610.937263105658    2    0
         0, 1896  -0.707106781187  -0.000000000000  -0.707106781187
                  -0.577350269190   0.577350269190   0.577350269190
         0, 1898   0.707106781187   0.000000000000   0.707106781187
                  -0.577350269190   0.577350269190   0.577350269190
0, 1898 5949.590746693704 8526.450438742379 10504.670144855743    2    0
         0, 1897  -0.707106781187  -0.000000000000  -0.707106781187
                  -0.577350269190   0.577350269190   0.577350269190
         0, 1899   0.707106781187   0.000000000000   0.707106781187
                  -0.577350269190   0.577350269190   0.577350269190
0, 1899 6178.926435436691 8862.053245735278 10398.403026605829    1    7
         0, 1898  -0.707106781187  -0.000000000000  -0.707106781187
                  -0.577350269190   0.577350269190   0.577350269190
0, 1900 3392.349939426071 11763.814855775337 6646.265012597310    1    7
         0, 1901  -0.707106781187  -0.000000000000  -0.707106781187
                  -0.577350269190   0.577350269190   0.577350269190
0, 1901 2974.915383027658 11360.665011031990 6631.980300942246    2    0
         0, 1900   0.707106781187   0.000000000000   0.707106781187
                  -0.577350269190   0.577350269190   0.577350269190
         0, 1902  -0.707106781187  -0.000000000000  -0.707106781187
                  -0.577350269190   0.577350269190   0.577350269190
0, 1902 2557.480826629246 10957.515166288642 6617.695589287180    2    0
         0, 1901   0.707106781187   0.000000000000   0.707106781187
                  -0.577350269190   0.577350269190   0.577350269190
         0, 1903  -0.707106781187  -0.000000000000  -0.707106781187
                  -0.577350269190   0.577350269190   0.577350269190
0, 1903 2140.046270230833 10554.365321545296 6603.410877632115    2    0
         0, 1902   0.707106781187   0.000000000000   0.707106781187
                  -0.577350269190   0.577350269190   0.577350269190
         0, 1904  -0.707106781187  -0.000000000000  -0.707106781187
                  -0.577350269190   0.577350269190   0.577350269190
0, 1904 1722.611713832421 10151.215476801948 6589.126165977050    1    7
         0, 1903   0.707106781187   0.000000000000   0.707106781187
                  -0.577350269190   0.577350269190   0.577350269190
0, 1905 433.764905137793 18195.523285011350 3446.751818927714    1    7
         0, 1906  -0.000000000000  -0.707106781187  -0.707106781187
                   0.577350269190  -0.577350269190   0.577350269190
0, 1906 978.231642484535 18383.395446954219 3090.157243523840    2    0
         0, 1905   0.000000000000   0.707106781187   0.707106781187
                   0.577350269190  -0.577350269190   0.577350269190
         0, 1907  -0.000000000000  -0.707106781187  -0.707106781187
                   0.577350269190  -0.577350269190   0.577350269190
0, 1907 1522.698379831277 18571.267608897087 2733.562668119966    2    0
         0, 1906   0.000000000000   0.707106781187   0.707106781187
                   0.577350269190  -0.577350269190   0.577350269190
         0, 1908  -0.000000000000  -0.707106781187  -0.707106781187
                   0.577350269190  -0.577350269190   0.577350269190
0, 1908 2067.165117178019 18759.139770839953 2376.968092716092    2    0
         0, 1907   0.000000000000   0.707106781187   0.707106781187
                   0.577350269190  -0.577350269190   0.577350269190
         0, 1909  -0.000000000000  -0.707106781187  -0.707106781187
                   0.577350269190  -0.577350269190   0.577350269190
0, 1909 2611.631854524761 18947.011932782822 2020.373517312217    1    7
         0, 1908   0.000000000000   0.707106781187   0.707106781187
                   0.577350269190  -0.577350269190   0.577350269190
0, 1910 19708.825251238894 12980.105474845759 11187.410343347436    1    7
         0, 1911  -0.707106781187  -0.000000000000   0.707106781187
                   0.577350269190   0.577350269190   0.577350269190
0, 1911 19649.042282969163 12602.634003246891 11624.664783216032    2    0
         0, 1910   0.707106781187   0.000000000000  -0.707106781187
                   0.577350269190   0.577350269190   0.577350269190
         0, 1912  -0.707106781187  -0.000000000000   0.707106781187
                   0.577350269190   0.577350269190   0.577350269190
0, 1912 19589.259314699433 12225.162531648024 12061.919223084631    2    0
         0, 1911   0.707106781187   0.000000000000  -0.707106781187
                   0.577350269190   0.577350269190   0.577350269190
         0, 1913  -0.707106781187  -0.000000000000   0.707106781187
                   0.577350269190   0.577350269190   0.577350269190
0, 1913 19529.476346429703 11847.691060049156 12499.173662953228    2    0
         0, 1912   0.707106781187   0.000000000000  -0.707106781187
                   0.577350269190   0.577350269190   0.577350269190
         0, 1914  -0.707106781187  -0.000000000000   0.707106781187
                   0.577350269190   0.577350269190   0.577350269190
0, 1914 19469.693378159973 11470.219588450289 12936.428102821827    1    7
         0, 1913   0.707106781187   0.000000000000  -0.707106781187
                   0.577350269190   0.577350269190   0.577350269190
0, 1915 3852.054975071371 13056.384391873964 8331.761977687664    1    7
         0, 1916   0.707106781187  -0.707106781187   0.000000000000
                   0.577350269190   0.577350269190   0.577350269190
0, 1916 4151.783887469483 12694.970740556699 8393.446716606817    2    0
         0, 1915  -0.707106781187   0.707106781187  -0.000000000000
                   0.577350269190   0.577350269190   0.577350269190
         0, 1917   0.707106781187  -0.707106781187   0.000000000000
                   0.577350269190   0.577350269190   0.577350269190
0, 1917 4451.512799867596 12333.557089239432 8455.131455525971    2    0
         0, 1916  -0.707106781187   0.707106781187  -0.000000000000
                   0.577350269190   0.577350269190   0.577350269190
         0, 1918   0.707106781187  -0.707106781187   0.000000000000
                   0.577350269190   0.577350269190   0.577350269190
0, 1918 4751.241712265709 11972.143437922166 8516.816194445124    2    0
         0, 1917  -0.707106781187   0.707106781187  -0.000000000000
                   0.577350269190   0.577350269190   0.577350269190
         0, 1919   0.707106781187  -0.707106781187   0.000000000000
                   0.577350269190   0.577350269190   0.577350269190
0, 1919 5050.970624663822 11610.729786604901 8578.500933364277    1    7
         0, 1918  -0.707106781187   0.707106781187  -0.000000000000
                   0.577350269190   0.577350269190   0.577350269190
0, 1920 3656.422670517494 20024.599557216097 6913.577126636373    1    7
         0, 1921  -0.000000000000  -0.707106781187   0.707106781187
                   0.577350269190   0.577350269190   0.577350269190
0, 1921 3462.515922247579 19757.328729070414 7374.754703051971    2    0
         0, 1920   0.000000000000   0.707106781187  -0.707106781187
                   0.577350269190   0.577350269190   0.577350269190
         0, 1922  -0.000000000000  -0.707106781187   0.707106781187
                   0.577350269190   0.577350269190   0.577350269190
0, 1922 3268.609173977663 19490.057900924730 7835.932279467569    2    0
         0, 1921   0.000000000000   0.707106781187  -0.707106781187
                   0.577350269190   0.577350269190   0.577350269190
         0, 1923  -0.000000000000  -0.707106781187   0.707106781187
                   0.577350269190   0.577350269190   0.577350269190
0, 1923 3074.702425707748 19222.787072779051 8297.109855883167    2    0
         0, 1922   0.000000000000   0.707106781187  -0.707106781187
                   0.577350269190   0.577350269190   0.577350269190
         0, 1924  -0.000000000000  -0.707106781187   0.707106781187
                   0.577350269190   0.577350269190   0.577350269190
0, 1924 2880.795677437833 18955.516244633367 8758.287432298766    1    7
         0, 1923   0.000000000000   0.707106781187  -0.707106781187
                   0.577350269190   0.577350269190   0.577350269190
0, 1925 2446.957238816485 16929.670168550121 11560.208567425079    1    7
         0, 1926  -0.707106781187   0.707106781187  -0.000000000000
                   0.577350269190   0.577350269190   0.577350269190
0, 1926 2104.663340525324 17363.575411276484 11468.597222989876    2    0
         0, 1925   0.707106781187  -0.707106781187   0.000000000000
                   0.577350269190   0.577350269190   0.577350269190
         0, 1927  -0.707106781187   0.707106781187  -0.000000000000
                   0.577350269190   0.577350269190   0.577350269190
0, 1927 1762.369442234163 17797.480654002851 11376.985878554671    2    0
         0, 1926   0.707106781187  -0.707106781187   0.000000000000
                   0.577350269190   0.577350269190   0.577350269190
         0, 1928  -0.707106781187   0.707106781187  -0.000000000000
                   0.577350269190   0.577350269190   0.577350269190
0, 1928 1420.075543943003 18231.385896729214 11285.374534119468    2    0
         0, 1927   0.707106781187  -0.707106781187   0.000000000000
                   0.577350269190   0.577350269190   0.577350269190
         0, 1929  -0.707106781187   0.707106781187  -0.000000000000
                   0.577350269190   0.577350269190   0.577350269190
0, 1929 1077.781645651842 18665.291139455578 11193.763189684265    1    7
         0, 1928   0.707106781187  -0.707106781187   0.000000000000
                   0.577350269190   0.577350269190   0.577350269190
0, 1930 9979.284727271697 12711.503885239450 9250.851657755496    1    7
         0, 1931   0.707106781187   0.000000000000  -0.707106781187
                   0.577350269190  -0.577350269190   0.577350269190
0, 1931 10322.049765872121 13013.230442034048 9209.813175949668    2    0
         0, 1930  -0.707106781187  -0.000000000000   0.707106781187
                   0.577350269190  -0.577350269190   0.577350269190
         0, 1932   0.707106781187   0.000000000000  -0.707106781187
                   0.577350269190  -0.577350269190   0.577350269190
0, 1932 10664.814804472548 13314.956998828646 9168.774694143842    2    0
         0, 1931  -0.707106781187  -0.000000000000   0.707106781187
                   0.577350269190  -0.577350269190   0.577350269190
         0, 1933   0.707106781187   0.000000000000  -0.707106781187
                   0.577350269190  -0.577350269190   0.577350269190
0, 1933 11007.579843072972 13616.683555623242 9127.736212338014    2    0
         0, 1932  -0.707106781187  -0.000000000000   0.707106781187
                   0.577350269190  -0.577350269190   0.577350269190
         0, 1934   0.707106781187   0.000000000000  -0.707106781187
                   0.577350269190  -0.577350269190   0.577350269190
0, 1934 11350.344881673398 13918.410112417840 9086.697730532185    1    7
         0, 1933  -0.707106781187  -0.000000000000   0.707106781187
                   0.577350269190  -0.577350269190   0.577350269190
0, 1935 17298.491023578561 2462.196758825651 14483.948484647619    1    7
         0, 1936  -0.707106781187  -0.000000000000   0.707106781187
                   0.577350269190  -0.577350269190   0.577350269190
0, 1936 17054.668486064606 2003.896662560543 14269.470925896465    2    0
         0, 1935   0.707106781187   0.000000000000  -0.707106781187
                   0.577350269190  -0.577350269190   0.577350269190
         0, 1937  -0.707106781187  -0.000000000000   0.707106781187
                   0.577350269190  -0.577350269190   0.577350269190
0, 1937 16810.845948550650 1545.596566295435 14054.993367145313    2    0
         0, 1936   0.707106781187   0.000000000000  -0.707106781187
                   0.577350269190  -0.577350269190   0.577350269190
         0, 1938  -0.707106781187  -0.000000000000   0.707106781187
                   0.577350269190  -0.577350269190   0.577350269190
0, 1938 16567.023411036695 1087.296470030327 13840.515808394159    2    0
         0, 1937   0.707106781187   0.000000000000  -0.707106781187
                   0.577350269190  -0.577350269190   0.577350269190
         0, 1939  -0.707106781187  -0.000000000000   0.707106781187
                   0.577350269190  -0.577350269190   0.577350269190
0, 1939 16323.200873522741 628.996373765218 13626.038249643007    1    7
         0, 1938   0.707106781187   0.000000000000  -0.707106781187
                   0.577350269190  -0.577350269190   0.577350269190
0, 1940 5089.832588729772 13575.164058742985 3174.183298668572    1    7
         0, 1941  -0.707106781187  -0.000000000000  -0.707106781187
                  -0.577350269190   0.577350269190   0.577350269190
0, 1941 4536.768048112420 13545.910385746871 2650.372431047334    2    0
         0, 1940   0.707106781187   0.000000000000   0.707106781187
                  -0.577350269190   0.577350269190   0.577350269190
         0, 1942  -0.707106781187  -0.000000000000  -0.707106781187
                  -0.577350269190   0.577350269190   0.577350269190
0, 1942 3983.703507495068 13516.656712750755 2126.561563426097    2    0
         0, 1941   0.707106781187   0.000000000000   0.707106781187
                  -0.577350269190   0.577350269190   0.577350269190
         0, 1943  -0.707106781187  -0.000000000000  -0.707106781187
                  -0.577350269190   0.577350269190   0.577350269190
0, 1943 3430.638966877716 13487.403039754641 1602.750695804859    2    0
         0, 1942   0.707106781187   0.000000000000   0.707106781187
                  -0.577350269190   0.577350269190   0.577350269190
         0, 1944  -0.707106781187  -0.000000000000  -0.707106781187
                  -0.577350269190   0.577350269190   0.577350269190
0, 1944 2877.574426260363 13458.149366758526 1078.939828183622    1    7
         0, 1943   0.707106781187   0.000000000000   0.707106781187
                  -0.577350269190   0.577350269190   0.577350269190
0, 1945 11870.024646460824 6886.121687632333 14328.115687582609    1    7
         0, 1946  -0.707106781187  -0.000000000000   0.707106781187
                   0.577350269190   0.577350269190   0.577350269190
0, 1946 11833.690736724882 7192.065826141029 14058.505458809857    2    0
         0, 1945   0.707106781187   0.000000000000  -0.707106781187
                   0.577350269190   0.577350269190   0.577350269190
         0, 1947  -0.707106781187  -0.000000000000   0.707106781187
                   0.577350269190   0.577350269190   0.577350269190
0, 1947 11797.356826988938 7498.009964649724 13788.895230037104    2    0
         0, 1946   0.707106781187   0.000000000000  -0.707106781187
                   0.577350269190   0.577350269190   0.577350269190
         0, 1948  -0.707106781187  -0.000000000000   0.707106781187
                   0.577350269190   0.577350269190   0.577350269190
0, 1948 11761.022917252996 7803.954103158419 13519.285001264352    2    0
         0, 1947   0.707106781187   0.000000000000  -0.707106781187
                   0.577350269190   0.577350269190   0.577350269190
         0, 1949  -0.707106781187  -0.000000000000   0.707106781187
                   0.577350269190   0.577350269190   0.577350269190
0, 1949 11724.689007517052 8109.898241667115 13249.674772491600    1    7
         0, 1948   0.707106781187   0.000000000000  -0.707106781187
                   0.577350269190   0.577350269190   0.577350269190
0, 1950 11465.555077254414 16503.241990667946 13725.529909138748    1    7
         0, 1951   0.707106781187   0.000000000000  -0.707106781187
                   0.577350269190   0.577350269190   0.577350269190
0, 1951 11375.359804631085 16845.040495582551 13473.926676847472    2    0
         0, 1950  -0.707106781187  -0.000000000000   0.707106781187
                   0.577350269190   0.577350269190   0.577350269190
         0, 1952   0.707106781187   0.000000000000  -0.707106781187
                   0.577350269190   0.577350269190   0.577350269190
0, 1952 11285.164532007757 17186.839000497155 13222.323444556196    2    0
         0, 1951  -0.707106781187  -0.000000000000   0.707106781187
                   0.577350269190   0.577350269190   0.577350269190
         0, 1953   0.707106781187   0.000000000000  -0.707106781187
                   0.577350269190   0.577350269190   0.577350269190
0, 1953 11194.969259384428 17528.637505411760 12970.720212264920    2    0
         0, 1952  -0.707106781187  -0.000000000000   0.707106781187
                   0.577350269190   0.577350269190   0.577350269190
         0, 1954   0.707106781187   0.000000000000  -0.707106781187
                   0.577350269190   0.577350269190   0.577350269190
0, 1954 11104.773986761102 17870.436010326364 12719.116979973644    1    7
         0, 1953  -0.707106781187  -0.000000000000   0.707106781187
                   0.577350269190   0.577350269190   0.577350269190
0, 1955 2708.473081980703 4670.465674229404 311.796700316801    1    7
         0, 1956  -0.000000000000  -0.707106781187  -0.707106781187
                   0.577350269190   0.577350269190  -0.577350269190
0, 1956 2439.400890786094 4917.500563520221 289.759398413009    2    0
         0, 1955   0.000000000000   0.707106781187   0.707106781187
                   0.577350269190   0.577350269190  -0.577350269190
         0, 1957  -0.000000000000  -0.707106781187  -0.707106781187
                   0.577350269190   0.577350269190  -0.577350269190
0, 1957 2170.328699591485 5164.535452811037 267.722096509216    2    0
         0, 1956   0.000000000000   0.707106781187   0.707106781187
                   0.577350269190   0.577350269190  -0.577350269190
         0, 1958  -0.000000000000  -0.707106781187  -0.707106781187
                   0.577350269190   0.577350269190  -0.577350269190
0, 1958 1901.256508396876 5411.570342101853 245.684794605424    2    0
         0, 1957   0.000000000000   0.707106781187   0.707106781187
                   0.577350269190   0.577350269190  -0.577350269190
         0, 1959  -0.000000000000  -0.707106781187  -0.707106781187
                   0.577350269190   0.577350269190  -0.577350269190
0, 1959 1632.184317202267 5658.605231392670 223.647492701631    1    7
         0, 1958   0.000000000000   0.707106781187   0.707106781187
                   0.577350269190   0.577350269190  -0.577350269190
0, 1960 4315.334410680784 5332.230519661589 8492.878696910035    1    7
         0, 1961  -0.707106781187  -0.000000000000   0.707106781187
                   0.577350269190   0.577350269190   0.577350269190
0, 1961 4036.004019668398 5651.844598939659 8452.595008644352    2    0
         0, 1960   0.707106781187   0.000000000000  -0.707106781187
                   0.577350269190   0.577350269190   0.577350269190
         0, 1962  -0.707106781187  -0.000000000000   0.707106781187
                   0.577350269190   0.577350269190   0.577350269190
0, 1962 3756.673628656011 5971.458678217728 8412.311320378669    2    0
         0, 1961   0.707106781187   0.000000000000  -0.707106781187
                   0.577350269190   0.577350269190   0.577350269190
         0, 1963  -0.707106781187  -0.000000000000   0.707106781187
                   0.577350269190   0.577350269190   0.577350269190
0, 1963 3477.343237643624 6291.072757495797 8372.027632112988    2    0
         0, 1962   0.707106781187   0.000000000000  -0.707106781187
                   0.577350269190   0.577350269190   0.577350269190
         0, 1964  -0.707106781187  -0.000000000000   0.707106781187
                   0.577350269190   0.577350269190   0.577350269190
0, 1964 3198.012846631237 6610.686836773867 8331.743943847305    1    7
         0, 1963   0.707106781187   0.000000000000  -0.707106781187
                   0.577350269190   0.577350269190   0.577350269190
0, 1965 17191.454279802005 17781.067255358113 3009.166065384063    1    7
         0, 1966  -0.000000000000  -0.707106781187  -0.707106781187
                   0.577350269190   0.577350269190  -0.577350269190
0, 1966 17723.810728311688 17370.354059711939 3130.809318247573    2    0
         0, 1965   0.000000000000   0.707106781187   0.707106781187
                   0.577350269190   0.577350269190  -0.577350269190
         0, 1967  -0.000000000000  -0.707106781187  -0.707106781187
                   0.577350269190   0.577350269190  -0.577350269190
0, 1967 18256.167176821371 16959.640864065765 3252.452571111083    2    0
         0, 1966   0.000000000000   0.707106781187   0.707106781187
                   0.577350269190   0.577350269190  -0.577350269190
         0, 1968  -0.000000000000  -0.707106781187  -0.707106781187
                   0.577350269190   0.577350269190  -0.577350269190
0, 1968 18788.523625331054 16548.927668419594 3374.095823974592    2    0
         0, 1967   0.000000000000   0.707106781187   0.707106781187
                   0.577350269190   0.577350269190  -0.577350269190
         0, 1969  -0.000000000000  -0.707106781187  -0.707106781187
                   0.577350269190   0.577350269190  -0.577350269190
0, 1969 19320.880073840737 16138.214472773418 3495.739076838102    1    7
         0, 1968   0.000000000000   0.707106781187   0.707106781187
                   0.577350269190   0.577350269190  -0.577350269190
0, 1970 18485.843127855427 10272.344202592851 8026.957526325834    1    7
         0, 1971   0.000000000000   0.707106781187  -0.707106781187
                  -0.577350269190   0.577350269190   0.577350269190
0, 1971 18067.755784084758 10333.567040088808 7547.647345059208    2    0
         0, 1970  -0.000000000000  -0.707106781187   0.707106781187
                  -0.577350269190   0.577350269190   0.577350269190
         0, 1972   0.000000000000   0.707106781187  -0.707106781187
                  -0.577350269190   0.577350269190   0.577350269190
0, 1972 17649.668440314090 10394.789877584764 7068.337163792583    2    0
         0, 1971  -0.000000000000  -0.707106781187   0.707106781187
                  -0.577350269190   0.577350269190   0.577350269190
         0, 1973   0.000000000000   0.707106781187  -0.707106781187
                  -0.577350269190   0.577350269190   0.577350269190
0, 1973 17231.581096543421 10456.012715080722 6589.026982525957    2    0
         0, 1972  -0.000000000000  -0.707106781187   0.707106781187
                  -0.577350269190   0.577350269190   0.577350269190
         0, 1974   0.000000000000   0.707106781187  -0.707106781187
                  -0.577350269190   0.577350269190   0.577350269190
0, 1974 16813.493752772752 10517.235552576680 6109.716801259332    1    7
         0, 1973  -0.000000000000  -0.707106781187   0.707106781187
                  -0.577350269190   0.577350269190   0.577350269190
0, 1975 4520.400987357240 18214.723105666490 16353.291240857207    1    7
         0, 1976   0.707106781187   0.000000000000  -0.707106781187
                   0.577350269190  -0.577350269190   0.577350269190
0, 1976 4982.651268966240 18252.767518386332 15929.085371968047    2    0
         0, 1975  -0.707106781187  -0.000000000000   0.707106781187
                   0.577350269190  -0.577350269190   0.577350269190
         0, 1977   0.707106781187   0.000000000000  -0.707106781187
                   0.577350269190  -0.577350269190   0.577350269190
0, 1977 5444.901550575241 18290.811931106175 15504.879503078890    2    0
         0, 1976  -0.707106781187  -0.000000000000   0.707106781187
                   0.577350269190  -0.577350269190   0.577350269190
         0, 1978   0.707106781187   0.000000000000  -0.707106781187
                   0.577350269190  -0.577350269190   0.577350269190
0, 1978 5907.151832184241 18328.856343826017 15080.673634189730    2    0
         0, 1977  -0.707106781187  -0.000000000000   0.707106781187
                   0.577350269190  -0.577350269190   0.577350269190
         0, 1979   0.707106781187   0.000000000000  -0.707106781187
                   0.577350269190  -0.577350269190   0.577350269190
0, 1979 6369.402113793243 18366.900756545860 14656.467765300571    1    7
         0, 1978  -0.707106781187  -0.000000000000   0.707106781187
                   0.577350269190  -0.577350269190   0.577350269190
0, 1980 12160.649530027957 6376.441811198584 11346.589637811561    1    7
         0, 1981  -0.707106781187  -0.707106781187  -0.000000000000
                   0.577350269190  -0.577350269190   0.577350269190
0, 1981 11995.436156576066 5968.291293618311 11103.652493683177    2    0
         0, 1980   0.707106781187   0.707106781187   0.000000000000
                   0.577350269190  -0.577350269190   0.577350269190
         0, 1982  -0.707106781187  -0.707106781187  -0.000000000000
                   0.577350269190  -0.577350269190   0.577350269190
0, 1982 11830.222783124176 5560.140776038038 10860.715349554795    2    0
         0, 1981   0.707106781187   0.707106781187   0.000000000000
                   0.577350269190  -0.577350269190   0.577350269190
         0, 1983  -0.707106781187  -0.707106781187  -0.000000000000
                   0.577350269190  -0.577350269190   0.577350269190
0, 1983 11665.009409672286 5151.990258457765 10617.778205426412    2    0
         0, 1982   0.707106781187   0.707106781187   0.000000000000
                   0.577350269190  -0.577350269190   0.577350269190
         0, 1984  -0.707106781187  -0.707106781187  -0.000000000000
                   0.577350269190  -0.577350269190   0.577350269190
0, 1984 11499.796036220396 4743.839740877491 10374.841061298030    1    7
         0, 1983   0.707106781187   0.707106781187   0.000000000000
                   0.577350269190  -0.577350269190   0.577350269190
0, 1985 10677.722999251582 4234.712030534737 8411.292690232431    1    7
         0, 1986  -0.707106781187  -0.707106781187  -0.000000000000
                  -0.577350269190   0.577350269190   0.577350269190
0, 1986 11045.973392863163 4065.238308656608 8949.016805722142    2    0
         0, 1985   0.707106781187   0.707106781187   0.000000000000
                  -0.577350269190   0.577350269190   0.577350269190
         0, 1987  -0.707106781187  -0.707106781187  -0.000000000000
                  -0.577350269190   0.577350269190   0.577350269190
0, 1987 11414.223786474744 3895.764586778478 9486.740921211851    2    0
         0, 1986   0.707106781187   0.707106781187   0.000000000000
                  -0.577350269190   0.577350269190   0.577350269190
         0, 1988  -0.707106781187  -0.707106781187  -0.000000000000
                  -0.577350269190   0.577350269190   0.577350269190
0, 1988 11782.474180086325 3726.290864900349 10024.465036701562    2    0
         0, 1987   0.707106781187   0.707106781187   0.000000000000
                  -0.577350269190   0.577350269190   0.577350269190
         0, 1989  -0.707106781187  -0.707106781187  -0.000000000000
                  -0.577350269190   0.577350269190   0.577350269190
0, 1989 12150.724573697906 3556.817143022219 10562.189152191271    1    7
         0, 1988   0.707106781187   0.707106781187   0.000000000000
                  -0.577350269190   0.577350269190   0.577350269190
0, 1990 18802.525778404404 10774.708006329938 16531.508755029085    1    7
         0, 1991  -0.707106781187  -0.000000000000  -0.707106781187
                  -0.577350269190   0.577350269190   0.577350269190
0, 1991 18385.075250366939 10461.323158464949 16427.443074856605    2    0
         0, 1990   0.707106781187   0.000000000000   0.707106781187
                  -0.577350269190   0.577350269190   0.577350269190
         0, 1992  -0.707106781187  -0.000000000000  -0.707106781187
                  -0.577350269190   0.577350269190   0.577350269190
0, 1992 17967.624722329470 10147.938310599960 16323.377394684128    2    0
         0, 1991   0.707106781187   0.000000000000   0.707106781187
                  -0.577350269190   0.577350269190   0.577350269190
         0, 1993  -0.707106781187  -0.000000000000  -0.707106781187
                  -0.577350269190   0.577350269190   0.577350269190
0, 1993 17550.174194292005 9834.553462734972 16219.311714511650    2    0
         0, 1992   0.707106781187   0.000000000000   0.707106781187
                  -0.577350269190   0.577350269190   0.577350269190
         0, 1994  -0.707106781187  -0.000000000000  -0.707106781187
                  -0.577350269190   0.577350269190   0.577350269190
0, 1994 17132.723666254537 9521.168614869985 16115.246034339172    1    7
         0, 1993   0.707106781187   0.000000000000   0.707106781187
                  -0.577350269190   0.577350269190   0.577350269190
0, 1995 13975.877835605597 17826.231319013576 11420.209863100741    1    7
         0, 1996   0.707106781187   0.000000000000  -0.707106781187
                   0.577350269190   0.577350269190   0.577350269190
0, 1996 14117.004799481841 17317.936643006069 11787.377575232002    2    0
         0, 1995  -0.707106781187  -0.000000000000   0.707106781187
                   0.577350269190   0.577350269190   0.577350269190
         0, 1997   0.707106781187   0.000000000000  -0.707106781187
                   0.577350269190   0.577350269190   0.577350269190
0, 1997 14258.131763358086 16809.641966998566 12154.545287363264    2    0
         0, 1996  -0.707106781187  -0.000000000000   0.707106781187
                   0.577350269190   0.577350269190   0.577350269190
         0, 1998   0.707106781187   0.000000000000  -0.707106781187
                   0.577350269190   0.577350269190   0.577350269190
0, 1998 14399.258727234330 16301.347290991060 12521.712999494524    2    0
         0, 1997  -0.707106781187  -0.000000000000   0.707106781187
                   0.577350269190   0.577350269190   0.577350269190
         0, 1999   0.707106781187   0.000000000000  -0.707106781187
                   0.577350269190   0.577350269190   0.577350269190
0, 1999 14540.385691110572 15793.052614983555 12888.880711625787    1    7
         0, 1998  -0.707106781187  -0.000000000000   0.707106781187
                   0.577350269190   0.577350269190   0.577350269190
0, 2000 11670.051164964991 1198.483389076108 4558.771439344755    1    7
         0, 2001   0.707106781187   0.707106781187   0.000000000000
                   0.577350269190  -0.577350269190   0.577350269190
0, 2001 11877.744170444370 1702.991944848749 4855.586989638017    2    0
         0, 2000  -0.707106781187  -0.707106781187  -0.000000000000
                   0.577350269190  -0.577350269190   0.577350269190
         0, 2002   0.707106781187   0.707106781187   0.000000000000
                   0.577350269190  -0.577350269190   0.577350269190
0, 2002 12085.437175923747 2207.500500621390 5152.402539931280    2    0
         0, 2001  -0.707106781187  -0.707106781187  -0.000000000000
                   0.577350269190  -0.577350269190   0.577350269190
         0, 2003   0.707106781187   0.707106781187   0.000000000000
                   0.577350269190  -0.577350269190   0.577350269190
0, 2003 12293.130181403127 2712.009056394031 5449.218090224543    2    0
         0, 2002  -0.707106781187  -0.707106781187  -0.000000000000
                   0.577350269190  -0.577350269190   0.577350269190
         0, 2004   0.707106781187   0.707106781187   0.000000000000
                   0.577350269190  -0.577350269190   0.577350269190
0, 2004 12500.823186882504 3216.517612166672 5746.033640517805    1    7
         0, 2003  -0.707106781187  -0.707106781187  -0.000000000000
                   0.577350269190  -0.577350269190   0.577350269190
0, 2005 5055.429066292994 12520.873894218839 16196.511717773750    1    7
         0, 2006   0.707106781187   0.000000000000   0.707106781187
                  -0.577350269190   0.577350269190   0.577350269190
0, 2006 4508.843572263542 12351.659469547274 15819.140648415863    2    0
         0, 2005  -0.707106781187  -0.000000000000  -0.707106781187
                  -0.577350269190   0.577350269190   0.577350269190
         0, 2007   0.707106781187   0.000000000000   0.707106781187
                  -0.577350269190   0.577350269190   0.577350269190
0, 2007 3962.258078234090 12182.445044875709 15441.769579057976    2    0
         0, 2006  -0.707106781187  -0.000000000000  -0.707106781187
                  -0.577350269190   0.577350269190   0.577350269190
         0, 2008   0.707106781187   0.000000000000   0.707106781187
                  -0.577350269190   0.577350269190   0.577350269190
0, 2008 3415.672584204638 12013.230620204145 15064.398509700088    2    0
         0, 2007  -0.707106781187  -0.000000000000  -0.707106781187
                  -0.577350269190   0.577350269190   0.577350269190
         0, 2009   0.707106781187   0.000000000000   0.707106781187
                  -0.577350269190   0.577350269190   0.577350269190
0, 2009 2869.087090175186 11844.016195532580 14687.027440342201    1    7
         0, 2008  -0.707106781187  -0.000000000000  -0.707106781187
                  -0.577350269190   0.577350269190   0.577350269190
0, 2010 10889.346957363086 11971.362570933839 10170.479652935826    1    7
         0, 2011   0.707106781187   0.000000000000   0.707106781187
                   0.577350269190   0.577350269190  -0.577350269190
0, 2011 10950.297556231297 11590.388876055127 9850.456556925325    2    0
         0, 2010  -0.707106781187  -0.000000000000  -0.707106781187
                   0.577350269190   0.577350269190  -0.577350269190
         0, 2012   0.707106781187   0.000000000000   0.707106781187
                   0.577350269190   0.577350269190  -0.577350269190
0, 2012 11011.248155099507 11209.415181176415 9530.433460914823    2    0
         0, 2011  -0.707106781187  -0.000000000000  -0.707106781187
                   0.577350269190   0.577350269190  -0.577350269190
         0, 2013   0.707106781187   0.000000000000   0.707106781187
                   0.577350269190   0.577350269190  -0.577350269190
0, 2013 11072.198753967717 10828.441486297703 9210.410364904321    2    0
         0, 2012  -0.707106781187  -0.000000000000  -0.707106781187
                   0.577350269190   0.577350269190  -0.577350269190
         0, 2014   0.707106781187   0.000000000000   0.707106781187
                   0.577350269190   0.577350269190  -0.577350269190
0, 2014 11133.149352835930 10447.467791418991 8890.387268893819    1    7
         0, 2013  -0.707106781187  -0.000000000000  -0.707106781187
                   0.577350269190   0.577350269190  -0.577350269190
0, 2015 19699.213494764186 1847.723785657552 16254.393641092765    1    7
         0, 2016   0.000000000000   0.707106781187  -0.707106781187
                   0.577350269190   0.577350269190   0.577350269190
0, 2016 19269.297808875515 2158.059400866493 16373.973711772494    2    0
         0, 2015  -0.000000000000  -0.707106781187   0.707106781187
                   0.577350269190   0.577350269190   0.577350269190
         0, 2017   0.000000000000   0.707106781187  -0.707106781187
                   0.577350269190   0.577350269190   0.577350269190
0, 2017 18839.382122986848 2468.395016075435 16493.553782452222    2    0
         0, 2016  -0.000000000000  -0.707106781187   0.707106781187
                   0.577350269190   0.577350269190   0.577350269190
         0, 2018   0.000000000000   0.707106781187  -0.707106781187
                   0.577350269190   0.577350269190   0.577350269190
0, 2018 18409.466437098177 2778.730631284377 16613.133853131949    2    0
         0, 2017  -0.000000000000  -0.707106781187   0.707106781187
                   0.577350269190   0.577350269190   0.577350269190
         0, 2019   0.000000000000   0.707106781187  -0.707106781187
                   0.577350269190   0.577350269190   0.577350269190
0, 2019 17979.550751209506 3089.066246493318 16732.713923811680    1    7
         0, 2018  -0.000000000000  -0.707106781187   0.707106781187
                   0.577350269190   0.577350269190   0.577350269190
0, 2020 15189.109153969241 1560.693743733523 14963.389494717923    1    7
         0, 2021  -0.707106781187  -0.000000000000  -0.707106781187
                   0.577350269190   0.577350269190  -0.577350269190
0, 2021 14977.062002712901 1962.292776363558 15152.941376091618    2    0
         0, 2020   0.707106781187   0.000000000000   0.707106781187
                   0.577350269190   0.577350269190  -0.577350269190
         0, 2022  -0.707106781187  -0.000000000000  -0.707106781187
                   0.577350269190   0.577350269190  -0.577350269190
0, 2022 14765.014851456559 2363.891808993593 15342.493257465312    2    0
         0, 2021   0.707106781187   0.000000000000   0.707106781187
                   0.577350269190   0.577350269190  -0.577350269190
         0, 2023  -0.707106781187  -0.000000000000  -0.707106781187
                   0.577350269190   0.577350269190  -0.577350269190
0, 2023 14552.967700200219 2765.490841623629 15532.045138839007    2    0
         0, 2022   0.707106781187   0.000000000000   0.707106781187
                   0.577350269190   0.577350269190  -0.577350269190
         0, 2024  -0.707106781187  -0.000000000000  -0.707106781187
                   0.577350269190   0.577350269190  -0.577350269190
0, 2024 14340.920548943879 3167.089874253663 15721.597020212701    1    7
         0, 2023   0.707106781187   0.000000000000   0.707106781187
                   0.577350269190   0.577350269190  -0.577350269190
0, 2025 2106.188939592053 15471.990054272308 6611.519127945279    1    7
         0, 2026  -0.707106781187  -0.707106781187  -0.000000000000
                   0.577350269190  -0.577350269190   0.577350269190
0, 2026 1967.760159279828 15075.709115965339 6353.666969950536    2    0
         0, 2025   0.707106781187   0.707106781187   0.000000000000
                   0.577350269190  -0.577350269190   0.577350269190
         0, 2027  -0.707106781187  -0.707106781187  -0.000000000000
                   0.577350269190  -0.577350269190   0.577350269190
0, 2027 1829.331378967603 14679.428177658370 6095.814811955791    2    0
         0, 2026   0.707106781187   0.707106781187   0.000000000000
                   0.577350269190  -0.577350269190   0.577350269190
         0, 2028  -0.707106781187  -0.707106781187  -0.000000000000
                   0.577350269190  -0.577350269190   0.577350269190
0, 2028 1690.902598655379 14283.147239351401 5837.962653961047    2    0
         0, 2027   0.707106781187   0.707106781187   0.000000000000
                   0.577350269190  -0.577350269190   0.577350269190
         0, 2029  -0.707106781187  -0.707106781187  -0.000000000000
                   0.577350269190  -0.577350269190   0.577350269190
0, 2029 1552.473818343154 13886.866301044432 5580.110495966303    1    7
         0, 2028   0.707106781187   0.707106781187   0.000000000000
                   0.577350269190  -0.577350269190   0.577350269190
0, 2030 14333.738012322916 5372.180779632977 14770.756362880280    1    7
         0, 2031  -0.707106781187  -0.707106781187  -0.000000000000
                  -0.577350269190   0.577350269190   0.577350269190
0, 2031 14073.761673961428 5571.672379985961 14311.288424165807    2    0
         0, 2030   0.707106781187   0.707106781187   0.000000000000
                  -0.577350269190   0.577350269190   0.577350269190
         0, 2032  -0.707106781187  -0.707106781187  -0.000000000000
                  -0.577350269190   0.577350269190   0.577350269190
0, 2032 13813.785335599938 5771.163980338946 13851.820485451333    2    0
         0, 2031   0.707106781187   0.707106781187   0.000000000000
                  -0.577350269190   0.577350269190   0.577350269190
         0, 2033  -0.707106781187  -0.707106781187  -0.000000000000
                  -0.577350269190   0.577350269190   0.577350269190
0, 2033 13553.808997238450 5970.655580691930 13392.352546736860    2    0
         0, 2032   0.707106781187   0.707106781187   0.000000000000
                  -0.577350269190   0.577350269190   0.577350269190
         0, 2034  -0.707106781187  -0.707106781187  -0.000000000000
                  -0.577350269190   0.577350269190   0.577350269190
0, 2034 13293.832658876960 6170.147181044916 12932.884608022385    1    7
         0, 2033   0.707106781187   0.707106781187   0.000000000000
                  -0.577350269190   0.577350269190   0.577350269190
0, 2035 7264.986975045535 5684.963686633898 6979.214588937492    1    7
         0, 2036  -0.707106781187  -0.000000000000   0.707106781187
                   0.577350269190   0.577350269190   0.577350269190
0, 2036 6999.516263191862 5367.234054099432 7562.414933325631    2    0
         0, 2035   0.707106781187   0.000000000000  -0.707106781187
                   0.577350269190   0.577350269190   0.577350269190
         0, 2037  -0.707106781187  -0.000000000000   0.707106781187
                   0.577350269190   0.577350269190   0.577350269190
0, 2037 6734.045551338188 5049.504421564966 8145.615277713770    2    0
         0, 2036   0.707106781187   0.000000000000  -0.707106781187
                   0.577350269190   0.577350269190   0.577350269190
         0, 2038  -0.707106781187  -0.000000000000   0.707106781187
                   0.577350269190   0.577350269190   0.577350269190
0, 2038 6468.574839484516 4731.774789030500 8728.815622101909    2    0
         0, 2037   0.707106781187   0.000000000000  -0.707106781187
                   0.577350269190   0.577350269190   0.577350269190
         0, 2039  -0.707106781187  -0.000000000000   0.707106781187
                   0.577350269190   0.577350269190   0.577350269190
0, 2039 6203.104127630842 4414.045156496034 9312.015966490048    1    7
         0, 2038   0.707106781187   0.000000000000  -0.707106781187
                   0.577350269190   0.577350269190   0.577350269190
0, 2040 4028.038481271917 6243.906795000949 17288.088221870043    1    7
         0, 2041   0.000000000000   0.707106781187  -0.707106781187
                  -0.577350269190   0.577350269190   0.577350269190
0, 2041 3681.325508446615 5942.503872456573 17242.778171589118    2    0
         0, 2040  -0.000000000000  -0.707106781187   0.707106781187
                  -0.577350269190   0.577350269190   0.577350269190
         0, 2042   0.000000000000   0.707106781187  -0.707106781187
                  -0.577350269190   0.577350269190   0.577350269190
0, 2042 3334.612535621312 5641.100949912197 17197.468121308189    2    0
         0, 2041  -0.000000000000  -0.707106781187   0.707106781187
                  -0.577350269190   0.577350269190   0.577350269190
         0, 2043   0.000000000000   0.707106781187  -0.707106781187
                  -0.577350269190   0.577350269190   0.577350269190
0, 2043 2987.899562796010 5339.698027367821 17152.158071027265    2    0
         0, 2042  -0.000000000000  -0.707106781187   0.707106781187
                  -0.577350269190   0.577350269190   0.577350269190
         0, 2044   0.000000000000   0.707106781187  -0.707106781187
                  -0.577350269190   0.577350269190   0.577350269190
0, 2044 2641.186589970708 5038.295104823444 17106.848020746340    1    7
         0, 2043  -0.000000000000  -0.707106781187   0.707106781187
                  -0.577350269190   0.577350269190   0.577350269190
0, 2045 15943.750964838695 1231.159459942112 4750.090698604711    1    7
         0, 2046   0.707106781187   0.000000000000  -0.707106781187
                   0.577350269190  -0.577350269190   0.577350269190
0, 2046 15845.955383588145 1476.152514125160 5092.879334038308    2    0
         0, 2045  -0.707106781187  -0.000000000000   0.707106781187
                   0.577350269190  -0.577350269190   0.577350269190
         0, 2047   0.707106781187   0.000000000000  -0.707106781187
                   0.577350269190  -0.577350269190   0.577350269190
0, 2047 15748.159802337597 1721.145568308208 5435.667969471904    2    0
         0, 2046  -0.707106781187  -0.000000000000   0.707106781187
                   0.577350269190  -0.577350269190   0.577350269190
         0, 2048   0.707106781187   0.000000000000  -0.707106781187
                   0.577350269190  -0.577350269190   0.577350269190
0, 2048 15650.364221087048 1966.138622491256 5778.456604905501    2    0
         0, 2047  -0.707106781187  -0.000000000000   0.707106781187
                   0.577350269190  -0.577350269190   0.577350269190
         0, 2049   0.707106781187   0.000000000000  -0.707106781187
                   0.577350269190  -0.577350269190   0.577350269190
0, 2049 15552.568639836500 2211.131676674303 6121.245240339098    1    7
         0, 2048  -0.707106781187  -0.000000000000   0.707106781187
                   0.577350269190  -0.577350269190   0.577350269190
0, 2050 14095.212924769003 11682.956885924419 1145.952064918481    1    7
         0, 2051   0.000000000000   0.707106781187  -0.707106781187
                  -0.577350269190   0.577350269190   0.577350269190
0, 2051 14124.767391645657 11975.284357160677 883.179060558877    2    0
         0, 2050  -0.000000000000  -0.707106781187   0.707106781187
                  -0.577350269190   0.577350269190   0.577350269190
         0, 2052   0.000000000000   0.707106781187  -0.707106781187
                  -0.577350269190   0.577350269190   0.577350269190
0, 2052 14154.321858522311 12267.611828396935 620.406056199272    2    0
         0, 2051  -0.000000000000  -0.707106781187   0.707106781187
                  -0.577350269190   0.577350269190   0.577350269190
         0, 2053   0.000000000000   0.707106781187  -0.707106781187
                  -0.577350269190   0.577350269190   0.577350269190
0, 2053 14183.876325398964 12559.939299633195 357.633051839668    2    0
         0, 2052  -0.000000000000  -0.707106781187   0.707106781187
                  -0.577350269190   0.577350269190   0.577350269190
         0, 2054   0.000000000000   0.707106781187  -0.707106781187
                  -0.577350269190   0.577350269190   0.577350269190
0, 2054 14213.430792275618 12852.266770869453  94.860047480063    1    7
         0, 2053  -0.000000000000  -0.707106781187   0.707106781187
                  -0.577350269190   0.577350269190   0.577350269190
0, 2055 7456.468756693028 16972.658413610334 15864.279362155996    1    7
         0, 2056  -0.707106781187  -0.000000000000   0.707106781187
                   0.577350269190   0.577350269190   0.577350269190
0, 2056 7567.351522917025 17401.962301327949 15324.092708214384    2    0
         0, 2055   0.707106781187   0.000000000000  -0.707106781187
                   0.577350269190   0.577350269190   0.577350269190
         0, 2057  -0.707106781187  -0.000000000000   0.707106781187
                   0.577350269190   0.577350269190   0.577350269190
0, 2057 7678.234289141023 17831.266189045564 14783.906054272771    2    0
         0, 2056   0.707106781187   0.000000000000  -0.707106781187
                   0.577350269190   0.577350269190   0.577350269190
         0, 2058  -0.707106781187  -0.000000000000   0.707106781187
                   0.577350269190   0.577350269190   0.577350269190
0, 2058 7789.117055365021 18260.570076763179 14243.719400331160    2    0
         0, 2057   0.707106781187   0.000000000000  -0.707106781187
                   0.577350269190   0.577350269190   0.577350269190
         0, 2059  -0.707106781187  -0.000000000000   0.707106781187
                   0.577350269190   0.577350269190   0.577350269190
0, 2059 7899.999821589018 18689.873964480794 13703.532746389548    1    7
         0, 2058   0.707106781187   0.000000000000  -0.707106781187
                   0.577350269190   0.577350269190   0.577350269190
0, 2060 17622.369822516779 9796.459823700601 12251.820511999145    1    7
         0, 2061  -0.000000000000  -0.707106781187  -0.707106781187
                   0.577350269190   0.577350269190  -0.577350269190
0, 2061 18125.766807452368 9546.089900818435 12504.847574052568    2    0
         0, 2060   0.000000000000   0.707106781187   0.707106781187
                   0.577350269190   0.577350269190  -0.577350269190
         0, 2062  -0.000000000000  -0.707106781187  -0.707106781187
                   0.577350269190   0.577350269190  -0.577350269190
0, 2062 18629.163792387961 9295.719977936267 12757.874636105993    2    0
         0, 2061   0.000000000000   0.707106781187   0.707106781187
                   0.577350269190   0.577350269190  -0.577350269190
         0, 2063  -0.000000000000  -0.707106781187  -0.707106781187
                   0.577350269190   0.577350269190  -0.577350269190
0, 2063 19132.560777323550 9045.350055054101 13010.901698159416    2    0
         0, 2062   0.000000000000   0.707106781187   0.707106781187
                   0.577350269190   0.577350269190  -0.577350269190
         0, 2064  -0.000000000000  -0.707106781187  -0.707106781187
                   0.577350269190   0.577350269190  -0.577350269190
0, 2064 19635.957762259139 8794.980132171935 13263.928760212839    1    7
         0, 2063   0.000000000000   0.707106781187   0.707106781187
                   0.577350269190   0.577350269190  -0.577350269190
0, 2065 17990.922841912270 1876.493960359056 12489.919120470167    1    7
         0, 2066   0.000000000000   0.707106781187  -0.707106781187
                   0.577350269190   0.577350269190   0.577350269190
0, 2066 17575.391217575769 2087.256527667423 12694.688177498303    2    0
         0, 2065  -0.000000000000  -0.707106781187   0.707106781187
                   0.577350269190   0.577350269190   0.577350269190
         0, 2067   0.000000000000   0.707106781187  -0.707106781187
                   0.577350269190   0.577350269190   0.577350269190
0, 2067 17159.859593239267 2298.019094975789 12899.457234526437    2    0
         0, 2066  -0.000000000000  -0.707106781187   0.707106781187
                   0.577350269190   0.577350269190   0.577350269190
         0, 2068   0.000000000000   0.707106781187  -0.707106781187
                   0.577350269190   0.577350269190   0.577350269190
0, 2068 16744.327968902766 2508.781662284156 13104.226291554573    2    0
         0, 2067  -0.000000000000  -0.707106781187   0.707106781187
                   0.577350269190   0.577350269190   0.577350269190
         0, 2069   0.000000000000   0.707106781187  -0.707106781187
                   0.577350269190   0.577350269190   0.577350269190
0, 2069 16328.796344566264 2719.544229592522 13308.995348582708    1    7
         0, 2068  -0.000000000000  -0.707106781187   0.707106781187
                   0.577350269190   0.577350269190   0.577350269190
0, 2070 9299.754434633251 12641.361986087810 2749.249557075168    1    7
         0, 2071   0.000000000000   0.707106781187  -0.707106781187
                  -0.577350269190   0.577350269190   0.577350269190
0, 2071 9628.058135637619 12481.403786971385 3237.511457195961    2    0
         0, 2070  -0.000000000000  -0.707106781187   0.707106781187
                  -0.577350269190   0.577350269190   0.577350269190
         0, 2072   0.000000000000   0.707106781187  -0.707106781187
                  -0.577350269190   0.577350269190   0.577350269190
0, 2072 9956.361836641989 12321.445587854960 3725.773357316755    2    0
         0, 2071  -0.000000000000  -0.707106781187   0.707106781187
                  -0.577350269190   0.577350269190   0.577350269190
         0, 2073   0.000000000000   0.707106781187  -0.707106781187
                  -0.577350269190   0.577350269190   0.577350269190
0, 2073 10284.665537646357 12161.487388738535 4214.035257437549    2    0
         0, 2072  -0.000000000000  -0.707106781187   0.707106781187
                  -0.577350269190   0.577350269190   0.577350269190
         0, 2074   0.000000000000   0.707106781187  -0.707106781187
                  -0.577350269190   0.577350269190   0.577350269190
0, 2074 10612.969238650725 12001.529189622110 4702.297157558343    1    7
         0, 2073  -0.000000000000  -0.707106781187   0.707106781187
                  -0.577350269190   0.577350269190   0.577350269190
0, 2075 11425.066703543052 10254.389538123605 6047.305125416615    1    7
         0, 2076   0.707106781187   0.000000000000   0.707106781187
                   0.577350269190   0.577350269190  -0.577350269190
0, 2076 11667.018237581447 9635.828053719655 5670.695175051061    2    0
         0, 2075  -0.707106781187  -0.000000000000  -0.707106781187
                   0.577350269190   0.577350269190  -0.577350269190
         0, 2077   0.707106781187   0.000000000000   0.707106781187
                   0.577350269190   0.577350269190  -0.577350269190
0, 2077 11908.969771619843 9017.266569315707 5294.085224685507    2    0
         0, 2076  -0.707106781187  -0.000000000000  -0.707106781187
                   0.577350269190   0.577350269190  -0.577350269190
         0, 2078   0.707106781187   0.000000000000   0.707106781187
                   0.577350269190   0.577350269190  -0.577350269190
0, 2078 12150.921305658238 8398.705084911757 4917.475274319951    2    0
         0, 2077  -0.707106781187  -0.000000000000  -0.707106781187
                   0.577350269190   0.577350269190  -0.577350269190
         0, 2079   0.707106781187   0.000000000000   0.707106781187
                   0.577350269190   0.577350269190  -0.577350269190
0, 2079 12392.872839696633 7780.143600507808 4540.865323954397    1    7
         0, 2078  -0.707106781187  -0.000000000000  -0.707106781187
                   0.577350269190   0.577350269190  -0.577350269190
0, 2080 9694.241496116552 8505.523806133166 3325.290399224918    1    7
         0, 2081   0.000000000000   0.707106781187  -0.707106781187
                   0.577350269190   0.577350269190   0.577350269190
0, 2081 9361.288646545865 8387.535043536131 3776.232011392641    2    0
         0, 2080  -0.000000000000  -0.707106781187   0.707106781187
                   0.577350269190   0.577350269190   0.577350269190
         0, 2082   0.000000000000   0.707106781187  -0.707106781187
                   0.577350269190   0.577350269190   0.577350269190
0, 2082 9028.335796975178 8269.546280939094 4227.173623560364    2    0
         0, 2081  -0.000000000000  -0.707106781187   0.707106781187
                   0.577350269190   0.577350269190   0.577350269190
         0, 2083   0.000000000000   0.707106781187  -0.707106781187
                   0.577350269190   0.577350269190   0.577350269190
0, 2083 8695.382947404491 8151.557518342059 4678.115235728086    2    0
         0, 2082  -0.000000000000  -0.707106781187   0.707106781187
                   0.577350269190   0.577350269190   0.577350269190
         0, 2084   0.000000000000   0.707106781187  -0.707106781187
                   0.577350269190   0.577350269190   0.577350269190
0, 2084 8362.430097833803 8033.568755745023 5129.056847895809    1    7
         0, 2083  -0.000000000000  -0.707106781187   0.707106781187
                   0.577350269190   0.577350269190   0.577350269190
0, 2085 19141.105553504804 14923.868051164805 13074.477896930917    1    7
         0, 2086   0.000000000000   0.707106781187   0.707106781187
                   0.577350269190   0.577350269190  -0.577350269190
0, 2086 19197.276776130471 15370.359945902657 13577.141014294435    2    0
         0, 2085  -0.000000000000  -0.707106781187  -0.707106781187
                   0.577350269190   0.577350269190  -0.577350269190
         0, 2087   0.000000000000   0.707106781187   0.707106781187
                   0.577350269190   0.577350269190  -0.577350269190
0, 2087 19253.447998756139 15816.851840640507 14079.804131657955    2    0
         0, 2086  -0.000000000000  -0.707106781187  -0.707106781187
                   0.577350269190   0.577350269190  -0.577350269190
         0, 2088   0.000000000000   0.707106781187   0.707106781187
                   0.577350269190   0.577350269190  -0.577350269190
0, 2088 19309.619221381807 16263.343735378359 14582.467249021473    2    0
         0, 2087  -0.000000000000  -0.707106781187  -0.707106781187
                   0.577350269190   0.577350269190  -0.577350269190
         0, 2089   0.000000000000   0.707106781187   0.707106781187
                   0.577350269190   0.577350269190  -0.577350269190
0, 2089 19365.790444007471 16709.835630116209 15085.130366384990    1    7
         0, 2088  -0.000000000000  -0.707106781187  -0.707106781187
                   0.577350269190   0.577350269190  -0.577350269190
0, 2090 6580.406276258553 12549.285498810490 12735.411586167447    1    7
         0, 2091   0.707106781187   0.000000000000  -0.707106781187
                   0.577350269190  -0.577350269190   0.577350269190
0, 2091 6725.962907062055 12368.688394681194 12409.257851234650    2    0
         0, 2090  -0.707106781187  -0.000000000000   0.707106781187
                   0.577350269190  -0.577350269190   0.577350269190
         0, 2092   0.707106781187   0.000000000000  -0.707106781187
                   0.577350269190  -0.577350269190   0.577350269190
0, 2092 6871.519537865558 12188.091290551900 12083.104116301851    2    0
         0, 2091  -0.707106781187  -0.000000000000   0.707106781187
                   0.577350269190  -0.577350269190   0.577350269190
         0, 2093   0.707106781187   0.000000000000  -0.707106781187
                   0.577350269190  -0.577350269190   0.577350269190
0, 2093 7017.076168669060 12007.494186422604 11756.950381369054    2    0
         0, 2092  -0.707106781187  -0.000000000000   0.707106781187
                   0.577350269190  -0.577350269190   0.577350269190
         0, 2094   0.707106781187   0.000000000000  -0.707106781187
                   0.577350269190  -0.577350269190   0.577350269190
0, 2094 7162.632799472563 11826.897082293308 11430.796646436254    1    7
         0, 2093  -0.707106781187  -0.000000000000   0.707106781187
                   0.577350269190  -0.577350269190   0.577350269190
0, 2095 2086.467586781894 13446.935605308077 14780.365093556011    1    7
         0, 2096   0.000000000000   0.707106781187   0.707106781187
                   0.577350269190   0.577350269190  -0.577350269190
0, 2096 2527.235576080562 13294.526317217622 15068.723794764222    2    0
         0, 2095  -0.000000000000  -0.707106781187  -0.707106781187
                   0.577350269190   0.577350269190  -0.577350269190
         0, 2097   0.000000000000   0.707106781187   0.707106781187
                   0.577350269190   0.577350269190  -0.577350269190
0, 2097 2968.003565379229 13142.117029127165 15357.082495972434    2    0
         0, 2096  -0.000000000000  -0.707106781187  -0.707106781187
                   0.577350269190   0.577350269190  -0.577350269190
         0, 2098   0.000000000000   0.707106781187   0.707106781187
                   0.577350269190   0.577350269190  -0.577350269190
0, 2098 3408.771554677897 12989.707741036709 15645.441197180646    2    0
         0, 2097  -0.000000000000  -0.707106781187  -0.707106781187
                   0.577350269190   0.577350269190  -0.577350269190
         0, 2099   0.000000000000   0.707106781187   0.707106781187
                   0.577350269190   0.577350269190  -0.577350269190
0, 2099 3849.539543976565 12837.298452946252 15933.799898388857    1    7
         0, 2098  -0.000000000000  -0.707106781187  -0.707106781187
                   0.577350269190   0.577350269190  -0.577350269190
0, 2100 4079.127811942870 8304.689605955877 10124.335128600233    1    7
         0, 2101   0.707106781187   0.000000000000  -0.707106781187
                   0.577350269190  -0.577350269190   0.577350269190
0, 2101 4130.959590346989 8747.813341443594 10515.627085683831    2    0
         0, 2100  -0.707106781187  -0.000000000000   0.707106781187
                   0.577350269190  -0.577350269190   0.577350269190
         0, 2102   0.707106781187   0.000000000000  -0.707106781187
                   0.577350269190  -0.577350269190   0.577350269190
0, 2102 4182.791368751108 9190.937076931312 10906.919042767429    2    0
         0, 2101  -0.707106781187  -0.000000000000   0.707106781187
                   0.577350269190  -0.577350269190   0.577350269190
         0, 2103   0.707106781187   0.000000000000  -0.707106781187
                   0.577350269190  -0.577350269190   0.577350269190
0, 2103 4234.623147155227 9634.060812419029 11298.210999851028    2    0
         0, 2102  -0.707106781187  -0.000000000000   0.707106781187
                   0.577350269190  -0.577350269190   0.577350269190
         0, 2104   0.707106781187   0.000000000000  -0.707106781187
                   0.577350269190  -0.577350269190   0.577350269190
0, 2104 4286.454925559347 10077.184547906749 11689.502956934626    1    7
         0, 2103  -0.707106781187  -0.000000000000   0.707106781187
                   0.577350269190  -0.577350269190   0.577350269190
0, 2105 18438.807756047605 15401.435243576514 19420.162469102277    1    7
         0, 2106  -0.707106781187   0.707106781187  -0.000000000000
                   0.577350269190   0.577350269190   0.577350269190
0, 2106 18307.579284358526 15893.079545340041 19059.746639027831    2    0
         0, 2105   0.707106781187  -0.707106781187   0.000000000000
                   0.577350269190   0.577350269190   0.577350269190
         0, 2107  -0.707106781187   0.707106781187  -0.000000000000
                   0.577350269190   0.577350269190   0.577350269190
0, 2107 18176.350812669447 16384.723847103567 18699.330808953382    2    0
         0, 2106   0.707106781187  -0.707106781187   0.000000000000
                   0.577350269190   0.577350269190   0.577350269190
         0, 2108  -0.707106781187   0.707106781187  -0.000000000000
                   0.577350269190   0.577350269190   0.577350269190
0, 2108 18045.122340980368 16876.368148867092 18338.914978878936    2    0
         0, 2107   0.707106781187  -0.707106781187   0.000000000000
                   0.577350269190   0.577350269190   0.577350269190
         0, 2109  -0.707106781187   0.707106781187  -0.000000000000
                   0.577350269190   0.577350269190   0.577350269190
0, 2109 17913.893869291289 17368.012450630620 17978.499148804487    1    7
         0, 2108   0.707106781187  -0.707106781187   0.000000000000
                   0.577350269190   0.577350269190   0.577350269190
0, 2110 3213.878354200915 9299.839456130952 4988.022922391584    1    7
         0, 2111  -0.707106781187  -0.707106781187  -0.000000000000
                  -0.577350269190   0.577350269190   0.577350269190
0, 2111 2794.884937488538 8699.990393446335 5168.878568363824    2    0
         0, 2110   0.707106781187   0.707106781187   0.000000000000
                  -0.577350269190   0.577350269190   0.577350269190
         0, 2112  -0.707106781187  -0.707106781187  -0.000000000000
                  -0.577350269190   0.577350269190   0.577350269190
0, 2112 2375.891520776160 8100.141330761717 5349.734214336065    2    0
         0, 2111   0.707106781187   0.707106781187   0.000000000000
                  -0.577350269190   0.577350269190   0.577350269190
         0, 2113  -0.707106781187  -0.707106781187  -0.000000000000
                  -0.577350269190   0.577350269190   0.577350269190
0, 2113 1956.898104063783 7500.292268077099 5530.589860308305    2    0
         0, 2112   0.707106781187   0.707106781187   0.000000000000
                  -0.577350269190   0.577350269190   0.577350269190
         0, 2114  -0.707106781187  -0.707106781187  -0.000000000000
                  -0.577350269190   0.577350269190   0.577350269190
0, 2114 1537.904687351406 6900.443205392481 5711.445506280545    1    7
         0, 2113   0.707106781187   0.707106781187   0.000000000000
                  -0.577350269190   0.577350269190   0.577350269190
0, 2115 5245.764105099845 19311.511963520134 15394.813294502437    1    7
         0, 2116  -0.707106781187  -0.707106781187  -0.000000000000
                  -0.577350269190   0.577350269190   0.577350269190
0, 2116 4835.091670944457 19023.063529695602 15272.589294171579    2    0
         0, 2115   0.707106781187   0.707106781187   0.000000000000
                  -0.577350269190   0.577350269190   0.577350269190
         0, 2117  -0.707106781187  -0.707106781187  -0.000000000000
                  -0.577350269190   0.577350269190   0.577350269190
0, 2117 4424.419236789069 18734.615095871075 15150.365293840719    2    0
         0, 2116   0.707106781187   0.707106781187   0.000000000000
                  -0.577350269190   0.577350269190   0.577350269190
         0, 2118  -0.707106781187  -0.707106781187  -0.000000000000
                  -0.577350269190   0.577350269190   0.577350269190
0, 2118 4013.746802633681 18446.166662046548 15028.141293509861    2    0
         0, 2117   0.707106781187   0.707106781187   0.000000000000
                  -0.577350269190   0.577350269190   0.577350269190
         0, 2119  -0.707106781187  -0.707106781187  -0.000000000000
                  -0.577350269190   0.577350269190   0.577350269190
0, 2119 3603.074368478293 18157.718228222016 14905.917293179002    1    7
         0, 2118   0.707106781187   0.707106781187   0.000000000000
                  -0.577350269190   0.577350269190   0.577350269190
0, 2120 6142.471827765284 11908.348349433798 3728.494990760050    1    7
         0, 2121  -0.707106781187  -0.000000000000   0.707106781187
                   0.577350269190  -0.577350269190   0.577350269190
0, 2121 6529.861628741847 12322.979158116661 3755.735998466349    2    0
         0, 2120   0.707106781187   0.000000000000  -0.707106781187
                   0.577350269190  -0.577350269190   0.577350269190
         0, 2122  -0.707106781187  -0.000000000000   0.707106781187
                   0.577350269190  -0.577350269190   0.577350269190
0, 2122 6917.251429718410 12737.609966799522 3782.977006172649    2    0
         0, 2121   0.707106781187   0.000000000000  -0.707106781187
                   0.577350269190  -0.577350269190   0.577350269190
         0, 2123  -0.707106781187  -0.000000000000   0.707106781187
                   0.577350269190  -0.577350269190   0.577350269190
0, 2123 7304.641230694973 13152.240775482385 3810.218013878948    2    0
         0, 2122   0.707106781187   0.000000000000  -0.707106781187
                   0.577350269190  -0.577350269190   0.577350269190
         0, 2124  -0.707106781187  -0.000000000000   0.707106781187
                   0.577350269190  -0.577350269190   0.577350269190
0, 2124 7692.031031671536 13566.871584165248 3837.459021585247    1    7
         0, 2123   0.707106781187   0.000000000000  -0.707106781187
                   0.577350269190  -0.577350269190   0.577350269190
0, 2125 4726.273244082289 14398.516463532966 11889.495792144580    1    7
         0, 2126  -0.707106781187  -0.707106781187  -0.000000000000
                  -0.577350269190   0.577350269190   0.577350269190
0, 2126 5116.138980744677 14296.262504368357 12381.615487971578    2    0
         0, 2125   0.707106781187   0.707106781187   0.000000000000
                  -0.577350269190   0.577350269190   0.577350269190
         0, 2127  -0.707106781187  -0.707106781187  -0.000000000000
                  -0.577350269190   0.577350269190   0.577350269190
0, 2127 5506.004717407064 14194.008545203746 12873.735183798575    2    0
         0, 2126   0.707106781187   0.707106781187   0.000000000000
                  -0.577350269190   0.577350269190   0.577350269190
         0, 2128  -0.707106781187  -0.707106781187  -0.000000000000
                  -0.577350269190   0.577350269190   0.577350269190
0, 2128 5895.870454069452 14091.754586039136 13365.854879625573    2    0
         0, 2127   0.707106781187   0.707106781187   0.000000000000
                  -0.577350269190   0.577350269190   0.577350269190
         0, 2129  -0.707106781187  -0.707106781187  -0.000000000000
                  -0.577350269190   0.577350269190   0.577350269190
0, 2129 6285.736190731839 13989.500626874527 13857.974575452568    1    7
         0, 2128   0.707106781187   0.707106781187   0.000000000000
                  -0.577350269190   0.577350269190   0.577350269190
0, 2130 3122.016615418851 12000.134155470552 6712.210077996389    1    7
         0, 2131  -0.707106781187  -0.707106781187  -0.000000000000
                  -0.577350269190   0.577350269190   0.577350269190
0, 2131 3248.441398957497 12564.685864802184 6274.083152203402    2    0
         0, 2130   0.707106781187   0.707106781187   0.000000000000
                  -0.577350269190   0.577350269190   0.577350269190
         0, 2132  -0.707106781187  -0.707106781187  -0.000000000000
                  -0.577350269190   0.577350269190   0.577350269190
0, 2132 3374.866182496142 13129.237574133816 5835.956226410416    2    0
         0, 2131   0.707106781187   0.707106781187   0.000000000000
                  -0.577350269190   0.577350269190   0.577350269190
         0, 2133  -0.707106781187  -0.707106781187  -0.000000000000
                  -0.577350269190   0.577350269190   0.577350269190
0, 2133 3501.290966034787 13693.789283465449 5397.829300617430    2    0
         0, 2132   0.707106781187   0.707106781187   0.000000000000
                  -0.577350269190   0.577350269190   0.577350269190
         0, 2134  -0.707106781187  -0.707106781187  -0.000000000000
                  -0.577350269190   0.577350269190   0.577350269190
0, 2134 3627.715749573432 14258.340992797079 4959.702374824443    1    7
         0, 2133   0.707106781187   0.707106781187   0.000000000000
                  -0.577350269190   0.577350269190   0.577350269190
0, 2135 6161.993915182291 7649.254549181854 9097.634303889268    1    7
         0, 2136   0.707106781187   0.000000000000   0.707106781187
                   0.577350269190   0.577350269190  -0.577350269190
0, 2136 6547.283462944587 7276.309347746715 9109.978650216424    2    0
         0, 2135  -0.707106781187  -0.000000000000  -0.707106781187
                   0.577350269190   0.577350269190  -0.577350269190
         0, 2137   0.707106781187   0.000000000000   0.707106781187
                   0.577350269190   0.577350269190  -0.577350269190
0, 2137 6932.573010706882 6903.364146311575 9122.322996543580    2    0
         0, 2136  -0.707106781187  -0.000000000000  -0.707106781187
                   0.577350269190   0.577350269190  -0.577350269190
         0, 2138   0.707106781187   0.000000000000   0.707106781187
                   0.577350269190   0.577350269190  -0.577350269190
0, 2138 7317.862558469178 6530.418944876435 9134.667342870736    2    0
         0, 2137  -0.707106781187  -0.000000000000  -0.707106781187
                   0.577350269190   0.577350269190  -0.577350269190
         0, 2139   0.707106781187   0.000000000000   0.707106781187
                   0.577350269190   0.577350269190  -0.577350269190
0, 2139 7703.152106231473 6157.473743441296 9147.011689197894    1    7
         0, 2138  -0.707106781187  -0.000000000000  -0.707106781187
                   0.577350269190   0.577350269190  -0.577350269190
0, 2140 11681.261607208970 4440.124402273540 13575.608174906225    1    7
         0, 2141  -0.707106781187  -0.000000000000  -0.707106781187
                  -0.577350269190   0.577350269190   0.577350269190
0, 2141 11243.205409367623 3908.561818537932 13669.114560800488    2    0
         0, 2140   0.707106781187   0.000000000000   0.707106781187
                  -0.577350269190   0.577350269190   0.577350269190
         0, 2142  -0.707106781187  -0.000000000000  -0.707106781187
                  -0.577350269190   0.577350269190   0.577350269190
0, 2142 10805.149211526279 3376.999234802323 13762.620946694751    2    0
         0, 2141   0.707106781187   0.000000000000   0.707106781187
                  -0.577350269190   0.577350269190   0.577350269190
         0, 2143  -0.707106781187  -0.000000000000  -0.707106781187
                  -0.577350269190   0.577350269190   0.577350269190
0, 2143 10367.093013684933 2845.436651066715 13856.127332589014    2    0
         0, 2142   0.707106781187   0.000000000000   0.707106781187
                  -0.577350269190   0.577350269190   0.577350269190
         0, 2144  -0.707106781187  -0.000000000000  -0.707106781187
                  -0.577350269190   0.577350269190   0.577350269190
0, 2144 9929.036815843589 2313.874067331107 13949.633718483276    1    7
         0, 2143   0.707106781187   0.000000000000   0.707106781187
                  -0.577350269190   0.577350269190   0.577350269190
0, 2145 17364.460166950968 1910.414004143197 799.918469604310    1    7
         0, 2146  -0.707106781187  -0.000000000000  -0.707106781187
                   0.577350269190   0.577350269190  -0.577350269190
0, 2146 17566.995881203202 2072.682479364906 1164.722659078252    2    0
         0, 2145   0.707106781187   0.000000000000   0.707106781187
                   0.577350269190   0.577350269190  -0.577350269190
         0, 2147  -0.707106781187  -0.000000000000  -0.707106781187
                   0.577350269190   0.577350269190  -0.577350269190
0, 2147 17769.531595455435 2234.950954586614 1529.526848552195    2    0
         0, 2146   0.707106781187   0.000000000000   0.707106781187
                   0.577350269190   0.577350269190  -0.577350269190
         0, 2148  -0.707106781187  -0.000000000000  -0.707106781187
                   0.577350269190   0.577350269190  -0.577350269190
0, 2148 17972.067309707672 2397.219429808323 1894.331038026138    2    0
         0, 2147   0.707106781187   0.000000000000   0.707106781187
                   0.577350269190   0.577350269190  -0.577350269190
         0, 2149  -0.707106781187  -0.000000000000  -0.707106781187
                   0.577350269190   0.577350269190  -0.577350269190
0, 2149 18174.603023959906 2559.487905030031 2259.135227500080    1    7
         0, 2148   0.707106781187   0.000000000000   0.707106781187
                   0.577350269190   0.577350269190  -0.577350269190
0, 2150 17295.149464605413 2373.734879970947 15829.594368183529    1    7
         0, 2151  -0.000000000000  -0.707106781187   0.707106781187
                  -0.577350269190   0.577350269190   0.577350269190
0, 2151 16711.701938941220 2046.964112858770 15572.917609631513    2    0
         0, 2150   0.000000000000   0.707106781187  -0.707106781187
                  -0.577350269190   0.577350269190   0.577350269190
         0, 2152  -0.000000000000  -0.707106781187   0.707106781187
                  -0.577350269190   0.577350269190   0.577350269190
0, 2152 16128.254413277025 1720.193345746593 15316.240851079496    2    0
         0, 2151   0.000000000000   0.707106781187  -0.707106781187
                  -0.577350269190   0.577350269190   0.577350269190
         0, 2153  -0.000000000000  -0.707106781187   0.707106781187
                  -0.577350269190   0.577350269190   0.577350269190
0, 2153 15544.806887612833 1393.422578634415 15059.564092527480    2    0
         0, 2152   0.000000000000   0.707106781187  -0.707106781187
                  -0.577350269190   0.577350269190   0.577350269190
         0, 2154  -0.000000000000  -0.707106781187   0.707106781187
                  -0.577350269190   0.577350269190   0.577350269190
0, 2154 14961.359361948638 1066.651811522238 14802.887333975463    1    7
         0, 2153   0.000000000000   0.707106781187  -0.707106781187
                  -0.577350269190   0.577350269190   0.577350269190
0, 2155 4660.552501948495 19646.739202001230 2953.814848475411    1    7
         0, 2156   0.707106781187   0.707106781187   0.000000000000
                  -0.577350269190   0.577350269190   0.577350269190
0, 2156 4301.963964149745 19735.487086687801 2506.478425990089    2    0
         0, 2155  -0.707106781187  -0.707106781187  -0.000000000000
                  -0.577350269190   0.577350269190   0.577350269190
         0, 2157   0.707106781187   0.707106781187   0.000000000000
                  -0.577350269190   0.577350269190   0.577350269190
0, 2157 3943.375426350995 19824.234971374375 2059.142003504767    2    0
         0, 2156  -0.707106781187  -0.707106781187  -0.000000000000
                  -0.577350269190   0.577350269190   0.577350269190
         0, 2158   0.707106781187   0.707106781187   0.000000000000
                  -0.577350269190   0.577350269190   0.577350269190
0, 2158 3584.786888552246 19912.982856060946 1611.805581019446    2    0
         0, 2157  -0.707106781187  -0.707106781187  -0.000000000000
                  -0.577350269190   0.577350269190   0.577350269190
         0, 2159   0.707106781187   0.707106781187   0.000000000000
                  -0.577350269190   0.577350269190   0.577350269190
0, 2159 3226.198350753496 20001.730740747516 1164.469158534124    1    7
         0, 2158  -0.707106781187  -0.707106781187  -0.000000000000
                  -0.577350269190   0.577350269190   0.577350269190
0, 2160 14483.587887894711 12809.879159074993 15774.137326801769    1    7
         0, 2161  -0.707106781187  -0.707106781187  -0.000000000000
                   0.577350269190  -0.577350269190   0.577350269190
0, 2161 14577.816895573475 13330.320929975627 16200.350090023639    2    0
         0, 2160   0.707106781187   0.707106781187   0.000000000000
                   0.577350269190  -0.577350269190   0.577350269190
         0, 2162  -0.707106781187  -0.707106781187  -0.000000000000
                   0.577350269190  -0.577350269190   0.577350269190
0, 2162 14672.045903252238 13850.762700876259 16626.562853245508    2    0
         0, 2161   0.707106781187   0.707106781187   0.000000000000
                   0.577350269190  -0.577350269190   0.577350269190
         0, 2163  -0.707106781187  -0.707106781187  -0.000000000000
                   0.577350269190  -0.577350269190   0.577350269190
0, 2163 14766.274910931001 14371.204471776893 17052.775616467377    2    0
         0, 2162   0.707106781187   0.707106781187   0.000000000000
                   0.577350269190  -0.577350269190   0.577350269190
         0, 2164  -0.707106781187  -0.707106781187  -0.000000000000
                   0.577350269190  -0.577350269190   0.577350269190
0, 2164 14860.503918609764 14891.646242677525 17478.988379689250    1    7
         0, 2163   0.707106781187   0.707106781187   0.000000000000
                   0.577350269190  -0.577350269190   0.577350269190
0, 2165 11203.137394498674 7980.724173903352 2492.810699561036    1    7
         0, 2166   0.707106781187  -0.707106781187   0.000000000000
                   0.577350269190   0.577350269190   0.577350269190
0, 2166 11543.767363969055 7642.126051252737 2490.778852741270    2    0
         0, 2165  -0.707106781187   0.707106781187  -0.000000000000
                   0.577350269190   0.577350269190   0.577350269190
         0, 2167   0.707106781187  -0.707106781187   0.000000000000
                   0.577350269190   0.577350269190   0.577350269190
0, 2167 11884.397333439436 7303.527928602121 2488.747005921504    2    0
         0, 2166  -0.707106781187   0.707106781187  -0.000000000000
                   0.577350269190   0.577350269190   0.577350269190
         0, 2168   0.707106781187  -0.707106781187   0.000000000000
                   0.577350269190   0.577350269190   0.577350269190
0, 2168 12225.027302909817 6964.929805951507 2486.715159101738    2    0
         0, 2167  -0.707106781187   0.707106781187  -0.000000000000
                   0.577350269190   0.577350269190   0.577350269190
         0, 2169   0.707106781187  -0.707106781187   0.000000000000
                   0.577350269190   0.577350269190   0.577350269190
0, 2169 12565.657272380198 6626.331683300891 2484.683312281972    1    7
         0, 2168  -0.707106781187   0.707106781187  -0.000000000000
                   0.577350269190   0.577350269190   0.577350269190
0, 2170 1305.304342774707 1058.718082419537 18395.536143307923    1    7
         0, 2171  -0.000000000000  -0.707106781187  -0.707106781187
                   0.577350269190  -0.577350269190   0.577350269190
0, 2171 1679.073635929233 1428.216276775446 18391.265044509310    2    0
         0, 2170   0.000000000000   0.707106781187   0.707106781187
                   0.577350269190  -0.577350269190   0.577350269190
         0, 2172  -0.000000000000  -0.707106781187  -0.707106781187
                   0.577350269190  -0.577350269190   0.577350269190
0, 2172 2052.842929083758 1797.714471131356 18386.993945710692    2    0
         0, 2171   0.000000000000   0.707106781187   0.707106781187
                   0.577350269190  -0.577350269190   0.577350269190
         0, 2173  -0.000000000000  -0.707106781187  -0.707106781187
                   0.577350269190  -0.577350269190   0.577350269190
0, 2173 2426.612222238283 2167.212665487266 18382.722846912078    2    0
         0, 2172   0.000000000000   0.707106781187   0.707106781187
                   0.577350269190  -0.577350269190   0.577350269190
         0, 2174  -0.000000000000  -0.707106781187  -0.707106781187
                   0.577350269190  -0.577350269190   0.577350269190
0, 2174 2800.381515392809 2536.710859843176 18378.451748113461    1    7
         0, 2173   0.000000000000   0.707106781187   0.707106781187
                   0.577350269190  -0.577350269190   0.577350269190
0, 2175 17444.429223960789 2613.490635992868 14182.811334510403    1    7
         0, 2176   0.707106781187   0.707106781187   0.000000000000
                  -0.577350269190   0.577350269190   0.577350269190
0, 2176 17942.260994312459 3050.792095128711 14243.341645726230    2    0
         0, 2175  -0.707106781187  -0.707106781187  -0.000000000000
                  -0.577350269190   0.577350269190   0.577350269190
         0, 2177   0.707106781187   0.707106781187   0.000000000000
                  -0.577350269190   0.577350269190   0.577350269190
0, 2177 18440.092764664128 3488.093554264553 14303.871956942059    2    0
         0, 2176  -0.707106781187  -0.707106781187  -0.000000000000
                  -0.577350269190   0.577350269190   0.577350269190
         0, 2178   0.707106781187   0.707106781187   0.000000000000
                  -0.577350269190   0.577350269190   0.577350269190
0, 2178 18937.924535015802 3925.395013400395 14364.402268157886    2    0
         0, 2177  -0.707106781187  -0.707106781187  -0.000000000000
                  -0.577350269190   0.577350269190   0.577350269190
         0, 2179   0.707106781187   0.707106781187   0.000000000000
                  -0.577350269190   0.577350269190   0.577350269190
0, 2179 19435.756305367471 4362.696472536239 14424.932579373713    1    7
         0, 2178  -0.707106781187  -0.707106781187  -0.000000000000
                  -0.577350269190   0.577350269190   0.577350269190
0, 2180 3919.613503287851 4074.039895503818 1397.522332207001    1    7
         0, 2181  -0.000000000000  -0.707106781187  -0.707106781187
                   0.577350269190  -0.577350269190   0.577350269190
0, 2181 3369.699937952123 3985.403347253144 1858.799349292055    2    0
         0, 2180   0.000000000000   0.707106781187   0.707106781187
                   0.577350269190  -0.577350269190   0.577350269190
         0, 2182  -0.000000000000  -0.707106781187  -0.707106781187
                   0.577350269190  -0.577350269190   0.577350269190
0, 2182 2819.786372616395 3896.766799002470 2320.076366377110    2    0
         0, 2181   0.000000000000   0.707106781187   0.707106781187
                   0.577350269190  -0.577350269190   0.577350269190
         0, 2183  -0.000000000000  -0.707106781187  -0.707106781187
                   0.577350269190  -0.577350269190   0.577350269190
0, 2183 2269.872807280667 3808.130250751796 2781.353383462164    2    0
         0, 2182   0.000000000000   0.707106781187   0.707106781187
                   0.577350269190  -0.577350269190   0.577350269190
         0, 2184  -0.000000000000  -0.707106781187  -0.707106781187
                   0.577350269190  -0.577350269190   0.577350269190
0, 2184 1719.959241944939 3719.493702501123 3242.630400547218    1    7
         0, 2183   0.000000000000   0.707106781187   0.707106781187
                   0.577350269190  -0.577350269190   0.577350269190
0, 2185 13928.244537454715 14619.893480021250 19772.682919743289    1    7
         0, 2186  -0.707106781187  -0.707106781187  -0.000000000000
                  -0.577350269190   0.577350269190   0.577350269190
0, 2186 13597.026064144278 14319.472251738585 19741.885674715515    2    0
         0, 2185   0.707106781187   0.707106781187   0.000000000000
                  -0.577350269190   0.577350269190   0.577350269190
         0, 2187  -0.707106781187  -0.707106781187  -0.000000000000
                  -0.577350269190   0.577350269190   0.577350269190
0, 2187 13265.807590833841 14019.051023455921 19711.088429687745    2    0
         0, 2186   0.707106781187   0.707106781187   0.000000000000
                  -0.577350269190   0.577350269190   0.577350269190
         0, 2188  -0.707106781187  -0.707106781187  -0.000000000000
                  -0.577350269190   0.577350269190   0.577350269190
0, 2188 12934.589117523405 13718.629795173258 19680.291184659971    2    0
         0, 2187   0.707106781187   0.707106781187   0.000000000000
                  -0.577350269190   0.577350269190   0.577350269190
         0, 2189  -0.707106781187  -0.707106781187  -0.000000000000
                  -0.577350269190   0.577350269190   0.577350269190
0, 2189 12603.370644212966 13418.208566890593 19649.493939632197    1    7
         0, 2188   0.707106781187   0.707106781187   0.000000000000
                  -0.577350269190   0.577350269190   0.577350269190
0, 2190 16476.359829372428 7185.441928888031 1534.662146763863    1    7
         0, 2191   0.707106781187   0.000000000000  -0.707106781187
                   0.577350269190   0.577350269190   0.577350269190
0, 2191 16745.502032987435 7279.645032869932 1171.316839166956    2    0
         0, 2190  -0.707106781187  -0.000000000000   0.707106781187
                   0.577350269190   0.577350269190   0.577350269190
         0, 2192   0.707106781187   0.000000000000  -0.707106781187
                   0.577350269190   0.577350269190   0.577350269190
0, 2192 17014.644236602442 7373.848136851833 807.971531570048    2    0
         0, 2191  -0.707106781187  -0.000000000000   0.707106781187
                   0.577350269190   0.577350269190   0.577350269190
         0, 2193   0.707106781187   0.000000000000  -0.707106781187
                   0.577350269190   0.577350269190   0.577350269190
0, 2193 17283.786440217445 7468.051240833734 444.626223973141    2    0
         0, 2192  -0.707106781187  -0.000000000000   0.707106781187
                   0.577350269190   0.577350269190   0.577350269190
         0, 2194   0.707106781187   0.000000000000  -0.707106781187
                   0.577350269190   0.577350269190   0.577350269190
0, 2194 17552.928643832453 7562.254344815636  81.280916376233    1    7
         0, 2193  -0.707106781187  -0.000000000000   0.707106781187
                   0.577350269190   0.577350269190   0.577350269190
0, 2195 4977.800528164561 8938.565825413409 3288.232207607679    1    7
         0, 2196   0.000000000000   0.707106781187   0.707106781187
                   0.577350269190  -0.577350269190   0.577350269190
0, 2196 5161.885012318149 9412.193317217379 3577.775215258061    2    0
         0, 2195  -0.000000000000  -0.707106781187  -0.707106781187
                   0.577350269190  -0.577350269190   0.577350269190
         0, 2197   0.000000000000   0.707106781187   0.707106781187
                   0.577350269190  -0.577350269190   0.577350269190
0, 2197 5345.969496471737 9885.820809021348 3867.318222908442    2    0
         0, 2196  -0.000000000000  -0.707106781187  -0.707106781187
                   0.577350269190  -0.577350269190   0.577350269190
         0, 2198   0.000000000000   0.707106781187   0.707106781187
                   0.577350269190  -0.577350269190   0.577350269190
0, 2198 5530.053980625326 10359.448300825319 4156.861230558824    2    0
         0, 2197  -0.000000000000  -0.707106781187  -0.707106781187
                   0.577350269190  -0.577350269190   0.577350269190
         0, 2199   0.000000000000   0.707106781187   0.707106781187
                   0.577350269190  -0.577350269190   0.577350269190
0, 2199 5714.138464778915 10833.075792629288 4446.404238209205    1    7
         0, 2198  -0.000000000000  -0.707106781187  -0.707106781187
                   0.577350269190  -0.577350269190   0.577350269190
0, 2200 13157.740916393241 17481.501372145500 2731.174305746497    1    7
         0, 2201   0.707106781187   0.000000000000   0.707106781187
                   0.577350269190   0.577350269190  -0.577350269190
0, 2201 13653.218921364351 17241.280888788773 2986.431827360882    2    0
         0, 2200  -0.707106781187  -0.000000000000  -0.707106781187
                   0.577350269190   0.577350269190  -0.577350269190
         0, 2202   0.707106781187   0.000000000000   0.707106781187
                   0.577350269190   0.577350269190  -0.577350269190
0, 2202 14148.696926335462 17001.060405432050 3241.689348975267    2    0
         0, 2201  -0.707106781187  -0.000000000000  -0.707106781187
                   0.577350269190   0.577350269190  -0.577350269190
         0, 2203   0.707106781187   0.000000000000   0.707106781187
                   0.577350269190   0.577350269190  -0.577350269190
0, 2203 14644.174931306572 16760.839922075324 3496.946870589653    2    0
         0, 2202  -0.707106781187  -0.000000000000  -0.707106781187
                   0.577350269190   0.577350269190  -0.577350269190
         0, 2204   0.707106781187   0.000000000000   0.707106781187
                   0.577350269190   0.577350269190  -0.577350269190
0, 2204 15139.652936277682 16520.619438718601 3752.204392204038    1    7
         0, 2203  -0.707106781187  -0.000000000000  -0.707106781187
                   0.577350269190   0.577350269190  -0.577350269190
0, 2205 494.629996890444 12027.728551588731 14170.450264173807    1    7
         0, 2206   0.707106781187   0.000000000000   0.707106781187
                   0.577350269190   0.577350269190  -0.577350269190
0, 2206 910.207549129885 11515.685847899962 14073.985112724480    2    0
         0, 2205  -0.707106781187  -0.000000000000  -0.707106781187
                   0.577350269190   0.577350269190  -0.577350269190
         0, 2207   0.707106781187   0.000000000000   0.707106781187
                   0.577350269190   0.577350269190  -0.577350269190
0, 2207 1325.785101369326 11003.643144211193 13977.519961275153    2    0
         0, 2206  -0.707106781187  -0.000000000000  -0.707106781187
                   0.577350269190   0.577350269190  -0.577350269190
         0, 2208   0.707106781187   0.000000000000   0.707106781187
                   0.577350269190   0.577350269190  -0.577350269190
0, 2208 1741.362653608768 10491.600440522425 13881.054809825826    2    0
         0, 2207  -0.707106781187  -0.000000000000  -0.707106781187
                   0.577350269190   0.577350269190  -0.577350269190
         0, 2209   0.707106781187   0.000000000000   0.707106781187
                   0.577350269190   0.577350269190  -0.577350269190
0, 2209 2156.940205848209 9979.557736833656 13784.589658376497    1    7
         0, 2208  -0.707106781187  -0.000000000000  -0.707106781187
                   0.577350269190   0.577350269190  -0.577350269190
0, 2210 10419.828648620203 1702.574939524953 2993.428320010989    1    7
         0, 2211  -0.000000000000  -0.707106781187  -0.707106781187
                   0.577350269190  -0.577350269190   0.577350269190
0, 2211 10746.379109490646 2199.309126850575 3163.612046466169    2    0
         0, 2210   0.000000000000   0.707106781187   0.707106781187
                   0.577350269190  -0.577350269190   0.577350269190
         0, 2212  -0.000000000000  -0.707106781187  -0.707106781187
                   0.577350269190  -0.577350269190   0.577350269190
0, 2212 11072.929570361090 2696.043314176198 3333.795772921349    2    0
         0, 2211   0.000000000000   0.707106781187   0.707106781187
                   0.577350269190  -0.577350269190   0.577350269190
         0, 2213  -0.000000000000  -0.707106781187  -0.707106781187
                   0.577350269190  -0.577350269190   0.577350269190
0, 2213 11399.480031231533 3192.777501501821 3503.979499376528    2    0
         0, 2212   0.000000000000   0.707106781187   0.707106781187
                   0.577350269190  -0.577350269190   0.577350269190
         0, 2214  -0.000000000000  -0.707106781187  -0.707106781187
                   0.577350269190  -0.577350269190   0.577350269190
0, 2214 11726.030492101976 3689.511688827443 3674.163225831708    1    7
         0, 2213   0.000000000000   0.707106781187   0.707106781187
                   0.577350269190  -0.577350269190   0.577350269190
0, 2215 18620.131476792281 18483.688315576150 13775.744376685385    1    7
         0, 2216  -0.707106781187   0.707106781187  -0.000000000000
                   0.577350269190   0.577350269190  -0.577350269190
0, 2216 18324.917580329311 18254.289767419141 13251.131932065406    2    0
         0, 2215   0.707106781187  -0.707106781187   0.000000000000
                   0.577350269190   0.577350269190  -0.577350269190
         0, 2217  -0.707106781187   0.707106781187  -0.000000000000
                   0.577350269190   0.577350269190  -0.577350269190
0, 2217 18029.703683866341 18024.891219262132 12726.519487445426    2    0
         0, 2216   0.707106781187  -0.707106781187   0.000000000000
                   0.577350269190   0.577350269190  -0.577350269190
         0, 2218  -0.707106781187   0.707106781187  -0.000000000000
                   0.577350269190   0.577350269190  -0.577350269190
0, 2218 17734.489787403370 17795.492671105123 12201.907042825449    2    0
         0, 2217   0.707106781187  -0.707106781187   0.000000000000
                   0.577350269190   0.577350269190  -0.577350269190
         0, 2219  -0.707106781187   0.707106781187  -0.000000000000
                   0.577350269190   0.577350269190  -0.577350269190
0, 2219 17439.275890940400 17566.094122948114 11677.294598205470    1    7
         0, 2218   0.707106781187  -0.707106781187   0.000000000000
                   0.577350269190   0.577350269190  -0.577350269190
0, 2220  68.733040518777 2262.030329802052 4109.829538847373    1    7
         0, 2221  -0.707106781187  -0.000000000000   0.707106781187
                   0.577350269190  -0.577350269190   0.577350269190
0, 2221 337.127247730498 1993.854728047179 3573.259729880779    2    0
         0, 2220   0.707106781187   0.000000000000  -0.707106781187
                   0.577350269190  -0.577350269190   0.577350269190
         0, 2222  -0.707106781187  -0.000000000000   0.707106781187
                   0.577350269190  -0.577350269190   0.577350269190
0, 2222 605.521454942218 1725.679126292306 3036.689920914186    2    0
         0, 2221   0.707106781187   0.000000000000  -0.707106781187
                   0.577350269190  -0.577350269190   0.577350269190
         0, 2223  -0.707106781187  -0.000000000000   0.707106781187
                   0.577350269190  -0.577350269190   0.577350269190
0, 2223 873.915662153939 1457.503524537432 2500.120111947592    2    0
         0, 2222   0.707106781187   0.000000000000  -0.707106781187
                   0.577350269190  -0.577350269190   0.577350269190
         0, 2224  -0.707106781187  -0.000000000000   0.707106781187
                   0.577350269190  -0.577350269190   0.577350269190
0, 2224 1142.309869365659 1189.327922782559 1963.550302980998    1    7
         0, 2223   0.707106781187   0.000000000000  -0.707106781187
                   0.577350269190  -0.577350269190   0.577350269190
0, 2225 14484.043487524797 15742.887199702471 12334.293276092385    1    7
         0, 2226   0.707106781187  -0.707106781187   0.000000000000
                   0.577350269190   0.577350269190  -0.577350269190
0, 2226 14147.367007243265 15785.129361909369 12039.858958017750    2    0
         0, 2225  -0.707106781187   0.707106781187  -0.000000000000
                   0.577350269190   0.577350269190  -0.577350269190
         0, 2227   0.707106781187  -0.707106781187   0.000000000000
                   0.577350269190   0.577350269190  -0.577350269190
0, 2227 13810.690526961731 15827.371524116266 11745.424639943116    2    0
         0, 2226  -0.707106781187   0.707106781187  -0.000000000000
                   0.577350269190   0.577350269190  -0.577350269190
         0, 2228   0.707106781187  -0.707106781187   0.000000000000
                   0.577350269190   0.577350269190  -0.577350269190
0, 2228 13474.014046680199 15869.613686323164 11450.990321868479    2    0
         0, 2227  -0.707106781187   0.707106781187  -0.000000000000
                   0.577350269190   0.577350269190  -0.577350269190
         0, 2229   0.707106781187  -0.707106781187   0.000000000000
                   0.577350269190   0.577350269190  -0.577350269190
0, 2229 13137.337566398666 15911.855848530062 11156.556003793845    1    7
         0, 2228  -0.707106781187   0.707106781187  -0.000000000000
                   0.577350269190   0.577350269190  -0.577350269190
0, 2230 6794.043322274209 249.347960205088 6944.628904549565    1    7
         0, 2231  -0.707106781187   0.707106781187  -0.000000000000
                   0.577350269190   0.577350269190   0.577350269190
0, 2231 7026.914953434320 471.820549575625 6489.284684018918    2    0
         0, 2230   0.707106781187  -0.707106781187   0.000000000000
                   0.577350269190   0.577350269190   0.577350269190
         0, 2232  -0.707106781187   0.707106781187  -0.000000000000
                   0.577350269190   0.577350269190   0.577350269190
0, 2232 7259.786584594429 694.293138946163 6033.940463488271    2    0
         0, 2231   0.707106781187  -0.707106781187   0.000000000000
                   0.577350269190   0.577350269190   0.577350269190
         0, 2233  -0.707106781187   0.707106781187  -0.000000000000
                   0.577350269190   0.577350269190   0.577350269190
0, 2233 7492.658215754538 916.765728316700 5578.596242957624    2    0
         0, 2232   0.707106781187  -0.707106781187   0.000000000000
                   0.577350269190   0.577350269190   0.577350269190
         0, 2234  -0.707106781187   0.707106781187  -0.000000000000
                   0.577350269190   0.577350269190   0.577350269190
0, 2234 7725.529846914648 1139.238317687237 5123.252022426977    1    7
         0, 2233   0.707106781187  -0.707106781187   0.000000000000
                   0.577350269190   0.577350269190   0.577350269190
0, 2235 16421.547062639365 15673.067988094364 13208.612391044680    1    7
         0, 2236  -0.707106781187  -0.000000000000  -0.707106781187
                  -0.577350269190   0.577350269190   0.577350269190
0, 2236 16263.499912185147 15242.469030939519 13481.164197745307    2    0
         0, 2235   0.707106781187   0.000000000000   0.707106781187
                  -0.577350269190   0.577350269190   0.577350269190
         0, 2237  -0.707106781187  -0.000000000000  -0.707106781187
                  -0.577350269190   0.577350269190   0.577350269190
0, 2237 16105.452761730930 14811.870073784676 13753.716004445934    2    0
         0, 2236   0.707106781187   0.000000000000   0.707106781187
                  -0.577350269190   0.577350269190   0.577350269190
         0, 2238  -0.707106781187  -0.000000000000  -0.707106781187
                  -0.577350269190   0.577350269190   0.577350269190
0, 2238 15947.405611276712 14381.271116629830 14026.267811146561    2    0
         0, 2237   0.707106781187   0.000000000000   0.707106781187
                  -0.577350269190   0.577350269190   0.577350269190
         0, 2239  -0.707106781187  -0.000000000000  -0.707106781187
                  -0.577350269190   0.577350269190   0.577350269190
0, 2239 15789.358460822496 13950.672159474987 14298.819617847188    1    7
         0, 2238   0.707106781187   0.000000000000   0.707106781187
                  -0.577350269190   0.577350269190   0.577350269190
0, 2240 12556.595767863741 4167.214952295195 13666.440088967965    1    7
         0, 2241   0.707106781187   0.707106781187   0.000000000000
                   0.577350269190  -0.577350269190   0.577350269190
0, 2241 12941.028754214911 4088.096864855839 13202.889015177439    2    0
         0, 2240  -0.707106781187  -0.707106781187  -0.000000000000
                   0.577350269190  -0.577350269190   0.577350269190
         0, 2242   0.707106781187   0.707106781187   0.000000000000
                   0.577350269190  -0.577350269190   0.577350269190
0, 2242 13325.461740566081 4008.978777416483 12739.337941386913    2    0
         0, 2241  -0.707106781187  -0.707106781187  -0.000000000000
                   0.577350269190  -0.577350269190   0.577350269190
         0, 2243   0.707106781187   0.707106781187   0.000000000000
                   0.577350269190  -0.577350269190   0.577350269190
0, 2243 13709.894726917249 3929.860689977127 12275.786867596387    2    0
         0, 2242  -0.707106781187  -0.707106781187  -0.000000000000
                   0.577350269190  -0.577350269190   0.577350269190
         0, 2244   0.707106781187   0.707106781187   0.000000000000
                   0.577350269190  -0.577350269190   0.577350269190
0, 2244 14094.327713268420 3850.742602537770 11812.235793805861    1    7
         0, 2243  -0.707106781187  -0.707106781187  -0.000000000000
                   0.577350269190  -0.577350269190   0.577350269190
0, 2245 3712.938788276619 9875.123077870947 2563.317783041931    1    7
         0, 2246   0.707106781187  -0.707106781187   0.000000000000
                   0.577350269190   0.577350269190  -0.577350269190
0, 2246 3301.431926592863 10132.015278737719 2408.703122224947    2    0
         0, 2245  -0.707106781187   0.707106781187  -0.000000000000
                   0.577350269190   0.577350269190  -0.577350269190
         0, 2247   0.707106781187  -0.707106781187   0.000000000000
                   0.577350269190   0.577350269190  -0.577350269190
0, 2247 2889.925064909106 10388.907479604492 2254.088461407963    2    0
         0, 2246  -0.707106781187   0.707106781187  -0.000000000000
                   0.577350269190   0.577350269190  -0.577350269190
         0, 2248   0.707106781187  -0.707106781187   0.000000000000
                   0.577350269190   0.577350269190  -0.577350269190
0, 2248 2478.418203225350 10645.799680471264 2099.473800590980    2    0
         0, 2247  -0.707106781187   0.707106781187  -0.000000000000
                   0.577350269190   0.577350269190  -0.577350269190
         0, 2249   0.707106781187  -0.707106781187   0.000000000000
                   0.577350269190   0.577350269190  -0.577350269190
0, 2249 2066.911341541594 10902.691881338038 1944.859139773996    1    7
         0, 2248  -0.707106781187   0.707106781187  -0.000000000000
                   0.577350269190   0.577350269190  -0.577350269190
0, 2250 17678.437322931699 6581.943346986874 7009.529935588733    1    7
         0, 2251   0.707106781187   0.000000000000   0.707106781187
                   0.577350269190   0.577350269190  -0.577350269190
0, 2251 18066.329214785303 6280.682582567215 7096.161063022679    2    0
         0, 2250  -0.707106781187  -0.000000000000  -0.707106781187
                   0.577350269190   0.577350269190  -0.577350269190
         0, 2252   0.707106781187   0.000000000000   0.707106781187
                   0.577350269190   0.577350269190  -0.577350269190
0, 2252 18454.221106638906 5979.421818147557 7182.792190456625    2    0
         0, 2251  -0.707106781187  -0.000000000000  -0.707106781187
                   0.577350269190   0.577350269190  -0.577350269190
         0, 2253   0.707106781187   0.000000000000   0.707106781187
                   0.577350269190   0.577350269190  -0.577350269190
0, 2253 18842.112998492510 5678.161053727898 7269.423317890571    2    0
         0, 2252  -0.707106781187  -0.000000000000  -0.707106781187
                   0.577350269190   0.577350269190  -0.577350269190
         0, 2254   0.707106781187   0.000000000000   0.707106781187
                   0.577350269190   0.577350269190  -0.577350269190
0, 2254 19230.004890346114 5376.900289308240 7356.054445324516    1    7
         0, 2253  -0.707106781187  -0.000000000000  -0.707106781187
                   0.577350269190   0.577350269190  -0.577350269190
0, 2255 10750.646966176470 17855.787610727933 7169.307787219118    1    7
         0, 2256   0.000000000000   0.707106781187  -0.707106781187
                   0.577350269190   0.577350269190   0.577350269190
0, 2256 10996.616302355582 18019.316957734922 6759.809104033017    2    0
         0, 2255  -0.000000000000  -0.707106781187   0.707106781187
                   0.577350269190   0.577350269190   0.577350269190
         0, 2257   0.000000000000   0.707106781187  -0.707106781187
                   0.577350269190   0.577350269190   0.577350269190
0, 2257 11242.585638534696 18182.846304741910 6350.310420846917    2    0
         0, 2256  -0.000000000000  -0.707106781187   0.707106781187
                   0.577350269190   0.577350269190   0.577350269190
         0, 2258   0.000000000000   0.707106781187  -0.707106781187
                   0.577350269190   0.577350269190   0.577350269190
0, 2258 11488.554974713808 18346.375651748898 5940.811737660815    2    0
         0, 2257  -0.000000000000  -0.707106781187   0.707106781187
                   0.577350269190   0.577350269190   0.577350269190
         0, 2259   0.000000000000   0.707106781187  -0.707106781187
                   0.577350269190   0.577350269190   0.577350269190
0, 2259 11734.524310892921 18509.904998755883 5531.313054474715    1    7
         0, 2258  -0.000000000000  -0.707106781187   0.707106781187
                   0.577350269190   0.577350269190   0.577350269190
0, 2260 7869.354340226303 16201.445894153432 16847.333454419648    1    7
         0, 2261   0.707106781187   0.000000000000  -0.707106781187
                   0.577350269190  -0.577350269190   0.577350269190
0, 2261 7513.772543583676 16076.632102425701 17078.101459334543    2    0
         0, 2260  -0.707106781187  -0.000000000000   0.707106781187
                   0.577350269190  -0.577350269190   0.577350269190
         0, 2262   0.707106781187   0.000000000000  -0.707106781187
                   0.577350269190  -0.577350269190   0.577350269190
0, 2262 7158.190746941049 15951.818310697970 17308.869464249441    2    0
         0, 2261  -0.707106781187  -0.000000000000   0.707106781187
                   0.577350269190  -0.577350269190   0.577350269190
         0, 2263   0.707106781187   0.000000000000  -0.707106781187
                   0.577350269190  -0.577350269190   0.577350269190
0, 2263 6802.608950298422 15827.004518970240 17539.637469164336    2    0
         0, 2262  -0.707106781187  -0.000000000000   0.707106781187
                   0.577350269190  -0.577350269190   0.577350269190
         0, 2264   0.707106781187   0.000000000000  -0.707106781187
                   0.577350269190  -0.577350269190   0.577350269190
0, 2264 6447.027153655796 15702.190727242509 17770.405474079231    1    7
         0, 2263  -0.707106781187  -0.000000000000   0.707106781187
                   0.577350269190  -0.577350269190   0.577350269190
0, 2265 12025.219757117895 6656.225286029853 10018.852281881022    1    7
         0, 2266  -0.707106781187  -0.707106781187  -0.000000000000
                  -0.577350269190   0.577350269190   0.577350269190
0, 2266 11510.360864170983 6239.241758749418 9920.976916214544    2    0
         0, 2265   0.707106781187   0.707106781187   0.000000000000
                  -0.577350269190   0.577350269190   0.577350269190
         0, 2267  -0.707106781187  -0.707106781187  -0.000000000000
                  -0.577350269190   0.577350269190   0.577350269190
0, 2267 10995.501971224072 5822.258231468984 9823.101550548066    2    0
         0, 2266   0.707106781187   0.707106781187   0.000000000000
                  -0.577350269190   0.577350269190   0.577350269190
         0, 2268  -0.707106781187  -0.707106781187  -0.000000000000
                  -0.577350269190   0.577350269190   0.577350269190
0, 2268 10480.643078277159 5405.274704188550 9725.226184881589    2    0
         0, 2267   0.707106781187   0.707106781187   0.000000000000
                  -0.577350269190   0.577350269190   0.577350269190
         0, 2269  -0.707106781187  -0.707106781187  -0.000000000000
                  -0.577350269190   0.577350269190   0.577350269190
0, 2269 9965.784185330247 4988.291176908115 9627.350819215111    1    7
         0, 2268   0.707106781187   0.707106781187   0.000000000000
                  -0.577350269190   0.577350269190   0.577350269190
0, 2270 3762.941598457044 6084.509501505834 10476.835447793193    1    7
         0, 2271  -0.000000000000  -0.707106781187   0.707106781187
                   0.577350269190   0.577350269190   0.577350269190
0, 2271 3282.705531668829 6177.837362392602 10863.743653694641    2    0
         0, 2270   0.000000000000   0.707106781187  -0.707106781187
                   0.577350269190   0.577350269190   0.577350269190
         0, 2272  -0.000000000000  -0.707106781187   0.707106781187
                   0.577350269190   0.577350269190   0.577350269190
0, 2272 2802.469464880615 6271.165223279369 11250.651859596088    2    0
         0, 2271   0.000000000000   0.707106781187  -0.707106781187
                   0.577350269190   0.577350269190   0.577350269190
         0, 2273  -0.000000000000  -0.707106781187   0.707106781187
                   0.577350269190   0.577350269190   0.577350269190
0, 2273 2322.233398092400 6364.493084166137 11637.560065497533    2    0
         0, 2272   0.000000000000   0.707106781187  -0.707106781187
                   0.577350269190   0.577350269190   0.577350269190
         0, 2274  -0.000000000000  -0.707106781187   0.707106781187
                   0.577350269190   0.577350269190   0.577350269190
0, 2274 1841.997331304186 6457.820945052905 12024.468271398981    1    7
         0, 2273   0.000000000000   0.707106781187  -0.707106781187
                   0.577350269190   0.577350269190   0.577350269190
0, 2275 13261.366563477870 2484.612203724514 10706.236044016781    1    7
         0, 2276  -0.000000000000  -0.707106781187  -0.707106781187
                   0.577350269190  -0.577350269190   0.577350269190
0, 2276 13518.821205001952 2203.616899053815 10167.786097822000    2    0
         0, 2275   0.000000000000   0.707106781187   0.707106781187
                   0.577350269190  -0.577350269190   0.577350269190
         0, 2277  -0.000000000000  -0.707106781187  -0.707106781187
                   0.577350269190  -0.577350269190   0.577350269190
0, 2277 13776.275846526034 1922.621594383116 9629.336151627218    2    0
         0, 2276   0.000000000000   0.707106781187   0.707106781187
                   0.577350269190  -0.577350269190   0.577350269190
         0, 2278  -0.000000000000  -0.707106781187  -0.707106781187
                   0.577350269190  -0.577350269190   0.577350269190
0, 2278 14033.730488050118 1641.626289712417 9090.886205432436    2    0
         0, 2277   0.000000000000   0.707106781187   0.707106781187
                   0.577350269190  -0.577350269190   0.577350269190
         0, 2279  -0.000000000000  -0.707106781187  -0.707106781187
                   0.577350269190  -0.577350269190   0.577350269190
0, 2279 14291.185129574200 1360.630985041718 8552.436259237655    1    7
         0, 2278   0.000000000000   0.707106781187   0.707106781187
                   0.577350269190  -0.577350269190   0.577350269190
0, 2280 3692.872738923380 14683.702429694446 17808.967970090223    1    7
         0, 2281  -0.707106781187   0.707106781187  -0.000000000000
                   0.577350269190   0.577350269190  -0.577350269190
0, 2281 3822.479627115454 14895.201010624138 18150.073439211988    2    0
         0, 2280   0.707106781187  -0.707106781187   0.000000000000
                   0.577350269190   0.577350269190  -0.577350269190
         0, 2282  -0.707106781187   0.707106781187  -0.000000000000
                   0.577350269190   0.577350269190  -0.577350269190
0, 2282 3952.086515307528 15106.699591553830 18491.178908333757    2    0
         0, 2281   0.707106781187  -0.707106781187   0.000000000000
                   0.577350269190   0.577350269190  -0.577350269190
         0, 2283  -0.707106781187   0.707106781187  -0.000000000000
                   0.577350269190   0.577350269190  -0.577350269190
0, 2283 4081.693403499602 15318.198172483522 18832.284377455522    2    0
         0, 2282   0.707106781187  -0.707106781187   0.000000000000
                   0.577350269190   0.577350269190  -0.577350269190
         0, 2284  -0.707106781187   0.707106781187  -0.000000000000
                   0.577350269190   0.577350269190  -0.577350269190
0, 2284 4211.300291691676 15529.696753413215 19173.389846577287    1    7
         0, 2283   0.707106781187  -0.707106781187   0.000000000000
                   0.577350269190   0.577350269190  -0.577350269190
0, 2285 11667.349846711570 11741.173050105237 14638.073006373748    1    7
         0, 2286   0.000000000000   0.707106781187  -0.707106781187
                  -0.577350269190   0.577350269190   0.577350269190
0, 2286 11783.224800921163 12186.725727184905 14308.395283503674    2    0
         0, 2285  -0.000000000000  -0.707106781187   0.707106781187
                  -0.577350269190   0.577350269190   0.577350269190
         0, 2287   0.000000000000   0.707106781187  -0.707106781187
                  -0.577350269190   0.577350269190   0.577350269190
0, 2287 11899.099755130757 12632.278404264574 13978.717560633600    2    0
         0, 2286  -0.000000000000  -0.707106781187   0.707106781187
                  -0.577350269190   0.577350269190   0.577350269190
         0, 2288   0.000000000000   0.707106781187  -0.707106781187
                  -0.577350269190   0.577350269190   0.577350269190
0, 2288 12014.974709340353 13077.831081344242 13649.039837763525    2    0
         0, 2287  -0.000000000000  -0.707106781187   0.707106781187
                  -0.577350269190   0.577350269190   0.577350269190
         0, 2289   0.000000000000   0.707106781187  -0.707106781187
                  -0.577350269190   0.577350269190   0.577350269190
0, 2289 12130.849663549947 13523.383758423912 13319.362114893451    1    7
         0, 2288  -0.000000000000  -0.707106781187   0.707106781187
                  -0.577350269190   0.577350269190   0.577350269190
0, 2290 3387.154669249548 13248.341905389494 2192.697861468901    1    7
         0, 2291  -0.707106781187  -0.707106781187  -0.000000000000
                  -0.577350269190   0.577350269190   0.577350269190
0, 2291 3031.312485081561 13285.146280434055 1800.051302256353    2    0
         0, 2290   0.707106781187   0.707106781187   0.000000000000
                  -0.577350269190   0.577350269190   0.577350269190
         0, 2292  -0.707106781187  -0.707106781187  -0.000000000000
                  -0.577350269190   0.577350269190   0.577350269190
0, 2292 2675.470300913574 13321.950655478617 1407.404743043805    2    0
         0, 2291   0.707106781187   0.707106781187   0.000000000000
                  -0.577350269190   0.577350269190   0.577350269190
         0, 2293  -0.707106781187  -0.707106781187  -0.000000000000
                  -0.577350269190   0.577350269190   0.577350269190
0, 2293 2319.628116745587 13358.755030523178 1014.758183831256    2    0
         0, 2292   0.707106781187   0.707106781187   0.000000000000
                  -0.577350269190   0.577350269190   0.577350269190
         0, 2294  -0.707106781187  -0.707106781187  -0.000000000000
                  -0.577350269190   0.577350269190   0.577350269190
0, 2294 1963.785932577600 13395.559405567739 622.111624618708    1    7
         0, 2293   0.707106781187   0.707106781187   0.000000000000
                  -0.577350269190   0.577350269190   0.577350269190
0, 2295 3660.964136131572 11542.196968079325 13037.699839026005    1    7
         0, 2296   0.707106781187   0.707106781187   0.000000000000
                  -0.577350269190   0.577350269190   0.577350269190
0, 2296 3882.351670923450 12044.648372782771 12756.635969114437    2    0
         0, 2295  -0.707106781187  -0.707106781187  -0.000000000000
                  -0.577350269190   0.577350269190   0.577350269190
         0, 2297   0.707106781187   0.707106781187   0.000000000000
                  -0.577350269190   0.577350269190   0.577350269190
0, 2297 4103.739205715327 12547.099777486215 12475.572099202867    2    0
         0, 2296  -0.707106781187  -0.707106781187  -0.000000000000
                  -0.577350269190   0.577350269190   0.577350269190
         0, 2298   0.707106781187   0.707106781187   0.000000000000
                  -0.577350269190   0.577350269190   0.577350269190
0, 2298 4325.126740507204 13049.551182189662 12194.508229291299    2    0
         0, 2297  -0.707106781187  -0.707106781187  -0.000000000000
                  -0.577350269190   0.577350269190   0.577350269190
         0, 2299   0.707106781187   0.707106781187   0.000000000000
                  -0.577350269190   0.577350269190   0.577350269190
0, 2299 4546.514275299081 13552.002586893108 11913.444359379731    1    7
         0, 2298  -0.707106781187  -0.707106781187  -0.000000000000
                  -0.577350269190   0.577350269190   0.577350269190
0, 2300 9924.961572577591 7833.562762103405 14746.190065884401    1    7
         0, 2301  -0.707106781187  -0.000000000000  -0.707106781187
                  -0.577350269190   0.577350269190   0.577350269190
0, 2301 9385.507897133873 7543.749529700995 14496.549622843093    2    0
         0, 2300   0.707106781187   0.000000000000   0.707106781187
                  -0.577350269190   0.577350269190   0.577350269190
         0, 2302  -0.707106781187  -0.000000000000  -0.707106781187
                  -0.577350269190   0.577350269190   0.577350269190
0, 2302 8846.054221690156 7253.936297298585 14246.909179801783    2    0
         0, 2301   0.707106781187   0.000000000000   0.707106781187
                  -0.577350269190   0.577350269190   0.577350269190
         0, 2303  -0.707106781187  -0.000000000000  -0.707106781187
                  -0.577350269190   0.577350269190   0.577350269190
0, 2303 8306.600546246436 6964.123064896175 13997.268736760476    2    0
         0, 2302   0.707106781187   0.000000000000   0.707106781187
                  -0.577350269190   0.577350269190   0.577350269190
         0, 2304  -0.707106781187  -0.000000000000  -0.707106781187
                  -0.577350269190   0.577350269190   0.577350269190
0, 2304 7767.146870802719 6674.309832493765 13747.628293719168    1    7
         0, 2303   0.707106781187   0.000000000000   0.707106781187
                  -0.577350269190   0.577350269190   0.577350269190
0, 2305 10853.607218062107 17499.330104405009 15216.975631053834    1    7
         0, 2306   0.707106781187  -0.707106781187   0.000000000000
                   0.577350269190   0.577350269190  -0.577350269190
0, 2306 10329.819203941492 17991.989729443794 15185.847241972004    2    0
         0, 2305  -0.707106781187   0.707106781187  -0.000000000000
                   0.577350269190   0.577350269190  -0.577350269190
         0, 2307   0.707106781187  -0.707106781187   0.000000000000
                   0.577350269190   0.577350269190  -0.577350269190
0, 2307 9806.031189820877 18484.649354482579 15154.718852890173    2    0
         0, 2306  -0.707106781187   0.707106781187  -0.000000000000
                   0.577350269190   0.577350269190  -0.577350269190
         0, 2308   0.707106781187  -0.707106781187   0.000000000000
                   0.577350269190   0.577350269190  -0.577350269190
0, 2308 9282.243175700261 18977.308979521364 15123.590463808345    2    0
         0, 2307  -0.707106781187   0.707106781187  -0.000000000000
                   0.577350269190   0.577350269190  -0.577350269190
         0, 2309   0.707106781187  -0.707106781187   0.000000000000
                   0.577350269190   0.577350269190  -0.577350269190
0, 2309 8758.455161579644 19469.968604560148 15092.462074726514    1    7
         0, 2308  -0.707106781187   0.707106781187  -0.000000000000
                   0.577350269190   0.577350269190  -0.577350269190
0, 2310 500.789504623441 18983.559725893130 6356.594159902939    1    7
         0, 2311  -0.707106781187   0.707106781187  -0.000000000000
                   0.577350269190   0.577350269190  -0.577350269190
0, 2311 792.711769713816 18732.776262588974 6397.732961689157    2    0
         0, 2310   0.707106781187  -0.707106781187   0.000000000000
                   0.577350269190   0.577350269190  -0.577350269190
         0, 2312  -0.707106781187   0.707106781187  -0.000000000000
                   0.577350269190   0.577350269190  -0.577350269190
0, 2312 1084.634034804190 18481.992799284817 6438.871763475375    2    0
         0, 2311   0.707106781187  -0.707106781187   0.000000000000
                   0.577350269190   0.577350269190  -0.577350269190
         0, 2313  -0.707106781187   0.707106781187  -0.000000000000
                   0.577350269190   0.577350269190  -0.577350269190
0, 2313 1376.556299894565 18231.209335980660 6480.010565261592    2    0
         0, 2312   0.707106781187  -0.707106781187   0.000000000000
                   0.577350269190   0.577350269190  -0.577350269190
         0, 2314  -0.707106781187   0.707106781187  -0.000000000000
                   0.577350269190   0.577350269190  -0.577350269190
0, 2314 1668.478564984939 17980.425872676504 6521.149367047809    1    7
         0, 2313   0.707106781187  -0.707106781187   0.000000000000
                   0.577350269190   0.577350269190  -0.577350269190
0, 2315 14426.529831715929 874.563914879888 2764.711308511015    1    7
         0, 2316   0.000000000000   0.707106781187  -0.707106781187
                   0.577350269190   0.577350269190   0.577350269190
0, 2316 14428.265517021036 1278.437302262260 2359.102235823535    2    0
         0, 2315  -0.000000000000  -0.707106781187   0.707106781187
                   0.577350269190   0.577350269190   0.577350269190
         0, 2317   0.000000000000   0.707106781187  -0.707106781187
                   0.577350269190   0.577350269190   0.577350269190
0, 2317 14430.001202326144 1682.310689644633 1953.493163136055    2    0
         0, 2316  -0.000000000000  -0.707106781187   0.707106781187
                   0.577350269190   0.577350269190   0.577350269190
         0, 2318   0.000000000000   0.707106781187  -0.707106781187
                   0.577350269190   0.577350269190   0.577350269190
0, 2318 14431.736887631250 2086.184077027006 1547.884090448575    2    0
         0, 2317  -0.000000000000  -0.707106781187   0.707106781187
                   0.577350269190   0.577350269190   0.577350269190
         0, 2319   0.000000000000   0.707106781187  -0.707106781187
                   0.577350269190   0.577350269190   0.577350269190
0, 2319 14433.472572936358 2490.057464409378 1142.275017761095    1    7
         0, 2318  -0.000000000000  -0.707106781187   0.707106781187
                   0.577350269190   0.577350269190   0.577350269190
0, 2320 1314.361212736683 17800.438463077990 18153.176470020309    1    7
         0, 2321  -0.707106781187  -0.000000000000  -0.707106781187
                  -0.577350269190   0.577350269190   0.577350269190
0, 2321 1742.914968480007 18052.825269509463 18329.343419332163    2    0
         0, 2320   0.707106781187   0.000000000000   0.707106781187
                  -0.577350269190   0.577350269190   0.577350269190
         0, 2322  -0.707106781187  -0.000000000000  -0.707106781187
                  -0.577350269190   0.577350269190   0.577350269190
0, 2322 2171.468724223331 18305.212075940934 18505.510368644012    2    0
         0, 2321   0.707106781187   0.000000000000   0.707106781187
                  -0.577350269190   0.577350269190   0.577350269190
         0, 2323  -0.707106781187  -0.000000000000  -0.707106781187
                  -0.577350269190   0.577350269190   0.577350269190
0, 2323 2600.022479966655 18557.598882372407 18681.677317955866    2    0
         0, 2322   0.707106781187   0.000000000000   0.707106781187
                  -0.577350269190   0.577350269190   0.577350269190
         0, 2324  -0.707106781187  -0.000000000000  -0.707106781187
                  -0.577350269190   0.577350269190   0.577350269190
0, 2324 3028.576235709979 18809.985688803878 18857.844267267716    1    7
         0, 2323   0.707106781187   0.000000000000   0.707106781187
                  -0.577350269190   0.577350269190   0.577350269190
0, 2325 5451.279698767223 1892.292956631242 15347.709028909698    1    7
         0, 2326   0.000000000000   0.707106781187   0.707106781187
                   0.577350269190  -0.577350269190   0.577350269190
0, 2326 5802.480049862469 1729.983681749132 14834.199402932341    2    0
         0, 2325  -0.000000000000  -0.707106781187  -0.707106781187
                   0.577350269190  -0.577350269190   0.577350269190
         0, 2327   0.000000000000   0.707106781187   0.707106781187
                   0.577350269190  -0.577350269190   0.577350269190
0, 2327 6153.680400957714 1567.674406867021 14320.689776954985    2    0
         0, 2326  -0.000000000000  -0.707106781187  -0.707106781187
                   0.577350269190  -0.577350269190   0.577350269190
         0, 2328   0.000000000000   0.707106781187   0.707106781187
                   0.577350269190  -0.577350269190   0.577350269190
0, 2328 6504.880752052961 1405.365131984911 13807.180150977629    2    0
         0, 2327  -0.000000000000  -0.707106781187  -0.707106781187
                   0.577350269190  -0.577350269190   0.577350269190
         0, 2329   0.000000000000   0.707106781187   0.707106781187
                   0.577350269190  -0.577350269190   0.577350269190
0, 2329 6856.081103148206 1243.055857102800 13293.670525000272    1    7
         0, 2328  -0.000000000000  -0.707106781187  -0.707106781187
                   0.577350269190  -0.577350269190   0.577350269190
0, 2330 5880.556031688966 2536.099805690858 8225.417006741814    1    7
         0, 2331  -0.000000000000  -0.707106781187   0.707106781187
                   0.577350269190   0.577350269190   0.577350269190
0, 2331 6176.890061507234 1957.440092768959 8507.742689845445    2    0
         0, 2330   0.000000000000   0.707106781187  -0.707106781187
                   0.577350269190   0.577350269190   0.577350269190
         0, 2332  -0.000000000000  -0.707106781187   0.707106781187
                   0.577350269190   0.577350269190   0.577350269190
0, 2332 6473.224091325503 1378.780379847060 8790.068372949076    2    0
         0, 2331   0.000000000000   0.707106781187  -0.707106781187
                   0.577350269190   0.577350269190   0.577350269190
         0, 2333  -0.000000000000  -0.707106781187   0.707106781187
                   0.577350269190   0.577350269190   0.577350269190
0, 2333 6769.558121143771 800.120666925160 9072.394056052708    2    0
         0, 2332   0.000000000000   0.707106781187  -0.707106781187
                   0.577350269190   0.577350269190   0.577350269190
         0, 2334  -0.000000000000  -0.707106781187   0.707106781187
                   0.577350269190   0.577350269190   0.577350269190
0, 2334 7065.892150962040 221.460954003261 9354.719739156339    1    7
         0, 2333   0.000000000000   0.707106781187  -0.707106781187
                   0.577350269190   0.577350269190   0.577350269190
0, 2335 10976.523743765647 17067.273201432181 9060.737235501341    1    7
         0, 2336   0.000000000000   0.707106781187  -0.707106781187
                   0.577350269190   0.577350269190   0.577350269190
0, 2336 11455.651277138595 16966.429457165206 8682.453446395368    2    0
         0, 2335  -0.000000000000  -0.707106781187   0.707106781187
                   0.577350269190   0.577350269190   0.577350269190
         0, 2337   0.000000000000   0.707106781187  -0.707106781187
                   0.577350269190   0.577350269190   0.577350269190
0, 2337 11934.778810511543 16865.585712898232 8304.169657289394    2    0
         0, 2336  -0.000000000000  -0.707106781187   0.707106781187
                   0.577350269190   0.577350269190   0.577350269190
         0, 2338   0.000000000000   0.707106781187  -0.707106781187
                   0.577350269190   0.577350269190   0.577350269190
0, 2338 12413.906343884490 16764.741968631257 7925.885868183422    2    0
         0, 2337  -0.000000000000  -0.707106781187   0.707106781187
                   0.577350269190   0.577350269190   0.577350269190
         0, 2339   0.000000000000   0.707106781187  -0.707106781187
                   0.577350269190   0.577350269190   0.577350269190
0, 2339 12893.033877257438 16663.898224364282 7547.602079077448    1    7
         0, 2338  -0.000000000000  -0.707106781187   0.707106781187
                   0.577350269190   0.577350269190   0.577350269190
0, 2340 6007.265309075751 19073.925991874035 5590.146689255756    1    7
         0, 2341   0.707106781187   0.707106781187   0.000000000000
                   0.577350269190  -0.577350269190   0.577350269190
0, 2341 5515.405823789126 18558.397389005233 5566.477571673580    2    0
         0, 2340  -0.707106781187  -0.707106781187  -0.000000000000
                   0.577350269190  -0.577350269190   0.577350269190
         0, 2342   0.707106781187   0.707106781187   0.000000000000
                   0.577350269190  -0.577350269190   0.577350269190
0, 2342 5023.546338502500 18042.868786136434 5542.808454091404    2    0
         0, 2341  -0.707106781187  -0.707106781187  -0.000000000000
                   0.577350269190  -0.577350269190   0.577350269190
         0, 2343   0.707106781187   0.707106781187   0.000000000000
                   0.577350269190  -0.577350269190   0.577350269190
0, 2343 4531.686853215874 17527.340183267632 5519.139336509229    2    0
         0, 2342  -0.707106781187  -0.707106781187  -0.000000000000
                   0.577350269190  -0.577350269190   0.577350269190
         0, 2344   0.707106781187   0.707106781187   0.000000000000
                   0.577350269190  -0.577350269190   0.577350269190
0, 2344 4039.827367929249 17011.811580398833 5495.470218927054    1    7
         0, 2343  -0.707106781187  -0.707106781187  -0.000000000000
                   0.577350269190  -0.577350269190   0.577350269190
0, 2345 8642.839665010895 7658.244741781385 9963.145610872098    1    7
         0, 2346   0.000000000000   0.707106781187   0.707106781187
                   0.577350269190  -0.577350269190   0.577350269190
0, 2346 8137.703674693946 7425.827442982200 10235.864302389862    2    0
         0, 2345  -0.000000000000  -0.707106781187  -0.707106781187
                   0.577350269190  -0.577350269190   0.577350269190
         0, 2347   0.000000000000   0.707106781187   0.707106781187
                   0.577350269190  -0.577350269190   0.577350269190
0, 2347 7632.567684376996 7193.410144183015 10508.582993907628    2    0
         0, 2346  -0.000000000000  -0.707106781187  -0.707106781187
                   0.577350269190  -0.577350269190   0.577350269190
         0, 2348   0.000000000000   0.707106781187   0.707106781187
                   0.577350269190  -0.577350269190   0.577350269190
0, 2348 7127.431694060046 6960.992845383831 10781.301685425393    2    0
         0, 2347  -0.000000000000  -0.707106781187  -0.707106781187
                   0.577350269190  -0.577350269190   0.577350269190
         0, 2349   0.000000000000   0.707106781187   0.707106781187
                   0.577350269190  -0.577350269190   0.577350269190
0, 2349 6622.295703743097 6728.575546584647 11054.020376943159    1    7
         0, 2348  -0.000000000000  -0.707106781187  -0.707106781187
                   0.577350269190  -0.577350269190   0.577350269190
0, 2350 10693.327369723553 8061.302017224322 15372.996794860412    1    7
         0, 2351  -0.707106781187  -0.000000000000  -0.707106781187
                  -0.577350269190   0.577350269190   0.577350269190
0, 2351 10570.168059189575 7594.839209467195 15716.300292083561    2    0
         0, 2350   0.707106781187   0.000000000000   0.707106781187
                  -0.577350269190   0.577350269190   0.577350269190
         0, 2352  -0.707106781187  -0.000000000000  -0.707106781187
                  -0.577350269190   0.577350269190   0.577350269190
0, 2352 10447.008748655597 7128.376401710068 16059.603789306711    2    0
         0, 2351   0.707106781187   0.000000000000   0.707106781187
                  -0.577350269190   0.577350269190   0.577350269190
         0, 2353  -0.707106781187  -0.000000000000  -0.707106781187
                  -0.577350269190   0.577350269190   0.577350269190
0, 2353 10323.849438121621 6661.913593952941 16402.907286529859    2    0
         0, 2352   0.707106781187   0.000000000000   0.707106781187
                  -0.577350269190   0.577350269190   0.577350269190
         0, 2354  -0.707106781187  -0.000000000000  -0.707106781187
                  -0.577350269190   0.577350269190   0.577350269190
0, 2354 10200.690127587643 6195.450786195814 16746.210783753009    1    7
         0, 2353   0.707106781187   0.000000000000   0.707106781187
                  -0.577350269190   0.577350269190   0.577350269190
0, 2355 9703.178713839410 12660.669249781919 16388.752012921395    1    7
         0, 2356   0.707106781187   0.000000000000  -0.707106781187
                   0.577350269190   0.577350269190   0.577350269190
0, 2356 9900.560087478674 12969.891118697597 15882.148770366453    2    0
         0, 2355  -0.707106781187  -0.000000000000   0.707106781187
                   0.577350269190   0.577350269190   0.577350269190
         0, 2357   0.707106781187   0.000000000000  -0.707106781187
                   0.577350269190   0.577350269190   0.577350269190
0, 2357 10097.941461117940 13279.112987613275 15375.545527811511    2    0
         0, 2356  -0.707106781187  -0.000000000000   0.707106781187
                   0.577350269190   0.577350269190   0.577350269190
         0, 2358   0.707106781187   0.000000000000  -0.707106781187
                   0.577350269190   0.577350269190   0.577350269190
0, 2358 10295.322834757204 13588.334856528953 14868.942285256569    2    0
         0, 2357  -0.707106781187  -0.000000000000   0.707106781187
                   0.577350269190   0.577350269190   0.577350269190
         0, 2359   0.707106781187   0.000000000000  -0.707106781187
                   0.577350269190   0.577350269190   0.577350269190
0, 2359 10492.704208396468 13897.556725444629 14362.339042701627    1    7
         0, 2358  -0.707106781187  -0.000000000000   0.707106781187
                   0.577350269190   0.577350269190   0.577350269190
0, 2360 7555.585887417628 2862.021699497488 3600.721770808500    1    7
         0, 2361  -0.707106781187  -0.000000000000  -0.707106781187
                   0.577350269190   0.577350269190  -0.577350269190
0, 2361 7765.765288985508 2292.805819479434 3241.685292358326    2    0
         0, 2360   0.707106781187   0.000000000000   0.707106781187
                   0.577350269190   0.577350269190  -0.577350269190
         0, 2362  -0.707106781187  -0.000000000000  -0.707106781187
                   0.577350269190   0.577350269190  -0.577350269190
0, 2362 7975.944690553388 1723.589939461380 2882.648813908152    2    0
         0, 2361   0.707106781187   0.000000000000   0.707106781187
                   0.577350269190   0.577350269190  -0.577350269190
         0, 2363  -0.707106781187  -0.000000000000  -0.707106781187
                   0.577350269190   0.577350269190  -0.577350269190
0, 2363 8186.124092121267 1154.374059443327 2523.612335457978    2    0
         0, 2362   0.707106781187   0.000000000000   0.707106781187
                   0.577350269190   0.577350269190  -0.577350269190
         0, 2364  -0.707106781187  -0.000000000000  -0.707106781187
                   0.577350269190   0.577350269190  -0.577350269190
0, 2364 8396.303493689147 585.158179425273 2164.575857007804    1    7
         0, 2363   0.707106781187   0.000000000000   0.707106781187
                   0.577350269190   0.577350269190  -0.577350269190
0, 2365 10579.092780401532 6696.006330598744 11274.764814776536    1    7
         0, 2366   0.707106781187   0.000000000000  -0.707106781187
                   0.577350269190   0.577350269190   0.577350269190
0, 2366 10267.171744544547 7018.024784503259 11264.667396729006    2    0
         0, 2365  -0.707106781187  -0.000000000000   0.707106781187
                   0.577350269190   0.577350269190   0.577350269190
         0, 2367   0.707106781187   0.000000000000  -0.707106781187
                   0.577350269190   0.577350269190   0.577350269190
0, 2367 9955.250708687561 7340.043238407774 11254.569978681477    2    0
         0, 2366  -0.707106781187  -0.000000000000   0.707106781187
                   0.577350269190   0.577350269190   0.577350269190
         0, 2368   0.707106781187   0.000000000000  -0.707106781187
                   0.577350269190   0.577350269190   0.577350269190
0, 2368 9643.329672830576 7662.061692312290 11244.472560633947    2    0
         0, 2367  -0.707106781187  -0.000000000000   0.707106781187
                   0.577350269190   0.577350269190   0.577350269190
         0, 2369   0.707106781187   0.000000000000  -0.707106781187
                   0.577350269190   0.577350269190   0.577350269190
0, 2369 9331.408636973589 7984.080146216805 11234.375142586417    1    7
         0, 2368  -0.707106781187  -0.000000000000   0.707106781187
                   0.577350269190   0.577350269190   0.577350269190
0, 2370 13453.013341310723 5656.512526721797 8335.100272915664    1    7
         0, 2371  -0.707106781187  -0.000000000000   0.707106781187
                   0.577350269190   0.577350269190   0.577350269190
0, 2371 13407.824172589560 6230.545896360875 7806.256071997749    2    0
         0, 2370   0.707106781187   0.000000000000  -0.707106781187
                   0.577350269190   0.577350269190   0.577350269190
         0, 2372  -0.707106781187  -0.000000000000   0.707106781187
                   0.577350269190   0.577350269190   0.577350269190
0, 2372 13362.635003868398 6804.579265999953 7277.411871079834    2    0
         0, 2371   0.707106781187   0.000000000000  -0.707106781187
                   0.577350269190   0.577350269190   0.577350269190
         0, 2373  -0.707106781187  -0.000000000000   0.707106781187
                   0.577350269190   0.577350269190   0.577350269190
0, 2373 13317.445835147235 7378.612635639030 6748.567670161920    2    0
         0, 2372   0.707106781187   0.000000000000  -0.707106781187
                   0.577350269190   0.577350269190   0.577350269190
         0, 2374  -0.707106781187  -0.000000000000   0.707106781187
                   0.577350269190   0.577350269190   0.577350269190
0, 2374 13272.256666426072 7952.646005278109 6219.723469244004    1    7
         0, 2373   0.707106781187   0.000000000000  -0.707106781187
                   0.577350269190   0.577350269190   0.577350269190
0, 2375 5605.670489325968 7500.649534958295 13262.178636407602    1    7
         0, 2376  -0.707106781187  -0.000000000000  -0.707106781187
                   0.577350269190   0.577350269190  -0.577350269190
0, 2376 6172.563626240268 7176.704694590199 13505.126932953806    2    0
         0, 2375   0.707106781187   0.000000000000   0.707106781187
                   0.577350269190   0.577350269190  -0.577350269190
         0, 2377  -0.707106781187  -0.000000000000  -0.707106781187
                   0.577350269190   0.577350269190  -0.577350269190
0, 2377 6739.456763154568 6852.759854222103 13748.075229500011    2    0
         0, 2376   0.707106781187   0.000000000000   0.707106781187
                   0.577350269190   0.577350269190  -0.577350269190
         0, 2378  -0.707106781187  -0.000000000000  -0.707106781187
                   0.577350269190   0.577350269190  -0.577350269190
0, 2378 7306.349900068868 6528.815013854008 13991.023526046216    2    0
         0, 2377   0.707106781187   0.000000000000   0.707106781187
                   0.577350269190   0.577350269190  -0.577350269190
         0, 2379  -0.707106781187  -0.000000000000  -0.707106781187
                   0.577350269190   0.577350269190  -0.577350269190
0, 2379 7873.243036983169 6204.870173485911 14233.971822592419    1    7
         0, 2378   0.707106781187   0.000000000000   0.707106781187
                   0.577350269190   0.577350269190  -0.577350269190
0, 2380 8256.969485715665 17606.784930256988 666.721927705409    1    7
         0, 2381   0.000000000000   0.707106781187   0.707106781187
                   0.577350269190   0.577350269190  -0.577350269190
0, 2381 8596.672576275692 17696.131231088293 1095.771319096742    2    0
         0, 2380  -0.000000000000  -0.707106781187  -0.707106781187
                   0.577350269190   0.577350269190  -0.577350269190
         0, 2382   0.000000000000   0.707106781187   0.707106781187
                   0.577350269190   0.577350269190  -0.577350269190
0, 2382 8936.375666835718 17785.477531919598 1524.820710488074    2    0
         0, 2381  -0.000000000000  -0.707106781187  -0.707106781187
                   0.577350269190   0.577350269190  -0.577350269190
         0, 2383   0.000000000000   0.707106781187   0.707106781187
                   0.577350269190   0.577350269190  -0.577350269190
0, 2383 9276.078757395746 17874.823832750903 1953.870101879406    2    0
         0, 2382  -0.000000000000  -0.707106781187  -0.707106781187
                   0.577350269190   0.577350269190  -0.577350269190
         0, 2384   0.000000000000   0.707106781187   0.707106781187
                   0.577350269190   0.577350269190  -0.577350269190
0, 2384 9615.781847955774 17964.170133582211 2382.919493270739    1    7
         0, 2383  -0.000000000000  -0.707106781187  -0.707106781187
                   0.577350269190   0.577350269190  -0.577350269190
0, 2385 11082.135840017121 8501.020047535038 184.500463340432    1    7
         0, 2386   0.000000000000   0.707106781187   0.707106781187
                   0.577350269190  -0.577350269190   0.577350269190
0, 2386 10627.332267773338 8512.680475958823 650.964464008001    2    0
         0, 2385  -0.000000000000  -0.707106781187  -0.707106781187
                   0.577350269190  -0.577350269190   0.577350269190
         0, 2387   0.000000000000   0.707106781187   0.707106781187
                   0.577350269190  -0.577350269190   0.577350269190
0, 2387 10172.528695529556 8524.340904382610 1117.428464675570    2    0
         0, 2386  -0.000000000000  -0.707106781187  -0.707106781187
                   0.577350269190  -0.577350269190   0.577350269190
         0, 2388   0.000000000000   0.707106781187   0.707106781187
                   0.577350269190  -0.577350269190   0.577350269190
0, 2388 9717.725123285774 8536.001332806396 1583.892465343138    2    0
         0, 2387  -0.000000000000  -0.707106781187  -0.707106781187
                   0.577350269190  -0.577350269190   0.577350269190
         0, 2389   0.000000000000   0.707106781187   0.707106781187
                   0.577350269190  -0.577350269190   0.577350269190
0, 2389 9262.921551041991 8547.661761230183 2050.356466010708    1    7
         0, 2388  -0.000000000000  -0.707106781187  -0.707106781187
                   0.577350269190  -0.577350269190   0.577350269190
0, 2390 19255.357103590690 5589.516880944911 16135.658781604532    1    7
         0, 2391   0.707106781187   0.000000000000  -0.707106781187
                   0.577350269190   0.577350269190   0.577350269190
0, 2391 18745.079404609736 5736.331492081593 16499.121869448805    2    0
         0, 2390  -0.707106781187  -0.000000000000   0.707106781187
                   0.577350269190   0.577350269190   0.577350269190
         0, 2392   0.707106781187   0.000000000000  -0.707106781187
                   0.577350269190   0.577350269190   0.577350269190
0, 2392 18234.801705628783 5883.146103218273 16862.584957293078    2    0
         0, 2391  -0.707106781187  -0.000000000000   0.707106781187
                   0.577350269190   0.577350269190   0.577350269190
         0, 2393   0.707106781187   0.000000000000  -0.707106781187
                   0.577350269190   0.577350269190   0.577350269190
0, 2393 17724.524006647825 6029.960714354955 17226.048045137351    2    0
         0, 2392  -0.707106781187  -0.000000000000   0.707106781187
                   0.577350269190   0.577350269190   0.577350269190
         0, 2394   0.707106781187   0.000000000000  -0.707106781187
                   0.577350269190   0.577350269190   0.577350269190
0, 2394 17214.246307666872 6176.775325491635 17589.511132981625    1    7
         0, 2393  -0.707106781187  -0.000000000000   0.707106781187
                   0.577350269190   0.577350269190   0.577350269190
0, 2395 4651.919599874080 12848.872128890556 9892.944479648226    1    7
         0, 2396  -0.000000000000  -0.707106781187  -0.707106781187
                   0.577350269190  -0.577350269190   0.577350269190
0, 2396 4469.407281368593 13181.276317845357 10407.860987108514    2    0
         0, 2395   0.000000000000   0.707106781187   0.707106781187
                   0.577350269190  -0.577350269190   0.577350269190
         0, 2397  -0.000000000000  -0.707106781187  -0.707106781187
                   0.577350269190  -0.577350269190   0.577350269190
0, 2397 4286.894962863105 13513.680506800158 10922.777494568802    2    0
         0, 2396   0.000000000000   0.707106781187   0.707106781187
                   0.577350269190  -0.577350269190   0.577350269190
         0, 2398  -0.000000000000  -0.707106781187  -0.707106781187
                   0.577350269190  -0.577350269190   0.577350269190
0, 2398 4104.382644357617 13846.084695754958 11437.694002029089    2    0
         0, 2397   0.000000000000   0.707106781187   0.707106781187
                   0.577350269190  -0.577350269190   0.577350269190
         0, 2399  -0.000000000000  -0.707106781187  -0.707106781187
                   0.577350269190  -0.577350269190   0.577350269190
0, 2399 3921.870325852130 14178.488884709757 11952.610509489377    1    7
         0, 2398   0.000000000000   0.707106781187   0.707106781187
                   0.577350269190  -0.577350269190   0.577350269190
0, 2400 5221.708330052417 2631.536111193107 14536.408619850661    1    7
         0, 2401  -0.000000000000  -0.707106781187   0.707106781187
                   0.577350269190   0.577350269190   0.577350269190
0, 2401 5380.109947154245 2894.234894877177 14115.308219064764    2    0
         0, 2400   0.000000000000   0.707106781187  -0.707106781187
                   0.577350269190   0.577350269190   0.577350269190
         0, 2402  -0.000000000000  -0.707106781187   0.707106781187
                   0.577350269190   0.577350269190   0.577350269190
0, 2402 5538.511564256073 3156.933678561247 13694.207818278866    2    0
         0, 2401   0.000000000000   0.707106781187  -0.707106781187
                   0.577350269190   0.577350269190   0.577350269190
         0, 2403  -0.000000000000  -0.707106781187   0.707106781187
                   0.577350269190   0.577350269190   0.577350269190
0, 2403 5696.913181357901 3419.632462245316 13273.107417492969    2    0
         0, 2402   0.000000000000   0.707106781187  -0.707106781187
                   0.577350269190   0.577350269190   0.577350269190
         0, 2404  -0.000000000000  -0.707106781187   0.707106781187
                   0.577350269190   0.577350269190   0.577350269190
0, 2404 5855.314798459728 3682.331245929386 12852.007016707072    1    7
         0, 2403   0.000000000000   0.707106781187  -0.707106781187
                   0.577350269190   0.577350269190   0.577350269190
0, 2405 13321.726120115469 18248.522201747157 3070.384816764504    1    7
         0, 2406   0.707106781187   0.000000000000  -0.707106781187
                   0.577350269190  -0.577350269190   0.577350269190
0, 2406 13843.930253053361 18346.840614361274 2646.499096440728    2    0
         0, 2405  -0.707106781187  -0.000000000000   0.707106781187
                   0.577350269190  -0.577350269190   0.577350269190
         0, 2407   0.707106781187   0.000000000000  -0.707106781187
                   0.577350269190  -0.577350269190   0.577350269190
0, 2407 14366.134385991254 18445.159026975391 2222.613376116953    2    0
         0, 2406  -0.707106781187  -0.000000000000   0.707106781187
                   0.577350269190  -0.577350269190   0.577350269190
         0, 2408   0.707106781187   0.000000000000  -0.707106781187
                   0.577350269190  -0.577350269190   0.577350269190
0, 2408 14888.338518929146 18543.477439589507 1798.727655793178    2    0
         0, 2407  -0.707106781187  -0.000000000000   0.707106781187
                   0.577350269190  -0.577350269190   0.577350269190
         0, 2409   0.707106781187   0.000000000000  -0.707106781187
                   0.577350269190  -0.577350269190   0.577350269190
0, 2409 15410.542651867039 18641.795852203624 1374.841935469402    1    7
         0, 2408  -0.707106781187  -0.000000000000   0.707106781187
                   0.577350269190  -0.577350269190   0.577350269190
0, 2410 12233.439312004073 1368.081651635751 15923.427511404379    1    7
         0, 2411   0.000000000000   0.707106781187  -0.707106781187
                  -0.577350269190   0.577350269190   0.577350269190
0, 2411 12533.561774910359 1418.915178784648 16172.716447161769    2    0
         0, 2410  -0.000000000000  -0.707106781187   0.707106781187
                  -0.577350269190   0.577350269190   0.577350269190
         0, 2412   0.000000000000   0.707106781187  -0.707106781187
                  -0.577350269190   0.577350269190   0.577350269190
0, 2412 12833.684237816644 1469.748705933544 16422.005382919157    2    0
         0, 2411  -0.000000000000  -0.707106781187   0.707106781187
                  -0.577350269190   0.577350269190   0.577350269190
         0, 2413   0.000000000000   0.707106781187  -0.707106781187
                  -0.577350269190   0.577350269190   0.577350269190
0, 2413 13133.806700722927 1520.582233082441 16671.294318676544    2    0
         0, 2412  -0.000000000000  -0.707106781187   0.707106781187
                  -0.577350269190   0.577350269190   0.577350269190
         0, 2414   0.000000000000   0.707106781187  -0.707106781187
                  -0.577350269190   0.577350269190   0.577350269190
0, 2414 13433.929163629213 1571.415760231337 16920.583254433936    1    7
         0, 2413  -0.000000000000  -0.707106781187   0.707106781187
                  -0.577350269190   0.577350269190   0.577350269190
0, 2415 15876.860901939848 15587.778040641810 9791.100718454871    1    7
         0, 2416   0.707106781187   0.707106781187   0.000000000000
                  -0.577350269190   0.577350269190   0.577350269190
0, 2416 16376.147999271283 15811.664825567241 10066.501030860874    2    0
         0, 2415  -0.707106781187  -0.707106781187  -0.000000000000
                  -0.577350269190   0.577350269190   0.577350269190
         0, 2417   0.707106781187   0.707106781187   0.000000000000
                  -0.577350269190   0.577350269190   0.577350269190
0, 2417 16875.435096602720 16035.551610492672 10341.901343266880    2    0
         0, 2416  -0.707106781187  -0.707106781187  -0.000000000000
                  -0.577350269190   0.577350269190   0.577350269190
         0, 2418   0.707106781187   0.707106781187   0.000000000000
                  -0.577350269190   0.577350269190   0.577350269190
0, 2418 17374.722193934154 16259.438395418103 10617.301655672883    2    0
         0, 2417  -0.707106781187  -0.707106781187  -0.000000000000
                  -0.577350269190   0.577350269190   0.577350269190
         0, 2419   0.707106781187   0.707106781187   0.000000000000
                  -0.577350269190   0.577350269190   0.577350269190
0, 2419 17874.009291265589 16483.325180343534 10892.701968078887    1    7
         0, 2418  -0.707106781187  -0.707106781187  -0.000000000000
                  -0.577350269190   0.577350269190   0.577350269190
0, 2420 3471.076374197600 13803.078260400604 2752.081994204148    1    7
         0, 2421   0.707106781187   0.707106781187   0.000000000000
                   0.577350269190  -0.577350269190   0.577350269190
0, 2421 3068.838322296059 13383.006847596893 2734.248633301977    2    0
         0, 2420  -0.707106781187  -0.707106781187  -0.000000000000
                   0.577350269190  -0.577350269190   0.577350269190
         0, 2422   0.707106781187   0.707106781187   0.000000000000
                   0.577350269190  -0.577350269190   0.577350269190
0, 2422 2666.600270394519 12962.935434793180 2716.415272399806    2    0
         0, 2421  -0.707106781187  -0.707106781187  -0.000000000000
                   0.577350269190  -0.577350269190   0.577350269190
         0, 2423   0.707106781187   0.707106781187   0.000000000000
                   0.577350269190  -0.577350269190   0.577350269190
0, 2423 2264.362218492978 12542.864021989470 2698.581911497635    2    0
         0, 2422  -0.707106781187  -0.707106781187  -0.000000000000
                   0.577350269190  -0.577350269190   0.577350269190
         0, 2424   0.707106781187   0.707106781187   0.000000000000
                   0.577350269190  -0.577350269190   0.577350269190
0, 2424 1862.124166591438 12122.792609185757 2680.748550595464    1    7
         0, 2423  -0.707106781187  -0.707106781187  -0.000000000000
                   0.577350269190  -0.577350269190   0.577350269190
0, 2425 5834.996393064748 6009.618930875456 11732.126285410981    1    7
         0, 2426  -0.000000000000  -0.707106781187   0.707106781187
                   0.577350269190   0.577350269190   0.577350269190
0, 2426 5984.665143438277 5570.325278509343 12021.751187403566    2    0
         0, 2425   0.000000000000   0.707106781187  -0.707106781187
                   0.577350269190   0.577350269190   0.577350269190
         0, 2427  -0.000000000000  -0.707106781187   0.707106781187
                   0.577350269190   0.577350269190   0.577350269190
0, 2427 6134.333893811804 5131.031626143230 12311.376089396150    2    0
         0, 2426   0.000000000000   0.707106781187  -0.707106781187
                   0.577350269190   0.577350269190   0.577350269190
         0, 2428  -0.000000000000  -0.707106781187   0.707106781187
                   0.577350269190   0.577350269190   0.577350269190
0, 2428 6284.002644185332 4691.737973777117 12601.000991388735    2    0
         0, 2427   0.000000000000   0.707106781187  -0.707106781187
                   0.577350269190   0.577350269190   0.577350269190
         0, 2429  -0.000000000000  -0.707106781187   0.707106781187
                   0.577350269190   0.577350269190   0.577350269190
0, 2429 6433.671394558860 4252.444321411004 12890.625893381321    1    7
         0, 2428   0.000000000000   0.707106781187  -0.707106781187
                   0.577350269190   0.577350269190   0.577350269190
0, 2430 17166.876972673817 16322.757251351535 8015.913897907295    1    7
         0, 2431   0.000000000000   0.707106781187  -0.707106781187
                  -0.577350269190   0.577350269190   0.577350269190
0, 2431 17011.737916291047 16602.081923049835 7581.450169826225    2    0
         0, 2430  -0.000000000000  -0.707106781187   0.707106781187
                  -0.577350269190   0.577350269190   0.577350269190
         0, 2432   0.000000000000   0.707106781187  -0.707106781187
                  -0.577350269190   0.577350269190   0.577350269190
0, 2432 16856.598859908278 16881.406594748136 7146.986441745154    2    0
         0, 2431  -0.000000000000  -0.707106781187   0.707106781187
                  -0.577350269190   0.577350269190   0.577350269190
         0, 2433   0.000000000000   0.707106781187  -0.707106781187
                  -0.577350269190   0.577350269190   0.577350269190
0, 2433 16701.459803525508 17160.731266446433 6712.522713664084    2    0
         0, 2432  -0.000000000000  -0.707106781187   0.707106781187
                  -0.577350269190   0.577350269190   0.577350269190
         0, 2434   0.000000000000   0.707106781187  -0.707106781187
                  -0.577350269190   0.577350269190   0.577350269190
0, 2434 16546.320747142738 17440.055938144735 6278.058985583013    1    7
         0, 2433  -0.000000000000  -0.707106781187   0.707106781187
                  -0.577350269190   0.577350269190   0.577350269190
0, 2435 16060.356843160880 17856.447664060808 16683.234869181073    1    7
         0, 2436  -0.707106781187  -0.707106781187  -0.000000000000
                   0.577350269190  -0.577350269190   0.577350269190
0, 2436 16509.900481948280 18046.752613966026 16423.996180298895    2    0
         0, 2435   0.707106781187   0.707106781187   0.000000000000
                   0.577350269190  -0.577350269190   0.577350269190
         0, 2437  -0.707106781187  -0.707106781187  -0.000000000000
                   0.577350269190  -0.577350269190   0.577350269190
0, 2437 16959.444120735676 18237.057563871243 16164.757491416713    2    0
         0, 2436   0.707106781187   0.707106781187   0.000000000000
                   0.577350269190  -0.577350269190   0.577350269190
         0, 2438  -0.707106781187  -0.707106781187  -0.000000000000
                   0.577350269190  -0.577350269190   0.577350269190
0, 2438 17408.987759523076 18427.362513776461 15905.518802534532    2    0
         0, 2437   0.707106781187   0.707106781187   0.000000000000
                   0.577350269190  -0.577350269190   0.577350269190
         0, 2439  -0.707106781187  -0.707106781187  -0.000000000000
                   0.577350269190  -0.577350269190   0.577350269190
0, 2439 17858.531398310472 18617.667463681679 15646.280113652352    1    7
         0, 2438   0.707106781187   0.707106781187   0.000000000000
                   0.577350269190  -0.577350269190   0.577350269190
0, 2440 11724.256361027921 7654.181382480220 6291.421817980473    1    7
         0, 2441   0.707106781187   0.707106781187   0.000000000000
                  -0.577350269190   0.577350269190   0.577350269190
0, 2441 11472.976285137665 7262.331572235575 6431.991552334863    2    0
         0, 2440  -0.707106781187  -0.707106781187  -0.000000000000
                  -0.577350269190   0.577350269190   0.577350269190
         0, 2442   0.707106781187   0.707106781187   0.000000000000
                  -0.577350269190   0.577350269190   0.577350269190
0, 2442 11221.696209247410 6870.481761990929 6572.561286689252    2    0
         0, 2441  -0.707106781187  -0.707106781187  -0.000000000000
                  -0.577350269190   0.577350269190   0.577350269190
         0, 2443   0.707106781187   0.707106781187   0.000000000000
                  -0.577350269190   0.577350269190   0.577350269190
0, 2443 10970.416133357152 6478.631951746283 6713.131021043641    2    0
         0, 2442  -0.707106781187  -0.707106781187  -0.000000000000
                  -0.577350269190   0.577350269190   0.577350269190
         0, 2444   0.707106781187   0.707106781187   0.000000000000
                  -0.577350269190   0.577350269190   0.577350269190
0, 2444 10719.136057466896 6086.782141501638 6853.700755398030    1    7
         0, 2443  -0.707106781187  -0.707106781187  -0.000000000000
                  -0.577350269190   0.577350269190   0.577350269190
0, 2445 4809.232658239434 3572.331595306985 779.475675662825    1    7
         0, 2446  -0.707106781187  -0.000000000000  -0.707106781187
                  -0.577350269190   0.577350269190   0.577350269190
0, 2446 5275.696701763119 3838.394026968402 979.877287525093    2    0
         0, 2445   0.707106781187   0.000000000000   0.707106781187
                  -0.577350269190   0.577350269190   0.577350269190
         0, 2447  -0.707106781187  -0.000000000000  -0.707106781187
                  -0.577350269190   0.577350269190   0.577350269190
0, 2447 5742.160745286803 4104.456458629818 1180.278899387361    2    0
         0, 2446   0.707106781187   0.000000000000   0.707106781187
                  -0.577350269190   0.577350269190   0.577350269190
         0, 2448  -0.707106781187  -0.000000000000  -0.707106781187
                  -0.577350269190   0.577350269190   0.577350269190
0, 2448 6208.624788810487 4370.518890291235 1380.680511249628    2    0
         0, 2447   0.707106781187   0.000000000000   0.707106781187
                  -0.577350269190   0.577350269190   0.577350269190
         0, 2449  -0.707106781187  -0.000000000000  -0.707106781187
                  -0.577350269190   0.577350269190   0.577350269190
0, 2449 6675.088832334171 4636.581321952652 1581.082123111896    1    7
         0, 2448   0.707106781187   0.000000000000   0.707106781187
                  -0.577350269190   0.577350269190   0.577350269190
0, 2450 7404.123907682069 14075.223282001845 15288.641374795290    1    7
         0, 2451  -0.000000000000  -0.707106781187  -0.707106781187
                   0.577350269190  -0.577350269190   0.577350269190
0, 2451 7161.534733569408 13733.092032195607 15189.099299101714    2    0
         0, 2450   0.000000000000   0.707106781187   0.707106781187
                   0.577350269190  -0.577350269190   0.577350269190
         0, 2452  -0.000000000000  -0.707106781187  -0.707106781187
                   0.577350269190  -0.577350269190   0.577350269190
0, 2452 6918.945559456745 13390.960782389368 15089.557223408137    2    0
         0, 2451   0.000000000000   0.707106781187   0.707106781187
                   0.577350269190  -0.577350269190   0.577350269190
         0, 2453  -0.000000000000  -0.707106781187  -0.707106781187
                   0.577350269190  -0.577350269190   0.577350269190
0, 2453 6676.356385344084 13048.829532583130 14990.015147714559    2    0
         0, 2452   0.000000000000   0.707106781187   0.707106781187
                   0.577350269190  -0.577350269190   0.577350269190
         0, 2454  -0.000000000000  -0.707106781187  -0.707106781187
                   0.577350269190  -0.577350269190   0.577350269190
0, 2454 6433.767211231421 12706.698282776890 14890.473072020983    1    7
         0, 2453   0.000000000000   0.707106781187   0.707106781187
                   0.577350269190  -0.577350269190   0.577350269190
0, 2455 12773.968566025562 11884.618832631973  19.798120847640    1    7
         0, 2456  -0.000000000000  -0.707106781187  -0.707106781187
                   0.577350269190   0.577350269190  -0.577350269190
0, 2456 13178.373174219721 11513.181703929311  52.765600339138    2    0
         0, 2455   0.000000000000   0.707106781187   0.707106781187
                   0.577350269190   0.577350269190  -0.577350269190
         0, 2457  -0.000000000000  -0.707106781187  -0.707106781187
                   0.577350269190   0.577350269190  -0.577350269190
0, 2457 13582.777782413881 11141.744575226650  85.733079830636    2    0
         0, 2456   0.000000000000   0.707106781187   0.707106781187
                   0.577350269190   0.577350269190  -0.577350269190
         0, 2458  -0.000000000000  -0.707106781187  -0.707106781187
                   0.577350269190   0.577350269190  -0.577350269190
0, 2458 13987.182390608041 10770.307446523988 118.700559322134    2    0
         0, 2457   0.000000000000   0.707106781187   0.707106781187
                   0.577350269190   0.577350269190  -0.577350269190
         0, 2459  -0.000000000000  -0.707106781187  -0.707106781187
                   0.577350269190   0.577350269190  -0.577350269190
0, 2459 14391.586998802200 10398.870317821327 151.668038813632    1    7
         0, 2458   0.000000000000   0.707106781187   0.707106781187
                   0.577350269190   0.577350269190  -0.577350269190
0, 2460 16031.912593041041 17523.360330469364 18127.856887852129    1    7
         0, 2461  -0.707106781187   0.707106781187  -0.000000000000
                   0.577350269190   0.577350269190  -0.577350269190
0, 2461 15660.557296163672 17870.869818284384 18104.011078789779    2    0
         0, 2460   0.707106781187  -0.707106781187   0.000000000000
                   0.577350269190   0.577350269190  -0.577350269190
         0, 2462  -0.707106781187   0.707106781187  -0.000000000000
                   0.577350269190   0.577350269190  -0.577350269190
0, 2462 15289.201999286302 18218.379306099399 18080.165269727426    2    0
         0, 2461   0.707106781187  -0.707106781187   0.000000000000
                   0.577350269190   0.577350269190  -0.577350269190
         0, 2463  -0.707106781187   0.707106781187  -0.000000000000
                   0.577350269190   0.577350269190  -0.577350269190
0, 2463 14917.846702408933 18565.888793914419 18056.319460665076    2    0
         0, 2462   0.707106781187  -0.707106781187   0.000000000000
                   0.577350269190   0.577350269190  -0.577350269190
         0, 2464  -0.707106781187   0.707106781187  -0.000000000000
                   0.577350269190   0.577350269190  -0.577350269190
0, 2464 14546.491405531564 18913.398281729435 18032.473651602722    1    7
         0, 2463   0.707106781187  -0.707106781187   0.000000000000
                   0.577350269190   0.577350269190  -0.577350269190
0, 2465 9827.957026227297 14345.969874314515 641.388739020267    1    7
         0, 2466  -0.707106781187  -0.000000000000   0.707106781187
                   0.577350269190   0.577350269190   0.577350269190
0, 2466 9477.770464097786 14823.646037925106 513.899137539186    2    0
         0, 2465   0.707106781187   0.000000000000  -0.707106781187
                   0.577350269190   0.577350269190   0.577350269190
         0, 2467  -0.707106781187  -0.000000000000   0.707106781187
                   0.577350269190   0.577350269190   0.577350269190
0, 2467 9127.583901968277 15301.322201535699 386.409536058104    2    0
         0, 2466   0.707106781187   0.000000000000  -0.707106781187
                   0.577350269190   0.577350269190   0.577350269190
         0, 2468  -0.707106781187  -0.000000000000   0.707106781187
                   0.577350269190   0.577350269190   0.577350269190
0, 2468 8777.397339838766 15778.998365146290 258.919934577022    2    0
         0, 2467   0.707106781187   0.000000000000  -0.707106781187
                   0.577350269190   0.577350269190   0.577350269190
         0, 2469  -0.707106781187  -0.000000000000   0.707106781187
                   0.577350269190   0.577350269190   0.577350269190
0, 2469 8427.210777709255 16256.674528756883 131.430333095941    1    7
         0, 2468   0.707106781187   0.000000000000  -0.707106781187
                   0.577350269190   0.577350269190   0.577350269190
0, 2470 14294.877521173385 12840.337982082865 5744.318995434352    1    7
         0, 2471  -0.000000000000  -0.707106781187  -0.707106781187
                   0.577350269190   0.577350269190  -0.577350269190
0, 2471 14808.494163750644 12579.829896664560 5997.427552593307    2    0
         0, 2470   0.000000000000   0.707106781187   0.707106781187
                   0.577350269190   0.577350269190  -0.577350269190
         0, 2472  -0.000000000000  -0.707106781187  -0.707106781187
                   0.577350269190   0.577350269190  -0.577350269190
0, 2472 15322.110806327903 12319.321811246256 6250.536109752262    2    0
         0, 2471   0.000000000000   0.707106781187   0.707106781187
                   0.577350269190   0.577350269190  -0.577350269190
         0, 2473  -0.000000000000  -0.707106781187  -0.707106781187
                   0.577350269190   0.577350269190  -0.577350269190
0, 2473 15835.727448905163 12058.813725827951 6503.644666911217    2    0
         0, 2472   0.000000000000   0.707106781187   0.707106781187
                   0.577350269190   0.577350269190  -0.577350269190
         0, 2474  -0.000000000000  -0.707106781187  -0.707106781187
                   0.577350269190   0.577350269190  -0.577350269190
0, 2474 16349.344091482422 11798.305640409646 6756.753224070171    1    7
         0, 2473   0.000000000000   0.707106781187   0.707106781187
                   0.577350269190   0.577350269190  -0.577350269190
0, 2475 9612.253229792483 8840.619681515462 10480.469738455115    1    7
         0, 2476  -0.707106781187  -0.000000000000   0.707106781187
                   0.577350269190   0.577350269190   0.577350269190
0, 2476 9258.852385003991 8917.670200156643 10756.820064602423    2    0
         0, 2475   0.707106781187   0.000000000000  -0.707106781187
                   0.577350269190   0.577350269190   0.577350269190
         0, 2477  -0.707106781187  -0.000000000000   0.707106781187
                   0.577350269190   0.577350269190   0.577350269190
0, 2477 8905.451540215501 8994.720718797826 11033.170390749734    2    0
         0, 2476   0.707106781187   0.000000000000  -0.707106781187
                   0.577350269190   0.577350269190   0.577350269190
         0, 2478  -0.707106781187  -0.000000000000   0.707106781187
                   0.577350269190   0.577350269190   0.577350269190
0, 2478 8552.050695427009 9071.771237439007 11309.520716897043    2    0
         0, 2477   0.707106781187   0.000000000000  -0.707106781187
                   0.577350269190   0.577350269190   0.577350269190
         0, 2479  -0.707106781187  -0.000000000000   0.707106781187
                   0.577350269190   0.577350269190   0.577350269190
0, 2479 8198.649850638520 9148.821756080188 11585.871043044352    1    7
         0, 2478   0.707106781187   0.000000000000  -0.707106781187
                   0.577350269190   0.577350269190   0.577350269190
0, 2480 8079.437633626684 16961.403068925156 18316.711521127039    1    7
         0, 2481  -0.707106781187   0.707106781187  -0.000000000000
                   0.577350269190   0.577350269190  -0.577350269190
0, 2481 8427.544986616247 16441.015117368639 18144.430922560085    2    0
         0, 2480   0.707106781187  -0.707106781187   0.000000000000
                   0.577350269190   0.577350269190  -0.577350269190
         0, 2482  -0.707106781187   0.707106781187  -0.000000000000
                   0.577350269190   0.577350269190  -0.577350269190
0, 2482 8775.652339605809 15920.627165812122 17972.150323993130    2    0
         0, 2481   0.707106781187  -0.707106781187   0.000000000000
                   0.577350269190   0.577350269190  -0.577350269190
         0, 2483  -0.707106781187   0.707106781187  -0.000000000000
                   0.577350269190   0.577350269190  -0.577350269190
0, 2483 9123.759692595371 15400.239214255605 17799.869725426175    2    0
         0, 2482   0.707106781187  -0.707106781187   0.000000000000
                   0.577350269190   0.577350269190  -0.577350269190
         0, 2484  -0.707106781187   0.707106781187  -0.000000000000
                   0.577350269190   0.577350269190  -0.577350269190
0, 2484 9471.867045584933 14879.851262699089 17627.589126859220    1    7
         0, 2483   0.707106781187  -0.707106781187   0.000000000000
                   0.577350269190   0.577350269190  -0.577350269190
0, 2485 10162.205160848851 14423.692416391106 15255.916101971650    1    7
         0, 2486  -0.707106781187   0.707106781187  -0.000000000000
                   0.577350269190   0.577350269190   0.577350269190
0, 2486 10669.618651138859 14117.171303182404 15055.023724890345    2    0
         0, 2485   0.707106781187  -0.707106781187   0.000000000000
                   0.577350269190   0.577350269190   0.577350269190
         0, 2487  -0.707106781187   0.707106781187  -0.000000000000
                   0.577350269190   0.577350269190   0.577350269190
0, 2487 11177.032141428866 13810.650189973701 14854.131347809040    2    0
         0, 2486   0.707106781187  -0.707106781187   0.000000000000
                   0.577350269190   0.577350269190   0.577350269190
         0, 2488  -0.707106781187   0.707106781187  -0.000000000000
                   0.577350269190   0.577350269190   0.577350269190
0, 2488 11684.445631718874 13504.129076764999 14653.238970727734    2    0
         0, 2487   0.707106781187  -0.707106781187   0.000000000000
                   0.577350269190   0.577350269190   0.577350269190
         0, 2489  -0.707106781187   0.707106781187  -0.000000000000
                   0.577350269190   0.577350269190   0.577350269190
0, 2489 12191.859122008882 13197.607963556296 14452.346593646429    1    7
         0, 2488   0.707106781187  -0.707106781187   0.000000000000
                   0.577350269190   0.577350269190   0.577350269190
0, 2490 3999.000671115371 9588.881435135969 12534.729245085196    1    7
         0, 2491  -0.707106781187   0.707106781187  -0.000000000000
                   0.577350269190   0.577350269190   0.577350269190
0, 2491 4227.456106612473 9798.883928190558 12096.271316533504    2    0
         0, 2490   0.707106781187  -0.707106781187   0.000000000000
                   0.577350269190   0.577350269190   0.577350269190
         0, 2492  -0.707106781187   0.707106781187  -0.000000000000
                   0.577350269190   0.577350269190   0.577350269190
0, 2492 4455.911542109576 10008.886421245148 11657.813387981812    2    0
         0, 2491   0.707106781187  -0.707106781187   0.000000000000
                   0.577350269190   0.577350269190   0.577350269190
         0, 2493  -0.707106781187   0.707106781187  -0.000000000000
                   0.577350269190   0.577350269190   0.577350269190
0, 2493 4684.366977606678 10218.888914299738 11219.355459430122    2    0
         0, 2492   0.707106781187  -0.707106781187   0.000000000000
                   0.577350269190   0.577350269190   0.577350269190
         0, 2494  -0.707106781187   0.707106781187  -0.000000000000
                   0.577350269190   0.577350269190   0.577350269190
0, 2494 4912.822413103780 10428.891407354327 10780.897530878430    1    7
         0, 2493   0.707106781187  -0.707106781187   0.000000000000
                   0.577350269190   0.577350269190   0.577350269190
0, 2495 12087.154792951364 3879.239835355868 16712.795711528444    1    7
         0, 2496   0.707106781187   0.000000000000  -0.707106781187
                   0.577350269190  -0.577350269190   0.577350269190
0, 2496 12153.682172665269 3510.025671277963 16277.054167736633    2    0
         0, 2495  -0.707106781187  -0.000000000000   0.707106781187
                   0.577350269190  -0.577350269190   0.577350269190
         0, 2497   0.707106781187   0.000000000000  -0.707106781187
                   0.577350269190  -0.577350269190   0.577350269190
0, 2497 12220.209552379174 3140.811507200057 15841.312623944823    2    0
         0, 2496  -0.707106781187  -0.000000000000   0.707106781187
                   0.577350269190  -0.577350269190   0.577350269190
         0, 2498   0.707106781187   0.000000000000  -0.707106781187
                   0.577350269190  -0.577350269190   0.577350269190
0, 2498 12286.736932093079 2771.597343122152 15405.571080153011    2    0
         0, 2497  -0.707106781187  -0.000000000000   0.707106781187
                   0.577350269190  -0.577350269190   0.577350269190
         0, 2499   0.707106781187   0.000000000000  -0.707106781187
                   0.577350269190  -0.577350269190   0.577350269190
0, 2499 12353.264311806985 2402.383179044246 14969.829536361201    1    7
         0, 2498  -0.707106781187  -0.000000000000   0.707106781187
                   0.577350269190  -0.577350269190   0.577350269190
0, 2500 7557.608275629028 17367.343950447514 8036.541472756636    1    7
         0, 2501   0.707106781187   0.000000000000  -0.707106781187
                   0.577350269190   0.577350269190   0.577350269190
0, 2501 7758.307400463503 16999.225184182920 8203.961114186755    2    0
         0, 2500  -0.707106781187  -0.000000000000   0.707106781187
                   0.577350269190   0.577350269190   0.577350269190
         0, 2502   0.707106781187   0.000000000000  -0.707106781187
                   0.577350269190   0.577350269190   0.577350269190
0, 2502 7959.006525297978 16631.106417918323 8371.380755616876    2    0
         0, 2501  -0.707106781187  -0.000000000000   0.707106781187
                   0.577350269190   0.577350269190   0.577350269190
         0, 2503   0.707106781187   0.000000000000  -0.707106781187
                   0.577350269190   0.577350269190   0.577350269190
0, 2503 8159.705650132453 16262.987651653728 8538.800397046996    2    0
         0, 2502  -0.707106781187  -0.000000000000   0.707106781187
                   0.577350269190   0.577350269190   0.577350269190
         0, 2504   0.707106781187   0.000000000000  -0.707106781187
                   0.577350269190   0.577350269190   0.577350269190
0, 2504 8360.404774966928 15894.868885389133 8706.220038477117    1    7
         0, 2503  -0.707106781187  -0.000000000000   0.707106781187
                   0.577350269190   0.577350269190   0.577350269190
0, 2505 12943.121797327411 14995.439776363040 12273.907201455015    1    7
         0, 2506  -0.000000000000  -0.707106781187  -0.707106781187
                   0.577350269190  -0.577350269190   0.577350269190
0, 2506 12945.501154372099 14486.044987711284 11762.133055758570    2    0
         0, 2505   0.000000000000   0.707106781187   0.707106781187
                   0.577350269190  -0.577350269190   0.577350269190
         0, 2507  -0.000000000000  -0.707106781187  -0.707106781187
                   0.577350269190  -0.577350269190   0.577350269190
0, 2507 12947.880511416788 13976.650199059530 11250.358910062125    2    0
         0, 2506   0.000000000000   0.707106781187   0.707106781187
                   0.577350269190  -0.577350269190   0.577350269190
         0, 2508  -0.000000000000  -0.707106781187  -0.707106781187
                   0.577350269190  -0.577350269190   0.577350269190
0, 2508 12950.259868461477 13467.255410407774 10738.584764365682    2    0
         0, 2507   0.000000000000   0.707106781187   0.707106781187
                   0.577350269190  -0.577350269190   0.577350269190
         0, 2509  -0.000000000000  -0.707106781187  -0.707106781187
                   0.577350269190  -0.577350269190   0.577350269190
0, 2509 12952.639225506167 12957.860621756019 10226.810618669237    1    7
         0, 2508   0.000000000000   0.707106781187   0.707106781187
                   0.577350269190  -0.577350269190   0.577350269190
0, 2510 5069.662730890938 19266.186540927327 13027.250067374329    1    7
         0, 2511  -0.000000000000  -0.707106781187  -0.707106781187
                   0.577350269190   0.577350269190  -0.577350269190
0, 2511 5531.907721705015 19219.238073177883 13442.546590438962    2    0
         0, 2510   0.000000000000   0.707106781187   0.707106781187
                   0.577350269190   0.577350269190  -0.577350269190
         0, 2512  -0.000000000000  -0.707106781187  -0.707106781187
                   0.577350269190   0.577350269190  -0.577350269190
0, 2512 5994.152712519092 19172.289605428439 13857.843113503597    2    0
         0, 2511   0.000000000000   0.707106781187   0.707106781187
                   0.577350269190   0.577350269190  -0.577350269190
         0, 2513  -0.000000000000  -0.707106781187  -0.707106781187
                   0.577350269190   0.577350269190  -0.577350269190
0, 2513 6456.397703333168 19125.341137678999 14273.139636568230    2    0
         0, 2512   0.000000000000   0.707106781187   0.707106781187
                   0.577350269190   0.577350269190  -0.577350269190
         0, 2514  -0.000000000000  -0.707106781187  -0.707106781187
                   0.577350269190   0.577350269190  -0.577350269190
0, 2514 6918.642694147245 19078.392669929555 14688.436159632864    1    7
         0, 2513   0.000000000000   0.707106781187   0.707106781187
                   0.577350269190   0.577350269190  -0.577350269190
0, 2515 18531.447370041180 14253.676638100447 12327.703080191965    1    7
         0, 2516  -0.707106781187   0.707106781187  -0.000000000000
                   0.577350269190   0.577350269190   0.577350269190
0, 2516 18286.520028785882 14556.317970692955 12269.989088854754    2    0
         0, 2515   0.707106781187  -0.707106781187   0.000000000000
                   0.577350269190   0.577350269190   0.577350269190
         0, 2517  -0.707106781187   0.707106781187  -0.000000000000
                   0.577350269190   0.577350269190   0.577350269190
0, 2517 18041.592687530589 14858.959303285461 12212.275097517544    2    0
         0, 2516   0.707106781187  -0.707106781187   0.000000000000
                   0.577350269190   0.577350269190   0.577350269190
         0, 2518  -0.707106781187   0.707106781187  -0.000000000000
                   0.577350269190   0.577350269190   0.577350269190
0, 2518 17796.665346275291 15161.600635877967 12154.561106180332    2    0
         0, 2517   0.707106781187  -0.707106781187   0.000000000000
                   0.577350269190   0.577350269190   0.577350269190
         0, 2519  -0.707106781187   0.707106781187  -0.000000000000
                   0.577350269190   0.577350269190   0.577350269190
0, 2519 17551.738005019994 15464.241968470475 12096.847114843122    1    7
         0, 2518   0.707106781187  -0.707106781187   0.000000000000
                   0.577350269190   0.577350269190   0.577350269190
0, 2520 15712.454748018328 11430.083071263098 16945.766995795584    1    7
         0, 2521   0.707106781187   0.707106781187   0.000000000000
                  -0.577350269190   0.577350269190   0.577350269190
0, 2521 15346.497899047439 10923.394930954899 17086.498287132894    2    0
         0, 2520  -0.707106781187  -0.707106781187  -0.000000000000
                  -0.577350269190   0.577350269190   0.577350269190
         0, 2522   0.707106781187   0.707106781187   0.000000000000
                  -0.577350269190   0.577350269190   0.577350269190
0, 2522 14980.541050076550 10416.706790646700 17227.229578470204    2    0
         0, 2521  -0.707106781187  -0.707106781187  -0.000000000000
                  -0.577350269190   0.577350269190   0.577350269190
         0, 2523   0.707106781187   0.707106781187   0.000000000000
                  -0.577350269190   0.577350269190   0.577350269190
0, 2523 14614.584201105661 9910.018650338501 17367.960869807514    2    0
         0, 2522  -0.707106781187  -0.707106781187  -0.000000000000
                  -0.577350269190   0.577350269190   0.577350269190
         0, 2524   0.707106781187   0.707106781187   0.000000000000
                  -0.577350269190   0.577350269190   0.577350269190
0, 2524 14248.627352134770 9403.330510030302 17508.692161144823    1    7
         0, 2523  -0.707106781187  -0.707106781187  -0.000000000000
                  -0.577350269190   0.577350269190   0.577350269190
0, 2525 11433.265980919618 8344.420008794830 3783.529151950621    1    7
         0, 2526   0.707106781187  -0.707106781187   0.000000000000
                   0.577350269190   0.577350269190  -0.577350269190
0, 2526 10788.910622402274 8539.187025187670 3333.940809826117    2    0
         0, 2525  -0.707106781187   0.707106781187  -0.000000000000
                   0.577350269190   0.577350269190  -0.577350269190
         0, 2527   0.707106781187  -0.707106781187   0.000000000000
                   0.577350269190   0.577350269190  -0.577350269190
0, 2527 10144.555263884931 8733.954041580508 2884.352467701613    2    0
         0, 2526  -0.707106781187   0.707106781187  -0.000000000000
                   0.577350269190   0.577350269190  -0.577350269190
         0, 2528   0.707106781187  -0.707106781187   0.000000000000
                   0.577350269190   0.577350269190  -0.577350269190
0, 2528 9500.199905367588 8928.721057973347 2434.764125577109    2    0
         0, 2527  -0.707106781187   0.707106781187  -0.000000000000
                   0.577350269190   0.577350269190  -0.577350269190
         0, 2529   0.707106781187  -0.707106781187   0.000000000000
                   0.577350269190   0.577350269190  -0.577350269190
0, 2529 8855.844546850245 9123.488074366187 1985.175783452605    1    7
         0, 2528  -0.707106781187   0.707106781187  -0.000000000000
                   0.577350269190   0.577350269190  -0.577350269190
0, 2530 9751.135285582550 904.920724580179 305.506848272371    1    7
         0, 2531  -0.707106781187  -0.000000000000   0.707106781187
                   0.577350269190  -0.577350269190   0.577350269190
0, 2531 9739.235078989457 1281.755702336127 694.242032621411    2    0
         0, 2530   0.707106781187   0.000000000000  -0.707106781187
                   0.577350269190  -0.577350269190   0.577350269190
         0, 2532  -0.707106781187  -0.000000000000   0.707106781187
                   0.577350269190  -0.577350269190   0.577350269190
0, 2532 9727.334872396366 1658.590680092076 1082.977216970452    2    0
         0, 2531   0.707106781187   0.000000000000  -0.707106781187
                   0.577350269190  -0.577350269190   0.577350269190
         0, 2533  -0.707106781187  -0.000000000000   0.707106781187
                   0.577350269190  -0.577350269190   0.577350269190
0, 2533 9715.434665803274 2035.425657848025 1471.712401319493    2    0
         0, 2532   0.707106781187   0.000000000000  -0.707106781187
                   0.577350269190  -0.577350269190   0.577350269190
         0, 2534  -0.707106781187  -0.000000000000   0.707106781187
                   0.577350269190  -0.577350269190   0.577350269190
0, 2534 9703.534459210181 2412.260635603973 1860.447585668534    1    7
         0, 2533   0.707106781187   0.000000000000  -0.707106781187
                   0.577350269190  -0.577350269190   0.577350269190
0, 2535 14146.034739863726 16201.678400231824 5442.099421707927    1    7
         0, 2536   0.707106781187  -0.707106781187   0.000000000000
                   0.577350269190   0.577350269190  -0.577350269190
0, 2536 14150.686675579525 15919.125561102068 5164.198518293970    2    0
         0, 2535  -0.707106781187   0.707106781187  -0.000000000000
                   0.577350269190   0.577350269190  -0.577350269190
         0, 2537   0.707106781187  -0.707106781187   0.000000000000
                   0.577350269190   0.577350269190  -0.577350269190
0, 2537 14155.338611295325 15636.572721972312 4886.297614880013    2    0
         0, 2536  -0.707106781187   0.707106781187  -0.000000000000
                   0.577350269190   0.577350269190  -0.577350269190
         0, 2538   0.707106781187  -0.707106781187   0.000000000000
                   0.577350269190   0.577350269190  -0.577350269190
0, 2538 14159.990547011123 15354.019882842555 4608.396711466055    2    0
         0, 2537  -0.707106781187   0.707106781187  -0.000000000000
                   0.577350269190   0.577350269190  -0.577350269190
         0, 2539   0.707106781187  -0.707106781187   0.000000000000
                   0.577350269190   0.577350269190  -0.577350269190
0, 2539 14164.642482726922 15071.467043712799 4330.495808052099    1    7
         0, 2538  -0.707106781187   0.707106781187  -0.000000000000
                   0.577350269190   0.577350269190  -0.577350269190
0, 2540 5702.059862706944 17740.053825568695 10153.903106255617    1    7
         0, 2541   0.000000000000   0.707106781187   0.707106781187
                   0.577350269190   0.577350269190  -0.577350269190
0, 2541 6026.499777038433 17770.219722865051 10508.508917883462    2    0
         0, 2540  -0.000000000000  -0.707106781187  -0.707106781187
                   0.577350269190   0.577350269190  -0.577350269190
         0, 2542   0.000000000000   0.707106781187   0.707106781187
                   0.577350269190   0.577350269190  -0.577350269190
0, 2542 6350.939691369923 17800.385620161407 10863.114729511308    2    0
         0, 2541  -0.000000000000  -0.707106781187  -0.707106781187
                   0.577350269190   0.577350269190  -0.577350269190
         0, 2543   0.000000000000   0.707106781187   0.707106781187
                   0.577350269190   0.577350269190  -0.577350269190
0, 2543 6675.379605701412 17830.551517457763 11217.720541139153    2    0
         0, 2542  -0.000000000000  -0.707106781187  -0.707106781187
                   0.577350269190   0.577350269190  -0.577350269190
         0, 2544   0.000000000000   0.707106781187   0.707106781187
                   0.577350269190   0.577350269190  -0.577350269190
0, 2544 6999.819520032903 17860.717414754119 11572.326352766999    1    7
         0, 2543  -0.000000000000  -0.707106781187  -0.707106781187
                   0.577350269190   0.577350269190  -0.577350269190
0, 2545 7092.683034661214 10098.788878699408 10632.392540298173    1    7
         0, 2546   0.707106781187  -0.707106781187   0.000000000000
                   0.577350269190   0.577350269190  -0.577350269190
0, 2546 6918.912470903502 9795.452132053224 10155.285229894276    2    0
         0, 2545  -0.707106781187   0.707106781187  -0.000000000000
                   0.577350269190   0.577350269190  -0.577350269190
         0, 2547   0.707106781187  -0.707106781187   0.000000000000
                   0.577350269190   0.577350269190  -0.577350269190
0, 2547 6745.141907145789 9492.115385407040 9678.177919490379    2    0
         0, 2546  -0.707106781187   0.707106781187  -0.000000000000
                   0.577350269190   0.577350269190  -0.577350269190
         0, 2548   0.707106781187  -0.707106781187   0.000000000000
                   0.577350269190   0.577350269190  -0.577350269190
0, 2548 6571.371343388077 9188.778638760856 9201.070609086482    2    0
         0, 2547  -0.707106781187   0.707106781187  -0.000000000000
                   0.577350269190   0.577350269190  -0.577350269190
         0, 2549   0.707106781187  -0.707106781187   0.000000000000
                   0.577350269190   0.577350269190  -0.577350269190
0, 2549 6397.600779630365 8885.441892114672 8723.963298682585    1    7
         0, 2548  -0.707106781187   0.707106781187  -0.000000000000
                   0.577350269190   0.577350269190  -0.577350269190
0, 2550 17606.290123938619 9884.330107844062 6811.572565036820    1    7
         0, 2551   0.000000000000   0.707106781187   0.707106781187
                   0.577350269190   0.577350269190  -0.577350269190
0, 2551 17123.453374060871 10437.511224964735 6881.916932279743    2    0
         0, 2550  -0.000000000000  -0.707106781187  -0.707106781187
                   0.577350269190   0.577350269190  -0.577350269190
         0, 2552   0.000000000000   0.707106781187   0.707106781187
                   0.577350269190   0.577350269190  -0.577350269190
0, 2552 16640.616624183120 10990.692342085407 6952.261299522666    2    0
         0, 2551  -0.000000000000  -0.707106781187  -0.707106781187
                   0.577350269190   0.577350269190  -0.577350269190
         0, 2553   0.000000000000   0.707106781187   0.707106781187
                   0.577350269190   0.577350269190  -0.577350269190
0, 2553 16157.779874305370 11543.873459206079 7022.605666765589    2    0
         0, 2552  -0.000000000000  -0.707106781187  -0.707106781187
                   0.577350269190   0.577350269190  -0.577350269190
         0, 2554   0.000000000000   0.707106781187   0.707106781187
                   0.577350269190   0.577350269190  -0.577350269190
0, 2554 15674.943124427620 12097.054576326753 7092.950034008513    1    7
         0, 2553  -0.000000000000  -0.707106781187  -0.707106781187
                   0.577350269190   0.577350269190  -0.577350269190
0, 2555 16137.063189894363 10866.283465340282 17421.107967111802    1    7
         0, 2556  -0.707106781187  -0.000000000000  -0.707106781187
                  -0.577350269190   0.577350269190   0.577350269190
0, 2556 16024.155962664039 10437.420541022177 17737.063664199584    2    0
         0, 2555   0.707106781187   0.000000000000   0.707106781187
                  -0.577350269190   0.577350269190   0.577350269190
         0, 2557  -0.707106781187  -0.000000000000  -0.707106781187
                  -0.577350269190   0.577350269190   0.577350269190
0, 2557 15911.248735433717 10008.557616704073 18053.019361287366    2    0
         0, 2556   0.707106781187   0.000000000000   0.707106781187
                  -0.577350269190   0.577350269190   0.577350269190
         0, 2558  -0.707106781187  -0.000000000000  -0.707106781187
                  -0.577350269190   0.577350269190   0.577350269190
0, 2558 15798.341508203393 9579.694692385967 18368.975058375148    2    0
         0, 2557   0.707106781187   0.000000000000   0.707106781187
                  -0.577350269190   0.577350269190   0.577350269190
         0, 2559  -0.707106781187  -0.000000000000  -0.707106781187
                  -0.577350269190   0.577350269190   0.577350269190
0, 2559 15685.434280973072 9150.831768067861 18684.930755462930    1    7
         0, 2558   0.707106781187   0.000000000000   0.707106781187
                  -0.577350269190   0.577350269190   0.577350269190
0, 2560 9485.765373352382 18330.367303896197 4109.980107200709    1    7
         0, 2561  -0.707106781187  -0.000000000000  -0.707106781187
                   0.577350269190   0.577350269190  -0.577350269190
0, 2561 9799.979020447361 17891.622990112282 3985.449440511773    2    0
         0, 2560   0.707106781187   0.000000000000   0.707106781187
                   0.577350269190   0.577350269190  -0.577350269190
         0, 2562  -0.707106781187  -0.000000000000  -0.707106781187
                   0.577350269190   0.577350269190  -0.577350269190
0, 2562 10114.192667542338 17452.878676328368 3860.918773822837    2    0
         0, 2561   0.707106781187   0.000000000000   0.707106781187
                   0.577350269190   0.577350269190  -0.577350269190
         0, 2563  -0.707106781187  -0.000000000000  -0.707106781187
                   0.577350269190   0.577350269190  -0.577350269190
0, 2563 10428.406314637317 17014.134362544453 3736.388107133901    2    0
         0, 2562   0.707106781187   0.000000000000   0.707106781187
                   0.577350269190   0.577350269190  -0.577350269190
         0, 2564  -0.707106781187  -0.000000000000  -0.707106781187
                   0.577350269190   0.577350269190  -0.577350269190
0, 2564 10742.619961732295 16575.390048760539 3611.857440444965    1    7
         0, 2563   0.707106781187   0.000000000000   0.707106781187
                   0.577350269190   0.577350269190  -0.577350269190
0, 2565 17533.381864096733 8686.825144849679 16860.057955594340    1    7
         0, 2566  -0.707106781187  -0.000000000000   0.707106781187
                   0.577350269190   0.577350269190   0.577350269190
0, 2566 17085.357447852788 9209.760999561622 16785.146517126344    2    0
         0, 2565   0.707106781187   0.000000000000  -0.707106781187
                   0.577350269190   0.577350269190   0.577350269190
         0, 2567  -0.707106781187  -0.000000000000   0.707106781187
                   0.577350269190   0.577350269190   0.577350269190
0, 2567 16637.333031608840 9732.696854273563 16710.235078658348    2    0
         0, 2566   0.707106781187   0.000000000000  -0.707106781187
                   0.577350269190   0.577350269190   0.577350269190
         0, 2568  -0.707106781187  -0.000000000000   0.707106781187
                   0.577350269190   0.577350269190   0.577350269190
0, 2568 16189.308615364895 10255.632708985506 16635.323640190352    2    0
         0, 2567   0.707106781187   0.000000000000  -0.707106781187
                   0.577350269190   0.577350269190   0.577350269190
         0, 2569  -0.707106781187  -0.000000000000   0.707106781187
                   0.577350269190   0.577350269190   0.577350269190
0, 2569 15741.284199120950 10778.568563697447 16560.412201722356    1    7
         0, 2568   0.707106781187   0.000000000000  -0.707106781187
                   0.577350269190   0.577350269190   0.577350269190
0, 2570 3563.414165062133 7543.361282458465 9573.206312873264    1    7
         0, 2571   0.707106781187   0.000000000000  -0.707106781187
                   0.577350269190  -0.577350269190   0.577350269190
0, 2571 3347.274907020710 7046.332648406144 9292.316936862366    2    0
         0, 2570  -0.707106781187  -0.000000000000   0.707106781187
                   0.577350269190  -0.577350269190   0.577350269190
         0, 2572   0.707106781187   0.000000000000  -0.707106781187
                   0.577350269190  -0.577350269190   0.577350269190
0, 2572 3131.135648979287 6549.304014353822 9011.427560851467    2    0
         0, 2571  -0.707106781187  -0.000000000000   0.707106781187
                   0.577350269190  -0.577350269190   0.577350269190
         0, 2573   0.707106781187   0.000000000000  -0.707106781187
                   0.577350269190  -0.577350269190   0.577350269190
0, 2573 2914.996390937863 6052.275380301500 8730.538184840570    2    0
         0, 2572  -0.707106781187  -0.000000000000   0.707106781187
                   0.577350269190  -0.577350269190   0.577350269190
         0, 2574   0.707106781187   0.000000000000  -0.707106781187
                   0.577350269190  -0.577350269190   0.577350269190
0, 2574 2698.857132896440 5555.246746249179 8449.648808829672    1    7
         0, 2573  -0.707106781187  -0.000000000000   0.707106781187
                   0.577350269190  -0.577350269190   0.577350269190
0, 2575 16783.772882968969 5002.386617166657 15262.053547158608    1    7
         0, 2576   0.707106781187  -0.707106781187   0.000000000000
                   0.577350269190   0.577350269190  -0.577350269190
0, 2576 16344.897883369358 5150.187567551689 14970.979497944028    2    0
         0, 2575  -0.707106781187   0.707106781187  -0.000000000000
                   0.577350269190   0.577350269190  -0.577350269190
         0, 2577   0.707106781187  -0.707106781187   0.000000000000
                   0.577350269190   0.577350269190  -0.577350269190
0, 2577 15906.022883769745 5297.988517936721 14679.905448729447    2    0
         0, 2576  -0.707106781187   0.707106781187  -0.000000000000
                   0.577350269190   0.577350269190  -0.577350269190
         0, 2578   0.707106781187  -0.707106781187   0.000000000000
                   0.577350269190   0.577350269190  -0.577350269190
0, 2578 15467.147884170134 5445.789468321753 14388.831399514867    2    0
         0, 2577  -0.707106781187   0.707106781187  -0.000000000000
                   0.577350269190   0.577350269190  -0.577350269190
         0, 2579   0.707106781187  -0.707106781187   0.000000000000
                   0.577350269190   0.577350269190  -0.577350269190
0, 2579 15028.272884570521 5593.590418706784 14097.757350300288    1    7
         0, 2578  -0.707106781187   0.707106781187  -0.000000000000
                   0.577350269190   0.577350269190  -0.577350269190
0, 2580 16380.475759223771 7527.110987665929 14770.814019292504    1    7
         0, 2581   0.000000000000   0.707106781187   0.707106781187
                   0.577350269190   0.577350269190  -0.577350269190
0, 2581 15807.822131499996 7862.641935947428 14533.691339850227    2    0
         0, 2580  -0.000000000000  -0.707106781187  -0.707106781187
                   0.577350269190   0.577350269190  -0.577350269190
         0, 2582   0.000000000000   0.707106781187   0.707106781187
                   0.577350269190   0.577350269190  -0.577350269190
0, 2582 15235.168503776220 8198.172884228929 14296.568660407953    2    0
         0, 2581  -0.000000000000  -0.707106781187  -0.707106781187
                   0.577350269190   0.577350269190  -0.577350269190
         0, 2583   0.000000000000   0.707106781187   0.707106781187
                   0.577350269190   0.577350269190  -0.577350269190
0, 2583 14662.514876052444 8533.703832510428 14059.445980965676    2    0
         0, 2582  -0.000000000000  -0.707106781187  -0.707106781187
                   0.577350269190   0.577350269190  -0.577350269190
         0, 2584   0.000000000000   0.707106781187   0.707106781187
                   0.577350269190   0.577350269190  -0.577350269190
0, 2584 14089.861248328671 8869.234780791927 13822.323301523400    1    7
         0, 2583  -0.000000000000  -0.707106781187  -0.707106781187
                   0.577350269190   0.577350269190  -0.577350269190
0, 2585 8105.030904183966 10768.418832040357 14408.848141255019    1    7
         0, 2586   0.707106781187   0.000000000000   0.707106781187
                  -0.577350269190   0.577350269190   0.577350269190
0, 2586 7996.451618171084 10261.786764494667 14806.900922787827    2    0
         0, 2585  -0.707106781187  -0.000000000000  -0.707106781187
                  -0.577350269190   0.577350269190   0.577350269190
         0, 2587   0.707106781187   0.000000000000   0.707106781187
                  -0.577350269190   0.577350269190   0.577350269190
0, 2587 7887.872332158201 9755.154696948977 15204.953704320635    2    0
         0, 2586  -0.707106781187  -0.000000000000  -0.707106781187
                  -0.577350269190   0.577350269190   0.577350269190
         0, 2588   0.707106781187   0.000000000000   0.707106781187
                  -0.577350269190   0.577350269190   0.577350269190
0, 2588 7779.293046145319 9248.522629403287 15603.006485853442    2    0
         0, 2587  -0.707106781187  -0.000000000000  -0.707106781187
                  -0.577350269190   0.577350269190   0.577350269190
         0, 2589   0.707106781187   0.000000000000   0.707106781187
                  -0.577350269190   0.577350269190   0.577350269190
0, 2589 7670.713760132437 8741.890561857597 16001.059267386250    1    7
         0, 2588  -0.707106781187  -0.000000000000  -0.707106781187
                  -0.577350269190   0.577350269190   0.577350269190
0, 2590 7895.094832092074 15878.662604874015 1607.042023947276    1    7
         0, 2591  -0.000000000000  -0.707106781187   0.707106781187
                   0.577350269190   0.577350269190   0.577350269190
0, 2591 7408.688841855305 15973.541890348974 1998.568728709086    2    0
         0, 2590   0.000000000000   0.707106781187  -0.707106781187
                   0.577350269190   0.577350269190   0.577350269190
         0, 2592  -0.000000000000  -0.707106781187   0.707106781187
                   0.577350269190   0.577350269190   0.577350269190
0, 2592 6922.282851618536 16068.421175823931 2390.095433470897    2    0
         0, 2591   0.000000000000   0.707106781187  -0.707106781187
                   0.577350269190   0.577350269190   0.577350269190
         0, 2593  -0.000000000000  -0.707106781187   0.707106781187
                   0.577350269190   0.577350269190   0.577350269190
0, 2593 6435.876861381767 16163.300461298890 2781.622138232708    2    0
         0, 2592   0.000000000000   0.707106781187  -0.707106781187
                   0.577350269190   0.577350269190   0.577350269190
         0, 2594  -0.000000000000  -0.707106781187   0.707106781187
                   0.577350269190   0.577350269190   0.577350269190
0, 2594 5949.470871144998 16258.179746773847 3173.148842994518    1    7
         0, 2593   0.000000000000   0.707106781187  -0.707106781187
                   0.577350269190   0.577350269190   0.577350269190
0, 2595 16201.443382900623 16472.315905921292 19078.995071245266    1    7
         0, 2596   0.707106781187   0.707106781187   0.000000000000
                  -0.577350269190   0.577350269190   0.577350269190
0, 2596 16563.029642217098 16827.854547797393 19085.042688685640    2    0
         0, 2595  -0.707106781187  -0.707106781187  -0.000000000000
                  -0.577350269190   0.577350269190   0.577350269190
         0, 2597   0.707106781187   0.707106781187   0.000000000000
                  -0.577350269190   0.577350269190   0.577350269190
0, 2597 16924.615901533576 17183.393189673498 19091.090306126014    2    0
         0, 2596  -0.707106781187  -0.707106781187  -0.000000000000
                  -0.577350269190   0.577350269190   0.577350269190
         0, 2598   0.707106781187   0.707106781187   0.000000000000
                  -0.577350269190   0.577350269190   0.577350269190
0, 2598 17286.202160850051 17538.931831549598 19097.137923566388    2    0
         0, 2597  -0.707106781187  -0.707106781187  -0.000000000000
                  -0.577350269190   0.577350269190   0.577350269190
         0, 2599   0.707106781187   0.707106781187   0.000000000000
                  -0.577350269190   0.577350269190   0.577350269190
0, 2599 17647.788420166529 17894.470473425703 19103.185541006762    1    7
         0, 2598  -0.707106781187  -0.707106781187  -0.000000000000
                  -0.577350269190   0.577350269190   0.577350269190
0, 2600 2452.516852664680 10927.597012456425 4305.962069037289    1    7
         0, 2601  -0.707106781187  -0.000000000000   0.707106781187
                   0.577350269190   0.577350269190   0.577350269190
0, 2601 2757.125251941678 10494.972520913285 4433.978161303431    2    0
         0, 2600   0.707106781187   0.000000000000  -0.707106781187
                   0.577350269190   0.577350269190   0.577350269190
         0, 2602  -0.707106781187  -0.000000000000   0.707106781187
                   0.577350269190   0.577350269190   0.577350269190
0, 2602 3061.733651218676 10062.348029370143 4561.994253569574    2    0
         0, 2601   0.707106781187   0.000000000000  -0.707106781187
                   0.577350269190   0.577350269190   0.577350269190
         0, 2603  -0.707106781187  -0.000000000000   0.707106781187
                   0.577350269190   0.577350269190   0.577350269190
0, 2603 3366.342050495674 9629.723537827003 4690.010345835716    2    0
         0, 2602   0.707106781187   0.000000000000  -0.707106781187
                   0.577350269190   0.577350269190   0.577350269190
         0, 2604  -0.707106781187  -0.000000000000   0.707106781187
                   0.577350269190   0.577350269190   0.577350269190
0, 2604 3670.950449772672 9197.099046283864 4818.026438101859    1    7
         0, 2603   0.707106781187   0.000000000000  -0.707106781187
                   0.577350269190   0.577350269190   0.577350269190
0, 2605 2677.788734228859 4599.086816564716 3987.019710460968    1    7
         0, 2606   0.707106781187   0.707106781187   0.000000000000
                   0.577350269190  -0.577350269190   0.577350269190
0, 2606 3022.852053673317 4954.321921746656 3997.191496198449    2    0
         0, 2605  -0.707106781187  -0.707106781187  -0.000000000000
                   0.577350269190  -0.577350269190   0.577350269190
         0, 2607   0.707106781187   0.707106781187   0.000000000000
                   0.577350269190  -0.577350269190   0.577350269190
0, 2607 3367.915373117776 5309.557026928594 4007.363281935930    2    0
         0, 2606  -0.707106781187  -0.707106781187  -0.000000000000
                   0.577350269190  -0.577350269190   0.577350269190
         0, 2608   0.707106781187   0.707106781187   0.000000000000
                   0.577350269190  -0.577350269190   0.577350269190
0, 2608 3712.978692562234 5664.792132110534 4017.535067673411    2    0
         0, 2607  -0.707106781187  -0.707106781187  -0.000000000000
                   0.577350269190  -0.577350269190   0.577350269190
         0, 2609   0.707106781187   0.707106781187   0.000000000000
                   0.577350269190  -0.577350269190   0.577350269190
0, 2609 4058.042012006692 6020.027237292474 4027.706853410892    1    7
         0, 2608  -0.707106781187  -0.707106781187  -0.000000000000
                   0.577350269190  -0.577350269190   0.577350269190
0, 2610 8077.470784328740 12247.909008156770 16037.317408115136    1    7
         0, 2611   0.707106781187  -0.707106781187   0.000000000000
                   0.577350269190   0.577350269190   0.577350269190
0, 2611 7519.496812368131 12289.361908911027 16553.838479321486    2    0
         0, 2610  -0.707106781187   0.707106781187  -0.000000000000
                   0.577350269190   0.577350269190   0.577350269190
         0, 2612   0.707106781187  -0.707106781187   0.000000000000
                   0.577350269190   0.577350269190   0.577350269190
0, 2612 6961.522840407522 12330.814809665284 17070.359550527839    2    0
         0, 2611  -0.707106781187   0.707106781187  -0.000000000000
                   0.577350269190   0.577350269190   0.577350269190
         0, 2613   0.707106781187  -0.707106781187   0.000000000000
                   0.577350269190   0.577350269190   0.577350269190
0, 2613 6403.548868446913 12372.267710419541 17586.880621734192    2    0
         0, 2612  -0.707106781187   0.707106781187  -0.000000000000
                   0.577350269190   0.577350269190   0.577350269190
         0, 2614   0.707106781187  -0.707106781187   0.000000000000
                   0.577350269190   0.577350269190   0.577350269190
0, 2614 5845.574896486304 12413.720611173800 18103.401692940541    1    7
         0, 2613  -0.707106781187   0.707106781187  -0.000000000000
                   0.577350269190   0.577350269190   0.577350269190
0, 2615 6644.159820331837 2834.616117587586 6731.451557119944    1    7
         0, 2616  -0.707106781187  -0.000000000000  -0.707106781187
                  -0.577350269190   0.577350269190   0.577350269190
0, 2616 7119.712190252241 3418.357215494881 6623.262829133053    2    0
         0, 2615   0.707106781187   0.000000000000   0.707106781187
                  -0.577350269190   0.577350269190   0.577350269190
         0, 2617  -0.707106781187  -0.000000000000  -0.707106781187
                  -0.577350269190   0.577350269190   0.577350269190
0, 2617 7595.264560172644 4002.098313402176 6515.074101146161    2    0
         0, 2616   0.707106781187   0.000000000000   0.707106781187
                  -0.577350269190   0.577350269190   0.577350269190
         0, 2618  -0.707106781187  -0.000000000000  -0.707106781187
                  -0.577350269190   0.577350269190   0.577350269190
0, 2618 8070.816930093049 4585.839411309471 6406.885373159271    2    0
         0, 2617   0.707106781187   0.000000000000   0.707106781187
                  -0.577350269190   0.577350269190   0.577350269190
         0, 2619  -0.707106781187  -0.000000000000  -0.707106781187
                  -0.577350269190   0.577350269190   0.577350269190
0, 2619 8546.369300013452 5169.580509216765 6298.696645172380    1    7
         0, 2618   0.707106781187   0.000000000000   0.707106781187
                  -0.577350269190   0.577350269190   0.577350269190
0, 2620 5305.764706600798 8880.528456704198 15651.862940020659    1    7
         0, 2621  -0.000000000000  -0.707106781187  -0.707106781187
                   0.577350269190   0.577350269190  -0.577350269190
0, 2621 5546.068349547858 8976.996126440077 15988.634252703598    2    0
         0, 2620   0.000000000000   0.707106781187   0.707106781187
                   0.577350269190   0.577350269190  -0.577350269190
         0, 2622  -0.000000000000  -0.707106781187  -0.707106781187
                   0.577350269190   0.577350269190  -0.577350269190
0, 2622 5786.371992494917 9073.463796175956 16325.405565386536    2    0
         0, 2621   0.000000000000   0.707106781187   0.707106781187
                   0.577350269190   0.577350269190  -0.577350269190
         0, 2623  -0.000000000000  -0.707106781187  -0.707106781187
                   0.577350269190   0.577350269190  -0.577350269190
0, 2623 6026.675635441977 9169.931465911835 16662.176878069477    2    0
         0, 2622   0.000000000000   0.707106781187   0.707106781187
                   0.577350269190   0.577350269190  -0.577350269190
         0, 2624  -0.000000000000  -0.707106781187  -0.707106781187
                   0.577350269190   0.577350269190  -0.577350269190
0, 2624 6266.979278389036 9266.399135647716 16998.948190752413    1    7
         0, 2623   0.000000000000   0.707106781187   0.707106781187
                   0.577350269190   0.577350269190  -0.577350269190
0, 2625 16702.174947547359 12198.029083574449 12437.619261028798    1    7
         0, 2626  -0.707106781187  -0.707106781187  -0.000000000000
                   0.577350269190  -0.577350269190   0.577350269190
0, 2626 17004.994923746759 12683.118608823466 12619.888810078415    2    0
         0, 2625   0.707106781187   0.707106781187   0.000000000000
                   0.577350269190  -0.577350269190   0.577350269190
         0, 2627  -0.707106781187  -0.707106781187  -0.000000000000
                   0.577350269190  -0.577350269190   0.577350269190
0, 2627 17307.814899946159 13168.208134072484 12802.158359128034    2    0
         0, 2626   0.707106781187   0.707106781187   0.000000000000
                   0.577350269190  -0.577350269190   0.577350269190
         0, 2628  -0.707106781187  -0.707106781187  -0.000000000000
                   0.577350269190  -0.577350269190   0.577350269190
0, 2628 17610.634876145559 13653.297659321503 12984.427908177651    2    0
         0, 2627   0.707106781187   0.707106781187   0.000000000000
                   0.577350269190  -0.577350269190   0.577350269190
         0, 2629  -0.707106781187  -0.707106781187  -0.000000000000
                   0.577350269190  -0.577350269190   0.577350269190
0, 2629 17913.454852344959 14138.387184570520 13166.697457227268    1    7
         0, 2628   0.707106781187   0.707106781187   0.000000000000
                   0.577350269190  -0.577350269190   0.577350269190
0, 2630 19401.596940251595 11049.023450456883 7922.626119109162    1    7
         0, 2631  -0.707106781187   0.707106781187  -0.000000000000
                   0.577350269190   0.577350269190  -0.577350269190
0, 2631 19249.313280675611 11456.567652139420 8177.886661215715    2    0
         0, 2630   0.707106781187  -0.707106781187   0.000000000000
                   0.577350269190   0.577350269190  -0.577350269190
         0, 2632  -0.707106781187   0.707106781187  -0.000000000000
                   0.577350269190   0.577350269190  -0.577350269190
0, 2632 19097.029621099631 11864.111853821956 8433.147203322269    2    0
         0, 2631   0.707106781187  -0.707106781187   0.000000000000
                   0.577350269190   0.577350269190  -0.577350269190
         0, 2633  -0.707106781187   0.707106781187  -0.000000000000
                   0.577350269190   0.577350269190  -0.577350269190
0, 2633 18944.745961523648 12271.656055504493 8688.407745428824    2    0
         0, 2632   0.707106781187  -0.707106781187   0.000000000000
                   0.577350269190   0.577350269190  -0.577350269190
         0, 2634  -0.707106781187   0.707106781187  -0.000000000000
                   0.577350269190   0.577350269190  -0.577350269190
0, 2634 18792.462301947664 12679.200257187029 8943.668287535376    1    7
         0, 2633   0.707106781187  -0.707106781187   0.000000000000
                   0.577350269190   0.577350269190  -0.577350269190
0, 2635 16617.159653452734 5123.352258019303 16467.734901018568    1    7
         0, 2636  -0.000000000000  -0.707106781187  -0.707106781187
                   0.577350269190   0.577350269190  -0.577350269190
0, 2636 16464.550736722336 4876.643924183165 16068.417650452031    2    0
         0, 2635   0.000000000000   0.707106781187   0.707106781187
                   0.577350269190   0.577350269190  -0.577350269190
         0, 2637  -0.000000000000  -0.707106781187  -0.707106781187
                   0.577350269190   0.577350269190  -0.577350269190
0, 2637 16311.941819991936 4629.935590347028 15669.100399885494    2    0
         0, 2636   0.000000000000   0.707106781187   0.707106781187
                   0.577350269190   0.577350269190  -0.577350269190
         0, 2638  -0.000000000000  -0.707106781187  -0.707106781187
                   0.577350269190   0.577350269190  -0.577350269190
0, 2638 16159.332903261538 4383.227256510891 15269.783149318959    2    0
         0, 2637   0.000000000000   0.707106781187   0.707106781187
                   0.577350269190   0.577350269190  -0.577350269190
         0, 2639  -0.000000000000  -0.707106781187  -0.707106781187
                   0.577350269190   0.577350269190  -0.577350269190
0, 2639 16006.723986531139 4136.518922674753 14870.465898752422    1    7
         0, 2638   0.000000000000   0.707106781187   0.707106781187
                   0.577350269190   0.577350269190  -0.577350269190
0, 2640 572.036705215193 16497.771564379651 5003.105977121113    1    7
         0, 2641  -0.707106781187  -0.707106781187  -0.000000000000
                   0.577350269190  -0.577350269190   0.577350269190
0, 2641 858.273222536336 16340.881490050318 4559.979385470639    2    0
         0, 2640   0.707106781187   0.707106781187   0.000000000000
                   0.577350269190  -0.577350269190   0.577350269190
         0, 2642  -0.707106781187  -0.707106781187  -0.000000000000
                   0.577350269190  -0.577350269190   0.577350269190
0, 2642 1144.509739857479 16183.991415720988 4116.852793820164    2    0
         0, 2641   0.707106781187   0.707106781187   0.000000000000
                   0.577350269190  -0.577350269190   0.577350269190
         0, 2643  -0.707106781187  -0.707106781187  -0.000000000000
                   0.577350269190  -0.577350269190   0.577350269190
0, 2643 1430.746257178621 16027.101341391655 3673.726202169690    2    0
         0, 2642   0.707106781187   0.707106781187   0.000000000000
                   0.577350269190  -0.577350269190   0.577350269190
         0, 2644  -0.707106781187  -0.707106781187  -0.000000000000
                   0.577350269190  -0.577350269190   0.577350269190
0, 2644 1716.982774499764 15870.211267062323 3230.599610519215    1    7
         0, 2643   0.707106781187   0.707106781187   0.000000000000
                   0.577350269190  -0.577350269190   0.577350269190
0, 2645 7777.056223009173 7423.747156405370 4426.672489983956    1    7
         0, 2646  -0.707106781187  -0.707106781187  -0.000000000000
                   0.577350269190  -0.577350269190   0.577350269190
0, 2646 7489.315607085039 7676.874777833289 4967.540727336010    2    0
         0, 2645   0.707106781187   0.707106781187   0.000000000000
                   0.577350269190  -0.577350269190   0.577350269190
         0, 2647  -0.707106781187  -0.707106781187  -0.000000000000
                   0.577350269190  -0.577350269190   0.577350269190
0, 2647 7201.574991160905 7930.002399261209 5508.408964688062    2    0
         0, 2646   0.707106781187   0.707106781187   0.000000000000
                   0.577350269190  -0.577350269190   0.577350269190
         0, 2648  -0.707106781187  -0.707106781187  -0.000000000000
                   0.577350269190  -0.577350269190   0.577350269190
0, 2648 6913.834375236771 8183.130020689127 6049.277202040115    2    0
         0, 2647   0.707106781187   0.707106781187   0.000000000000
                   0.577350269190  -0.577350269190   0.577350269190
         0, 2649  -0.707106781187  -0.707106781187  -0.000000000000
                   0.577350269190  -0.577350269190   0.577350269190
0, 2649 6626.093759312637 8436.257642117047 6590.145439392169    1    7
         0, 2648   0.707106781187   0.707106781187   0.000000000000
                   0.577350269190  -0.577350269190   0.577350269190
0, 2650 6129.740425374234 5637.711318858558 4531.137650309222    1    7
         0, 2651  -0.000000000000  -0.707106781187  -0.707106781187
                   0.577350269190   0.577350269190  -0.577350269190
0, 2651 5525.477278463040 6100.219847234223 4389.383031773694    2    0
         0, 2650   0.000000000000   0.707106781187   0.707106781187
                   0.577350269190   0.577350269190  -0.577350269190
         0, 2652  -0.000000000000  -0.707106781187  -0.707106781187
                   0.577350269190   0.577350269190  -0.577350269190
0, 2652 4921.214131551847 6562.728375609888 4247.628413238165    2    0
         0, 2651   0.000000000000   0.707106781187   0.707106781187
                   0.577350269190   0.577350269190  -0.577350269190
         0, 2653  -0.000000000000  -0.707106781187  -0.707106781187
                   0.577350269190   0.577350269190  -0.577350269190
0, 2653 4316.950984640654 7025.236903985553 4105.873794702637    2    0
         0, 2652   0.000000000000   0.707106781187   0.707106781187
                   0.577350269190   0.577350269190  -0.577350269190
         0, 2654  -0.000000000000  -0.707106781187  -0.707106781187
                   0.577350269190   0.577350269190  -0.577350269190
0, 2654 3712.687837729460 7487.745432361218 3964.119176167108    1    7
         0, 2653   0.000000000000   0.707106781187   0.707106781187
                   0.577350269190   0.577350269190  -0.577350269190
0, 2655 2839.646388793791 7924.431634586030 16702.530435586326    1    7
         0, 2656   0.707106781187   0.000000000000   0.707106781187
                  -0.577350269190   0.577350269190   0.577350269190
0, 2656 3381.637598876518 8194.256083009350 16974.697197245732    2    0
         0, 2655  -0.707106781187  -0.000000000000  -0.707106781187
                  -0.577350269190   0.577350269190   0.577350269190
         0, 2657   0.707106781187   0.000000000000   0.707106781187
                  -0.577350269190   0.577350269190   0.577350269190
0, 2657 3923.628808959246 8464.080531432672 17246.863958905138    2    0
         0, 2656  -0.707106781187  -0.000000000000  -0.707106781187
                  -0.577350269190   0.577350269190   0.577350269190
         0, 2658   0.707106781187   0.000000000000   0.707106781187
                  -0.577350269190   0.577350269190   0.577350269190
0, 2658 4465.620019041974 8733.904979855992 17519.030720564548    2    0
         0, 2657  -0.707106781187  -0.000000000000  -0.707106781187
                  -0.577350269190   0.577350269190   0.577350269190
         0, 2659   0.707106781187   0.000000000000   0.707106781187
                  -0.577350269190   0.577350269190   0.577350269190
0, 2659 5007.611229124701 9003.729428279314 17791.197482223954    1    7
         0, 2658  -0.707106781187  -0.000000000000  -0.707106781187
                  -0.577350269190   0.577350269190   0.577350269190
0, 2660 18283.319156197911 16854.228094444799 12544.701310894752    1    7
         0, 2661   0.707106781187   0.707106781187   0.000000000000
                   0.577350269190  -0.577350269190   0.577350269190
0, 2661 18164.813691203923 17140.052738891416 12949.031420335356    2    0
         0, 2660  -0.707106781187  -0.707106781187  -0.000000000000
                   0.577350269190  -0.577350269190   0.577350269190
         0, 2662   0.707106781187   0.707106781187   0.000000000000
                   0.577350269190  -0.577350269190   0.577350269190
0, 2662 18046.308226209938 17425.877383338029 13353.361529775957    2    0
         0, 2661  -0.707106781187  -0.707106781187  -0.000000000000
                   0.577350269190  -0.577350269190   0.577350269190
         0, 2663   0.707106781187   0.707106781187   0.000000000000
                   0.577350269190  -0.577350269190   0.577350269190
0, 2663 17927.802761215949 17711.702027784646 13757.691639216560    2    0
         0, 2662  -0.707106781187  -0.707106781187  -0.000000000000
                   0.577350269190  -0.577350269190   0.577350269190
         0, 2664   0.707106781187   0.707106781187   0.000000000000
                   0.577350269190  -0.577350269190   0.577350269190
0, 2664 17809.297296221961 17997.526672231263 14162.021748657164    1    7
         0, 2663  -0.707106781187  -0.707106781187  -0.000000000000
                   0.577350269190  -0.577350269190   0.577350269190
0, 2665 4089.948559803668 2496.006534054871 7103.631499400881    1    7
         0, 2666  -0.707106781187  -0.000000000000  -0.707106781187
                   0.577350269190   0.577350269190  -0.577350269190
0, 2666 4269.188401800096 2663.385492217870 7450.250299560308    2    0
         0, 2665   0.707106781187   0.000000000000   0.707106781187
                   0.577350269190   0.577350269190  -0.577350269190
         0, 2667  -0.707106781187  -0.000000000000  -0.707106781187
                   0.577350269190   0.577350269190  -0.577350269190
0, 2667 4448.428243796526 2830.764450380869 7796.869099719735    2    0
         0, 2666   0.707106781187   0.000000000000   0.707106781187
                   0.577350269190   0.577350269190  -0.577350269190
         0, 2668  -0.707106781187  -0.000000000000  -0.707106781187
                   0.577350269190   0.577350269190  -0.577350269190
0, 2668 4627.668085792954 2998.143408543867 8143.487899879163    2    0
         0, 2667   0.707106781187   0.000000000000   0.707106781187
                   0.577350269190   0.577350269190  -0.577350269190
         0, 2669  -0.707106781187  -0.000000000000  -0.707106781187
                   0.577350269190   0.577350269190  -0.577350269190
0, 2669 4806.907927789383 3165.522366706866 8490.106700038590    1    7
         0, 2668   0.707106781187   0.000000000000   0.707106781187
                   0.577350269190   0.577350269190  -0.577350269190
0, 2670 11114.870215367131 6184.221675066590 6408.921774816559    1    7
         0, 2671  -0.707106781187   0.707106781187  -0.000000000000
                   0.577350269190   0.577350269190  -0.577350269190
0, 2671 11585.825011618894 6100.622033890789 6796.276929892520    2    0
         0, 2670   0.707106781187  -0.707106781187   0.000000000000
                   0.577350269190   0.577350269190  -0.577350269190
         0, 2672  -0.707106781187   0.707106781187  -0.000000000000
                   0.577350269190   0.577350269190  -0.577350269190
0, 2672 12056.779807870655 6017.022392714987 7183.632084968480    2    0
         0, 2671   0.707106781187  -0.707106781187   0.000000000000
                   0.577350269190   0.577350269190  -0.577350269190
         0, 2673  -0.707106781187   0.707106781187  -0.000000000000
                   0.577350269190   0.577350269190  -0.577350269190
0, 2673 12527.734604122415 5933.422751539187 7570.987240044441    2    0
         0, 2672   0.707106781187  -0.707106781187   0.000000000000
                   0.577350269190   0.577350269190  -0.577350269190
         0, 2674  -0.707106781187   0.707106781187  -0.000000000000
                   0.577350269190   0.577350269190  -0.577350269190
0, 2674 12998.689400374178 5849.823110363385 7958.342395120401    1    7
         0, 2673   0.707106781187  -0.707106781187   0.000000000000
                   0.577350269190   0.577350269190  -0.577350269190
0, 2675 2175.874210698614 15245.630701367529 3823.607662880963    1    7
         0, 2676  -0.000000000000  -0.707106781187  -0.707106781187
                   0.577350269190  -0.577350269190   0.577350269190
0, 2676 1884.087503836743 14836.291396051267 3706.055064426572    2    0
         0, 2675   0.000000000000   0.707106781187   0.707106781187
                   0.577350269190  -0.577350269190   0.577350269190
         0, 2677  -0.000000000000  -0.707106781187  -0.707106781187
                   0.577350269190  -0.577350269190   0.577350269190
0, 2677 1592.300796974872 14426.952090735005 3588.502465972182    2    0
         0, 2676   0.000000000000   0.707106781187   0.707106781187
                   0.577350269190  -0.577350269190   0.577350269190
         0, 2678  -0.000000000000  -0.707106781187  -0.707106781187
                   0.577350269190  -0.577350269190   0.577350269190
0, 2678 1300.514090113001 14017.612785418745 3470.949867517792    2    0
         0, 2677   0.000000000000   0.707106781187   0.707106781187
                   0.577350269190  -0.577350269190   0.577350269190
         0, 2679  -0.000000000000  -0.707106781187  -0.707106781187
                   0.577350269190  -0.577350269190   0.577350269190
0, 2679 1008.727383251130 13608.273480102484 3353.397269063401    1    7
         0, 2678   0.000000000000   0.707106781187   0.707106781187
                   0.577350269190  -0.577350269190   0.577350269190
0, 2680 4829.098531468708 1885.809712314685 7976.386889249269    1    7
         0, 2681   0.707106781187   0.000000000000   0.707106781187
                  -0.577350269190   0.577350269190   0.577350269190
0, 2681 4484.276134311290 1919.895853778364 7597.478350628173    2    0
         0, 2680  -0.707106781187  -0.000000000000  -0.707106781187
                  -0.577350269190   0.577350269190   0.577350269190
         0, 2682   0.707106781187   0.000000000000   0.707106781187
                  -0.577350269190   0.577350269190   0.577350269190
0, 2682 4139.453737153872 1953.981995242042 7218.569812007076    2    0
         0, 2681  -0.707106781187  -0.000000000000  -0.707106781187
                  -0.577350269190   0.577350269190   0.577350269190
         0, 2683   0.707106781187   0.000000000000   0.707106781187
                  -0.577350269190   0.577350269190   0.577350269190
0, 2683 3794.631339996454 1988.068136705721 6839.661273385979    2    0
         0, 2682  -0.707106781187  -0.000000000000  -0.707106781187
                  -0.577350269190   0.577350269190   0.577350269190
         0, 2684   0.707106781187   0.000000000000   0.707106781187
                  -0.577350269190   0.577350269190   0.577350269190
0, 2684 3449.808942839036 2022.154278169400 6460.752734764882    1    7
         0, 2683  -0.707106781187  -0.000000000000  -0.707106781187
                  -0.577350269190   0.577350269190   0.577350269190
0, 2685 1769.076445911531 11093.422347255198 15431.760134638516    1    7
         0, 2686   0.000000000000   0.707106781187   0.707106781187
                   0.577350269190  -0.577350269190   0.577350269190
0, 2686 1995.308723892631 10984.688873339828 15096.794382742046    2    0
         0, 2685  -0.000000000000  -0.707106781187  -0.707106781187
                   0.577350269190  -0.577350269190   0.577350269190
         0, 2687   0.000000000000   0.707106781187   0.707106781187
                   0.577350269190  -0.577350269190   0.577350269190
0, 2687 2221.541001873731 10875.955399424458 14761.828630845575    2    0
         0, 2686  -0.000000000000  -0.707106781187  -0.707106781187
                   0.577350269190  -0.577350269190   0.577350269190
         0, 2688   0.000000000000   0.707106781187   0.707106781187
                   0.577350269190  -0.577350269190   0.577350269190
0, 2688 2447.773279854831 10767.221925509088 14426.862878949105    2    0
         0, 2687  -0.000000000000  -0.707106781187  -0.707106781187
                   0.577350269190  -0.577350269190   0.577350269190
         0, 2689   0.000000000000   0.707106781187   0.707106781187
                   0.577350269190  -0.577350269190   0.577350269190
0, 2689 2674.005557835931 10658.488451593717 14091.897127052634    1    7
         0, 2688  -0.000000000000  -0.707106781187  -0.707106781187
                   0.577350269190  -0.577350269190   0.577350269190
0, 2690 855.050972497189 458.320865886339 8440.643860462722    1    7
         0, 2691  -0.000000000000  -0.707106781187   0.707106781187
                  -0.577350269190   0.577350269190   0.577350269190
0, 2691 1363.868244829003 854.105692730837 8553.676305950037    2    0
         0, 2690   0.000000000000   0.707106781187  -0.707106781187
                  -0.577350269190   0.577350269190   0.577350269190
         0, 2692  -0.000000000000  -0.707106781187   0.707106781187
                  -0.577350269190   0.577350269190   0.577350269190
0, 2692 1872.685517160817 1249.890519575336 8666.708751437352    2    0
         0, 2691   0.000000000000   0.707106781187  -0.707106781187
                  -0.577350269190   0.577350269190   0.577350269190
         0, 2693  -0.000000000000  -0.707106781187   0.707106781187
                  -0.577350269190   0.577350269190   0.577350269190
0, 2693 2381.502789492631 1645.675346419834 8779.741196924668    2    0
         0, 2692   0.000000000000   0.707106781187  -0.707106781187
                  -0.577350269190   0.577350269190   0.577350269190
         0, 2694  -0.000000000000  -0.707106781187   0.707106781187
                  -0.577350269190   0.577350269190   0.577350269190
0, 2694 2890.320061824445 2041.460173264332 8892.773642411985    1    7
         0, 2693   0.000000000000   0.707106781187  -0.707106781187
                  -0.577350269190   0.577350269190   0.577350269190
0, 2695 11967.574532732782 12412.076204827676 1166.232271007484    1    7
         0, 2696  -0.707106781187  -0.000000000000  -0.707106781187
                   0.577350269190   0.577350269190  -0.577350269190
0, 2696 11709.116243502975 12897.606384979930 1393.304161929932    2    0
         0, 2695   0.707106781187   0.000000000000   0.707106781187
                   0.577350269190   0.577350269190  -0.577350269190
         0, 2697  -0.707106781187  -0.000000000000  -0.707106781187
                   0.577350269190   0.577350269190  -0.577350269190
0, 2697 11450.657954273169 13383.136565132185 1620.376052852380    2    0
         0, 2696   0.707106781187   0.000000000000   0.707106781187
                   0.577350269190   0.577350269190  -0.577350269190
         0, 2698  -0.707106781187  -0.000000000000  -0.707106781187
                   0.577350269190   0.577350269190  -0.577350269190
0, 2698 11192.199665043361 13868.666745284439 1847.447943774828    2    0
         0, 2697   0.707106781187   0.000000000000   0.707106781187
                   0.577350269190   0.577350269190  -0.577350269190
         0, 2699  -0.707106781187  -0.000000000000  -0.707106781187
                   0.577350269190   0.577350269190  -0.577350269190
0, 2699 10933.741375813555 14354.196925436696 2074.519834697276    1    7
         0, 2698   0.707106781187   0.000000000000   0.707106781187
                   0.577350269190   0.577350269190  -0.577350269190
0, 2700 13438.152575349595 8051.824920633856 15212.461737676478    1    7
         0, 2701   0.707106781187  -0.707106781187   0.000000000000
                   0.577350269190   0.577350269190   0.577350269190
0, 2701 13444.694073312034 8486.950248358824 14770.794911989073    2    0
         0, 2700  -0.707106781187   0.707106781187  -0.000000000000
                   0.577350269190   0.577350269190   0.577350269190
         0, 2702   0.707106781187  -0.707106781187   0.000000000000
                   0.577350269190   0.577350269190   0.577350269190
0, 2702 13451.235571274470 8922.075576083791 14329.128086301667    2    0
         0, 2701  -0.707106781187   0.707106781187  -0.000000000000
                   0.577350269190   0.577350269190   0.577350269190
         0, 2703   0.707106781187  -0.707106781187   0.000000000000
                   0.577350269190   0.577350269190   0.577350269190
0, 2703 13457.777069236909 9357.200903808758 13887.461260614264    2    0
         0, 2702  -0.707106781187   0.707106781187  -0.000000000000
                   0.577350269190   0.577350269190   0.577350269190
         0, 2704   0.707106781187  -0.707106781187   0.000000000000
                   0.577350269190   0.577350269190   0.577350269190
0, 2704 13464.318567199345 9792.326231533727 13445.794434926858    1    7
         0, 2703  -0.707106781187   0.707106781187  -0.000000000000
                   0.577350269190   0.577350269190   0.577350269190
0, 2705 17654.007370457573 15403.237992075256 17296.591613173357    1    7
         0, 2706   0.000000000000   0.707106781187  -0.707106781187
                   0.577350269190   0.577350269190   0.577350269190
0, 2706 18226.101534578287 15143.277808216319 16984.457632911581    2    0
         0, 2705  -0.000000000000  -0.707106781187   0.707106781187
                   0.577350269190   0.577350269190   0.577350269190
         0, 2707   0.000000000000   0.707106781187  -0.707106781187
                   0.577350269190   0.577350269190   0.577350269190
0, 2707 18798.195698699001 14883.317624357383 16672.323652649804    2    0
         0, 2706  -0.000000000000  -0.707106781187   0.707106781187
                   0.577350269190   0.577350269190   0.577350269190
         0, 2708   0.000000000000   0.707106781187  -0.707106781187
                   0.577350269190   0.577350269190   0.577350269190
0, 2708 19370.289862819714 14623.357440498447 16360.189672388025    2    0
         0, 2707  -0.000000000000  -0.707106781187   0.707106781187
                   0.577350269190   0.577350269190   0.577350269190
         0, 2709   0.000000000000   0.707106781187  -0.707106781187
                   0.577350269190   0.577350269190   0.577350269190
0, 2709 19942.384026940428 14363.397256639510 16048.055692126247    1    7
         0, 2708  -0.000000000000  -0.707106781187   0.707106781187
                   0.577350269190   0.577350269190   0.577350269190
0, 2710 16282.244473479774 17439.283367635468 8430.495017245599    1    7
         0, 2711  -0.707106781187  -0.707106781187  -0.000000000000
                   0.577350269190  -0.577350269190   0.577350269190
0, 2711 16052.920489585747 17794.873397534604 9015.409031038762    2    0
         0, 2710   0.707106781187   0.707106781187   0.000000000000
                   0.577350269190  -0.577350269190   0.577350269190
         0, 2712  -0.707106781187  -0.707106781187  -0.000000000000
                   0.577350269190  -0.577350269190   0.577350269190
0, 2712 15823.596505691719 18150.463427433740 9600.323044831926    2    0
         0, 2711   0.707106781187   0.707106781187   0.000000000000
                   0.577350269190  -0.577350269190   0.577350269190
         0, 2713  -0.707106781187  -0.707106781187  -0.000000000000
                   0.577350269190  -0.577350269190   0.577350269190
0, 2713 15594.272521797693 18506.053457332877 10185.237058625089    2    0
         0, 2712   0.707106781187   0.707106781187   0.000000000000
                   0.577350269190  -0.577350269190   0.577350269190
         0, 2714  -0.707106781187  -0.707106781187  -0.000000000000
                   0.577350269190  -0.577350269190   0.577350269190
0, 2714 15364.948537903665 18861.643487232013 10770.151072418252    1    7
         0, 2713   0.707106781187   0.707106781187   0.000000000000
                   0.577350269190  -0.577350269190   0.577350269190
0, 2715 17313.184449843568 9615.595378418997 16318.617571802828    1    7
         0, 2716   0.707106781187   0.707106781187   0.000000000000
                  -0.577350269190   0.577350269190   0.577350269190
0, 2716 16937.103976468567 9196.281182600012 16361.851294246811    2    0
         0, 2715  -0.707106781187  -0.707106781187  -0.000000000000
                  -0.577350269190   0.577350269190   0.577350269190
         0, 2717   0.707106781187   0.707106781187   0.000000000000
                  -0.577350269190   0.577350269190   0.577350269190
0, 2717 16561.023503093566 8776.966986781028 16405.085016690795    2    0
         0, 2716  -0.707106781187  -0.707106781187  -0.000000000000
                  -0.577350269190   0.577350269190   0.577350269190
         0, 2718   0.707106781187   0.707106781187   0.000000000000
                  -0.577350269190   0.577350269190   0.577350269190
0, 2718 16184.943029718563 8357.652790962044 16448.318739134778    2    0
         0, 2717  -0.707106781187  -0.707106781187  -0.000000000000
                  -0.577350269190   0.577350269190   0.577350269190
         0, 2719   0.707106781187   0.707106781187   0.000000000000
                  -0.577350269190   0.577350269190   0.577350269190
0, 2719 15808.862556343562 7938.338595143058 16491.552461578762    1    7
         0, 2718  -0.707106781187  -0.707106781187  -0.000000000000
                  -0.577350269190   0.577350269190   0.577350269190
0, 2720 5351.692462231357 14665.555864790429 13758.351338903591    1    7
         0, 2721  -0.000000000000  -0.707106781187   0.707106781187
                   0.577350269190   0.577350269190   0.577350269190
0, 2721 5234.100070099377 14307.260343702026 14234.239252123973    2    0
         0, 2720   0.000000000000   0.707106781187  -0.707106781187
                   0.577350269190   0.577350269190   0.577350269190
         0, 2722  -0.000000000000  -0.707106781187   0.707106781187
                   0.577350269190   0.577350269190   0.577350269190
0, 2722 5116.507677967398 13948.964822613623 14710.127165344355    2    0
         0, 2721   0.000000000000   0.707106781187  -0.707106781187
                   0.577350269190   0.577350269190   0.577350269190
         0, 2723  -0.000000000000  -0.707106781187   0.707106781187
                   0.577350269190   0.577350269190   0.577350269190
0, 2723 4998.915285835418 13590.669301525222 15186.015078564737    2    0
         0, 2722   0.000000000000   0.707106781187  -0.707106781187
                   0.577350269190   0.577350269190   0.577350269190
         0, 2724  -0.000000000000  -0.707106781187   0.707106781187
                   0.577350269190   0.577350269190   0.577350269190
0, 2724 4881.322893703438 13232.373780436819 15661.902991785119    1    7
         0, 2723   0.000000000000   0.707106781187  -0.707106781187
                   0.577350269190   0.577350269190   0.577350269190
0, 2725 11904.669179571380 10676.900509150571 3236.307617698473    1    7
         0, 2726   0.000000000000   0.707106781187   0.707106781187
                   0.577350269190   0.577350269190  -0.577350269190
0, 2726 11677.172611618102 11088.139521368756 3420.050061963378    2    0
         0, 2725  -0.000000000000  -0.707106781187  -0.707106781187
                   0.577350269190   0.577350269190  -0.577350269190
         0, 2727   0.000000000000   0.707106781187   0.707106781187
                   0.577350269190   0.577350269190  -0.577350269190
0, 2727 11449.676043664822 11499.378533586938 3603.792506228282    2    0
         0, 2726  -0.000000000000  -0.707106781187  -0.707106781187
                   0.577350269190   0.577350269190  -0.577350269190
         0, 2728   0.000000000000   0.707106781187   0.707106781187
                   0.577350269190   0.577350269190  -0.577350269190
0, 2728 11222.179475711544 11910.617545805122 3787.534950493187    2    0
         0, 2727  -0.000000000000  -0.707106781187  -0.707106781187
                   0.577350269190   0.577350269190  -0.577350269190
         0, 2729   0.000000000000   0.707106781187   0.707106781187
                   0.577350269190   0.577350269190  -0.577350269190
0, 2729 10994.682907758264 12321.856558023304 3971.277394758092    1    7
         0, 2728  -0.000000000000  -0.707106781187  -0.707106781187
                   0.577350269190   0.577350269190  -0.577350269190
0, 2730 13727.418804344052 14968.615167388825 10206.276271369290    1    7
         0, 2731   0.707106781187  -0.707106781187   0.000000000000
                   0.577350269190   0.577350269190   0.577350269190
0, 2731 14012.183553268764 15286.286238489358 9603.840451344046    2    0
         0, 2730  -0.707106781187   0.707106781187  -0.000000000000
                   0.577350269190   0.577350269190   0.577350269190
         0, 2732   0.707106781187  -0.707106781187   0.000000000000
                   0.577350269190   0.577350269190   0.577350269190
0, 2732 14296.948302193476 15603.957309589890 9001.404631318801    2    0
         0, 2731  -0.707106781187   0.707106781187  -0.000000000000
                   0.577350269190   0.577350269190   0.577350269190
         0, 2733   0.707106781187  -0.707106781187   0.000000000000
                   0.577350269190   0.577350269190   0.577350269190
0, 2733 14581.713051118188 15921.628380690423 8398.968811293556    2    0
         0, 2732  -0.707106781187   0.707106781187  -0.000000000000
                   0.577350269190   0.577350269190   0.577350269190
         0, 2734   0.707106781187  -0.707106781187   0.000000000000
                   0.577350269190   0.577350269190   0.577350269190
0, 2734 14866.477800042900 16239.299451790957 7796.532991268312    1    7
         0, 2733  -0.707106781187   0.707106781187  -0.000000000000
                   0.577350269190   0.577350269190   0.577350269190
0, 2735 16939.763575320383 9384.899730215238 1628.970963252493    1    7
         0, 2736  -0.707106781187   0.707106781187  -0.000000000000
                   0.577350269190   0.577350269190  -0.577350269190
0, 2736 17015.348079494666 9811.352768389555 2131.008505601094    2    0
         0, 2735   0.707106781187  -0.707106781187   0.000000000000
                   0.577350269190   0.577350269190  -0.577350269190
         0, 2737  -0.707106781187   0.707106781187  -0.000000000000
                   0.577350269190   0.577350269190  -0.577350269190
0, 2737 17090.932583668953 10237.805806563872 2633.046047949696    2    0
         0, 2736   0.707106781187  -0.707106781187   0.000000000000
                   0.577350269190   0.577350269190  -0.577350269190
         0, 2738  -0.707106781187   0.707106781187  -0.000000000000
                   0.577350269190   0.577350269190  -0.577350269190
0, 2738 17166.517087843236 10664.258844738190 3135.083590298297    2    0
         0, 2737   0.707106781187  -0.707106781187   0.000000000000
                   0.577350269190   0.577350269190  -0.577350269190
         0, 2739  -0.707106781187   0.707106781187  -0.000000000000
                   0.577350269190   0.577350269190  -0.577350269190
0, 2739 17242.101592017520 11090.711882912507 3637.121132646898    1    7
         0, 2738   0.707106781187  -0.707106781187   0.000000000000
                   0.577350269190   0.577350269190  -0.577350269190
0, 2740 17693.890895398908 5736.529978150487 3866.024959242869    1    7
         0, 2741  -0.707106781187  -0.000000000000  -0.707106781187
                   0.577350269190   0.577350269190  -0.577350269190
0, 2741 17500.527894451665 6123.977226088443 4060.109206233580    2    0
         0, 2740   0.707106781187   0.000000000000   0.707106781187
                   0.577350269190   0.577350269190  -0.577350269190
         0, 2742  -0.707106781187  -0.000000000000  -0.707106781187
                   0.577350269190   0.577350269190  -0.577350269190
0, 2742 17307.164893504418 6511.424474026398 4254.193453224290    2    0
         0, 2741   0.707106781187   0.000000000000   0.707106781187
                   0.577350269190   0.577350269190  -0.577350269190
         0, 2743  -0.707106781187  -0.000000000000  -0.707106781187
                   0.577350269190   0.577350269190  -0.577350269190
0, 2743 17113.801892557174 6898.871721964354 4448.277700215001    2    0
         0, 2742   0.707106781187   0.000000000000   0.707106781187
                   0.577350269190   0.577350269190  -0.577350269190
         0, 2744  -0.707106781187  -0.000000000000  -0.707106781187
                   0.577350269190   0.577350269190  -0.577350269190
0, 2744 16920.438891609927 7286.318969902310 4642.361947205711    1    7
         0, 2743   0.707106781187   0.000000000000   0.707106781187
                   0.577350269190   0.577350269190  -0.577350269190
0, 2745 6853.850435261883 4818.367422536378 5081.545519559331    1    7
         0, 2746  -0.000000000000  -0.707106781187  -0.707106781187
                   0.577350269190   0.577350269190  -0.577350269190
0, 2746 6890.268670763046 5234.705243054113 5534.301575578228    2    0
         0, 2745   0.000000000000   0.707106781187   0.707106781187
                   0.577350269190   0.577350269190  -0.577350269190
         0, 2747  -0.000000000000  -0.707106781187  -0.707106781187
                   0.577350269190   0.577350269190  -0.577350269190
0, 2747 6926.686906264207 5651.043063571847 5987.057631597125    2    0
         0, 2746   0.000000000000   0.707106781187   0.707106781187
                   0.577350269190   0.577350269190  -0.577350269190
         0, 2748  -0.000000000000  -0.707106781187  -0.707106781187
                   0.577350269190   0.577350269190  -0.577350269190
0, 2748 6963.105141765370 6067.380884089582 6439.813687616021    2    0
         0, 2747   0.000000000000   0.707106781187   0.707106781187
                   0.577350269190   0.577350269190  -0.577350269190
         0, 2749  -0.000000000000  -0.707106781187  -0.707106781187
                   0.577350269190   0.577350269190  -0.577350269190
0, 2749 6999.523377266531 6483.718704607316 6892.569743634917    1    7
         0, 2748   0.000000000000   0.707106781187   0.707106781187
                   0.577350269190   0.577350269190  -0.577350269190
0, 2750 19843.146968023058 5968.800744799531 1615.648912592431    1    7
         0, 2751  -0.707106781187   0.707106781187  -0.000000000000
                   0.577350269190   0.577350269190  -0.577350269190
0, 2751 19837.926962551552 6424.453460139695 2066.081622461090    2    0
         0, 2750   0.707106781187  -0.707106781187   0.000000000000
                   0.577350269190   0.577350269190  -0.577350269190
         0, 2752  -0.707106781187   0.707106781187  -0.000000000000
                   0.577350269190   0.577350269190  -0.577350269190
0, 2752 19832.706957080049 6880.106175479860 2516.514332329749    2    0
         0, 2751   0.707106781187  -0.707106781187   0.000000000000
                   0.577350269190   0.577350269190  -0.577350269190
         0, 2753  -0.707106781187   0.707106781187  -0.000000000000
                   0.577350269190   0.577350269190  -0.577350269190
0, 2753 19827.486951608542 7335.758890820025 2966.947042198408    2    0
         0, 2752   0.707106781187  -0.707106781187   0.000000000000
                   0.577350269190   0.577350269190  -0.577350269190
         0, 2754  -0.707106781187   0.707106781187  -0.000000000000
                   0.577350269190   0.577350269190  -0.577350269190
0, 2754 19822.266946137035 7791.411606160189 3417.379752067067    1    7
         0, 2753   0.707106781187  -0.707106781187   0.000000000000
                   0.577350269190   0.577350269190  -0.577350269190
0, 2755 15439.748124171319 10751.059802561742 6268.608638113402    1    7
         0, 2756  -0.000000000000  -0.707106781187   0.707106781187
                  -0.577350269190   0.577350269190   0.577350269190
0, 2756 15574.016313177217 10515.735469466570 6638.201160214471    2    0
         0, 2755   0.000000000000   0.707106781187  -0.707106781187
                  -0.577350269190   0.577350269190   0.577350269190
         0, 2757  -0.000000000000  -0.707106781187   0.707106781187
                  -0.577350269190   0.577350269190   0.577350269190
0, 2757 15708.284502183114 10280.411136371398 7007.793682315541    2    0
         0, 2756   0.000000000000   0.707106781187  -0.707106781187
                  -0.577350269190   0.577350269190   0.577350269190
         0, 2758  -0.000000000000  -0.707106781187   0.707106781187
                  -0.577350269190   0.577350269190   0.577350269190
0, 2758 15842.552691189012 10045.086803276226 7377.386204416611    2    0
         0, 2757   0.000000000000   0.707106781187  -0.707106781187
                  -0.577350269190   0.577350269190   0.577350269190
         0, 2759  -0.000000000000  -0.707106781187   0.707106781187
                  -0.577350269190   0.577350269190   0.577350269190
0, 2759 15976.820880194911 9809.762470181055 7746.978726517680    1    7
         0, 2758   0.000000000000   0.707106781187  -0.707106781187
                  -0.577350269190   0.577350269190   0.577350269190
0, 2760 18965.585449761864 18848.193948835102 14311.274743373933    1    7
         0, 2761  -0.000000000000  -0.707106781187   0.707106781187
                  -0.577350269190   0.577350269190   0.577350269190
0, 2761 18580.356984539405 18966.326873853464 13807.913353133110    2    0
         0, 2760   0.000000000000   0.707106781187  -0.707106781187
                  -0.577350269190   0.577350269190   0.577350269190
         0, 2762  -0.000000000000  -0.707106781187   0.707106781187
                  -0.577350269190   0.577350269190   0.577350269190
0, 2762 18195.128519316942 19084.459798871831 13304.551962892285    2    0
         0, 2761   0.000000000000   0.707106781187  -0.707106781187
                  -0.577350269190   0.577350269190   0.577350269190
         0, 2763  -0.000000000000  -0.707106781187   0.707106781187
                  -0.577350269190   0.577350269190   0.577350269190
0, 2763 17809.900054094483 19202.592723890193 12801.190572651460    2    0
         0, 2762   0.000000000000   0.707106781187  -0.707106781187
                  -0.577350269190   0.577350269190   0.577350269190
         0, 2764  -0.000000000000  -0.707106781187   0.707106781187
                  -0.577350269190   0.577350269190   0.577350269190
0, 2764 17424.671588872021 19320.725648908556 12297.829182410636    1    7
         0, 2763   0.000000000000   0.707106781187  -0.707106781187
                  -0.577350269190   0.577350269190   0.577350269190
0, 2765 9364.983806309223 14253.486701515925 2846.567623437670    1    7
         0, 2766   0.707106781187   0.707106781187   0.000000000000
                   0.577350269190  -0.577350269190   0.577350269190
0, 2766 9619.688355286624 14162.350711685664 2500.727084630007    2    0
         0, 2765  -0.707106781187  -0.707106781187  -0.000000000000
                   0.577350269190  -0.577350269190   0.577350269190
         0, 2767   0.707106781187   0.707106781187   0.000000000000
                   0.577350269190  -0.577350269190   0.577350269190
0, 2767 9874.392904264025 14071.214721855400 2154.886545822344    2    0
         0, 2766  -0.707106781187  -0.707106781187  -0.000000000000
                   0.577350269190  -0.577350269190   0.577350269190
         0, 2768   0.707106781187   0.707106781187   0.000000000000
                   0.577350269190  -0.577350269190   0.577350269190
0, 2768 10129.097453241426 13980.078732025138 1809.046007014681    2    0
         0, 2767  -0.707106781187  -0.707106781187  -0.000000000000
                   0.577350269190  -0.577350269190   0.577350269190
         0, 2769   0.707106781187   0.707106781187   0.000000000000
                   0.577350269190  -0.577350269190   0.577350269190
0, 2769 10383.802002218825 13888.942742194877 1463.205468207018    1    7
         0, 2768  -0.707106781187  -0.707106781187  -0.000000000000
                   0.577350269190  -0.577350269190   0.577350269190
0, 2770 2936.461913399532 16419.936665499015 17067.911198908718    1    7
         0, 2771  -0.707106781187  -0.000000000000   0.707106781187
                   0.577350269190  -0.577350269190   0.577350269190
0, 2771 2600.366933039323 16530.428814879735 17514.498328649646    2    0
         0, 2770   0.707106781187   0.000000000000  -0.707106781187
                   0.577350269190  -0.577350269190   0.577350269190
         0, 2772  -0.707106781187  -0.000000000000   0.707106781187
                   0.577350269190  -0.577350269190   0.577350269190
0, 2772 2264.271952679114 16640.920964260455 17961.085458390575    2    0
         0, 2771   0.707106781187   0.000000000000  -0.707106781187
                   0.577350269190  -0.577350269190   0.577350269190
         0, 2773  -0.707106781187  -0.000000000000   0.707106781187
                   0.577350269190  -0.577350269190   0.577350269190
0, 2773 1928.176972318905 16751.413113641174 18407.672588131503    2    0
         0, 2772   0.707106781187   0.000000000000  -0.707106781187
                   0.577350269190  -0.577350269190   0.577350269190
         0, 2774  -0.707106781187  -0.000000000000   0.707106781187
                   0.577350269190  -0.577350269190   0.577350269190
0, 2774 1592.081991958695 16861.905263021894 18854.259717872432    1    7
         0, 2773   0.707106781187   0.000000000000  -0.707106781187
                   0.577350269190  -0.577350269190   0.577350269190
0, 2775 18649.931159662072 19332.030011502407 3893.167031020016    1    7
         0, 2776   0.000000000000   0.707106781187   0.707106781187
                   0.577350269190   0.577350269190  -0.577350269190
0, 2776 18586.722687795620 19015.344865026032 3513.273412677188    2    0
         0, 2775  -0.000000000000  -0.707106781187  -0.707106781187
                   0.577350269190   0.577350269190  -0.577350269190
         0, 2777   0.000000000000   0.707106781187   0.707106781187
                   0.577350269190   0.577350269190  -0.577350269190
0, 2777 18523.514215929164 18698.659718549658 3133.379794334361    2    0
         0, 2776  -0.000000000000  -0.707106781187  -0.707106781187
                   0.577350269190   0.577350269190  -0.577350269190
         0, 2778   0.000000000000   0.707106781187   0.707106781187
                   0.577350269190   0.577350269190  -0.577350269190
0, 2778 18460.305744062713 18381.974572073283 2753.486175991532    2    0
         0, 2777  -0.000000000000  -0.707106781187  -0.707106781187
                   0.577350269190   0.577350269190  -0.577350269190
         0, 2779   0.000000000000   0.707106781187   0.707106781187
                   0.577350269190   0.577350269190  -0.577350269190
0, 2779 18397.097272196257 18065.289425596911 2373.592557648705    1    7
         0, 2778  -0.000000000000  -0.707106781187  -0.707106781187
                   0.577350269190   0.577350269190  -0.577350269190
0, 2780 5596.218736986066 6422.225182520597 1608.594923509568    1    7
         0, 2781   0.000000000000   0.707106781187   0.707106781187
                   0.577350269190   0.577350269190  -0.577350269190
0, 2781 5227.773296654980 6498.643257066200 1316.567557724086    2    0
         0, 2780  -0.000000000000  -0.707106781187  -0.707106781187
                   0.577350269190   0.577350269190  -0.577350269190
         0, 2782   0.000000000000   0.707106781187   0.707106781187
                   0.577350269190   0.577350269190  -0.577350269190
0, 2782 4859.327856323895 6575.061331611804 1024.540191938604    2    0
         0, 2781  -0.000000000000  -0.707106781187  -0.707106781187
                   0.577350269190   0.577350269190  -0.577350269190
         0, 2783   0.000000000000   0.707106781187   0.707106781187
                   0.577350269190   0.577350269190  -0.577350269190
0, 2783 4490.882415992809 6651.479406157408 732.512826153122    2    0
         0, 2782  -0.000000000000  -0.707106781187  -0.707106781187
                   0.577350269190   0.577350269190  -0.577350269190
         0, 2784   0.000000000000   0.707106781187   0.707106781187
                   0.577350269190   0.577350269190  -0.577350269190
0, 2784 4122.436975661723 6727.897480703012 440.485460367640    1    7
         0, 2783  -0.000000000000  -0.707106781187  -0.707106781187
                   0.577350269190   0.577350269190  -0.577350269190
0, 2785 13355.988896486935 12308.189494423748 16030.829895493809    1    7
         0, 2786  -0.000000000000  -0.707106781187   0.707106781187
                  -0.577350269190   0.577350269190   0.577350269190
0, 2786 13181.786233572455 12586.412407423337 15578.404319579740    2    0
         0, 2785   0.000000000000   0.707106781187  -0.707106781187
                  -0.577350269190   0.577350269190   0.577350269190
         0, 2787  -0.000000000000  -0.707106781187   0.707106781187
                  -0.577350269190   0.577350269190   0.577350269190
0, 2787 13007.583570657973 12864.635320422925 15125.978743665670    2    0
         0, 2786   0.000000000000   0.707106781187  -0.707106781187
                  -0.577350269190   0.577350269190   0.577350269190
         0, 2788  -0.000000000000  -0.707106781187   0.707106781187
                  -0.577350269190   0.577350269190   0.577350269190
0, 2788 12833.380907743493 13142.858233422514 14673.553167751601    2    0
         0, 2787   0.000000000000   0.707106781187  -0.707106781187
                  -0.577350269190   0.577350269190   0.577350269190
         0, 2789  -0.000000000000  -0.707106781187   0.707106781187
                  -0.577350269190   0.577350269190   0.577350269190
0, 2789 12659.178244829011 13421.081146422101 14221.127591837532    1    7
         0, 2788   0.000000000000   0.707106781187  -0.707106781187
                  -0.577350269190   0.577350269190   0.577350269190
0, 2790 2402.651105453205 5208.158014882276 6814.750544702021    1    7
         0, 2791   0.000000000000   0.707106781187  -0.707106781187
                  -0.577350269190   0.577350269190   0.577350269190
0, 2791 1871.935778447179 4874.466140826658 6617.727091751612    2    0
         0, 2790  -0.000000000000  -0.707106781187   0.707106781187
                  -0.577350269190   0.577350269190   0.577350269190
         0, 2792   0.000000000000   0.707106781187  -0.707106781187
                  -0.577350269190   0.577350269190   0.577350269190
0, 2792 1341.220451441152 4540.774266771041 6420.703638801203    2    0
         0, 2791  -0.000000000000  -0.707106781187   0.707106781187
                  -0.577350269190   0.577350269190   0.577350269190
         0, 2793   0.000000000000   0.707106781187  -0.707106781187
                  -0.577350269190   0.577350269190   0.577350269190
0, 2793 810.505124435125 4207.082392715424 6223.680185850793    2    0
         0, 2792  -0.000000000000  -0.707106781187   0.707106781187
                  -0.577350269190   0.577350269190   0.577350269190
         0, 2794   0.000000000000   0.707106781187  -0.707106781187
                  -0.577350269190   0.577350269190   0.577350269190
0, 2794 279.789797429099 3873.390518659807 6026.656732900384    1    7
         0, 2793  -0.000000000000  -0.707106781187   0.707106781187
                  -0.577350269190   0.577350269190   0.577350269190
0, 2795 4626.591488529559 14048.136617224442 12468.670839787828    1    7
         0, 2796  -0.707106781187  -0.707106781187  -0.000000000000
                  -0.577350269190   0.577350269190   0.577350269190
0, 2796 4191.902519623268 13544.510775386119 12537.607712719859    2    0
         0, 2795   0.707106781187   0.707106781187   0.000000000000
                  -0.577350269190   0.577350269190   0.577350269190
         0, 2797  -0.707106781187  -0.707106781187  -0.000000000000
                  -0.577350269190   0.577350269190   0.577350269190
0, 2797 3757.213550716976 13040.884933547797 12606.544585651889    2    0
         0, 2796   0.707106781187   0.707106781187   0.000000000000
                  -0.577350269190   0.577350269190   0.577350269190
         0, 2798  -0.707106781187  -0.707106781187  -0.000000000000
                  -0.577350269190   0.577350269190   0.577350269190
0, 2798 3322.524581810685 12537.259091709475 12675.481458583921    2    0
         0, 2797   0.707106781187   0.707106781187   0.000000000000
                  -0.577350269190   0.577350269190   0.577350269190
         0, 2799  -0.707106781187  -0.707106781187  -0.000000000000
                  -0.577350269190   0.577350269190   0.577350269190
0, 2799 2887.835612904394 12033.633249871153 12744.418331515952    1    7
         0, 2798   0.707106781187   0.707106781187   0.000000000000
                  -0.577350269190   0.577350269190   0.577350269190
0, 2800 12086.332128857763 2697.153989843448 12224.253495824656    1    7
         0, 2801  -0.707106781187  -0.707106781187  -0.000000000000
                  -0.577350269190   0.577350269190   0.577350269190
0, 2801 11689.792745771258 2815.326767428075 11709.541335153523    2    0
         0, 2800   0.707106781187   0.707106781187   0.000000000000
                  -0.577350269190   0.577350269190   0.577350269190
         0, 2802  -0.707106781187  -0.707106781187  -0.000000000000
                  -0.577350269190   0.577350269190   0.577350269190
0, 2802 11293.253362684751 2933.499545012702 11194.829174482391    2    0
         0, 2801   0.707106781187   0.707106781187   0.000000000000
                  -0.577350269190   0.577350269190   0.577350269190
         0, 2803  -0.707106781187  -0.707106781187  -0.000000000000
                  -0.577350269190   0.577350269190   0.577350269190
0, 2803 10896.713979598246 3051.672322597329 10680.117013811257    2    0
         0, 2802   0.707106781187   0.707106781187   0.000000000000
                  -0.577350269190   0.577350269190   0.577350269190
         0, 2804  -0.707106781187  -0.707106781187  -0.000000000000
                  -0.577350269190   0.577350269190   0.577350269190
0, 2804 10500.174596511741 3169.845100181956 10165.404853140126    1    7
         0, 2803   0.707106781187   0.707106781187   0.000000000000
                  -0.577350269190   0.577350269190   0.577350269190
0, 2805 7392.068870013588 8234.295257448333 5067.233549331415    1    7
         0, 2806  -0.707106781187  -0.000000000000  -0.707106781187
                   0.577350269190   0.577350269190  -0.577350269190
0, 2806 7676.783768402606 8442.530403778721 5560.183594050822    2    0
         0, 2805   0.707106781187   0.000000000000   0.707106781187
                   0.577350269190   0.577350269190  -0.577350269190
         0, 2807  -0.707106781187  -0.000000000000  -0.707106781187
                   0.577350269190   0.577350269190  -0.577350269190
0, 2807 7961.498666791625 8650.765550109110 6053.133638770229    2    0
         0, 2806   0.707106781187   0.000000000000   0.707106781187
                   0.577350269190   0.577350269190  -0.577350269190
         0, 2808  -0.707106781187  -0.000000000000  -0.707106781187
                   0.577350269190   0.577350269190  -0.577350269190
0, 2808 8246.213565180644 8859.000696439498 6546.083683489634    2    0
         0, 2807   0.707106781187   0.000000000000   0.707106781187
                   0.577350269190   0.577350269190  -0.577350269190
         0, 2809  -0.707106781187  -0.000000000000  -0.707106781187
                   0.577350269190   0.577350269190  -0.577350269190
0, 2809 8530.928463569662 9067.235842769887 7039.033728209041    1    7
         0, 2808   0.707106781187   0.000000000000   0.707106781187
                   0.577350269190   0.577350269190  -0.577350269190
0, 2810 567.737798116158 13129.442038299223 10990.388784490975    1    7
         0, 2811   0.000000000000   0.707106781187  -0.707106781187
                  -0.577350269190   0.577350269190   0.577350269190
0, 2811 1021.686746710376 13609.190163956660 10964.589607427755    2    0
         0, 2810  -0.000000000000  -0.707106781187   0.707106781187
                  -0.577350269190   0.577350269190   0.577350269190
         0, 2812   0.000000000000   0.707106781187  -0.707106781187
                  -0.577350269190   0.577350269190   0.577350269190
0, 2812 1475.635695304594 14088.938289614100 10938.790430364535    2    0
         0, 2811  -0.000000000000  -0.707106781187   0.707106781187
                  -0.577350269190   0.577350269190   0.577350269190
         0, 2813   0.000000000000   0.707106781187  -0.707106781187
                  -0.577350269190   0.577350269190   0.577350269190
0, 2813 1929.584643898813 14568.686415271539 10912.991253301316    2    0
         0, 2812  -0.000000000000  -0.707106781187   0.707106781187
                  -0.577350269190   0.577350269190   0.577350269190
         0, 2814   0.000000000000   0.707106781187  -0.707106781187
                  -0.577350269190   0.577350269190   0.577350269190
0, 2814 2383.533592493031 15048.434540928976 10887.192076238094    1    7
         0, 2813  -0.000000000000  -0.707106781187   0.707106781187
                  -0.577350269190   0.577350269190   0.577350269190
0, 2815 17427.235762446904 13105.647955528231 9528.340901151947    1    7
         0, 2816  -0.707106781187  -0.000000000000   0.707106781187
                   0.577350269190   0.577350269190   0.577350269190
0, 2816 17790.649411773662 12727.455489597882 9543.119717755537    2    0
         0, 2815   0.707106781187   0.000000000000  -0.707106781187
                   0.577350269190   0.577350269190   0.577350269190
         0, 2817  -0.707106781187  -0.000000000000   0.707106781187
                   0.577350269190   0.577350269190   0.577350269190
0, 2817 18154.063061100424 12349.263023667530 9557.898534359128    2    0
         0, 2816   0.707106781187   0.000000000000  -0.707106781187
                   0.577350269190   0.577350269190   0.577350269190
         0, 2818  -0.707106781187  -0.000000000000   0.707106781187
                   0.577350269190   0.577350269190   0.577350269190
0, 2818 18517.476710427181 11971.070557737181 9572.677350962718    2    0
         0, 2817   0.707106781187   0.000000000000  -0.707106781187
                   0.577350269190   0.577350269190   0.577350269190
         0, 2819  -0.707106781187  -0.000000000000   0.707106781187
                   0.577350269190   0.577350269190   0.577350269190
0, 2819 18880.890359753943 11592.878091806831 9587.456167566308    1    7
         0, 2818   0.707106781187   0.000000000000  -0.707106781187
                   0.577350269190   0.577350269190   0.577350269190
0, 2820 5348.719960580831 8247.677507872362 13869.647872781659    1    7
         0, 2821  -0.707106781187  -0.707106781187  -0.000000000000
                   0.577350269190  -0.577350269190   0.577350269190
0, 2821 5762.746705380487 8580.014497017872 13787.958117127513    2    0
         0, 2820   0.707106781187   0.707106781187   0.000000000000
                   0.577350269190  -0.577350269190   0.577350269190
         0, 2822  -0.707106781187  -0.707106781187  -0.000000000000
                   0.577350269190  -0.577350269190   0.577350269190
0, 2822 6176.773450180142 8912.351486163381 13706.268361473367    2    0
         0, 2821   0.707106781187   0.707106781187   0.000000000000
                   0.577350269190  -0.577350269190   0.577350269190
         0, 2823  -0.707106781187  -0.707106781187  -0.000000000000
                   0.577350269190  -0.577350269190   0.577350269190
0, 2823 6590.800194979797 9244.688475308889 13624.578605819221    2    0
         0, 2822   0.707106781187   0.707106781187   0.000000000000
                   0.577350269190  -0.577350269190   0.577350269190
         0, 2824  -0.707106781187  -0.707106781187  -0.000000000000
                   0.577350269190  -0.577350269190   0.577350269190
0, 2824 7004.826939779453 9577.025464454398 13542.888850165074    1    7
         0, 2823   0.707106781187   0.707106781187   0.000000000000
                   0.577350269190  -0.577350269190   0.577350269190
0, 2825 6606.966864960627 13841.191810513461 13518.994995713061    1    7
         0, 2826  -0.707106781187   0.707106781187  -0.000000000000
                   0.577350269190   0.577350269190  -0.577350269190
0, 2826 6284.574820368683 13734.737225308807 13090.148365916462    2    0
         0, 2825   0.707106781187  -0.707106781187   0.000000000000
                   0.577350269190   0.577350269190  -0.577350269190
         0, 2827  -0.707106781187   0.707106781187  -0.000000000000
                   0.577350269190   0.577350269190  -0.577350269190
0, 2827 5962.182775776739 13628.282640104153 12661.301736119864    2    0
         0, 2826   0.707106781187  -0.707106781187   0.000000000000
                   0.577350269190   0.577350269190  -0.577350269190
         0, 2828  -0.707106781187   0.707106781187  -0.000000000000
                   0.577350269190   0.577350269190  -0.577350269190
0, 2828 5639.790731184794 13521.828054899499 12232.455106323267    2    0
         0, 2827   0.707106781187  -0.707106781187   0.000000000000
                   0.577350269190   0.577350269190  -0.577350269190
         0, 2829  -0.707106781187   0.707106781187  -0.000000000000
                   0.577350269190   0.577350269190  -0.577350269190
0, 2829 5317.398686592849 13415.373469694845 11803.608476526668    1    7
         0, 2828   0.707106781187  -0.707106781187   0.000000000000
                   0.577350269190   0.577350269190  -0.577350269190
0, 2830 18231.530821220629 11035.888881096020 14256.217156682698    1    7
         0, 2831   0.000000000000   0.707106781187  -0.707106781187
                   0.577350269190   0.577350269190   0.577350269190
0, 2831 18499.370531144632 10614.773790056381 14409.492537798335    2    0
         0, 2830  -0.000000000000  -0.707106781187   0.707106781187
                   0.577350269190   0.577350269190   0.577350269190
         0, 2832   0.000000000000   0.707106781187  -0.707106781187
                   0.577350269190   0.577350269190   0.577350269190
0, 2832 18767.210241068635 10193.658699016740 14562.767918913971    2    0
         0, 2831  -0.000000000000  -0.707106781187   0.707106781187
                   0.577350269190   0.577350269190   0.577350269190
         0, 2833   0.000000000000   0.707106781187  -0.707106781187
                   0.577350269190   0.577350269190   0.577350269190
0, 2833 19035.049950992641 9772.543607977101 14716.043300029607    2    0
         0, 2832  -0.000000000000  -0.707106781187   0.707106781187
                   0.577350269190   0.577350269190   0.577350269190
         0, 2834   0.000000000000   0.707106781187  -0.707106781187
                   0.577350269190   0.577350269190   0.577350269190
0, 2834 19302.889660916644 9351.428516937462 14869.318681145243    1    7
         0, 2833  -0.000000000000  -0.707106781187   0.707106781187
                   0.577350269190   0.577350269190   0.577350269190
0, 2835 5443.685194918346 8018.100302527042 5010.892877007276    1    7
         0, 2836  -0.707106781187   0.707106781187  -0.000000000000
                   0.577350269190   0.577350269190  -0.577350269190
0, 2836 5660.047729673401 8310.717782467749 5519.872891703038    2    0
         0, 2835   0.707106781187  -0.707106781187   0.000000000000
                   0.577350269190   0.577350269190  -0.577350269190
         0, 2837  -0.707106781187   0.707106781187  -0.000000000000
                   0.577350269190   0.577350269190  -0.577350269190
0, 2837 5876.410264428457 8603.335262408456 6028.852906398801    2    0
         0, 2836   0.707106781187  -0.707106781187   0.000000000000
                   0.577350269190   0.577350269190  -0.577350269190
         0, 2838  -0.707106781187   0.707106781187  -0.000000000000
                   0.577350269190   0.577350269190  -0.577350269190
0, 2838 6092.772799183512 8895.952742349164 6537.832921094563    2    0
         0, 2837   0.707106781187  -0.707106781187   0.000000000000
                   0.577350269190   0.577350269190  -0.577350269190
         0, 2839  -0.707106781187   0.707106781187  -0.000000000000
                   0.577350269190   0.577350269190  -0.577350269190
0, 2839 6309.135333938568 9188.570222289869 7046.812935790326    1    7
         0, 2838   0.707106781187  -0.707106781187   0.000000000000
                   0.577350269190   0.577350269190  -0.577350269190
0, 2840 12656.367292217303 6045.236460050911 15547.391838401234    1    7
         0, 2841   0.000000000000   0.707106781187  -0.707106781187
                  -0.577350269190   0.577350269190   0.577350269190
0, 2841 12321.524178254940 5522.946704821544 15734.838479668239    2    0
         0, 2840  -0.000000000000  -0.707106781187   0.707106781187
                  -0.577350269190   0.577350269190   0.577350269190
         0, 2842   0.000000000000   0.707106781187  -0.707106781187
                  -0.577350269190   0.577350269190   0.577350269190
0, 2842 11986.681064292576 5000.656949592178 15922.285120935241    2    0
         0, 2841  -0.000000000000  -0.707106781187   0.707106781187
                  -0.577350269190   0.577350269190   0.577350269190
         0, 2843   0.000000000000   0.707106781187  -0.707106781187
                  -0.577350269190   0.577350269190   0.577350269190
0, 2843 11651.837950330213 4478.367194362811 16109.731762202246    2    0
         0, 2842  -0.000000000000  -0.707106781187   0.707106781187
                  -0.577350269190   0.577350269190   0.577350269190
         0, 2844   0.000000000000   0.707106781187  -0.707106781187
                  -0.577350269190   0.577350269190   0.577350269190
0, 2844 11316.994836367850 3956.077439133444 16297.178403469248    1    7
         0, 2843  -0.000000000000  -0.707106781187   0.707106781187
                  -0.577350269190   0.577350269190   0.577350269190
0, 2845 3619.573952707799 9729.839144432988 521.288095818094    1    7
         0, 2846  -0.000000000000  -0.707106781187  -0.707106781187
                   0.577350269190  -0.577350269190   0.577350269190
0, 2846 3079.547138215702 9591.742954923671 923.218720800874    2    0
         0, 2845   0.000000000000   0.707106781187   0.707106781187
                   0.577350269190  -0.577350269190   0.577350269190
         0, 2847  -0.000000000000  -0.707106781187  -0.707106781187
                   0.577350269190  -0.577350269190   0.577350269190
0, 2847 2539.520323723606 9453.646765414354 1325.149345783655    2    0
         0, 2846   0.000000000000   0.707106781187   0.707106781187
                   0.577350269190  -0.577350269190   0.577350269190
         0, 2848  -0.000000000000  -0.707106781187  -0.707106781187
                   0.577350269190  -0.577350269190   0.577350269190
0, 2848 1999.493509231508 9315.550575905037 1727.079970766435    2    0
         0, 2847   0.000000000000   0.707106781187   0.707106781187
                   0.577350269190  -0.577350269190   0.577350269190
         0, 2849  -0.000000000000  -0.707106781187  -0.707106781187
                   0.577350269190  -0.577350269190   0.577350269190
0, 2849 1459.466694739411 9177.454386395722 2129.010595749216    1    7
         0, 2848   0.000000000000   0.707106781187   0.707106781187
                   0.577350269190  -0.577350269190   0.577350269190
0, 2850 19068.244636193842 5898.139052180513 12083.149582047605    1    7
         0, 2851   0.707106781187  -0.707106781187   0.000000000000
                   0.577350269190   0.577350269190   0.577350269190
0, 2851 19034.040039413478 6368.930253372030 11646.562977636451    2    0
         0, 2850  -0.707106781187   0.707106781187  -0.000000000000
                   0.577350269190   0.577350269190   0.577350269190
         0, 2852   0.707106781187  -0.707106781187   0.000000000000
                   0.577350269190   0.577350269190   0.577350269190
0, 2852 18999.835442633117 6839.721454563547 11209.976373225296    2    0
         0, 2851  -0.707106781187   0.707106781187  -0.000000000000
                   0.577350269190   0.577350269190   0.577350269190
         0, 2853   0.707106781187  -0.707106781187   0.000000000000
                   0.577350269190   0.577350269190   0.577350269190
0, 2853 18965.630845852753 7310.512655755064 10773.389768814142    2    0
         0, 2852  -0.707106781187   0.707106781187  -0.000000000000
                   0.577350269190   0.577350269190   0.577350269190
         0, 2854   0.707106781187  -0.707106781187   0.000000000000
                   0.577350269190   0.577350269190   0.577350269190
0, 2854 18931.426249072392 7781.303856946581 10336.803164402987    1    7
         0, 2853  -0.707106781187   0.707106781187  -0.000000000000
                   0.577350269190   0.577350269190   0.577350269190
0, 2855 10059.743898472401 7242.884862551079 5536.752616434962    1    7
         0, 2856  -0.000000000000  -0.707106781187   0.707106781187
                  -0.577350269190   0.577350269190   0.577350269190
0, 2856 9740.120259427027 7377.419736541046 5082.594103399621    2    0
         0, 2855   0.000000000000   0.707106781187  -0.707106781187
                  -0.577350269190   0.577350269190   0.577350269190
         0, 2857  -0.000000000000  -0.707106781187   0.707106781187
                  -0.577350269190   0.577350269190   0.577350269190
0, 2857 9420.496620381655 7511.954610531015 4628.435590364279    2    0
         0, 2856   0.000000000000   0.707106781187  -0.707106781187
                  -0.577350269190   0.577350269190   0.577350269190
         0, 2858  -0.000000000000  -0.707106781187   0.707106781187
                  -0.577350269190   0.577350269190   0.577350269190
0, 2858 9100.872981336281 7646.489484520982 4174.277077328939    2    0
         0, 2857   0.000000000000   0.707106781187  -0.707106781187
                  -0.577350269190   0.577350269190   0.577350269190
         0, 2859  -0.000000000000  -0.707106781187   0.707106781187
                  -0.577350269190   0.577350269190   0.577350269190
0, 2859 8781.249342290906 7781.024358510950 3720.118564293597    1    7
         0, 2858   0.000000000000   0.707106781187  -0.707106781187
                  -0.577350269190   0.577350269190   0.577350269190
0, 2860 19364.846960333216 7601.082204289074 2376.092987756620    1    7
         0, 2861   0.707106781187   0.000000000000  -0.707106781187
                   0.577350269190   0.577350269190   0.577350269190
0, 2861 19539.063597227560 8012.331303653934 1790.627251497415    2    0
         0, 2860  -0.707106781187  -0.000000000000   0.707106781187
                   0.577350269190   0.577350269190   0.577350269190
         0, 2862   0.707106781187   0.000000000000  -0.707106781187
                   0.577350269190   0.577350269190   0.577350269190
0, 2862 19713.280234121907 8423.580403018794 1205.161515238211    2    0
         0, 2861  -0.707106781187  -0.000000000000   0.707106781187
                   0.577350269190   0.577350269190   0.577350269190
         0, 2863   0.707106781187   0.000000000000  -0.707106781187
                   0.577350269190   0.577350269190   0.577350269190
0, 2863 19887.496871016250 8834.829502383654 619.695778979006    2    0
         0, 2862  -0.707106781187  -0.000000000000   0.707106781187
                   0.577350269190   0.577350269190   0.577350269190
         0, 2864   0.707106781187   0.000000000000  -0.707106781187
                   0.577350269190   0.577350269190   0.577350269190
0, 2864 20061.713507910594 9246.078601748513  34.230042719802    1    7
         0, 2863  -0.707106781187  -0.000000000000   0.707106781187
                   0.577350269190   0.577350269190   0.577350269190
0, 2865 7414.601092468796 14176.519855984010 18540.124610227213    1    7
         0, 2866   0.707106781187   0.000000000000  -0.707106781187
                   0.577350269190  -0.577350269190   0.577350269190
0, 2866 8006.320892579175 14256.891908611189 18028.776862744013    2    0
         0, 2865  -0.707106781187  -0.000000000000   0.707106781187
                   0.577350269190  -0.577350269190   0.577350269190
         0, 2867   0.707106781187   0.000000000000  -0.707106781187
                   0.577350269190  -0.577350269190   0.577350269190
0, 2867 8598.040692689554 14337.263961238368 17517.429115260813    2    0
         0, 2866  -0.707106781187  -0.000000000000   0.707106781187
                   0.577350269190  -0.577350269190   0.577350269190
         0, 2868   0.707106781187   0.000000000000  -0.707106781187
                   0.577350269190  -0.577350269190   0.577350269190
0, 2868 9189.760492799933 14417.636013865545 17006.081367777610    2    0
         0, 2867  -0.707106781187  -0.000000000000   0.707106781187
                   0.577350269190  -0.577350269190   0.577350269190
         0, 2869   0.707106781187   0.000000000000  -0.707106781187
                   0.577350269190  -0.577350269190   0.577350269190
0, 2869 9781.480292910313 14498.008066492725 16494.733620294410    1    7
         0, 2868  -0.707106781187  -0.000000000000   0.707106781187
                   0.577350269190  -0.577350269190   0.577350269190
0, 2870 18025.407529384924 1261.123327758480 17771.268749738814    1    7
         0, 2871  -0.707106781187  -0.000000000000  -0.707106781187
                  -0.577350269190   0.577350269190   0.577350269190
0, 2871 18420.942005907156 1138.403696647916 18289.522857371612    2    0
         0, 2870   0.707106781187   0.000000000000   0.707106781187
                  -0.577350269190   0.577350269190   0.577350269190
         0, 2872  -0.707106781187  -0.000000000000  -0.707106781187
                  -0.577350269190   0.577350269190   0.577350269190
0, 2872 18816.476482429389 1015.684065537352 18807.776965004407    2    0
         0, 2871   0.707106781187   0.000000000000   0.707106781187
                  -0.577350269190   0.577350269190   0.577350269190
         0, 2873  -0.707106781187  -0.000000000000  -0.707106781187
                  -0.577350269190   0.577350269190   0.577350269190
0, 2873 19212.010958951621 892.964434426788 19326.031072637204    2    0
         0, 2872   0.707106781187   0.000000000000   0.707106781187
                  -0.577350269190   0.577350269190   0.577350269190
         0, 2874  -0.707106781187  -0.000000000000  -0.707106781187
                  -0.577350269190   0.577350269190   0.577350269190
0, 2874 19607.545435473850 770.244803316223 19844.285180269999    1    7
         0, 2873   0.707106781187   0.000000000000   0.707106781187
                  -0.577350269190   0.577350269190   0.577350269190
0, 2875 9590.440574562464 10063.757693933670 17970.271413458806    1    7
         0, 2876   0.707106781187   0.707106781187   0.000000000000
                  -0.577350269190   0.577350269190   0.577350269190
0, 2876 9962.723517164912 10274.790802343501 18131.521247651421    2    0
         0, 2875  -0.707106781187  -0.707106781187  -0.000000000000
                  -0.577350269190   0.577350269190   0.577350269190
         0, 2877   0.707106781187   0.707106781187   0.000000000000
                  -0.577350269190   0.577350269190   0.577350269190
0, 2877 10335.006459767359 10485.823910753334 18292.771081844039    2    0
         0, 2876  -0.707106781187  -0.707106781187  -0.000000000000
                  -0.577350269190   0.577350269190   0.577350269190
         0, 2878   0.707106781187   0.707106781187   0.000000000000
                  -0.577350269190   0.577350269190   0.577350269190
0, 2878 10707.289402369806 10696.857019163164 18454.020916036654    2    0
         0, 2877  -0.707106781187  -0.707106781187  -0.000000000000
                  -0.577350269190   0.577350269190   0.577350269190
         0, 2879   0.707106781187   0.707106781187   0.000000000000
                  -0.577350269190   0.577350269190   0.577350269190
0, 2879 11079.572344972255 10907.890127572995 18615.270750229272    1    7
         0, 2878  -0.707106781187  -0.707106781187  -0.000000000000
                  -0.577350269190   0.577350269190   0.577350269190
0, 2880 2556.869853326697 3559.856727516887 3428.944528804576    1    7
         0, 2881  -0.000000000000  -0.707106781187   0.707106781187
                  -0.577350269190   0.577350269190   0.577350269190
0, 2881 2788.654997523628 3952.276059498151 3268.310341020243    2    0
         0, 2880   0.000000000000   0.707106781187  -0.707106781187
                  -0.577350269190   0.577350269190   0.577350269190
         0, 2882  -0.000000000000  -0.707106781187   0.707106781187
                  -0.577350269190   0.577350269190   0.577350269190
0, 2882 3020.440141720558 4344.695391479414 3107.676153235910    2    0
         0, 2881   0.000000000000   0.707106781187  -0.707106781187
                  -0.577350269190   0.577350269190   0.577350269190
         0, 2883  -0.000000000000  -0.707106781187   0.707106781187
                  -0.577350269190   0.577350269190   0.577350269190
0, 2883 3252.225285917489 4737.114723460677 2947.041965451577    2    0
         0, 2882   0.000000000000   0.707106781187  -0.707106781187
                  -0.577350269190   0.577350269190   0.577350269190
         0, 2884  -0.000000000000  -0.707106781187   0.707106781187
                  -0.577350269190   0.577350269190   0.577350269190
0, 2884 3484.010430114419 5129.534055441940 2786.407777667244    1    7
         0, 2883   0.000000000000   0.707106781187  -0.707106781187
                  -0.577350269190   0.577350269190   0.577350269190
0, 2885 9968.486769510208 6878.465379595903 13141.019859672542    1    7
         0, 2886  -0.707106781187  -0.000000000000   0.707106781187
                   0.577350269190  -0.577350269190   0.577350269190
0, 2886 10289.509666622125 7305.158688337420 13246.690271302143    2    0
         0, 2885   0.707106781187   0.000000000000  -0.707106781187
                   0.577350269190  -0.577350269190   0.577350269190
         0, 2887  -0.707106781187  -0.000000000000   0.707106781187
                   0.577350269190  -0.577350269190   0.577350269190
0, 2887 10610.532563734043 7731.851997078938 13352.360682931743    2    0
         0, 2886   0.707106781187   0.000000000000  -0.707106781187
                   0.577350269190  -0.577350269190   0.577350269190
         0, 2888  -0.707106781187  -0.000000000000   0.707106781187
                   0.577350269190  -0.577350269190   0.577350269190
0, 2888 10931.555460845959 8158.545305820455 13458.031094561342    2    0
         0, 2887   0.707106781187   0.000000000000  -0.707106781187
                   0.577350269190  -0.577350269190   0.577350269190
         0, 2889  -0.707106781187  -0.000000000000   0.707106781187
                   0.577350269190  -0.577350269190   0.577350269190
0, 2889 11252.578357957877 8585.238614561973 13563.701506190942    1    7
         0, 2888   0.707106781187   0.000000000000  -0.707106781187
                   0.577350269190  -0.577350269190   0.577350269190
0, 2890 10722.210341532589 16661.157798484648 9461.298226562072    1    7
         0, 2891   0.707106781187   0.000000000000   0.707106781187
                  -0.577350269190   0.577350269190   0.577350269190
0, 2891 10841.974278836435 16386.886820102947 9855.333142247619    2    0
         0, 2890  -0.707106781187  -0.000000000000  -0.707106781187
                  -0.577350269190   0.577350269190   0.577350269190
         0, 2892   0.707106781187   0.000000000000   0.707106781187
                  -0.577350269190   0.577350269190   0.577350269190
0, 2892 10961.738216140280 16112.615841721245 10249.368057933167    2    0
         0, 2891  -0.707106781187  -0.000000000000  -0.707106781187
                  -0.577350269190   0.577350269190   0.577350269190
         0, 2893   0.707106781187   0.000000000000   0.707106781187
                  -0.577350269190   0.577350269190   0.577350269190
0, 2893 11081.502153444124 15838.344863339542 10643.402973618713    2    0
         0, 2892  -0.707106781187  -0.000000000000  -0.707106781187
                  -0.577350269190   0.577350269190   0.577350269190
         0, 2894   0.707106781187   0.000000000000   0.707106781187
                  -0.577350269190   0.577350269190   0.577350269190
0, 2894 11201.266090747969 15564.073884957839 11037.437889304261    1    7
         0, 2893  -0.707106781187  -0.000000000000  -0.707106781187
                  -0.577350269190   0.577350269190   0.577350269190
0, 2895 6931.545083651287 7771.116927907073 5607.914769554678    1    7
         0, 2896   0.707106781187   0.707106781187   0.000000000000
                  -0.577350269190   0.577350269190   0.577350269190
0, 2896 7466.627561485092 7884.107037572498 6030.007137723059    2    0
         0, 2895  -0.707106781187  -0.707106781187  -0.000000000000
                  -0.577350269190   0.577350269190   0.577350269190
         0, 2897   0.707106781187   0.707106781187   0.000000000000
                  -0.577350269190   0.577350269190   0.577350269190
0, 2897 8001.710039318897 7997.097147237921 6452.099505891439    2    0
         0, 2896  -0.707106781187  -0.707106781187  -0.000000000000
                  -0.577350269190   0.577350269190   0.577350269190
         0, 2898   0.707106781187   0.707106781187   0.000000000000
                  -0.577350269190   0.577350269190   0.577350269190
0, 2898 8536.792517152702 8110.087256903346 6874.191874059819    2    0
         0, 2897  -0.707106781187  -0.707106781187  -0.000000000000
                  -0.577350269190   0.577350269190   0.577350269190
         0, 2899   0.707106781187   0.707106781187   0.000000000000
                  -0.577350269190   0.577350269190   0.577350269190
0, 2899 9071.874994986507 8223.077366568770 7296.284242228199    1    7
         0, 2898  -0.707106781187  -0.707106781187  -0.000000000000
                  -0.577350269190   0.577350269190   0.577350269190
0, 2900 12932.349547095593 9353.385190566811 3994.319395847695    1    7
         0, 2901   0.000000000000   0.707106781187  -0.707106781187
                  -0.577350269190   0.577350269190   0.577350269190
0, 2901 13057.232914358328 9042.251141143455 4430.336812533786    2    0
         0, 2900  -0.000000000000  -0.707106781187   0.707106781187
                  -0.577350269190   0.577350269190   0.577350269190
         0, 2902   0.000000000000   0.707106781187  -0.707106781187
                  -0.577350269190   0.577350269190   0.577350269190
0, 2902 13182.116281621065 8731.117091720102 4866.354229219876    2    0
         0, 2901  -0.000000000000  -0.707106781187   0.707106781187
                  -0.577350269190   0.577350269190   0.577350269190
         0, 2903   0.000000000000   0.707106781187  -0.707106781187
                  -0.577350269190   0.577350269190   0.577350269190
0, 2903 13306.999648883801 8419.983042296746 5302.371645905967    2    0
         0, 2902  -0.000000000000  -0.707106781187   0.707106781187
                  -0.577350269190   0.577350269190   0.577350269190
         0, 2904   0.000000000000   0.707106781187  -0.707106781187
                  -0.577350269190   0.577350269190   0.577350269190
0, 2904 13431.883016146538 8108.848992873391 5738.389062592059    1    7
         0, 2903  -0.000000000000  -0.707106781187   0.707106781187
                  -0.577350269190   0.577350269190   0.577350269190
0, 2905 11414.325314463398 15597.559912001041 2771.324113643193    1    7
         0, 2906   0.707106781187   0.000000000000  -0.707106781187
                   0.577350269190   0.577350269190   0.577350269190
0, 2906 11069.621688484995 15911.913925355433 2801.673726267205    2    0
         0, 2905  -0.707106781187  -0.000000000000   0.707106781187
                   0.577350269190   0.577350269190   0.577350269190
         0, 2907   0.707106781187   0.000000000000  -0.707106781187
                   0.577350269190   0.577350269190   0.577350269190
0, 2907 10724.918062506591 16226.267938709825 2832.023338891217    2    0
         0, 2906  -0.707106781187  -0.000000000000   0.707106781187
                   0.577350269190   0.577350269190   0.577350269190
         0, 2908   0.707106781187   0.000000000000  -0.707106781187
                   0.577350269190   0.577350269190   0.577350269190
0, 2908 10380.214436528187 16540.621952064215 2862.372951515229    2    0
         0, 2907  -0.707106781187  -0.000000000000   0.707106781187
                   0.577350269190   0.577350269190   0.577350269190
         0, 2909   0.707106781187   0.000000000000  -0.707106781187
                   0.577350269190   0.577350269190   0.577350269190
0, 2909 10035.510810549782 16854.975965418609 2892.722564139242    1    7
         0, 2908  -0.707106781187  -0.000000000000   0.707106781187
                   0.577350269190   0.577350269190   0.577350269190
0, 2910 10988.948766038166 10066.893135291250 2342.000308859446    1    7
         0, 2911  -0.707106781187  -0.000000000000   0.707106781187
                   0.577350269190   0.577350269190   0.577350269190
0, 2911 11321.785943113680 10153.830446373862 1922.225820701319    2    0
         0, 2910   0.707106781187   0.000000000000  -0.707106781187
                   0.577350269190   0.577350269190   0.577350269190
         0, 2912  -0.707106781187  -0.000000000000   0.707106781187
                   0.577350269190   0.577350269190   0.577350269190
0, 2912 11654.623120189195 10240.767757456475 1502.451332543191    2    0
         0, 2911   0.707106781187   0.000000000000  -0.707106781187
                   0.577350269190   0.577350269190   0.577350269190
         0, 2913  -0.707106781187  -0.000000000000   0.707106781187
                   0.577350269190   0.577350269190   0.577350269190
0, 2913 11987.460297264712 10327.705068539088 1082.676844385063    2    0
         0, 2912   0.707106781187   0.000000000000  -0.707106781187
                   0.577350269190   0.577350269190   0.577350269190
         0, 2914  -0.707106781187  -0.000000000000   0.707106781187
                   0.577350269190   0.577350269190   0.577350269190
0, 2914 12320.297474340226 10414.642379621700 662.902356226935    1    7
         0, 2913   0.707106781187   0.000000000000  -0.707106781187
                   0.577350269190   0.577350269190   0.577350269190
0, 2915 7605.130497707894 13941.048895350874 10738.952622760544    1    7
         0, 2916  -0.707106781187  -0.000000000000   0.707106781187
                   0.577350269190  -0.577350269190   0.577350269190
0, 2916 7329.826709805178 13294.935779080062 10368.143294392448    2    0
         0, 2915   0.707106781187   0.000000000000  -0.707106781187
                   0.577350269190  -0.577350269190   0.577350269190
         0, 2917  -0.707106781187  -0.000000000000   0.707106781187
                   0.577350269190  -0.577350269190   0.577350269190
0, 2917 7054.522921902462 12648.822662809249 9997.333966024351    2    0
         0, 2916   0.707106781187   0.000000000000  -0.707106781187
                   0.577350269190  -0.577350269190   0.577350269190
         0, 2918  -0.707106781187  -0.000000000000   0.707106781187
                   0.577350269190  -0.577350269190   0.577350269190
0, 2918 6779.219133999747 12002.709546538437 9626.524637656255    2    0
         0, 2917   0.707106781187   0.000000000000  -0.707106781187
                   0.577350269190  -0.577350269190   0.577350269190
         0, 2919  -0.707106781187  -0.000000000000   0.707106781187
                   0.577350269190  -0.577350269190   0.577350269190
0, 2919 6503.915346097031 11356.596430267626 9255.715309288158    1    7
         0, 2918   0.707106781187   0.000000000000  -0.707106781187
                   0.577350269190  -0.577350269190   0.577350269190
0, 2920 3499.223945688439 3409.921459202837 12600.300588865221    1    7
         0, 2921   0.707106781187   0.707106781187   0.000000000000
                  -0.577350269190   0.577350269190   0.577350269190
0, 2921 3807.374694040424 3964.068311546417 12354.304484873624    2    0
         0, 2920  -0.707106781187  -0.707106781187  -0.000000000000
                  -0.577350269190   0.577350269190   0.577350269190
         0, 2922   0.707106781187   0.707106781187   0.000000000000
                  -0.577350269190   0.577350269190   0.577350269190
0, 2922 4115.525442392408 4518.215163889998 12108.308380882028    2    0
         0, 2921  -0.707106781187  -0.707106781187  -0.000000000000
                  -0.577350269190   0.577350269190   0.577350269190
         0, 2923   0.707106781187   0.707106781187   0.000000000000
                  -0.577350269190   0.577350269190   0.577350269190
0, 2923 4423.676190744392 5072.362016233578 11862.312276890432    2    0
         0, 2922  -0.707106781187  -0.707106781187  -0.000000000000
                  -0.577350269190   0.577350269190   0.577350269190
         0, 2924   0.707106781187   0.707106781187   0.000000000000
                  -0.577350269190   0.577350269190   0.577350269190
0, 2924 4731.826939096377 5626.508868577159 11616.316172898834    1    7
         0, 2923  -0.707106781187  -0.707106781187  -0.000000000000
                  -0.577350269190   0.577350269190   0.577350269190
0, 2925 5570.478717138258 2309.152484017200 16541.598405711717    1    7
         0, 2926  -0.707106781187  -0.707106781187  -0.000000000000
                   0.577350269190  -0.577350269190   0.577350269190
0, 2926 5140.730034893444 2177.339204125204 16839.533808064534    2    0
         0, 2925   0.707106781187   0.707106781187   0.000000000000
                   0.577350269190  -0.577350269190   0.577350269190
         0, 2927  -0.707106781187  -0.707106781187  -0.000000000000
                   0.577350269190  -0.577350269190   0.577350269190
0, 2927 4710.981352648630 2045.525924233208 17137.469210417352    2    0
         0, 2926   0.707106781187   0.707106781187   0.000000000000
                   0.577350269190  -0.577350269190   0.577350269190
         0, 2928  -0.707106781187  -0.707106781187  -0.000000000000
                   0.577350269190  -0.577350269190   0.577350269190
0, 2928 4281.232670403816 1913.712644341213 17435.404612770169    2    0
         0, 2927   0.707106781187   0.707106781187   0.000000000000
                   0.577350269190  -0.577350269190   0.577350269190
         0, 2929  -0.707106781187  -0.707106781187  -0.000000000000
                   0.577350269190  -0.577350269190   0.577350269190
0, 2929 3851.483988159001 1781.899364449217 17733.340015122991    1    7
         0, 2928   0.707106781187   0.707106781187   0.000000000000
                   0.577350269190  -0.577350269190   0.577350269190
0, 2930 19296.515642913517 18221.709186137243 13114.657670402772    1    7
         0, 2931   0.707106781187   0.000000000000  -0.707106781187
                   0.577350269190  -0.577350269190   0.577350269190
0, 2931 19058.815539578041 18418.011683959416 13548.660271560420    2    0
         0, 2930  -0.707106781187  -0.000000000000   0.707106781187
                   0.577350269190  -0.577350269190   0.577350269190
         0, 2932   0.707106781187   0.000000000000  -0.707106781187
                   0.577350269190  -0.577350269190   0.577350269190
0, 2932 18821.115436242562 18614.314181781585 13982.662872718069    2    0
         0, 2931  -0.707106781187  -0.000000000000   0.707106781187
                   0.577350269190  -0.577350269190   0.577350269190
         0, 2933   0.707106781187   0.000000000000  -0.707106781187
                   0.577350269190  -0.577350269190   0.577350269190
0, 2933 18583.415332907087 18810.616679603758 14416.665473875717    2    0
         0, 2932  -0.707106781187  -0.000000000000   0.707106781187
                   0.577350269190  -0.577350269190   0.577350269190
         0, 2934   0.707106781187   0.000000000000  -0.707106781187
                   0.577350269190  -0.577350269190   0.577350269190
0, 2934 18345.715229571608 19006.919177425931 14850.668075033367    1    7
         0, 2933  -0.707106781187  -0.000000000000   0.707106781187
                   0.577350269190  -0.577350269190   0.577350269190
0, 2935 19876.205962000065 19073.742867115056 4372.697082270734    1    7
         0, 2936   0.000000000000   0.707106781187   0.707106781187
                   0.577350269190   0.577350269190  -0.577350269190
0, 2936 19528.212007400754 18794.181108004890 3745.141368561255    2    0
         0, 2935  -0.000000000000  -0.707106781187  -0.707106781187
                   0.577350269190   0.577350269190  -0.577350269190
         0, 2937   0.000000000000   0.707106781187   0.707106781187
                   0.577350269190   0.577350269190  -0.577350269190
0, 2937 19180.218052801440 18514.619348894721 3117.585654851775    2    0
         0, 2936  -0.000000000000  -0.707106781187  -0.707106781187
                   0.577350269190   0.577350269190  -0.577350269190
         0, 2938   0.000000000000   0.707106781187   0.707106781187
                   0.577350269190   0.577350269190  -0.577350269190
0, 2938 18832.224098202129 18235.057589784556 2490.029941142295    2    0
         0, 2937  -0.000000000000  -0.707106781187  -0.707106781187
                   0.577350269190   0.577350269190  -0.577350269190
         0, 2939   0.000000000000   0.707106781187   0.707106781187
                   0.577350269190   0.577350269190  -0.577350269190
0, 2939 18484.230143602814 17955.495830674387 1862.474227432815    1    7
         0, 2938  -0.000000000000  -0.707106781187  -0.707106781187
                   0.577350269190   0.577350269190  -0.577350269190
0, 2940 2800.414806409449 14446.105453713089 4993.916871939897    1    7
         0, 2941  -0.707106781187   0.707106781187  -0.000000000000
                   0.577350269190   0.577350269190   0.577350269190
0, 2941 2744.273518383119 14041.182943710370 5454.980669968945    2    0
         0, 2940   0.707106781187  -0.707106781187   0.000000000000
                   0.577350269190   0.577350269190   0.577350269190
         0, 2942  -0.707106781187   0.707106781187  -0.000000000000
                   0.577350269190   0.577350269190   0.577350269190
0, 2942 2688.132230356790 13636.260433707652 5916.044467997994    2    0
         0, 2941   0.707106781187  -0.707106781187   0.000000000000
                   0.577350269190   0.577350269190   0.577350269190
         0, 2943  -0.707106781187   0.707106781187  -0.000000000000
                   0.577350269190   0.577350269190   0.577350269190
0, 2943 2631.990942330460 13231.337923704932 6377.108266027043    2    0
         0, 2942   0.707106781187  -0.707106781187   0.000000000000
                   0.577350269190   0.577350269190   0.577350269190
         0, 2944  -0.707106781187   0.707106781187  -0.000000000000
                   0.577350269190   0.577350269190   0.577350269190
0, 2944 2575.849654304131 12826.415413702212 6838.172064056092    1    7
         0, 2943   0.707106781187  -0.707106781187   0.000000000000
                   0.577350269190   0.577350269190   0.577350269190
0, 2945 10386.552888978817 3733.055416671347 9490.282584097591    1    7
         0, 2946  -0.000000000000  -0.707106781187  -0.707106781187
                   0.577350269190   0.577350269190  -0.577350269190
0, 2946 10193.734513445101 3567.644204178880 9132.052996071408    2    0
         0, 2945   0.000000000000   0.707106781187   0.707106781187
                   0.577350269190   0.577350269190  -0.577350269190
         0, 2947  -0.000000000000  -0.707106781187  -0.707106781187
                   0.577350269190   0.577350269190  -0.577350269190
0, 2947 10000.916137911385 3402.232991686414 8773.823408045226    2    0
         0, 2946   0.000000000000   0.707106781187   0.707106781187
                   0.577350269190   0.577350269190  -0.577350269190
         0, 2948  -0.000000000000  -0.707106781187  -0.707106781187
                   0.577350269190   0.577350269190  -0.577350269190
0, 2948 9808.097762377669 3236.821779193947 8415.593820019043    2    0
         0, 2947   0.000000000000   0.707106781187   0.707106781187
                   0.577350269190   0.577350269190  -0.577350269190
         0, 2949  -0.000000000000  -0.707106781187  -0.707106781187
                   0.577350269190   0.577350269190  -0.577350269190
0, 2949 9615.279386843953 3071.410566701481 8057.364231992861    1    7
         0, 2948   0.000000000000   0.707106781187   0.707106781187
                   0.577350269190   0.577350269190  -0.577350269190
0, 2950 2710.703301531169 11416.507619331005 3841.976999631838    1    7
         0, 2951   0.707106781187  -0.707106781187   0.000000000000
                   0.577350269190   0.577350269190   0.577350269190
0, 2951 3056.594184690612 10926.641104047067 3985.952631756334    2    0
         0, 2950  -0.707106781187   0.707106781187  -0.000000000000
                   0.577350269190   0.577350269190   0.577350269190
         0, 2952   0.707106781187  -0.707106781187   0.000000000000
                   0.577350269190   0.577350269190   0.577350269190
0, 2952 3402.485067850055 10436.774588763126 4129.928263880830    2    0
         0, 2951  -0.707106781187   0.707106781187  -0.000000000000
                   0.577350269190   0.577350269190   0.577350269190
         0, 2953   0.707106781187  -0.707106781187   0.000000000000
                   0.577350269190   0.577350269190   0.577350269190
0, 2953 3748.375951009499 9946.908073479188 4273.903896005326    2    0
         0, 2952  -0.707106781187   0.707106781187  -0.000000000000
                   0.577350269190   0.577350269190   0.577350269190
         0, 2954   0.707106781187  -0.707106781187   0.000000000000
                   0.577350269190   0.577350269190   0.577350269190
0, 2954 4094.266834168941 9457.041558195249 4417.879528129822    1    7
         0, 2953  -0.707106781187   0.707106781187  -0.000000000000
                   0.577350269190   0.577350269190   0.577350269190
0, 2955 994.390126511108 3184.398417108716 9179.811715659944    1    7
         0, 2956   0.000000000000   0.707106781187   0.707106781187
                   0.577350269190   0.577350269190  -0.577350269190
0, 2956 1475.874686559185 3072.484343709613 9549.382202308918    2    0
         0, 2955  -0.000000000000  -0.707106781187  -0.707106781187
                   0.577350269190   0.577350269190  -0.577350269190
         0, 2957   0.000000000000   0.707106781187   0.707106781187
                   0.577350269190   0.577350269190  -0.577350269190
0, 2957 1957.359246607262 2960.570270310510 9918.952688957892    2    0
         0, 2956  -0.000000000000  -0.707106781187  -0.707106781187
                   0.577350269190   0.577350269190  -0.577350269190
         0, 2958   0.000000000000   0.707106781187   0.707106781187
                   0.577350269190   0.577350269190  -0.577350269190
0, 2958 2438.843806655339 2848.656196911407 10288.523175606868    2    0
         0, 2957  -0.000000000000  -0.707106781187  -0.707106781187
                   0.577350269190   0.577350269190  -0.577350269190
         0, 2959   0.000000000000   0.707106781187   0.707106781187
                   0.577350269190   0.577350269190  -0.577350269190
0, 2959 2920.328366703417 2736.742123512305 10658.093662255842    1    7
         0, 2958  -0.000000000000  -0.707106781187  -0.707106781187
                   0.577350269190   0.577350269190  -0.577350269190
0, 2960 8090.172377333035 12050.963555288381 4508.881594552402    1    7
         0, 2961   0.707106781187   0.000000000000   0.707106781187
                   0.577350269190   0.577350269190  -0.577350269190
0, 2961 8524.180853334177 11824.495559200084 4716.422074465248    2    0
         0, 2960  -0.707106781187  -0.000000000000  -0.707106781187
                   0.577350269190   0.577350269190  -0.577350269190
         0, 2962   0.707106781187   0.000000000000   0.707106781187
                   0.577350269190   0.577350269190  -0.577350269190
0, 2962 8958.189329335319 11598.027563111789 4923.962554378093    2    0
         0, 2961  -0.707106781187  -0.000000000000  -0.707106781187
                   0.577350269190   0.577350269190  -0.577350269190
         0, 2963   0.707106781187   0.000000000000   0.707106781187
                   0.577350269190   0.577350269190  -0.577350269190
0, 2963 9392.197805336460 11371.559567023492 5131.503034290939    2    0
         0, 2962  -0.707106781187  -0.000000000000  -0.707106781187
                   0.577350269190   0.577350269190  -0.577350269190
         0, 2964   0.707106781187   0.000000000000   0.707106781187
                   0.577350269190   0.577350269190  -0.577350269190
0, 2964 9826.206281337603 11145.091570935196 5339.043514203785    1    7
         0, 2963  -0.707106781187  -0.000000000000  -0.707106781187
                   0.577350269190   0.577350269190  -0.577350269190
0, 2965 8687.822772633093 19897.713824850089 20007.160999882075    1    7
         0, 2966  -0.000000000000  -0.707106781187   0.707106781187
                   0.577350269190   0.577350269190   0.577350269190
0, 2966 9054.572450340282 19654.021836839729 19884.103310185248    2    0
         0, 2965   0.000000000000   0.707106781187  -0.707106781187
                   0.577350269190   0.577350269190   0.577350269190
         0, 2967  -0.000000000000  -0.707106781187   0.707106781187
                   0.577350269190   0.577350269190   0.577350269190
0, 2967 9421.322128047472 19410.329848829366 19761.045620488421    2    0
         0, 2966   0.000000000000   0.707106781187  -0.707106781187
                   0.577350269190   0.577350269190   0.577350269190
         0, 2968  -0.000000000000  -0.707106781187   0.707106781187
                   0.577350269190   0.577350269190   0.577350269190
0, 2968 9788.071805754660 19166.637860819006 19637.987930791591    2    0
         0, 2967   0.000000000000   0.707106781187  -0.707106781187
                   0.577350269190   0.577350269190   0.577350269190
         0, 2969  -0.000000000000  -0.707106781187   0.707106781187
                   0.577350269190   0.577350269190   0.577350269190
0, 2969 10154.821483461848 18922.945872808643 19514.930241094764    1    7
         0, 2968   0.000000000000   0.707106781187  -0.707106781187
                   0.577350269190   0.577350269190   0.577350269190
0, 2970 2431.958995489530 7016.767211674530 6031.796642101714    1    7
         0, 2971   0.707106781187   0.000000000000   0.707106781187
                   0.577350269190   0.577350269190  -0.577350269190
0, 2971 2211.178579066923 6824.836312975456 5619.085326980032    2    0
         0, 2970  -0.707106781187  -0.000000000000  -0.707106781187
                   0.577350269190   0.577350269190  -0.577350269190
         0, 2972   0.707106781187   0.000000000000   0.707106781187
                   0.577350269190   0.577350269190  -0.577350269190
0, 2972 1990.398162644315 6632.905414276383 5206.374011858351    2    0
         0, 2971  -0.707106781187  -0.000000000000  -0.707106781187
                   0.577350269190   0.577350269190  -0.577350269190
         0, 2973   0.707106781187   0.000000000000   0.707106781187
                   0.577350269190   0.577350269190  -0.577350269190
0, 2973 1769.617746221707 6440.974515577309 4793.662696736670    2    0
         0, 2972  -0.707106781187  -0.000000000000  -0.707106781187
                   0.577350269190   0.577350269190  -0.577350269190
         0, 2974   0.707106781187   0.000000000000   0.707106781187
                   0.577350269190   0.577350269190  -0.577350269190
0, 2974 1548.837329799100 6249.043616878235 4380.951381614988    1    7
         0, 2973  -0.707106781187  -0.000000000000  -0.707106781187
                   0.577350269190   0.577350269190  -0.577350269190
0, 2975 9656.423613560093 6554.402144889680 5097.462912626515    1    7
         0, 2976   0.000000000000   0.707106781187  -0.707106781187
                  -0.577350269190   0.577350269190   0.577350269190
0, 2976 9402.136968213066 6750.279880261380 4647.298531907788    2    0
         0, 2975  -0.000000000000  -0.707106781187   0.707106781187
                  -0.577350269190   0.577350269190   0.577350269190
         0, 2977   0.000000000000   0.707106781187  -0.707106781187
                  -0.577350269190   0.577350269190   0.577350269190
0, 2977 9147.850322866037 6946.157615633078 4197.134151189061    2    0
         0, 2976  -0.000000000000  -0.707106781187   0.707106781187
                  -0.577350269190   0.577350269190   0.577350269190
         0, 2978   0.000000000000   0.707106781187  -0.707106781187
                  -0.577350269190   0.577350269190   0.577350269190
0, 2978 8893.563677519011 7142.035351004778 3746.969770470334    2    0
         0, 2977  -0.000000000000  -0.707106781187   0.707106781187
                  -0.577350269190   0.577350269190   0.577350269190
         0, 2979   0.000000000000   0.707106781187  -0.707106781187
                  -0.577350269190   0.577350269190   0.577350269190
0, 2979 8639.277032171982 7337.913086376478 3296.805389751607    1    7
         0, 2978  -0.000000000000  -0.707106781187   0.707106781187
                  -0.577350269190   0.577350269190   0.577350269190
0, 2980 17312.491701464740 5008.302987141029 10179.973911983107    1    7
         0, 2981   0.707106781187   0.707106781187   0.000000000000
                   0.577350269190  -0.577350269190   0.577350269190
0, 2981 16963.628416874952 4952.506185711592 10473.040395143458    2    0
         0, 2980  -0.707106781187  -0.707106781187  -0.000000000000
                   0.577350269190  -0.577350269190   0.577350269190
         0, 2982   0.707106781187   0.707106781187   0.000000000000
                   0.577350269190  -0.577350269190   0.577350269190
0, 2982 16614.765132285160 4896.709384282155 10766.106878303812    2    0
         0, 2981  -0.707106781187  -0.707106781187  -0.000000000000
                   0.577350269190  -0.577350269190   0.577350269190
         0, 2983   0.707106781187   0.707106781187   0.000000000000
                   0.577350269190  -0.577350269190   0.577350269190
0, 2983 16265.901847695372 4840.912582852718 11059.173361464163    2    0
         0, 2982  -0.707106781187  -0.707106781187  -0.000000000000
                   0.577350269190  -0.577350269190   0.577350269190
         0, 2984   0.707106781187   0.707106781187   0.000000000000
                   0.577350269190  -0.577350269190   0.577350269190
0, 2984 15917.038563105583 4785.115781423280 11352.239844624515    1    7
         0, 2983  -0.707106781187  -0.707106781187  -0.000000000000
                   0.577350269190  -0.577350269190   0.577350269190
0, 2985 4101.170490975039 3237.904636668568 11567.864084290159    1    7
         0, 2986   0.707106781187   0.000000000000  -0.707106781187
                   0.577350269190   0.577350269190   0.577350269190
0, 2986 3794.517710737366 3248.187639059024 11864.233862137376    2    0
         0, 2985  -0.707106781187  -0.000000000000   0.707106781187
                   0.577350269190   0.577350269190   0.577350269190
         0, 2987   0.707106781187   0.000000000000  -0.707106781187
                   0.577350269190   0.577350269190   0.577350269190
0, 2987 3487.864930499692 3258.470641449479 12160.603639984594    2    0
         0, 2986  -0.707106781187  -0.000000000000   0.707106781187
                   0.577350269190   0.577350269190   0.577350269190
         0, 2988   0.707106781187   0.000000000000  -0.707106781187
                   0.577350269190   0.577350269190   0.577350269190
0, 2988 3181.212150262019 3268.753643839935 12456.973417831810    2    0
         0, 2987  -0.707106781187  -0.000000000000   0.707106781187
                   0.577350269190   0.577350269190   0.577350269190
         0, 2989   0.707106781187   0.000000000000  -0.707106781187
                   0.577350269190   0.577350269190   0.577350269190
0, 2989 2874.559370024346 3279.036646230390 12753.343195679028    1    7
         0, 2988  -0.707106781187  -0.000000000000   0.707106781187
                   0.577350269190   0.577350269190   0.577350269190
0, 2990 17046.258060313063 860.474597305836 12077.013515512852    1    7
         0, 2991  -0.000000000000  -0.707106781187  -0.707106781187
                   0.577350269190  -0.577350269190   0.577350269190
0, 2991 17482.868775640847 878.173804967204 11658.102007846437    2    0
         0, 2990   0.000000000000   0.707106781187   0.707106781187
                   0.577350269190  -0.577350269190   0.577350269190
         0, 2992  -0.000000000000  -0.707106781187  -0.707106781187
                   0.577350269190  -0.577350269190   0.577350269190
0, 2992 17919.479490968628 895.873012628572 11239.190500180021    2    0
         0, 2991   0.000000000000   0.707106781187   0.707106781187
                   0.577350269190  -0.577350269190   0.577350269190
         0, 2993  -0.000000000000  -0.707106781187  -0.707106781187
                   0.577350269190  -0.577350269190   0.577350269190
0, 2993 18356.090206296412 913.572220289940 10820.278992513606    2    0
         0, 2992   0.000000000000   0.707106781187   0.707106781187
                   0.577350269190  -0.577350269190   0.577350269190
         0, 2994  -0.000000000000  -0.707106781187  -0.707106781187
                   0.577350269190  -0.577350269190   0.577350269190
0, 2994 18792.700921624197 931.271427951307 10401.367484847189    1    7
         0, 2993   0.000000000000   0.707106781187   0.707106781187
                   0.577350269190  -0.577350269190   0.577350269190
0, 2995 8602.921762412321 3718.865298296698 13714.797788263688    1    7
         0, 2996  -0.707106781187  -0.000000000000   0.707106781187
                   0.577350269190   0.577350269190   0.577350269190
0, 2996 8872.859293609756 3182.544055111669 13981.181500251281    2    0
         0, 2995   0.707106781187   0.000000000000  -0.707106781187
                   0.577350269190   0.577350269190   0.577350269190
         0, 2997  -0.707106781187  -0.000000000000   0.707106781187
                   0.577350269190   0.577350269190   0.577350269190
0, 2997 9142.796824807192 2646.222811926639 14247.565212238876    2    0
         0, 2996   0.707106781187   0.000000000000  -0.707106781187
                   0.577350269190   0.577350269190   0.577350269190
         0, 2998  -0.707106781187  -0.000000000000   0.707106781187
                   0.577350269190   0.577350269190   0.577350269190
0, 2998 9412.734356004627 2109.901568741609 14513.948924226470    2    0
         0, 2997   0.707106781187   0.000000000000  -0.707106781187
                   0.577350269190   0.577350269190   0.577350269190
         0, 2999  -0.707106781187  -0.000000000000   0.707106781187
                   0.577350269190   0.577350269190   0.577350269190
0, 2999 9682.671887202063 1573.580325556580 14780.332636214063    1    7
         0, 2998   0.707106781187   0.000000000000  -0.707106781187
                   0.577350269190   0.577350269190   0.577350269190
0, 3000 6477.421850322585 18221.415058725466 16250.901110780351    1    7
         0, 3001   0.707106781187  -0.707106781187   0.000000000000
                   0.577350269190   0.577350269190  -0.577350269190
0, 3001 6421.022789778704 17961.410298746327 15934.497290257330    2    0
         0, 3000  -0.707106781187   0.707106781187  -0.000000000000
                   0.577350269190   0.577350269190  -0.577350269190
         0, 3002   0.707106781187  -0.707106781187   0.000000000000
                   0.577350269190   0.577350269190  -0.577350269190
0, 3002 6364.623729234823 17701.405538767187 15618.093469734311    2    0
         0, 3001  -0.707106781187   0.707106781187  -0.000000000000
                   0.577350269190   0.577350269190  -0.577350269190
         0, 3003   0.707106781187  -0.707106781187   0.000000000000
                   0.577350269190   0.577350269190  -0.577350269190
0, 3003 6308.224668690942 17441.400778788047 15301.689649211290    2    0
         0, 3002  -0.707106781187   0.707106781187  -0.000000000000
                   0.577350269190   0.577350269190  -0.577350269190
         0, 3004   0.707106781187  -0.707106781187   0.000000000000
                   0.577350269190   0.577350269190  -0.577350269190
0, 3004 6251.825608147061 17181.396018808908 14985.285828688269    1    7
         0, 3003  -0.707106781187   0.707106781187  -0.000000000000
                   0.577350269190   0.577350269190  -0.577350269190
0, 3005 11920.877166720062 8734.354230014891 17983.572749139217    1    7
         0, 3006  -0.707106781187  -0.000000000000  -0.707106781187
                  -0.577350269190   0.577350269190   0.577350269190
0, 3006 12445.373558257352 9205.585497564387 18036.837873127013    2    0
         0, 3005   0.707106781187   0.000000000000   0.707106781187
                  -0.577350269190   0.577350269190   0.577350269190
         0, 3007  -0.707106781187  -0.000000000000  -0.707106781187
                  -0.577350269190   0.577350269190   0.577350269190
0, 3007 12969.869949794642 9676.816765113881 18090.102997114805    2    0
         0, 3006   0.707106781187   0.000000000000   0.707106781187
                  -0.577350269190   0.577350269190   0.577350269190
         0, 3008  -0.707106781187  -0.000000000000  -0.707106781187
                  -0.577350269190   0.577350269190   0.577350269190
0, 3008 13494.366341331932 10148.048032663377 18143.368121102601    2    0
         0, 3007   0.707106781187   0.000000000000   0.707106781187
                  -0.577350269190   0.577350269190   0.577350269190
         0, 3009  -0.707106781187  -0.000000000000  -0.707106781187
                  -0.577350269190   0.577350269190   0.577350269190
0, 3009 14018.862732869224 10619.279300212873 18196.633245090397    1    7
         0, 3008   0.707106781187   0.000000000000   0.707106781187
                  -0.577350269190   0.577350269190   0.577350269190
0, 3010 13497.988617041043 10138.793757686068 2457.969644755287    1    7
         0, 3011   0.707106781187   0.000000000000  -0.707106781187
                   0.577350269190   0.577350269190   0.577350269190
0, 3011 13053.739265255907 10517.754969204507 2523.257785021983    2    0
         0, 3010  -0.707106781187  -0.000000000000   0.707106781187
                   0.577350269190   0.577350269190   0.577350269190
         0, 3012   0.707106781187   0.000000000000  -0.707106781187
                   0.577350269190   0.577350269190   0.577350269190
0, 3012 12609.489913470770 10896.716180722948 2588.545925288679    2    0
         0, 3011  -0.707106781187  -0.000000000000   0.707106781187
                   0.577350269190   0.577350269190   0.577350269190
         0, 3013   0.707106781187   0.000000000000  -0.707106781187
                   0.577350269190   0.577350269190   0.577350269190
0, 3013 12165.240561685634 11275.677392241387 2653.834065555376    2    0
         0, 3012  -0.707106781187  -0.000000000000   0.707106781187
                   0.577350269190   0.577350269190   0.577350269190
         0, 3014   0.707106781187   0.000000000000  -0.707106781187
                   0.577350269190   0.577350269190   0.577350269190
0, 3014 11720.991209900500 11654.638603759826 2719.122205822071    1    7
         0, 3013  -0.707106781187  -0.000000000000   0.707106781187
                   0.577350269190   0.577350269190   0.577350269190
0, 3015 17244.791405013941 7513.796889412855 15006.529184543480    1    7
         0, 3016   0.707106781187   0.707106781187   0.000000000000
                   0.577350269190  -0.577350269190   0.577350269190
0, 3016 16852.901600816855 7575.487009339095 15460.109108666806    2    0
         0, 3015  -0.707106781187  -0.707106781187  -0.000000000000
                   0.577350269190  -0.577350269190   0.577350269190
         0, 3017   0.707106781187   0.707106781187   0.000000000000
                   0.577350269190  -0.577350269190   0.577350269190
0, 3017 16461.011796619769 7637.177129265334 15913.689032790131    2    0
         0, 3016  -0.707106781187  -0.707106781187  -0.000000000000
                   0.577350269190  -0.577350269190   0.577350269190
         0, 3018   0.707106781187   0.707106781187   0.000000000000
                   0.577350269190  -0.577350269190   0.577350269190
0, 3018 16069.121992422683 7698.867249191572 16367.268956913455    2    0
         0, 3017  -0.707106781187  -0.707106781187  -0.000000000000
                   0.577350269190  -0.577350269190   0.577350269190
         0, 3019   0.707106781187   0.707106781187   0.000000000000
                   0.577350269190  -0.577350269190   0.577350269190
0, 3019 15677.232188225596 7760.557369117812 16820.848881036778    1    7
         0, 3018  -0.707106781187  -0.707106781187  -0.000000000000
                   0.577350269190  -0.577350269190   0.577350269190
0, 3020 3193.521022711637 17506.708499203956 9363.697313968270    1    7
         0, 3021   0.707106781187   0.000000000000   0.707106781187
                   0.577350269190   0.577350269190  -0.577350269190
0, 3021 3055.610052112794 17793.456116131332 9512.533960296805    2    0
         0, 3020  -0.707106781187  -0.000000000000  -0.707106781187
                   0.577350269190   0.577350269190  -0.577350269190
         0, 3022   0.707106781187   0.000000000000   0.707106781187
                   0.577350269190   0.577350269190  -0.577350269190
0, 3022 2917.699081513951 18080.203733058712 9661.370606625338    2    0
         0, 3021  -0.707106781187  -0.000000000000  -0.707106781187
                   0.577350269190   0.577350269190  -0.577350269190
         0, 3023   0.707106781187   0.000000000000   0.707106781187
                   0.577350269190   0.577350269190  -0.577350269190
0, 3023 2779.788110915108 18366.951349986088 9810.207252953873    2    0
         0, 3022  -0.707106781187  -0.000000000000  -0.707106781187
                   0.577350269190   0.577350269190  -0.577350269190
         0, 3024   0.707106781187   0.000000000000   0.707106781187
                   0.577350269190   0.577350269190  -0.577350269190
0, 3024 2641.877140316265 18653.698966913464 9959.043899282406    1    7
         0, 3023  -0.707106781187  -0.000000000000  -0.707106781187
                   0.577350269190   0.577350269190  -0.577350269190
0, 3025 5052.670958962434 8545.288458350393 14647.074655680310    1    7
         0, 3026   0.707106781187   0.000000000000   0.707106781187
                   0.577350269190   0.577350269190  -0.577350269190
0, 3026 5307.470382245080 8078.924043110708 14435.509663723271    2    0
         0, 3025  -0.707106781187  -0.000000000000  -0.707106781187
                   0.577350269190   0.577350269190  -0.577350269190
         0, 3027   0.707106781187   0.000000000000   0.707106781187
                   0.577350269190   0.577350269190  -0.577350269190
0, 3027 5562.269805527727 7612.559627871024 14223.944671766232    2    0
         0, 3026  -0.707106781187  -0.000000000000  -0.707106781187
                   0.577350269190   0.577350269190  -0.577350269190
         0, 3028   0.707106781187   0.000000000000   0.707106781187
                   0.577350269190   0.577350269190  -0.577350269190
0, 3028 5817.069228810373 7146.195212631339 14012.379679809195    2    0
         0, 3027  -0.707106781187  -0.000000000000  -0.707106781187
                   0.577350269190   0.577350269190  -0.577350269190
         0, 3029   0.707106781187   0.000000000000   0.707106781187
                   0.577350269190   0.577350269190  -0.577350269190
0, 3029 6071.868652093019 6679.830797391655 13800.814687852157    1    7
         0, 3028  -0.707106781187  -0.000000000000  -0.707106781187
                   0.577350269190   0.577350269190  -0.577350269190
0, 3030 11622.231502717255 9021.174453603160 16867.205657210823    1    7
         0, 3031  -0.000000000000  -0.707106781187   0.707106781187
                  -0.577350269190   0.577350269190   0.577350269190
0, 3031 11271.685074179763 9015.195904278815 16522.637777997676    2    0
         0, 3030   0.000000000000   0.707106781187  -0.707106781187
                  -0.577350269190   0.577350269190   0.577350269190
         0, 3032  -0.000000000000  -0.707106781187   0.707106781187
                  -0.577350269190   0.577350269190   0.577350269190
0, 3032 10921.138645642270 9009.217354954468 16178.069898784530    2    0
         0, 3031   0.000000000000   0.707106781187  -0.707106781187
                  -0.577350269190   0.577350269190   0.577350269190
         0, 3033  -0.000000000000  -0.707106781187   0.707106781187
                  -0.577350269190   0.577350269190   0.577350269190
0, 3033 10570.592217104777 9003.238805630122 15833.502019571382    2    0
         0, 3032   0.000000000000   0.707106781187  -0.707106781187
                  -0.577350269190   0.577350269190   0.577350269190
         0, 3034  -0.000000000000  -0.707106781187   0.707106781187
                  -0.577350269190   0.577350269190   0.577350269190
0, 3034 10220.045788567284 8997.260256305777 15488.934140358237    1    7
         0, 3033   0.000000000000   0.707106781187  -0.707106781187
                  -0.577350269190   0.577350269190   0.577350269190
0, 3035 19224.733379320594 7696.445175587953 14214.905369479229    1    7
         0, 3036   0.707106781187   0.707106781187   0.000000000000
                   0.577350269190  -0.577350269190   0.577350269190
0, 3036 18796.712274142530 7846.779916031277 14793.261215100616    2    0
         0, 3035  -0.707106781187  -0.707106781187  -0.000000000000
                   0.577350269190  -0.577350269190   0.577350269190
         0, 3037   0.707106781187   0.707106781187   0.000000000000
                   0.577350269190  -0.577350269190   0.577350269190
0, 3037 18368.691168964469 7997.114656474601 15371.617060722003    2    0
         0, 3036  -0.707106781187  -0.707106781187  -0.000000000000
                   0.577350269190  -0.577350269190   0.577350269190
         0, 3038   0.707106781187   0.707106781187   0.000000000000
                   0.577350269190  -0.577350269190   0.577350269190
0, 3038 17940.670063786405 8147.449396917926 15949.972906343390    2    0
         0, 3037  -0.707106781187  -0.707106781187  -0.000000000000
                   0.577350269190  -0.577350269190   0.577350269190
         0, 3039   0.707106781187   0.707106781187   0.000000000000
                   0.577350269190  -0.577350269190   0.577350269190
0, 3039 17512.648958608344 8297.784137361250 16528.328751964778    1    7
         0, 3038  -0.707106781187  -0.707106781187  -0.000000000000
                   0.577350269190  -0.577350269190   0.577350269190
0, 3040 3065.738102991756 11565.072848839111 3665.232489804856    1    7
         0, 3041  -0.707106781187   0.707106781187  -0.000000000000
                   0.577350269190   0.577350269190   0.577350269190
0, 3041 3341.583950162739 11652.401213967827 3302.058277505157    2    0
         0, 3040   0.707106781187  -0.707106781187   0.000000000000
                   0.577350269190   0.577350269190   0.577350269190
         0, 3042  -0.707106781187   0.707106781187  -0.000000000000
                   0.577350269190   0.577350269190   0.577350269190
0, 3042 3617.429797333722 11739.729579096542 2938.884065205458    2    0
         0, 3041   0.707106781187  -0.707106781187   0.000000000000
                   0.577350269190   0.577350269190   0.577350269190
         0, 3043  -0.707106781187   0.707106781187  -0.000000000000
                   0.577350269190   0.577350269190   0.577350269190
0, 3043 3893.275644504705 11827.057944225258 2575.709852905759    2    0
         0, 3042   0.707106781187  -0.707106781187   0.000000000000
                   0.577350269190   0.577350269190   0.577350269190
         0, 3044  -0.707106781187   0.707106781187  -0.000000000000
                   0.577350269190   0.577350269190   0.577350269190
0, 3044 4169.121491675688 11914.386309353973 2212.535640606060    1    7
         0, 3043   0.707106781187  -0.707106781187   0.000000000000
                   0.577350269190   0.577350269190   0.577350269190
0, 3045 13053.819896510719 18331.939646406874 5222.048322564870    1    7
         0, 3046  -0.707106781187  -0.707106781187  -0.000000000000
                   0.577350269190  -0.577350269190   0.577350269190
0, 3046 13379.732507499581 18173.318845537433 4737.514910706566    2    0
         0, 3045   0.707106781187   0.707106781187   0.000000000000
                   0.577350269190  -0.577350269190   0.577350269190
         0, 3047  -0.707106781187  -0.707106781187  -0.000000000000
                   0.577350269190  -0.577350269190   0.577350269190
0, 3047 13705.645118488441 18014.698044667988 4252.981498848262    2    0
         0, 3046   0.707106781187   0.707106781187   0.000000000000
                   0.577350269190  -0.577350269190   0.577350269190
         0, 3048  -0.707106781187  -0.707106781187  -0.000000000000
                   0.577350269190  -0.577350269190   0.577350269190
0, 3048 14031.557729477303 17856.077243798547 3768.448086989959    2    0
         0, 3047   0.707106781187   0.707106781187   0.000000000000
                   0.577350269190  -0.577350269190   0.577350269190
         0, 3049  -0.707106781187  -0.707106781187  -0.000000000000
                   0.577350269190  -0.577350269190   0.577350269190
0, 3049 14357.470340466163 17697.456442929106 3283.914675131655    1    7
         0, 3048   0.707106781187   0.707106781187   0.000000000000
                   0.577350269190  -0.577350269190   0.577350269190
0, 3050 7753.014812017705 3713.785880130198 529.921080907564    1    7
         0, 3051   0.000000000000   0.707106781187  -0.707106781187
                  -0.577350269190   0.577350269190   0.577350269190
0, 3051 8154.450987288009 3652.173533508327 992.969602799740    2    0
         0, 3050  -0.000000000000  -0.707106781187   0.707106781187
                  -0.577350269190   0.577350269190   0.577350269190
         0, 3052   0.000000000000   0.707106781187  -0.707106781187
                  -0.577350269190   0.577350269190   0.577350269190
0, 3052 8555.887162558314 3590.561186886455 1456.018124691916    2    0
         0, 3051  -0.000000000000  -0.707106781187   0.707106781187
                  -0.577350269190   0.577350269190   0.577350269190
         0, 3053   0.000000000000   0.707106781187  -0.707106781187
                  -0.577350269190   0.577350269190   0.577350269190
0, 3053 8957.323337828619 3528.948840264583 1919.066646584093    2    0
         0, 3052  -0.000000000000  -0.707106781187   0.707106781187
                  -0.577350269190   0.577350269190   0.577350269190
         0, 3054   0.000000000000   0.707106781187  -0.707106781187
                  -0.577350269190   0.577350269190   0.577350269190
0, 3054 9358.759513098923 3467.336493642712 2382.115168476269    1    7
         0, 3053  -0.000000000000  -0.707106781187   0.707106781187
                  -0.577350269190   0.577350269190   0.577350269190
0, 3055 10581.755319958167 3303.300318677688 9845.492106814134    1    7
         0, 3056  -0.707106781187   0.707106781187  -0.000000000000
                   0.577350269190   0.577350269190   0.577350269190
0, 3056 10992.930391908058 3254.137562059836 9483.479791482096    2    0
         0, 3055   0.707106781187  -0.707106781187   0.000000000000
                   0.577350269190   0.577350269190   0.577350269190
         0, 3057  -0.707106781187   0.707106781187  -0.000000000000
                   0.577350269190   0.577350269190   0.577350269190
0, 3057 11404.105463857948 3204.974805441985 9121.467476150056    2    0
         0, 3056   0.707106781187  -0.707106781187   0.000000000000
                   0.577350269190   0.577350269190   0.577350269190
         0, 3058  -0.707106781187   0.707106781187  -0.000000000000
                   0.577350269190   0.577350269190   0.577350269190
0, 3058 11815.280535807837 3155.812048824134 8759.455160818017    2    0
         0, 3057   0.707106781187  -0.707106781187   0.000000000000
                   0.577350269190   0.577350269190   0.577350269190
         0, 3059  -0.707106781187   0.707106781187  -0.000000000000
                   0.577350269190   0.577350269190   0.577350269190
0, 3059 12226.455607757727 3106.649292206283 8397.442845485979    1    7
         0, 3058   0.707106781187  -0.707106781187   0.000000000000
                   0.577350269190   0.577350269190   0.577350269190
0, 3060 14892.494934187112 6052.928124878656 11513.328903060104    1    7
         0, 3061   0.707106781187   0.707106781187   0.000000000000
                  -0.577350269190   0.577350269190   0.577350269190
0, 3061 14663.027203274682 6186.129354536923 11150.659942489407    2    0
         0, 3060  -0.707106781187  -0.707106781187  -0.000000000000
                  -0.577350269190   0.577350269190   0.577350269190
         0, 3062   0.707106781187   0.707106781187   0.000000000000
                  -0.577350269190   0.577350269190   0.577350269190
0, 3062 14433.559472362251 6319.330584195189 10787.990981918711    2    0
         0, 3061  -0.707106781187  -0.707106781187  -0.000000000000
                  -0.577350269190   0.577350269190   0.577350269190
         0, 3063   0.707106781187   0.707106781187   0.000000000000
                  -0.577350269190   0.577350269190   0.577350269190
0, 3063 14204.091741449820 6452.531813853456 10425.322021348013    2    0
         0, 3062  -0.707106781187  -0.707106781187  -0.000000000000
                  -0.577350269190   0.577350269190   0.577350269190
         0, 3064   0.707106781187   0.707106781187   0.000000000000
                  -0.577350269190   0.577350269190   0.577350269190
0, 3064 13974.624010537389 6585.733043511722 10062.653060777315    1    7
         0, 3063  -0.707106781187  -0.707106781187  -0.000000000000
                  -0.577350269190   0.577350269190   0.577350269190
0, 3065 12163.680988587350 1391.869623136269 3319.681686388364    1    7
         0, 3066  -0.000000000000  -0.707106781187  -0.707106781187
                   0.577350269190   0.577350269190  -0.577350269190
0, 3066 12255.386370997800 1661.281355045247 3680.798800707792    2    0
         0, 3065   0.000000000000   0.707106781187   0.707106781187
                   0.577350269190   0.577350269190  -0.577350269190
         0, 3067  -0.000000000000  -0.707106781187  -0.707106781187
                   0.577350269190   0.577350269190  -0.577350269190
0, 3067 12347.091753408251 1930.693086954225 4041.915915027221    2    0
         0, 3066   0.000000000000   0.707106781187   0.707106781187
                   0.577350269190   0.577350269190  -0.577350269190
         0, 3068  -0.000000000000  -0.707106781187  -0.707106781187
                   0.577350269190   0.577350269190  -0.577350269190
0, 3068 12438.797135818701 2200.104818863202 4403.033029346649    2    0
         0, 3067   0.000000000000   0.707106781187   0.707106781187
                   0.577350269190   0.577350269190  -0.577350269190
         0, 3069  -0.000000000000  -0.707106781187  -0.707106781187
                   0.577350269190   0.577350269190  -0.577350269190
0, 3069 12530.502518229152 2469.516550772180 4764.150143666076    1    7
         0, 3068   0.000000000000   0.707106781187   0.707106781187
                   0.577350269190   0.577350269190  -0.577350269190
0, 3070 16941.436951909051 5587.893600955425 5430.800831034498    1    7
         0, 3071   0.707106781187   0.000000000000  -0.707106781187
                   0.577350269190  -0.577350269190   0.577350269190
0, 3071 16703.939839318562 5021.295541601874 5101.699884271436    2    0
         0, 3070  -0.707106781187  -0.000000000000   0.707106781187
                   0.577350269190  -0.577350269190   0.577350269190
         0, 3072   0.707106781187   0.000000000000  -0.707106781187
                   0.577350269190  -0.577350269190   0.577350269190
0, 3072 16466.442726728073 4454.697482248323 4772.598937508375    2    0
         0, 3071  -0.707106781187  -0.000000000000   0.707106781187
                   0.577350269190  -0.577350269190   0.577350269190
         0, 3073   0.707106781187   0.000000000000  -0.707106781187
                   0.577350269190  -0.577350269190   0.577350269190
0, 3073 16228.945614137583 3888.099422894772 4443.497990745313    2    0
         0, 3072  -0.707106781187  -0.000000000000   0.707106781187
                   0.577350269190  -0.577350269190   0.577350269190
         0, 3074   0.707106781187   0.000000000000  -0.707106781187
                   0.577350269190  -0.577350269190   0.577350269190
0, 3074 15991.448501547093 3321.501363541222 4114.397043982251    1    7
         0, 3073  -0.707106781187  -0.000000000000   0.707106781187
                   0.577350269190  -0.577350269190   0.577350269190
0, 3075 12871.911722966777 14488.626163866691 18291.162625445642    1    7
         0, 3076   0.707106781187   0.707106781187   0.000000000000
                   0.577350269190  -0.577350269190   0.577350269190
0, 3076 12616.728954274113 13931.247984991483 17988.967215263099    2    0
         0, 3075  -0.707106781187  -0.707106781187  -0.000000000000
                   0.577350269190  -0.577350269190   0.577350269190
         0, 3077   0.707106781187   0.707106781187   0.000000000000
                   0.577350269190  -0.577350269190   0.577350269190
0, 3077 12361.546185581448 13373.869806116276 17686.771805080556    2    0
         0, 3076  -0.707106781187  -0.707106781187  -0.000000000000
                   0.577350269190  -0.577350269190   0.577350269190
         0, 3078   0.707106781187   0.707106781187   0.000000000000
                   0.577350269190  -0.577350269190   0.577350269190
0, 3078 12106.363416888784 12816.491627241066 17384.576394898013    2    0
         0, 3077  -0.707106781187  -0.707106781187  -0.000000000000
                   0.577350269190  -0.577350269190   0.577350269190
         0, 3079   0.707106781187   0.707106781187   0.000000000000
                   0.577350269190  -0.577350269190   0.577350269190
0, 3079 11851.180648196119 12259.113448365859 17082.380984715470    1    7
         0, 3078  -0.707106781187  -0.707106781187  -0.000000000000
                   0.577350269190  -0.577350269190   0.577350269190
0, 3080 11895.141317731888 6114.382690889591 18367.231275133025    1    7
         0, 3081  -0.000000000000  -0.707106781187   0.707106781187
                  -0.577350269190   0.577350269190   0.577350269190
0, 3081 11522.803838036343 6136.393873634379 17972.882612692691    2    0
         0, 3080   0.000000000000   0.707106781187  -0.707106781187
                  -0.577350269190   0.577350269190   0.577350269190
         0, 3082  -0.000000000000  -0.707106781187   0.707106781187
                  -0.577350269190   0.577350269190   0.577350269190
0, 3082 11150.466358340796 6158.405056379167 17578.533950252357    2    0
         0, 3081   0.000000000000   0.707106781187  -0.707106781187
                  -0.577350269190   0.577350269190   0.577350269190
         0, 3083  -0.000000000000  -0.707106781187   0.707106781187
                  -0.577350269190   0.577350269190   0.577350269190
0, 3083 10778.128878645251 6180.416239123956 17184.185287812023    2    0
         0, 3082   0.000000000000   0.707106781187  -0.707106781187
                  -0.577350269190   0.577350269190   0.577350269190
         0, 3084  -0.000000000000  -0.707106781187   0.707106781187
                  -0.577350269190   0.577350269190   0.577350269190
0, 3084 10405.791398949705 6202.427421868744 16789.836625371689    1    7
         0, 3083   0.000000000000   0.707106781187  -0.707106781187
                  -0.577350269190   0.577350269190   0.577350269190
0, 3085 13208.348335940331 18496.438579711295 10682.517452531081    1    7
         0, 3086   0.000000000000   0.707106781187  -0.707106781187
                   0.577350269190   0.577350269190   0.577350269190
0, 3086 13691.807777934910 18152.801370472393 10542.695219775405    2    0
         0, 3085  -0.000000000000  -0.707106781187   0.707106781187
                   0.577350269190   0.577350269190   0.577350269190
         0, 3087   0.000000000000   0.707106781187  -0.707106781187
                   0.577350269190   0.577350269190   0.577350269190
0, 3087 14175.267219929490 17809.164161233490 10402.872987019729    2    0
         0, 3086  -0.000000000000  -0.707106781187   0.707106781187
                   0.577350269190   0.577350269190   0.577350269190
         0, 3088   0.000000000000   0.707106781187  -0.707106781187
                   0.577350269190   0.577350269190   0.577350269190
0, 3088 14658.726661924069 17465.526951994583 10263.050754264053    2    0
         0, 3087  -0.000000000000  -0.707106781187   0.707106781187
                   0.577350269190   0.577350269190   0.577350269190
         0, 3089   0.000000000000   0.707106781187  -0.707106781187
                   0.577350269190   0.577350269190   0.577350269190
0, 3089 15142.186103918648 17121.889742755680 10123.228521508378    1    7
         0, 3088  -0.000000000000  -0.707106781187   0.707106781187
                   0.577350269190   0.577350269190   0.577350269190
0, 3090 4819.257264672863 11786.435698852449 15490.306582525502    1    7
         0, 3091   0.707106781187  -0.707106781187   0.000000000000
                   0.577350269190   0.577350269190  -0.577350269190
0, 3091 5341.674092808961 11808.081274413309 16034.368986222460    2    0
         0, 3090  -0.707106781187   0.707106781187  -0.000000000000
                   0.577350269190   0.577350269190  -0.577350269190
         0, 3092   0.707106781187  -0.707106781187   0.000000000000
                   0.577350269190   0.577350269190  -0.577350269190
0, 3092 5864.090920945059 11829.726849974169 16578.431389919420    2    0
         0, 3091  -0.707106781187   0.707106781187  -0.000000000000
                   0.577350269190   0.577350269190  -0.577350269190
         0, 3093   0.707106781187  -0.707106781187   0.000000000000
                   0.577350269190   0.577350269190  -0.577350269190
0, 3093 6386.507749081158 11851.372425535032 17122.493793616377    2    0
         0, 3092  -0.707106781187   0.707106781187  -0.000000000000
                   0.577350269190   0.577350269190  -0.577350269190
         0, 3094   0.707106781187  -0.707106781187   0.000000000000
                   0.577350269190   0.577350269190  -0.577350269190
0, 3094 6908.924577217256 11873.018001095892 17666.556197313337    1    7
         0, 3093  -0.707106781187   0.707106781187  -0.000000000000
                   0.577350269190   0.577350269190  -0.577350269190
0, 3095 17745.184444628154 15021.774099454326 17669.514582926113    1    7
         0, 3096  -0.707106781187  -0.707106781187  -0.000000000000
                  -0.577350269190   0.577350269190   0.577350269190
0, 3096 18100.609790186390 15337.033811229447 17709.680216709225    2    0
         0, 3095   0.707106781187   0.707106781187   0.000000000000
                  -0.577350269190   0.577350269190   0.577350269190
         0, 3097  -0.707106781187  -0.707106781187  -0.000000000000
                  -0.577350269190   0.577350269190   0.577350269190
0, 3097 18456.035135744623 15652.293523004570 17749.845850492340    2    0
         0, 3096   0.707106781187   0.707106781187   0.000000000000
                  -0.577350269190   0.577350269190   0.577350269190
         0, 3098  -0.707106781187  -0.707106781187  -0.000000000000
                  -0.577350269190   0.577350269190   0.577350269190
0, 3098 18811.460481302860 15967.553234779691 17790.011484275452    2    0
         0, 3097   0.707106781187   0.707106781187   0.000000000000
                  -0.577350269190   0.577350269190   0.577350269190
         0, 3099  -0.707106781187  -0.707106781187  -0.000000000000
                  -0.577350269190   0.577350269190   0.577350269190
0, 3099 19166.885826861093 16282.812946554814 17830.177118058564    1    7
         0, 3098   0.707106781187   0.707106781187   0.000000000000
                  -0.577350269190   0.577350269190   0.577350269190
0, 3100 2800.369249866421 11226.479121154607 9603.258763360216    1    7
         0, 3101   0.707106781187  -0.707106781187   0.000000000000
                   0.577350269190   0.577350269190  -0.577350269190
0, 3101 3231.654384205442 10805.994052774431 9614.058829319059    2    0
         0, 3100  -0.707106781187   0.707106781187  -0.000000000000
                   0.577350269190   0.577350269190  -0.577350269190
         0, 3102   0.707106781187  -0.707106781187   0.000000000000
                   0.577350269190   0.577350269190  -0.577350269190
0, 3102 3662.939518544462 10385.508984394253 9624.858895277903    2    0
         0, 3101  -0.707106781187   0.707106781187  -0.000000000000
                   0.577350269190   0.577350269190  -0.577350269190
         0, 3103   0.707106781187  -0.707106781187   0.000000000000
                   0.577350269190   0.577350269190  -0.577350269190
0, 3103 4094.224652883483 9965.023916014077 9635.658961236748    2    0
         0, 3102  -0.707106781187   0.707106781187  -0.000000000000
                   0.577350269190   0.577350269190  -0.577350269190
         0, 3104   0.707106781187  -0.707106781187   0.000000000000
                   0.577350269190   0.577350269190  -0.577350269190
0, 3104 4525.509787222503 9544.538847633899 9646.459027195591    1    7
         0, 3103  -0.707106781187   0.707106781187  -0.000000000000
                   0.577350269190   0.577350269190  -0.577350269190
0, 3105 14142.287755861566 12914.795242487087 9508.630677244766    1    7
         0, 3106   0.707106781187   0.000000000000  -0.707106781187
                   0.577350269190  -0.577350269190   0.577350269190
0, 3106 14326.666361945574 12694.981396055491 9104.438224729163    2    0
         0, 3105  -0.707106781187  -0.000000000000   0.707106781187
                   0.577350269190  -0.577350269190   0.577350269190
         0, 3107   0.707106781187   0.000000000000  -0.707106781187
                   0.577350269190  -0.577350269190   0.577350269190
0, 3107 14511.044968029581 12475.167549623895 8700.245772213559    2    0
         0, 3106  -0.707106781187  -0.000000000000   0.707106781187
                   0.577350269190  -0.577350269190   0.577350269190
         0, 3108   0.707106781187   0.000000000000  -0.707106781187
                   0.577350269190  -0.577350269190   0.577350269190
0, 3108 14695.423574113589 12255.353703192301 8296.053319697956    2    0
         0, 3107  -0.707106781187  -0.000000000000   0.707106781187
                   0.577350269190  -0.577350269190   0.577350269190
         0, 3109   0.707106781187   0.000000000000  -0.707106781187
                   0.577350269190  -0.577350269190   0.577350269190
0, 3109 14879.802180197597 12035.539856760704 7891.860867182351    1    7
         0, 3108  -0.707106781187  -0.000000000000   0.707106781187
                   0.577350269190  -0.577350269190   0.577350269190
0, 3110 513.555990959392 9279.729972488651 17408.030618552868    1    7
         0, 3111  -0.000000000000  -0.707106781187   0.707106781187
                   0.577350269190   0.577350269190   0.577350269190
0, 3111 486.874914329904 9688.038421594330 17026.403246076676    2    0
         0, 3110   0.000000000000   0.707106781187  -0.707106781187
                   0.577350269190   0.577350269190   0.577350269190
         0, 3112  -0.000000000000  -0.707106781187   0.707106781187
                   0.577350269190   0.577350269190   0.577350269190
0, 3112 460.193837700416 10096.346870700010 16644.775873600483    2    0
         0, 3111   0.000000000000   0.707106781187  -0.707106781187
                   0.577350269190   0.577350269190   0.577350269190
         0, 3113  -0.000000000000  -0.707106781187   0.707106781187
                   0.577350269190   0.577350269190   0.577350269190
0, 3113 433.512761070928 10504.655319805692 16263.148501124291    2    0
         0, 3112   0.000000000000   0.707106781187  -0.707106781187
                   0.577350269190   0.577350269190   0.577350269190
         0, 3114  -0.000000000000  -0.707106781187   0.707106781187
                   0.577350269190   0.577350269190   0.577350269190
0, 3114 406.831684441440 10912.963768911372 15881.521128648099    1    7
         0, 3113   0.000000000000   0.707106781187  -0.707106781187
                   0.577350269190   0.577350269190   0.577350269190
0, 3115 8734.667672724227 10432.562619639584 635.259136828883    1    7
         0, 3116  -0.000000000000  -0.707106781187   0.707106781187
                   0.577350269190   0.577350269190   0.577350269190
0, 3116 8368.145271246316 10522.070895104829 912.273262841549    2    0
         0, 3115   0.000000000000   0.707106781187  -0.707106781187
                   0.577350269190   0.577350269190   0.577350269190
         0, 3117  -0.000000000000  -0.707106781187   0.707106781187
                   0.577350269190   0.577350269190   0.577350269190
0, 3117 8001.622869768406 10611.579170570072 1189.287388854216    2    0
         0, 3116   0.000000000000   0.707106781187  -0.707106781187
                   0.577350269190   0.577350269190   0.577350269190
         0, 3118  -0.000000000000  -0.707106781187   0.707106781187
                   0.577350269190   0.577350269190   0.577350269190
0, 3118 7635.100468290495 10701.087446035317 1466.301514866882    2    0
         0, 3117   0.000000000000   0.707106781187  -0.707106781187
                   0.577350269190   0.577350269190   0.577350269190
         0, 3119  -0.000000000000  -0.707106781187   0.707106781187
                   0.577350269190   0.577350269190   0.577350269190
0, 3119 7268.578066812584 10790.595721500560 1743.315640879549    1    7
         0, 3118   0.000000000000   0.707106781187  -0.707106781187
                   0.577350269190   0.577350269190   0.577350269190
0, 3120 6230.546149836114 924.463566056206 14418.257224520132    1    7
         0, 3121   0.707106781187   0.000000000000   0.707106781187
                   0.577350269190   0.577350269190  -0.577350269190
0, 3121 5859.344932990180 847.784365084212 13970.376806702203    2    0
         0, 3120  -0.707106781187  -0.000000000000  -0.707106781187
                   0.577350269190   0.577350269190  -0.577350269190
         0, 3122   0.707106781187   0.000000000000   0.707106781187
                   0.577350269190   0.577350269190  -0.577350269190
0, 3122 5488.143716144245 771.105164112218 13522.496388884276    2    0
         0, 3121  -0.707106781187  -0.000000000000  -0.707106781187
                   0.577350269190   0.577350269190  -0.577350269190
         0, 3123   0.707106781187   0.000000000000   0.707106781187
                   0.577350269190   0.577350269190  -0.577350269190
0, 3123 5116.942499298309 694.425963140225 13074.615971066347    2    0
         0, 3122  -0.707106781187  -0.000000000000  -0.707106781187
                   0.577350269190   0.577350269190  -0.577350269190
         0, 3124   0.707106781187   0.000000000000   0.707106781187
                   0.577350269190   0.577350269190  -0.577350269190
0, 3124 4745.741282452375 617.746762168231 12626.735553248418    1    7
         0, 3123  -0.707106781187  -0.000000000000  -0.707106781187
                   0.577350269190   0.577350269190  -0.577350269190
0, 3125 4753.270555649396 9665.110148663867 9382.157677716921    1    7
         0, 3126  -0.000000000000  -0.707106781187   0.707106781187
                  -0.577350269190   0.577350269190   0.577350269190
0, 3126 5019.828461195536 10192.552006843327 9121.273725083602    2    0
         0, 3125   0.000000000000   0.707106781187  -0.707106781187
                  -0.577350269190   0.577350269190   0.577350269190
         0, 3127  -0.000000000000  -0.707106781187   0.707106781187
                  -0.577350269190   0.577350269190   0.577350269190
0, 3127 5286.386366741676 10719.993865022787 8860.389772450282    2    0
         0, 3126   0.000000000000   0.707106781187  -0.707106781187
                  -0.577350269190   0.577350269190   0.577350269190
         0, 3128  -0.000000000000  -0.707106781187   0.707106781187
                  -0.577350269190   0.577350269190   0.577350269190
0, 3128 5552.944272287817 11247.435723202247 8599.505819816963    2    0
         0, 3127   0.000000000000   0.707106781187  -0.707106781187
                  -0.577350269190   0.577350269190   0.577350269190
         0, 3129  -0.000000000000  -0.707106781187   0.707106781187
                  -0.577350269190   0.577350269190   0.577350269190
0, 3129 5819.502177833958 11774.877581381706 8338.621867183643    1    7
         0, 3128   0.000000000000   0.707106781187  -0.707106781187
                  -0.577350269190   0.577350269190   0.577350269190
0, 3130 113.320259861302 18323.980735370082 1348.513940130029    1    7
         0, 3131  -0.707106781187  -0.000000000000  -0.707106781187
                   0.577350269190   0.577350269190  -0.577350269190
0, 3131 654.089104715223 18060.841376346507 1626.143425960374    2    0
         0, 3130   0.707106781187   0.000000000000   0.707106781187
                   0.577350269190   0.577350269190  -0.577350269190
         0, 3132  -0.707106781187  -0.000000000000  -0.707106781187
                   0.577350269190   0.577350269190  -0.577350269190
0, 3132 1194.857949569145 17797.702017322928 1903.772911790719    2    0
         0, 3131   0.707106781187   0.000000000000   0.707106781187
                   0.577350269190   0.577350269190  -0.577350269190
         0, 3133  -0.707106781187  -0.000000000000  -0.707106781187
                   0.577350269190   0.577350269190  -0.577350269190
0, 3133 1735.626794423066 17534.562658299354 2181.402397621064    2    0
         0, 3132   0.707106781187   0.000000000000   0.707106781187
                   0.577350269190   0.577350269190  -0.577350269190
         0, 3134  -0.707106781187  -0.000000000000  -0.707106781187
                   0.577350269190   0.577350269190  -0.577350269190
0, 3134 2276.395639276987 17271.423299275775 2459.031883451409    1    7
         0, 3133   0.707106781187   0.000000000000   0.707106781187
                   0.577350269190   0.577350269190  -0.577350269190
0, 3135 11075.420066043383 5182.218909861844 16911.025058408111    1    7
         0, 3136  -0.707106781187  -0.000000000000  -0.707106781187
                   0.577350269190   0.577350269190  -0.577350269190
0, 3136 10782.643313497403 5579.117471604759 17015.146867605046    2    0
         0, 3135   0.707106781187   0.000000000000   0.707106781187
                   0.577350269190   0.577350269190  -0.577350269190
         0, 3137  -0.707106781187  -0.000000000000  -0.707106781187
                   0.577350269190   0.577350269190  -0.577350269190
0, 3137 10489.866560951421 5976.016033347673 17119.268676801978    2    0
         0, 3136   0.707106781187   0.000000000000   0.707106781187
                   0.577350269190   0.577350269190  -0.577350269190
         0, 3138  -0.707106781187  -0.000000000000  -0.707106781187
                   0.577350269190   0.577350269190  -0.577350269190
0, 3138 10197.089808405441 6372.914595090589 17223.390485998912    2    0
         0, 3137   0.707106781187   0.000000000000   0.707106781187
                   0.577350269190   0.577350269190  -0.577350269190
         0, 3139  -0.707106781187  -0.000000000000  -0.707106781187
                   0.577350269190   0.577350269190  -0.577350269190
0, 3139 9904.313055859458 6769.813156833504 17327.512295195847    1    7
         0, 3138   0.707106781187   0.000000000000   0.707106781187
                   0.577350269190   0.577350269190  -0.577350269190
0, 3140 6314.261495759406 383.367519139934 7538.590625620212    1    7
         0, 3141   0.707106781187  -0.707106781187   0.000000000000
                   0.577350269190   0.577350269190   0.577350269190
0, 3141 5876.023891698714 464.710515135882 7895.485233684956    2    0
         0, 3140  -0.707106781187   0.707106781187  -0.000000000000
                   0.577350269190   0.577350269190   0.577350269190
         0, 3142   0.707106781187  -0.707106781187   0.000000000000
                   0.577350269190   0.577350269190   0.577350269190
0, 3142 5437.786287638022 546.053511131830 8252.379841749700    2    0
         0, 3141  -0.707106781187   0.707106781187  -0.000000000000
                   0.577350269190   0.577350269190   0.577350269190
         0, 3143   0.707106781187  -0.707106781187   0.000000000000
                   0.577350269190   0.577350269190   0.577350269190
0, 3143 4999.548683577330 627.396507127778 8609.274449814444    2    0
         0, 3142  -0.707106781187   0.707106781187  -0.000000000000
                   0.577350269190   0.577350269190   0.577350269190
         0, 3144   0.707106781187  -0.707106781187   0.000000000000
                   0.577350269190   0.577350269190   0.577350269190
0, 3144 4561.311079516639 708.739503123726 8966.169057879188    1    7
         0, 3143  -0.707106781187   0.707106781187  -0.000000000000
                   0.577350269190   0.577350269190   0.577350269190
0, 3145 19367.152169979425 13867.865950851186 18234.629980899172    1    7
         0, 3146   0.707106781187   0.000000000000  -0.707106781187
                   0.577350269190  -0.577350269190   0.577350269190
0, 3146 19040.748109375338 13983.058971042839 18676.227061694914    2    0
         0, 3145  -0.707106781187  -0.000000000000   0.707106781187
                   0.577350269190  -0.577350269190   0.577350269190
         0, 3147   0.707106781187   0.000000000000  -0.707106781187
                   0.577350269190  -0.577350269190   0.577350269190
0, 3147 18714.344048771247 14098.251991234494 19117.824142490656    2    0
         0, 3146  -0.707106781187  -0.000000000000   0.707106781187
                   0.577350269190  -0.577350269190   0.577350269190
         0, 3148   0.707106781187   0.000000000000  -0.707106781187
                   0.577350269190  -0.577350269190   0.577350269190
0, 3148 18387.939988167160 14213.445011426147 19559.421223286401    2    0
         0, 3147  -0.707106781187  -0.000000000000   0.707106781187
                   0.577350269190  -0.577350269190   0.577350269190
         0, 3149   0.707106781187   0.000000000000  -0.707106781187
                   0.577350269190  -0.577350269190   0.577350269190
0, 3149 18061.535927563069 14328.638031617800 20001.018304082143    1    7
         0, 3148  -0.707106781187  -0.000000000000   0.707106781187
                   0.577350269190  -0.577350269190   0.577350269190
0, 3150 10233.653199622895 12746.310385454068 19332.953996766479    1    7
         0, 3151  -0.000000000000  -0.707106781187  -0.707106781187
                   0.577350269190   0.577350269190  -0.577350269190
0, 3151 10648.613719199566 12448.835665967023 19450.439796856106    2    0
         0, 3150   0.000000000000   0.707106781187   0.707106781187
                   0.577350269190   0.577350269190  -0.577350269190
         0, 3152  -0.000000000000  -0.707106781187  -0.707106781187
                   0.577350269190   0.577350269190  -0.577350269190
0, 3152 11063.574238776238 12151.360946479977 19567.925596945730    2    0
         0, 3151   0.000000000000   0.707106781187   0.707106781187
                   0.577350269190   0.577350269190  -0.577350269190
         0, 3153  -0.000000000000  -0.707106781187  -0.707106781187
                   0.577350269190   0.577350269190  -0.577350269190
0, 3153 11478.534758352909 11853.886226992930 19685.411397035357    2    0
         0, 3152   0.000000000000   0.707106781187   0.707106781187
                   0.577350269190   0.577350269190  -0.577350269190
         0, 3154  -0.000000000000  -0.707106781187  -0.707106781187
                   0.577350269190   0.577350269190  -0.577350269190
0, 3154 11893.495277929582 11556.411507505885 19802.897197124981    1    7
         0, 3153   0.000000000000   0.707106781187   0.707106781187
                   0.577350269190   0.577350269190  -0.577350269190
0, 3155 14784.180086070213 2314.571474973171 14387.805394812893    1    7
         0, 3156  -0.707106781187   0.707106781187  -0.000000000000
                   0.577350269190   0.577350269190   0.577350269190
0, 3156 14591.944552226027 2792.219222688037 14102.393180942214    2    0
         0, 3155   0.707106781187  -0.707106781187   0.000000000000
                   0.577350269190   0.577350269190   0.577350269190
         0, 3157  -0.707106781187   0.707106781187  -0.000000000000
                   0.577350269190   0.577350269190   0.577350269190
0, 3157 14399.709018381838 3269.866970402903 13816.980967071535    2    0
         0, 3156   0.707106781187  -0.707106781187   0.000000000000
                   0.577350269190   0.577350269190   0.577350269190
         0, 3158  -0.707106781187   0.707106781187  -0.000000000000
                   0.577350269190   0.577350269190   0.577350269190
0, 3158 14207.473484537652 3747.514718117769 13531.568753200856    2    0
         0, 3157   0.707106781187  -0.707106781187   0.000000000000
                   0.577350269190   0.577350269190   0.577350269190
         0, 3159  -0.707106781187   0.707106781187  -0.000000000000
                   0.577350269190   0.577350269190   0.577350269190
0, 3159 14015.237950693465 4225.162465832635 13246.156539330177    1    7
         0, 3158   0.707106781187  -0.707106781187   0.000000000000
                   0.577350269190   0.577350269190   0.577350269190
0, 3160 15198.404367896992 2635.029032496594 3239.933689295044    1    7
         0, 3161   0.707106781187   0.000000000000  -0.707106781187
                   0.577350269190   0.577350269190   0.577350269190
0, 3161 15509.214893866436 2483.228577425154 3080.923618397042    2    0
         0, 3160  -0.707106781187  -0.000000000000   0.707106781187
                   0.577350269190   0.577350269190   0.577350269190
         0, 3162   0.707106781187   0.000000000000  -0.707106781187
                   0.577350269190   0.577350269190   0.577350269190
0, 3162 15820.025419835880 2331.428122353713 2921.913547499038    2    0
         0, 3161  -0.707106781187  -0.000000000000   0.707106781187
                   0.577350269190   0.577350269190   0.577350269190
         0, 3163   0.707106781187   0.000000000000  -0.707106781187
                   0.577350269190   0.577350269190   0.577350269190
0, 3163 16130.835945805324 2179.627667282272 2762.903476601036    2    0
         0, 3162  -0.707106781187  -0.000000000000   0.707106781187
                   0.577350269190   0.577350269190   0.577350269190
         0, 3164   0.707106781187   0.000000000000  -0.707106781187
                   0.577350269190   0.577350269190   0.577350269190
0, 3164 16441.646471774766 2027.827212210831 2603.893405703033    1    7
         0, 3163  -0.707106781187  -0.000000000000   0.707106781187
                   0.577350269190   0.577350269190   0.577350269190
0, 3165 1512.613160400024 14924.443228488697 11053.958770971731    1    7
         0, 3166  -0.707106781187   0.707106781187  -0.000000000000
                   0.577350269190   0.577350269190   0.577350269190
0, 3166 1850.942164009506 14569.105794839639 11070.967201011308    2    0
         0, 3165   0.707106781187  -0.707106781187   0.000000000000
                   0.577350269190   0.577350269190   0.577350269190
         0, 3167  -0.707106781187   0.707106781187  -0.000000000000
                   0.577350269190   0.577350269190   0.577350269190
0, 3167 2189.271167618987 14213.768361190580 11087.975631050884    2    0
         0, 3166   0.707106781187  -0.707106781187   0.000000000000
                   0.577350269190   0.577350269190   0.577350269190
         0, 3168  -0.707106781187   0.707106781187  -0.000000000000
                   0.577350269190   0.577350269190   0.577350269190
0, 3168 2527.600171228469 13858.430927541522 11104.984061090461    2    0
         0, 3167   0.707106781187  -0.707106781187   0.000000000000
                   0.577350269190   0.577350269190   0.577350269190
         0, 3169  -0.707106781187   0.707106781187  -0.000000000000
                   0.577350269190   0.577350269190   0.577350269190
0, 3169 2865.929174837951 13503.093493892462 11121.992491130039    1    7
         0, 3168   0.707106781187  -0.707106781187   0.000000000000
                   0.577350269190   0.577350269190   0.577350269190
0, 3170 11465.245864002001 3627.404934527765 17120.054390973266    1    7
         0, 3171   0.000000000000   0.707106781187   0.707106781187
                   0.577350269190  -0.577350269190   0.577350269190
0, 3171 10924.166431838617 3268.100146661413 17301.829035270297    2    0
         0, 3170  -0.000000000000  -0.707106781187  -0.707106781187
                   0.577350269190  -0.577350269190   0.577350269190
         0, 3172   0.000000000000   0.707106781187   0.707106781187
                   0.577350269190  -0.577350269190   0.577350269190
0, 3172 10383.086999675232 2908.795358795061 17483.603679567332    2    0
         0, 3171  -0.000000000000  -0.707106781187  -0.707106781187
                   0.577350269190  -0.577350269190   0.577350269190
         0, 3173   0.000000000000   0.707106781187   0.707106781187
                   0.577350269190  -0.577350269190   0.577350269190
0, 3173 9842.007567511848 2549.490570928709 17665.378323864363    2    0
         0, 3172  -0.000000000000  -0.707106781187  -0.707106781187
                   0.577350269190  -0.577350269190   0.577350269190
         0, 3174   0.000000000000   0.707106781187   0.707106781187
                   0.577350269190  -0.577350269190   0.577350269190
0, 3174 9300.928135348462 2190.185783062357 17847.152968161397    1    7
         0, 3173  -0.000000000000  -0.707106781187  -0.707106781187
                   0.577350269190  -0.577350269190   0.577350269190
0, 3175 4617.066393838966 16496.927255304287 2023.345000655779    1    7
         0, 3176  -0.707106781187  -0.707106781187  -0.000000000000
                  -0.577350269190   0.577350269190   0.577350269190
0, 3176 4459.954351596097 16100.139447106227 2263.020766610970    2    0
         0, 3175   0.707106781187   0.707106781187   0.000000000000
                  -0.577350269190   0.577350269190   0.577350269190
         0, 3177  -0.707106781187  -0.707106781187  -0.000000000000
                  -0.577350269190   0.577350269190   0.577350269190
0, 3177 4302.842309353228 15703.351638908167 2502.696532566161    2    0
         0, 3176   0.707106781187   0.707106781187   0.000000000000
                  -0.577350269190   0.577350269190   0.577350269190
         0, 3178  -0.707106781187  -0.707106781187  -0.000000000000
                  -0.577350269190   0.577350269190   0.577350269190
0, 3178 4145.730267110359 15306.563830710105 2742.372298521353    2    0
         0, 3177   0.707106781187   0.707106781187   0.000000000000
                  -0.577350269190   0.577350269190   0.577350269190
         0, 3179  -0.707106781187  -0.707106781187  -0.000000000000
                  -0.577350269190   0.577350269190   0.577350269190
0, 3179 3988.618224867490 14909.776022512046 2982.048064476543    1    7
         0, 3178   0.707106781187   0.707106781187   0.000000000000
                  -0.577350269190   0.577350269190   0.577350269190
0, 3180 14226.817503209364 5740.759210852309 1161.182889404809    1    7
         0, 3181   0.707106781187   0.000000000000  -0.707106781187
                   0.577350269190   0.577350269190   0.577350269190
0, 3181 14511.451693059480 5146.802358971225 1470.505551435778    2    0
         0, 3180  -0.707106781187  -0.000000000000   0.707106781187
                   0.577350269190   0.577350269190   0.577350269190
         0, 3182   0.707106781187   0.000000000000  -0.707106781187
                   0.577350269190   0.577350269190   0.577350269190
0, 3182 14796.085882909598 4552.845507090140 1779.828213466746    2    0
         0, 3181  -0.707106781187  -0.000000000000   0.707106781187
                   0.577350269190   0.577350269190   0.577350269190
         0, 3183   0.707106781187   0.000000000000  -0.707106781187
                   0.577350269190   0.577350269190   0.577350269190
0, 3183 15080.720072759716 3958.888655209054 2089.150875497714    2    0
         0, 3182  -0.707106781187  -0.000000000000   0.707106781187
                   0.577350269190   0.577350269190   0.577350269190
         0, 3184   0.707106781187   0.000000000000  -0.707106781187
                   0.577350269190   0.577350269190   0.577350269190
0, 3184 15365.354262609831 3364.931803327970 2398.473537528682    1    7
         0, 3183  -0.707106781187  -0.000000000000   0.707106781187
                   0.577350269190   0.577350269190   0.577350269190
0, 3185 14515.781536979714 7399.353618581544 8480.055879757238    1    7
         0, 3186   0.000000000000   0.707106781187   0.707106781187
                   0.577350269190  -0.577350269190   0.577350269190
0, 3186 14121.573857052783 7307.310656339884 8782.220597442509    2    0
         0, 3185  -0.000000000000  -0.707106781187  -0.707106781187
                   0.577350269190  -0.577350269190   0.577350269190
         0, 3187   0.000000000000   0.707106781187   0.707106781187
                   0.577350269190  -0.577350269190   0.577350269190
0, 3187 13727.366177125852 7215.267694098225 9084.385315127780    2    0
         0, 3186  -0.000000000000  -0.707106781187  -0.707106781187
                   0.577350269190  -0.577350269190   0.577350269190
         0, 3188   0.000000000000   0.707106781187   0.707106781187
                   0.577350269190  -0.577350269190   0.577350269190
0, 3188 13333.158497198921 7123.224731856566 9386.550032813053    2    0
         0, 3187  -0.000000000000  -0.707106781187  -0.707106781187
                   0.577350269190  -0.577350269190   0.577350269190
         0, 3189   0.000000000000   0.707106781187   0.707106781187
                   0.577350269190  -0.577350269190   0.577350269190
0, 3189 12938.950817271991 7031.181769614906 9688.714750498324    1    7
         0, 3188  -0.000000000000  -0.707106781187  -0.707106781187
                   0.577350269190  -0.577350269190   0.577350269190
0, 3190 18687.140432561093 14161.796488860626 5491.212122695308    1    7
         0, 3191   0.000000000000   0.707106781187   0.707106781187
                   0.577350269190  -0.577350269190   0.577350269190
0, 3191 18920.038669745158 13831.915007517995 4928.432404168610    2    0
         0, 3190  -0.000000000000  -0.707106781187  -0.707106781187
                   0.577350269190  -0.577350269190   0.577350269190
         0, 3192   0.000000000000   0.707106781187   0.707106781187
                   0.577350269190  -0.577350269190   0.577350269190
0, 3192 19152.936906929226 13502.033526175364 4365.652685641913    2    0
         0, 3191  -0.000000000000  -0.707106781187  -0.707106781187
                   0.577350269190  -0.577350269190   0.577350269190
         0, 3193   0.000000000000   0.707106781187   0.707106781187
                   0.577350269190  -0.577350269190   0.577350269190
0, 3193 19385.835144113291 13172.152044832732 3802.872967115216    2    0
         0, 3192  -0.000000000000  -0.707106781187  -0.707106781187
                   0.577350269190  -0.577350269190   0.577350269190
         0, 3194   0.000000000000   0.707106781187   0.707106781187
                   0.577350269190  -0.577350269190   0.577350269190
0, 3194 19618.733381297356 12842.270563490101 3240.093248588519    1    7
         0, 3193  -0.000000000000  -0.707106781187  -0.707106781187
                   0.577350269190  -0.577350269190   0.577350269190
0, 3195 2821.413833166072 4396.086051608799 16125.236312832531    1    7
         0, 3196  -0.707106781187   0.707106781187  -0.000000000000
                   0.577350269190   0.577350269190  -0.577350269190
0, 3196 3225.707281064753 4392.786262765381 16526.229971887795    2    0
         0, 3195   0.707106781187  -0.707106781187   0.000000000000
                   0.577350269190   0.577350269190  -0.577350269190
         0, 3197  -0.707106781187   0.707106781187  -0.000000000000
                   0.577350269190   0.577350269190  -0.577350269190
0, 3197 3630.000728963434 4389.486473921965 16927.223630943059    2    0
         0, 3196   0.707106781187  -0.707106781187   0.000000000000
                   0.577350269190   0.577350269190  -0.577350269190
         0, 3198  -0.707106781187   0.707106781187  -0.000000000000
                   0.577350269190   0.577350269190  -0.577350269190
0, 3198 4034.294176862115 4386.186685078547 17328.217289998323    2    0
         0, 3197   0.707106781187  -0.707106781187   0.000000000000
                   0.577350269190   0.577350269190  -0.577350269190
         0, 3199  -0.707106781187   0.707106781187  -0.000000000000
                   0.577350269190   0.577350269190  -0.577350269190
0, 3199 4438.587624760797 4382.886896235130 17729.210949053588    1    7
         0, 3198   0.707106781187  -0.707106781187   0.000000000000
                   0.577350269190   0.577350269190  -0.577350269190
0, 3200 12082.047338365219 5240.401564222491 19647.629314886271    1    7
         0, 3201   0.000000000000   0.707106781187  -0.707106781187
                  -0.577350269190   0.577350269190   0.577350269190
0, 3201 11572.197954184390 5205.383707791729 19172.797787136205    2    0
         0, 3200  -0.000000000000  -0.707106781187   0.707106781187
                  -0.577350269190   0.577350269190   0.577350269190
         0, 3202   0.000000000000   0.707106781187  -0.707106781187
                  -0.577350269190   0.577350269190   0.577350269190
0, 3202 11062.348570003564 5170.365851360966 18697.966259386139    2    0
         0, 3201  -0.000000000000  -0.707106781187   0.707106781187
                  -0.577350269190   0.577350269190   0.577350269190
         0, 3203   0.000000000000   0.707106781187  -0.707106781187
                  -0.577350269190   0.577350269190   0.577350269190
0, 3203 10552.499185822737 5135.347994930204 18223.134731636077    2    0
         0, 3202  -0.000000000000  -0.707106781187   0.707106781187
                  -0.577350269190   0.577350269190   0.577350269190
         0, 3204   0.000000000000   0.707106781187  -0.707106781187
                  -0.577350269190   0.577350269190   0.577350269190
0, 3204 10042.649801641908 5100.330138499441 17748.303203886011    1    7
         0, 3203  -0.000000000000  -0.707106781187   0.707106781187
                  -0.577350269190   0.577350269190   0.577350269190
0, 3205 15006.806410375355 2268.227905520609 3167.210300464776    1    7
         0, 3206   0.707106781187   0.707106781187   0.000000000000
                  -0.577350269190   0.577350269190   0.577350269190
0, 3206 15173.437784930969 2021.781368192893 3580.288212348107    2    0
         0, 3205  -0.707106781187  -0.707106781187  -0.000000000000
                  -0.577350269190   0.577350269190   0.577350269190
         0, 3207   0.707106781187   0.707106781187   0.000000000000
                  -0.577350269190   0.577350269190   0.577350269190
0, 3207 15340.069159486584 1775.334830865177 3993.366124231438    2    0
         0, 3206  -0.707106781187  -0.707106781187  -0.000000000000
                  -0.577350269190   0.577350269190   0.577350269190
         0, 3208   0.707106781187   0.707106781187   0.000000000000
                  -0.577350269190   0.577350269190   0.577350269190
0, 3208 15506.700534042200 1528.888293537460 4406.444036114769    2    0
         0, 3207  -0.707106781187  -0.707106781187  -0.000000000000
                  -0.577350269190   0.577350269190   0.577350269190
         0, 3209   0.707106781187   0.707106781187   0.000000000000
                  -0.577350269190   0.577350269190   0.577350269190
0, 3209 15673.331908597815 1282.441756209744 4819.521947998101    1    7
         0, 3208  -0.707106781187  -0.707106781187  -0.000000000000
                  -0.577350269190   0.577350269190   0.577350269190
0, 3210 9841.690493904247 12897.366115474009 14662.759974468800    1    7
         0, 3211   0.707106781187   0.707106781187   0.000000000000
                  -0.577350269190   0.577350269190   0.577350269190
0, 3211 10279.977694836021 12997.092668394558 15001.320622480025    2    0
         0, 3210  -0.707106781187  -0.707106781187  -0.000000000000
                  -0.577350269190   0.577350269190   0.577350269190
         0, 3212   0.707106781187   0.707106781187   0.000000000000
                  -0.577350269190   0.577350269190   0.577350269190
0, 3212 10718.264895767794 13096.819221315107 15339.881270491251    2    0
         0, 3211  -0.707106781187  -0.707106781187  -0.000000000000
                  -0.577350269190   0.577350269190   0.577350269190
         0, 3213   0.707106781187   0.707106781187   0.000000000000
                  -0.577350269190   0.577350269190   0.577350269190
0, 3213 11156.552096699568 13196.545774235656 15678.441918502474    2    0
         0, 3212  -0.707106781187  -0.707106781187  -0.000000000000
                  -0.577350269190   0.577350269190   0.577350269190
         0, 3214   0.707106781187   0.707106781187   0.000000000000
                  -0.577350269190   0.577350269190   0.577350269190
0, 3214 11594.839297631343 13296.272327156203 16017.002566513700    1    7
         0, 3213  -0.707106781187  -0.707106781187  -0.000000000000
                  -0.577350269190   0.577350269190   0.577350269190
0, 3215 9065.684149169805 14953.978808906162 5192.963848325820    1    7
         0, 3216  -0.707106781187   0.707106781187  -0.000000000000
                   0.577350269190   0.577350269190  -0.577350269190
0, 3216 9631.260538354007 14478.622735519795 5283.184164123655    2    0
         0, 3215   0.707106781187  -0.707106781187   0.000000000000
                   0.577350269190   0.577350269190  -0.577350269190
         0, 3217  -0.707106781187   0.707106781187  -0.000000000000
                   0.577350269190   0.577350269190  -0.577350269190
0, 3217 10196.836927538210 14003.266662133427 5373.404479921490    2    0
         0, 3216   0.707106781187  -0.707106781187   0.000000000000
                   0.577350269190   0.577350269190  -0.577350269190
         0, 3218  -0.707106781187   0.707106781187  -0.000000000000
                   0.577350269190   0.577350269190  -0.577350269190
0, 3218 10762.413316722412 13527.910588747060 5463.624795719325    2    0
         0, 3217   0.707106781187  -0.707106781187   0.000000000000
                   0.577350269190   0.577350269190  -0.577350269190
         0, 3219  -0.707106781187   0.707106781187  -0.000000000000
                   0.577350269190   0.577350269190  -0.577350269190
0, 3219 11327.989705906615 13052.554515360691 5553.845111517159    1    7
         0, 3218   0.707106781187  -0.707106781187   0.000000000000
                   0.577350269190   0.577350269190  -0.577350269190
0, 3220 3707.466986708320 16100.457555645424 6498.525236193889    1    7
         0, 3221   0.707106781187   0.000000000000   0.707106781187
                   0.577350269190   0.577350269190  -0.577350269190
0, 3221 3993.118329452673 16060.185285944390 6743.904309237209    2    0
         0, 3220  -0.707106781187  -0.000000000000  -0.707106781187
                   0.577350269190   0.577350269190  -0.577350269190
         0, 3222   0.707106781187   0.000000000000   0.707106781187
                   0.577350269190   0.577350269190  -0.577350269190
0, 3222 4278.769672197026 16019.913016243356 6989.283382280527    2    0
         0, 3221  -0.707106781187  -0.000000000000  -0.707106781187
                   0.577350269190   0.577350269190  -0.577350269190
         0, 3223   0.707106781187   0.000000000000   0.707106781187
                   0.577350269190   0.577350269190  -0.577350269190
0, 3223 4564.421014941379 15979.640746542322 7234.662455323846    2    0
         0, 3222  -0.707106781187  -0.000000000000  -0.707106781187
                   0.577350269190   0.577350269190  -0.577350269190
         0, 3224   0.707106781187   0.000000000000   0.707106781187
                   0.577350269190   0.577350269190  -0.577350269190
0, 3224 4850.072357685733 15939.368476841288 7480.041528367165    1    7
         0, 3223  -0.707106781187  -0.000000000000  -0.707106781187
                   0.577350269190   0.577350269190  -0.577350269190
0, 3225 9858.213147489185 17023.230967799092 1326.788787635591    1    7
         0, 3226   0.000000000000   0.707106781187   0.707106781187
                   0.577350269190   0.577350269190  -0.577350269190
0, 3226 10234.819969665867 16971.816477612330 1651.981119625508    2    0
         0, 3225  -0.000000000000  -0.707106781187  -0.707106781187
                   0.577350269190   0.577350269190  -0.577350269190
         0, 3227   0.000000000000   0.707106781187   0.707106781187
                   0.577350269190   0.577350269190  -0.577350269190
0, 3227 10611.426791842547 16920.401987425565 1977.173451615425    2    0
         0, 3226  -0.000000000000  -0.707106781187  -0.707106781187
                   0.577350269190   0.577350269190  -0.577350269190
         0, 3228   0.000000000000   0.707106781187   0.707106781187
                   0.577350269190   0.577350269190  -0.577350269190
0, 3228 10988.033614019228 16868.987497238802 2302.365783605343    2    0
         0, 3227  -0.000000000000  -0.707106781187  -0.707106781187
                   0.577350269190   0.577350269190  -0.577350269190
         0, 3229   0.000000000000   0.707106781187   0.707106781187
                   0.577350269190   0.577350269190  -0.577350269190
0, 3229 11364.640436195908 16817.573007052037 2627.558115595260    1    7
         0, 3228  -0.000000000000  -0.707106781187  -0.707106781187
                   0.577350269190   0.577350269190  -0.577350269190
0, 3230 17316.222650305437 5177.912883311284 19278.765506049822    1    7
         0, 3231  -0.707106781187  -0.707106781187  -0.000000000000
                   0.577350269190  -0.577350269190   0.577350269190
0, 3231 17808.889627279270 5558.449342739847 19166.634988504549    2    0
         0, 3230   0.707106781187   0.707106781187   0.000000000000
                   0.577350269190  -0.577350269190   0.577350269190
         0, 3232  -0.707106781187  -0.707106781187  -0.000000000000
                   0.577350269190  -0.577350269190   0.577350269190
0, 3232 18301.556604253106 5938.985802168409 19054.504470959280    2    0
         0, 3231   0.707106781187   0.707106781187   0.000000000000
                   0.577350269190  -0.577350269190   0.577350269190
         0, 3233  -0.707106781187  -0.707106781187  -0.000000000000
                   0.577350269190  -0.577350269190   0.577350269190
0, 3233 18794.223581226943 6319.522261596972 18942.373953414008    2    0
         0, 3232   0.707106781187   0.707106781187   0.000000000000
                   0.577350269190  -0.577350269190   0.577350269190
         0, 3234  -0.707106781187  -0.707106781187  -0.000000000000
                   0.577350269190  -0.577350269190   0.577350269190
0, 3234 19286.890558200776 6700.058721025535 18830.243435868735    1    7
         0, 3233   0.707106781187   0.707106781187   0.000000000000
                   0.577350269190  -0.577350269190   0.577350269190
0, 3235 14959.606794435453 14151.898102275174 9990.539883256268    1    7
         0, 3236   0.000000000000   0.707106781187   0.707106781187
                   0.577350269190   0.577350269190  -0.577350269190
0, 3236 15401.793046023342 13849.906053354738 10130.734085923723    2    0
         0, 3235  -0.000000000000  -0.707106781187  -0.707106781187
                   0.577350269190   0.577350269190  -0.577350269190
         0, 3237   0.000000000000   0.707106781187   0.707106781187
                   0.577350269190   0.577350269190  -0.577350269190
0, 3237 15843.979297611231 13547.914004434304 10270.928288591176    2    0
         0, 3236  -0.000000000000  -0.707106781187  -0.707106781187
                   0.577350269190   0.577350269190  -0.577350269190
         0, 3238   0.000000000000   0.707106781187   0.707106781187
                   0.577350269190   0.577350269190  -0.577350269190
0, 3238 16286.165549199122 13245.921955513868 10411.122491258631    2    0
         0, 3237  -0.000000000000  -0.707106781187  -0.707106781187
                   0.577350269190   0.577350269190  -0.577350269190
         0, 3239   0.000000000000   0.707106781187   0.707106781187
                   0.577350269190   0.577350269190  -0.577350269190
0, 3239 16728.351800787012 12943.929906593434 10551.316693926085    1    7
         0, 3238  -0.000000000000  -0.707106781187  -0.707106781187
                   0.577350269190   0.577350269190  -0.577350269190
