dataFileVersion = 4
numFileSegments = 1
minCoordinates = [
 0.000000
 0.000000
 0.000000
 ]
maxCoordinates = [
 16064.257028
 16064.257028
 16064.257028
 ]
nodeCount = 1680
dataDecompType = 2
dataDecompGeometry = [
 1
 1
 1
 ]

#
#  END OF DATA FILE PARAMETERS
#

domainDecomposition = 
# Dom_ID  Minimum XYZ bounds   Maximum XYZ bounds
  0  0.000000  0.000000  0.000000  16064.257028  16064.257028  16064.257028
nodalData =
# Primary lines: node_tag, x, y, z, num_arms, constraint
# Secondary lines: arm_tag, burgx, burgy, burgz, nx, ny, nz
0,    0 10641.404466501979 9424.182989317680 10080.258341217655    1    7
         0,    1  -0.707106781187  -0.707106781187  -0.000000000000
                   0.577350269190  -0.577350269190   0.577350269190
0,    1 10867.806542683926 9804.085094494671 10233.758370212699    2    0
         0,    0   0.707106781187   0.707106781187   0.000000000000
                   0.577350269190  -0.577350269190   0.577350269190
         0,    2  -0.707106781187  -0.707106781187  -0.000000000000
                   0.577350269190  -0.577350269190   0.577350269190
0,    2 11094.208618865872 10183.987199671661 10387.258399207742    2    0
         0,    1   0.707106781187   0.707106781187   0.000000000000
                   0.577350269190  -0.577350269190   0.577350269190
         0,    3  -0.707106781187  -0.707106781187  -0.000000000000
                   0.577350269190  -0.577350269190   0.577350269190
0,    3 11320.610695047821 10563.889304848650 10540.758428202786    2    0
         0,    2   0.707106781187   0.707106781187   0.000000000000
                   0.577350269190  -0.577350269190   0.577350269190
         0,    4  -0.707106781187  -0.707106781187  -0.000000000000
                   0.577350269190  -0.577350269190   0.577350269190
0,    4 11547.012771229767 10943.791410025640 10694.258457197830    1    7
         0,    3   0.707106781187   0.707106781187   0.000000000000
                   0.577350269190  -0.577350269190   0.577350269190
0,    5 9481.607803537705 6669.340469532616 10830.227016849796    1    7
         0,    6  -0.707106781187  -0.707106781187  -0.000000000000
                  -0.577350269190   0.577350269190   0.577350269190
0,    6 9115.630728039745 6820.627728251886 10312.962682632566    2    0
         0,    5   0.707106781187   0.707106781187   0.000000000000
                  -0.577350269190   0.577350269190   0.577350269190
         0,    7  -0.707106781187  -0.707106781187  -0.000000000000
                  -0.577350269190   0.577350269190   0.577350269190
0,    7 8749.653652541785 6971.914986971155 9795.698348415337    2    0
         0,    6   0.707106781187   0.707106781187   0.000000000000
                  -0.577350269190   0.577350269190   0.577350269190
         0,    8  -0.707106781187  -0.707106781187  -0.000000000000
                  -0.577350269190   0.577350269190   0.577350269190
0,    8 8383.676577043825 7123.202245690426 9278.434014198108    2    0
         0,    7   0.707106781187   0.707106781187   0.000000000000
                  -0.577350269190   0.577350269190   0.577350269190
         0,    9  -0.707106781187  -0.707106781187  -0.000000000000
                  -0.577350269190   0.577350269190   0.577350269190
0,    9 8017.699501545865 7274.489504409696 8761.169679980878    1    7
         0,    8   0.707106781187   0.707106781187   0.000000000000
                  -0.577350269190   0.577350269190   0.577350269190
0,   10 12492.514726511145 14885.168957739792 8508.670204505850    1    7
         0,   11   0.000000000000   0.707106781187  -0.707106781187
                   0.577350269190   0.577350269190   0.577350269190
0,   11 12985.205212531595 14603.099536129523 8298.049140095667    2    0
         0,   10  -0.000000000000  -0.707106781187   0.707106781187
                   0.577350269190   0.577350269190   0.577350269190
         0,   12   0.000000000000   0.707106781187  -0.707106781187
                   0.577350269190   0.577350269190   0.577350269190
0,   12 13477.895698552047 14321.030114519253 8087.428075685486    2    0
         0,   11  -0.000000000000  -0.707106781187   0.707106781187
                   0.577350269190   0.577350269190   0.577350269190
         0,   13   0.000000000000   0.707106781187  -0.707106781187
                   0.577350269190   0.577350269190   0.577350269190
0,   13 13970.586184572498 14038.960692908984 7876.807011275303    2    0
         0,   12  -0.000000000000  -0.707106781187   0.707106781187
                   0.577350269190   0.577350269190   0.577350269190
         0,   14   0.000000000000   0.707106781187  -0.707106781187
                   0.577350269190   0.577350269190   0.577350269190
0,   14 14463.276670592950 13756.891271298715 7666.185946865121    1    7
         0,   13  -0.000000000000  -0.707106781187   0.707106781187
                   0.577350269190   0.577350269190   0.577350269190
0,   15 5313.061948945154 13672.755116792296 7078.396670067896    1    7
         0,   16   0.707106781187  -0.707106781187   0.000000000000
                   0.577350269190   0.577350269190   0.577350269190
0,   16 5217.647508675264 13333.263010558232 7513.303216571850    2    0
         0,   15  -0.707106781187   0.707106781187  -0.000000000000
                   0.577350269190   0.577350269190   0.577350269190
         0,   17   0.707106781187  -0.707106781187   0.000000000000
                   0.577350269190   0.577350269190   0.577350269190
0,   17 5122.233068405375 12993.770904324167 7948.209763075803    2    0
         0,   16  -0.707106781187   0.707106781187  -0.000000000000
                   0.577350269190   0.577350269190   0.577350269190
         0,   18   0.707106781187  -0.707106781187   0.000000000000
                   0.577350269190   0.577350269190   0.577350269190
0,   18 5026.818628135486 12654.278798090103 8383.116309579756    2    0
         0,   17  -0.707106781187   0.707106781187  -0.000000000000
                   0.577350269190   0.577350269190   0.577350269190
         0,   19   0.707106781187  -0.707106781187   0.000000000000
                   0.577350269190   0.577350269190   0.577350269190
0,   19 4931.404187865596 12314.786691856038 8818.022856083711    1    7
         0,   18  -0.707106781187   0.707106781187  -0.000000000000
                   0.577350269190   0.577350269190   0.577350269190
0,   20 12743.256939501882 2894.637745983911 4173.845607206180    1    7
         0,   21  -0.000000000000  -0.707106781187   0.707106781187
                   0.577350269190   0.577350269190   0.577350269190
0,   21 12975.663331946385 2364.694809346711 4471.382151398876    2    0
         0,   20   0.000000000000   0.707106781187  -0.707106781187
                   0.577350269190   0.577350269190   0.577350269190
         0,   22  -0.000000000000  -0.707106781187   0.707106781187
                   0.577350269190   0.577350269190   0.577350269190
0,   22 13208.069724390889 1834.751872709511 4768.918695591572    2    0
         0,   21   0.000000000000   0.707106781187  -0.707106781187
                   0.577350269190   0.577350269190   0.577350269190
         0,   23  -0.000000000000  -0.707106781187   0.707106781187
                   0.577350269190   0.577350269190   0.577350269190
0,   23 13440.476116835394 1304.808936072310 5066.455239784268    2    0
         0,   22   0.000000000000   0.707106781187  -0.707106781187
                   0.577350269190   0.577350269190   0.577350269190
         0,   24  -0.000000000000  -0.707106781187   0.707106781187
                   0.577350269190   0.577350269190   0.577350269190
0,   24 13672.882509279898 774.865999435111 5363.991783976964    1    7
         0,   23   0.000000000000   0.707106781187  -0.707106781187
                   0.577350269190   0.577350269190   0.577350269190
0,   25 5098.781498485073 10573.132903442696 1956.189858682531    1    7
         0,   26   0.707106781187   0.000000000000  -0.707106781187
                   0.577350269190   0.577350269190   0.577350269190
0,   26 5078.260735353359 11030.142789540085 1519.700735716856    2    0
         0,   25  -0.707106781187  -0.000000000000   0.707106781187
                   0.577350269190   0.577350269190   0.577350269190
         0,   27   0.707106781187   0.000000000000  -0.707106781187
                   0.577350269190   0.577350269190   0.577350269190
0,   27 5057.739972221645 11487.152675637473 1083.211612751182    2    0
         0,   26  -0.707106781187  -0.000000000000   0.707106781187
                   0.577350269190   0.577350269190   0.577350269190
         0,   28   0.707106781187   0.000000000000  -0.707106781187
                   0.577350269190   0.577350269190   0.577350269190
0,   28 5037.219209089932 11944.162561734862 646.722489785507    2    0
         0,   27  -0.707106781187  -0.000000000000   0.707106781187
                   0.577350269190   0.577350269190   0.577350269190
         0,   29   0.707106781187   0.000000000000  -0.707106781187
                   0.577350269190   0.577350269190   0.577350269190
0,   29 5016.698445958217 12401.172447832250 210.233366819832    1    7
         0,   28  -0.707106781187  -0.000000000000   0.707106781187
                   0.577350269190   0.577350269190   0.577350269190
0,   30 5585.855177407261 3223.892243059780 9718.157866257052    1    7
         0,   31   0.707106781187   0.000000000000  -0.707106781187
                   0.577350269190   0.577350269190   0.577350269190
0,   31 5850.622242035498 3000.526613764107 9676.756430924490    2    0
         0,   30  -0.707106781187  -0.000000000000   0.707106781187
                   0.577350269190   0.577350269190   0.577350269190
         0,   32   0.707106781187   0.000000000000  -0.707106781187
                   0.577350269190   0.577350269190   0.577350269190
0,   32 6115.389306663735 2777.160984468433 9635.354995591926    2    0
         0,   31  -0.707106781187  -0.000000000000   0.707106781187
                   0.577350269190   0.577350269190   0.577350269190
         0,   33   0.707106781187   0.000000000000  -0.707106781187
                   0.577350269190   0.577350269190   0.577350269190
0,   33 6380.156371291971 2553.795355172758 9593.953560259364    2    0
         0,   32  -0.707106781187  -0.000000000000   0.707106781187
                   0.577350269190   0.577350269190   0.577350269190
         0,   34   0.707106781187   0.000000000000  -0.707106781187
                   0.577350269190   0.577350269190   0.577350269190
0,   34 6644.923435920207 2330.429725877084 9552.552124926802    1    7
         0,   33  -0.707106781187  -0.000000000000   0.707106781187
                   0.577350269190   0.577350269190   0.577350269190
0,   35 15437.765991052724 15997.088792212655 12462.794160255566    1    7
         0,   36   0.000000000000   0.707106781187   0.707106781187
                   0.577350269190  -0.577350269190   0.577350269190
0,   36 15189.314753432134 15683.363300543409 12397.519906206911    2    0
         0,   35  -0.000000000000  -0.707106781187  -0.707106781187
                   0.577350269190  -0.577350269190   0.577350269190
         0,   37   0.000000000000   0.707106781187   0.707106781187
                   0.577350269190  -0.577350269190   0.577350269190
0,   37 14940.863515811545 15369.637808874166 12332.245652158255    2    0
         0,   36  -0.000000000000  -0.707106781187  -0.707106781187
                   0.577350269190  -0.577350269190   0.577350269190
         0,   38   0.000000000000   0.707106781187   0.707106781187
                   0.577350269190  -0.577350269190   0.577350269190
0,   38 14692.412278190955 15055.912317204922 12266.971398109601    2    0
         0,   37  -0.000000000000  -0.707106781187  -0.707106781187
                   0.577350269190  -0.577350269190   0.577350269190
         0,   39   0.000000000000   0.707106781187   0.707106781187
                   0.577350269190  -0.577350269190   0.577350269190
0,   39 14443.961040570366 14742.186825535677 12201.697144060945    1    7
         0,   38  -0.000000000000  -0.707106781187  -0.707106781187
                   0.577350269190  -0.577350269190   0.577350269190
0,   40 10235.628159625179 7046.282486587534 10374.829529319666    1    7
         0,   41   0.000000000000   0.707106781187  -0.707106781187
                   0.577350269190   0.577350269190   0.577350269190
0,   41 10624.127986963878 6713.078720987252 10319.533467581248    2    0
         0,   40  -0.000000000000  -0.707106781187   0.707106781187
                   0.577350269190   0.577350269190   0.577350269190
         0,   42   0.000000000000   0.707106781187  -0.707106781187
                   0.577350269190   0.577350269190   0.577350269190
0,   42 11012.627814302576 6379.874955386971 10264.237405842832    2    0
         0,   41  -0.000000000000  -0.707106781187   0.707106781187
                   0.577350269190   0.577350269190   0.577350269190
         0,   43   0.000000000000   0.707106781187  -0.707106781187
                   0.577350269190   0.577350269190   0.577350269190
0,   43 11401.127641641275 6046.671189786690 10208.941344104414    2    0
         0,   42  -0.000000000000  -0.707106781187   0.707106781187
                   0.577350269190   0.577350269190   0.577350269190
         0,   44   0.000000000000   0.707106781187  -0.707106781187
                   0.577350269190   0.577350269190   0.577350269190
0,   44 11789.627468979972 5713.467424186409 10153.645282365998    1    7
         0,   43  -0.000000000000  -0.707106781187   0.707106781187
                   0.577350269190   0.577350269190   0.577350269190
0,   45 8667.732070877417 2335.894712787254 3757.527750467667    1    7
         0,   46   0.707106781187   0.000000000000  -0.707106781187
                   0.577350269190   0.577350269190   0.577350269190
0,   46 8545.299516041901 2785.735904650200 3430.119113440237    2    0
         0,   45  -0.707106781187  -0.000000000000   0.707106781187
                   0.577350269190   0.577350269190   0.577350269190
         0,   47   0.707106781187   0.000000000000  -0.707106781187
                   0.577350269190   0.577350269190   0.577350269190
0,   47 8422.866961206388 3235.577096513145 3102.710476412806    2    0
         0,   46  -0.707106781187  -0.000000000000   0.707106781187
                   0.577350269190   0.577350269190   0.577350269190
         0,   48   0.707106781187   0.000000000000  -0.707106781187
                   0.577350269190   0.577350269190   0.577350269190
0,   48 8300.434406370872 3685.418288376091 2775.301839385375    2    0
         0,   47  -0.707106781187  -0.000000000000   0.707106781187
                   0.577350269190   0.577350269190   0.577350269190
         0,   49   0.707106781187   0.000000000000  -0.707106781187
                   0.577350269190   0.577350269190   0.577350269190
0,   49 8178.001851535358 4135.259480239036 2447.893202357945    1    7
         0,   48  -0.707106781187  -0.000000000000   0.707106781187
                   0.577350269190   0.577350269190   0.577350269190
0,   50 8846.528966916356 11796.170671216996 14073.449802987838    1    7
         0,   51   0.000000000000   0.707106781187   0.707106781187
                   0.577350269190  -0.577350269190   0.577350269190
0,   51 8884.618662336159 12297.577493629598 14536.766929980637    2    0
         0,   50  -0.000000000000  -0.707106781187  -0.707106781187
                   0.577350269190  -0.577350269190   0.577350269190
         0,   52   0.000000000000   0.707106781187   0.707106781187
                   0.577350269190  -0.577350269190   0.577350269190
0,   52 8922.708357755962 12798.984316042201 15000.084056973436    2    0
         0,   51  -0.000000000000  -0.707106781187  -0.707106781187
                   0.577350269190  -0.577350269190   0.577350269190
         0,   53   0.000000000000   0.707106781187   0.707106781187
                   0.577350269190  -0.577350269190   0.577350269190
0,   53 8960.798053175766 13300.391138454803 15463.401183966234    2    0
         0,   52  -0.000000000000  -0.707106781187  -0.707106781187
                   0.577350269190  -0.577350269190   0.577350269190
         0,   54   0.000000000000   0.707106781187   0.707106781187
                   0.577350269190  -0.577350269190   0.577350269190
0,   54 8998.887748595569 13801.797960867405 15926.718310959033    1    7
         0,   53  -0.000000000000  -0.707106781187  -0.707106781187
                   0.577350269190  -0.577350269190   0.577350269190
0,   55 5605.639756668362 1189.607003265349 11694.447598324554    1    7
         0,   56  -0.707106781187  -0.707106781187  -0.000000000000
                  -0.577350269190   0.577350269190   0.577350269190
0,   56 6051.894185823957 1490.438128029063 11839.870902716435    2    0
         0,   55   0.707106781187   0.707106781187   0.000000000000
                  -0.577350269190   0.577350269190   0.577350269190
         0,   57  -0.707106781187  -0.707106781187  -0.000000000000
                  -0.577350269190   0.577350269190   0.577350269190
0,   57 6498.148614979553 1791.269252792777 11985.294207108316    2    0
         0,   56   0.707106781187   0.707106781187   0.000000000000
                  -0.577350269190   0.577350269190   0.577350269190
         0,   58  -0.707106781187  -0.707106781187  -0.000000000000
                  -0.577350269190   0.577350269190   0.577350269190
0,   58 6944.403044135148 2092.100377556491 12130.717511500197    2    0
         0,   57   0.707106781187   0.707106781187   0.000000000000
                  -0.577350269190   0.577350269190   0.577350269190
         0,   59  -0.707106781187  -0.707106781187  -0.000000000000
                  -0.577350269190   0.577350269190   0.577350269190
0,   59 7390.657473290744 2392.931502320205 12276.140815892079    1    7
         0,   58   0.707106781187   0.707106781187   0.000000000000
                  -0.577350269190   0.577350269190   0.577350269190
0,   60 3695.829752532773 3218.795335538751 14746.867158789060    1    7
         0,   61   0.707106781187   0.000000000000   0.707106781187
                   0.577350269190   0.577350269190  -0.577350269190
0,   61 3320.420653715758 3123.461049629899 14276.123774063193    2    0
         0,   60  -0.707106781187  -0.000000000000  -0.707106781187
                   0.577350269190   0.577350269190  -0.577350269190
         0,   62   0.707106781187   0.000000000000   0.707106781187
                   0.577350269190   0.577350269190  -0.577350269190
0,   62 2945.011554898743 3028.126763721048 13805.380389337328    2    0
         0,   61  -0.707106781187  -0.000000000000  -0.707106781187
                   0.577350269190   0.577350269190  -0.577350269190
         0,   63   0.707106781187   0.000000000000   0.707106781187
                   0.577350269190   0.577350269190  -0.577350269190
0,   63 2569.602456081729 2932.792477812196 13334.637004611461    2    0
         0,   62  -0.707106781187  -0.000000000000  -0.707106781187
                   0.577350269190   0.577350269190  -0.577350269190
         0,   64   0.707106781187   0.000000000000   0.707106781187
                   0.577350269190   0.577350269190  -0.577350269190
0,   64 2194.193357264714 2837.458191903344 12863.893619885595    1    7
         0,   63  -0.707106781187  -0.000000000000  -0.707106781187
                   0.577350269190   0.577350269190  -0.577350269190
0,   65 4448.142170151068 8495.855026247251 10269.623464419305    1    7
         0,   66  -0.707106781187  -0.707106781187  -0.000000000000
                   0.577350269190  -0.577350269190   0.577350269190
0,   66 4656.639172470423 8191.229331872682 9756.500767725380    2    0
         0,   65   0.707106781187   0.707106781187   0.000000000000
                   0.577350269190  -0.577350269190   0.577350269190
         0,   67  -0.707106781187  -0.707106781187  -0.000000000000
                   0.577350269190  -0.577350269190   0.577350269190
0,   67 4865.136174789776 7886.603637498111 9243.378071031457    2    0
         0,   66   0.707106781187   0.707106781187   0.000000000000
                   0.577350269190  -0.577350269190   0.577350269190
         0,   68  -0.707106781187  -0.707106781187  -0.000000000000
                   0.577350269190  -0.577350269190   0.577350269190
0,   68 5073.633177109131 7581.977943123542 8730.255374337532    2    0
         0,   67   0.707106781187   0.707106781187   0.000000000000
                   0.577350269190  -0.577350269190   0.577350269190
         0,   69  -0.707106781187  -0.707106781187  -0.000000000000
                   0.577350269190  -0.577350269190   0.577350269190
0,   69 5282.130179428485 7277.352248748972 8217.132677643609    1    7
         0,   68   0.707106781187   0.707106781187   0.000000000000
                   0.577350269190  -0.577350269190   0.577350269190
0,   70 12206.852723530768 9769.238219638239 10727.025945485420    1    7
         0,   71  -0.000000000000  -0.707106781187  -0.707106781187
                   0.577350269190  -0.577350269190   0.577350269190
0,   71 12605.378811465065 9954.761638855389 10514.023276768274    2    0
         0,   70   0.000000000000   0.707106781187   0.707106781187
                   0.577350269190  -0.577350269190   0.577350269190
         0,   72  -0.000000000000  -0.707106781187  -0.707106781187
                   0.577350269190  -0.577350269190   0.577350269190
0,   72 13003.904899399362 10140.285058072537 10301.020608051125    2    0
         0,   71   0.000000000000   0.707106781187   0.707106781187
                   0.577350269190  -0.577350269190   0.577350269190
         0,   73  -0.000000000000  -0.707106781187  -0.707106781187
                   0.577350269190  -0.577350269190   0.577350269190
0,   73 13402.430987333659 10325.808477289687 10088.017939333979    2    0
         0,   72   0.000000000000   0.707106781187   0.707106781187
                   0.577350269190  -0.577350269190   0.577350269190
         0,   74  -0.000000000000  -0.707106781187  -0.707106781187
                   0.577350269190  -0.577350269190   0.577350269190
0,   74 13800.957075267956 10511.331896506837 9875.015270616832    1    7
         0,   73   0.000000000000   0.707106781187   0.707106781187
                   0.577350269190  -0.577350269190   0.577350269190
0,   75 888.747735273183 7023.916938168813 9137.582519075922    1    7
         0,   76  -0.707106781187  -0.000000000000  -0.707106781187
                   0.577350269190   0.577350269190  -0.577350269190
0,   76 1081.154460112007 6576.079618034165 8882.151923780099    2    0
         0,   75   0.707106781187   0.000000000000   0.707106781187
                   0.577350269190   0.577350269190  -0.577350269190
         0,   77  -0.707106781187  -0.000000000000  -0.707106781187
                   0.577350269190   0.577350269190  -0.577350269190
0,   77 1273.561184950831 6128.242297899516 8626.721328484275    2    0
         0,   76   0.707106781187   0.000000000000   0.707106781187
                   0.577350269190   0.577350269190  -0.577350269190
         0,   78  -0.707106781187  -0.000000000000  -0.707106781187
                   0.577350269190   0.577350269190  -0.577350269190
0,   78 1465.967909789655 5680.404977764869 8371.290733188449    2    0
         0,   77   0.707106781187   0.000000000000   0.707106781187
                   0.577350269190   0.577350269190  -0.577350269190
         0,   79  -0.707106781187  -0.000000000000  -0.707106781187
                   0.577350269190   0.577350269190  -0.577350269190
0,   79 1658.374634628479 5232.567657630220 8115.860137892625    1    7
         0,   78   0.707106781187   0.000000000000   0.707106781187
                   0.577350269190   0.577350269190  -0.577350269190
0,   80 6822.102511799422 12232.115770353377 13950.006306400748    1    7
         0,   81   0.707106781187   0.707106781187   0.000000000000
                   0.577350269190  -0.577350269190   0.577350269190
0,   81 7303.929742058865 12269.622681112882 13505.685986900809    2    0
         0,   80  -0.707106781187  -0.707106781187  -0.000000000000
                   0.577350269190  -0.577350269190   0.577350269190
         0,   82   0.707106781187   0.707106781187   0.000000000000
                   0.577350269190  -0.577350269190   0.577350269190
0,   82 7785.756972318310 12307.129591872386 13061.365667400871    2    0
         0,   81  -0.707106781187  -0.707106781187  -0.000000000000
                   0.577350269190  -0.577350269190   0.577350269190
         0,   83   0.707106781187   0.707106781187   0.000000000000
                   0.577350269190  -0.577350269190   0.577350269190
0,   83 8267.584202577753 12344.636502631891 12617.045347900930    2    0
         0,   82  -0.707106781187  -0.707106781187  -0.000000000000
                   0.577350269190  -0.577350269190   0.577350269190
         0,   84   0.707106781187   0.707106781187   0.000000000000
                   0.577350269190  -0.577350269190   0.577350269190
0,   84 8749.411432837196 12382.143413391395 12172.725028400992    1    7
         0,   83  -0.707106781187  -0.707106781187  -0.000000000000
                   0.577350269190  -0.577350269190   0.577350269190
0,   85 8928.434085288003 13937.268451911043 5130.349787186468    1    7
         0,   86   0.707106781187  -0.707106781187   0.000000000000
                   0.577350269190   0.577350269190   0.577350269190
0,   86 9142.731173223121 13472.679592281927 5380.641558880468    2    0
         0,   85  -0.707106781187   0.707106781187  -0.000000000000
                   0.577350269190   0.577350269190   0.577350269190
         0,   87   0.707106781187  -0.707106781187   0.000000000000
                   0.577350269190   0.577350269190   0.577350269190
0,   87 9357.028261158237 13008.090732652810 5630.933330574466    2    0
         0,   86  -0.707106781187   0.707106781187  -0.000000000000
                   0.577350269190   0.577350269190   0.577350269190
         0,   88   0.707106781187  -0.707106781187   0.000000000000
                   0.577350269190   0.577350269190   0.577350269190
0,   88 9571.325349093355 12543.501873023695 5881.225102268465    2    0
         0,   87  -0.707106781187   0.707106781187  -0.000000000000
                   0.577350269190   0.577350269190   0.577350269190
         0,   89   0.707106781187  -0.707106781187   0.000000000000
                   0.577350269190   0.577350269190   0.577350269190
0,   89 9785.622437028471 12078.913013394578 6131.516873962464    1    7
         0,   88  -0.707106781187   0.707106781187  -0.000000000000
                   0.577350269190   0.577350269190   0.577350269190
0,   90 14787.614529894623 9549.450465795886 2576.982019594254    1    7
         0,   91   0.707106781187   0.000000000000  -0.707106781187
                   0.577350269190  -0.577350269190   0.577350269190
0,   91 14632.566946441044 9781.049592968528 2963.628730220476    2    0
         0,   90  -0.707106781187  -0.000000000000   0.707106781187
                   0.577350269190  -0.577350269190   0.577350269190
         0,   92   0.707106781187   0.000000000000  -0.707106781187
                   0.577350269190  -0.577350269190   0.577350269190
0,   92 14477.519362987465 10012.648720141171 3350.275440846697    2    0
         0,   91  -0.707106781187  -0.000000000000   0.707106781187
                   0.577350269190  -0.577350269190   0.577350269190
         0,   93   0.707106781187   0.000000000000  -0.707106781187
                   0.577350269190  -0.577350269190   0.577350269190
0,   93 14322.471779533886 10244.247847313813 3736.922151472918    2    0
         0,   92  -0.707106781187  -0.000000000000   0.707106781187
                   0.577350269190  -0.577350269190   0.577350269190
         0,   94   0.707106781187   0.000000000000  -0.707106781187
                   0.577350269190  -0.577350269190   0.577350269190
0,   94 14167.424196080307 10475.846974486456 4123.568862099140    1    7
         0,   93  -0.707106781187  -0.000000000000   0.707106781187
                   0.577350269190  -0.577350269190   0.577350269190
0,   95 2092.387532555541 12964.901106187315 7043.873763610956    1    7
         0,   96  -0.707106781187  -0.000000000000  -0.707106781187
                   0.577350269190   0.577350269190  -0.577350269190
0,   96 1658.204150461941 13486.233866225406 7131.023141555448    2    0
         0,   95   0.707106781187   0.000000000000   0.707106781187
                   0.577350269190   0.577350269190  -0.577350269190
         0,   97  -0.707106781187  -0.000000000000  -0.707106781187
                   0.577350269190   0.577350269190  -0.577350269190
0,   97 1224.020768368342 14007.566626263497 7218.172519499939    2    0
         0,   96   0.707106781187   0.000000000000   0.707106781187
                   0.577350269190   0.577350269190  -0.577350269190
         0,   98  -0.707106781187  -0.000000000000  -0.707106781187
                   0.577350269190   0.577350269190  -0.577350269190
0,   98 789.837386274742 14528.899386301588 7305.321897444430    2    0
         0,   97   0.707106781187   0.000000000000   0.707106781187
                   0.577350269190   0.577350269190  -0.577350269190
         0,   99  -0.707106781187  -0.000000000000  -0.707106781187
                   0.577350269190   0.577350269190  -0.577350269190
0,   99 355.654004181143 15050.232146339678 7392.471275388922    1    7
         0,   98   0.707106781187   0.000000000000   0.707106781187
                   0.577350269190   0.577350269190  -0.577350269190
0,  100 2058.677046818193 5288.815936504392 11536.068423389517    1    7
         0,  101   0.707106781187   0.000000000000   0.707106781187
                  -0.577350269190   0.577350269190   0.577350269190
0,  101 1569.807295160139 5003.974335365221 11332.040272870634    2    0
         0,  100  -0.707106781187  -0.000000000000  -0.707106781187
                  -0.577350269190   0.577350269190   0.577350269190
         0,  102   0.707106781187   0.000000000000   0.707106781187
                  -0.577350269190   0.577350269190   0.577350269190
0,  102 1080.937543502085 4719.132734226050 11128.012122351751    2    0
         0,  101  -0.707106781187  -0.000000000000  -0.707106781187
                  -0.577350269190   0.577350269190   0.577350269190
         0,  103   0.707106781187   0.000000000000   0.707106781187
                  -0.577350269190   0.577350269190   0.577350269190
0,  103 592.067791844031 4434.291133086878 10923.983971832869    2    0
         0,  102  -0.707106781187  -0.000000000000  -0.707106781187
                  -0.577350269190   0.577350269190   0.577350269190
         0,  104   0.707106781187   0.000000000000   0.707106781187
                  -0.577350269190   0.577350269190   0.577350269190
0,  104 103.198040185977 4149.449531947707 10719.955821313986    1    7
         0,  103  -0.707106781187  -0.000000000000  -0.707106781187
                  -0.577350269190   0.577350269190   0.577350269190
0,  105 8847.222813885381 6916.977001855458 12285.323650859560    1    7
         0,  106   0.707106781187   0.707106781187   0.000000000000
                   0.577350269190  -0.577350269190   0.577350269190
0,  106 9297.915561803780 7311.631877410712 12229.285778496414    2    0
         0,  105  -0.707106781187  -0.707106781187  -0.000000000000
                   0.577350269190  -0.577350269190   0.577350269190
         0,  107   0.707106781187   0.707106781187   0.000000000000
                   0.577350269190  -0.577350269190   0.577350269190
0,  107 9748.608309722180 7706.286752965966 12173.247906133269    2    0
         0,  106  -0.707106781187  -0.707106781187  -0.000000000000
                   0.577350269190  -0.577350269190   0.577350269190
         0,  108   0.707106781187   0.707106781187   0.000000000000
                   0.577350269190  -0.577350269190   0.577350269190
0,  108 10199.301057640580 8100.941628521220 12117.210033770121    2    0
         0,  107  -0.707106781187  -0.707106781187  -0.000000000000
                   0.577350269190  -0.577350269190   0.577350269190
         0,  109   0.707106781187   0.707106781187   0.000000000000
                   0.577350269190  -0.577350269190   0.577350269190
0,  109 10649.993805558981 8495.596504076473 12061.172161406976    1    7
         0,  108  -0.707106781187  -0.707106781187  -0.000000000000
                   0.577350269190  -0.577350269190   0.577350269190
0,  110 15498.150896223149 11529.899764660893 14190.449660002749    1    7
         0,  111  -0.707106781187  -0.707106781187  -0.000000000000
                  -0.577350269190   0.577350269190   0.577350269190
0,  111 15329.089628334626 11859.959057752132 13691.329099022987    2    0
         0,  110   0.707106781187   0.707106781187   0.000000000000
                  -0.577350269190   0.577350269190   0.577350269190
         0,  112  -0.707106781187  -0.707106781187  -0.000000000000
                  -0.577350269190   0.577350269190   0.577350269190
0,  112 15160.028360446104 12190.018350843371 13192.208538043225    2    0
         0,  111   0.707106781187   0.707106781187   0.000000000000
                  -0.577350269190   0.577350269190   0.577350269190
         0,  113  -0.707106781187  -0.707106781187  -0.000000000000
                  -0.577350269190   0.577350269190   0.577350269190
0,  113 14990.967092557581 12520.077643934610 12693.087977063464    2    0
         0,  112   0.707106781187   0.707106781187   0.000000000000
                  -0.577350269190   0.577350269190   0.577350269190
         0,  114  -0.707106781187  -0.707106781187  -0.000000000000
                  -0.577350269190   0.577350269190   0.577350269190
0,  114 14821.905824669058 12850.136937025849 12193.967416083702    1    7
         0,  113   0.707106781187   0.707106781187   0.000000000000
                  -0.577350269190   0.577350269190   0.577350269190
0,  115 6123.290468423047 8404.768512977525 10951.068325781111    1    7
         0,  116   0.000000000000   0.707106781187   0.707106781187
                   0.577350269190  -0.577350269190   0.577350269190
0,  116 6660.913632212951 8621.921753512601 10630.598402526282    2    0
         0,  115  -0.000000000000  -0.707106781187  -0.707106781187
                   0.577350269190  -0.577350269190   0.577350269190
         0,  117   0.000000000000   0.707106781187   0.707106781187
                   0.577350269190  -0.577350269190   0.577350269190
0,  117 7198.536796002853 8839.074994047676 10310.128479271456    2    0
         0,  116  -0.000000000000  -0.707106781187  -0.707106781187
                   0.577350269190  -0.577350269190   0.577350269190
         0,  118   0.000000000000   0.707106781187   0.707106781187
                   0.577350269190  -0.577350269190   0.577350269190
0,  118 7736.159959792756 9056.228234582752 9989.658556016628    2    0
         0,  117  -0.000000000000  -0.707106781187  -0.707106781187
                   0.577350269190  -0.577350269190   0.577350269190
         0,  119   0.000000000000   0.707106781187   0.707106781187
                   0.577350269190  -0.577350269190   0.577350269190
0,  119 8273.783123582660 9273.381475117827 9669.188632761799    1    7
         0,  118  -0.000000000000  -0.707106781187  -0.707106781187
                   0.577350269190  -0.577350269190   0.577350269190
0,  120 4043.168800797165 11609.504626265429 10338.885864465035    1    7
         0,  121   0.707106781187   0.000000000000   0.707106781187
                   0.577350269190   0.577350269190  -0.577350269190
0,  121 4552.317215874226 11670.049534219595 10908.579187496263    2    0
         0,  120  -0.707106781187  -0.000000000000  -0.707106781187
                   0.577350269190   0.577350269190  -0.577350269190
         0,  122   0.707106781187   0.000000000000   0.707106781187
                   0.577350269190   0.577350269190  -0.577350269190
0,  122 5061.465630951288 11730.594442173762 11478.272510527491    2    0
         0,  121  -0.707106781187  -0.000000000000  -0.707106781187
                   0.577350269190   0.577350269190  -0.577350269190
         0,  123   0.707106781187   0.000000000000   0.707106781187
                   0.577350269190   0.577350269190  -0.577350269190
0,  123 5570.614046028350 11791.139350127927 12047.965833558721    2    0
         0,  122  -0.707106781187  -0.000000000000  -0.707106781187
                   0.577350269190   0.577350269190  -0.577350269190
         0,  124   0.707106781187   0.000000000000   0.707106781187
                   0.577350269190   0.577350269190  -0.577350269190
0,  124 6079.762461105413 11851.684258082094 12617.659156589949    1    7
         0,  123  -0.707106781187  -0.000000000000  -0.707106781187
                   0.577350269190   0.577350269190  -0.577350269190
0,  125 2265.906956932189 12129.609609918292 7270.962849482239    1    7
         0,  126  -0.707106781187   0.707106781187  -0.000000000000
                   0.577350269190   0.577350269190   0.577350269190
0,  126 1846.711042892449 12244.690768120787 7575.077605319485    2    0
         0,  125   0.707106781187  -0.707106781187   0.000000000000
                   0.577350269190   0.577350269190   0.577350269190
         0,  127  -0.707106781187   0.707106781187  -0.000000000000
                   0.577350269190   0.577350269190   0.577350269190
0,  127 1427.515128852709 12359.771926323279 7879.192361156732    2    0
         0,  126   0.707106781187  -0.707106781187   0.000000000000
                   0.577350269190   0.577350269190   0.577350269190
         0,  128  -0.707106781187   0.707106781187  -0.000000000000
                   0.577350269190   0.577350269190   0.577350269190
0,  128 1008.319214812970 12474.853084525774 8183.307116993978    2    0
         0,  127   0.707106781187  -0.707106781187   0.000000000000
                   0.577350269190   0.577350269190   0.577350269190
         0,  129  -0.707106781187   0.707106781187  -0.000000000000
                   0.577350269190   0.577350269190   0.577350269190
0,  129 589.123300773230 12589.934242728266 8487.421872831224    1    7
         0,  128   0.707106781187  -0.707106781187   0.000000000000
                   0.577350269190   0.577350269190   0.577350269190
0,  130 14125.472433048919 6894.379069402851 11082.966274465176    1    7
         0,  131  -0.707106781187  -0.000000000000  -0.707106781187
                  -0.577350269190   0.577350269190   0.577350269190
0,  131 14530.424311594046 6774.263139134599 11608.034083278557    2    0
         0,  130   0.707106781187   0.000000000000   0.707106781187
                  -0.577350269190   0.577350269190   0.577350269190
         0,  132  -0.707106781187  -0.000000000000  -0.707106781187
                  -0.577350269190   0.577350269190   0.577350269190
0,  132 14935.376190139174 6654.147208866345 12133.101892091938    2    0
         0,  131   0.707106781187   0.000000000000   0.707106781187
                  -0.577350269190   0.577350269190   0.577350269190
         0,  133  -0.707106781187  -0.000000000000  -0.707106781187
                  -0.577350269190   0.577350269190   0.577350269190
0,  133 15340.328068684303 6534.031278598092 12658.169700905319    2    0
         0,  132   0.707106781187   0.000000000000   0.707106781187
                  -0.577350269190   0.577350269190   0.577350269190
         0,  134  -0.707106781187  -0.000000000000  -0.707106781187
                  -0.577350269190   0.577350269190   0.577350269190
0,  134 15745.279947229430 6413.915348329840 13183.237509718700    1    7
         0,  133   0.707106781187   0.000000000000   0.707106781187
                  -0.577350269190   0.577350269190   0.577350269190
0,  135 12233.834633637955 13441.541659062173 11289.828207603216    1    7
         0,  136  -0.000000000000  -0.707106781187  -0.707106781187
                   0.577350269190   0.577350269190  -0.577350269190
0,  136 12436.643684462933 13823.584767552156 11874.680366918177    2    0
         0,  135   0.000000000000   0.707106781187   0.707106781187
                   0.577350269190   0.577350269190  -0.577350269190
         0,  137  -0.000000000000  -0.707106781187  -0.707106781187
                   0.577350269190   0.577350269190  -0.577350269190
0,  137 12639.452735287912 14205.627876042137 12459.532526233139    2    0
         0,  136   0.000000000000   0.707106781187   0.707106781187
                   0.577350269190   0.577350269190  -0.577350269190
         0,  138  -0.000000000000  -0.707106781187  -0.707106781187
                   0.577350269190   0.577350269190  -0.577350269190
0,  138 12842.261786112893 14587.670984532120 13044.384685548101    2    0
         0,  137   0.000000000000   0.707106781187   0.707106781187
                   0.577350269190   0.577350269190  -0.577350269190
         0,  139  -0.000000000000  -0.707106781187  -0.707106781187
                   0.577350269190   0.577350269190  -0.577350269190
0,  139 13045.070836937872 14969.714093022103 13629.236844863062    1    7
         0,  138   0.000000000000   0.707106781187   0.707106781187
                   0.577350269190   0.577350269190  -0.577350269190
0,  140 2670.308201650660 2205.428263856400 11328.690118523184    1    7
         0,  141   0.707106781187   0.707106781187   0.000000000000
                  -0.577350269190   0.577350269190   0.577350269190
0,  141 2174.144953044110 2079.156649886223 10958.798483886811    2    0
         0,  140  -0.707106781187  -0.707106781187  -0.000000000000
                  -0.577350269190   0.577350269190   0.577350269190
         0,  142   0.707106781187   0.707106781187   0.000000000000
                  -0.577350269190   0.577350269190   0.577350269190
0,  142 1677.981704437559 1952.885035916046 10588.906849250436    2    0
         0,  141  -0.707106781187  -0.707106781187  -0.000000000000
                  -0.577350269190   0.577350269190   0.577350269190
         0,  143   0.707106781187   0.707106781187   0.000000000000
                  -0.577350269190   0.577350269190   0.577350269190
0,  143 1181.818455831009 1826.613421945870 10219.015214614063    2    0
         0,  142  -0.707106781187  -0.707106781187  -0.000000000000
                  -0.577350269190   0.577350269190   0.577350269190
         0,  144   0.707106781187   0.707106781187   0.000000000000
                  -0.577350269190   0.577350269190   0.577350269190
0,  144 685.655207224459 1700.341807975693 9849.123579977688    1    7
         0,  143  -0.707106781187  -0.707106781187  -0.000000000000
                  -0.577350269190   0.577350269190   0.577350269190
0,  145 13969.571374951318 12227.344171472885 13033.408371250083    1    7
         0,  146   0.707106781187   0.000000000000  -0.707106781187
                   0.577350269190  -0.577350269190   0.577350269190
0,  146 13845.717446426850 11892.569472134193 12822.487600435859    2    0
         0,  145  -0.707106781187  -0.000000000000   0.707106781187
                   0.577350269190  -0.577350269190   0.577350269190
         0,  147   0.707106781187   0.000000000000  -0.707106781187
                   0.577350269190  -0.577350269190   0.577350269190
0,  147 13721.863517902382 11557.794772795502 12611.566829621635    2    0
         0,  146  -0.707106781187  -0.000000000000   0.707106781187
                   0.577350269190  -0.577350269190   0.577350269190
         0,  148   0.707106781187   0.000000000000  -0.707106781187
                   0.577350269190  -0.577350269190   0.577350269190
0,  148 13598.009589377914 11223.020073456810 12400.646058807411    2    0
         0,  147  -0.707106781187  -0.000000000000   0.707106781187
                   0.577350269190  -0.577350269190   0.577350269190
         0,  149   0.707106781187   0.000000000000  -0.707106781187
                   0.577350269190  -0.577350269190   0.577350269190
0,  149 13474.155660853447 10888.245374118116 12189.725287993188    1    7
         0,  148  -0.707106781187  -0.000000000000   0.707106781187
                   0.577350269190  -0.577350269190   0.577350269190
0,  150 10300.714641441431 12090.069408450190 1221.507974424199    1    7
         0,  151   0.707106781187   0.000000000000  -0.707106781187
                   0.577350269190   0.577350269190   0.577350269190
0,  151 10095.486436690140 12583.900565227275 932.905022398405    2    0
         0,  150  -0.707106781187  -0.000000000000   0.707106781187
                   0.577350269190   0.577350269190   0.577350269190
         0,  152   0.707106781187   0.000000000000  -0.707106781187
                   0.577350269190   0.577350269190   0.577350269190
0,  152 9890.258231938849 13077.731722004361 644.302070372610    2    0
         0,  151  -0.707106781187  -0.000000000000   0.707106781187
                   0.577350269190   0.577350269190   0.577350269190
         0,  153   0.707106781187   0.000000000000  -0.707106781187
                   0.577350269190   0.577350269190   0.577350269190
0,  153 9685.030027187559 13571.562878781446 355.699118346815    2    0
         0,  152  -0.707106781187  -0.000000000000   0.707106781187
                   0.577350269190   0.577350269190   0.577350269190
         0,  154   0.707106781187   0.000000000000  -0.707106781187
                   0.577350269190   0.577350269190   0.577350269190
0,  154 9479.801822436268 14065.394035558531  67.096166321021    1    7
         0,  153  -0.707106781187  -0.000000000000   0.707106781187
                   0.577350269190   0.577350269190   0.577350269190
0,  155 2083.918037723214 6527.117942836910 12784.162865035769    1    7
         0,  156   0.707106781187  -0.707106781187   0.000000000000
                   0.577350269190   0.577350269190   0.577350269190
0,  156 1669.575752059474 6493.859842956942 13231.763250579475    2    0
         0,  155  -0.707106781187   0.707106781187  -0.000000000000
                   0.577350269190   0.577350269190   0.577350269190
         0,  157   0.707106781187  -0.707106781187   0.000000000000
                   0.577350269190   0.577350269190   0.577350269190
0,  157 1255.233466395734 6460.601743076974 13679.363636123184    2    0
         0,  156  -0.707106781187   0.707106781187  -0.000000000000
                   0.577350269190   0.577350269190   0.577350269190
         0,  158   0.707106781187  -0.707106781187   0.000000000000
                   0.577350269190   0.577350269190   0.577350269190
0,  158 840.891180731995 6427.343643197007 14126.964021666890    2    0
         0,  157  -0.707106781187   0.707106781187  -0.000000000000
                   0.577350269190   0.577350269190   0.577350269190
         0,  159   0.707106781187  -0.707106781187   0.000000000000
                   0.577350269190   0.577350269190   0.577350269190
0,  159 426.548895068255 6394.085543317039 14574.564407210597    1    7
         0,  158  -0.707106781187   0.707106781187  -0.000000000000
                   0.577350269190   0.577350269190   0.577350269190
0,  160 13899.892055211778 7156.829353869676 12821.446232037080    1    7
         0,  161  -0.707106781187  -0.000000000000  -0.707106781187
                  -0.577350269190   0.577350269190   0.577350269190
0,  161 13559.248224059043 6556.354434300424 13081.277320453597    2    0
         0,  160   0.707106781187   0.000000000000   0.707106781187
                  -0.577350269190   0.577350269190   0.577350269190
         0,  162  -0.707106781187  -0.000000000000  -0.707106781187
                  -0.577350269190   0.577350269190   0.577350269190
0,  162 13218.604392906307 5955.879514731172 13341.108408870114    2    0
         0,  161   0.707106781187   0.000000000000   0.707106781187
                  -0.577350269190   0.577350269190   0.577350269190
         0,  163  -0.707106781187  -0.000000000000  -0.707106781187
                  -0.577350269190   0.577350269190   0.577350269190
0,  163 12877.960561753573 5355.404595161921 13600.939497286630    2    0
         0,  162   0.707106781187   0.000000000000   0.707106781187
                  -0.577350269190   0.577350269190   0.577350269190
         0,  164  -0.707106781187  -0.000000000000  -0.707106781187
                  -0.577350269190   0.577350269190   0.577350269190
0,  164 12537.316730600838 4754.929675592668 13860.770585703147    1    7
         0,  163   0.707106781187   0.000000000000   0.707106781187
                  -0.577350269190   0.577350269190   0.577350269190
0,  165 5686.639922790387 4157.856675573825 14332.972717014642    1    7
         0,  166  -0.707106781187  -0.000000000000   0.707106781187
                   0.577350269190  -0.577350269190   0.577350269190
0,  166 6121.155991035650 4391.645022754620 14132.244995950174    2    0
         0,  165   0.707106781187   0.000000000000  -0.707106781187
                   0.577350269190  -0.577350269190   0.577350269190
         0,  167  -0.707106781187  -0.000000000000   0.707106781187
                   0.577350269190  -0.577350269190   0.577350269190
0,  167 6555.672059280912 4625.433369935416 13931.517274885708    2    0
         0,  166   0.707106781187   0.000000000000  -0.707106781187
                   0.577350269190  -0.577350269190   0.577350269190
         0,  168  -0.707106781187  -0.000000000000   0.707106781187
                   0.577350269190  -0.577350269190   0.577350269190
0,  168 6990.188127526175 4859.221717116212 13730.789553821240    2    0
         0,  167   0.707106781187   0.000000000000  -0.707106781187
                   0.577350269190  -0.577350269190   0.577350269190
         0,  169  -0.707106781187  -0.000000000000   0.707106781187
                   0.577350269190  -0.577350269190   0.577350269190
0,  169 7424.704195771438 5093.010064297007 13530.061832756772    1    7
         0,  168   0.707106781187   0.000000000000  -0.707106781187
                   0.577350269190  -0.577350269190   0.577350269190
0,  170 5237.172412132296 11732.752276793180 11782.607898507915    1    7
         0,  171  -0.000000000000  -0.707106781187   0.707106781187
                  -0.577350269190   0.577350269190   0.577350269190
0,  171 5424.076239151665 11551.767064133443 12150.496938187021    2    0
         0,  170   0.000000000000   0.707106781187  -0.707106781187
                  -0.577350269190   0.577350269190   0.577350269190
         0,  172  -0.000000000000  -0.707106781187   0.707106781187
                  -0.577350269190   0.577350269190   0.577350269190
0,  172 5610.980066171033 11370.781851473706 12518.385977866126    2    0
         0,  171   0.000000000000   0.707106781187  -0.707106781187
                  -0.577350269190   0.577350269190   0.577350269190
         0,  173  -0.000000000000  -0.707106781187   0.707106781187
                  -0.577350269190   0.577350269190   0.577350269190
0,  173 5797.883893190402 11189.796638813968 12886.275017545233    2    0
         0,  172   0.000000000000   0.707106781187  -0.707106781187
                  -0.577350269190   0.577350269190   0.577350269190
         0,  174  -0.000000000000  -0.707106781187   0.707106781187
                  -0.577350269190   0.577350269190   0.577350269190
0,  174 5984.787720209771 11008.811426154231 13254.164057224340    1    7
         0,  173   0.000000000000   0.707106781187  -0.707106781187
                  -0.577350269190   0.577350269190   0.577350269190
0,  175 1930.397342130345 8726.268584764395 16027.972944208119    1    7
         0,  176  -0.707106781187  -0.707106781187  -0.000000000000
                   0.577350269190  -0.577350269190   0.577350269190
0,  176 2419.237307129203 8947.457785670635 15760.322180115501    2    0
         0,  175   0.707106781187   0.707106781187   0.000000000000
                   0.577350269190  -0.577350269190   0.577350269190
         0,  177  -0.707106781187  -0.707106781187  -0.000000000000
                   0.577350269190  -0.577350269190   0.577350269190
0,  177 2908.077272128060 9168.646986576874 15492.671416022882    2    0
         0,  176   0.707106781187   0.707106781187   0.000000000000
                   0.577350269190  -0.577350269190   0.577350269190
         0,  178  -0.707106781187  -0.707106781187  -0.000000000000
                   0.577350269190  -0.577350269190   0.577350269190
0,  178 3396.917237126918 9389.836187483113 15225.020651930265    2    0
         0,  177   0.707106781187   0.707106781187   0.000000000000
                   0.577350269190  -0.577350269190   0.577350269190
         0,  179  -0.707106781187  -0.707106781187  -0.000000000000
                   0.577350269190  -0.577350269190   0.577350269190
0,  179 3885.757202125776 9611.025388389353 14957.369887837645    1    7
         0,  178   0.707106781187   0.707106781187   0.000000000000
                   0.577350269190  -0.577350269190   0.577350269190
0,  180 5991.091757673070 14822.861736965622 7678.057493671655    1    7
         0,  181   0.000000000000   0.707106781187  -0.707106781187
                   0.577350269190   0.577350269190   0.577350269190
0,  181 6189.900867857086 14470.838571106788 7831.271549346473    2    0
         0,  180  -0.000000000000  -0.707106781187   0.707106781187
                   0.577350269190   0.577350269190   0.577350269190
         0,  182   0.000000000000   0.707106781187  -0.707106781187
                   0.577350269190   0.577350269190   0.577350269190
0,  182 6388.709978041103 14118.815405247953 7984.485605021291    2    0
         0,  181  -0.000000000000  -0.707106781187   0.707106781187
                   0.577350269190   0.577350269190   0.577350269190
         0,  183   0.000000000000   0.707106781187  -0.707106781187
                   0.577350269190   0.577350269190   0.577350269190
0,  183 6587.519088225120 13766.792239389117 8137.699660696109    2    0
         0,  182  -0.000000000000  -0.707106781187   0.707106781187
                   0.577350269190   0.577350269190   0.577350269190
         0,  184   0.000000000000   0.707106781187  -0.707106781187
                   0.577350269190   0.577350269190   0.577350269190
0,  184 6786.328198409136 13414.769073530282 8290.913716370927    1    7
         0,  183  -0.000000000000  -0.707106781187   0.707106781187
                   0.577350269190   0.577350269190   0.577350269190
0,  185 1054.438169945353 4627.760050128048 259.669233145201    1    7
         0,  186  -0.707106781187   0.707106781187  -0.000000000000
                   0.577350269190   0.577350269190   0.577350269190
0,  186 1145.794725839609 4194.464140707672 601.608586671321    2    0
         0,  185   0.707106781187  -0.707106781187   0.000000000000
                   0.577350269190   0.577350269190   0.577350269190
         0,  187  -0.707106781187   0.707106781187  -0.000000000000
                   0.577350269190   0.577350269190   0.577350269190
0,  187 1237.151281733864 3761.168231287297 943.547940197440    2    0
         0,  186   0.707106781187  -0.707106781187   0.000000000000
                   0.577350269190   0.577350269190   0.577350269190
         0,  188  -0.707106781187   0.707106781187  -0.000000000000
                   0.577350269190   0.577350269190   0.577350269190
0,  188 1328.507837628120 3327.872321866922 1285.487293723560    2    0
         0,  187   0.707106781187  -0.707106781187   0.000000000000
                   0.577350269190   0.577350269190   0.577350269190
         0,  189  -0.707106781187   0.707106781187  -0.000000000000
                   0.577350269190   0.577350269190   0.577350269190
0,  189 1419.864393522375 2894.576412446547 1627.426647249679    1    7
         0,  188   0.707106781187  -0.707106781187   0.000000000000
                   0.577350269190   0.577350269190   0.577350269190
0,  190 5005.335598608834 6261.155097675172 15108.185128808691    1    7
         0,  191  -0.707106781187  -0.000000000000  -0.707106781187
                  -0.577350269190   0.577350269190   0.577350269190
0,  191 5376.304093904044 6553.725900612962 15186.582821166112    2    0
         0,  190   0.707106781187   0.000000000000   0.707106781187
                  -0.577350269190   0.577350269190   0.577350269190
         0,  192  -0.707106781187  -0.000000000000  -0.707106781187
                  -0.577350269190   0.577350269190   0.577350269190
0,  192 5747.272589199254 6846.296703550751 15264.980513523533    2    0
         0,  191   0.707106781187   0.000000000000   0.707106781187
                  -0.577350269190   0.577350269190   0.577350269190
         0,  193  -0.707106781187  -0.000000000000  -0.707106781187
                  -0.577350269190   0.577350269190   0.577350269190
0,  193 6118.241084494464 7138.867506488540 15343.378205880954    2    0
         0,  192   0.707106781187   0.000000000000   0.707106781187
                  -0.577350269190   0.577350269190   0.577350269190
         0,  194  -0.707106781187  -0.000000000000  -0.707106781187
                  -0.577350269190   0.577350269190   0.577350269190
0,  194 6489.209579789674 7431.438309426329 15421.775898238375    1    7
         0,  193   0.707106781187   0.000000000000   0.707106781187
                  -0.577350269190   0.577350269190   0.577350269190
0,  195 4913.636893390059 13206.931531103815 5168.592442401934    1    7
         0,  196  -0.000000000000  -0.707106781187   0.707106781187
                  -0.577350269190   0.577350269190   0.577350269190
0,  196 4793.888913153167 13542.121021028628 4713.654972240230    2    0
         0,  195   0.000000000000   0.707106781187  -0.707106781187
                  -0.577350269190   0.577350269190   0.577350269190
         0,  197  -0.000000000000  -0.707106781187   0.707106781187
                  -0.577350269190   0.577350269190   0.577350269190
0,  197 4674.140932916274 13877.310510953441 4258.717502078525    2    0
         0,  196   0.000000000000   0.707106781187  -0.707106781187
                  -0.577350269190   0.577350269190   0.577350269190
         0,  198  -0.000000000000  -0.707106781187   0.707106781187
                  -0.577350269190   0.577350269190   0.577350269190
0,  198 4554.392952679383 14212.500000878254 3803.780031916821    2    0
         0,  197   0.000000000000   0.707106781187  -0.707106781187
                  -0.577350269190   0.577350269190   0.577350269190
         0,  199  -0.000000000000  -0.707106781187   0.707106781187
                  -0.577350269190   0.577350269190   0.577350269190
0,  199 4434.644972442491 14547.689490803066 3348.842561755117    1    7
         0,  198   0.000000000000   0.707106781187  -0.707106781187
                  -0.577350269190   0.577350269190   0.577350269190
0,  200 8139.739741603767 10974.634594234700 9730.110435960725    1    7
         0,  201   0.000000000000   0.707106781187  -0.707106781187
                  -0.577350269190   0.577350269190   0.577350269190
0,  201 8312.983744619269 11294.629463866382 9583.359569344544    2    0
         0,  200  -0.000000000000  -0.707106781187   0.707106781187
                  -0.577350269190   0.577350269190   0.577350269190
         0,  202   0.000000000000   0.707106781187  -0.707106781187
                  -0.577350269190   0.577350269190   0.577350269190
0,  202 8486.227747634770 11614.624333498065 9436.608702728363    2    0
         0,  201  -0.000000000000  -0.707106781187   0.707106781187
                  -0.577350269190   0.577350269190   0.577350269190
         0,  203   0.000000000000   0.707106781187  -0.707106781187
                  -0.577350269190   0.577350269190   0.577350269190
0,  203 8659.471750650271 11934.619203129747 9289.857836112182    2    0
         0,  202  -0.000000000000  -0.707106781187   0.707106781187
                  -0.577350269190   0.577350269190   0.577350269190
         0,  204   0.000000000000   0.707106781187  -0.707106781187
                  -0.577350269190   0.577350269190   0.577350269190
0,  204 8832.715753665772 12254.614072761429 9143.106969496001    1    7
         0,  203  -0.000000000000  -0.707106781187   0.707106781187
                  -0.577350269190   0.577350269190   0.577350269190
0,  205 4198.075474762212 6468.535028265519 3745.621399764609    1    7
         0,  206  -0.707106781187  -0.000000000000   0.707106781187
                   0.577350269190  -0.577350269190   0.577350269190
0,  206 4092.420046992980 5993.287601772819 3376.029401041140    2    0
         0,  205   0.707106781187   0.000000000000  -0.707106781187
                   0.577350269190  -0.577350269190   0.577350269190
         0,  207  -0.707106781187  -0.000000000000   0.707106781187
                   0.577350269190  -0.577350269190   0.577350269190
0,  207 3986.764619223748 5518.040175280117 3006.437402317672    2    0
         0,  206   0.707106781187   0.000000000000  -0.707106781187
                   0.577350269190  -0.577350269190   0.577350269190
         0,  208  -0.707106781187  -0.000000000000   0.707106781187
                   0.577350269190  -0.577350269190   0.577350269190
0,  208 3881.109191454516 5042.792748787417 2636.845403594203    2    0
         0,  207   0.707106781187   0.000000000000  -0.707106781187
                   0.577350269190  -0.577350269190   0.577350269190
         0,  209  -0.707106781187  -0.000000000000   0.707106781187
                   0.577350269190  -0.577350269190   0.577350269190
0,  209 3775.453763685285 4567.545322294716 2267.253404870734    1    7
         0,  208   0.707106781187   0.000000000000  -0.707106781187
                   0.577350269190  -0.577350269190   0.577350269190
0,  210 12705.549616993774 6173.761971146423 6958.245579544877    1    7
         0,  211   0.707106781187   0.000000000000   0.707106781187
                   0.577350269190   0.577350269190  -0.577350269190
0,  211 12573.715235715435 6669.094310684049 7321.743537804163    2    0
         0,  210  -0.707106781187  -0.000000000000  -0.707106781187
                   0.577350269190   0.577350269190  -0.577350269190
         0,  212   0.707106781187   0.000000000000   0.707106781187
                   0.577350269190   0.577350269190  -0.577350269190
0,  212 12441.880854437097 7164.426650221673 7685.241496063450    2    0
         0,  211  -0.707106781187  -0.000000000000  -0.707106781187
                   0.577350269190   0.577350269190  -0.577350269190
         0,  213   0.707106781187   0.000000000000   0.707106781187
                   0.577350269190   0.577350269190  -0.577350269190
0,  213 12310.046473158758 7659.758989759299 8048.739454322736    2    0
         0,  212  -0.707106781187  -0.000000000000  -0.707106781187
                   0.577350269190   0.577350269190  -0.577350269190
         0,  214   0.707106781187   0.000000000000   0.707106781187
                   0.577350269190   0.577350269190  -0.577350269190
0,  214 12178.212091880419 8155.091329296924 8412.237412582022    1    7
         0,  213  -0.707106781187  -0.000000000000  -0.707106781187
                   0.577350269190   0.577350269190  -0.577350269190
0,  215 2584.704225997685 9901.481448521370 1742.747471843798    1    7
         0,  216   0.000000000000   0.707106781187  -0.707106781187
                   0.577350269190   0.577350269190   0.577350269190
0,  216 3111.307729930222 9404.354854226618 1713.270562206013    2    0
         0,  215  -0.000000000000  -0.707106781187   0.707106781187
                   0.577350269190   0.577350269190   0.577350269190
         0,  217   0.000000000000   0.707106781187  -0.707106781187
                   0.577350269190   0.577350269190   0.577350269190
0,  217 3637.911233862759 8907.228259931866 1683.793652568227    2    0
         0,  216  -0.000000000000  -0.707106781187   0.707106781187
                   0.577350269190   0.577350269190   0.577350269190
         0,  218   0.000000000000   0.707106781187  -0.707106781187
                   0.577350269190   0.577350269190   0.577350269190
0,  218 4164.514737795296 8410.101665637116 1654.316742930442    2    0
         0,  217  -0.000000000000  -0.707106781187   0.707106781187
                   0.577350269190   0.577350269190   0.577350269190
         0,  219   0.000000000000   0.707106781187  -0.707106781187
                   0.577350269190   0.577350269190   0.577350269190
0,  219 4691.118241727832 7912.975071342364 1624.839833292656    1    7
         0,  218  -0.000000000000  -0.707106781187   0.707106781187
                   0.577350269190   0.577350269190   0.577350269190
0,  220 7625.056553333234 7901.704088246904 558.722915602334    1    7
         0,  221   0.707106781187  -0.707106781187   0.000000000000
                   0.577350269190   0.577350269190   0.577350269190
0,  221 7923.264504777270 7484.474472040726 677.744580364475    2    0
         0,  220  -0.707106781187   0.707106781187  -0.000000000000
                   0.577350269190   0.577350269190   0.577350269190
         0,  222   0.707106781187  -0.707106781187   0.000000000000
                   0.577350269190   0.577350269190   0.577350269190
0,  222 8221.472456221307 7067.244855834549 796.766245126616    2    0
         0,  221  -0.707106781187   0.707106781187  -0.000000000000
                   0.577350269190   0.577350269190   0.577350269190
         0,  223   0.707106781187  -0.707106781187   0.000000000000
                   0.577350269190   0.577350269190   0.577350269190
0,  223 8519.680407665342 6650.015239628371 915.787909888757    2    0
         0,  222  -0.707106781187   0.707106781187  -0.000000000000
                   0.577350269190   0.577350269190   0.577350269190
         0,  224   0.707106781187  -0.707106781187   0.000000000000
                   0.577350269190   0.577350269190   0.577350269190
0,  224 8817.888359109380 6232.785623422194 1034.809574650898    1    7
         0,  223  -0.707106781187   0.707106781187  -0.000000000000
                   0.577350269190   0.577350269190   0.577350269190
0,  225 3676.922081663621 952.776564909276 7530.902798840818    1    7
         0,  226   0.707106781187   0.707106781187   0.000000000000
                  -0.577350269190   0.577350269190   0.577350269190
0,  226 3957.288452684729 1333.977950069521 7430.067784701681    2    0
         0,  225  -0.707106781187  -0.707106781187  -0.000000000000
                  -0.577350269190   0.577350269190   0.577350269190
         0,  227   0.707106781187   0.707106781187   0.000000000000
                  -0.577350269190   0.577350269190   0.577350269190
0,  227 4237.654823705838 1715.179335229765 7329.232770562546    2    0
         0,  226  -0.707106781187  -0.707106781187  -0.000000000000
                  -0.577350269190   0.577350269190   0.577350269190
         0,  228   0.707106781187   0.707106781187   0.000000000000
                  -0.577350269190   0.577350269190   0.577350269190
0,  228 4518.021194726946 2096.380720390010 7228.397756423409    2    0
         0,  227  -0.707106781187  -0.707106781187  -0.000000000000
                  -0.577350269190   0.577350269190   0.577350269190
         0,  229   0.707106781187   0.707106781187   0.000000000000
                  -0.577350269190   0.577350269190   0.577350269190
0,  229 4798.387565748055 2477.582105550255 7127.562742284273    1    7
         0,  228  -0.707106781187  -0.707106781187  -0.000000000000
                  -0.577350269190   0.577350269190   0.577350269190
0,  230 1042.976414002981 3073.888975565678 5531.415447453173    1    7
         0,  231  -0.707106781187   0.707106781187  -0.000000000000
                   0.577350269190   0.577350269190   0.577350269190
0,  231 983.881371192747 2713.377801936135 5951.021663892951    2    0
         0,  230   0.707106781187  -0.707106781187   0.000000000000
                   0.577350269190   0.577350269190   0.577350269190
         0,  232  -0.707106781187   0.707106781187  -0.000000000000
                   0.577350269190   0.577350269190   0.577350269190
0,  232 924.786328382512 2352.866628306592 6370.627880332729    2    0
         0,  231   0.707106781187  -0.707106781187   0.000000000000
                   0.577350269190   0.577350269190   0.577350269190
         0,  233  -0.707106781187   0.707106781187  -0.000000000000
                   0.577350269190   0.577350269190   0.577350269190
0,  233 865.691285572277 1992.355454677049 6790.234096772506    2    0
         0,  232   0.707106781187  -0.707106781187   0.000000000000
                   0.577350269190   0.577350269190   0.577350269190
         0,  234  -0.707106781187   0.707106781187  -0.000000000000
                   0.577350269190   0.577350269190   0.577350269190
0,  234 806.596242762043 1631.844281047506 7209.840313212284    1    7
         0,  233   0.707106781187  -0.707106781187   0.000000000000
                   0.577350269190   0.577350269190   0.577350269190
0,  235 3232.327496575164 6052.612867555245 5476.024073018468    1    7
         0,  236   0.707106781187   0.707106781187   0.000000000000
                  -0.577350269190   0.577350269190   0.577350269190
0,  236 3345.001934448832 5622.748753967608 6018.562624479773    2    0
         0,  235  -0.707106781187  -0.707106781187  -0.000000000000
                  -0.577350269190   0.577350269190   0.577350269190
         0,  237   0.707106781187   0.707106781187   0.000000000000
                  -0.577350269190   0.577350269190   0.577350269190
0,  237 3457.676372322499 5192.884640379970 6561.101175941079    2    0
         0,  236  -0.707106781187  -0.707106781187  -0.000000000000
                  -0.577350269190   0.577350269190   0.577350269190
         0,  238   0.707106781187   0.707106781187   0.000000000000
                  -0.577350269190   0.577350269190   0.577350269190
0,  238 3570.350810196167 4763.020526792332 7103.639727402386    2    0
         0,  237  -0.707106781187  -0.707106781187  -0.000000000000
                  -0.577350269190   0.577350269190   0.577350269190
         0,  239   0.707106781187   0.707106781187   0.000000000000
                  -0.577350269190   0.577350269190   0.577350269190
0,  239 3683.025248069835 4333.156413204693 7646.178278863691    1    7
         0,  238  -0.707106781187  -0.707106781187  -0.000000000000
                  -0.577350269190   0.577350269190   0.577350269190
0,  240 1820.139010607637 12271.657520874853 1880.434724405970    1    7
         0,  241   0.000000000000   0.707106781187  -0.707106781187
                  -0.577350269190   0.577350269190   0.577350269190
0,  241 1814.560931838342 12731.810340237418 1414.703826274110    2    0
         0,  240  -0.000000000000  -0.707106781187   0.707106781187
                  -0.577350269190   0.577350269190   0.577350269190
         0,  242   0.000000000000   0.707106781187  -0.707106781187
                  -0.577350269190   0.577350269190   0.577350269190
0,  242 1808.982853069047 13191.963159599985 948.972928142249    2    0
         0,  241  -0.000000000000  -0.707106781187   0.707106781187
                  -0.577350269190   0.577350269190   0.577350269190
         0,  243   0.000000000000   0.707106781187  -0.707106781187
                  -0.577350269190   0.577350269190   0.577350269190
0,  243 1803.404774299752 13652.115978962551 483.242030010388    2    0
         0,  242  -0.000000000000  -0.707106781187   0.707106781187
                  -0.577350269190   0.577350269190   0.577350269190
         0,  244   0.000000000000   0.707106781187  -0.707106781187
                  -0.577350269190   0.577350269190   0.577350269190
0,  244 1797.826695530457 14112.268798325116  17.511131878527    1    7
         0,  243  -0.000000000000  -0.707106781187   0.707106781187
                  -0.577350269190   0.577350269190   0.577350269190
0,  245 6435.841051952899 7786.100325466387 12565.682654956088    1    7
         0,  246   0.707106781187   0.707106781187   0.000000000000
                  -0.577350269190   0.577350269190   0.577350269190
0,  246 6029.137897067248 7409.279093831324 12535.800731705500    2    0
         0,  245  -0.707106781187  -0.707106781187  -0.000000000000
                  -0.577350269190   0.577350269190   0.577350269190
         0,  247   0.707106781187   0.707106781187   0.000000000000
                  -0.577350269190   0.577350269190   0.577350269190
0,  247 5622.434742181596 7032.457862196261 12505.918808454913    2    0
         0,  246  -0.707106781187  -0.707106781187  -0.000000000000
                  -0.577350269190   0.577350269190   0.577350269190
         0,  248   0.707106781187   0.707106781187   0.000000000000
                  -0.577350269190   0.577350269190   0.577350269190
0,  248 5215.731587295946 6655.636630561197 12476.036885204325    2    0
         0,  247  -0.707106781187  -0.707106781187  -0.000000000000
                  -0.577350269190   0.577350269190   0.577350269190
         0,  249   0.707106781187   0.707106781187   0.000000000000
                  -0.577350269190   0.577350269190   0.577350269190
0,  249 4809.028432410295 6278.815398926134 12446.154961953738    1    7
         0,  248  -0.707106781187  -0.707106781187  -0.000000000000
                  -0.577350269190   0.577350269190   0.577350269190
0,  250 4695.887540352653 4528.755899590995 7388.716196074020    1    7
         0,  251   0.000000000000   0.707106781187   0.707106781187
                   0.577350269190   0.577350269190  -0.577350269190
0,  251 5071.620996984615 4319.701548093412 7555.395301208399    2    0
         0,  250  -0.000000000000  -0.707106781187  -0.707106781187
                   0.577350269190   0.577350269190  -0.577350269190
         0,  252   0.000000000000   0.707106781187   0.707106781187
                   0.577350269190   0.577350269190  -0.577350269190
0,  252 5447.354453616576 4110.647196595830 7722.074406342779    2    0
         0,  251  -0.000000000000  -0.707106781187  -0.707106781187
                   0.577350269190   0.577350269190  -0.577350269190
         0,  253   0.000000000000   0.707106781187   0.707106781187
                   0.577350269190   0.577350269190  -0.577350269190
0,  253 5823.087910248539 3901.592845098247 7888.753511477158    2    0
         0,  252  -0.000000000000  -0.707106781187  -0.707106781187
                   0.577350269190   0.577350269190  -0.577350269190
         0,  254   0.000000000000   0.707106781187   0.707106781187
                   0.577350269190   0.577350269190  -0.577350269190
0,  254 6198.821366880501 3692.538493600664 8055.432616611538    1    7
         0,  253  -0.000000000000  -0.707106781187  -0.707106781187
                   0.577350269190   0.577350269190  -0.577350269190
0,  255 5120.347451129853 14065.056648648017 705.949545300013    1    7
         0,  256  -0.707106781187   0.707106781187  -0.000000000000
                   0.577350269190   0.577350269190  -0.577350269190
0,  256 5265.989797210988 14301.754721319505 1088.289964052637    2    0
         0,  255   0.707106781187  -0.707106781187   0.000000000000
                   0.577350269190   0.577350269190  -0.577350269190
         0,  257  -0.707106781187   0.707106781187  -0.000000000000
                   0.577350269190   0.577350269190  -0.577350269190
0,  257 5411.632143292123 14538.452793990993 1470.630382805261    2    0
         0,  256   0.707106781187  -0.707106781187   0.000000000000
                   0.577350269190   0.577350269190  -0.577350269190
         0,  258  -0.707106781187   0.707106781187  -0.000000000000
                   0.577350269190   0.577350269190  -0.577350269190
0,  258 5557.274489373259 14775.150866662483 1852.970801557884    2    0
         0,  257   0.707106781187  -0.707106781187   0.000000000000
                   0.577350269190   0.577350269190  -0.577350269190
         0,  259  -0.707106781187   0.707106781187  -0.000000000000
                   0.577350269190   0.577350269190  -0.577350269190
0,  259 5702.916835454394 15011.848939333971 2235.311220310508    1    7
         0,  258   0.707106781187  -0.707106781187   0.000000000000
                   0.577350269190   0.577350269190  -0.577350269190
0,  260 2355.402801600418 1730.500520651396 3449.637413139257    1    7
         0,  261   0.707106781187   0.707106781187   0.000000000000
                   0.577350269190  -0.577350269190   0.577350269190
0,  261 2457.641868429723 1476.079555029092 3092.977380687647    2    0
         0,  260  -0.707106781187  -0.707106781187  -0.000000000000
                   0.577350269190  -0.577350269190   0.577350269190
         0,  262   0.707106781187   0.707106781187   0.000000000000
                   0.577350269190  -0.577350269190   0.577350269190
0,  262 2559.880935259029 1221.658589406789 2736.317348236038    2    0
         0,  261  -0.707106781187  -0.707106781187  -0.000000000000
                   0.577350269190  -0.577350269190   0.577350269190
         0,  263   0.707106781187   0.707106781187   0.000000000000
                   0.577350269190  -0.577350269190   0.577350269190
0,  263 2662.120002088335 967.237623784485 2379.657315784429    2    0
         0,  262  -0.707106781187  -0.707106781187  -0.000000000000
                   0.577350269190  -0.577350269190   0.577350269190
         0,  264   0.707106781187   0.707106781187   0.000000000000
                   0.577350269190  -0.577350269190   0.577350269190
0,  264 2764.359068917640 712.816658162182 2022.997283332820    1    7
         0,  263  -0.707106781187  -0.707106781187  -0.000000000000
                   0.577350269190  -0.577350269190   0.577350269190
0,  265 2710.806817666412 2232.609854898888 1880.533399581401    1    7
         0,  266   0.707106781187  -0.707106781187   0.000000000000
                   0.577350269190   0.577350269190  -0.577350269190
0,  266 3128.237908833351 1786.126418840433 1851.481054689884    2    0
         0,  265  -0.707106781187   0.707106781187  -0.000000000000
                   0.577350269190   0.577350269190  -0.577350269190
         0,  267   0.707106781187  -0.707106781187   0.000000000000
                   0.577350269190   0.577350269190  -0.577350269190
0,  267 3545.669000000289 1339.642982781979 1822.428709798367    2    0
         0,  266  -0.707106781187   0.707106781187  -0.000000000000
                   0.577350269190   0.577350269190  -0.577350269190
         0,  268   0.707106781187  -0.707106781187   0.000000000000
                   0.577350269190   0.577350269190  -0.577350269190
0,  268 3963.100091167226 893.159546723524 1793.376364906851    2    0
         0,  267  -0.707106781187   0.707106781187  -0.000000000000
                   0.577350269190   0.577350269190  -0.577350269190
         0,  269   0.707106781187  -0.707106781187   0.000000000000
                   0.577350269190   0.577350269190  -0.577350269190
0,  269 4380.531182334164 446.676110665069 1764.324020015334    1    7
         0,  268  -0.707106781187   0.707106781187  -0.000000000000
                   0.577350269190   0.577350269190  -0.577350269190
0,  270 8145.113116195456 12832.308864434863  69.973920526345    1    7
         0,  271  -0.707106781187  -0.000000000000  -0.707106781187
                  -0.577350269190   0.577350269190   0.577350269190
0,  271 8711.000807108734 13071.655705624509 396.514770249975    2    0
         0,  270   0.707106781187   0.000000000000   0.707106781187
                  -0.577350269190   0.577350269190   0.577350269190
         0,  272  -0.707106781187  -0.000000000000  -0.707106781187
                  -0.577350269190   0.577350269190   0.577350269190
0,  272 9276.888498022010 13311.002546814158 723.055619973605    2    0
         0,  271   0.707106781187   0.000000000000   0.707106781187
                  -0.577350269190   0.577350269190   0.577350269190
         0,  273  -0.707106781187  -0.000000000000  -0.707106781187
                  -0.577350269190   0.577350269190   0.577350269190
0,  273 9842.776188935288 13550.349388003804 1049.596469697235    2    0
         0,  272   0.707106781187   0.000000000000   0.707106781187
                  -0.577350269190   0.577350269190   0.577350269190
         0,  274  -0.707106781187  -0.000000000000  -0.707106781187
                  -0.577350269190   0.577350269190   0.577350269190
0,  274 10408.663879848566 13789.696229193451 1376.137319420865    1    7
         0,  273   0.707106781187   0.000000000000   0.707106781187
                  -0.577350269190   0.577350269190   0.577350269190
0,  275 3167.738606127053 12913.730856076154 13963.668539427086    1    7
         0,  276   0.707106781187   0.707106781187   0.000000000000
                   0.577350269190  -0.577350269190   0.577350269190
0,  276 3002.500890295039 12366.452307715681 13581.627706898627    2    0
         0,  275  -0.707106781187  -0.707106781187  -0.000000000000
                   0.577350269190  -0.577350269190   0.577350269190
         0,  277   0.707106781187   0.707106781187   0.000000000000
                   0.577350269190  -0.577350269190   0.577350269190
0,  277 2837.263174463024 11819.173759355206 13199.586874370167    2    0
         0,  276  -0.707106781187  -0.707106781187  -0.000000000000
                   0.577350269190  -0.577350269190   0.577350269190
         0,  278   0.707106781187   0.707106781187   0.000000000000
                   0.577350269190  -0.577350269190   0.577350269190
0,  278 2672.025458631010 11271.895210994733 12817.546041841708    2    0
         0,  277  -0.707106781187  -0.707106781187  -0.000000000000
                   0.577350269190  -0.577350269190   0.577350269190
         0,  279   0.707106781187   0.707106781187   0.000000000000
                   0.577350269190  -0.577350269190   0.577350269190
0,  279 2506.787742798996 10724.616662634260 12435.505209313249    1    7
         0,  278  -0.707106781187  -0.707106781187  -0.000000000000
                   0.577350269190  -0.577350269190   0.577350269190
0,  280 7830.046318238350 10061.079011487091 15846.788509918941    1    7
         0,  281  -0.707106781187  -0.000000000000  -0.707106781187
                   0.577350269190   0.577350269190  -0.577350269190
0,  281 7587.386359605286 9829.399647968667 15372.449187767452    2    0
         0,  280   0.707106781187   0.000000000000   0.707106781187
                   0.577350269190   0.577350269190  -0.577350269190
         0,  282  -0.707106781187  -0.000000000000  -0.707106781187
                   0.577350269190   0.577350269190  -0.577350269190
0,  282 7344.726400972222 9597.720284450241 14898.109865615963    2    0
         0,  281   0.707106781187   0.000000000000   0.707106781187
                   0.577350269190   0.577350269190  -0.577350269190
         0,  283  -0.707106781187  -0.000000000000  -0.707106781187
                   0.577350269190   0.577350269190  -0.577350269190
0,  283 7102.066442339157 9366.040920931817 14423.770543464474    2    0
         0,  282   0.707106781187   0.000000000000   0.707106781187
                   0.577350269190   0.577350269190  -0.577350269190
         0,  284  -0.707106781187  -0.000000000000  -0.707106781187
                   0.577350269190   0.577350269190  -0.577350269190
0,  284 6859.406483706093 9134.361557413391 13949.431221312985    1    7
         0,  283   0.707106781187   0.000000000000   0.707106781187
                   0.577350269190   0.577350269190  -0.577350269190
0,  285 4432.583916460409 12897.744771617294 10388.616965897596    1    7
         0,  286   0.000000000000   0.707106781187  -0.707106781187
                   0.577350269190   0.577350269190   0.577350269190
0,  286 4968.280556037628 12824.316856245119 9926.348241692551    2    0
         0,  285  -0.000000000000  -0.707106781187   0.707106781187
                   0.577350269190   0.577350269190   0.577350269190
         0,  287   0.000000000000   0.707106781187  -0.707106781187
                   0.577350269190   0.577350269190   0.577350269190
0,  287 5503.977195614848 12750.888940872945 9464.079517487504    2    0
         0,  286  -0.000000000000  -0.707106781187   0.707106781187
                   0.577350269190   0.577350269190   0.577350269190
         0,  288   0.000000000000   0.707106781187  -0.707106781187
                   0.577350269190   0.577350269190   0.577350269190
0,  288 6039.673835192068 12677.461025500772 9001.810793282459    2    0
         0,  287  -0.000000000000  -0.707106781187   0.707106781187
                   0.577350269190   0.577350269190   0.577350269190
         0,  289   0.000000000000   0.707106781187  -0.707106781187
                   0.577350269190   0.577350269190   0.577350269190
0,  289 6575.370474769287 12604.033110128597 8539.542069077414    1    7
         0,  288  -0.000000000000  -0.707106781187   0.707106781187
                   0.577350269190   0.577350269190   0.577350269190
0,  290 4716.012391120316 1069.946022341210 1594.011477091975    1    7
         0,  291  -0.000000000000  -0.707106781187   0.707106781187
                  -0.577350269190   0.577350269190   0.577350269190
0,  291 5020.266730654703 1661.455055065937 1306.756783901634    2    0
         0,  290   0.000000000000   0.707106781187  -0.707106781187
                  -0.577350269190   0.577350269190   0.577350269190
         0,  292  -0.000000000000  -0.707106781187   0.707106781187
                  -0.577350269190   0.577350269190   0.577350269190
0,  292 5324.521070189089 2252.964087790664 1019.502090711294    2    0
         0,  291   0.000000000000   0.707106781187  -0.707106781187
                  -0.577350269190   0.577350269190   0.577350269190
         0,  293  -0.000000000000  -0.707106781187   0.707106781187
                  -0.577350269190   0.577350269190   0.577350269190
0,  293 5628.775409723476 2844.473120515391 732.247397520953    2    0
         0,  292   0.000000000000   0.707106781187  -0.707106781187
                  -0.577350269190   0.577350269190   0.577350269190
         0,  294  -0.000000000000  -0.707106781187   0.707106781187
                  -0.577350269190   0.577350269190   0.577350269190
0,  294 5933.029749257862 3435.982153240118 444.992704330612    1    7
         0,  293   0.000000000000   0.707106781187  -0.707106781187
                  -0.577350269190   0.577350269190   0.577350269190
0,  295 2473.123992185594 11689.462568578276 10684.922899534433    1    7
         0,  296   0.707106781187   0.000000000000   0.707106781187
                   0.577350269190   0.577350269190  -0.577350269190
0,  296 2753.075034066188 11653.137162444435 10928.548535281187    2    0
         0,  295  -0.707106781187  -0.000000000000  -0.707106781187
                   0.577350269190   0.577350269190  -0.577350269190
         0,  297   0.707106781187   0.000000000000   0.707106781187
                   0.577350269190   0.577350269190  -0.577350269190
0,  297 3033.026075946782 11616.811756310593 11172.174171027938    2    0
         0,  296  -0.707106781187  -0.000000000000  -0.707106781187
                   0.577350269190   0.577350269190  -0.577350269190
         0,  298   0.707106781187   0.000000000000   0.707106781187
                   0.577350269190   0.577350269190  -0.577350269190
0,  298 3312.977117827376 11580.486350176754 11415.799806774692    2    0
         0,  297  -0.707106781187  -0.000000000000  -0.707106781187
                   0.577350269190   0.577350269190  -0.577350269190
         0,  299   0.707106781187   0.000000000000   0.707106781187
                   0.577350269190   0.577350269190  -0.577350269190
0,  299 3592.928159707971 11544.160944042913 11659.425442521446    1    7
         0,  298  -0.707106781187  -0.000000000000  -0.707106781187
                   0.577350269190   0.577350269190  -0.577350269190
0,  300 12458.876191079804 10483.547737726078 1991.932099526759    1    7
         0,  301  -0.707106781187  -0.000000000000   0.707106781187
                   0.577350269190   0.577350269190   0.577350269190
0,  301 12975.332632951957 9902.447178298517 2056.576217082167    2    0
         0,  300   0.707106781187   0.000000000000  -0.707106781187
                   0.577350269190   0.577350269190   0.577350269190
         0,  302  -0.707106781187  -0.000000000000   0.707106781187
                   0.577350269190   0.577350269190   0.577350269190
0,  302 13491.789074824110 9321.346618870954 2121.220334637576    2    0
         0,  301   0.707106781187   0.000000000000  -0.707106781187
                   0.577350269190   0.577350269190   0.577350269190
         0,  303  -0.707106781187  -0.000000000000   0.707106781187
                   0.577350269190   0.577350269190   0.577350269190
0,  303 14008.245516696263 8740.246059443392 2185.864452192985    2    0
         0,  302   0.707106781187   0.000000000000  -0.707106781187
                   0.577350269190   0.577350269190   0.577350269190
         0,  304  -0.707106781187  -0.000000000000   0.707106781187
                   0.577350269190   0.577350269190   0.577350269190
0,  304 14524.701958568417 8159.145500015831 2250.508569748393    1    7
         0,  303   0.707106781187   0.000000000000  -0.707106781187
                   0.577350269190   0.577350269190   0.577350269190
0,  305 4304.461831648607 8309.719063012524 14424.851783920985    1    7
         0,  306  -0.000000000000  -0.707106781187  -0.707106781187
                   0.577350269190  -0.577350269190   0.577350269190
0,  306 3843.112821454622 8228.312355202335 14804.794086304781    2    0
         0,  305   0.000000000000   0.707106781187   0.707106781187
                   0.577350269190  -0.577350269190   0.577350269190
         0,  307  -0.000000000000  -0.707106781187  -0.707106781187
                   0.577350269190  -0.577350269190   0.577350269190
0,  307 3381.763811260638 8146.905647392146 15184.736388688576    2    0
         0,  306   0.000000000000   0.707106781187   0.707106781187
                   0.577350269190  -0.577350269190   0.577350269190
         0,  308  -0.000000000000  -0.707106781187  -0.707106781187
                   0.577350269190  -0.577350269190   0.577350269190
0,  308 2920.414801066653 8065.498939581957 15564.678691072371    2    0
         0,  307   0.000000000000   0.707106781187   0.707106781187
                   0.577350269190  -0.577350269190   0.577350269190
         0,  309  -0.000000000000  -0.707106781187  -0.707106781187
                   0.577350269190  -0.577350269190   0.577350269190
0,  309 2459.065790872669 7984.092231771767 15944.620993456167    1    7
         0,  308   0.000000000000   0.707106781187   0.707106781187
                   0.577350269190  -0.577350269190   0.577350269190
0,  310 15954.513436394232 10021.700958032408 3532.912378769056    1    7
         0,  311  -0.000000000000  -0.707106781187  -0.707106781187
                   0.577350269190   0.577350269190  -0.577350269190
0,  311 15905.801211282147 9642.565575592345 3105.064771216908    2    0
         0,  310   0.000000000000   0.707106781187   0.707106781187
                   0.577350269190   0.577350269190  -0.577350269190
         0,  312  -0.000000000000  -0.707106781187  -0.707106781187
                   0.577350269190   0.577350269190  -0.577350269190
0,  312 15857.088986170060 9263.430193152284 2677.217163664759    2    0
         0,  311   0.000000000000   0.707106781187   0.707106781187
                   0.577350269190   0.577350269190  -0.577350269190
         0,  313  -0.000000000000  -0.707106781187  -0.707106781187
                   0.577350269190   0.577350269190  -0.577350269190
0,  313 15808.376761057974 8884.294810712221 2249.369556112611    2    0
         0,  312   0.000000000000   0.707106781187   0.707106781187
                   0.577350269190   0.577350269190  -0.577350269190
         0,  314  -0.000000000000  -0.707106781187  -0.707106781187
                   0.577350269190   0.577350269190  -0.577350269190
0,  314 15759.664535945889 8505.159428272160 1821.521948560463    1    7
         0,  313   0.000000000000   0.707106781187   0.707106781187
                   0.577350269190   0.577350269190  -0.577350269190
0,  315 7575.598143230109 9628.631915133608 4017.834992525665    1    7
         0,  316   0.707106781187   0.707106781187   0.000000000000
                  -0.577350269190   0.577350269190   0.577350269190
0,  316 8059.588404235130 9773.372862786946 4357.084305877349    2    0
         0,  315  -0.707106781187  -0.707106781187  -0.000000000000
                  -0.577350269190   0.577350269190   0.577350269190
         0,  317   0.707106781187   0.707106781187   0.000000000000
                  -0.577350269190   0.577350269190   0.577350269190
0,  317 8543.578665240151 9918.113810440285 4696.333619229032    2    0
         0,  316  -0.707106781187  -0.707106781187  -0.000000000000
                  -0.577350269190   0.577350269190   0.577350269190
         0,  318   0.707106781187   0.707106781187   0.000000000000
                  -0.577350269190   0.577350269190   0.577350269190
0,  318 9027.568926245172 10062.854758093623 5035.582932580715    2    0
         0,  317  -0.707106781187  -0.707106781187  -0.000000000000
                  -0.577350269190   0.577350269190   0.577350269190
         0,  319   0.707106781187   0.707106781187   0.000000000000
                  -0.577350269190   0.577350269190   0.577350269190
0,  319 9511.559187250194 10207.595705746960 5374.832245932398    1    7
         0,  318  -0.707106781187  -0.707106781187  -0.000000000000
                  -0.577350269190   0.577350269190   0.577350269190
0,  320 4469.236747586391 10192.753224728782 12090.080245907382    1    7
         0,  321  -0.000000000000  -0.707106781187  -0.707106781187
                   0.577350269190   0.577350269190  -0.577350269190
0,  321 4694.666564026386 10368.993053333688 12491.749890952284    2    0
         0,  320   0.000000000000   0.707106781187   0.707106781187
                   0.577350269190   0.577350269190  -0.577350269190
         0,  322  -0.000000000000  -0.707106781187  -0.707106781187
                   0.577350269190   0.577350269190  -0.577350269190
0,  322 4920.096380466381 10545.232881938595 12893.419535997184    2    0
         0,  321   0.000000000000   0.707106781187   0.707106781187
                   0.577350269190   0.577350269190  -0.577350269190
         0,  323  -0.000000000000  -0.707106781187  -0.707106781187
                   0.577350269190   0.577350269190  -0.577350269190
0,  323 5145.526196906376 10721.472710543501 13295.089181042085    2    0
         0,  322   0.000000000000   0.707106781187   0.707106781187
                   0.577350269190   0.577350269190  -0.577350269190
         0,  324  -0.000000000000  -0.707106781187  -0.707106781187
                   0.577350269190   0.577350269190  -0.577350269190
0,  324 5370.956013346370 10897.712539148408 13696.758826086987    1    7
         0,  323   0.000000000000   0.707106781187   0.707106781187
                   0.577350269190   0.577350269190  -0.577350269190
0,  325 10528.200223839354 8313.849542717791 6844.948883107248    1    7
         0,  326   0.707106781187   0.000000000000   0.707106781187
                   0.577350269190   0.577350269190  -0.577350269190
0,  326 10067.911921448782 8575.064590529524 6645.875628528408    2    0
         0,  325  -0.707106781187  -0.000000000000  -0.707106781187
                   0.577350269190   0.577350269190  -0.577350269190
         0,  327   0.707106781187   0.000000000000   0.707106781187
                   0.577350269190   0.577350269190  -0.577350269190
0,  327 9607.623619058211 8836.279638341257 6446.802373949568    2    0
         0,  326  -0.707106781187  -0.000000000000  -0.707106781187
                   0.577350269190   0.577350269190  -0.577350269190
         0,  328   0.707106781187   0.000000000000   0.707106781187
                   0.577350269190   0.577350269190  -0.577350269190
0,  328 9147.335316667639 9097.494686152990 6247.729119370730    2    0
         0,  327  -0.707106781187  -0.000000000000  -0.707106781187
                   0.577350269190   0.577350269190  -0.577350269190
         0,  329   0.707106781187   0.000000000000   0.707106781187
                   0.577350269190   0.577350269190  -0.577350269190
0,  329 8687.047014277066 9358.709733964721 6048.655864791890    1    7
         0,  328  -0.707106781187  -0.000000000000  -0.707106781187
                   0.577350269190   0.577350269190  -0.577350269190
0,  330 8385.081553823631 11622.931677827481 15831.250107328982    1    7
         0,  331  -0.707106781187   0.707106781187  -0.000000000000
                   0.577350269190   0.577350269190   0.577350269190
0,  331 8703.614254898652 11807.709381018665 15327.939703062779    2    0
         0,  330   0.707106781187  -0.707106781187   0.000000000000
                   0.577350269190   0.577350269190   0.577350269190
         0,  332  -0.707106781187   0.707106781187  -0.000000000000
                   0.577350269190   0.577350269190   0.577350269190
0,  332 9022.146955973672 11992.487084209848 14824.629298796573    2    0
         0,  331   0.707106781187  -0.707106781187   0.000000000000
                   0.577350269190   0.577350269190   0.577350269190
         0,  333  -0.707106781187   0.707106781187  -0.000000000000
                   0.577350269190   0.577350269190   0.577350269190
0,  333 9340.679657048691 12177.264787401033 14321.318894530370    2    0
         0,  332   0.707106781187  -0.707106781187   0.000000000000
                   0.577350269190   0.577350269190   0.577350269190
         0,  334  -0.707106781187   0.707106781187  -0.000000000000
                   0.577350269190   0.577350269190   0.577350269190
0,  334 9659.212358123712 12362.042490592215 13818.008490264167    1    7
         0,  333   0.707106781187  -0.707106781187   0.000000000000
                   0.577350269190   0.577350269190   0.577350269190
0,  335 360.468207012994 13082.833281660411 9129.327899145859    1    7
         0,  336   0.000000000000   0.707106781187   0.707106781187
                   0.577350269190   0.577350269190  -0.577350269190
0,  336 319.925422778150 12720.986120566567 8726.937953817171    2    0
         0,  335  -0.000000000000  -0.707106781187  -0.707106781187
                   0.577350269190   0.577350269190  -0.577350269190
         0,  337   0.000000000000   0.707106781187   0.707106781187
                   0.577350269190   0.577350269190  -0.577350269190
0,  337 279.382638543306 12359.138959472724 8324.548008488484    2    0
         0,  336  -0.000000000000  -0.707106781187  -0.707106781187
                   0.577350269190   0.577350269190  -0.577350269190
         0,  338   0.000000000000   0.707106781187   0.707106781187
                   0.577350269190   0.577350269190  -0.577350269190
0,  338 238.839854308462 11997.291798378881 7922.158063159796    2    0
         0,  337  -0.000000000000  -0.707106781187  -0.707106781187
                   0.577350269190   0.577350269190  -0.577350269190
         0,  339   0.000000000000   0.707106781187   0.707106781187
                   0.577350269190   0.577350269190  -0.577350269190
0,  339 198.297070073617 11635.444637285038 7519.768117831109    1    7
         0,  338  -0.000000000000  -0.707106781187  -0.707106781187
                   0.577350269190   0.577350269190  -0.577350269190
0,  340 14479.087946576354 6919.423836985417 11203.182491033020    1    7
         0,  341  -0.707106781187  -0.000000000000  -0.707106781187
                  -0.577350269190   0.577350269190   0.577350269190
0,  341 14054.463050144583 6682.261492659561 11015.719938927105    2    0
         0,  340   0.707106781187   0.000000000000   0.707106781187
                  -0.577350269190   0.577350269190   0.577350269190
         0,  342  -0.707106781187  -0.000000000000  -0.707106781187
                  -0.577350269190   0.577350269190   0.577350269190
0,  342 13629.838153712810 6445.099148333704 10828.257386821188    2    0
         0,  341   0.707106781187   0.000000000000   0.707106781187
                  -0.577350269190   0.577350269190   0.577350269190
         0,  343  -0.707106781187  -0.000000000000  -0.707106781187
                  -0.577350269190   0.577350269190   0.577350269190
0,  343 13205.213257281039 6207.936804007848 10640.794834715272    2    0
         0,  342   0.707106781187   0.000000000000   0.707106781187
                  -0.577350269190   0.577350269190   0.577350269190
         0,  344  -0.707106781187  -0.000000000000  -0.707106781187
                  -0.577350269190   0.577350269190   0.577350269190
0,  344 12780.588360849266 5970.774459681992 10453.332282609357    1    7
         0,  343   0.707106781187   0.000000000000   0.707106781187
                  -0.577350269190   0.577350269190   0.577350269190
0,  345 2609.564619029424 4740.585301220757 13388.593664518710    1    7
         0,  346   0.707106781187  -0.707106781187   0.000000000000
                   0.577350269190   0.577350269190   0.577350269190
0,  346 2969.583631398103 4261.143710979783 13508.016242391004    2    0
         0,  345  -0.707106781187   0.707106781187  -0.000000000000
                   0.577350269190   0.577350269190   0.577350269190
         0,  347   0.707106781187  -0.707106781187   0.000000000000
                   0.577350269190   0.577350269190   0.577350269190
0,  347 3329.602643766782 3781.702120738811 13627.438820263298    2    0
         0,  346  -0.707106781187   0.707106781187  -0.000000000000
                   0.577350269190   0.577350269190   0.577350269190
         0,  348   0.707106781187  -0.707106781187   0.000000000000
                   0.577350269190   0.577350269190   0.577350269190
0,  348 3689.621656135461 3302.260530497837 13746.861398135594    2    0
         0,  347  -0.707106781187   0.707106781187  -0.000000000000
                   0.577350269190   0.577350269190   0.577350269190
         0,  349   0.707106781187  -0.707106781187   0.000000000000
                   0.577350269190   0.577350269190   0.577350269190
0,  349 4049.640668504140 2822.818940256864 13866.283976007888    1    7
         0,  348  -0.707106781187   0.707106781187  -0.000000000000
                   0.577350269190   0.577350269190   0.577350269190
0,  350 6627.608713851040 11934.328099361970 12889.934432343856    1    7
         0,  351   0.000000000000   0.707106781187   0.707106781187
                   0.577350269190   0.577350269190  -0.577350269190
0,  351 7116.855078090976 11792.419533405933 13237.272230627756    2    0
         0,  350  -0.000000000000  -0.707106781187  -0.707106781187
                   0.577350269190   0.577350269190  -0.577350269190
         0,  352   0.000000000000   0.707106781187   0.707106781187
                   0.577350269190   0.577350269190  -0.577350269190
0,  352 7606.101442330912 11650.510967449896 13584.610028911655    2    0
         0,  351  -0.000000000000  -0.707106781187  -0.707106781187
                   0.577350269190   0.577350269190  -0.577350269190
         0,  353   0.000000000000   0.707106781187   0.707106781187
                   0.577350269190   0.577350269190  -0.577350269190
0,  353 8095.347806570848 11508.602401493859 13931.947827195554    2    0
         0,  352  -0.000000000000  -0.707106781187  -0.707106781187
                   0.577350269190   0.577350269190  -0.577350269190
         0,  354   0.000000000000   0.707106781187   0.707106781187
                   0.577350269190   0.577350269190  -0.577350269190
0,  354 8584.594170810784 11366.693835537822 14279.285625479451    1    7
         0,  353  -0.000000000000  -0.707106781187  -0.707106781187
                   0.577350269190   0.577350269190  -0.577350269190
0,  355 12312.520357220050 12213.496836318247 12621.800277087412    1    7
         0,  356   0.707106781187   0.707106781187   0.000000000000
                   0.577350269190  -0.577350269190   0.577350269190
0,  356 11927.868260795991 11778.015938728133 12570.971475921357    2    0
         0,  355  -0.707106781187  -0.707106781187  -0.000000000000
                   0.577350269190  -0.577350269190   0.577350269190
         0,  357   0.707106781187   0.707106781187   0.000000000000
                   0.577350269190  -0.577350269190   0.577350269190
0,  357 11543.216164371932 11342.535041138020 12520.142674755303    2    0
         0,  356  -0.707106781187  -0.707106781187  -0.000000000000
                   0.577350269190  -0.577350269190   0.577350269190
         0,  358   0.707106781187   0.707106781187   0.000000000000
                   0.577350269190  -0.577350269190   0.577350269190
0,  358 11158.564067947873 10907.054143547906 12469.313873589248    2    0
         0,  357  -0.707106781187  -0.707106781187  -0.000000000000
                   0.577350269190  -0.577350269190   0.577350269190
         0,  359   0.707106781187   0.707106781187   0.000000000000
                   0.577350269190  -0.577350269190   0.577350269190
0,  359 10773.911971523816 10471.573245957794 12418.485072423193    1    7
         0,  358  -0.707106781187  -0.707106781187  -0.000000000000
                   0.577350269190  -0.577350269190   0.577350269190
0,  360 12295.866414865766 14031.715833457858 13127.322565309198    1    7
         0,  361   0.707106781187  -0.707106781187   0.000000000000
                   0.577350269190   0.577350269190   0.577350269190
0,  361 12911.424667196925 13795.647836845113 12747.832309590784    2    0
         0,  360  -0.707106781187   0.707106781187  -0.000000000000
                   0.577350269190   0.577350269190   0.577350269190
         0,  362   0.707106781187  -0.707106781187   0.000000000000
                   0.577350269190   0.577350269190   0.577350269190
0,  362 13526.982919528082 13559.579840232371 12368.342053872369    2    0
         0,  361  -0.707106781187   0.707106781187  -0.000000000000
                   0.577350269190   0.577350269190   0.577350269190
         0,  363   0.707106781187  -0.707106781187   0.000000000000
                   0.577350269190   0.577350269190   0.577350269190
0,  363 14142.541171859240 13323.511843619626 11988.851798153955    2    0
         0,  362  -0.707106781187   0.707106781187  -0.000000000000
                   0.577350269190   0.577350269190   0.577350269190
         0,  364   0.707106781187  -0.707106781187   0.000000000000
                   0.577350269190   0.577350269190   0.577350269190
0,  364 14758.099424190397 13087.443847006882 11609.361542435541    1    7
         0,  363  -0.707106781187   0.707106781187  -0.000000000000
                   0.577350269190   0.577350269190   0.577350269190
0,  365 10992.169266920449 362.111131602975 15765.782543767638    1    7
         0,  366   0.707106781187  -0.707106781187   0.000000000000
                   0.577350269190   0.577350269190   0.577350269190
0,  366 11312.643196565821 466.014071392042 15341.405674333198    2    0
         0,  365  -0.707106781187   0.707106781187  -0.000000000000
                   0.577350269190   0.577350269190   0.577350269190
         0,  367   0.707106781187  -0.707106781187   0.000000000000
                   0.577350269190   0.577350269190   0.577350269190
0,  367 11633.117126211193 569.917011181110 14917.028804898759    2    0
         0,  366  -0.707106781187   0.707106781187  -0.000000000000
                   0.577350269190   0.577350269190   0.577350269190
         0,  368   0.707106781187  -0.707106781187   0.000000000000
                   0.577350269190   0.577350269190   0.577350269190
0,  368 11953.591055856567 673.819950970178 14492.651935464319    2    0
         0,  367  -0.707106781187   0.707106781187  -0.000000000000
                   0.577350269190   0.577350269190   0.577350269190
         0,  369   0.707106781187  -0.707106781187   0.000000000000
                   0.577350269190   0.577350269190   0.577350269190
0,  369 12274.064985501938 777.722890759246 14068.275066029879    1    7
         0,  368  -0.707106781187   0.707106781187  -0.000000000000
                   0.577350269190   0.577350269190   0.577350269190
0,  370 13708.538276757683 7097.404547412644 6400.753131155669    1    7
         0,  371   0.707106781187   0.707106781187   0.000000000000
                   0.577350269190  -0.577350269190   0.577350269190
0,  371 13863.351740874701 6784.385875711864 5932.920995337870    2    0
         0,  370  -0.707106781187  -0.707106781187  -0.000000000000
                   0.577350269190  -0.577350269190   0.577350269190
         0,  372   0.707106781187   0.707106781187   0.000000000000
                   0.577350269190  -0.577350269190   0.577350269190
0,  372 14018.165204991717 6471.367204011084 5465.088859520073    2    0
         0,  371  -0.707106781187  -0.707106781187  -0.000000000000
                   0.577350269190  -0.577350269190   0.577350269190
         0,  373   0.707106781187   0.707106781187   0.000000000000
                   0.577350269190  -0.577350269190   0.577350269190
0,  373 14172.978669108736 6158.348532310304 4997.256723702276    2    0
         0,  372  -0.707106781187  -0.707106781187  -0.000000000000
                   0.577350269190  -0.577350269190   0.577350269190
         0,  374   0.707106781187   0.707106781187   0.000000000000
                   0.577350269190  -0.577350269190   0.577350269190
0,  374 14327.792133225754 5845.329860609524 4529.424587884478    1    7
         0,  373  -0.707106781187  -0.707106781187  -0.000000000000
                   0.577350269190  -0.577350269190   0.577350269190
0,  375 10143.829924439246 15169.210549165089 8053.073425491093    1    7
         0,  376   0.000000000000   0.707106781187   0.707106781187
                   0.577350269190  -0.577350269190   0.577350269190
0,  376 9844.523451421946 14615.949793784974 7799.119143128277    2    0
         0,  375  -0.000000000000  -0.707106781187  -0.707106781187
                   0.577350269190  -0.577350269190   0.577350269190
         0,  377   0.000000000000   0.707106781187   0.707106781187
                   0.577350269190  -0.577350269190   0.577350269190
0,  377 9545.216978404645 14062.689038404858 7545.164860765462    2    0
         0,  376  -0.000000000000  -0.707106781187  -0.707106781187
                   0.577350269190  -0.577350269190   0.577350269190
         0,  378   0.000000000000   0.707106781187   0.707106781187
                   0.577350269190  -0.577350269190   0.577350269190
0,  378 9245.910505387346 13509.428283024743 7291.210578402645    2    0
         0,  377  -0.000000000000  -0.707106781187  -0.707106781187
                   0.577350269190  -0.577350269190   0.577350269190
         0,  379   0.000000000000   0.707106781187   0.707106781187
                   0.577350269190  -0.577350269190   0.577350269190
0,  379 8946.604032370047 12956.167527644626 7037.256296039830    1    7
         0,  378  -0.000000000000  -0.707106781187  -0.707106781187
                   0.577350269190  -0.577350269190   0.577350269190
0,  380 5476.293307779084 2026.327503216746 2362.350180273564    1    7
         0,  381  -0.707106781187  -0.707106781187  -0.000000000000
                  -0.577350269190   0.577350269190   0.577350269190
0,  381 6018.495422257387 2178.560429832027 2752.319368136585    2    0
         0,  380   0.707106781187   0.707106781187   0.000000000000
                  -0.577350269190   0.577350269190   0.577350269190
         0,  382  -0.707106781187  -0.707106781187  -0.000000000000
                  -0.577350269190   0.577350269190   0.577350269190
0,  382 6560.697536735690 2330.793356447309 3142.288555999606    2    0
         0,  381   0.707106781187   0.707106781187   0.000000000000
                  -0.577350269190   0.577350269190   0.577350269190
         0,  383  -0.707106781187  -0.707106781187  -0.000000000000
                  -0.577350269190   0.577350269190   0.577350269190
0,  383 7102.899651213993 2483.026283062590 3532.257743862628    2    0
         0,  382   0.707106781187   0.707106781187   0.000000000000
                  -0.577350269190   0.577350269190   0.577350269190
         0,  384  -0.707106781187  -0.707106781187  -0.000000000000
                  -0.577350269190   0.577350269190   0.577350269190
0,  384 7645.101765692295 2635.259209677872 3922.226931725649    1    7
         0,  383   0.707106781187   0.707106781187   0.000000000000
                  -0.577350269190   0.577350269190   0.577350269190
0,  385 15421.692633960371 3973.169855916707 3155.159806710766    1    7
         0,  386   0.707106781187   0.707106781187   0.000000000000
                  -0.577350269190   0.577350269190   0.577350269190
0,  386 14967.388259738240 3953.349367673035 2720.675920732307    2    0
         0,  385  -0.707106781187  -0.707106781187  -0.000000000000
                  -0.577350269190   0.577350269190   0.577350269190
         0,  387   0.707106781187   0.707106781187   0.000000000000
                  -0.577350269190   0.577350269190   0.577350269190
0,  387 14513.083885516109 3933.528879429364 2286.192034753848    2    0
         0,  386  -0.707106781187  -0.707106781187  -0.000000000000
                  -0.577350269190   0.577350269190   0.577350269190
         0,  388   0.707106781187   0.707106781187   0.000000000000
                  -0.577350269190   0.577350269190   0.577350269190
0,  388 14058.779511293980 3913.708391185692 1851.708148775390    2    0
         0,  387  -0.707106781187  -0.707106781187  -0.000000000000
                  -0.577350269190   0.577350269190   0.577350269190
         0,  389   0.707106781187   0.707106781187   0.000000000000
                  -0.577350269190   0.577350269190   0.577350269190
0,  389 13604.475137071850 3893.887902942021 1417.224262796931    1    7
         0,  388  -0.707106781187  -0.707106781187  -0.000000000000
                  -0.577350269190   0.577350269190   0.577350269190
0,  390 4314.041095718977 2989.352811878080 2645.286727326701    1    7
         0,  391   0.707106781187   0.000000000000   0.707106781187
                   0.577350269190   0.577350269190  -0.577350269190
0,  391 4452.153261333845 3307.335900918523 3101.381981982012    2    0
         0,  390  -0.707106781187  -0.000000000000  -0.707106781187
                   0.577350269190   0.577350269190  -0.577350269190
         0,  392   0.707106781187   0.000000000000   0.707106781187
                   0.577350269190   0.577350269190  -0.577350269190
0,  392 4590.265426948713 3625.318989958966 3557.477236637324    2    0
         0,  391  -0.707106781187  -0.000000000000  -0.707106781187
                   0.577350269190   0.577350269190  -0.577350269190
         0,  393   0.707106781187   0.000000000000   0.707106781187
                   0.577350269190   0.577350269190  -0.577350269190
0,  393 4728.377592563581 3943.302078999409 4013.572491292635    2    0
         0,  392  -0.707106781187  -0.000000000000  -0.707106781187
                   0.577350269190   0.577350269190  -0.577350269190
         0,  394   0.707106781187   0.000000000000   0.707106781187
                   0.577350269190   0.577350269190  -0.577350269190
0,  394 4866.489758178449 4261.285168039853 4469.667745947947    1    7
         0,  393  -0.707106781187  -0.000000000000  -0.707106781187
                   0.577350269190   0.577350269190  -0.577350269190
0,  395 15424.904505338754 10935.741963192682 7143.360018579518    1    7
         0,  396   0.000000000000   0.707106781187  -0.707106781187
                   0.577350269190   0.577350269190   0.577350269190
0,  396 15339.190819355079 10609.460764702209 7555.354903053667    2    0
         0,  395  -0.000000000000  -0.707106781187   0.707106781187
                   0.577350269190   0.577350269190   0.577350269190
         0,  397   0.000000000000   0.707106781187  -0.707106781187
                   0.577350269190   0.577350269190   0.577350269190
0,  397 15253.477133371402 10283.179566211737 7967.349787527815    2    0
         0,  396  -0.000000000000  -0.707106781187   0.707106781187
                   0.577350269190   0.577350269190   0.577350269190
         0,  398   0.000000000000   0.707106781187  -0.707106781187
                   0.577350269190   0.577350269190   0.577350269190
0,  398 15167.763447387726 9956.898367721264 8379.344672001966    2    0
         0,  397  -0.000000000000  -0.707106781187   0.707106781187
                   0.577350269190   0.577350269190   0.577350269190
         0,  399   0.000000000000   0.707106781187  -0.707106781187
                   0.577350269190   0.577350269190   0.577350269190
0,  399 15082.049761404049 9630.617169230791 8791.339556476114    1    7
         0,  398  -0.000000000000  -0.707106781187   0.707106781187
                   0.577350269190   0.577350269190   0.577350269190
0,  400 4570.114496874125 11405.361333053683 13565.575799713324    1    7
         0,  401   0.707106781187   0.000000000000  -0.707106781187
                   0.577350269190  -0.577350269190   0.577350269190
0,  401 4710.230333536117 11693.225945162350 13713.324575160001    2    0
         0,  400  -0.707106781187  -0.000000000000   0.707106781187
                   0.577350269190  -0.577350269190   0.577350269190
         0,  402   0.707106781187   0.000000000000  -0.707106781187
                   0.577350269190  -0.577350269190   0.577350269190
0,  402 4850.346170198109 11981.090557271018 13861.073350606675    2    0
         0,  401  -0.707106781187  -0.000000000000   0.707106781187
                   0.577350269190  -0.577350269190   0.577350269190
         0,  403   0.707106781187   0.000000000000  -0.707106781187
                   0.577350269190  -0.577350269190   0.577350269190
0,  403 4990.462006860101 12268.955169379686 14008.822126053352    2    0
         0,  402  -0.707106781187  -0.000000000000   0.707106781187
                   0.577350269190  -0.577350269190   0.577350269190
         0,  404   0.707106781187   0.000000000000  -0.707106781187
                   0.577350269190  -0.577350269190   0.577350269190
0,  404 5130.577843522093 12556.819781488353 14156.570901500028    1    7
         0,  403  -0.707106781187  -0.000000000000   0.707106781187
                   0.577350269190  -0.577350269190   0.577350269190
0,  405 15809.375178519642 15126.684711356407 1024.400613321148    1    7
         0,  406  -0.707106781187  -0.000000000000   0.707106781187
                   0.577350269190  -0.577350269190   0.577350269190
0,  406 15406.951099113485 15174.569934626896 1474.709915997793    2    0
         0,  405   0.707106781187   0.000000000000  -0.707106781187
                   0.577350269190  -0.577350269190   0.577350269190
         0,  407  -0.707106781187  -0.000000000000   0.707106781187
                   0.577350269190  -0.577350269190   0.577350269190
0,  407 15004.527019707330 15222.455157897384 1925.019218674438    2    0
         0,  406   0.707106781187   0.000000000000  -0.707106781187
                   0.577350269190  -0.577350269190   0.577350269190
         0,  408  -0.707106781187  -0.000000000000   0.707106781187
                   0.577350269190  -0.577350269190   0.577350269190
0,  408 14602.102940301174 15270.340381167875 2375.328521351084    2    0
         0,  407   0.707106781187   0.000000000000  -0.707106781187
                   0.577350269190  -0.577350269190   0.577350269190
         0,  409  -0.707106781187  -0.000000000000   0.707106781187
                   0.577350269190  -0.577350269190   0.577350269190
0,  409 14199.678860895017 15318.225604438363 2825.637824027728    1    7
         0,  408   0.707106781187   0.000000000000  -0.707106781187
                   0.577350269190  -0.577350269190   0.577350269190
0,  410 8038.604977057711 3261.390639955292 13281.570987618399    1    7
         0,  411  -0.707106781187  -0.000000000000   0.707106781187
                   0.577350269190   0.577350269190   0.577350269190
0,  411 8419.911429207448 2789.776244128171 13371.878931295783    2    0
         0,  410   0.707106781187   0.000000000000  -0.707106781187
                   0.577350269190   0.577350269190   0.577350269190
         0,  412  -0.707106781187  -0.000000000000   0.707106781187
                   0.577350269190   0.577350269190   0.577350269190
0,  412 8801.217881357186 2318.161848301049 13462.186874973168    2    0
         0,  411   0.707106781187   0.000000000000  -0.707106781187
                   0.577350269190   0.577350269190   0.577350269190
         0,  413  -0.707106781187  -0.000000000000   0.707106781187
                   0.577350269190   0.577350269190   0.577350269190
0,  413 9182.524333506924 1846.547452473927 13552.494818650552    2    0
         0,  412   0.707106781187   0.000000000000  -0.707106781187
                   0.577350269190   0.577350269190   0.577350269190
         0,  414  -0.707106781187  -0.000000000000   0.707106781187
                   0.577350269190   0.577350269190   0.577350269190
0,  414 9563.830785656663 1374.933056646805 13642.802762327936    1    7
         0,  413   0.707106781187   0.000000000000  -0.707106781187
                   0.577350269190   0.577350269190   0.577350269190
0,  415 3929.159618367247 4378.285843694606 2397.226817752869    1    7
         0,  416   0.707106781187   0.000000000000  -0.707106781187
                   0.577350269190  -0.577350269190   0.577350269190
0,  416 3547.713198345283 4274.527195814214 2674.914589894440    2    0
         0,  415  -0.707106781187  -0.000000000000   0.707106781187
                   0.577350269190  -0.577350269190   0.577350269190
         0,  417   0.707106781187   0.000000000000  -0.707106781187
                   0.577350269190  -0.577350269190   0.577350269190
0,  417 3166.266778323318 4170.768547933821 2952.602362036012    2    0
         0,  416  -0.707106781187  -0.000000000000   0.707106781187
                   0.577350269190  -0.577350269190   0.577350269190
         0,  418   0.707106781187   0.000000000000  -0.707106781187
                   0.577350269190  -0.577350269190   0.577350269190
0,  418 2784.820358301354 4067.009900053428 3230.290134177583    2    0
         0,  417  -0.707106781187  -0.000000000000   0.707106781187
                   0.577350269190  -0.577350269190   0.577350269190
         0,  419   0.707106781187   0.000000000000  -0.707106781187
                   0.577350269190  -0.577350269190   0.577350269190
0,  419 2403.373938279390 3963.251252173035 3507.977906319154    1    7
         0,  418  -0.707106781187  -0.000000000000   0.707106781187
                   0.577350269190  -0.577350269190   0.577350269190
0,  420 12115.600773045291 4419.820562525551 5113.553012950455    1    7
         0,  421  -0.000000000000  -0.707106781187  -0.707106781187
                   0.577350269190  -0.577350269190   0.577350269190
0,  421 11826.504198846354 4703.342662680963 5686.171687304804    2    0
         0,  420   0.000000000000   0.707106781187   0.707106781187
                   0.577350269190  -0.577350269190   0.577350269190
         0,  422  -0.000000000000  -0.707106781187  -0.707106781187
                   0.577350269190  -0.577350269190   0.577350269190
0,  422 11537.407624647420 4986.864762836376 6258.790361659152    2    0
         0,  421   0.000000000000   0.707106781187   0.707106781187
                   0.577350269190  -0.577350269190   0.577350269190
         0,  423  -0.000000000000  -0.707106781187  -0.707106781187
                   0.577350269190  -0.577350269190   0.577350269190
0,  423 11248.311050448483 5270.386862991788 6831.409036013500    2    0
         0,  422   0.000000000000   0.707106781187   0.707106781187
                   0.577350269190  -0.577350269190   0.577350269190
         0,  424  -0.000000000000  -0.707106781187  -0.707106781187
                   0.577350269190  -0.577350269190   0.577350269190
0,  424 10959.214476249548 5553.908963147201 7404.027710367848    1    7
         0,  423   0.000000000000   0.707106781187   0.707106781187
                   0.577350269190  -0.577350269190   0.577350269190
0,  425 11706.587333443900 3088.711888047287 15244.190240757904    1    7
         0,  426  -0.707106781187   0.707106781187  -0.000000000000
                   0.577350269190   0.577350269190   0.577350269190
0,  426 11933.390876698322 3371.084344090902 14735.014241459865    2    0
         0,  425   0.707106781187  -0.707106781187   0.000000000000
                   0.577350269190   0.577350269190   0.577350269190
         0,  427  -0.707106781187   0.707106781187  -0.000000000000
                   0.577350269190   0.577350269190   0.577350269190
0,  427 12160.194419952746 3653.456800134518 14225.838242161826    2    0
         0,  426   0.707106781187  -0.707106781187   0.000000000000
                   0.577350269190   0.577350269190   0.577350269190
         0,  428  -0.707106781187   0.707106781187  -0.000000000000
                   0.577350269190   0.577350269190   0.577350269190
0,  428 12386.997963207168 3935.829256178133 13716.662242863789    2    0
         0,  427   0.707106781187  -0.707106781187   0.000000000000
                   0.577350269190   0.577350269190   0.577350269190
         0,  429  -0.707106781187   0.707106781187  -0.000000000000
                   0.577350269190   0.577350269190   0.577350269190
0,  429 12613.801506461592 4218.201712221749 13207.486243565751    1    7
         0,  428   0.707106781187  -0.707106781187   0.000000000000
                   0.577350269190   0.577350269190   0.577350269190
0,  430 4787.407274514010 12076.541632853181 2692.023248445861    1    7
         0,  431  -0.707106781187   0.707106781187  -0.000000000000
                   0.577350269190   0.577350269190  -0.577350269190
0,  431 4604.606165030142 12525.905401245498 2958.585907354309    2    0
         0,  430   0.707106781187  -0.707106781187   0.000000000000
                   0.577350269190   0.577350269190  -0.577350269190
         0,  432  -0.707106781187   0.707106781187  -0.000000000000
                   0.577350269190   0.577350269190  -0.577350269190
0,  432 4421.805055546274 12975.269169637813 3225.148566262757    2    0
         0,  431   0.707106781187  -0.707106781187   0.000000000000
                   0.577350269190   0.577350269190  -0.577350269190
         0,  433  -0.707106781187   0.707106781187  -0.000000000000
                   0.577350269190   0.577350269190  -0.577350269190
0,  433 4239.003946062406 13424.632938030129 3491.711225171205    2    0
         0,  432   0.707106781187  -0.707106781187   0.000000000000
                   0.577350269190   0.577350269190  -0.577350269190
         0,  434  -0.707106781187   0.707106781187  -0.000000000000
                   0.577350269190   0.577350269190  -0.577350269190
0,  434 4056.202836578538 13873.996706422446 3758.273884079654    1    7
         0,  433   0.707106781187  -0.707106781187   0.000000000000
                   0.577350269190   0.577350269190  -0.577350269190
0,  435 3449.571200954256 11593.034546152590 13879.141527020487    1    7
         0,  436  -0.707106781187  -0.000000000000   0.707106781187
                   0.577350269190   0.577350269190   0.577350269190
0,  436 3949.381640198695 11434.734252461358 13537.631381467279    2    0
         0,  435   0.707106781187   0.000000000000  -0.707106781187
                   0.577350269190   0.577350269190   0.577350269190
         0,  437  -0.707106781187  -0.000000000000   0.707106781187
                   0.577350269190   0.577350269190   0.577350269190
0,  437 4449.192079443133 11276.433958770127 13196.121235914074    2    0
         0,  436   0.707106781187   0.000000000000  -0.707106781187
                   0.577350269190   0.577350269190   0.577350269190
         0,  438  -0.707106781187  -0.000000000000   0.707106781187
                   0.577350269190   0.577350269190   0.577350269190
0,  438 4949.002518687572 11118.133665078894 12854.611090360866    2    0
         0,  437   0.707106781187   0.000000000000  -0.707106781187
                   0.577350269190   0.577350269190   0.577350269190
         0,  439  -0.707106781187  -0.000000000000   0.707106781187
                   0.577350269190   0.577350269190   0.577350269190
0,  439 5448.812957932010 10959.833371387664 12513.100944807658    1    7
         0,  438   0.707106781187   0.000000000000  -0.707106781187
                   0.577350269190   0.577350269190   0.577350269190
0,  440 15210.849160648328 14317.463088628263 10695.316659006277    1    7
         0,  441   0.707106781187   0.000000000000  -0.707106781187
                   0.577350269190   0.577350269190   0.577350269190
0,  441 14751.778039918136 14200.103571802525 11271.747296562206    2    0
         0,  440  -0.707106781187  -0.000000000000   0.707106781187
                   0.577350269190   0.577350269190   0.577350269190
         0,  442   0.707106781187   0.000000000000  -0.707106781187
                   0.577350269190   0.577350269190   0.577350269190
0,  442 14292.706919187945 14082.744054976789 11848.177934118135    2    0
         0,  441  -0.707106781187  -0.000000000000   0.707106781187
                   0.577350269190   0.577350269190   0.577350269190
         0,  443   0.707106781187   0.000000000000  -0.707106781187
                   0.577350269190   0.577350269190   0.577350269190
0,  443 13833.635798457753 13965.384538151051 12424.608571674064    2    0
         0,  442  -0.707106781187  -0.000000000000   0.707106781187
                   0.577350269190   0.577350269190   0.577350269190
         0,  444   0.707106781187   0.000000000000  -0.707106781187
                   0.577350269190   0.577350269190   0.577350269190
0,  444 13374.564677727562 13848.025021325313 13001.039209229992    1    7
         0,  443  -0.707106781187  -0.000000000000   0.707106781187
                   0.577350269190   0.577350269190   0.577350269190
0,  445 9279.438473079652 7799.511158667772 7041.969749925494    1    7
         0,  446   0.707106781187  -0.707106781187   0.000000000000
                   0.577350269190   0.577350269190  -0.577350269190
0,  446 8870.368382354041 8181.594745346435 7014.983245878547    2    0
         0,  445  -0.707106781187   0.707106781187  -0.000000000000
                   0.577350269190   0.577350269190  -0.577350269190
         0,  447   0.707106781187  -0.707106781187   0.000000000000
                   0.577350269190   0.577350269190  -0.577350269190
0,  447 8461.298291628431 8563.678332025098 6987.996741831599    2    0
         0,  446  -0.707106781187   0.707106781187  -0.000000000000
                   0.577350269190   0.577350269190  -0.577350269190
         0,  448   0.707106781187  -0.707106781187   0.000000000000
                   0.577350269190   0.577350269190  -0.577350269190
0,  448 8052.228200902820 8945.761918703762 6961.010237784652    2    0
         0,  447  -0.707106781187   0.707106781187  -0.000000000000
                   0.577350269190   0.577350269190  -0.577350269190
         0,  449   0.707106781187  -0.707106781187   0.000000000000
                   0.577350269190   0.577350269190  -0.577350269190
0,  449 7643.158110177210 9327.845505382424 6934.023733737704    1    7
         0,  448  -0.707106781187   0.707106781187  -0.000000000000
                   0.577350269190   0.577350269190  -0.577350269190
0,  450 13997.729075160365 7997.098054545601 13545.026584448502    1    7
         0,  451  -0.000000000000  -0.707106781187   0.707106781187
                  -0.577350269190   0.577350269190   0.577350269190
0,  451 14338.883053341839 7874.681500962402 14008.597116213175    2    0
         0,  450   0.000000000000   0.707106781187  -0.707106781187
                  -0.577350269190   0.577350269190   0.577350269190
         0,  452  -0.000000000000  -0.707106781187   0.707106781187
                  -0.577350269190   0.577350269190   0.577350269190
0,  452 14680.037031523314 7752.264947379202 14472.167647977851    2    0
         0,  451   0.000000000000   0.707106781187  -0.707106781187
                  -0.577350269190   0.577350269190   0.577350269190
         0,  453  -0.000000000000  -0.707106781187   0.707106781187
                  -0.577350269190   0.577350269190   0.577350269190
0,  453 15021.191009704788 7629.848393796002 14935.738179742524    2    0
         0,  452   0.000000000000   0.707106781187  -0.707106781187
                  -0.577350269190   0.577350269190   0.577350269190
         0,  454  -0.000000000000  -0.707106781187   0.707106781187
                  -0.577350269190   0.577350269190   0.577350269190
0,  454 15362.344987886261 7507.431840212802 15399.308711507198    1    7
         0,  453   0.000000000000   0.707106781187  -0.707106781187
                  -0.577350269190   0.577350269190   0.577350269190
0,  455 2926.097194020142 3896.558887615537 443.635408453938    1    7
         0,  456  -0.707106781187  -0.000000000000  -0.707106781187
                  -0.577350269190   0.577350269190   0.577350269190
0,  456 3420.430411850422 4065.075946545915 769.451567353840    2    0
         0,  455   0.707106781187   0.000000000000   0.707106781187
                  -0.577350269190   0.577350269190   0.577350269190
         0,  457  -0.707106781187  -0.000000000000  -0.707106781187
                  -0.577350269190   0.577350269190   0.577350269190
0,  457 3914.763629680703 4233.593005476293 1095.267726253743    2    0
         0,  456   0.707106781187   0.000000000000   0.707106781187
                  -0.577350269190   0.577350269190   0.577350269190
         0,  458  -0.707106781187  -0.000000000000  -0.707106781187
                  -0.577350269190   0.577350269190   0.577350269190
0,  458 4409.096847510984 4402.110064406671 1421.083885153645    2    0
         0,  457   0.707106781187   0.000000000000   0.707106781187
                  -0.577350269190   0.577350269190   0.577350269190
         0,  459  -0.707106781187  -0.000000000000  -0.707106781187
                  -0.577350269190   0.577350269190   0.577350269190
0,  459 4903.430065341265 4570.627123337050 1746.900044053548    1    7
         0,  458   0.707106781187   0.000000000000   0.707106781187
                  -0.577350269190   0.577350269190   0.577350269190
0,  460 5920.142991448233 10203.471058023262 8658.351975159245    1    7
         0,  461  -0.707106781187  -0.000000000000  -0.707106781187
                   0.577350269190   0.577350269190  -0.577350269190
0,  461 5641.959099018590 9926.385405858538 8103.082430564877    2    0
         0,  460   0.707106781187   0.000000000000   0.707106781187
                   0.577350269190   0.577350269190  -0.577350269190
         0,  462  -0.707106781187  -0.000000000000  -0.707106781187
                   0.577350269190   0.577350269190  -0.577350269190
0,  462 5363.775206588945 9649.299753693813 7547.812885970508    2    0
         0,  461   0.707106781187   0.000000000000   0.707106781187
                   0.577350269190   0.577350269190  -0.577350269190
         0,  463  -0.707106781187  -0.000000000000  -0.707106781187
                   0.577350269190   0.577350269190  -0.577350269190
0,  463 5085.591314159302 9372.214101529089 6992.543341376139    2    0
         0,  462   0.707106781187   0.000000000000   0.707106781187
                   0.577350269190   0.577350269190  -0.577350269190
         0,  464  -0.707106781187  -0.000000000000  -0.707106781187
                   0.577350269190   0.577350269190  -0.577350269190
0,  464 4807.407421729658 9095.128449364363 6437.273796781771    1    7
         0,  463   0.707106781187   0.000000000000   0.707106781187
                   0.577350269190   0.577350269190  -0.577350269190
0,  465 4551.308238519752 14397.826543051438 12819.358891263097    1    7
         0,  466   0.707106781187  -0.707106781187   0.000000000000
                   0.577350269190   0.577350269190   0.577350269190
0,  466 4076.551944427905 14772.941537029903 12919.000191376477    2    0
         0,  465  -0.707106781187   0.707106781187  -0.000000000000
                   0.577350269190   0.577350269190   0.577350269190
         0,  467   0.707106781187  -0.707106781187   0.000000000000
                   0.577350269190   0.577350269190   0.577350269190
0,  467 3601.795650336059 15148.056531008369 13018.641491489860    2    0
         0,  466  -0.707106781187   0.707106781187  -0.000000000000
                   0.577350269190   0.577350269190   0.577350269190
         0,  468   0.707106781187  -0.707106781187   0.000000000000
                   0.577350269190   0.577350269190   0.577350269190
0,  468 3127.039356244212 15523.171524986834 13118.282791603240    2    0
         0,  467  -0.707106781187   0.707106781187  -0.000000000000
                   0.577350269190   0.577350269190   0.577350269190
         0,  469   0.707106781187  -0.707106781187   0.000000000000
                   0.577350269190   0.577350269190   0.577350269190
0,  469 2652.283062152365 15898.286518965300 13217.924091716623    1    7
         0,  468  -0.707106781187   0.707106781187  -0.000000000000
                   0.577350269190   0.577350269190   0.577350269190
0,  470 13853.770280614961 6224.448548672433 799.547496012012    1    7
         0,  471  -0.000000000000  -0.707106781187   0.707106781187
                   0.577350269190   0.577350269190   0.577350269190
0,  471 14107.945749186872 5943.434118377340 826.386457735194    2    0
         0,  470   0.000000000000   0.707106781187  -0.707106781187
                   0.577350269190   0.577350269190   0.577350269190
         0,  472  -0.000000000000  -0.707106781187   0.707106781187
                   0.577350269190   0.577350269190   0.577350269190
0,  472 14362.121217758784 5662.419688082247 853.225419458375    2    0
         0,  471   0.000000000000   0.707106781187  -0.707106781187
                   0.577350269190   0.577350269190   0.577350269190
         0,  473  -0.000000000000  -0.707106781187   0.707106781187
                   0.577350269190   0.577350269190   0.577350269190
0,  473 14616.296686330696 5381.405257787154 880.064381181557    2    0
         0,  472   0.000000000000   0.707106781187  -0.707106781187
                   0.577350269190   0.577350269190   0.577350269190
         0,  474  -0.000000000000  -0.707106781187   0.707106781187
                   0.577350269190   0.577350269190   0.577350269190
0,  474 14870.472154902607 5100.390827492061 906.903342904738    1    7
         0,  473   0.000000000000   0.707106781187  -0.707106781187
                   0.577350269190   0.577350269190   0.577350269190
0,  475 10878.154256206180 11623.653337154465 11371.988264350724    1    7
         0,  476  -0.000000000000  -0.707106781187   0.707106781187
                   0.577350269190   0.577350269190   0.577350269190
0,  476 10298.495364407234 11769.493829275681 11805.806664028456    2    0
         0,  475   0.000000000000   0.707106781187  -0.707106781187
                   0.577350269190   0.577350269190   0.577350269190
         0,  477  -0.000000000000  -0.707106781187   0.707106781187
                   0.577350269190   0.577350269190   0.577350269190
0,  477 9718.836472608287 11915.334321396896 12239.625063706186    2    0
         0,  476   0.000000000000   0.707106781187  -0.707106781187
                   0.577350269190   0.577350269190   0.577350269190
         0,  478  -0.000000000000  -0.707106781187   0.707106781187
                   0.577350269190   0.577350269190   0.577350269190
0,  478 9139.177580809341 12061.174813518113 12673.443463383917    2    0
         0,  477   0.000000000000   0.707106781187  -0.707106781187
                   0.577350269190   0.577350269190   0.577350269190
         0,  479  -0.000000000000  -0.707106781187   0.707106781187
                   0.577350269190   0.577350269190   0.577350269190
0,  479 8559.518689010394 12207.015305639328 13107.261863061649    1    7
         0,  478   0.000000000000   0.707106781187  -0.707106781187
                   0.577350269190   0.577350269190   0.577350269190
0,  480 6530.335940569634 8665.894216804943 1382.412076510447    1    7
         0,  481   0.000000000000   0.707106781187  -0.707106781187
                  -0.577350269190   0.577350269190   0.577350269190
0,  481 6818.951020135843 9291.618444796166 1045.302928085433    2    0
         0,  480  -0.000000000000  -0.707106781187   0.707106781187
                  -0.577350269190   0.577350269190   0.577350269190
         0,  482   0.000000000000   0.707106781187  -0.707106781187
                  -0.577350269190   0.577350269190   0.577350269190
0,  482 7107.566099702050 9917.342672787388 708.193779660418    2    0
         0,  481  -0.000000000000  -0.707106781187   0.707106781187
                  -0.577350269190   0.577350269190   0.577350269190
         0,  483   0.000000000000   0.707106781187  -0.707106781187
                  -0.577350269190   0.577350269190   0.577350269190
0,  483 7396.181179268259 10543.066900778613 371.084631235403    2    0
         0,  482  -0.000000000000  -0.707106781187   0.707106781187
                  -0.577350269190   0.577350269190   0.577350269190
         0,  484   0.000000000000   0.707106781187  -0.707106781187
                  -0.577350269190   0.577350269190   0.577350269190
0,  484 7684.796258834467 11168.791128769835  33.975482810389    1    7
         0,  483  -0.000000000000  -0.707106781187   0.707106781187
                  -0.577350269190   0.577350269190   0.577350269190
0,  485 940.814856541380 7157.557079833354 1898.504935589058    1    7
         0,  486  -0.707106781187   0.707106781187  -0.000000000000
                   0.577350269190   0.577350269190  -0.577350269190
0,  486 1167.128209251374 7268.891929296599 2236.153137762298    2    0
         0,  485   0.707106781187  -0.707106781187   0.000000000000
                   0.577350269190   0.577350269190  -0.577350269190
         0,  487  -0.707106781187   0.707106781187  -0.000000000000
                   0.577350269190   0.577350269190  -0.577350269190
0,  487 1393.441561961369 7380.226778759844 2573.801339935538    2    0
         0,  486   0.707106781187  -0.707106781187   0.000000000000
                   0.577350269190   0.577350269190  -0.577350269190
         0,  488  -0.707106781187   0.707106781187  -0.000000000000
                   0.577350269190   0.577350269190  -0.577350269190
0,  488 1619.754914671363 7491.561628223089 2911.449542108777    2    0
         0,  487   0.707106781187  -0.707106781187   0.000000000000
                   0.577350269190   0.577350269190  -0.577350269190
         0,  489  -0.707106781187   0.707106781187  -0.000000000000
                   0.577350269190   0.577350269190  -0.577350269190
0,  489 1846.068267381358 7602.896477686334 3249.097744282017    1    7
         0,  488   0.707106781187  -0.707106781187   0.000000000000
                   0.577350269190   0.577350269190  -0.577350269190
0,  490 5643.205892797994 14911.984417324347 5004.814108157708    1    7
         0,  491  -0.707106781187  -0.000000000000  -0.707106781187
                   0.577350269190   0.577350269190  -0.577350269190
0,  491 6068.781160087841 14582.128534946107 5100.533493069313    2    0
         0,  490   0.707106781187   0.000000000000   0.707106781187
                   0.577350269190   0.577350269190  -0.577350269190
         0,  492  -0.707106781187  -0.000000000000  -0.707106781187
                   0.577350269190   0.577350269190  -0.577350269190
0,  492 6494.356427377688 14252.272652567864 5196.252877980919    2    0
         0,  491   0.707106781187   0.000000000000   0.707106781187
                   0.577350269190   0.577350269190  -0.577350269190
         0,  493  -0.707106781187  -0.000000000000  -0.707106781187
                   0.577350269190   0.577350269190  -0.577350269190
0,  493 6919.931694667535 13922.416770189624 5291.972262892525    2    0
         0,  492   0.707106781187   0.000000000000   0.707106781187
                   0.577350269190   0.577350269190  -0.577350269190
         0,  494  -0.707106781187  -0.000000000000  -0.707106781187
                   0.577350269190   0.577350269190  -0.577350269190
0,  494 7345.506961957381 13592.560887811382 5387.691647804130    1    7
         0,  493   0.707106781187   0.000000000000   0.707106781187
                   0.577350269190   0.577350269190  -0.577350269190
0,  495 10362.262511429095 8769.634195640867 8163.301359554132    1    7
         0,  496  -0.000000000000  -0.707106781187   0.707106781187
                  -0.577350269190   0.577350269190   0.577350269190
0,  496 10452.937692892972 9129.827977172668 7893.782759486208    2    0
         0,  495   0.000000000000   0.707106781187  -0.707106781187
                  -0.577350269190   0.577350269190   0.577350269190
         0,  497  -0.000000000000  -0.707106781187   0.707106781187
                  -0.577350269190   0.577350269190   0.577350269190
0,  497 10543.612874356850 9490.021758704472 7624.264159418283    2    0
         0,  496   0.000000000000   0.707106781187  -0.707106781187
                  -0.577350269190   0.577350269190   0.577350269190
         0,  498  -0.000000000000  -0.707106781187   0.707106781187
                  -0.577350269190   0.577350269190   0.577350269190
0,  498 10634.288055820727 9850.215540236273 7354.745559350359    2    0
         0,  497   0.000000000000   0.707106781187  -0.707106781187
                  -0.577350269190   0.577350269190   0.577350269190
         0,  499  -0.000000000000  -0.707106781187   0.707106781187
                  -0.577350269190   0.577350269190   0.577350269190
0,  499 10724.963237284604 10210.409321768075 7085.226959282434    1    7
         0,  498   0.000000000000   0.707106781187  -0.707106781187
                  -0.577350269190   0.577350269190   0.577350269190
0,  500 2519.393240182485 11449.156502225036 13609.247108303154    1    7
         0,  501  -0.707106781187  -0.000000000000   0.707106781187
                   0.577350269190   0.577350269190   0.577350269190
0,  501 2981.720770617812 11017.291824196098 13578.784255896766    2    0
         0,  500   0.707106781187   0.000000000000  -0.707106781187
                   0.577350269190   0.577350269190   0.577350269190
         0,  502  -0.707106781187  -0.000000000000   0.707106781187
                   0.577350269190   0.577350269190   0.577350269190
0,  502 3444.048301053140 10585.427146167158 13548.321403490378    2    0
         0,  501   0.707106781187   0.000000000000  -0.707106781187
                   0.577350269190   0.577350269190   0.577350269190
         0,  503  -0.707106781187  -0.000000000000   0.707106781187
                   0.577350269190   0.577350269190   0.577350269190
0,  503 3906.375831488467 10153.562468138220 13517.858551083989    2    0
         0,  502   0.707106781187   0.000000000000  -0.707106781187
                   0.577350269190   0.577350269190   0.577350269190
         0,  504  -0.707106781187  -0.000000000000   0.707106781187
                   0.577350269190   0.577350269190   0.577350269190
0,  504 4368.703361923795 9721.697790109280 13487.395698677601    1    7
         0,  503   0.707106781187   0.000000000000  -0.707106781187
                   0.577350269190   0.577350269190   0.577350269190
0,  505 13744.850017696659 10975.172560320594 15949.750564693302    1    7
         0,  506  -0.000000000000  -0.707106781187   0.707106781187
                   0.577350269190   0.577350269190   0.577350269190
0,  506 13910.763125157649 11330.984696046376 15428.025321506531    2    0
         0,  505   0.000000000000   0.707106781187  -0.707106781187
                   0.577350269190   0.577350269190   0.577350269190
         0,  507  -0.000000000000  -0.707106781187   0.707106781187
                   0.577350269190   0.577350269190   0.577350269190
0,  507 14076.676232618638 11686.796831772159 14906.300078319759    2    0
         0,  506   0.000000000000   0.707106781187  -0.707106781187
                   0.577350269190   0.577350269190   0.577350269190
         0,  508  -0.000000000000  -0.707106781187   0.707106781187
                   0.577350269190   0.577350269190   0.577350269190
0,  508 14242.589340079629 12042.608967497939 14384.574835132988    2    0
         0,  507   0.000000000000   0.707106781187  -0.707106781187
                   0.577350269190   0.577350269190   0.577350269190
         0,  509  -0.000000000000  -0.707106781187   0.707106781187
                   0.577350269190   0.577350269190   0.577350269190
0,  509 14408.502447540617 12398.421103223722 13862.849591946217    1    7
         0,  508   0.000000000000   0.707106781187  -0.707106781187
                   0.577350269190   0.577350269190   0.577350269190
0,  510 5958.572807903152 15300.241327290925 5932.133291509717    1    7
         0,  511   0.707106781187   0.000000000000   0.707106781187
                  -0.577350269190   0.577350269190   0.577350269190
0,  511 5564.515193459865 14924.815750765776 5913.501253591579    2    0
         0,  510  -0.707106781187  -0.000000000000  -0.707106781187
                  -0.577350269190   0.577350269190   0.577350269190
         0,  512   0.707106781187   0.000000000000   0.707106781187
                  -0.577350269190   0.577350269190   0.577350269190
0,  512 5170.457579016578 14549.390174240627 5894.869215673441    2    0
         0,  511  -0.707106781187  -0.000000000000  -0.707106781187
                  -0.577350269190   0.577350269190   0.577350269190
         0,  513   0.707106781187   0.000000000000   0.707106781187
                  -0.577350269190   0.577350269190   0.577350269190
0,  513 4776.399964573291 14173.964597715478 5876.237177755303    2    0
         0,  512  -0.707106781187  -0.000000000000  -0.707106781187
                  -0.577350269190   0.577350269190   0.577350269190
         0,  514   0.707106781187   0.000000000000   0.707106781187
                  -0.577350269190   0.577350269190   0.577350269190
0,  514 4382.342350130003 13798.539021190329 5857.605139837165    1    7
         0,  513  -0.707106781187  -0.000000000000  -0.707106781187
                  -0.577350269190   0.577350269190   0.577350269190
0,  515 8257.212264207174 12230.360918113547 8674.289005016266    1    7
         0,  516   0.000000000000   0.707106781187   0.707106781187
                   0.577350269190   0.577350269190  -0.577350269190
0,  516 8598.955569073147 11634.761647353951 8420.433039122643    2    0
         0,  515  -0.000000000000  -0.707106781187  -0.707106781187
                   0.577350269190   0.577350269190  -0.577350269190
         0,  517   0.000000000000   0.707106781187   0.707106781187
                   0.577350269190   0.577350269190  -0.577350269190
0,  517 8940.698873939120 11039.162376594355 8166.577073229018    2    0
         0,  516  -0.000000000000  -0.707106781187  -0.707106781187
                   0.577350269190   0.577350269190  -0.577350269190
         0,  518   0.000000000000   0.707106781187   0.707106781187
                   0.577350269190   0.577350269190  -0.577350269190
0,  518 9282.442178805091 10443.563105834757 7912.721107335395    2    0
         0,  517  -0.000000000000  -0.707106781187  -0.707106781187
                   0.577350269190   0.577350269190  -0.577350269190
         0,  519   0.000000000000   0.707106781187   0.707106781187
                   0.577350269190   0.577350269190  -0.577350269190
0,  519 9624.185483671065 9847.963835075161 7658.865141441771    1    7
         0,  518  -0.000000000000  -0.707106781187  -0.707106781187
                   0.577350269190   0.577350269190  -0.577350269190
0,  520 9784.298051571957 5157.755897286720 7706.352040268719    1    7
         0,  521  -0.000000000000  -0.707106781187   0.707106781187
                   0.577350269190   0.577350269190   0.577350269190
0,  521 10020.141133899471 5407.522076886498 7220.742778341428    2    0
         0,  520   0.000000000000   0.707106781187  -0.707106781187
                   0.577350269190   0.577350269190   0.577350269190
         0,  522  -0.000000000000  -0.707106781187   0.707106781187
                   0.577350269190   0.577350269190   0.577350269190
0,  522 10255.984216226983 5657.288256486276 6735.133516414136    2    0
         0,  521   0.000000000000   0.707106781187  -0.707106781187
                   0.577350269190   0.577350269190   0.577350269190
         0,  523  -0.000000000000  -0.707106781187   0.707106781187
                   0.577350269190   0.577350269190   0.577350269190
0,  523 10491.827298554497 5907.054436086054 6249.524254486845    2    0
         0,  522   0.000000000000   0.707106781187  -0.707106781187
                   0.577350269190   0.577350269190   0.577350269190
         0,  524  -0.000000000000  -0.707106781187   0.707106781187
                   0.577350269190   0.577350269190   0.577350269190
0,  524 10727.670380882011 6156.820615685832 5763.914992559554    1    7
         0,  523   0.000000000000   0.707106781187  -0.707106781187
                   0.577350269190   0.577350269190   0.577350269190
0,  525 1284.732945216785 11226.827909056898 10175.337019434288    1    7
         0,  526   0.707106781187   0.000000000000   0.707106781187
                   0.577350269190   0.577350269190  -0.577350269190
0,  526 1799.157935272450 10847.818177439918 10310.752277872973    2    0
         0,  525  -0.707106781187  -0.000000000000  -0.707106781187
                   0.577350269190   0.577350269190  -0.577350269190
         0,  527   0.707106781187   0.000000000000   0.707106781187
                   0.577350269190   0.577350269190  -0.577350269190
0,  527 2313.582925328114 10468.808445822939 10446.167536311657    2    0
         0,  526  -0.707106781187  -0.000000000000  -0.707106781187
                   0.577350269190   0.577350269190  -0.577350269190
         0,  528   0.707106781187   0.000000000000   0.707106781187
                   0.577350269190   0.577350269190  -0.577350269190
0,  528 2828.007915383780 10089.798714205959 10581.582794750344    2    0
         0,  527  -0.707106781187  -0.000000000000  -0.707106781187
                   0.577350269190   0.577350269190  -0.577350269190
         0,  529   0.707106781187   0.000000000000   0.707106781187
                   0.577350269190   0.577350269190  -0.577350269190
0,  529 3342.432905439444 9710.788982588980 10716.998053189029    1    7
         0,  528  -0.707106781187  -0.000000000000  -0.707106781187
                   0.577350269190   0.577350269190  -0.577350269190
0,  530 4678.195003934822 2780.467705783206 12290.327672603049    1    7
         0,  531   0.707106781187   0.707106781187   0.000000000000
                   0.577350269190  -0.577350269190   0.577350269190
0,  531 5112.694235208736 3282.465620426622 12357.826355972551    2    0
         0,  530  -0.707106781187  -0.707106781187  -0.000000000000
                   0.577350269190  -0.577350269190   0.577350269190
         0,  532   0.707106781187   0.707106781187   0.000000000000
                   0.577350269190  -0.577350269190   0.577350269190
0,  532 5547.193466482650 3784.463535070037 12425.325039342051    2    0
         0,  531  -0.707106781187  -0.707106781187  -0.000000000000
                   0.577350269190  -0.577350269190   0.577350269190
         0,  533   0.707106781187   0.707106781187   0.000000000000
                   0.577350269190  -0.577350269190   0.577350269190
0,  533 5981.692697756564 4286.461449713453 12492.823722711553    2    0
         0,  532  -0.707106781187  -0.707106781187  -0.000000000000
                   0.577350269190  -0.577350269190   0.577350269190
         0,  534   0.707106781187   0.707106781187   0.000000000000
                   0.577350269190  -0.577350269190   0.577350269190
0,  534 6416.191929030478 4788.459364356868 12560.322406081055    1    7
         0,  533  -0.707106781187  -0.707106781187  -0.000000000000
                   0.577350269190  -0.577350269190   0.577350269190
0,  535 10320.951761133027 1993.256318652355 4071.713660560627    1    7
         0,  536  -0.707106781187   0.707106781187  -0.000000000000
                   0.577350269190   0.577350269190  -0.577350269190
0,  536 10473.511952761002 2157.254399456803 4388.271932993051    2    0
         0,  535   0.707106781187  -0.707106781187   0.000000000000
                   0.577350269190   0.577350269190  -0.577350269190
         0,  537  -0.707106781187   0.707106781187  -0.000000000000
                   0.577350269190   0.577350269190  -0.577350269190
0,  537 10626.072144388978 2321.252480261251 4704.830205425475    2    0
         0,  536   0.707106781187  -0.707106781187   0.000000000000
                   0.577350269190   0.577350269190  -0.577350269190
         0,  538  -0.707106781187   0.707106781187  -0.000000000000
                   0.577350269190   0.577350269190  -0.577350269190
0,  538 10778.632336016954 2485.250561065699 5021.388477857898    2    0
         0,  537   0.707106781187  -0.707106781187   0.000000000000
                   0.577350269190   0.577350269190  -0.577350269190
         0,  539  -0.707106781187   0.707106781187  -0.000000000000
                   0.577350269190   0.577350269190  -0.577350269190
0,  539 10931.192527644929 2649.248641870146 5337.946750290321    1    7
         0,  538   0.707106781187  -0.707106781187   0.000000000000
                   0.577350269190   0.577350269190  -0.577350269190
0,  540 11223.927073056255 14128.836315953366 4630.325630717278    1    7
         0,  541   0.707106781187   0.707106781187   0.000000000000
                  -0.577350269190   0.577350269190   0.577350269190
0,  541 10928.177775801605 14264.746048856146 4198.666600559846    2    0
         0,  540  -0.707106781187  -0.707106781187  -0.000000000000
                  -0.577350269190   0.577350269190   0.577350269190
         0,  542   0.707106781187   0.707106781187   0.000000000000
                  -0.577350269190   0.577350269190   0.577350269190
0,  542 10632.428478546954 14400.655781758927 3767.007570402416    2    0
         0,  541  -0.707106781187  -0.707106781187  -0.000000000000
                  -0.577350269190   0.577350269190   0.577350269190
         0,  543   0.707106781187   0.707106781187   0.000000000000
                  -0.577350269190   0.577350269190   0.577350269190
0,  543 10336.679181292304 14536.565514661708 3335.348540244984    2    0
         0,  542  -0.707106781187  -0.707106781187  -0.000000000000
                  -0.577350269190   0.577350269190   0.577350269190
         0,  544   0.707106781187   0.707106781187   0.000000000000
                  -0.577350269190   0.577350269190   0.577350269190
0,  544 10040.929884037654 14672.475247564489 2903.689510087554    1    7
         0,  543  -0.707106781187  -0.707106781187  -0.000000000000
                  -0.577350269190   0.577350269190   0.577350269190
0,  545 13375.396349334203 9519.367316017531 5265.937512492839    1    7
         0,  546   0.000000000000   0.707106781187   0.707106781187
                   0.577350269190  -0.577350269190   0.577350269190
0,  546 13882.414280014516 9634.438317849803 4873.990583644798    2    0
         0,  545  -0.000000000000  -0.707106781187  -0.707106781187
                   0.577350269190  -0.577350269190   0.577350269190
         0,  547   0.000000000000   0.707106781187   0.707106781187
                   0.577350269190  -0.577350269190   0.577350269190
0,  547 14389.432210694829 9749.509319682074 4482.043654796757    2    0
         0,  546  -0.000000000000  -0.707106781187  -0.707106781187
                   0.577350269190  -0.577350269190   0.577350269190
         0,  548   0.000000000000   0.707106781187   0.707106781187
                   0.577350269190  -0.577350269190   0.577350269190
0,  548 14896.450141375142 9864.580321514346 4090.096725948715    2    0
         0,  547  -0.000000000000  -0.707106781187  -0.707106781187
                   0.577350269190  -0.577350269190   0.577350269190
         0,  549   0.000000000000   0.707106781187   0.707106781187
                   0.577350269190  -0.577350269190   0.577350269190
0,  549 15403.468072055453 9979.651323346616 3698.149797100674    1    7
         0,  548  -0.000000000000  -0.707106781187  -0.707106781187
                   0.577350269190  -0.577350269190   0.577350269190
0,  550 15531.962704175960 7446.411368290368 11500.511155441962    1    7
         0,  551   0.707106781187   0.000000000000   0.707106781187
                   0.577350269190   0.577350269190  -0.577350269190
0,  551 15570.076198710205 7019.178975447408 11111.392257133246    2    0
         0,  550  -0.707106781187  -0.000000000000  -0.707106781187
                   0.577350269190   0.577350269190  -0.577350269190
         0,  552   0.707106781187   0.000000000000   0.707106781187
                   0.577350269190   0.577350269190  -0.577350269190
0,  552 15608.189693244451 6591.946582604447 10722.273358824532    2    0
         0,  551  -0.707106781187  -0.000000000000  -0.707106781187
                   0.577350269190   0.577350269190  -0.577350269190
         0,  553   0.707106781187   0.000000000000   0.707106781187
                   0.577350269190   0.577350269190  -0.577350269190
0,  553 15646.303187778696 6164.714189761486 10333.154460515816    2    0
         0,  552  -0.707106781187  -0.000000000000  -0.707106781187
                   0.577350269190   0.577350269190  -0.577350269190
         0,  554   0.707106781187   0.000000000000   0.707106781187
                   0.577350269190   0.577350269190  -0.577350269190
0,  554 15684.416682312942 5737.481796918525 9944.035562207100    1    7
         0,  553  -0.707106781187  -0.000000000000  -0.707106781187
                   0.577350269190   0.577350269190  -0.577350269190
0,  555 13318.067401420998 9058.301439310579 6214.605274368394    1    7
         0,  556  -0.707106781187  -0.000000000000  -0.707106781187
                   0.577350269190   0.577350269190  -0.577350269190
0,  556 13529.437470366220 9363.330769138900 6731.004673141937    2    0
         0,  555   0.707106781187   0.000000000000   0.707106781187
                   0.577350269190   0.577350269190  -0.577350269190
         0,  557  -0.707106781187  -0.000000000000  -0.707106781187
                   0.577350269190   0.577350269190  -0.577350269190
0,  557 13740.807539311441 9668.360098967221 7247.404071915480    2    0
         0,  556   0.707106781187   0.000000000000   0.707106781187
                   0.577350269190   0.577350269190  -0.577350269190
         0,  558  -0.707106781187  -0.000000000000  -0.707106781187
                   0.577350269190   0.577350269190  -0.577350269190
0,  558 13952.177608256663 9973.389428795543 7763.803470689023    2    0
         0,  557   0.707106781187   0.000000000000   0.707106781187
                   0.577350269190   0.577350269190  -0.577350269190
         0,  559  -0.707106781187  -0.000000000000  -0.707106781187
                   0.577350269190   0.577350269190  -0.577350269190
0,  559 14163.547677201885 10278.418758623866 8280.202869462566    1    7
         0,  558   0.707106781187   0.000000000000   0.707106781187
                   0.577350269190   0.577350269190  -0.577350269190
0,  560 4522.072166848446 9542.766183620897 8013.773542278078    1    7
         0,  561   0.707106781187   0.000000000000  -0.707106781187
                   0.577350269190   0.577350269190   0.577350269190
0,  561 5029.560853051453 9106.385735871834 7942.665303824133    2    0
         0,  560  -0.707106781187  -0.000000000000   0.707106781187
                   0.577350269190   0.577350269190   0.577350269190
         0,  562   0.707106781187   0.000000000000  -0.707106781187
                   0.577350269190   0.577350269190   0.577350269190
0,  562 5537.049539254461 8670.005288122771 7871.557065370189    2    0
         0,  561  -0.707106781187  -0.000000000000   0.707106781187
                   0.577350269190   0.577350269190   0.577350269190
         0,  563   0.707106781187   0.000000000000  -0.707106781187
                   0.577350269190   0.577350269190   0.577350269190
0,  563 6044.538225457468 8233.624840373708 7800.448826916244    2    0
         0,  562  -0.707106781187  -0.000000000000   0.707106781187
                   0.577350269190   0.577350269190   0.577350269190
         0,  564   0.707106781187   0.000000000000  -0.707106781187
                   0.577350269190   0.577350269190   0.577350269190
0,  564 6552.026911660476 7797.244392624646 7729.340588462299    1    7
         0,  563  -0.707106781187  -0.000000000000   0.707106781187
                   0.577350269190   0.577350269190   0.577350269190
0,  565 3920.666035406517 13138.845886900512 13291.396184362835    1    7
         0,  566  -0.707106781187  -0.000000000000  -0.707106781187
                   0.577350269190   0.577350269190  -0.577350269190
0,  566 3923.026618154493 13555.904077519823 13710.814957730121    2    0
         0,  565   0.707106781187   0.000000000000   0.707106781187
                   0.577350269190   0.577350269190  -0.577350269190
         0,  567  -0.707106781187  -0.000000000000  -0.707106781187
                   0.577350269190   0.577350269190  -0.577350269190
0,  567 3925.387200902469 13972.962268139134 14130.233731097407    2    0
         0,  566   0.707106781187   0.000000000000   0.707106781187
                   0.577350269190   0.577350269190  -0.577350269190
         0,  568  -0.707106781187  -0.000000000000  -0.707106781187
                   0.577350269190   0.577350269190  -0.577350269190
0,  568 3927.747783650444 14390.020458758445 14549.652504464693    2    0
         0,  567   0.707106781187   0.000000000000   0.707106781187
                   0.577350269190   0.577350269190  -0.577350269190
         0,  569  -0.707106781187  -0.000000000000  -0.707106781187
                   0.577350269190   0.577350269190  -0.577350269190
0,  569 3930.108366398420 14807.078649377754 14969.071277831979    1    7
         0,  568   0.707106781187   0.000000000000   0.707106781187
                   0.577350269190   0.577350269190  -0.577350269190
0,  570 12329.414999028375 11359.139341233087 12300.075544075253    1    7
         0,  571  -0.707106781187   0.707106781187  -0.000000000000
                   0.577350269190   0.577350269190  -0.577350269190
0,  571 11974.838894995330 11661.451093595020 12247.811192404140    2    0
         0,  570   0.707106781187  -0.707106781187   0.000000000000
                   0.577350269190   0.577350269190  -0.577350269190
         0,  572  -0.707106781187   0.707106781187  -0.000000000000
                   0.577350269190   0.577350269190  -0.577350269190
0,  572 11620.262790962284 11963.762845956953 12195.546840733028    2    0
         0,  571   0.707106781187  -0.707106781187   0.000000000000
                   0.577350269190   0.577350269190  -0.577350269190
         0,  573  -0.707106781187   0.707106781187  -0.000000000000
                   0.577350269190   0.577350269190  -0.577350269190
0,  573 11265.686686929237 12266.074598318886 12143.282489061914    2    0
         0,  572   0.707106781187  -0.707106781187   0.000000000000
                   0.577350269190   0.577350269190  -0.577350269190
         0,  574  -0.707106781187   0.707106781187  -0.000000000000
                   0.577350269190   0.577350269190  -0.577350269190
0,  574 10911.110582896192 12568.386350680819 12091.018137390802    1    7
         0,  573   0.707106781187  -0.707106781187   0.000000000000
                   0.577350269190   0.577350269190  -0.577350269190
0,  575 10844.819645081068 5082.397725143165 3946.222379650616    1    7
         0,  576   0.000000000000   0.707106781187   0.707106781187
                   0.577350269190  -0.577350269190   0.577350269190
0,  576 10502.544413346746 4929.486155015516 4135.586041257289    2    0
         0,  575  -0.000000000000  -0.707106781187  -0.707106781187
                   0.577350269190  -0.577350269190   0.577350269190
         0,  577   0.000000000000   0.707106781187   0.707106781187
                   0.577350269190  -0.577350269190   0.577350269190
0,  577 10160.269181612422 4776.574584887865 4324.949702863962    2    0
         0,  576  -0.000000000000  -0.707106781187  -0.707106781187
                   0.577350269190  -0.577350269190   0.577350269190
         0,  578   0.000000000000   0.707106781187   0.707106781187
                   0.577350269190  -0.577350269190   0.577350269190
0,  578 9817.993949878100 4623.663014760215 4514.313364470634    2    0
         0,  577  -0.000000000000  -0.707106781187  -0.707106781187
                   0.577350269190  -0.577350269190   0.577350269190
         0,  579   0.000000000000   0.707106781187   0.707106781187
                   0.577350269190  -0.577350269190   0.577350269190
0,  579 9475.718718143778 4470.751444632566 4703.677026077307    1    7
         0,  578  -0.000000000000  -0.707106781187  -0.707106781187
                   0.577350269190  -0.577350269190   0.577350269190
0,  580 5124.739439544815 13284.985448020927 12873.621583771468    1    7
         0,  581   0.707106781187   0.707106781187   0.000000000000
                   0.577350269190  -0.577350269190   0.577350269190
0,  581 4609.798571555132 13046.255370438308 13149.832374178533    2    0
         0,  580  -0.707106781187  -0.707106781187  -0.000000000000
                   0.577350269190  -0.577350269190   0.577350269190
         0,  582   0.707106781187   0.707106781187   0.000000000000
                   0.577350269190  -0.577350269190   0.577350269190
0,  582 4094.857703565448 12807.525292855689 13426.043164585597    2    0
         0,  581  -0.707106781187  -0.707106781187  -0.000000000000
                   0.577350269190  -0.577350269190   0.577350269190
         0,  583   0.707106781187   0.707106781187   0.000000000000
                   0.577350269190  -0.577350269190   0.577350269190
0,  583 3579.916835575765 12568.795215273070 13702.253954992662    2    0
         0,  582  -0.707106781187  -0.707106781187  -0.000000000000
                   0.577350269190  -0.577350269190   0.577350269190
         0,  584   0.707106781187   0.707106781187   0.000000000000
                   0.577350269190  -0.577350269190   0.577350269190
0,  584 3064.975967586081 12330.065137690452 13978.464745399728    1    7
         0,  583  -0.707106781187  -0.707106781187  -0.000000000000
                   0.577350269190  -0.577350269190   0.577350269190
0,  585 5373.540349425686 13092.431011689698 13716.403231619995    1    7
         0,  586  -0.000000000000  -0.707106781187  -0.707106781187
                   0.577350269190  -0.577350269190   0.577350269190
0,  586 5392.980642116546 12745.484095352129 13350.016022591566    2    0
         0,  585   0.000000000000   0.707106781187   0.707106781187
                   0.577350269190  -0.577350269190   0.577350269190
         0,  587  -0.000000000000  -0.707106781187  -0.707106781187
                   0.577350269190  -0.577350269190   0.577350269190
0,  587 5412.420934807406 12398.537179014560 12983.628813563138    2    0
         0,  586   0.000000000000   0.707106781187   0.707106781187
                   0.577350269190  -0.577350269190   0.577350269190
         0,  588  -0.000000000000  -0.707106781187  -0.707106781187
                   0.577350269190  -0.577350269190   0.577350269190
0,  588 5431.861227498265 12051.590262676991 12617.241604534709    2    0
         0,  587   0.000000000000   0.707106781187   0.707106781187
                   0.577350269190  -0.577350269190   0.577350269190
         0,  589  -0.000000000000  -0.707106781187  -0.707106781187
                   0.577350269190  -0.577350269190   0.577350269190
0,  589 5451.301520189125 11704.643346339421 12250.854395506280    1    7
         0,  588   0.000000000000   0.707106781187   0.707106781187
                   0.577350269190  -0.577350269190   0.577350269190
0,  590 2455.793355618869 6977.823886501905 14202.327649061008    1    7
         0,  591   0.707106781187  -0.707106781187   0.000000000000
                   0.577350269190   0.577350269190   0.577350269190
0,  591 2286.989022650413 6686.089779981535 14662.866088549834    2    0
         0,  590  -0.707106781187   0.707106781187  -0.000000000000
                   0.577350269190   0.577350269190   0.577350269190
         0,  592   0.707106781187  -0.707106781187   0.000000000000
                   0.577350269190   0.577350269190   0.577350269190
0,  592 2118.184689681957 6394.355673461165 15123.404528038660    2    0
         0,  591  -0.707106781187   0.707106781187  -0.000000000000
                   0.577350269190   0.577350269190   0.577350269190
         0,  593   0.707106781187  -0.707106781187   0.000000000000
                   0.577350269190   0.577350269190   0.577350269190
0,  593 1949.380356713501 6102.621566940795 15583.942967527486    2    0
         0,  592  -0.707106781187   0.707106781187  -0.000000000000
                   0.577350269190   0.577350269190   0.577350269190
         0,  594   0.707106781187  -0.707106781187   0.000000000000
                   0.577350269190   0.577350269190   0.577350269190
0,  594 1780.576023745045 5810.887460420425 16044.481407016312    1    7
         0,  593  -0.707106781187   0.707106781187  -0.000000000000
                   0.577350269190   0.577350269190   0.577350269190
0,  595 6253.220288436080 9878.055359772541 13682.502068805579    1    7
         0,  596   0.000000000000   0.707106781187   0.707106781187
                   0.577350269190   0.577350269190  -0.577350269190
0,  596 6571.782552757029 9908.902139314563 14031.911112668549    2    0
         0,  595  -0.000000000000  -0.707106781187  -0.707106781187
                   0.577350269190   0.577350269190  -0.577350269190
         0,  597   0.000000000000   0.707106781187   0.707106781187
                   0.577350269190   0.577350269190  -0.577350269190
0,  597 6890.344817077978 9939.748918856583 14381.320156531519    2    0
         0,  596  -0.000000000000  -0.707106781187  -0.707106781187
                   0.577350269190   0.577350269190  -0.577350269190
         0,  598   0.000000000000   0.707106781187   0.707106781187
                   0.577350269190   0.577350269190  -0.577350269190
0,  598 7208.907081398926 9970.595698398605 14730.729200394489    2    0
         0,  597  -0.000000000000  -0.707106781187  -0.707106781187
                   0.577350269190   0.577350269190  -0.577350269190
         0,  599   0.000000000000   0.707106781187   0.707106781187
                   0.577350269190   0.577350269190  -0.577350269190
0,  599 7527.469345719875 10001.442477940627 15080.138244257461    1    7
         0,  598  -0.000000000000  -0.707106781187  -0.707106781187
                   0.577350269190   0.577350269190  -0.577350269190
0,  600 2074.345926306677 11599.424998595639 3690.507550626960    1    7
         0,  601   0.000000000000   0.707106781187   0.707106781187
                   0.577350269190   0.577350269190  -0.577350269190
0,  601 2332.469522204910 11948.210908839397 4297.417056768951    2    0
         0,  600  -0.000000000000  -0.707106781187  -0.707106781187
                   0.577350269190   0.577350269190  -0.577350269190
         0,  602   0.000000000000   0.707106781187   0.707106781187
                   0.577350269190   0.577350269190  -0.577350269190
0,  602 2590.593118103144 12296.996819083157 4904.326562910943    2    0
         0,  601  -0.000000000000  -0.707106781187  -0.707106781187
                   0.577350269190   0.577350269190  -0.577350269190
         0,  603   0.000000000000   0.707106781187   0.707106781187
                   0.577350269190   0.577350269190  -0.577350269190
0,  603 2848.716714001377 12645.782729326915 5511.236069052934    2    0
         0,  602  -0.000000000000  -0.707106781187  -0.707106781187
                   0.577350269190   0.577350269190  -0.577350269190
         0,  604   0.000000000000   0.707106781187   0.707106781187
                   0.577350269190   0.577350269190  -0.577350269190
0,  604 3106.840309899610 12994.568639570673 6118.145575194926    1    7
         0,  603  -0.000000000000  -0.707106781187  -0.707106781187
                   0.577350269190   0.577350269190  -0.577350269190
0,  605 1792.334359840494 11962.875110436851 4196.886636305837    1    7
         0,  606  -0.707106781187  -0.707106781187  -0.000000000000
                  -0.577350269190   0.577350269190   0.577350269190
0,  606 1802.100778950154 12386.610746998233 3782.917418854117    2    0
         0,  605   0.707106781187   0.707106781187   0.000000000000
                  -0.577350269190   0.577350269190   0.577350269190
         0,  607  -0.707106781187  -0.707106781187  -0.000000000000
                  -0.577350269190   0.577350269190   0.577350269190
0,  607 1811.867198059815 12810.346383559612 3368.948201402397    2    0
         0,  606   0.707106781187   0.707106781187   0.000000000000
                  -0.577350269190   0.577350269190   0.577350269190
         0,  608  -0.707106781187  -0.707106781187  -0.000000000000
                  -0.577350269190   0.577350269190   0.577350269190
0,  608 1821.633617169475 13234.082020120994 2954.978983950677    2    0
         0,  607   0.707106781187   0.707106781187   0.000000000000
                  -0.577350269190   0.577350269190   0.577350269190
         0,  609  -0.707106781187  -0.707106781187  -0.000000000000
                  -0.577350269190   0.577350269190   0.577350269190
0,  609 1831.400036279136 13657.817656682373 2541.009766498956    1    7
         0,  608   0.707106781187   0.707106781187   0.000000000000
                  -0.577350269190   0.577350269190   0.577350269190
0,  610 8920.232076433280 11203.451975434924 10894.177023946788    1    7
         0,  611   0.707106781187   0.000000000000   0.707106781187
                  -0.577350269190   0.577350269190   0.577350269190
0,  611 8481.662083124451 11059.464421997436 10599.594584075447    2    0
         0,  610  -0.707106781187  -0.000000000000  -0.707106781187
                  -0.577350269190   0.577350269190   0.577350269190
         0,  612   0.707106781187   0.000000000000   0.707106781187
                  -0.577350269190   0.577350269190   0.577350269190
0,  612 8043.092089815620 10915.476868559948 10305.012144204104    2    0
         0,  611  -0.707106781187  -0.000000000000  -0.707106781187
                  -0.577350269190   0.577350269190   0.577350269190
         0,  613   0.707106781187   0.000000000000   0.707106781187
                  -0.577350269190   0.577350269190   0.577350269190
0,  613 7604.522096506791 10771.489315122461 10010.429704332762    2    0
         0,  612  -0.707106781187  -0.000000000000  -0.707106781187
                  -0.577350269190   0.577350269190   0.577350269190
         0,  614   0.707106781187   0.000000000000   0.707106781187
                  -0.577350269190   0.577350269190   0.577350269190
0,  614 7165.952103197960 10627.501761684971 9715.847264461421    1    7
         0,  613  -0.707106781187  -0.000000000000  -0.707106781187
                  -0.577350269190   0.577350269190   0.577350269190
0,  615 8299.425382778994 2815.411673834810 10653.336890828306    1    7
         0,  616  -0.000000000000  -0.707106781187   0.707106781187
                   0.577350269190   0.577350269190   0.577350269190
0,  616 8297.931819327245 2460.054751245632 11010.187376869235    2    0
         0,  615   0.000000000000   0.707106781187  -0.707106781187
                   0.577350269190   0.577350269190   0.577350269190
         0,  617  -0.000000000000  -0.707106781187   0.707106781187
                   0.577350269190   0.577350269190   0.577350269190
0,  617 8296.438255875495 2104.697828656454 11367.037862910161    2    0
         0,  616   0.000000000000   0.707106781187  -0.707106781187
                   0.577350269190   0.577350269190   0.577350269190
         0,  618  -0.000000000000  -0.707106781187   0.707106781187
                   0.577350269190   0.577350269190   0.577350269190
0,  618 8294.944692423745 1749.340906067277 11723.888348951090    2    0
         0,  617   0.000000000000   0.707106781187  -0.707106781187
                   0.577350269190   0.577350269190   0.577350269190
         0,  619  -0.000000000000  -0.707106781187   0.707106781187
                   0.577350269190   0.577350269190   0.577350269190
0,  619 8293.451128971994 1393.983983478098 12080.738834992018    1    7
         0,  618   0.000000000000   0.707106781187  -0.707106781187
                   0.577350269190   0.577350269190   0.577350269190
0,  620 6460.454432976895 6040.587701407055 815.060403884452    1    7
         0,  621  -0.000000000000  -0.707106781187   0.707106781187
                  -0.577350269190   0.577350269190   0.577350269190
0,  621 6974.605223374561 6501.499036680187 868.299859008986    2    0
         0,  620   0.000000000000   0.707106781187  -0.707106781187
                  -0.577350269190   0.577350269190   0.577350269190
         0,  622  -0.000000000000  -0.707106781187   0.707106781187
                  -0.577350269190   0.577350269190   0.577350269190
0,  622 7488.756013772227 6962.410371953320 921.539314133519    2    0
         0,  621   0.000000000000   0.707106781187  -0.707106781187
                  -0.577350269190   0.577350269190   0.577350269190
         0,  623  -0.000000000000  -0.707106781187   0.707106781187
                  -0.577350269190   0.577350269190   0.577350269190
0,  623 8002.906804169892 7423.321707226452 974.778769258053    2    0
         0,  622   0.000000000000   0.707106781187  -0.707106781187
                  -0.577350269190   0.577350269190   0.577350269190
         0,  624  -0.000000000000  -0.707106781187   0.707106781187
                  -0.577350269190   0.577350269190   0.577350269190
0,  624 8517.057594567559 7884.233042499584 1028.018224382586    1    7
         0,  623   0.000000000000   0.707106781187  -0.707106781187
                  -0.577350269190   0.577350269190   0.577350269190
0,  625 12443.708484910518 13690.840643074072 11825.378927916310    1    7
         0,  626  -0.707106781187   0.707106781187  -0.000000000000
                   0.577350269190   0.577350269190   0.577350269190
0,  626 12509.207869761600 13209.172158835616 12241.548027303685    2    0
         0,  625   0.707106781187  -0.707106781187   0.000000000000
                   0.577350269190   0.577350269190   0.577350269190
         0,  627  -0.707106781187   0.707106781187  -0.000000000000
                   0.577350269190   0.577350269190   0.577350269190
0,  627 12574.707254612682 12727.503674597159 12657.717126691059    2    0
         0,  626   0.707106781187  -0.707106781187   0.000000000000
                   0.577350269190   0.577350269190   0.577350269190
         0,  628  -0.707106781187   0.707106781187  -0.000000000000
                   0.577350269190   0.577350269190   0.577350269190
0,  628 12640.206639463762 12245.835190358703 13073.886226078434    2    0
         0,  627   0.707106781187  -0.707106781187   0.000000000000
                   0.577350269190   0.577350269190   0.577350269190
         0,  629  -0.707106781187   0.707106781187  -0.000000000000
                   0.577350269190   0.577350269190   0.577350269190
0,  629 12705.706024314844 11764.166706120246 13490.055325465810    1    7
         0,  628   0.707106781187  -0.707106781187   0.000000000000
                   0.577350269190   0.577350269190   0.577350269190
0,  630 12524.833860250637 11151.024516769925 7981.536016606717    1    7
         0,  631   0.707106781187   0.000000000000  -0.707106781187
                   0.577350269190   0.577350269190   0.577350269190
0,  631 12031.576110833112 11688.435310868061 7937.382971926107    2    0
         0,  630  -0.707106781187  -0.000000000000   0.707106781187
                   0.577350269190   0.577350269190   0.577350269190
         0,  632   0.707106781187   0.000000000000  -0.707106781187
                   0.577350269190   0.577350269190   0.577350269190
0,  632 11538.318361415586 12225.846104966196 7893.229927245497    2    0
         0,  631  -0.707106781187  -0.000000000000   0.707106781187
                   0.577350269190   0.577350269190   0.577350269190
         0,  633   0.707106781187   0.000000000000  -0.707106781187
                   0.577350269190   0.577350269190   0.577350269190
0,  633 11045.060611998062 12763.256899064332 7849.076882564887    2    0
         0,  632  -0.707106781187  -0.000000000000   0.707106781187
                   0.577350269190   0.577350269190   0.577350269190
         0,  634   0.707106781187   0.000000000000  -0.707106781187
                   0.577350269190   0.577350269190   0.577350269190
0,  634 10551.802862580536 13300.667693162468 7804.923837884277    1    7
         0,  633  -0.707106781187  -0.000000000000   0.707106781187
                   0.577350269190   0.577350269190   0.577350269190
0,  635 14323.927660470506 2823.964262057548 2426.845475269523    1    7
         0,  636  -0.707106781187  -0.000000000000   0.707106781187
                   0.577350269190  -0.577350269190   0.577350269190
0,  636 13905.630305020859 2469.871168647334 2491.049737308957    2    0
         0,  635   0.707106781187   0.000000000000  -0.707106781187
                   0.577350269190  -0.577350269190   0.577350269190
         0,  637  -0.707106781187  -0.000000000000   0.707106781187
                   0.577350269190  -0.577350269190   0.577350269190
0,  637 13487.332949571211 2115.778075237120 2555.253999348390    2    0
         0,  636   0.707106781187   0.000000000000  -0.707106781187
                   0.577350269190  -0.577350269190   0.577350269190
         0,  638  -0.707106781187  -0.000000000000   0.707106781187
                   0.577350269190  -0.577350269190   0.577350269190
0,  638 13069.035594121564 1761.684981826906 2619.458261387823    2    0
         0,  637   0.707106781187   0.000000000000  -0.707106781187
                   0.577350269190  -0.577350269190   0.577350269190
         0,  639  -0.707106781187  -0.000000000000   0.707106781187
                   0.577350269190  -0.577350269190   0.577350269190
0,  639 12650.738238671916 1407.591888416692 2683.662523427256    1    7
         0,  638   0.707106781187   0.000000000000  -0.707106781187
                   0.577350269190  -0.577350269190   0.577350269190
0,  640 785.870577006705   7.287198182890 6645.152944291761    1    7
         0,  641   0.707106781187   0.707106781187   0.000000000000
                   0.577350269190  -0.577350269190   0.577350269190
0,  641 1081.457113376101 511.409218241689 6853.688427981165    2    0
         0,  640  -0.707106781187  -0.707106781187  -0.000000000000
                   0.577350269190  -0.577350269190   0.577350269190
         0,  642   0.707106781187   0.707106781187   0.000000000000
                   0.577350269190  -0.577350269190   0.577350269190
0,  642 1377.043649745496 1015.531238300488 7062.223911670568    2    0
         0,  641  -0.707106781187  -0.707106781187  -0.000000000000
                   0.577350269190  -0.577350269190   0.577350269190
         0,  643   0.707106781187   0.707106781187   0.000000000000
                   0.577350269190  -0.577350269190   0.577350269190
0,  643 1672.630186114891 1519.653258359287 7270.759395359972    2    0
         0,  642  -0.707106781187  -0.707106781187  -0.000000000000
                   0.577350269190  -0.577350269190   0.577350269190
         0,  644   0.707106781187   0.707106781187   0.000000000000
                   0.577350269190  -0.577350269190   0.577350269190
0,  644 1968.216722484286 2023.775278418086 7479.294879049376    1    7
         0,  643  -0.707106781187  -0.707106781187  -0.000000000000
                   0.577350269190  -0.577350269190   0.577350269190
0,  645 10222.531714558781 13527.291719748491 2475.521793652053    1    7
         0,  646  -0.000000000000  -0.707106781187   0.707106781187
                   0.577350269190   0.577350269190   0.577350269190
0,  646 10320.461628183910 13097.091134972003 2807.792464803412    2    0
         0,  645   0.000000000000   0.707106781187  -0.707106781187
                   0.577350269190   0.577350269190   0.577350269190
         0,  647  -0.000000000000  -0.707106781187   0.707106781187
                   0.577350269190   0.577350269190   0.577350269190
0,  647 10418.391541809040 12666.890550195514 3140.063135954771    2    0
         0,  646   0.000000000000   0.707106781187  -0.707106781187
                   0.577350269190   0.577350269190   0.577350269190
         0,  648  -0.000000000000  -0.707106781187   0.707106781187
                   0.577350269190   0.577350269190   0.577350269190
0,  648 10516.321455434168 12236.689965419026 3472.333807106131    2    0
         0,  647   0.000000000000   0.707106781187  -0.707106781187
                   0.577350269190   0.577350269190   0.577350269190
         0,  649  -0.000000000000  -0.707106781187   0.707106781187
                   0.577350269190   0.577350269190   0.577350269190
0,  649 10614.251369059299 11806.489380642537 3804.604478257490    1    7
         0,  648   0.000000000000   0.707106781187  -0.707106781187
                   0.577350269190   0.577350269190   0.577350269190
0,  650 11830.952819983569 8800.284321523930 12027.884698841208    1    7
         0,  651   0.707106781187  -0.707106781187   0.000000000000
                   0.577350269190   0.577350269190  -0.577350269190
0,  651 12253.711556508271 8722.970191421640 12373.329305263620    2    0
         0,  650  -0.707106781187   0.707106781187  -0.000000000000
                   0.577350269190   0.577350269190  -0.577350269190
         0,  652   0.707106781187  -0.707106781187   0.000000000000
                   0.577350269190   0.577350269190  -0.577350269190
0,  652 12676.470293032971 8645.656061319351 12718.773911686032    2    0
         0,  651  -0.707106781187   0.707106781187  -0.000000000000
                   0.577350269190   0.577350269190  -0.577350269190
         0,  653   0.707106781187  -0.707106781187   0.000000000000
                   0.577350269190   0.577350269190  -0.577350269190
0,  653 13099.229029557673 8568.341931217061 13064.218518108442    2    0
         0,  652  -0.707106781187   0.707106781187  -0.000000000000
                   0.577350269190   0.577350269190  -0.577350269190
         0,  654   0.707106781187  -0.707106781187   0.000000000000
                   0.577350269190   0.577350269190  -0.577350269190
0,  654 13521.987766082373 8491.027801114773 13409.663124530854    1    7
         0,  653  -0.707106781187   0.707106781187  -0.000000000000
                   0.577350269190   0.577350269190  -0.577350269190
0,  655 11183.942253690158 3752.888032286546 10285.341753760869    1    7
         0,  656  -0.707106781187  -0.000000000000  -0.707106781187
                   0.577350269190   0.577350269190  -0.577350269190
0,  656 11410.368634743218 4124.691781314292 10883.571883841674    2    0
         0,  655   0.707106781187   0.000000000000   0.707106781187
                   0.577350269190   0.577350269190  -0.577350269190
         0,  657  -0.707106781187  -0.000000000000  -0.707106781187
                   0.577350269190   0.577350269190  -0.577350269190
0,  657 11636.795015796277 4496.495530342037 11481.802013922479    2    0
         0,  656   0.707106781187   0.000000000000   0.707106781187
                   0.577350269190   0.577350269190  -0.577350269190
         0,  658  -0.707106781187  -0.000000000000  -0.707106781187
                   0.577350269190   0.577350269190  -0.577350269190
0,  658 11863.221396849336 4868.299279369782 12080.032144003284    2    0
         0,  657   0.707106781187   0.000000000000   0.707106781187
                   0.577350269190   0.577350269190  -0.577350269190
         0,  659  -0.707106781187  -0.000000000000  -0.707106781187
                   0.577350269190   0.577350269190  -0.577350269190
0,  659 12089.647777902395 5240.103028397527 12678.262274084089    1    7
         0,  658   0.707106781187   0.000000000000   0.707106781187
                   0.577350269190   0.577350269190  -0.577350269190
0,  660 7963.905833355598 5569.028777494245 3113.514981658467    1    7
         0,  661  -0.707106781187  -0.707106781187  -0.000000000000
                   0.577350269190  -0.577350269190   0.577350269190
0,  661 7730.787157892153 5800.801733326674 3578.406612954341    2    0
         0,  660   0.707106781187   0.707106781187   0.000000000000
                   0.577350269190  -0.577350269190   0.577350269190
         0,  662  -0.707106781187  -0.707106781187  -0.000000000000
                   0.577350269190  -0.577350269190   0.577350269190
0,  662 7497.668482428708 6032.574689159102 4043.298244250214    2    0
         0,  661   0.707106781187   0.707106781187   0.000000000000
                   0.577350269190  -0.577350269190   0.577350269190
         0,  663  -0.707106781187  -0.707106781187  -0.000000000000
                   0.577350269190  -0.577350269190   0.577350269190
0,  663 7264.549806965262 6264.347644991532 4508.189875546088    2    0
         0,  662   0.707106781187   0.707106781187   0.000000000000
                   0.577350269190  -0.577350269190   0.577350269190
         0,  664  -0.707106781187  -0.707106781187  -0.000000000000
                   0.577350269190  -0.577350269190   0.577350269190
0,  664 7031.431131501818 6496.120600823961 4973.081506841962    1    7
         0,  663   0.707106781187   0.707106781187   0.000000000000
                   0.577350269190  -0.577350269190   0.577350269190
0,  665 3397.002541522137 2164.934986641582 3515.698144344580    1    7
         0,  666  -0.000000000000  -0.707106781187   0.707106781187
                  -0.577350269190   0.577350269190   0.577350269190
0,  666 2975.139640259850 1950.581244491927 3308.188985231947    2    0
         0,  665   0.000000000000   0.707106781187  -0.707106781187
                  -0.577350269190   0.577350269190   0.577350269190
         0,  667  -0.000000000000  -0.707106781187   0.707106781187
                  -0.577350269190   0.577350269190   0.577350269190
0,  667 2553.276738997562 1736.227502342273 3100.679826119315    2    0
         0,  666   0.000000000000   0.707106781187  -0.707106781187
                  -0.577350269190   0.577350269190   0.577350269190
         0,  668  -0.000000000000  -0.707106781187   0.707106781187
                  -0.577350269190   0.577350269190   0.577350269190
0,  668 2131.413837735275 1521.873760192618 2893.170667006682    2    0
         0,  667   0.000000000000   0.707106781187  -0.707106781187
                  -0.577350269190   0.577350269190   0.577350269190
         0,  669  -0.000000000000  -0.707106781187   0.707106781187
                  -0.577350269190   0.577350269190   0.577350269190
0,  669 1709.550936472988 1307.520018042964 2685.661507894049    1    7
         0,  668   0.000000000000   0.707106781187  -0.707106781187
                  -0.577350269190   0.577350269190   0.577350269190
0,  670 7630.442110576403 15928.082739387180 2330.446764837951    1    7
         0,  671  -0.000000000000  -0.707106781187   0.707106781187
                  -0.577350269190   0.577350269190   0.577350269190
0,  671 7119.742686594988 15453.965228903982 2293.864851339734    2    0
         0,  670   0.000000000000   0.707106781187  -0.707106781187
                  -0.577350269190   0.577350269190   0.577350269190
         0,  672  -0.000000000000  -0.707106781187   0.707106781187
                  -0.577350269190   0.577350269190   0.577350269190
0,  672 6609.043262613573 14979.847718420784 2257.282937841517    2    0
         0,  671   0.000000000000   0.707106781187  -0.707106781187
                  -0.577350269190   0.577350269190   0.577350269190
         0,  673  -0.000000000000  -0.707106781187   0.707106781187
                  -0.577350269190   0.577350269190   0.577350269190
0,  673 6098.343838632158 14505.730207937586 2220.701024343300    2    0
         0,  672   0.000000000000   0.707106781187  -0.707106781187
                  -0.577350269190   0.577350269190   0.577350269190
         0,  674  -0.000000000000  -0.707106781187   0.707106781187
                  -0.577350269190   0.577350269190   0.577350269190
0,  674 5587.644414650742 14031.612697454388 2184.119110845083    1    7
         0,  673   0.000000000000   0.707106781187  -0.707106781187
                  -0.577350269190   0.577350269190   0.577350269190
0,  675 6988.549455258873 13591.968026318351 14065.799657674594    1    7
         0,  676   0.707106781187   0.000000000000  -0.707106781187
                   0.577350269190  -0.577350269190   0.577350269190
0,  676 6709.916967920279 13724.986503005977 14477.450621700815    2    0
         0,  675  -0.707106781187  -0.000000000000   0.707106781187
                   0.577350269190  -0.577350269190   0.577350269190
         0,  677   0.707106781187   0.000000000000  -0.707106781187
                   0.577350269190  -0.577350269190   0.577350269190
0,  677 6431.284480581684 13858.004979693604 14889.101585727036    2    0
         0,  676  -0.707106781187  -0.000000000000   0.707106781187
                   0.577350269190  -0.577350269190   0.577350269190
         0,  678   0.707106781187   0.000000000000  -0.707106781187
                   0.577350269190  -0.577350269190   0.577350269190
0,  678 6152.651993243089 13991.023456381230 15300.752549753257    2    0
         0,  677  -0.707106781187  -0.000000000000   0.707106781187
                   0.577350269190  -0.577350269190   0.577350269190
         0,  679   0.707106781187   0.000000000000  -0.707106781187
                   0.577350269190  -0.577350269190   0.577350269190
0,  679 5874.019505904495 14124.041933068856 15712.403513779478    1    7
         0,  678  -0.707106781187  -0.000000000000   0.707106781187
                   0.577350269190  -0.577350269190   0.577350269190
0,  680 10694.963112942149 4389.189336030169 12156.592773572660    1    7
         0,  681   0.707106781187   0.707106781187   0.000000000000
                  -0.577350269190   0.577350269190   0.577350269190
0,  681 10581.840206401344 4609.474781306576 11823.184421755450    2    0
         0,  680  -0.707106781187  -0.707106781187  -0.000000000000
                  -0.577350269190   0.577350269190   0.577350269190
         0,  682   0.707106781187   0.707106781187   0.000000000000
                  -0.577350269190   0.577350269190   0.577350269190
0,  682 10468.717299860542 4829.760226582984 11489.776069938238    2    0
         0,  681  -0.707106781187  -0.707106781187  -0.000000000000
                  -0.577350269190   0.577350269190   0.577350269190
         0,  683   0.707106781187   0.707106781187   0.000000000000
                  -0.577350269190   0.577350269190   0.577350269190
0,  683 10355.594393319738 5050.045671859390 11156.367718121028    2    0
         0,  682  -0.707106781187  -0.707106781187  -0.000000000000
                  -0.577350269190   0.577350269190   0.577350269190
         0,  684   0.707106781187   0.707106781187   0.000000000000
                  -0.577350269190   0.577350269190   0.577350269190
0,  684 10242.471486778935 5270.331117135798 10822.959366303818    1    7
         0,  683  -0.707106781187  -0.707106781187  -0.000000000000
                  -0.577350269190   0.577350269190   0.577350269190
0,  685 12913.939782014309 11845.120616937118 400.089190075523    1    7
         0,  686   0.000000000000   0.707106781187  -0.707106781187
                   0.577350269190   0.577350269190   0.577350269190
0,  686 13033.441456142535 11472.937254972474 652.770877911942    2    0
         0,  685  -0.000000000000  -0.707106781187   0.707106781187
                   0.577350269190   0.577350269190   0.577350269190
         0,  687   0.000000000000   0.707106781187  -0.707106781187
                   0.577350269190   0.577350269190   0.577350269190
0,  687 13152.943130270760 11100.753893007830 905.452565748361    2    0
         0,  686  -0.000000000000  -0.707106781187   0.707106781187
                   0.577350269190   0.577350269190   0.577350269190
         0,  688   0.000000000000   0.707106781187  -0.707106781187
                   0.577350269190   0.577350269190   0.577350269190
0,  688 13272.444804398985 10728.570531043186 1158.134253584780    2    0
         0,  687  -0.000000000000  -0.707106781187   0.707106781187
                   0.577350269190   0.577350269190   0.577350269190
         0,  689   0.000000000000   0.707106781187  -0.707106781187
                   0.577350269190   0.577350269190   0.577350269190
0,  689 13391.946478527210 10356.387169078542 1410.815941421199    1    7
         0,  688  -0.000000000000  -0.707106781187   0.707106781187
                   0.577350269190   0.577350269190   0.577350269190
0,  690 7301.889428811579 5469.931005971745 6433.052247657194    1    7
         0,  691   0.000000000000   0.707106781187  -0.707106781187
                   0.577350269190   0.577350269190   0.577350269190
0,  691 7563.321620176179 5033.924292577180 6607.626769687159    2    0
         0,  690  -0.000000000000  -0.707106781187   0.707106781187
                   0.577350269190   0.577350269190   0.577350269190
         0,  692   0.000000000000   0.707106781187  -0.707106781187
                   0.577350269190   0.577350269190   0.577350269190
0,  692 7824.753811540780 4597.917579182615 6782.201291717124    2    0
         0,  691  -0.000000000000  -0.707106781187   0.707106781187
                   0.577350269190   0.577350269190   0.577350269190
         0,  693   0.000000000000   0.707106781187  -0.707106781187
                   0.577350269190   0.577350269190   0.577350269190
0,  693 8086.186002905380 4161.910865788049 6956.775813747088    2    0
         0,  692  -0.000000000000  -0.707106781187   0.707106781187
                   0.577350269190   0.577350269190   0.577350269190
         0,  694   0.000000000000   0.707106781187  -0.707106781187
                   0.577350269190   0.577350269190   0.577350269190
0,  694 8347.618194269980 3725.904152393484 7131.350335777053    1    7
         0,  693  -0.000000000000  -0.707106781187   0.707106781187
                   0.577350269190   0.577350269190   0.577350269190
0,  695 8133.949172393494 6238.970786943446 3902.006466433402    1    7
         0,  696   0.707106781187   0.707106781187   0.000000000000
                  -0.577350269190   0.577350269190   0.577350269190
0,  696 8526.699618135470 6219.326303729354 4314.401395389470    2    0
         0,  695  -0.707106781187  -0.707106781187  -0.000000000000
                  -0.577350269190   0.577350269190   0.577350269190
         0,  697   0.707106781187   0.707106781187   0.000000000000
                  -0.577350269190   0.577350269190   0.577350269190
0,  697 8919.450063877446 6199.681820515262 4726.796324345539    2    0
         0,  696  -0.707106781187  -0.707106781187  -0.000000000000
                  -0.577350269190   0.577350269190   0.577350269190
         0,  698   0.707106781187   0.707106781187   0.000000000000
                  -0.577350269190   0.577350269190   0.577350269190
0,  698 9312.200509619423 6180.037337301170 5139.191253301607    2    0
         0,  697  -0.707106781187  -0.707106781187  -0.000000000000
                  -0.577350269190   0.577350269190   0.577350269190
         0,  699   0.707106781187   0.707106781187   0.000000000000
                  -0.577350269190   0.577350269190   0.577350269190
0,  699 9704.950955361399 6160.392854087077 5551.586182257675    1    7
         0,  698  -0.707106781187  -0.707106781187  -0.000000000000
                  -0.577350269190   0.577350269190   0.577350269190
0,  700 9165.938118252863 11479.051078540168 952.822203247775    1    7
         0,  701  -0.707106781187  -0.000000000000  -0.707106781187
                  -0.577350269190   0.577350269190   0.577350269190
0,  701 9106.195237826887 11008.092538665629 1364.037862696337    2    0
         0,  700   0.707106781187   0.000000000000   0.707106781187
                  -0.577350269190   0.577350269190   0.577350269190
         0,  702  -0.707106781187  -0.000000000000  -0.707106781187
                  -0.577350269190   0.577350269190   0.577350269190
0,  702 9046.452357400909 10537.133998791091 1775.253522144899    2    0
         0,  701   0.707106781187   0.000000000000   0.707106781187
                  -0.577350269190   0.577350269190   0.577350269190
         0,  703  -0.707106781187  -0.000000000000  -0.707106781187
                  -0.577350269190   0.577350269190   0.577350269190
0,  703 8986.709476974933 10066.175458916550 2186.469181593461    2    0
         0,  702   0.707106781187   0.000000000000   0.707106781187
                  -0.577350269190   0.577350269190   0.577350269190
         0,  704  -0.707106781187  -0.000000000000  -0.707106781187
                  -0.577350269190   0.577350269190   0.577350269190
0,  704 8926.966596548957 9595.216919042012 2597.684841042023    1    7
         0,  703   0.707106781187   0.000000000000   0.707106781187
                  -0.577350269190   0.577350269190   0.577350269190
0,  705 14507.043596629303 10571.066703245495 2446.636660398708    1    7
         0,  706  -0.707106781187   0.707106781187  -0.000000000000
                   0.577350269190   0.577350269190   0.577350269190
0,  706 14181.460761291612 10437.563144241034 2905.723054740860    2    0
         0,  705   0.707106781187  -0.707106781187   0.000000000000
                   0.577350269190   0.577350269190   0.577350269190
         0,  707  -0.707106781187   0.707106781187  -0.000000000000
                   0.577350269190   0.577350269190   0.577350269190
0,  707 13855.877925953921 10304.059585236573 3364.809449083012    2    0
         0,  706   0.707106781187  -0.707106781187   0.000000000000
                   0.577350269190   0.577350269190   0.577350269190
         0,  708  -0.707106781187   0.707106781187  -0.000000000000
                   0.577350269190   0.577350269190   0.577350269190
0,  708 13530.295090616231 10170.556026232112 3823.895843425163    2    0
         0,  707   0.707106781187  -0.707106781187   0.000000000000
                   0.577350269190   0.577350269190   0.577350269190
         0,  709  -0.707106781187   0.707106781187  -0.000000000000
                   0.577350269190   0.577350269190   0.577350269190
0,  709 13204.712255278540 10037.052467227652 4282.982237767314    1    7
         0,  708   0.707106781187  -0.707106781187   0.000000000000
                   0.577350269190   0.577350269190   0.577350269190
0,  710 8377.546144237975 13403.152909571090 1280.317807759777    1    7
         0,  711   0.707106781187  -0.707106781187   0.000000000000
                   0.577350269190   0.577350269190   0.577350269190
0,  711 8029.448073017626 13837.562437544822 1194.006351006394    2    0
         0,  710  -0.707106781187   0.707106781187  -0.000000000000
                   0.577350269190   0.577350269190   0.577350269190
         0,  712   0.707106781187  -0.707106781187   0.000000000000
                   0.577350269190   0.577350269190   0.577350269190
0,  712 7681.350001797276 14271.971965518554 1107.694894253011    2    0
         0,  711  -0.707106781187   0.707106781187  -0.000000000000
                   0.577350269190   0.577350269190   0.577350269190
         0,  713   0.707106781187  -0.707106781187   0.000000000000
                   0.577350269190   0.577350269190   0.577350269190
0,  713 7333.251930576926 14706.381493492287 1021.383437499628    2    0
         0,  712  -0.707106781187   0.707106781187  -0.000000000000
                   0.577350269190   0.577350269190   0.577350269190
         0,  714   0.707106781187  -0.707106781187   0.000000000000
                   0.577350269190   0.577350269190   0.577350269190
0,  714 6985.153859356577 15140.791021466021 935.071980746245    1    7
         0,  713  -0.707106781187   0.707106781187  -0.000000000000
                   0.577350269190   0.577350269190   0.577350269190
0,  715 4168.286923561418 11757.367249308754 3150.771430937084    1    7
         0,  716   0.707106781187   0.707106781187   0.000000000000
                  -0.577350269190   0.577350269190   0.577350269190
0,  716 3848.857417297497 11101.094536782370 3487.614637199547    2    0
         0,  715  -0.707106781187  -0.707106781187  -0.000000000000
                  -0.577350269190   0.577350269190   0.577350269190
         0,  717   0.707106781187   0.707106781187   0.000000000000
                  -0.577350269190   0.577350269190   0.577350269190
0,  717 3529.427911033575 10444.821824255985 3824.457843462010    2    0
         0,  716  -0.707106781187  -0.707106781187  -0.000000000000
                  -0.577350269190   0.577350269190   0.577350269190
         0,  718   0.707106781187   0.707106781187   0.000000000000
                  -0.577350269190   0.577350269190   0.577350269190
0,  718 3209.998404769654 9788.549111729601 4161.301049724474    2    0
         0,  717  -0.707106781187  -0.707106781187  -0.000000000000
                  -0.577350269190   0.577350269190   0.577350269190
         0,  719   0.707106781187   0.707106781187   0.000000000000
                  -0.577350269190   0.577350269190   0.577350269190
0,  719 2890.568898505732 9132.276399203216 4498.144255986937    1    7
         0,  718  -0.707106781187  -0.707106781187  -0.000000000000
                  -0.577350269190   0.577350269190   0.577350269190
0,  720 6632.781092404794 2642.076055916973 1969.998930525097    1    7
         0,  721  -0.707106781187   0.707106781187  -0.000000000000
                   0.577350269190   0.577350269190  -0.577350269190
0,  721 6726.295616817762 2908.138086965866 2329.575485986959    2    0
         0,  720   0.707106781187  -0.707106781187   0.000000000000
                   0.577350269190   0.577350269190  -0.577350269190
         0,  722  -0.707106781187   0.707106781187  -0.000000000000
                   0.577350269190   0.577350269190  -0.577350269190
0,  722 6819.810141230731 3174.200118014758 2689.152041448820    2    0
         0,  721   0.707106781187  -0.707106781187   0.000000000000
                   0.577350269190   0.577350269190  -0.577350269190
         0,  723  -0.707106781187   0.707106781187  -0.000000000000
                   0.577350269190   0.577350269190  -0.577350269190
0,  723 6913.324665643701 3440.262149063651 3048.728596910682    2    0
         0,  722   0.707106781187  -0.707106781187   0.000000000000
                   0.577350269190   0.577350269190  -0.577350269190
         0,  724  -0.707106781187   0.707106781187  -0.000000000000
                   0.577350269190   0.577350269190  -0.577350269190
0,  724 7006.839190056670 3706.324180112543 3408.305152372543    1    7
         0,  723   0.707106781187  -0.707106781187   0.000000000000
                   0.577350269190   0.577350269190  -0.577350269190
0,  725 6661.275804430168 805.615176825717 5826.803478838988    1    7
         0,  726   0.707106781187   0.000000000000  -0.707106781187
                   0.577350269190   0.577350269190   0.577350269190
0,  726 6322.610451920289 1177.707984683441 5793.376023491142    2    0
         0,  725  -0.707106781187  -0.000000000000   0.707106781187
                   0.577350269190   0.577350269190   0.577350269190
         0,  727   0.707106781187   0.000000000000  -0.707106781187
                   0.577350269190   0.577350269190   0.577350269190
0,  727 5983.945099410409 1549.800792541165 5759.948568143298    2    0
         0,  726  -0.707106781187  -0.000000000000   0.707106781187
                   0.577350269190   0.577350269190   0.577350269190
         0,  728   0.707106781187   0.000000000000  -0.707106781187
                   0.577350269190   0.577350269190   0.577350269190
0,  728 5645.279746900530 1921.893600398890 5726.521112795453    2    0
         0,  727  -0.707106781187  -0.000000000000   0.707106781187
                   0.577350269190   0.577350269190   0.577350269190
         0,  729   0.707106781187   0.000000000000  -0.707106781187
                   0.577350269190   0.577350269190   0.577350269190
0,  729 5306.614394390650 2293.986408256614 5693.093657447608    1    7
         0,  728  -0.707106781187  -0.000000000000   0.707106781187
                   0.577350269190   0.577350269190   0.577350269190
0,  730 1406.373565859651 1587.521174431128 1772.660821988898    1    7
         0,  731  -0.707106781187  -0.000000000000  -0.707106781187
                  -0.577350269190   0.577350269190   0.577350269190
0,  731 1900.553938173628 1908.339906360114 1946.022462373889    2    0
         0,  730   0.707106781187   0.000000000000   0.707106781187
                  -0.577350269190   0.577350269190   0.577350269190
         0,  732  -0.707106781187  -0.000000000000  -0.707106781187
                  -0.577350269190   0.577350269190   0.577350269190
0,  732 2394.734310487605 2229.158638289099 2119.384102758881    2    0
         0,  731   0.707106781187   0.000000000000   0.707106781187
                  -0.577350269190   0.577350269190   0.577350269190
         0,  733  -0.707106781187  -0.000000000000  -0.707106781187
                  -0.577350269190   0.577350269190   0.577350269190
0,  733 2888.914682801582 2549.977370218085 2292.745743143872    2    0
         0,  732   0.707106781187   0.000000000000   0.707106781187
                  -0.577350269190   0.577350269190   0.577350269190
         0,  734  -0.707106781187  -0.000000000000  -0.707106781187
                  -0.577350269190   0.577350269190   0.577350269190
0,  734 3383.095055115559 2870.796102147070 2466.107383528863    1    7
         0,  733   0.707106781187   0.000000000000   0.707106781187
                  -0.577350269190   0.577350269190   0.577350269190
0,  735 11247.399802315753 12083.651961994463 8360.284118612977    1    7
         0,  736   0.000000000000   0.707106781187   0.707106781187
                   0.577350269190  -0.577350269190   0.577350269190
0,  736 11535.562508122659 12414.817037777670 8403.286488589278    2    0
         0,  735  -0.000000000000  -0.707106781187  -0.707106781187
                   0.577350269190  -0.577350269190   0.577350269190
         0,  737   0.000000000000   0.707106781187   0.707106781187
                   0.577350269190  -0.577350269190   0.577350269190
0,  737 11823.725213929565 12745.982113560876 8446.288858565578    2    0
         0,  736  -0.000000000000  -0.707106781187  -0.707106781187
                   0.577350269190  -0.577350269190   0.577350269190
         0,  738   0.000000000000   0.707106781187   0.707106781187
                   0.577350269190  -0.577350269190   0.577350269190
0,  738 12111.887919736471 13077.147189344083 8489.291228541879    2    0
         0,  737  -0.000000000000  -0.707106781187  -0.707106781187
                   0.577350269190  -0.577350269190   0.577350269190
         0,  739   0.000000000000   0.707106781187   0.707106781187
                   0.577350269190  -0.577350269190   0.577350269190
0,  739 12400.050625543377 13408.312265127290 8532.293598518179    1    7
         0,  738  -0.000000000000  -0.707106781187  -0.707106781187
                   0.577350269190  -0.577350269190   0.577350269190
0,  740 7358.265785422997 5609.402481072630 13224.778904683961    1    7
         0,  741  -0.707106781187  -0.000000000000   0.707106781187
                   0.577350269190   0.577350269190   0.577350269190
0,  741 6977.361792089416 5459.416321569454 13755.669057520718    2    0
         0,  740   0.707106781187   0.000000000000  -0.707106781187
                   0.577350269190   0.577350269190   0.577350269190
         0,  742  -0.707106781187  -0.000000000000   0.707106781187
                   0.577350269190   0.577350269190   0.577350269190
0,  742 6596.457798755835 5309.430162066278 14286.559210357475    2    0
         0,  741   0.707106781187   0.000000000000  -0.707106781187
                   0.577350269190   0.577350269190   0.577350269190
         0,  743  -0.707106781187  -0.000000000000   0.707106781187
                   0.577350269190   0.577350269190   0.577350269190
0,  743 6215.553805422253 5159.444002563103 14817.449363194231    2    0
         0,  742   0.707106781187   0.000000000000  -0.707106781187
                   0.577350269190   0.577350269190   0.577350269190
         0,  744  -0.707106781187  -0.000000000000   0.707106781187
                   0.577350269190   0.577350269190   0.577350269190
0,  744 5834.649812088672 5009.457843059927 15348.339516030988    1    7
         0,  743   0.707106781187   0.000000000000  -0.707106781187
                   0.577350269190   0.577350269190   0.577350269190
0,  745 4078.754769109794 15371.404179925170 7025.354171434607    1    7
         0,  746  -0.707106781187  -0.707106781187  -0.000000000000
                   0.577350269190  -0.577350269190   0.577350269190
0,  746 3674.266188550038 15460.719029186610 7519.157601255803    2    0
         0,  745   0.707106781187   0.707106781187   0.000000000000
                   0.577350269190  -0.577350269190   0.577350269190
         0,  747  -0.707106781187  -0.707106781187  -0.000000000000
                   0.577350269190  -0.577350269190   0.577350269190
0,  747 3269.777607990282 15550.033878448050 8012.961031076999    2    0
         0,  746   0.707106781187   0.707106781187   0.000000000000
                   0.577350269190  -0.577350269190   0.577350269190
         0,  748  -0.707106781187  -0.707106781187  -0.000000000000
                   0.577350269190  -0.577350269190   0.577350269190
0,  748 2865.289027430526 15639.348727709490 8506.764460898195    2    0
         0,  747   0.707106781187   0.707106781187   0.000000000000
                   0.577350269190  -0.577350269190   0.577350269190
         0,  749  -0.707106781187  -0.707106781187  -0.000000000000
                   0.577350269190  -0.577350269190   0.577350269190
0,  749 2460.800446870770 15728.663576970930 9000.567890719391    1    7
         0,  748   0.707106781187   0.707106781187   0.000000000000
                   0.577350269190  -0.577350269190   0.577350269190
0,  750 8275.551519488390 2716.173598454431 4786.783943739161    1    7
         0,  751  -0.707106781187   0.707106781187  -0.000000000000
                   0.577350269190   0.577350269190  -0.577350269190
0,  751 8753.559654760973 2527.199023420704 5075.817503978017    2    0
         0,  750   0.707106781187  -0.707106781187   0.000000000000
                   0.577350269190   0.577350269190  -0.577350269190
         0,  752  -0.707106781187   0.707106781187  -0.000000000000
                   0.577350269190   0.577350269190  -0.577350269190
0,  752 9231.567790033556 2338.224448386977 5364.851064216872    2    0
         0,  751   0.707106781187  -0.707106781187   0.000000000000
                   0.577350269190   0.577350269190  -0.577350269190
         0,  753  -0.707106781187   0.707106781187  -0.000000000000
                   0.577350269190   0.577350269190  -0.577350269190
0,  753 9709.575925306139 2149.249873353250 5653.884624455728    2    0
         0,  752   0.707106781187  -0.707106781187   0.000000000000
                   0.577350269190   0.577350269190  -0.577350269190
         0,  754  -0.707106781187   0.707106781187  -0.000000000000
                   0.577350269190   0.577350269190  -0.577350269190
0,  754 10187.584060578720 1960.275298319523 5942.918184694583    1    7
         0,  753   0.707106781187  -0.707106781187   0.000000000000
                   0.577350269190   0.577350269190  -0.577350269190
0,  755 12800.445796169926 10333.912963227764 5465.920771754454    1    7
         0,  756  -0.000000000000  -0.707106781187   0.707106781187
                   0.577350269190   0.577350269190   0.577350269190
0,  756 13121.848185362687 9806.270271362449 5672.161074427007    2    0
         0,  755   0.000000000000   0.707106781187  -0.707106781187
                   0.577350269190   0.577350269190   0.577350269190
         0,  757  -0.000000000000  -0.707106781187   0.707106781187
                   0.577350269190   0.577350269190   0.577350269190
0,  757 13443.250574555448 9278.627579497135 5878.401377099561    2    0
         0,  756   0.000000000000   0.707106781187  -0.707106781187
                   0.577350269190   0.577350269190   0.577350269190
         0,  758  -0.000000000000  -0.707106781187   0.707106781187
                   0.577350269190   0.577350269190   0.577350269190
0,  758 13764.652963748209 8750.984887631821 6084.641679772114    2    0
         0,  757   0.000000000000   0.707106781187  -0.707106781187
                   0.577350269190   0.577350269190   0.577350269190
         0,  759  -0.000000000000  -0.707106781187   0.707106781187
                   0.577350269190   0.577350269190   0.577350269190
0,  759 14086.055352940970 8223.342195766509 6290.881982444667    1    7
         0,  758   0.000000000000   0.707106781187  -0.707106781187
                   0.577350269190   0.577350269190   0.577350269190
0,  760 9551.252106343511 14939.550344758280 13412.883014161605    1    7
         0,  761  -0.707106781187  -0.000000000000  -0.707106781187
                  -0.577350269190   0.577350269190   0.577350269190
0,  761 9795.988698543129 14763.091910427665 13834.078040691838    2    0
         0,  760   0.707106781187   0.000000000000   0.707106781187
                  -0.577350269190   0.577350269190   0.577350269190
         0,  762  -0.707106781187  -0.000000000000  -0.707106781187
                  -0.577350269190   0.577350269190   0.577350269190
0,  762 10040.725290742746 14586.633476097051 14255.273067222071    2    0
         0,  761   0.707106781187   0.000000000000   0.707106781187
                  -0.577350269190   0.577350269190   0.577350269190
         0,  763  -0.707106781187  -0.000000000000  -0.707106781187
                  -0.577350269190   0.577350269190   0.577350269190
0,  763 10285.461882942365 14410.175041766435 14676.468093752303    2    0
         0,  762   0.707106781187   0.000000000000   0.707106781187
                  -0.577350269190   0.577350269190   0.577350269190
         0,  764  -0.707106781187  -0.000000000000  -0.707106781187
                  -0.577350269190   0.577350269190   0.577350269190
0,  764 10530.198475141982 14233.716607435821 15097.663120282536    1    7
         0,  763   0.707106781187   0.000000000000   0.707106781187
                  -0.577350269190   0.577350269190   0.577350269190
0,  765 7271.394585369441 9797.203505633712 6677.010741351758    1    7
         0,  766  -0.707106781187   0.707106781187  -0.000000000000
                   0.577350269190   0.577350269190   0.577350269190
0,  766 7259.705218796682 9407.354262522325 7078.549351035905    2    0
         0,  765   0.707106781187  -0.707106781187   0.000000000000
                   0.577350269190   0.577350269190   0.577350269190
         0,  767  -0.707106781187   0.707106781187  -0.000000000000
                   0.577350269190   0.577350269190   0.577350269190
0,  767 7248.015852223923 9017.505019410937 7480.087960720051    2    0
         0,  766   0.707106781187  -0.707106781187   0.000000000000
                   0.577350269190   0.577350269190   0.577350269190
         0,  768  -0.707106781187   0.707106781187  -0.000000000000
                   0.577350269190   0.577350269190   0.577350269190
0,  768 7236.326485651162 8627.655776299551 7881.626570404198    2    0
         0,  767   0.707106781187  -0.707106781187   0.000000000000
                   0.577350269190   0.577350269190   0.577350269190
         0,  769  -0.707106781187   0.707106781187  -0.000000000000
                   0.577350269190   0.577350269190   0.577350269190
0,  769 7224.637119078403 8237.806533188164 8283.165180088345    1    7
         0,  768   0.707106781187  -0.707106781187   0.000000000000
                   0.577350269190   0.577350269190   0.577350269190
0,  770 5609.139894747612 6405.476143825374 7308.745746227526    1    7
         0,  771   0.000000000000   0.707106781187   0.707106781187
                   0.577350269190   0.577350269190  -0.577350269190
0,  771 5440.917687718636 6080.087288206613 6815.134683579789    2    0
         0,  770  -0.000000000000  -0.707106781187  -0.707106781187
                   0.577350269190   0.577350269190  -0.577350269190
         0,  772   0.000000000000   0.707106781187   0.707106781187
                   0.577350269190   0.577350269190  -0.577350269190
0,  772 5272.695480689661 5754.698432587852 6321.523620932053    2    0
         0,  771  -0.000000000000  -0.707106781187  -0.707106781187
                   0.577350269190   0.577350269190  -0.577350269190
         0,  773   0.000000000000   0.707106781187   0.707106781187
                   0.577350269190   0.577350269190  -0.577350269190
0,  773 5104.473273660686 5429.309576969091 5827.912558284316    2    0
         0,  772  -0.000000000000  -0.707106781187  -0.707106781187
                   0.577350269190   0.577350269190  -0.577350269190
         0,  774   0.000000000000   0.707106781187   0.707106781187
                   0.577350269190   0.577350269190  -0.577350269190
0,  774 4936.251066631710 5103.920721350330 5334.301495636580    1    7
         0,  773  -0.000000000000  -0.707106781187  -0.707106781187
                   0.577350269190   0.577350269190  -0.577350269190
0,  775 11618.967635739195 5388.767897278434 2973.320429679032    1    7
         0,  776  -0.707106781187   0.707106781187  -0.000000000000
                   0.577350269190   0.577350269190  -0.577350269190
0,  776 11616.546372490215 5942.474507927004 3524.605777078622    2    0
         0,  775   0.707106781187  -0.707106781187   0.000000000000
                   0.577350269190   0.577350269190  -0.577350269190
         0,  777  -0.707106781187   0.707106781187  -0.000000000000
                   0.577350269190   0.577350269190  -0.577350269190
0,  777 11614.125109241233 6496.181118575574 4075.891124478211    2    0
         0,  776   0.707106781187  -0.707106781187   0.000000000000
                   0.577350269190   0.577350269190  -0.577350269190
         0,  778  -0.707106781187   0.707106781187  -0.000000000000
                   0.577350269190   0.577350269190  -0.577350269190
0,  778 11611.703845992253 7049.887729224145 4627.176471877800    2    0
         0,  777   0.707106781187  -0.707106781187   0.000000000000
                   0.577350269190   0.577350269190  -0.577350269190
         0,  779  -0.707106781187   0.707106781187  -0.000000000000
                   0.577350269190   0.577350269190  -0.577350269190
0,  779 11609.282582743272 7603.594339872715 5178.461819277391    1    7
         0,  778   0.707106781187  -0.707106781187   0.000000000000
                   0.577350269190   0.577350269190  -0.577350269190
0,  780 4736.390139086297 13580.177762624686 14052.521282679525    1    7
         0,  781   0.707106781187   0.000000000000   0.707106781187
                  -0.577350269190   0.577350269190   0.577350269190
0,  781 4534.023707919298 13149.468814335161 14280.863799802049    2    0
         0,  780  -0.707106781187  -0.000000000000  -0.707106781187
                  -0.577350269190   0.577350269190   0.577350269190
         0,  782   0.707106781187   0.000000000000   0.707106781187
                  -0.577350269190   0.577350269190   0.577350269190
0,  782 4331.657276752298 12718.759866045639 14509.206316924572    2    0
         0,  781  -0.707106781187  -0.000000000000  -0.707106781187
                  -0.577350269190   0.577350269190   0.577350269190
         0,  783   0.707106781187   0.000000000000   0.707106781187
                  -0.577350269190   0.577350269190   0.577350269190
0,  783 4129.290845585298 12288.050917756114 14737.548834047097    2    0
         0,  782  -0.707106781187  -0.000000000000  -0.707106781187
                  -0.577350269190   0.577350269190   0.577350269190
         0,  784   0.707106781187   0.000000000000   0.707106781187
                  -0.577350269190   0.577350269190   0.577350269190
0,  784 3926.924414418298 11857.341969466590 14965.891351169621    1    7
         0,  783  -0.707106781187  -0.000000000000  -0.707106781187
                  -0.577350269190   0.577350269190   0.577350269190
0,  785 2585.252879040365 15290.838752199863 6323.602440025408    1    7
         0,  786   0.707106781187   0.000000000000  -0.707106781187
                   0.577350269190  -0.577350269190   0.577350269190
0,  786 2125.939351199545 14823.860071632222 6315.937287298588    2    0
         0,  785  -0.707106781187  -0.000000000000   0.707106781187
                   0.577350269190  -0.577350269190   0.577350269190
         0,  787   0.707106781187   0.000000000000  -0.707106781187
                   0.577350269190  -0.577350269190   0.577350269190
0,  787 1666.625823358725 14356.881391064580 6308.272134571766    2    0
         0,  786  -0.707106781187  -0.000000000000   0.707106781187
                   0.577350269190  -0.577350269190   0.577350269190
         0,  788   0.707106781187   0.000000000000  -0.707106781187
                   0.577350269190  -0.577350269190   0.577350269190
0,  788 1207.312295517905 13889.902710496939 6300.606981844946    2    0
         0,  787  -0.707106781187  -0.000000000000   0.707106781187
                   0.577350269190  -0.577350269190   0.577350269190
         0,  789   0.707106781187   0.000000000000  -0.707106781187
                   0.577350269190  -0.577350269190   0.577350269190
0,  789 747.998767677085 13422.924029929298 6292.941829118125    1    7
         0,  788  -0.707106781187  -0.000000000000   0.707106781187
                   0.577350269190  -0.577350269190   0.577350269190
0,  790 1134.332416196051 540.766458911279 10271.350758744087    1    7
         0,  791   0.707106781187  -0.707106781187   0.000000000000
                   0.577350269190   0.577350269190  -0.577350269190
0,  791 868.068887413367 1049.186662673695 10513.507433723818    2    0
         0,  790  -0.707106781187   0.707106781187  -0.000000000000
                   0.577350269190   0.577350269190  -0.577350269190
         0,  792   0.707106781187  -0.707106781187   0.000000000000
                   0.577350269190   0.577350269190  -0.577350269190
0,  792 601.805358630683 1557.606866436111 10755.664108703551    2    0
         0,  791  -0.707106781187   0.707106781187  -0.000000000000
                   0.577350269190   0.577350269190  -0.577350269190
         0,  793   0.707106781187  -0.707106781187   0.000000000000
                   0.577350269190   0.577350269190  -0.577350269190
0,  793 335.541829848000 2066.027070198526 10997.820783683283    2    0
         0,  792  -0.707106781187   0.707106781187  -0.000000000000
                   0.577350269190   0.577350269190  -0.577350269190
         0,  794   0.707106781187  -0.707106781187   0.000000000000
                   0.577350269190   0.577350269190  -0.577350269190
0,  794  69.278301065316 2574.447273960942 11239.977458663016    1    7
         0,  793  -0.707106781187   0.707106781187  -0.000000000000
                   0.577350269190   0.577350269190  -0.577350269190
0,  795 12029.586366359730 12354.684118974348 7029.930776409722    1    7
         0,  796   0.000000000000   0.707106781187   0.707106781187
                   0.577350269190  -0.577350269190   0.577350269190
0,  796 11945.335912137492 12746.165930516599 7505.663042174212    2    0
         0,  795  -0.000000000000  -0.707106781187  -0.707106781187
                   0.577350269190  -0.577350269190   0.577350269190
         0,  797   0.000000000000   0.707106781187   0.707106781187
                   0.577350269190  -0.577350269190   0.577350269190
0,  797 11861.085457915255 13137.647742058853 7981.395307938702    2    0
         0,  796  -0.000000000000  -0.707106781187  -0.707106781187
                   0.577350269190  -0.577350269190   0.577350269190
         0,  798   0.000000000000   0.707106781187   0.707106781187
                   0.577350269190  -0.577350269190   0.577350269190
0,  798 11776.835003693017 13529.129553601106 8457.127573703192    2    0
         0,  797  -0.000000000000  -0.707106781187  -0.707106781187
                   0.577350269190  -0.577350269190   0.577350269190
         0,  799   0.000000000000   0.707106781187   0.707106781187
                   0.577350269190  -0.577350269190   0.577350269190
0,  799 11692.584549470779 13920.611365143357 8932.859839467681    1    7
         0,  798  -0.000000000000  -0.707106781187  -0.707106781187
                   0.577350269190  -0.577350269190   0.577350269190
0,  800 12577.589114302024 4697.025191152531 12414.416488153220    1    7
         0,  801   0.000000000000   0.707106781187   0.707106781187
                   0.577350269190   0.577350269190  -0.577350269190
0,  801 12596.452039357246 5162.441578720999 12898.695800776910    2    0
         0,  800  -0.000000000000  -0.707106781187  -0.707106781187
                   0.577350269190   0.577350269190  -0.577350269190
         0,  802   0.000000000000   0.707106781187   0.707106781187
                   0.577350269190   0.577350269190  -0.577350269190
0,  802 12615.314964412468 5627.857966289466 13382.975113400600    2    0
         0,  801  -0.000000000000  -0.707106781187  -0.707106781187
                   0.577350269190   0.577350269190  -0.577350269190
         0,  803   0.000000000000   0.707106781187   0.707106781187
                   0.577350269190   0.577350269190  -0.577350269190
0,  803 12634.177889467690 6093.274353857934 13867.254426024288    2    0
         0,  802  -0.000000000000  -0.707106781187  -0.707106781187
                   0.577350269190   0.577350269190  -0.577350269190
         0,  804   0.000000000000   0.707106781187   0.707106781187
                   0.577350269190   0.577350269190  -0.577350269190
0,  804 12653.040814522912 6558.690741426402 14351.533738647979    1    7
         0,  803  -0.000000000000  -0.707106781187  -0.707106781187
                   0.577350269190   0.577350269190  -0.577350269190
0,  805 2228.480885066218 12639.694499431396 8650.450857572305    1    7
         0,  806  -0.000000000000  -0.707106781187   0.707106781187
                   0.577350269190   0.577350269190   0.577350269190
0,  806 2775.300012739410 12427.142871372434 8316.183357958076    2    0
         0,  805   0.000000000000   0.707106781187  -0.707106781187
                   0.577350269190   0.577350269190   0.577350269190
         0,  807  -0.000000000000  -0.707106781187   0.707106781187
                   0.577350269190   0.577350269190   0.577350269190
0,  807 3322.119140412601 12214.591243313471 7981.915858343848    2    0
         0,  806   0.000000000000   0.707106781187  -0.707106781187
                   0.577350269190   0.577350269190   0.577350269190
         0,  808  -0.000000000000  -0.707106781187   0.707106781187
                   0.577350269190   0.577350269190   0.577350269190
0,  808 3868.938268085792 12002.039615254509 7647.648358729619    2    0
         0,  807   0.000000000000   0.707106781187  -0.707106781187
                   0.577350269190   0.577350269190   0.577350269190
         0,  809  -0.000000000000  -0.707106781187   0.707106781187
                   0.577350269190   0.577350269190   0.577350269190
0,  809 4415.757395758983 11789.487987195545 7313.380859115390    1    7
         0,  808   0.000000000000   0.707106781187  -0.707106781187
                   0.577350269190   0.577350269190   0.577350269190
0,  810 13650.238570880840 12488.404786557603 2933.284205863014    1    7
         0,  811   0.707106781187   0.707106781187   0.000000000000
                  -0.577350269190   0.577350269190   0.577350269190
0,  811 14124.759880162816 12855.629046756663 3040.581254945928    2    0
         0,  810  -0.707106781187  -0.707106781187  -0.000000000000
                  -0.577350269190   0.577350269190   0.577350269190
         0,  812   0.707106781187   0.707106781187   0.000000000000
                  -0.577350269190   0.577350269190   0.577350269190
0,  812 14599.281189444790 13222.853306955723 3147.878304028843    2    0
         0,  811  -0.707106781187  -0.707106781187  -0.000000000000
                  -0.577350269190   0.577350269190   0.577350269190
         0,  813   0.707106781187   0.707106781187   0.000000000000
                  -0.577350269190   0.577350269190   0.577350269190
0,  813 15073.802498726765 13590.077567154785 3255.175353111757    2    0
         0,  812  -0.707106781187  -0.707106781187  -0.000000000000
                  -0.577350269190   0.577350269190   0.577350269190
         0,  814   0.707106781187   0.707106781187   0.000000000000
                  -0.577350269190   0.577350269190   0.577350269190
0,  814 15548.323808008741 13957.301827353846 3362.472402194672    1    7
         0,  813  -0.707106781187  -0.707106781187  -0.000000000000
                  -0.577350269190   0.577350269190   0.577350269190
0,  815 6943.247494308570 1581.276576603671 13227.641572774231    1    7
         0,  816  -0.707106781187   0.707106781187  -0.000000000000
                   0.577350269190   0.577350269190  -0.577350269190
0,  816 6572.460490371772 1687.399827632438 12962.977819866199    2    0
         0,  815   0.707106781187  -0.707106781187   0.000000000000
                   0.577350269190   0.577350269190  -0.577350269190
         0,  817  -0.707106781187   0.707106781187  -0.000000000000
                   0.577350269190   0.577350269190  -0.577350269190
0,  817 6201.673486434973 1793.523078661204 12698.314066958168    2    0
         0,  816   0.707106781187  -0.707106781187   0.000000000000
                   0.577350269190   0.577350269190  -0.577350269190
         0,  818  -0.707106781187   0.707106781187  -0.000000000000
                   0.577350269190   0.577350269190  -0.577350269190
0,  818 5830.886482498175 1899.646329689970 12433.650314050135    2    0
         0,  817   0.707106781187  -0.707106781187   0.000000000000
                   0.577350269190   0.577350269190  -0.577350269190
         0,  819  -0.707106781187   0.707106781187  -0.000000000000
                   0.577350269190   0.577350269190  -0.577350269190
0,  819 5460.099478561377 2005.769580718737 12168.986561142103    1    7
         0,  818   0.707106781187  -0.707106781187   0.000000000000
                   0.577350269190   0.577350269190  -0.577350269190
0,  820 13652.824635287398 9233.654754378560 7577.735111823711    1    7
         0,  821  -0.707106781187  -0.000000000000   0.707106781187
                   0.577350269190  -0.577350269190   0.577350269190
0,  821 14193.629532139725 9448.055253666895 7251.330714259719    2    0
         0,  820   0.707106781187   0.000000000000  -0.707106781187
                   0.577350269190  -0.577350269190   0.577350269190
         0,  822  -0.707106781187  -0.000000000000   0.707106781187
                   0.577350269190  -0.577350269190   0.577350269190
0,  822 14734.434428992052 9662.455752955229 6924.926316695726    2    0
         0,  821   0.707106781187   0.000000000000  -0.707106781187
                   0.577350269190  -0.577350269190   0.577350269190
         0,  823  -0.707106781187  -0.000000000000   0.707106781187
                   0.577350269190  -0.577350269190   0.577350269190
0,  823 15275.239325844377 9876.856252243564 6598.521919131735    2    0
         0,  822   0.707106781187   0.000000000000  -0.707106781187
                   0.577350269190  -0.577350269190   0.577350269190
         0,  824  -0.707106781187  -0.000000000000   0.707106781187
                   0.577350269190  -0.577350269190   0.577350269190
0,  824 15816.044222696704 10091.256751531899 6272.117521567742    1    7
         0,  823   0.707106781187   0.000000000000  -0.707106781187
                   0.577350269190  -0.577350269190   0.577350269190
0,  825 11819.000360272848 13016.578328393600 4079.743975861299    1    7
         0,  826   0.000000000000   0.707106781187   0.707106781187
                   0.577350269190   0.577350269190  -0.577350269190
0,  826 12117.231318823742 13148.102659675307 4509.499265693899    2    0
         0,  825  -0.000000000000  -0.707106781187  -0.707106781187
                   0.577350269190   0.577350269190  -0.577350269190
         0,  827   0.000000000000   0.707106781187   0.707106781187
                   0.577350269190   0.577350269190  -0.577350269190
0,  827 12415.462277374636 13279.626990957015 4939.254555526501    2    0
         0,  826  -0.000000000000  -0.707106781187  -0.707106781187
                   0.577350269190   0.577350269190  -0.577350269190
         0,  828   0.000000000000   0.707106781187   0.707106781187
                   0.577350269190   0.577350269190  -0.577350269190
0,  828 12713.693235925530 13411.151322238722 5369.009845359102    2    0
         0,  827  -0.000000000000  -0.707106781187  -0.707106781187
                   0.577350269190   0.577350269190  -0.577350269190
         0,  829   0.000000000000   0.707106781187   0.707106781187
                   0.577350269190   0.577350269190  -0.577350269190
0,  829 13011.924194476422 13542.675653520428 5798.765135191702    1    7
         0,  828  -0.000000000000  -0.707106781187  -0.707106781187
                   0.577350269190   0.577350269190  -0.577350269190
0,  830 909.085613833492 7582.000082954942 8539.056181987138    1    7
         0,  831  -0.707106781187  -0.000000000000  -0.707106781187
                  -0.577350269190   0.577350269190   0.577350269190
0,  831 774.863342884787 7956.075848054616 8030.758145938760    2    0
         0,  830   0.707106781187   0.000000000000   0.707106781187
                  -0.577350269190   0.577350269190   0.577350269190
         0,  832  -0.707106781187  -0.000000000000  -0.707106781187
                  -0.577350269190   0.577350269190   0.577350269190
0,  832 640.641071936082 8330.151613154288 7522.460109890381    2    0
         0,  831   0.707106781187   0.000000000000   0.707106781187
                  -0.577350269190   0.577350269190   0.577350269190
         0,  833  -0.707106781187  -0.000000000000  -0.707106781187
                  -0.577350269190   0.577350269190   0.577350269190
0,  833 506.418800987377 8704.227378253961 7014.162073842003    2    0
         0,  832   0.707106781187   0.000000000000   0.707106781187
                  -0.577350269190   0.577350269190   0.577350269190
         0,  834  -0.707106781187  -0.000000000000  -0.707106781187
                  -0.577350269190   0.577350269190   0.577350269190
0,  834 372.196530038672 9078.303143353636 6505.864037793624    1    7
         0,  833   0.707106781187   0.000000000000   0.707106781187
                  -0.577350269190   0.577350269190   0.577350269190
0,  835 11417.347655249599 7301.822391197893 9957.581884851052    1    7
         0,  836  -0.707106781187  -0.000000000000  -0.707106781187
                  -0.577350269190   0.577350269190   0.577350269190
0,  836 10903.951526105488 6800.483286683579 9945.524860221254    2    0
         0,  835   0.707106781187   0.000000000000   0.707106781187
                  -0.577350269190   0.577350269190   0.577350269190
         0,  837  -0.707106781187  -0.000000000000  -0.707106781187
                  -0.577350269190   0.577350269190   0.577350269190
0,  837 10390.555396961376 6299.144182169265 9933.467835591457    2    0
         0,  836   0.707106781187   0.000000000000   0.707106781187
                  -0.577350269190   0.577350269190   0.577350269190
         0,  838  -0.707106781187  -0.000000000000  -0.707106781187
                  -0.577350269190   0.577350269190   0.577350269190
0,  838 9877.159267817264 5797.805077654951 9921.410810961659    2    0
         0,  837   0.707106781187   0.000000000000   0.707106781187
                  -0.577350269190   0.577350269190   0.577350269190
         0,  839  -0.707106781187  -0.000000000000  -0.707106781187
                  -0.577350269190   0.577350269190   0.577350269190
0,  839 9363.763138673152 5296.465973140636 9909.353786331862    1    7
         0,  838   0.707106781187   0.000000000000   0.707106781187
                  -0.577350269190   0.577350269190   0.577350269190
0,  840 4187.751736991453 5366.101292744780 3272.138598750981    1    7
         0,  841   0.707106781187   0.000000000000   0.707106781187
                  -0.577350269190   0.577350269190   0.577350269190
0,  841 3830.384097706125 5483.981320399226 2796.890931811208    2    0
         0,  840  -0.707106781187  -0.000000000000  -0.707106781187
                  -0.577350269190   0.577350269190   0.577350269190
         0,  842   0.707106781187   0.000000000000   0.707106781187
                  -0.577350269190   0.577350269190   0.577350269190
0,  842 3473.016458420798 5601.861348053671 2321.643264871434    2    0
         0,  841  -0.707106781187  -0.000000000000  -0.707106781187
                  -0.577350269190   0.577350269190   0.577350269190
         0,  843   0.707106781187   0.000000000000   0.707106781187
                  -0.577350269190   0.577350269190   0.577350269190
0,  843 3115.648819135471 5719.741375708118 1846.395597931661    2    0
         0,  842  -0.707106781187  -0.000000000000  -0.707106781187
                  -0.577350269190   0.577350269190   0.577350269190
         0,  844   0.707106781187   0.000000000000   0.707106781187
                  -0.577350269190   0.577350269190   0.577350269190
0,  844 2758.281179850143 5837.621403362564 1371.147930991888    1    7
         0,  843  -0.707106781187  -0.000000000000  -0.707106781187
                  -0.577350269190   0.577350269190   0.577350269190
0,  845 11983.675892763526 14709.709438060070 3336.894575490694    1    7
         0,  846  -0.000000000000  -0.707106781187   0.707106781187
                   0.577350269190   0.577350269190   0.577350269190
0,  846 12296.363701643961 14951.797158446150 2782.119046224177    2    0
         0,  845   0.000000000000   0.707106781187  -0.707106781187
                   0.577350269190   0.577350269190   0.577350269190
         0,  847  -0.000000000000  -0.707106781187   0.707106781187
                   0.577350269190   0.577350269190   0.577350269190
0,  847 12609.051510524398 15193.884878832230 2227.343516957661    2    0
         0,  846   0.000000000000   0.707106781187  -0.707106781187
                   0.577350269190   0.577350269190   0.577350269190
         0,  848  -0.000000000000  -0.707106781187   0.707106781187
                   0.577350269190   0.577350269190   0.577350269190
0,  848 12921.739319404833 15435.972599218312 1672.567987691144    2    0
         0,  847   0.000000000000   0.707106781187  -0.707106781187
                   0.577350269190   0.577350269190   0.577350269190
         0,  849  -0.000000000000  -0.707106781187   0.707106781187
                   0.577350269190   0.577350269190   0.577350269190
0,  849 13234.427128285270 15678.060319604392 1117.792458424628    1    7
         0,  848   0.000000000000   0.707106781187  -0.707106781187
                   0.577350269190   0.577350269190   0.577350269190
0,  850 9866.541762078454 7776.206966916134 8094.776240717121    1    7
         0,  851   0.707106781187   0.000000000000  -0.707106781187
                   0.577350269190  -0.577350269190   0.577350269190
0,  851 9993.451932829043 7389.052179836115 7580.711282886513    2    0
         0,  850  -0.707106781187  -0.000000000000   0.707106781187
                   0.577350269190  -0.577350269190   0.577350269190
         0,  852   0.707106781187   0.000000000000  -0.707106781187
                   0.577350269190  -0.577350269190   0.577350269190
0,  852 10120.362103579631 7001.897392756096 7066.646325055905    2    0
         0,  851  -0.707106781187  -0.000000000000   0.707106781187
                   0.577350269190  -0.577350269190   0.577350269190
         0,  853   0.707106781187   0.000000000000  -0.707106781187
                   0.577350269190  -0.577350269190   0.577350269190
0,  853 10247.272274330222 6614.742605676077 6552.581367225297    2    0
         0,  852  -0.707106781187  -0.000000000000   0.707106781187
                   0.577350269190  -0.577350269190   0.577350269190
         0,  854   0.707106781187   0.000000000000  -0.707106781187
                   0.577350269190  -0.577350269190   0.577350269190
0,  854 10374.182445080811 6227.587818596058 6038.516409394689    1    7
         0,  853  -0.707106781187  -0.000000000000   0.707106781187
                   0.577350269190  -0.577350269190   0.577350269190
0,  855 14450.923477779395 13518.386234750746 631.038130883758    1    7
         0,  856  -0.707106781187  -0.707106781187  -0.000000000000
                   0.577350269190  -0.577350269190   0.577350269190
0,  856 14830.777846429706 14009.291392541096 742.088920023798    2    0
         0,  855   0.707106781187   0.707106781187   0.000000000000
                   0.577350269190  -0.577350269190   0.577350269190
         0,  857  -0.707106781187  -0.707106781187  -0.000000000000
                   0.577350269190  -0.577350269190   0.577350269190
0,  857 15210.632215080017 14500.196550331446 853.139709163837    2    0
         0,  856   0.707106781187   0.707106781187   0.000000000000
                   0.577350269190  -0.577350269190   0.577350269190
         0,  858  -0.707106781187  -0.707106781187  -0.000000000000
                   0.577350269190  -0.577350269190   0.577350269190
0,  858 15590.486583730328 14991.101708121798 964.190498303877    2    0
         0,  857   0.707106781187   0.707106781187   0.000000000000
                   0.577350269190  -0.577350269190   0.577350269190
         0,  859  -0.707106781187  -0.707106781187  -0.000000000000
                   0.577350269190  -0.577350269190   0.577350269190
0,  859 15970.340952380639 15482.006865912148 1075.241287443917    1    7
         0,  858   0.707106781187   0.707106781187   0.000000000000
                   0.577350269190  -0.577350269190   0.577350269190
0,  860 14218.319187106299 2186.854496114647 15111.892620705687    1    7
         0,  861   0.707106781187   0.000000000000   0.707106781187
                   0.577350269190   0.577350269190  -0.577350269190
0,  861 14297.924425364965 1804.054673122064 14808.698035971769    2    0
         0,  860  -0.707106781187  -0.000000000000  -0.707106781187
                   0.577350269190   0.577350269190  -0.577350269190
         0,  862   0.707106781187   0.000000000000   0.707106781187
                   0.577350269190   0.577350269190  -0.577350269190
0,  862 14377.529663623629 1421.254850129481 14505.503451237852    2    0
         0,  861  -0.707106781187  -0.000000000000  -0.707106781187
                   0.577350269190   0.577350269190  -0.577350269190
         0,  863   0.707106781187   0.000000000000   0.707106781187
                   0.577350269190   0.577350269190  -0.577350269190
0,  863 14457.134901882295 1038.455027136898 14202.308866503934    2    0
         0,  862  -0.707106781187  -0.000000000000  -0.707106781187
                   0.577350269190   0.577350269190  -0.577350269190
         0,  864   0.707106781187   0.000000000000   0.707106781187
                   0.577350269190   0.577350269190  -0.577350269190
0,  864 14536.740140140961 655.655204144315 13899.114281770017    1    7
         0,  863  -0.707106781187  -0.000000000000  -0.707106781187
                   0.577350269190   0.577350269190  -0.577350269190
0,  865 935.498338291537 12263.908276624939 3299.907890669683    1    7
         0,  866   0.707106781187   0.707106781187   0.000000000000
                  -0.577350269190   0.577350269190   0.577350269190
0,  866 1042.207388717876 12606.857741268250 3063.667476452710    2    0
         0,  865  -0.707106781187  -0.707106781187  -0.000000000000
                  -0.577350269190   0.577350269190   0.577350269190
         0,  867   0.707106781187   0.707106781187   0.000000000000
                  -0.577350269190   0.577350269190   0.577350269190
0,  867 1148.916439144213 12949.807205911562 2827.427062235737    2    0
         0,  866  -0.707106781187  -0.707106781187  -0.000000000000
                  -0.577350269190   0.577350269190   0.577350269190
         0,  868   0.707106781187   0.707106781187   0.000000000000
                  -0.577350269190   0.577350269190   0.577350269190
0,  868 1255.625489570552 13292.756670554872 2591.186648018764    2    0
         0,  867  -0.707106781187  -0.707106781187  -0.000000000000
                  -0.577350269190   0.577350269190   0.577350269190
         0,  869   0.707106781187   0.707106781187   0.000000000000
                  -0.577350269190   0.577350269190   0.577350269190
0,  869 1362.334539996889 13635.706135198183 2354.946233801791    1    7
         0,  868  -0.707106781187  -0.707106781187  -0.000000000000
                  -0.577350269190   0.577350269190   0.577350269190
0,  870 8613.929815032099 6037.025383365054 8120.470015984297    1    7
         0,  871   0.000000000000   0.707106781187  -0.707106781187
                   0.577350269190   0.577350269190   0.577350269190
0,  871 8834.964355090606 6253.669148089562 7682.791711201282    2    0
         0,  870  -0.000000000000  -0.707106781187   0.707106781187
                   0.577350269190   0.577350269190   0.577350269190
         0,  872   0.000000000000   0.707106781187  -0.707106781187
                   0.577350269190   0.577350269190   0.577350269190
0,  872 9055.998895149114 6470.312912814069 7245.113406418267    2    0
         0,  871  -0.000000000000  -0.707106781187   0.707106781187
                   0.577350269190   0.577350269190   0.577350269190
         0,  873   0.000000000000   0.707106781187  -0.707106781187
                   0.577350269190   0.577350269190   0.577350269190
0,  873 9277.033435207621 6686.956677538577 6807.435101635252    2    0
         0,  872  -0.000000000000  -0.707106781187   0.707106781187
                   0.577350269190   0.577350269190   0.577350269190
         0,  874   0.000000000000   0.707106781187  -0.707106781187
                   0.577350269190   0.577350269190   0.577350269190
0,  874 9498.067975266129 6903.600442263084 6369.756796852237    1    7
         0,  873  -0.000000000000  -0.707106781187   0.707106781187
                   0.577350269190   0.577350269190   0.577350269190
0,  875 6151.458655919220 2959.232363598872 6109.607269434331    1    7
         0,  876  -0.707106781187  -0.000000000000  -0.707106781187
                  -0.577350269190   0.577350269190   0.577350269190
0,  876 5730.396412996031 3068.481825630399 5579.295564479615    2    0
         0,  875   0.707106781187   0.000000000000   0.707106781187
                  -0.577350269190   0.577350269190   0.577350269190
         0,  877  -0.707106781187  -0.000000000000  -0.707106781187
                  -0.577350269190   0.577350269190   0.577350269190
0,  877 5309.334170072842 3177.731287661926 5048.983859524899    2    0
         0,  876   0.707106781187   0.000000000000   0.707106781187
                  -0.577350269190   0.577350269190   0.577350269190
         0,  878  -0.707106781187  -0.000000000000  -0.707106781187
                  -0.577350269190   0.577350269190   0.577350269190
0,  878 4888.271927149653 3286.980749693453 4518.672154570183    2    0
         0,  877   0.707106781187   0.000000000000   0.707106781187
                  -0.577350269190   0.577350269190   0.577350269190
         0,  879  -0.707106781187  -0.000000000000  -0.707106781187
                  -0.577350269190   0.577350269190   0.577350269190
0,  879 4467.209684226465 3396.230211724980 3988.360449615468    1    7
         0,  878   0.707106781187   0.000000000000   0.707106781187
                  -0.577350269190   0.577350269190   0.577350269190
0,  880 13222.405731869445 11798.410357453922 12798.968280047930    1    7
         0,  881  -0.000000000000  -0.707106781187   0.707106781187
                   0.577350269190   0.577350269190   0.577350269190
0,  881 13427.113082945538 11432.660597464055 12960.010688961704    2    0
         0,  880   0.000000000000   0.707106781187  -0.707106781187
                   0.577350269190   0.577350269190   0.577350269190
         0,  882  -0.000000000000  -0.707106781187   0.707106781187
                   0.577350269190   0.577350269190   0.577350269190
0,  882 13631.820434021631 11066.910837474188 13121.053097875478    2    0
         0,  881   0.000000000000   0.707106781187  -0.707106781187
                   0.577350269190   0.577350269190   0.577350269190
         0,  883  -0.000000000000  -0.707106781187   0.707106781187
                   0.577350269190   0.577350269190   0.577350269190
0,  883 13836.527785097725 10701.161077484319 13282.095506789252    2    0
         0,  882   0.000000000000   0.707106781187  -0.707106781187
                   0.577350269190   0.577350269190   0.577350269190
         0,  884  -0.000000000000  -0.707106781187   0.707106781187
                   0.577350269190   0.577350269190   0.577350269190
0,  884 14041.235136173818 10335.411317494452 13443.137915703026    1    7
         0,  883   0.000000000000   0.707106781187  -0.707106781187
                   0.577350269190   0.577350269190   0.577350269190
0,  885 15266.252287762880 1804.625650020240 12686.451269067913    1    7
         0,  886  -0.707106781187  -0.000000000000   0.707106781187
                   0.577350269190   0.577350269190   0.577350269190
0,  886 14773.845222266160 2266.465305382495 12717.018679202380    2    0
         0,  885   0.707106781187   0.000000000000  -0.707106781187
                   0.577350269190   0.577350269190   0.577350269190
         0,  887  -0.707106781187  -0.000000000000   0.707106781187
                   0.577350269190   0.577350269190   0.577350269190
0,  887 14281.438156769438 2728.304960744750 12747.586089336844    2    0
         0,  886   0.707106781187   0.000000000000  -0.707106781187
                   0.577350269190   0.577350269190   0.577350269190
         0,  888  -0.707106781187  -0.000000000000   0.707106781187
                   0.577350269190   0.577350269190   0.577350269190
0,  888 13789.031091272718 3190.144616107005 12778.153499471311    2    0
         0,  887   0.707106781187   0.000000000000  -0.707106781187
                   0.577350269190   0.577350269190   0.577350269190
         0,  889  -0.707106781187  -0.000000000000   0.707106781187
                   0.577350269190   0.577350269190   0.577350269190
0,  889 13296.624025775996 3651.984271469260 12808.720909605776    1    7
         0,  888   0.707106781187   0.000000000000  -0.707106781187
                   0.577350269190   0.577350269190   0.577350269190
0,  890 12608.341856307605 15059.512741364775 11756.703251154580    1    7
         0,  891  -0.707106781187  -0.000000000000   0.707106781187
                   0.577350269190  -0.577350269190   0.577350269190
0,  891 13117.887249944886 15201.463609351067 11389.108725503591    2    0
         0,  890   0.707106781187   0.000000000000  -0.707106781187
                   0.577350269190  -0.577350269190   0.577350269190
         0,  892  -0.707106781187  -0.000000000000   0.707106781187
                   0.577350269190  -0.577350269190   0.577350269190
0,  892 13627.432643582168 15343.414477337357 11021.514199852601    2    0
         0,  891   0.707106781187   0.000000000000  -0.707106781187
                   0.577350269190  -0.577350269190   0.577350269190
         0,  893  -0.707106781187  -0.000000000000   0.707106781187
                   0.577350269190  -0.577350269190   0.577350269190
0,  893 14136.978037219447 15485.365345323647 10653.919674201610    2    0
         0,  892   0.707106781187   0.000000000000  -0.707106781187
                   0.577350269190  -0.577350269190   0.577350269190
         0,  894  -0.707106781187  -0.000000000000   0.707106781187
                   0.577350269190  -0.577350269190   0.577350269190
0,  894 14646.523430856729 15627.316213309939 10286.325148550621    1    7
         0,  893   0.707106781187   0.000000000000  -0.707106781187
                   0.577350269190  -0.577350269190   0.577350269190
0,  895 5599.216394705099 6995.880735622414 3026.476153156627    1    7
         0,  896  -0.707106781187  -0.000000000000   0.707106781187
                   0.577350269190  -0.577350269190   0.577350269190
0,  896 5744.130609293768 6705.567610124328 2591.248813069873    2    0
         0,  895   0.707106781187   0.000000000000  -0.707106781187
                   0.577350269190  -0.577350269190   0.577350269190
         0,  897  -0.707106781187  -0.000000000000   0.707106781187
                   0.577350269190  -0.577350269190   0.577350269190
0,  897 5889.044823882435 6415.254484626241 2156.021472983119    2    0
         0,  896   0.707106781187   0.000000000000  -0.707106781187
                   0.577350269190  -0.577350269190   0.577350269190
         0,  898  -0.707106781187  -0.000000000000   0.707106781187
                   0.577350269190  -0.577350269190   0.577350269190
0,  898 6033.959038471103 6124.941359128154 1720.794132896364    2    0
         0,  897   0.707106781187   0.000000000000  -0.707106781187
                   0.577350269190  -0.577350269190   0.577350269190
         0,  899  -0.707106781187  -0.000000000000   0.707106781187
                   0.577350269190  -0.577350269190   0.577350269190
0,  899 6178.873253059770 5834.628233630067 1285.566792809610    1    7
         0,  898   0.707106781187   0.000000000000  -0.707106781187
                   0.577350269190  -0.577350269190   0.577350269190
0,  900 7701.645805855987 14496.161509442220 8943.631811481926    1    7
         0,  901  -0.707106781187  -0.707106781187  -0.000000000000
                   0.577350269190  -0.577350269190   0.577350269190
0,  901 7459.819673020324 14618.274140578584 9307.570575453954    2    0
         0,  900   0.707106781187   0.707106781187   0.000000000000
                   0.577350269190  -0.577350269190   0.577350269190
         0,  902  -0.707106781187  -0.707106781187  -0.000000000000
                   0.577350269190  -0.577350269190   0.577350269190
0,  902 7217.993540184660 14740.386771714948 9671.509339425982    2    0
         0,  901   0.707106781187   0.707106781187   0.000000000000
                   0.577350269190  -0.577350269190   0.577350269190
         0,  903  -0.707106781187  -0.707106781187  -0.000000000000
                   0.577350269190  -0.577350269190   0.577350269190
0,  903 6976.167407348996 14862.499402851314 10035.448103398010    2    0
         0,  902   0.707106781187   0.707106781187   0.000000000000
                   0.577350269190  -0.577350269190   0.577350269190
         0,  904  -0.707106781187  -0.707106781187  -0.000000000000
                   0.577350269190  -0.577350269190   0.577350269190
0,  904 6734.341274513333 14984.612033987678 10399.386867370038    1    7
         0,  903   0.707106781187   0.707106781187   0.000000000000
                   0.577350269190  -0.577350269190   0.577350269190
0,  905 3015.976384887013 15676.825636928506 4691.267452367647    1    7
         0,  906  -0.000000000000  -0.707106781187  -0.707106781187
                   0.577350269190  -0.577350269190   0.577350269190
0,  906 3368.670442266242 15652.598882189670 4314.346640249581    2    0
         0,  905   0.000000000000   0.707106781187   0.707106781187
                   0.577350269190  -0.577350269190   0.577350269190
         0,  907  -0.000000000000  -0.707106781187  -0.707106781187
                   0.577350269190  -0.577350269190   0.577350269190
0,  907 3721.364499645471 15628.372127450833 3937.425828131516    2    0
         0,  906   0.000000000000   0.707106781187   0.707106781187
                   0.577350269190  -0.577350269190   0.577350269190
         0,  908  -0.000000000000  -0.707106781187  -0.707106781187
                   0.577350269190  -0.577350269190   0.577350269190
0,  908 4074.058557024700 15604.145372711997 3560.505016013451    2    0
         0,  907   0.000000000000   0.707106781187   0.707106781187
                   0.577350269190  -0.577350269190   0.577350269190
         0,  909  -0.000000000000  -0.707106781187  -0.707106781187
                   0.577350269190  -0.577350269190   0.577350269190
0,  909 4426.752614403929 15579.918617973161 3183.584203895386    1    7
         0,  908   0.000000000000   0.707106781187   0.707106781187
                   0.577350269190  -0.577350269190   0.577350269190
0,  910 15722.925927735099 4340.692163733791 2510.516693248948    1    7
         0,  911  -0.707106781187  -0.000000000000  -0.707106781187
                   0.577350269190   0.577350269190  -0.577350269190
0,  911 15448.334226339794 4162.683649098662 2057.916477218513    2    0
         0,  910   0.707106781187   0.000000000000   0.707106781187
                   0.577350269190   0.577350269190  -0.577350269190
         0,  912  -0.707106781187  -0.000000000000  -0.707106781187
                   0.577350269190   0.577350269190  -0.577350269190
0,  912 15173.742524944488 3984.675134463533 1605.316261188078    2    0
         0,  911   0.707106781187   0.000000000000   0.707106781187
                   0.577350269190   0.577350269190  -0.577350269190
         0,  913  -0.707106781187  -0.000000000000  -0.707106781187
                   0.577350269190   0.577350269190  -0.577350269190
0,  913 14899.150823549182 3806.666619828404 1152.716045157644    2    0
         0,  912   0.707106781187   0.000000000000   0.707106781187
                   0.577350269190   0.577350269190  -0.577350269190
         0,  914  -0.707106781187  -0.000000000000  -0.707106781187
                   0.577350269190   0.577350269190  -0.577350269190
0,  914 14624.559122153876 3628.658105193275 700.115829127209    1    7
         0,  913   0.707106781187   0.000000000000   0.707106781187
                   0.577350269190   0.577350269190  -0.577350269190
0,  915 2920.289465055956 9910.913243623118 14719.417143438222    1    7
         0,  916   0.707106781187  -0.707106781187   0.000000000000
                   0.577350269190   0.577350269190  -0.577350269190
0,  916 3194.776754625139 9460.514167160511 14543.505356544800    2    0
         0,  915  -0.707106781187   0.707106781187  -0.000000000000
                   0.577350269190   0.577350269190  -0.577350269190
         0,  917   0.707106781187  -0.707106781187   0.000000000000
                   0.577350269190   0.577350269190  -0.577350269190
0,  917 3469.264044194323 9010.115090697904 14367.593569651377    2    0
         0,  916  -0.707106781187   0.707106781187  -0.000000000000
                   0.577350269190   0.577350269190  -0.577350269190
         0,  918   0.707106781187  -0.707106781187   0.000000000000
                   0.577350269190   0.577350269190  -0.577350269190
0,  918 3743.751333763507 8559.716014235297 14191.681782757953    2    0
         0,  917  -0.707106781187   0.707106781187  -0.000000000000
                   0.577350269190   0.577350269190  -0.577350269190
         0,  919   0.707106781187  -0.707106781187   0.000000000000
                   0.577350269190   0.577350269190  -0.577350269190
0,  919 4018.238623332691 8109.316937772690 14015.769995864530    1    7
         0,  918  -0.707106781187   0.707106781187  -0.000000000000
                   0.577350269190   0.577350269190  -0.577350269190
0,  920 2935.491483117361 12968.665658469821 10713.037751541187    1    7
         0,  921   0.000000000000   0.707106781187   0.707106781187
                   0.577350269190  -0.577350269190   0.577350269190
0,  921 3316.132634475894 12833.415229401799 10197.146171114633    2    0
         0,  920  -0.000000000000  -0.707106781187  -0.707106781187
                   0.577350269190  -0.577350269190   0.577350269190
         0,  922   0.000000000000   0.707106781187   0.707106781187
                   0.577350269190  -0.577350269190   0.577350269190
0,  922 3696.773785834426 12698.164800333776 9681.254590688077    2    0
         0,  921  -0.000000000000  -0.707106781187  -0.707106781187
                   0.577350269190  -0.577350269190   0.577350269190
         0,  923   0.000000000000   0.707106781187   0.707106781187
                   0.577350269190  -0.577350269190   0.577350269190
0,  923 4077.414937192958 12562.914371265753 9165.363010261521    2    0
         0,  922  -0.000000000000  -0.707106781187  -0.707106781187
                   0.577350269190  -0.577350269190   0.577350269190
         0,  924   0.000000000000   0.707106781187   0.707106781187
                   0.577350269190  -0.577350269190   0.577350269190
0,  924 4458.056088551491 12427.663942197731 8649.471429834966    1    7
         0,  923  -0.000000000000  -0.707106781187  -0.707106781187
                   0.577350269190  -0.577350269190   0.577350269190
0,  925 6418.919424264256 1417.898537228851 3434.516927398346    1    7
         0,  926  -0.707106781187  -0.000000000000   0.707106781187
                   0.577350269190   0.577350269190   0.577350269190
0,  926 6100.658064885312 1520.534679208457 3650.142144797684    2    0
         0,  925   0.707106781187   0.000000000000  -0.707106781187
                   0.577350269190   0.577350269190   0.577350269190
         0,  927  -0.707106781187  -0.000000000000   0.707106781187
                   0.577350269190   0.577350269190   0.577350269190
0,  927 5782.396705506369 1623.170821188062 3865.767362197022    2    0
         0,  926   0.707106781187   0.000000000000  -0.707106781187
                   0.577350269190   0.577350269190   0.577350269190
         0,  928  -0.707106781187  -0.000000000000   0.707106781187
                   0.577350269190   0.577350269190   0.577350269190
0,  928 5464.135346127427 1725.806963167667 4081.392579596361    2    0
         0,  927   0.707106781187   0.000000000000  -0.707106781187
                   0.577350269190   0.577350269190   0.577350269190
         0,  929  -0.707106781187  -0.000000000000   0.707106781187
                   0.577350269190   0.577350269190   0.577350269190
0,  929 5145.873986748483 1828.443105147272 4297.017796995699    1    7
         0,  928   0.707106781187   0.000000000000  -0.707106781187
                   0.577350269190   0.577350269190   0.577350269190
0,  930 5232.700783922944 12556.033413588062 9359.147200445332    1    7
         0,  931   0.707106781187   0.000000000000  -0.707106781187
                   0.577350269190   0.577350269190   0.577350269190
0,  931 5790.818356475373 12366.118437171301 8990.944604309663    2    0
         0,  930  -0.707106781187  -0.000000000000   0.707106781187
                   0.577350269190   0.577350269190   0.577350269190
         0,  932   0.707106781187   0.000000000000  -0.707106781187
                   0.577350269190   0.577350269190   0.577350269190
0,  932 6348.935929027802 12176.203460754541 8622.742008173995    2    0
         0,  931  -0.707106781187  -0.000000000000   0.707106781187
                   0.577350269190   0.577350269190   0.577350269190
         0,  933   0.707106781187   0.000000000000  -0.707106781187
                   0.577350269190   0.577350269190   0.577350269190
0,  933 6907.053501580231 11986.288484337780 8254.539412038328    2    0
         0,  932  -0.707106781187  -0.000000000000   0.707106781187
                   0.577350269190   0.577350269190   0.577350269190
         0,  934   0.707106781187   0.000000000000  -0.707106781187
                   0.577350269190   0.577350269190   0.577350269190
0,  934 7465.171074132660 11796.373507921018 7886.336815902660    1    7
         0,  933  -0.707106781187  -0.000000000000   0.707106781187
                   0.577350269190   0.577350269190   0.577350269190
0,  935 10387.611816622739 9568.969968713967 7934.470618409402    1    7
         0,  936   0.707106781187   0.000000000000   0.707106781187
                  -0.577350269190   0.577350269190   0.577350269190
0,  936 10427.963861511284 10029.664644380582 7514.127987631331    2    0
         0,  935  -0.707106781187  -0.000000000000  -0.707106781187
                  -0.577350269190   0.577350269190   0.577350269190
         0,  937   0.707106781187   0.000000000000   0.707106781187
                  -0.577350269190   0.577350269190   0.577350269190
0,  937 10468.315906399826 10490.359320047197 7093.785356853260    2    0
         0,  936  -0.707106781187  -0.000000000000  -0.707106781187
                  -0.577350269190   0.577350269190   0.577350269190
         0,  938   0.707106781187   0.000000000000   0.707106781187
                  -0.577350269190   0.577350269190   0.577350269190
0,  938 10508.667951288371 10951.053995713812 6673.442726075189    2    0
         0,  937  -0.707106781187  -0.000000000000  -0.707106781187
                  -0.577350269190   0.577350269190   0.577350269190
         0,  939   0.707106781187   0.000000000000   0.707106781187
                  -0.577350269190   0.577350269190   0.577350269190
0,  939 10549.019996176914 11411.748671380426 6253.100095297118    1    7
         0,  938  -0.707106781187  -0.000000000000  -0.707106781187
                  -0.577350269190   0.577350269190   0.577350269190
0,  940 2468.880467300412 15186.681353776019 3637.854861319712    1    7
         0,  941  -0.707106781187  -0.000000000000  -0.707106781187
                   0.577350269190   0.577350269190  -0.577350269190
0,  941 2830.008975373367 14634.897076514750 3447.199092131398    2    0
         0,  940   0.707106781187   0.000000000000   0.707106781187
                   0.577350269190   0.577350269190  -0.577350269190
         0,  942  -0.707106781187  -0.000000000000  -0.707106781187
                   0.577350269190   0.577350269190  -0.577350269190
0,  942 3191.137483446323 14083.112799253480 3256.543322943085    2    0
         0,  941   0.707106781187   0.000000000000   0.707106781187
                   0.577350269190   0.577350269190  -0.577350269190
         0,  943  -0.707106781187  -0.000000000000  -0.707106781187
                   0.577350269190   0.577350269190  -0.577350269190
0,  943 3552.265991519278 13531.328521992211 3065.887553754771    2    0
         0,  942   0.707106781187   0.000000000000   0.707106781187
                   0.577350269190   0.577350269190  -0.577350269190
         0,  944  -0.707106781187  -0.000000000000  -0.707106781187
                   0.577350269190   0.577350269190  -0.577350269190
0,  944 3913.394499592234 12979.544244730942 2875.231784566457    1    7
         0,  943   0.707106781187   0.000000000000   0.707106781187
                   0.577350269190   0.577350269190  -0.577350269190
0,  945 15957.960272517817 7158.587501733515 8391.125106706299    1    7
         0,  946  -0.000000000000  -0.707106781187   0.707106781187
                   0.577350269190   0.577350269190   0.577350269190
0,  946 15963.740710028589 7494.375743633447 8049.556427295593    2    0
         0,  945   0.000000000000   0.707106781187  -0.707106781187
                   0.577350269190   0.577350269190   0.577350269190
         0,  947  -0.000000000000  -0.707106781187   0.707106781187
                   0.577350269190   0.577350269190   0.577350269190
0,  947 15969.521147539363 7830.163985533380 7707.987747884888    2    0
         0,  946   0.000000000000   0.707106781187  -0.707106781187
                   0.577350269190   0.577350269190   0.577350269190
         0,  948  -0.000000000000  -0.707106781187   0.707106781187
                   0.577350269190   0.577350269190   0.577350269190
0,  948 15975.301585050134 8165.952227433313 7366.419068474184    2    0
         0,  947   0.000000000000   0.707106781187  -0.707106781187
                   0.577350269190   0.577350269190   0.577350269190
         0,  949  -0.000000000000  -0.707106781187   0.707106781187
                   0.577350269190   0.577350269190   0.577350269190
0,  949 15981.082022560906 8501.740469333246 7024.850389063479    1    7
         0,  948   0.000000000000   0.707106781187  -0.707106781187
                   0.577350269190   0.577350269190   0.577350269190
0,  950 9128.617552120913 3442.475927235130 9201.679994213664    1    7
         0,  951   0.000000000000   0.707106781187   0.707106781187
                   0.577350269190   0.577350269190  -0.577350269190
0,  951 9295.910637460433 3683.361906141416 9609.859058459469    2    0
         0,  950  -0.000000000000  -0.707106781187  -0.707106781187
                   0.577350269190   0.577350269190  -0.577350269190
         0,  952   0.000000000000   0.707106781187   0.707106781187
                   0.577350269190   0.577350269190  -0.577350269190
0,  952 9463.203722799952 3924.247885047702 10018.038122705275    2    0
         0,  951  -0.000000000000  -0.707106781187  -0.707106781187
                   0.577350269190   0.577350269190  -0.577350269190
         0,  953   0.000000000000   0.707106781187   0.707106781187
                   0.577350269190   0.577350269190  -0.577350269190
0,  953 9630.496808139471 4165.133863953988 10426.217186951078    2    0
         0,  952  -0.000000000000  -0.707106781187  -0.707106781187
                   0.577350269190   0.577350269190  -0.577350269190
         0,  954   0.000000000000   0.707106781187   0.707106781187
                   0.577350269190   0.577350269190  -0.577350269190
0,  954 9797.789893478990 4406.019842860273 10834.396251196884    1    7
         0,  953  -0.000000000000  -0.707106781187  -0.707106781187
                   0.577350269190   0.577350269190  -0.577350269190
0,  955 7658.319688355680 12755.977249472566 6875.808426540330    1    7
         0,  956   0.000000000000   0.707106781187   0.707106781187
                   0.577350269190   0.577350269190  -0.577350269190
0,  956 7599.890903681445 13215.894073883259 7277.296466276788    2    0
         0,  955  -0.000000000000  -0.707106781187  -0.707106781187
                   0.577350269190   0.577350269190  -0.577350269190
         0,  957   0.000000000000   0.707106781187   0.707106781187
                   0.577350269190   0.577350269190  -0.577350269190
0,  957 7541.462119007208 13675.810898293952 7678.784506013245    2    0
         0,  956  -0.000000000000  -0.707106781187  -0.707106781187
                   0.577350269190   0.577350269190  -0.577350269190
         0,  958   0.000000000000   0.707106781187   0.707106781187
                   0.577350269190   0.577350269190  -0.577350269190
0,  958 7483.033334332973 14135.727722704645 8080.272545749703    2    0
         0,  957  -0.000000000000  -0.707106781187  -0.707106781187
                   0.577350269190   0.577350269190  -0.577350269190
         0,  959   0.000000000000   0.707106781187   0.707106781187
                   0.577350269190   0.577350269190  -0.577350269190
0,  959 7424.604549658738 14595.644547115338 8481.760585486159    1    7
         0,  958  -0.000000000000  -0.707106781187  -0.707106781187
                   0.577350269190   0.577350269190  -0.577350269190
0,  960 10972.274209697765 12878.570121869390 6825.326018553310    1    7
         0,  961  -0.000000000000  -0.707106781187  -0.707106781187
                   0.577350269190  -0.577350269190   0.577350269190
0,  961 10574.563655866055 12511.749598522018 6856.216049037648    2    0
         0,  960   0.000000000000   0.707106781187   0.707106781187
                   0.577350269190  -0.577350269190   0.577350269190
         0,  962  -0.000000000000  -0.707106781187  -0.707106781187
                   0.577350269190  -0.577350269190   0.577350269190
0,  962 10176.853102034343 12144.929075174645 6887.106079521986    2    0
         0,  961   0.000000000000   0.707106781187   0.707106781187
                   0.577350269190  -0.577350269190   0.577350269190
         0,  963  -0.000000000000  -0.707106781187  -0.707106781187
                   0.577350269190  -0.577350269190   0.577350269190
0,  963 9779.142548202633 11778.108551827272 6917.996110006324    2    0
         0,  962   0.000000000000   0.707106781187   0.707106781187
                   0.577350269190  -0.577350269190   0.577350269190
         0,  964  -0.000000000000  -0.707106781187  -0.707106781187
                   0.577350269190  -0.577350269190   0.577350269190
0,  964 9381.431994370923 11411.288028479899 6948.886140490661    1    7
         0,  963   0.000000000000   0.707106781187   0.707106781187
                   0.577350269190  -0.577350269190   0.577350269190
0,  965 9053.327560495823 6532.913276460991 10732.546949215550    1    7
         0,  966   0.707106781187   0.000000000000  -0.707106781187
                   0.577350269190   0.577350269190   0.577350269190
0,  966 9482.866971821943 6169.676906150975 10666.243908199447    2    0
         0,  965  -0.707106781187  -0.000000000000   0.707106781187
                   0.577350269190   0.577350269190   0.577350269190
         0,  967   0.707106781187   0.000000000000  -0.707106781187
                   0.577350269190   0.577350269190   0.577350269190
0,  967 9912.406383148062 5806.440535840959 10599.940867183344    2    0
         0,  966  -0.707106781187  -0.000000000000   0.707106781187
                   0.577350269190   0.577350269190   0.577350269190
         0,  968   0.707106781187   0.000000000000  -0.707106781187
                   0.577350269190   0.577350269190   0.577350269190
0,  968 10341.945794474181 5443.204165530942 10533.637826167242    2    0
         0,  967  -0.707106781187  -0.000000000000   0.707106781187
                   0.577350269190   0.577350269190   0.577350269190
         0,  969   0.707106781187   0.000000000000  -0.707106781187
                   0.577350269190   0.577350269190   0.577350269190
0,  969 10771.485205800300 5079.967795220927 10467.334785151139    1    7
         0,  968  -0.707106781187  -0.000000000000   0.707106781187
                   0.577350269190   0.577350269190   0.577350269190
0,  970 5152.668827782885 6140.434703121201 12596.703510469541    1    7
         0,  971   0.707106781187   0.707106781187   0.000000000000
                  -0.577350269190   0.577350269190   0.577350269190
0,  971 5695.763511862999 6545.173344474047 12735.059553196808    2    0
         0,  970  -0.707106781187  -0.707106781187  -0.000000000000
                  -0.577350269190   0.577350269190   0.577350269190
         0,  972   0.707106781187   0.707106781187   0.000000000000
                  -0.577350269190   0.577350269190   0.577350269190
0,  972 6238.858195943112 6949.911985826892 12873.415595924076    2    0
         0,  971  -0.707106781187  -0.707106781187  -0.000000000000
                  -0.577350269190   0.577350269190   0.577350269190
         0,  973   0.707106781187   0.707106781187   0.000000000000
                  -0.577350269190   0.577350269190   0.577350269190
0,  973 6781.952880023225 7354.650627179738 13011.771638651344    2    0
         0,  972  -0.707106781187  -0.707106781187  -0.000000000000
                  -0.577350269190   0.577350269190   0.577350269190
         0,  974   0.707106781187   0.707106781187   0.000000000000
                  -0.577350269190   0.577350269190   0.577350269190
0,  974 7325.047564103338 7759.389268532584 13150.127681378610    1    7
         0,  973  -0.707106781187  -0.707106781187  -0.000000000000
                  -0.577350269190   0.577350269190   0.577350269190
0,  975 6510.686270795421 3286.882957079075 12248.896828607603    1    7
         0,  976   0.000000000000   0.707106781187   0.707106781187
                   0.577350269190  -0.577350269190   0.577350269190
0,  976 6986.097803534953 3489.771973321598 11976.374312110594    2    0
         0,  975  -0.000000000000  -0.707106781187  -0.707106781187
                   0.577350269190  -0.577350269190   0.577350269190
         0,  977   0.000000000000   0.707106781187   0.707106781187
                   0.577350269190  -0.577350269190   0.577350269190
0,  977 7461.509336274484 3692.660989564121 11703.851795613586    2    0
         0,  976  -0.000000000000  -0.707106781187  -0.707106781187
                   0.577350269190  -0.577350269190   0.577350269190
         0,  978   0.000000000000   0.707106781187   0.707106781187
                   0.577350269190  -0.577350269190   0.577350269190
0,  978 7936.920869014015 3895.550005806645 11431.329279116579    2    0
         0,  977  -0.000000000000  -0.707106781187  -0.707106781187
                   0.577350269190  -0.577350269190   0.577350269190
         0,  979   0.000000000000   0.707106781187   0.707106781187
                   0.577350269190  -0.577350269190   0.577350269190
0,  979 8412.332401753547 4098.439022049168 11158.806762619570    1    7
         0,  978  -0.000000000000  -0.707106781187  -0.707106781187
                   0.577350269190  -0.577350269190   0.577350269190
0,  980 9161.092031129940 10633.419234597983 14027.701839962361    1    7
         0,  981   0.707106781187   0.000000000000  -0.707106781187
                   0.577350269190  -0.577350269190   0.577350269190
0,  981 9523.388377361591 11092.060445804864 14124.046704937591    2    0
         0,  980  -0.707106781187  -0.000000000000   0.707106781187
                   0.577350269190  -0.577350269190   0.577350269190
         0,  982   0.707106781187   0.000000000000  -0.707106781187
                   0.577350269190  -0.577350269190   0.577350269190
0,  982 9885.684723593244 11550.701657011745 14220.391569912819    2    0
         0,  981  -0.707106781187  -0.000000000000   0.707106781187
                   0.577350269190  -0.577350269190   0.577350269190
         0,  983   0.707106781187   0.000000000000  -0.707106781187
                   0.577350269190  -0.577350269190   0.577350269190
0,  983 10247.981069824895 12009.342868218626 14316.736434888049    2    0
         0,  982  -0.707106781187  -0.000000000000   0.707106781187
                   0.577350269190  -0.577350269190   0.577350269190
         0,  984   0.707106781187   0.000000000000  -0.707106781187
                   0.577350269190  -0.577350269190   0.577350269190
0,  984 10610.277416056546 12467.984079425507 14413.081299863279    1    7
         0,  983  -0.707106781187  -0.000000000000   0.707106781187
                   0.577350269190  -0.577350269190   0.577350269190
0,  985 15437.492690867373 3473.300661911872 3050.722793760670    1    7
         0,  986  -0.707106781187  -0.000000000000   0.707106781187
                   0.577350269190  -0.577350269190   0.577350269190
0,  986 14986.369860576560 3179.829875638992 3208.374837778603    2    0
         0,  985   0.707106781187   0.000000000000  -0.707106781187
                   0.577350269190  -0.577350269190   0.577350269190
         0,  987  -0.707106781187  -0.000000000000   0.707106781187
                   0.577350269190  -0.577350269190   0.577350269190
0,  987 14535.247030285747 2886.359089366112 3366.026881796535    2    0
         0,  986   0.707106781187   0.000000000000  -0.707106781187
                   0.577350269190  -0.577350269190   0.577350269190
         0,  988  -0.707106781187  -0.000000000000   0.707106781187
                   0.577350269190  -0.577350269190   0.577350269190
0,  988 14084.124199994936 2592.888303093232 3523.678925814468    2    0
         0,  987   0.707106781187   0.000000000000  -0.707106781187
                   0.577350269190  -0.577350269190   0.577350269190
         0,  989  -0.707106781187  -0.000000000000   0.707106781187
                   0.577350269190  -0.577350269190   0.577350269190
0,  989 13633.001369704123 2299.417516820352 3681.330969832401    1    7
         0,  988   0.707106781187   0.000000000000  -0.707106781187
                   0.577350269190  -0.577350269190   0.577350269190
0,  990 14365.579283242818 12683.626627809679 11486.609849088514    1    7
         0,  991   0.707106781187   0.707106781187   0.000000000000
                   0.577350269190  -0.577350269190   0.577350269190
0,  991 13973.764974295656 12197.082363353051 11391.879893579049    2    0
         0,  990  -0.707106781187  -0.707106781187  -0.000000000000
                   0.577350269190  -0.577350269190   0.577350269190
         0,  992   0.707106781187   0.707106781187   0.000000000000
                   0.577350269190  -0.577350269190   0.577350269190
0,  992 13581.950665348493 11710.538098896423 11297.149938069582    2    0
         0,  991  -0.707106781187  -0.707106781187  -0.000000000000
                   0.577350269190  -0.577350269190   0.577350269190
         0,  993   0.707106781187   0.707106781187   0.000000000000
                   0.577350269190  -0.577350269190   0.577350269190
0,  993 13190.136356401332 11223.993834439794 11202.419982560117    2    0
         0,  992  -0.707106781187  -0.707106781187  -0.000000000000
                   0.577350269190  -0.577350269190   0.577350269190
         0,  994   0.707106781187   0.707106781187   0.000000000000
                   0.577350269190  -0.577350269190   0.577350269190
0,  994 12798.322047454170 10737.449569983168 11107.690027050650    1    7
         0,  993  -0.707106781187  -0.707106781187  -0.000000000000
                   0.577350269190  -0.577350269190   0.577350269190
0,  995 7569.539747749496 3423.059495782964 3988.052300350890    1    7
         0,  996  -0.707106781187  -0.000000000000  -0.707106781187
                  -0.577350269190   0.577350269190   0.577350269190
0,  996 7629.990603350154 3113.769326005866 4357.793325728646    2    0
         0,  995   0.707106781187   0.000000000000   0.707106781187
                  -0.577350269190   0.577350269190   0.577350269190
         0,  997  -0.707106781187  -0.000000000000  -0.707106781187
                  -0.577350269190   0.577350269190   0.577350269190
0,  997 7690.441458950812 2804.479156228768 4727.534351106402    2    0
         0,  996   0.707106781187   0.000000000000   0.707106781187
                  -0.577350269190   0.577350269190   0.577350269190
         0,  998  -0.707106781187  -0.000000000000  -0.707106781187
                  -0.577350269190   0.577350269190   0.577350269190
0,  998 7750.892314551470 2495.188986451671 5097.275376484158    2    0
         0,  997   0.707106781187   0.000000000000   0.707106781187
                  -0.577350269190   0.577350269190   0.577350269190
         0,  999  -0.707106781187  -0.000000000000  -0.707106781187
                  -0.577350269190   0.577350269190   0.577350269190
0,  999 7811.343170152128 2185.898816674573 5467.016401861914    1    7
         0,  998   0.707106781187   0.000000000000   0.707106781187
                  -0.577350269190   0.577350269190   0.577350269190
0, 1000 8184.214904156273 11796.816272260659 1094.963755393781    1    7
         0, 1001  -0.000000000000  -0.707106781187   0.707106781187
                   0.577350269190   0.577350269190   0.577350269190
0, 1001 8481.802002724124 11397.572933000196 1196.619996086395    2    0
         0, 1000   0.000000000000   0.707106781187  -0.707106781187
                   0.577350269190   0.577350269190   0.577350269190
         0, 1002  -0.000000000000  -0.707106781187   0.707106781187
                   0.577350269190   0.577350269190   0.577350269190
0, 1002 8779.389101291972 10998.329593739732 1298.276236779009    2    0
         0, 1001   0.000000000000   0.707106781187  -0.707106781187
                   0.577350269190   0.577350269190   0.577350269190
         0, 1003  -0.000000000000  -0.707106781187   0.707106781187
                   0.577350269190   0.577350269190   0.577350269190
0, 1003 9076.976199859822 10599.086254479269 1399.932477471622    2    0
         0, 1002   0.000000000000   0.707106781187  -0.707106781187
                   0.577350269190   0.577350269190   0.577350269190
         0, 1004  -0.000000000000  -0.707106781187   0.707106781187
                   0.577350269190   0.577350269190   0.577350269190
0, 1004 9374.563298427671 10199.842915218806 1501.588718164236    1    7
         0, 1003   0.000000000000   0.707106781187  -0.707106781187
                   0.577350269190   0.577350269190   0.577350269190
0, 1005 11667.539988419745 12295.315476621945 7997.983100295951    1    7
         0, 1006  -0.707106781187   0.707106781187  -0.000000000000
                   0.577350269190   0.577350269190   0.577350269190
0, 1006 11783.973910499444 12540.148805509456 7636.715849328741    2    0
         0, 1005   0.707106781187  -0.707106781187   0.000000000000
                   0.577350269190   0.577350269190   0.577350269190
         0, 1007  -0.707106781187   0.707106781187  -0.000000000000
                   0.577350269190   0.577350269190   0.577350269190
0, 1007 11900.407832579145 12784.982134396965 7275.448598361530    2    0
         0, 1006   0.707106781187  -0.707106781187   0.000000000000
                   0.577350269190   0.577350269190   0.577350269190
         0, 1008  -0.707106781187   0.707106781187  -0.000000000000
                   0.577350269190   0.577350269190   0.577350269190
0, 1008 12016.841754658844 13029.815463284476 6914.181347394320    2    0
         0, 1007   0.707106781187  -0.707106781187   0.000000000000
                   0.577350269190   0.577350269190   0.577350269190
         0, 1009  -0.707106781187   0.707106781187  -0.000000000000
                   0.577350269190   0.577350269190   0.577350269190
0, 1009 12133.275676738544 13274.648792171987 6552.914096427110    1    7
         0, 1008   0.707106781187  -0.707106781187   0.000000000000
                   0.577350269190   0.577350269190   0.577350269190
0, 1010 6385.735866803466 4213.397736413861 7157.520312461985    1    7
         0, 1011  -0.707106781187  -0.000000000000  -0.707106781187
                  -0.577350269190   0.577350269190   0.577350269190
0, 1011 6155.138240283521 3794.413406229898 7345.907016126002    2    0
         0, 1010   0.707106781187   0.000000000000   0.707106781187
                  -0.577350269190   0.577350269190   0.577350269190
         0, 1012  -0.707106781187  -0.000000000000  -0.707106781187
                  -0.577350269190   0.577350269190   0.577350269190
0, 1012 5924.540613763576 3375.429076045935 7534.293719790021    2    0
         0, 1011   0.707106781187   0.000000000000   0.707106781187
                  -0.577350269190   0.577350269190   0.577350269190
         0, 1013  -0.707106781187  -0.000000000000  -0.707106781187
                  -0.577350269190   0.577350269190   0.577350269190
0, 1013 5693.942987243631 2956.444745861972 7722.680423454039    2    0
         0, 1012   0.707106781187   0.000000000000   0.707106781187
                  -0.577350269190   0.577350269190   0.577350269190
         0, 1014  -0.707106781187  -0.000000000000  -0.707106781187
                  -0.577350269190   0.577350269190   0.577350269190
0, 1014 5463.345360723686 2537.460415678010 7911.067127118056    1    7
         0, 1013   0.707106781187   0.000000000000   0.707106781187
                  -0.577350269190   0.577350269190   0.577350269190
0, 1015 11372.688785989669 4683.285359519145 3815.336081698244    1    7
         0, 1016  -0.707106781187   0.707106781187  -0.000000000000
                   0.577350269190   0.577350269190  -0.577350269190
0, 1016 11606.836106885517 4968.798774803112 4334.996817878059    2    0
         0, 1015   0.707106781187  -0.707106781187   0.000000000000
                   0.577350269190   0.577350269190  -0.577350269190
         0, 1017  -0.707106781187   0.707106781187  -0.000000000000
                   0.577350269190   0.577350269190  -0.577350269190
0, 1017 11840.983427781366 5254.312190087078 4854.657554057875    2    0
         0, 1016   0.707106781187  -0.707106781187   0.000000000000
                   0.577350269190   0.577350269190  -0.577350269190
         0, 1018  -0.707106781187   0.707106781187  -0.000000000000
                   0.577350269190   0.577350269190  -0.577350269190
0, 1018 12075.130748677215 5539.825605371045 5374.318290237690    2    0
         0, 1017   0.707106781187  -0.707106781187   0.000000000000
                   0.577350269190   0.577350269190  -0.577350269190
         0, 1019  -0.707106781187   0.707106781187  -0.000000000000
                   0.577350269190   0.577350269190  -0.577350269190
0, 1019 12309.278069573063 5825.339020655012 5893.979026417506    1    7
         0, 1018   0.707106781187  -0.707106781187   0.000000000000
                   0.577350269190   0.577350269190  -0.577350269190
0, 1020 5689.931524317832 6385.956027631849 5242.988151988885    1    7
         0, 1021   0.707106781187   0.000000000000   0.707106781187
                   0.577350269190   0.577350269190  -0.577350269190
0, 1021 5394.742108436448 6206.059623696237 4767.902332171890    2    0
         0, 1020  -0.707106781187  -0.000000000000  -0.707106781187
                   0.577350269190   0.577350269190  -0.577350269190
         0, 1022   0.707106781187   0.000000000000   0.707106781187
                   0.577350269190   0.577350269190  -0.577350269190
0, 1022 5099.552692555063 6026.163219760627 4292.816512354894    2    0
         0, 1021  -0.707106781187  -0.000000000000  -0.707106781187
                   0.577350269190   0.577350269190  -0.577350269190
         0, 1023   0.707106781187   0.000000000000   0.707106781187
                   0.577350269190   0.577350269190  -0.577350269190
0, 1023 4804.363276673679 5846.266815825015 3817.730692537899    2    0
         0, 1022  -0.707106781187  -0.000000000000  -0.707106781187
                   0.577350269190   0.577350269190  -0.577350269190
         0, 1024   0.707106781187   0.000000000000   0.707106781187
                   0.577350269190   0.577350269190  -0.577350269190
0, 1024 4509.173860792295 5666.370411889404 3342.644872720904    1    7
         0, 1023  -0.707106781187  -0.000000000000  -0.707106781187
                   0.577350269190   0.577350269190  -0.577350269190
0, 1025 7438.260665070601 10629.154093177482 14191.603396575178    1    7
         0, 1026   0.707106781187   0.000000000000  -0.707106781187
                   0.577350269190  -0.577350269190   0.577350269190
0, 1026 7719.747276880130 10419.167519192706 13700.130210780873    2    0
         0, 1025  -0.707106781187  -0.000000000000   0.707106781187
                   0.577350269190  -0.577350269190   0.577350269190
         0, 1027   0.707106781187   0.000000000000  -0.707106781187
                   0.577350269190  -0.577350269190   0.577350269190
0, 1027 8001.233888689659 10209.180945207929 13208.657024986567    2    0
         0, 1026  -0.707106781187  -0.000000000000   0.707106781187
                   0.577350269190  -0.577350269190   0.577350269190
         0, 1028   0.707106781187   0.000000000000  -0.707106781187
                   0.577350269190  -0.577350269190   0.577350269190
0, 1028 8282.720500499188 9999.194371223153 12717.183839192263    2    0
         0, 1027  -0.707106781187  -0.000000000000   0.707106781187
                   0.577350269190  -0.577350269190   0.577350269190
         0, 1029   0.707106781187   0.000000000000  -0.707106781187
                   0.577350269190  -0.577350269190   0.577350269190
0, 1029 8564.207112308717 9789.207797238378 12225.710653397959    1    7
         0, 1028  -0.707106781187  -0.000000000000   0.707106781187
                   0.577350269190  -0.577350269190   0.577350269190
0, 1030 14395.551651675747 13335.206804077854 12810.674872698377    1    7
         0, 1031  -0.000000000000  -0.707106781187   0.707106781187
                   0.577350269190   0.577350269190   0.577350269190
0, 1031 14164.411410281031 13682.141143281358 12694.880774889587    2    0
         0, 1030   0.000000000000   0.707106781187  -0.707106781187
                   0.577350269190   0.577350269190   0.577350269190
         0, 1032  -0.000000000000  -0.707106781187   0.707106781187
                   0.577350269190   0.577350269190   0.577350269190
0, 1032 13933.271168886316 14029.075482484863 12579.086677080799    2    0
         0, 1031   0.000000000000   0.707106781187  -0.707106781187
                   0.577350269190   0.577350269190   0.577350269190
         0, 1033  -0.000000000000  -0.707106781187   0.707106781187
                   0.577350269190   0.577350269190   0.577350269190
0, 1033 13702.130927491600 14376.009821688369 12463.292579272009    2    0
         0, 1032   0.000000000000   0.707106781187  -0.707106781187
                   0.577350269190   0.577350269190   0.577350269190
         0, 1034  -0.000000000000  -0.707106781187   0.707106781187
                   0.577350269190   0.577350269190   0.577350269190
0, 1034 13470.990686096884 14722.944160891873 12347.498481463221    1    7
         0, 1033   0.000000000000   0.707106781187  -0.707106781187
                   0.577350269190   0.577350269190   0.577350269190
0, 1035 235.285023367750 6567.605986362945 7385.460109332555    1    7
         0, 1036   0.707106781187   0.707106781187   0.000000000000
                   0.577350269190  -0.577350269190   0.577350269190
0, 1036 529.793523324697 7142.975948215470 7666.321571228134    2    0
         0, 1035  -0.707106781187  -0.707106781187  -0.000000000000
                   0.577350269190  -0.577350269190   0.577350269190
         0, 1037   0.707106781187   0.707106781187   0.000000000000
                   0.577350269190  -0.577350269190   0.577350269190
0, 1037 824.302023281643 7718.345910067994 7947.183033123711    2    0
         0, 1036  -0.707106781187  -0.707106781187  -0.000000000000
                   0.577350269190  -0.577350269190   0.577350269190
         0, 1038   0.707106781187   0.707106781187   0.000000000000
                   0.577350269190  -0.577350269190   0.577350269190
0, 1038 1118.810523238590 8293.715871920518 8228.044495019289    2    0
         0, 1037  -0.707106781187  -0.707106781187  -0.000000000000
                   0.577350269190  -0.577350269190   0.577350269190
         0, 1039   0.707106781187   0.707106781187   0.000000000000
                   0.577350269190  -0.577350269190   0.577350269190
0, 1039 1413.319023195536 8869.085833773042 8508.905956914867    1    7
         0, 1038  -0.707106781187  -0.707106781187  -0.000000000000
                   0.577350269190  -0.577350269190   0.577350269190
0, 1040 8387.692337952689 13638.946213128276 3611.903984545097    1    7
         0, 1041   0.000000000000   0.707106781187   0.707106781187
                   0.577350269190  -0.577350269190   0.577350269190
0, 1041 8606.102258787681 13333.873993520769 3088.421844102596    2    0
         0, 1040  -0.000000000000  -0.707106781187  -0.707106781187
                   0.577350269190  -0.577350269190   0.577350269190
         0, 1042   0.000000000000   0.707106781187   0.707106781187
                   0.577350269190  -0.577350269190   0.577350269190
0, 1042 8824.512179622674 13028.801773913259 2564.939703660096    2    0
         0, 1041  -0.000000000000  -0.707106781187  -0.707106781187
                   0.577350269190  -0.577350269190   0.577350269190
         0, 1043   0.000000000000   0.707106781187   0.707106781187
                   0.577350269190  -0.577350269190   0.577350269190
0, 1043 9042.922100457665 12723.729554305752 2041.457563217596    2    0
         0, 1042  -0.000000000000  -0.707106781187  -0.707106781187
                   0.577350269190  -0.577350269190   0.577350269190
         0, 1044   0.000000000000   0.707106781187   0.707106781187
                   0.577350269190  -0.577350269190   0.577350269190
0, 1044 9261.332021292657 12418.657334698244 1517.975422775095    1    7
         0, 1043  -0.000000000000  -0.707106781187  -0.707106781187
                   0.577350269190  -0.577350269190   0.577350269190
0, 1045 13844.219044062696 14895.886332639826 14071.425146099269    1    7
         0, 1046   0.000000000000   0.707106781187   0.707106781187
                   0.577350269190   0.577350269190  -0.577350269190
0, 1046 13475.618439272937 15168.604245487399 13975.542454157081    2    0
         0, 1045  -0.000000000000  -0.707106781187  -0.707106781187
                   0.577350269190   0.577350269190  -0.577350269190
         0, 1047   0.000000000000   0.707106781187   0.707106781187
                   0.577350269190   0.577350269190  -0.577350269190
0, 1047 13107.017834483177 15441.322158334970 13879.659762214895    2    0
         0, 1046  -0.000000000000  -0.707106781187  -0.707106781187
                   0.577350269190   0.577350269190  -0.577350269190
         0, 1048   0.000000000000   0.707106781187   0.707106781187
                   0.577350269190   0.577350269190  -0.577350269190
0, 1048 12738.417229693418 15714.040071182542 13783.777070272707    2    0
         0, 1047  -0.000000000000  -0.707106781187  -0.707106781187
                   0.577350269190   0.577350269190  -0.577350269190
         0, 1049   0.000000000000   0.707106781187   0.707106781187
                   0.577350269190   0.577350269190  -0.577350269190
0, 1049 12369.816624903659 15986.757984030113 13687.894378330519    1    7
         0, 1048  -0.000000000000  -0.707106781187  -0.707106781187
                   0.577350269190   0.577350269190  -0.577350269190
0, 1050 7311.719556563526 4249.339821293012 8739.519887349512    1    7
         0, 1051   0.707106781187   0.707106781187   0.000000000000
                   0.577350269190  -0.577350269190   0.577350269190
0, 1051 6952.673622711969 4302.726047274410 9151.952047182465    2    0
         0, 1050  -0.707106781187  -0.707106781187  -0.000000000000
                   0.577350269190  -0.577350269190   0.577350269190
         0, 1052   0.707106781187   0.707106781187   0.000000000000
                   0.577350269190  -0.577350269190   0.577350269190
0, 1052 6593.627688860412 4356.112273255808 9564.384207015421    2    0
         0, 1051  -0.707106781187  -0.707106781187  -0.000000000000
                   0.577350269190  -0.577350269190   0.577350269190
         0, 1053   0.707106781187   0.707106781187   0.000000000000
                   0.577350269190  -0.577350269190   0.577350269190
0, 1053 6234.581755008856 4409.498499237206 9976.816366848374    2    0
         0, 1052  -0.707106781187  -0.707106781187  -0.000000000000
                   0.577350269190  -0.577350269190   0.577350269190
         0, 1054   0.707106781187   0.707106781187   0.000000000000
                   0.577350269190  -0.577350269190   0.577350269190
0, 1054 5875.535821157300 4462.884725218603 10389.248526681329    1    7
         0, 1053  -0.707106781187  -0.707106781187  -0.000000000000
                   0.577350269190  -0.577350269190   0.577350269190
0, 1055 9609.655546520760 5901.252381494620 2705.970560316249    1    7
         0, 1056   0.000000000000   0.707106781187  -0.707106781187
                  -0.577350269190   0.577350269190   0.577350269190
0, 1056 9236.157567188367 5495.746355794126 2737.978606684349    2    0
         0, 1055  -0.000000000000  -0.707106781187   0.707106781187
                  -0.577350269190   0.577350269190   0.577350269190
         0, 1057   0.000000000000   0.707106781187  -0.707106781187
                  -0.577350269190   0.577350269190   0.577350269190
0, 1057 8862.659587855975 5090.240330093634 2769.986653052450    2    0
         0, 1056  -0.000000000000  -0.707106781187   0.707106781187
                  -0.577350269190   0.577350269190   0.577350269190
         0, 1058   0.000000000000   0.707106781187  -0.707106781187
                  -0.577350269190   0.577350269190   0.577350269190
0, 1058 8489.161608523582 4684.734304393141 2801.994699420550    2    0
         0, 1057  -0.000000000000  -0.707106781187   0.707106781187
                  -0.577350269190   0.577350269190   0.577350269190
         0, 1059   0.000000000000   0.707106781187  -0.707106781187
                  -0.577350269190   0.577350269190   0.577350269190
0, 1059 8115.663629191189 4279.228278692647 2834.002745788650    1    7
         0, 1058  -0.000000000000  -0.707106781187   0.707106781187
                  -0.577350269190   0.577350269190   0.577350269190
0, 1060 15273.165266040614 5954.930049696588 13535.632514828218    1    7
         0, 1061   0.000000000000   0.707106781187  -0.707106781187
                   0.577350269190   0.577350269190   0.577350269190
0, 1061 15157.449687428190 6275.765059608427 13330.513083528802    2    0
         0, 1060  -0.000000000000  -0.707106781187   0.707106781187
                   0.577350269190   0.577350269190   0.577350269190
         0, 1062   0.000000000000   0.707106781187  -0.707106781187
                   0.577350269190   0.577350269190   0.577350269190
0, 1062 15041.734108815766 6596.600069520266 13125.393652229388    2    0
         0, 1061  -0.000000000000  -0.707106781187   0.707106781187
                   0.577350269190   0.577350269190   0.577350269190
         0, 1063   0.000000000000   0.707106781187  -0.707106781187
                   0.577350269190   0.577350269190   0.577350269190
0, 1063 14926.018530203342 6917.435079432104 12920.274220929972    2    0
         0, 1062  -0.000000000000  -0.707106781187   0.707106781187
                   0.577350269190   0.577350269190   0.577350269190
         0, 1064   0.000000000000   0.707106781187  -0.707106781187
                   0.577350269190   0.577350269190   0.577350269190
0, 1064 14810.302951590920 7238.270089343943 12715.154789630556    1    7
         0, 1063  -0.000000000000  -0.707106781187   0.707106781187
                   0.577350269190   0.577350269190   0.577350269190
0, 1065 3877.967139345392 13334.704193742553 4444.714915202771    1    7
         0, 1066  -0.707106781187  -0.000000000000   0.707106781187
                   0.577350269190  -0.577350269190   0.577350269190
0, 1066 3556.788240267096 12948.136670828957 4379.326291367473    2    0
         0, 1065   0.707106781187   0.000000000000  -0.707106781187
                   0.577350269190  -0.577350269190   0.577350269190
         0, 1067  -0.707106781187  -0.000000000000   0.707106781187
                   0.577350269190  -0.577350269190   0.577350269190
0, 1067 3235.609341188800 12561.569147915361 4313.937667532173    2    0
         0, 1066   0.707106781187   0.000000000000  -0.707106781187
                   0.577350269190  -0.577350269190   0.577350269190
         0, 1068  -0.707106781187  -0.000000000000   0.707106781187
                   0.577350269190  -0.577350269190   0.577350269190
0, 1068 2914.430442110503 12175.001625001765 4248.549043696874    2    0
         0, 1067   0.707106781187   0.000000000000  -0.707106781187
                   0.577350269190  -0.577350269190   0.577350269190
         0, 1069  -0.707106781187  -0.000000000000   0.707106781187
                   0.577350269190  -0.577350269190   0.577350269190
0, 1069 2593.251543032207 11788.434102088171 4183.160419861574    1    7
         0, 1068   0.707106781187   0.000000000000  -0.707106781187
                   0.577350269190  -0.577350269190   0.577350269190
0, 1070 11320.283413422145 13137.789059296023 5029.659458934271    1    7
         0, 1071  -0.000000000000  -0.707106781187  -0.707106781187
                   0.577350269190   0.577350269190  -0.577350269190
0, 1071 10984.098473258457 13065.196355234184 4620.881814708745    2    0
         0, 1070   0.000000000000   0.707106781187   0.707106781187
                   0.577350269190   0.577350269190  -0.577350269190
         0, 1072  -0.000000000000  -0.707106781187  -0.707106781187
                   0.577350269190   0.577350269190  -0.577350269190
0, 1072 10647.913533094770 12992.603651172345 4212.104170483219    2    0
         0, 1071   0.000000000000   0.707106781187   0.707106781187
                   0.577350269190   0.577350269190  -0.577350269190
         0, 1073  -0.000000000000  -0.707106781187  -0.707106781187
                   0.577350269190   0.577350269190  -0.577350269190
0, 1073 10311.728592931082 12920.010947110506 3803.326526257692    2    0
         0, 1072   0.000000000000   0.707106781187   0.707106781187
                   0.577350269190   0.577350269190  -0.577350269190
         0, 1074  -0.000000000000  -0.707106781187  -0.707106781187
                   0.577350269190   0.577350269190  -0.577350269190
0, 1074 9975.543652767396 12847.418243048669 3394.548882032167    1    7
         0, 1073   0.000000000000   0.707106781187   0.707106781187
                   0.577350269190   0.577350269190  -0.577350269190
0, 1075 5411.529341232408 7598.546984871131 7155.415946582565    1    7
         0, 1076  -0.707106781187  -0.707106781187  -0.000000000000
                  -0.577350269190   0.577350269190   0.577350269190
0, 1076 5016.859223087385 7295.233688870133 7064.059124438539    2    0
         0, 1075   0.707106781187   0.707106781187   0.000000000000
                  -0.577350269190   0.577350269190   0.577350269190
         0, 1077  -0.707106781187  -0.707106781187  -0.000000000000
                  -0.577350269190   0.577350269190   0.577350269190
0, 1077 4622.189104942360 6991.920392869136 6972.702302294513    2    0
         0, 1076   0.707106781187   0.707106781187   0.000000000000
                  -0.577350269190   0.577350269190   0.577350269190
         0, 1078  -0.707106781187  -0.707106781187  -0.000000000000
                  -0.577350269190   0.577350269190   0.577350269190
0, 1078 4227.518986797337 6688.607096868138 6881.345480150487    2    0
         0, 1077   0.707106781187   0.707106781187   0.000000000000
                  -0.577350269190   0.577350269190   0.577350269190
         0, 1079  -0.707106781187  -0.707106781187  -0.000000000000
                  -0.577350269190   0.577350269190   0.577350269190
0, 1079 3832.848868652313 6385.293800867141 6789.988658006460    1    7
         0, 1078   0.707106781187   0.707106781187   0.000000000000
                  -0.577350269190   0.577350269190   0.577350269190
0, 1080 10949.824992417587 5621.620548833067 13526.640808678223    1    7
         0, 1081   0.000000000000   0.707106781187   0.707106781187
                   0.577350269190  -0.577350269190   0.577350269190
0, 1081 11419.269339591516 5922.807151695521 13358.383064366748    2    0
         0, 1080  -0.000000000000  -0.707106781187  -0.707106781187
                   0.577350269190  -0.577350269190   0.577350269190
         0, 1082   0.000000000000   0.707106781187   0.707106781187
                   0.577350269190  -0.577350269190   0.577350269190
0, 1082 11888.713686765444 6223.993754557975 13190.125320055273    2    0
         0, 1081  -0.000000000000  -0.707106781187  -0.707106781187
                   0.577350269190  -0.577350269190   0.577350269190
         0, 1083   0.000000000000   0.707106781187   0.707106781187
                   0.577350269190  -0.577350269190   0.577350269190
0, 1083 12358.158033939375 6525.180357420430 13021.867575743798    2    0
         0, 1082  -0.000000000000  -0.707106781187  -0.707106781187
                   0.577350269190  -0.577350269190   0.577350269190
         0, 1084   0.000000000000   0.707106781187   0.707106781187
                   0.577350269190  -0.577350269190   0.577350269190
0, 1084 12827.602381113304 6826.366960282883 12853.609831432323    1    7
         0, 1083  -0.000000000000  -0.707106781187  -0.707106781187
                   0.577350269190  -0.577350269190   0.577350269190
0, 1085 9191.795961524773 14770.251755328372 572.707260335205    1    7
         0, 1086   0.000000000000   0.707106781187   0.707106781187
                   0.577350269190  -0.577350269190   0.577350269190
0, 1086 9182.225414684468 15071.754595574594 883.780647421731    2    0
         0, 1085  -0.000000000000  -0.707106781187  -0.707106781187
                   0.577350269190  -0.577350269190   0.577350269190
         0, 1087   0.000000000000   0.707106781187   0.707106781187
                   0.577350269190  -0.577350269190   0.577350269190
0, 1087 9172.654867844163 15373.257435820815 1194.854034508257    2    0
         0, 1086  -0.000000000000  -0.707106781187  -0.707106781187
                   0.577350269190  -0.577350269190   0.577350269190
         0, 1088   0.000000000000   0.707106781187   0.707106781187
                   0.577350269190  -0.577350269190   0.577350269190
0, 1088 9163.084321003858 15674.760276067034 1505.927421594782    2    0
         0, 1087  -0.000000000000  -0.707106781187  -0.707106781187
                   0.577350269190  -0.577350269190   0.577350269190
         0, 1089   0.000000000000   0.707106781187   0.707106781187
                   0.577350269190  -0.577350269190   0.577350269190
0, 1089 9153.513774163554 15976.263116313256 1817.000808681308    1    7
         0, 1088  -0.000000000000  -0.707106781187  -0.707106781187
                   0.577350269190  -0.577350269190   0.577350269190
0, 1090 12786.036869481528 3139.704836612907 5497.712899325726    1    7
         0, 1091   0.000000000000   0.707106781187  -0.707106781187
                  -0.577350269190   0.577350269190   0.577350269190
0, 1091 12855.504698478320 2670.607690994907 6036.277873940519    2    0
         0, 1090  -0.000000000000  -0.707106781187   0.707106781187
                  -0.577350269190   0.577350269190   0.577350269190
         0, 1092   0.000000000000   0.707106781187  -0.707106781187
                  -0.577350269190   0.577350269190   0.577350269190
0, 1092 12924.972527475114 2201.510545376906 6574.842848555314    2    0
         0, 1091  -0.000000000000  -0.707106781187   0.707106781187
                  -0.577350269190   0.577350269190   0.577350269190
         0, 1093   0.000000000000   0.707106781187  -0.707106781187
                  -0.577350269190   0.577350269190   0.577350269190
0, 1093 12994.440356471907 1732.413399758905 7113.407823170108    2    0
         0, 1092  -0.000000000000  -0.707106781187   0.707106781187
                  -0.577350269190   0.577350269190   0.577350269190
         0, 1094   0.000000000000   0.707106781187  -0.707106781187
                  -0.577350269190   0.577350269190   0.577350269190
0, 1094 13063.908185468701 1263.316254140904 7651.972797784902    1    7
         0, 1093  -0.000000000000  -0.707106781187   0.707106781187
                  -0.577350269190   0.577350269190   0.577350269190
0, 1095 3783.148421468973 4128.725270456236 6462.380796249064    1    7
         0, 1096   0.000000000000   0.707106781187  -0.707106781187
                  -0.577350269190   0.577350269190   0.577350269190
0, 1096 3552.112522668157 3821.632378682912 6538.437789221572    2    0
         0, 1095  -0.000000000000  -0.707106781187   0.707106781187
                  -0.577350269190   0.577350269190   0.577350269190
         0, 1097   0.000000000000   0.707106781187  -0.707106781187
                  -0.577350269190   0.577350269190   0.577350269190
0, 1097 3321.076623867340 3514.539486909588 6614.494782194080    2    0
         0, 1096  -0.000000000000  -0.707106781187   0.707106781187
                  -0.577350269190   0.577350269190   0.577350269190
         0, 1098   0.000000000000   0.707106781187  -0.707106781187
                  -0.577350269190   0.577350269190   0.577350269190
0, 1098 3090.040725066524 3207.446595136264 6690.551775166588    2    0
         0, 1097  -0.000000000000  -0.707106781187   0.707106781187
                  -0.577350269190   0.577350269190   0.577350269190
         0, 1099   0.000000000000   0.707106781187  -0.707106781187
                  -0.577350269190   0.577350269190   0.577350269190
0, 1099 2859.004826265708 2900.353703362939 6766.608768139096    1    7
         0, 1098  -0.000000000000  -0.707106781187   0.707106781187
                  -0.577350269190   0.577350269190   0.577350269190
0, 1100 10778.005189985024 11166.194833220346 14764.494854818025    1    7
         0, 1101  -0.707106781187  -0.707106781187  -0.000000000000
                   0.577350269190  -0.577350269190   0.577350269190
0, 1101 10456.062229995037 11105.309126517857 15025.552108105523    2    0
         0, 1100   0.707106781187   0.707106781187   0.000000000000
                   0.577350269190  -0.577350269190   0.577350269190
         0, 1102  -0.707106781187  -0.707106781187  -0.000000000000
                   0.577350269190  -0.577350269190   0.577350269190
0, 1102 10134.119270005051 11044.423419815370 15286.609361393022    2    0
         0, 1101   0.707106781187   0.707106781187   0.000000000000
                   0.577350269190  -0.577350269190   0.577350269190
         0, 1103  -0.707106781187  -0.707106781187  -0.000000000000
                   0.577350269190  -0.577350269190   0.577350269190
0, 1103 9812.176310015064 10983.537713112881 15547.666614680522    2    0
         0, 1102   0.707106781187   0.707106781187   0.000000000000
                   0.577350269190  -0.577350269190   0.577350269190
         0, 1104  -0.707106781187  -0.707106781187  -0.000000000000
                   0.577350269190  -0.577350269190   0.577350269190
0, 1104 9490.233350025077 10922.652006410393 15808.723867968019    1    7
         0, 1103   0.707106781187   0.707106781187   0.000000000000
                   0.577350269190  -0.577350269190   0.577350269190
0, 1105 12933.261550315334 4838.194385299356 11961.509187131918    1    7
         0, 1106  -0.707106781187  -0.000000000000   0.707106781187
                   0.577350269190   0.577350269190   0.577350269190
0, 1106 13447.591897345957 4543.685368151933 11741.687857248717    2    0
         0, 1105   0.707106781187   0.000000000000  -0.707106781187
                   0.577350269190   0.577350269190   0.577350269190
         0, 1107  -0.707106781187  -0.000000000000   0.707106781187
                   0.577350269190   0.577350269190   0.577350269190
0, 1107 13961.922244376581 4249.176351004510 11521.866527365517    2    0
         0, 1106   0.707106781187   0.000000000000  -0.707106781187
                   0.577350269190   0.577350269190   0.577350269190
         0, 1108  -0.707106781187  -0.000000000000   0.707106781187
                   0.577350269190   0.577350269190   0.577350269190
0, 1108 14476.252591407205 3954.667333857087 11302.045197482315    2    0
         0, 1107   0.707106781187   0.000000000000  -0.707106781187
                   0.577350269190   0.577350269190   0.577350269190
         0, 1109  -0.707106781187  -0.000000000000   0.707106781187
                   0.577350269190   0.577350269190   0.577350269190
0, 1109 14990.582938437830 3660.158316709664 11082.223867599116    1    7
         0, 1108   0.707106781187   0.000000000000  -0.707106781187
                   0.577350269190   0.577350269190   0.577350269190
0, 1110 7154.102082897030 2847.903564894140 2777.821109805610    1    7
         0, 1111   0.707106781187   0.707106781187   0.000000000000
                   0.577350269190  -0.577350269190   0.577350269190
0, 1111 7350.419311049661 3314.071938947956 3047.672255706796    2    0
         0, 1110  -0.707106781187  -0.707106781187  -0.000000000000
                   0.577350269190  -0.577350269190   0.577350269190
         0, 1112   0.707106781187   0.707106781187   0.000000000000
                   0.577350269190  -0.577350269190   0.577350269190
0, 1112 7546.736539202291 3780.240313001772 3317.523401607981    2    0
         0, 1111  -0.707106781187  -0.707106781187  -0.000000000000
                   0.577350269190  -0.577350269190   0.577350269190
         0, 1113   0.707106781187   0.707106781187   0.000000000000
                   0.577350269190  -0.577350269190   0.577350269190
0, 1113 7743.053767354922 4246.408687055588 3587.374547509166    2    0
         0, 1112  -0.707106781187  -0.707106781187  -0.000000000000
                   0.577350269190  -0.577350269190   0.577350269190
         0, 1114   0.707106781187   0.707106781187   0.000000000000
                   0.577350269190  -0.577350269190   0.577350269190
0, 1114 7939.370995507553 4712.577061109404 3857.225693410352    1    7
         0, 1113  -0.707106781187  -0.707106781187  -0.000000000000
                   0.577350269190  -0.577350269190   0.577350269190
0, 1115 10930.175132019702 13056.842560963911 12368.758679311459    1    7
         0, 1116  -0.000000000000  -0.707106781187   0.707106781187
                  -0.577350269190   0.577350269190   0.577350269190
0, 1116 11513.656108275201 13476.396187424471 12532.686029106399    2    0
         0, 1115   0.000000000000   0.707106781187  -0.707106781187
                  -0.577350269190   0.577350269190   0.577350269190
         0, 1117  -0.000000000000  -0.707106781187   0.707106781187
                  -0.577350269190   0.577350269190   0.577350269190
0, 1117 12097.137084530703 13895.949813885032 12696.613378901338    2    0
         0, 1116   0.000000000000   0.707106781187  -0.707106781187
                  -0.577350269190   0.577350269190   0.577350269190
         0, 1118  -0.000000000000  -0.707106781187   0.707106781187
                  -0.577350269190   0.577350269190   0.577350269190
0, 1118 12680.618060786202 14315.503440345592 12860.540728696278    2    0
         0, 1117   0.000000000000   0.707106781187  -0.707106781187
                  -0.577350269190   0.577350269190   0.577350269190
         0, 1119  -0.000000000000  -0.707106781187   0.707106781187
                  -0.577350269190   0.577350269190   0.577350269190
0, 1119 13264.099037041702 14735.057066806154 13024.468078491216    1    7
         0, 1118   0.000000000000   0.707106781187  -0.707106781187
                  -0.577350269190   0.577350269190   0.577350269190
0, 1120 3773.198599554994 3881.343856713844 14474.594792880236    1    7
         0, 1121  -0.707106781187  -0.000000000000   0.707106781187
                   0.577350269190   0.577350269190   0.577350269190
0, 1121 4086.103591217677 3386.507851430413 14656.525806500984    2    0
         0, 1120   0.707106781187   0.000000000000  -0.707106781187
                   0.577350269190   0.577350269190   0.577350269190
         0, 1122  -0.707106781187  -0.000000000000   0.707106781187
                   0.577350269190   0.577350269190   0.577350269190
0, 1122 4399.008582880359 2891.671846146983 14838.456820121733    2    0
         0, 1121   0.707106781187   0.000000000000  -0.707106781187
                   0.577350269190   0.577350269190   0.577350269190
         0, 1123  -0.707106781187  -0.000000000000   0.707106781187
                   0.577350269190   0.577350269190   0.577350269190
0, 1123 4711.913574543040 2396.835840863552 15020.387833742481    2    0
         0, 1122   0.707106781187   0.000000000000  -0.707106781187
                   0.577350269190   0.577350269190   0.577350269190
         0, 1124  -0.707106781187  -0.000000000000   0.707106781187
                   0.577350269190   0.577350269190   0.577350269190
0, 1124 5024.818566205722 1901.999835580122 15202.318847363229    1    7
         0, 1123   0.707106781187   0.000000000000  -0.707106781187
                   0.577350269190   0.577350269190   0.577350269190
0, 1125 13918.262921580565 6114.637879926127 1839.117791515724    1    7
         0, 1126  -0.000000000000  -0.707106781187  -0.707106781187
                   0.577350269190   0.577350269190  -0.577350269190
0, 1126 13401.202136573338 6301.349787856152 1508.768914438522    2    0
         0, 1125   0.000000000000   0.707106781187   0.707106781187
                   0.577350269190   0.577350269190  -0.577350269190
         0, 1127  -0.000000000000  -0.707106781187  -0.707106781187
                   0.577350269190   0.577350269190  -0.577350269190
0, 1127 12884.141351566112 6488.061695786177 1178.420037361320    2    0
         0, 1126   0.000000000000   0.707106781187   0.707106781187
                   0.577350269190   0.577350269190  -0.577350269190
         0, 1128  -0.000000000000  -0.707106781187  -0.707106781187
                   0.577350269190   0.577350269190  -0.577350269190
0, 1128 12367.080566558885 6674.773603716202 848.071160284118    2    0
         0, 1127   0.000000000000   0.707106781187   0.707106781187
                   0.577350269190   0.577350269190  -0.577350269190
         0, 1129  -0.000000000000  -0.707106781187  -0.707106781187
                   0.577350269190   0.577350269190  -0.577350269190
0, 1129 11850.019781551659 6861.485511646227 517.722283206916    1    7
         0, 1128   0.000000000000   0.707106781187   0.707106781187
                   0.577350269190   0.577350269190  -0.577350269190
0, 1130 13912.144021870186 13321.501901786723 5188.611353288249    1    7
         0, 1131  -0.000000000000  -0.707106781187   0.707106781187
                  -0.577350269190   0.577350269190   0.577350269190
0, 1131 13506.937835162082 13411.999177828249 4692.907890538618    2    0
         0, 1130   0.000000000000   0.707106781187  -0.707106781187
                  -0.577350269190   0.577350269190   0.577350269190
         0, 1132  -0.000000000000  -0.707106781187   0.707106781187
                  -0.577350269190   0.577350269190   0.577350269190
0, 1132 13101.731648453977 13502.496453869775 4197.204427788987    2    0
         0, 1131   0.000000000000   0.707106781187  -0.707106781187
                  -0.577350269190   0.577350269190   0.577350269190
         0, 1133  -0.000000000000  -0.707106781187   0.707106781187
                  -0.577350269190   0.577350269190   0.577350269190
0, 1133 12696.525461745870 13592.993729911301 3701.500965039356    2    0
         0, 1132   0.000000000000   0.707106781187  -0.707106781187
                  -0.577350269190   0.577350269190   0.577350269190
         0, 1134  -0.000000000000  -0.707106781187   0.707106781187
                  -0.577350269190   0.577350269190   0.577350269190
0, 1134 12291.319275037766 13683.491005952827 3205.797502289725    1    7
         0, 1133   0.000000000000   0.707106781187  -0.707106781187
                  -0.577350269190   0.577350269190   0.577350269190
0, 1135 5957.889031217799 10681.186305526237 12312.142849815909    1    7
         0, 1136  -0.000000000000  -0.707106781187  -0.707106781187
                   0.577350269190  -0.577350269190   0.577350269190
0, 1136 5581.399582220211 10196.545636819161 12203.991630106420    2    0
         0, 1135   0.000000000000   0.707106781187   0.707106781187
                   0.577350269190  -0.577350269190   0.577350269190
         0, 1137  -0.000000000000  -0.707106781187  -0.707106781187
                   0.577350269190  -0.577350269190   0.577350269190
0, 1137 5204.910133222624 9711.904968112083 12095.840410396933    2    0
         0, 1136   0.000000000000   0.707106781187   0.707106781187
                   0.577350269190  -0.577350269190   0.577350269190
         0, 1138  -0.000000000000  -0.707106781187  -0.707106781187
                   0.577350269190  -0.577350269190   0.577350269190
0, 1138 4828.420684225035 9227.264299405007 11987.689190687444    2    0
         0, 1137   0.000000000000   0.707106781187   0.707106781187
                   0.577350269190  -0.577350269190   0.577350269190
         0, 1139  -0.000000000000  -0.707106781187  -0.707106781187
                   0.577350269190  -0.577350269190   0.577350269190
0, 1139 4451.931235227447 8742.623630697932 11879.537970977955    1    7
         0, 1138   0.000000000000   0.707106781187   0.707106781187
                   0.577350269190  -0.577350269190   0.577350269190
0, 1140 15114.064426634543 12203.698029373854 6540.649062670925    1    7
         0, 1141   0.707106781187   0.000000000000   0.707106781187
                  -0.577350269190   0.577350269190   0.577350269190
0, 1141 14961.291546434875 11740.839949886753 6850.734261958358    2    0
         0, 1140  -0.707106781187  -0.000000000000  -0.707106781187
                  -0.577350269190   0.577350269190   0.577350269190
         0, 1142   0.707106781187   0.000000000000   0.707106781187
                  -0.577350269190   0.577350269190   0.577350269190
0, 1142 14808.518666235208 11277.981870399653 7160.819461245792    2    0
         0, 1141  -0.707106781187  -0.000000000000  -0.707106781187
                  -0.577350269190   0.577350269190   0.577350269190
         0, 1143   0.707106781187   0.000000000000   0.707106781187
                  -0.577350269190   0.577350269190   0.577350269190
0, 1143 14655.745786035541 10815.123790912552 7470.904660533225    2    0
         0, 1142  -0.707106781187  -0.000000000000  -0.707106781187
                  -0.577350269190   0.577350269190   0.577350269190
         0, 1144   0.707106781187   0.000000000000   0.707106781187
                  -0.577350269190   0.577350269190   0.577350269190
0, 1144 14502.972905835873 10352.265711425451 7780.989859820658    1    7
         0, 1143  -0.707106781187  -0.000000000000  -0.707106781187
                  -0.577350269190   0.577350269190   0.577350269190
0, 1145 10880.460887915622 13500.435533068179 12119.391745065961    1    7
         0, 1146  -0.707106781187   0.707106781187  -0.000000000000
                   0.577350269190   0.577350269190  -0.577350269190
0, 1146 11244.240770803701 13055.271547278890 12038.007642164750    2    0
         0, 1145   0.707106781187  -0.707106781187   0.000000000000
                   0.577350269190   0.577350269190  -0.577350269190
         0, 1147  -0.707106781187   0.707106781187  -0.000000000000
                   0.577350269190   0.577350269190  -0.577350269190
0, 1147 11608.020653691779 12610.107561489600 11956.623539263539    2    0
         0, 1146   0.707106781187  -0.707106781187   0.000000000000
                   0.577350269190   0.577350269190  -0.577350269190
         0, 1148  -0.707106781187   0.707106781187  -0.000000000000
                   0.577350269190   0.577350269190  -0.577350269190
0, 1148 11971.800536579860 12164.943575700308 11875.239436362328    2    0
         0, 1147   0.707106781187  -0.707106781187   0.000000000000
                   0.577350269190   0.577350269190  -0.577350269190
         0, 1149  -0.707106781187   0.707106781187  -0.000000000000
                   0.577350269190   0.577350269190  -0.577350269190
0, 1149 12335.580419467939 11719.779589911019 11793.855333461117    1    7
         0, 1148   0.707106781187  -0.707106781187   0.000000000000
                   0.577350269190   0.577350269190  -0.577350269190
0, 1150 4224.033534145997 8912.709085563300 7531.057675082259    1    7
         0, 1151  -0.707106781187  -0.707106781187  -0.000000000000
                  -0.577350269190   0.577350269190   0.577350269190
0, 1151 4094.283588136372 8493.097951975131 7820.918862660803    2    0
         0, 1150   0.707106781187   0.707106781187   0.000000000000
                  -0.577350269190   0.577350269190   0.577350269190
         0, 1152  -0.707106781187  -0.707106781187  -0.000000000000
                  -0.577350269190   0.577350269190   0.577350269190
0, 1152 3964.533642126747 8073.486818386961 8110.780050239347    2    0
         0, 1151   0.707106781187   0.707106781187   0.000000000000
                  -0.577350269190   0.577350269190   0.577350269190
         0, 1153  -0.707106781187  -0.707106781187  -0.000000000000
                  -0.577350269190   0.577350269190   0.577350269190
0, 1153 3834.783696117122 7653.875684798792 8400.641237817892    2    0
         0, 1152   0.707106781187   0.707106781187   0.000000000000
                  -0.577350269190   0.577350269190   0.577350269190
         0, 1154  -0.707106781187  -0.707106781187  -0.000000000000
                  -0.577350269190   0.577350269190   0.577350269190
0, 1154 3705.033750107496 7234.264551210623 8690.502425396435    1    7
         0, 1153   0.707106781187   0.707106781187   0.000000000000
                  -0.577350269190   0.577350269190   0.577350269190
0, 1155 10819.477358794655 14793.377353134412 4629.371105655660    1    7
         0, 1156  -0.707106781187  -0.000000000000   0.707106781187
                   0.577350269190   0.577350269190   0.577350269190
0, 1156 11398.130299010119 14435.731508124556 4408.364010450054    2    0
         0, 1155   0.707106781187   0.000000000000  -0.707106781187
                   0.577350269190   0.577350269190   0.577350269190
         0, 1157  -0.707106781187  -0.000000000000   0.707106781187
                   0.577350269190   0.577350269190   0.577350269190
0, 1157 11976.783239225582 14078.085663114698 4187.356915244446    2    0
         0, 1156   0.707106781187   0.000000000000  -0.707106781187
                   0.577350269190   0.577350269190   0.577350269190
         0, 1158  -0.707106781187  -0.000000000000   0.707106781187
                   0.577350269190   0.577350269190   0.577350269190
0, 1158 12555.436179441047 13720.439818104842 3966.349820038839    2    0
         0, 1157   0.707106781187   0.000000000000  -0.707106781187
                   0.577350269190   0.577350269190   0.577350269190
         0, 1159  -0.707106781187  -0.000000000000   0.707106781187
                   0.577350269190   0.577350269190   0.577350269190
0, 1159 13134.089119656510 13362.793973094984 3745.342724833232    1    7
         0, 1158   0.707106781187   0.000000000000  -0.707106781187
                   0.577350269190   0.577350269190   0.577350269190
0, 1160 8325.236345449794 2701.226300356156 11275.628286470879    1    7
         0, 1161   0.707106781187  -0.707106781187   0.000000000000
                   0.577350269190   0.577350269190  -0.577350269190
0, 1161 8362.430618737117 3135.336823959256 11746.933083361302    2    0
         0, 1160  -0.707106781187   0.707106781187  -0.000000000000
                   0.577350269190   0.577350269190  -0.577350269190
         0, 1162   0.707106781187  -0.707106781187   0.000000000000
                   0.577350269190   0.577350269190  -0.577350269190
0, 1162 8399.624892024442 3569.447347562356 12218.237880251727    2    0
         0, 1161  -0.707106781187   0.707106781187  -0.000000000000
                   0.577350269190   0.577350269190  -0.577350269190
         0, 1163   0.707106781187  -0.707106781187   0.000000000000
                   0.577350269190   0.577350269190  -0.577350269190
0, 1163 8436.819165311765 4003.557871165456 12689.542677142152    2    0
         0, 1162  -0.707106781187   0.707106781187  -0.000000000000
                   0.577350269190   0.577350269190  -0.577350269190
         0, 1164   0.707106781187  -0.707106781187   0.000000000000
                   0.577350269190   0.577350269190  -0.577350269190
0, 1164 8474.013438599088 4437.668394768556 13160.847474032575    1    7
         0, 1163  -0.707106781187   0.707106781187  -0.000000000000
                   0.577350269190   0.577350269190  -0.577350269190
0, 1165 14778.975960855529 15031.827529664433 5230.261400259456    1    7
         0, 1166  -0.707106781187  -0.707106781187  -0.000000000000
                   0.577350269190  -0.577350269190   0.577350269190
0, 1166 14674.772595166238 15229.548821951386 5532.186058235699    2    0
         0, 1165   0.707106781187   0.707106781187   0.000000000000
                   0.577350269190  -0.577350269190   0.577350269190
         0, 1167  -0.707106781187  -0.707106781187  -0.000000000000
                   0.577350269190  -0.577350269190   0.577350269190
0, 1167 14570.569229476947 15427.270114238339 5834.110716211943    2    0
         0, 1166   0.707106781187   0.707106781187   0.000000000000
                   0.577350269190  -0.577350269190   0.577350269190
         0, 1168  -0.707106781187  -0.707106781187  -0.000000000000
                   0.577350269190  -0.577350269190   0.577350269190
0, 1168 14466.365863787656 15624.991406525292 6136.035374188188    2    0
         0, 1167   0.707106781187   0.707106781187   0.000000000000
                   0.577350269190  -0.577350269190   0.577350269190
         0, 1169  -0.707106781187  -0.707106781187  -0.000000000000
                   0.577350269190  -0.577350269190   0.577350269190
0, 1169 14362.162498098365 15822.712698812245 6437.960032164432    1    7
         0, 1168   0.707106781187   0.707106781187   0.000000000000
                   0.577350269190  -0.577350269190   0.577350269190
0, 1170 15853.500638292517 3079.715871567912 7466.691942807331    1    7
         0, 1171   0.000000000000   0.707106781187   0.707106781187
                   0.577350269190  -0.577350269190   0.577350269190
0, 1171 15777.912035718344 2645.822565841201 7108.387239654792    2    0
         0, 1170  -0.000000000000  -0.707106781187  -0.707106781187
                   0.577350269190  -0.577350269190   0.577350269190
         0, 1172   0.000000000000   0.707106781187   0.707106781187
                   0.577350269190  -0.577350269190   0.577350269190
0, 1172 15702.323433144171 2211.929260114489 6750.082536502254    2    0
         0, 1171  -0.000000000000  -0.707106781187  -0.707106781187
                   0.577350269190  -0.577350269190   0.577350269190
         0, 1173   0.000000000000   0.707106781187   0.707106781187
                   0.577350269190  -0.577350269190   0.577350269190
0, 1173 15626.734830569998 1778.035954387777 6391.777833349715    2    0
         0, 1172  -0.000000000000  -0.707106781187  -0.707106781187
                   0.577350269190  -0.577350269190   0.577350269190
         0, 1174   0.000000000000   0.707106781187   0.707106781187
                   0.577350269190  -0.577350269190   0.577350269190
0, 1174 15551.146227995823 1344.142648661065 6033.473130197176    1    7
         0, 1173  -0.000000000000  -0.707106781187  -0.707106781187
                   0.577350269190  -0.577350269190   0.577350269190
0, 1175 12925.581283029545 5440.685301361584 15754.182139652401    1    7
         0, 1176   0.707106781187   0.000000000000  -0.707106781187
                   0.577350269190   0.577350269190   0.577350269190
0, 1176 12607.172541534519 5903.376637122442 15609.899545386568    2    0
         0, 1175  -0.707106781187  -0.000000000000   0.707106781187
                   0.577350269190   0.577350269190   0.577350269190
         0, 1177   0.707106781187   0.000000000000  -0.707106781187
                   0.577350269190   0.577350269190   0.577350269190
0, 1177 12288.763800039493 6366.067972883300 15465.616951120737    2    0
         0, 1176  -0.707106781187  -0.000000000000   0.707106781187
                   0.577350269190   0.577350269190   0.577350269190
         0, 1178   0.707106781187   0.000000000000  -0.707106781187
                   0.577350269190   0.577350269190   0.577350269190
0, 1178 11970.355058544466 6828.759308644158 15321.334356854904    2    0
         0, 1177  -0.707106781187  -0.000000000000   0.707106781187
                   0.577350269190   0.577350269190   0.577350269190
         0, 1179   0.707106781187   0.000000000000  -0.707106781187
                   0.577350269190   0.577350269190   0.577350269190
0, 1179 11651.946317049440 7291.450644405017 15177.051762589073    1    7
         0, 1178  -0.707106781187  -0.000000000000   0.707106781187
                   0.577350269190   0.577350269190   0.577350269190
0, 1180 12796.376699142364 4920.994781442194 9893.681664289667    1    7
         0, 1181  -0.000000000000  -0.707106781187  -0.707106781187
                   0.577350269190   0.577350269190  -0.577350269190
0, 1181 12335.341165664262 5284.914771474931 9796.566120844302    2    0
         0, 1180   0.000000000000   0.707106781187   0.707106781187
                   0.577350269190   0.577350269190  -0.577350269190
         0, 1182  -0.000000000000  -0.707106781187  -0.707106781187
                   0.577350269190   0.577350269190  -0.577350269190
0, 1182 11874.305632186162 5648.834761507667 9699.450577398939    2    0
         0, 1181   0.000000000000   0.707106781187   0.707106781187
                   0.577350269190   0.577350269190  -0.577350269190
         0, 1183  -0.000000000000  -0.707106781187  -0.707106781187
                   0.577350269190   0.577350269190  -0.577350269190
0, 1183 11413.270098708061 6012.754751540404 9602.335033953574    2    0
         0, 1182   0.000000000000   0.707106781187   0.707106781187
                   0.577350269190   0.577350269190  -0.577350269190
         0, 1184  -0.000000000000  -0.707106781187  -0.707106781187
                   0.577350269190   0.577350269190  -0.577350269190
0, 1184 10952.234565229961 6376.674741573141 9505.219490508209    1    7
         0, 1183   0.000000000000   0.707106781187   0.707106781187
                   0.577350269190   0.577350269190  -0.577350269190
0, 1185 2085.115880881390 3526.171231987893 11949.922262861059    1    7
         0, 1186  -0.707106781187  -0.707106781187  -0.000000000000
                  -0.577350269190   0.577350269190   0.577350269190
0, 1186 1651.429051114324 3538.096444155949 11504.310220925938    2    0
         0, 1185   0.707106781187   0.707106781187   0.000000000000
                  -0.577350269190   0.577350269190   0.577350269190
         0, 1187  -0.707106781187  -0.707106781187  -0.000000000000
                  -0.577350269190   0.577350269190   0.577350269190
0, 1187 1217.742221347258 3550.021656324005 11058.698178990815    2    0
         0, 1186   0.707106781187   0.707106781187   0.000000000000
                  -0.577350269190   0.577350269190   0.577350269190
         0, 1188  -0.707106781187  -0.707106781187  -0.000000000000
                  -0.577350269190   0.577350269190   0.577350269190
0, 1188 784.055391580193 3561.946868492061 10613.086137055692    2    0
         0, 1187   0.707106781187   0.707106781187   0.000000000000
                  -0.577350269190   0.577350269190   0.577350269190
         0, 1189  -0.707106781187  -0.707106781187  -0.000000000000
                  -0.577350269190   0.577350269190   0.577350269190
0, 1189 350.368561813127 3573.872080660117 10167.474095120571    1    7
         0, 1188   0.707106781187   0.707106781187   0.000000000000
                  -0.577350269190   0.577350269190   0.577350269190
0, 1190 2290.831377006953 5578.546369756158 12652.040867560940    1    7
         0, 1191   0.707106781187   0.000000000000  -0.707106781187
                   0.577350269190   0.577350269190   0.577350269190
0, 1191 1919.340257920015 5590.208775648390 13011.869580755645    2    0
         0, 1190  -0.707106781187  -0.000000000000   0.707106781187
                   0.577350269190   0.577350269190   0.577350269190
         0, 1192   0.707106781187   0.000000000000  -0.707106781187
                   0.577350269190   0.577350269190   0.577350269190
0, 1192 1547.849138833078 5601.871181540621 13371.698293950350    2    0
         0, 1191  -0.707106781187  -0.000000000000   0.707106781187
                   0.577350269190   0.577350269190   0.577350269190
         0, 1193   0.707106781187   0.000000000000  -0.707106781187
                   0.577350269190   0.577350269190   0.577350269190
0, 1193 1176.358019746140 5613.533587432853 13731.527007145058    2    0
         0, 1192  -0.707106781187  -0.000000000000   0.707106781187
                   0.577350269190   0.577350269190   0.577350269190
         0, 1194   0.707106781187   0.000000000000  -0.707106781187
                   0.577350269190   0.577350269190   0.577350269190
0, 1194 804.866900659203 5625.195993325085 14091.355720339763    1    7
         0, 1193  -0.707106781187  -0.000000000000   0.707106781187
                   0.577350269190   0.577350269190   0.577350269190
0, 1195 13320.178103650784 1959.790492316069 12235.533897838131    1    7
         0, 1196  -0.707106781187  -0.000000000000   0.707106781187
                   0.577350269190   0.577350269190   0.577350269190
0, 1196 13812.938589881964 1658.872226196441 12043.691677726578    2    0
         0, 1195   0.707106781187   0.000000000000  -0.707106781187
                   0.577350269190   0.577350269190   0.577350269190
         0, 1197  -0.707106781187  -0.000000000000   0.707106781187
                   0.577350269190   0.577350269190   0.577350269190
0, 1197 14305.699076113146 1357.953960076814 11851.849457615024    2    0
         0, 1196   0.707106781187   0.000000000000  -0.707106781187
                   0.577350269190   0.577350269190   0.577350269190
         0, 1198  -0.707106781187  -0.000000000000   0.707106781187
                   0.577350269190   0.577350269190   0.577350269190
0, 1198 14798.459562344326 1057.035693957187 11660.007237503471    2    0
         0, 1197   0.707106781187   0.000000000000  -0.707106781187
                   0.577350269190   0.577350269190   0.577350269190
         0, 1199  -0.707106781187  -0.000000000000   0.707106781187
                   0.577350269190   0.577350269190   0.577350269190
0, 1199 15291.220048575506 756.117427837559 11468.165017391917    1    7
         0, 1198   0.707106781187   0.000000000000  -0.707106781187
                   0.577350269190   0.577350269190   0.577350269190
0, 1200 12331.308835987697 12683.154678162848 3386.459551896566    1    7
         0, 1201   0.000000000000   0.707106781187   0.707106781187
                   0.577350269190   0.577350269190  -0.577350269190
0, 1201 11990.389778082968 13119.259402530890 3481.645218359881    2    0
         0, 1200  -0.000000000000  -0.707106781187  -0.707106781187
                   0.577350269190   0.577350269190  -0.577350269190
         0, 1202   0.000000000000   0.707106781187   0.707106781187
                   0.577350269190   0.577350269190  -0.577350269190
0, 1202 11649.470720178242 13555.364126898932 3576.830884823196    2    0
         0, 1201  -0.000000000000  -0.707106781187  -0.707106781187
                   0.577350269190   0.577350269190  -0.577350269190
         0, 1203   0.000000000000   0.707106781187   0.707106781187
                   0.577350269190   0.577350269190  -0.577350269190
0, 1203 11308.551662273514 13991.468851266975 3672.016551286511    2    0
         0, 1202  -0.000000000000  -0.707106781187  -0.707106781187
                   0.577350269190   0.577350269190  -0.577350269190
         0, 1204   0.000000000000   0.707106781187   0.707106781187
                   0.577350269190   0.577350269190  -0.577350269190
0, 1204 10967.632604368786 14427.573575635019 3767.202217749826    1    7
         0, 1203  -0.000000000000  -0.707106781187  -0.707106781187
                   0.577350269190   0.577350269190  -0.577350269190
0, 1205 15453.069330804687 11603.822916105784 10943.774511360296    1    7
         0, 1206  -0.707106781187   0.707106781187  -0.000000000000
                   0.577350269190   0.577350269190  -0.577350269190
0, 1206 15120.216044020062 11433.184310790490 10440.282619260377    2    0
         0, 1205   0.707106781187  -0.707106781187   0.000000000000
                   0.577350269190   0.577350269190  -0.577350269190
         0, 1207  -0.707106781187   0.707106781187  -0.000000000000
                   0.577350269190   0.577350269190  -0.577350269190
0, 1207 14787.362757235438 11262.545705475195 9936.790727160456    2    0
         0, 1206   0.707106781187  -0.707106781187   0.000000000000
                   0.577350269190   0.577350269190  -0.577350269190
         0, 1208  -0.707106781187   0.707106781187  -0.000000000000
                   0.577350269190   0.577350269190  -0.577350269190
0, 1208 14454.509470450812 11091.907100159900 9433.298835060537    2    0
         0, 1207   0.707106781187  -0.707106781187   0.000000000000
                   0.577350269190   0.577350269190  -0.577350269190
         0, 1209  -0.707106781187   0.707106781187  -0.000000000000
                   0.577350269190   0.577350269190  -0.577350269190
0, 1209 14121.656183666188 10921.268494844606 8929.806942960618    1    7
         0, 1208   0.707106781187  -0.707106781187   0.000000000000
                   0.577350269190   0.577350269190  -0.577350269190
0, 1210 7088.237323836397 9105.895911919577 2925.165913639084    1    7
         0, 1211  -0.000000000000  -0.707106781187  -0.707106781187
                   0.577350269190  -0.577350269190   0.577350269190
0, 1211 7162.294381269277 9567.408956347210 3312.621900633837    2    0
         0, 1210   0.000000000000   0.707106781187   0.707106781187
                   0.577350269190  -0.577350269190   0.577350269190
         0, 1212  -0.000000000000  -0.707106781187  -0.707106781187
                   0.577350269190  -0.577350269190   0.577350269190
0, 1212 7236.351438702155 10028.922000774841 3700.077887628590    2    0
         0, 1211   0.000000000000   0.707106781187   0.707106781187
                   0.577350269190  -0.577350269190   0.577350269190
         0, 1213  -0.000000000000  -0.707106781187  -0.707106781187
                   0.577350269190  -0.577350269190   0.577350269190
0, 1213 7310.408496135035 10490.435045202474 4087.533874623343    2    0
         0, 1212   0.000000000000   0.707106781187   0.707106781187
                   0.577350269190  -0.577350269190   0.577350269190
         0, 1214  -0.000000000000  -0.707106781187  -0.707106781187
                   0.577350269190  -0.577350269190   0.577350269190
0, 1214 7384.465553567913 10951.948089630107 4474.989861618096    1    7
         0, 1213   0.000000000000   0.707106781187   0.707106781187
                   0.577350269190  -0.577350269190   0.577350269190
0, 1215 6556.964460327039 9151.703322997348 2026.457558810980    1    7
         0, 1216  -0.707106781187  -0.707106781187  -0.000000000000
                   0.577350269190  -0.577350269190   0.577350269190
0, 1216 6195.097883186380 9213.586678762393 2450.207491716683    2    0
         0, 1215   0.707106781187   0.707106781187   0.000000000000
                   0.577350269190  -0.577350269190   0.577350269190
         0, 1217  -0.707106781187  -0.707106781187  -0.000000000000
                   0.577350269190  -0.577350269190   0.577350269190
0, 1217 5833.231306045722 9275.470034527438 2873.957424622386    2    0
         0, 1216   0.707106781187   0.707106781187   0.000000000000
                   0.577350269190  -0.577350269190   0.577350269190
         0, 1218  -0.707106781187  -0.707106781187  -0.000000000000
                   0.577350269190  -0.577350269190   0.577350269190
0, 1218 5471.364728905064 9337.353390292481 3297.707357528089    2    0
         0, 1217   0.707106781187   0.707106781187   0.000000000000
                   0.577350269190  -0.577350269190   0.577350269190
         0, 1219  -0.707106781187  -0.707106781187  -0.000000000000
                   0.577350269190  -0.577350269190   0.577350269190
0, 1219 5109.498151764406 9399.236746057526 3721.457290433793    1    7
         0, 1218   0.707106781187   0.707106781187   0.000000000000
                   0.577350269190  -0.577350269190   0.577350269190
0, 1220 14927.072430591630 5123.688527104228 3435.775016268846    1    7
         0, 1221  -0.707106781187   0.707106781187  -0.000000000000
                   0.577350269190   0.577350269190  -0.577350269190
0, 1221 14551.047519775864 5283.447452662604 3219.509031011456    2    0
         0, 1220   0.707106781187  -0.707106781187   0.000000000000
                   0.577350269190   0.577350269190  -0.577350269190
         0, 1222  -0.707106781187   0.707106781187  -0.000000000000
                   0.577350269190   0.577350269190  -0.577350269190
0, 1222 14175.022608960100 5443.206378220980 3003.243045754067    2    0
         0, 1221   0.707106781187  -0.707106781187   0.000000000000
                   0.577350269190   0.577350269190  -0.577350269190
         0, 1223  -0.707106781187   0.707106781187  -0.000000000000
                   0.577350269190   0.577350269190  -0.577350269190
0, 1223 13798.997698144334 5602.965303779355 2786.977060496677    2    0
         0, 1222   0.707106781187  -0.707106781187   0.000000000000
                   0.577350269190   0.577350269190  -0.577350269190
         0, 1224  -0.707106781187   0.707106781187  -0.000000000000
                   0.577350269190   0.577350269190  -0.577350269190
0, 1224 13422.972787328570 5762.724229337731 2570.711075239288    1    7
         0, 1223   0.707106781187  -0.707106781187   0.000000000000
                   0.577350269190   0.577350269190  -0.577350269190
0, 1225 1763.109402872191 1835.378139396722 15264.993060666084    1    7
         0, 1226   0.707106781187   0.000000000000   0.707106781187
                   0.577350269190   0.577350269190  -0.577350269190
0, 1226 2109.412287855285 1649.654239480844 15425.572045733299    2    0
         0, 1225  -0.707106781187  -0.000000000000  -0.707106781187
                   0.577350269190   0.577350269190  -0.577350269190
         0, 1227   0.707106781187   0.000000000000   0.707106781187
                   0.577350269190   0.577350269190  -0.577350269190
0, 1227 2455.715172838379 1463.930339564966 15586.151030800514    2    0
         0, 1226  -0.707106781187  -0.000000000000  -0.707106781187
                   0.577350269190   0.577350269190  -0.577350269190
         0, 1228   0.707106781187   0.000000000000   0.707106781187
                   0.577350269190   0.577350269190  -0.577350269190
0, 1228 2802.018057821472 1278.206439649087 15746.730015867730    2    0
         0, 1227  -0.707106781187  -0.000000000000  -0.707106781187
                   0.577350269190   0.577350269190  -0.577350269190
         0, 1229   0.707106781187   0.000000000000   0.707106781187
                   0.577350269190   0.577350269190  -0.577350269190
0, 1229 3148.320942804566 1092.482539733209 15907.309000934945    1    7
         0, 1228  -0.707106781187  -0.000000000000  -0.707106781187
                   0.577350269190   0.577350269190  -0.577350269190
0, 1230 13585.729660446379 9034.697115699750 10728.947072467712    1    7
         0, 1231   0.000000000000   0.707106781187   0.707106781187
                   0.577350269190  -0.577350269190   0.577350269190
0, 1231 13156.631111915513 9158.107582538116 11281.456087836945    2    0
         0, 1230  -0.000000000000  -0.707106781187  -0.707106781187
                   0.577350269190  -0.577350269190   0.577350269190
         0, 1232   0.000000000000   0.707106781187   0.707106781187
                   0.577350269190  -0.577350269190   0.577350269190
0, 1232 12727.532563384646 9281.518049376482 11833.965103206177    2    0
         0, 1231  -0.000000000000  -0.707106781187  -0.707106781187
                   0.577350269190  -0.577350269190   0.577350269190
         0, 1233   0.000000000000   0.707106781187   0.707106781187
                   0.577350269190  -0.577350269190   0.577350269190
0, 1233 12298.434014853779 9404.928516214848 12386.474118575410    2    0
         0, 1232  -0.000000000000  -0.707106781187  -0.707106781187
                   0.577350269190  -0.577350269190   0.577350269190
         0, 1234   0.000000000000   0.707106781187   0.707106781187
                   0.577350269190  -0.577350269190   0.577350269190
0, 1234 11869.335466322913 9528.338983053214 12938.983133944643    1    7
         0, 1233  -0.000000000000  -0.707106781187  -0.707106781187
                   0.577350269190  -0.577350269190   0.577350269190
0, 1235 10464.821925762279 7414.946528895466 11819.364963834829    1    7
         0, 1236  -0.707106781187   0.707106781187  -0.000000000000
                   0.577350269190   0.577350269190   0.577350269190
0, 1236 10320.771617944833 7880.641999936660 11497.719800611079    2    0
         0, 1235   0.707106781187  -0.707106781187   0.000000000000
                   0.577350269190   0.577350269190   0.577350269190
         0, 1237  -0.707106781187   0.707106781187  -0.000000000000
                   0.577350269190   0.577350269190   0.577350269190
0, 1237 10176.721310127388 8346.337470977855 11176.074637387332    2    0
         0, 1236   0.707106781187  -0.707106781187   0.000000000000
                   0.577350269190   0.577350269190   0.577350269190
         0, 1238  -0.707106781187   0.707106781187  -0.000000000000
                   0.577350269190   0.577350269190   0.577350269190
0, 1238 10032.671002309942 8812.032942019048 10854.429474163582    2    0
         0, 1237   0.707106781187  -0.707106781187   0.000000000000
                   0.577350269190   0.577350269190   0.577350269190
         0, 1239  -0.707106781187   0.707106781187  -0.000000000000
                   0.577350269190   0.577350269190   0.577350269190
0, 1239 9888.620694492498 9277.728413060242 10532.784310939833    1    7
         0, 1238   0.707106781187  -0.707106781187   0.000000000000
                   0.577350269190   0.577350269190   0.577350269190
0, 1240 6795.435919641703 2838.954747233956 11682.997158436556    1    7
         0, 1241  -0.707106781187   0.707106781187  -0.000000000000
                   0.577350269190   0.577350269190  -0.577350269190
0, 1241 7178.761866393786 2805.043614235618 12032.411972190301    2    0
         0, 1240   0.707106781187  -0.707106781187   0.000000000000
                   0.577350269190   0.577350269190  -0.577350269190
         0, 1242  -0.707106781187   0.707106781187  -0.000000000000
                   0.577350269190   0.577350269190  -0.577350269190
0, 1242 7562.087813145868 2771.132481237280 12381.826785944044    2    0
         0, 1241   0.707106781187  -0.707106781187   0.000000000000
                   0.577350269190   0.577350269190  -0.577350269190
         0, 1243  -0.707106781187   0.707106781187  -0.000000000000
                   0.577350269190   0.577350269190  -0.577350269190
0, 1243 7945.413759897951 2737.221348238942 12731.241599697789    2    0
         0, 1242   0.707106781187  -0.707106781187   0.000000000000
                   0.577350269190   0.577350269190  -0.577350269190
         0, 1244  -0.707106781187   0.707106781187  -0.000000000000
                   0.577350269190   0.577350269190  -0.577350269190
0, 1244 8328.739706650034 2703.310215240603 13080.656413451534    1    7
         0, 1243   0.707106781187  -0.707106781187   0.000000000000
                   0.577350269190   0.577350269190  -0.577350269190
0, 1245 5156.208381240845 13392.883999513837 6476.674337530219    1    7
         0, 1246   0.000000000000   0.707106781187  -0.707106781187
                  -0.577350269190   0.577350269190   0.577350269190
0, 1246 4758.561524100393 13432.770033347933 6039.141446555671    2    0
         0, 1245  -0.000000000000  -0.707106781187   0.707106781187
                  -0.577350269190   0.577350269190   0.577350269190
         0, 1247   0.000000000000   0.707106781187  -0.707106781187
                  -0.577350269190   0.577350269190   0.577350269190
0, 1247 4360.914666959941 13472.656067182030 5601.608555581122    2    0
         0, 1246  -0.000000000000  -0.707106781187   0.707106781187
                  -0.577350269190   0.577350269190   0.577350269190
         0, 1248   0.000000000000   0.707106781187  -0.707106781187
                  -0.577350269190   0.577350269190   0.577350269190
0, 1248 3963.267809819490 13512.542101016126 5164.075664606575    2    0
         0, 1247  -0.000000000000  -0.707106781187   0.707106781187
                  -0.577350269190   0.577350269190   0.577350269190
         0, 1249   0.000000000000   0.707106781187  -0.707106781187
                  -0.577350269190   0.577350269190   0.577350269190
0, 1249 3565.620952679038 13552.428134850221 4726.542773632026    1    7
         0, 1248  -0.000000000000  -0.707106781187   0.707106781187
                  -0.577350269190   0.577350269190   0.577350269190
0, 1250 1117.909701383150 12758.388466697967 5157.220324867068    1    7
         0, 1251  -0.000000000000  -0.707106781187  -0.707106781187
                   0.577350269190   0.577350269190  -0.577350269190
0, 1251 1539.162424711504 12259.570930461608 5079.655511959064    2    0
         0, 1250   0.000000000000   0.707106781187   0.707106781187
                   0.577350269190   0.577350269190  -0.577350269190
         0, 1252  -0.000000000000  -0.707106781187  -0.707106781187
                   0.577350269190   0.577350269190  -0.577350269190
0, 1252 1960.415148039859 11760.753394225250 5002.090699051061    2    0
         0, 1251   0.000000000000   0.707106781187   0.707106781187
                   0.577350269190   0.577350269190  -0.577350269190
         0, 1253  -0.000000000000  -0.707106781187  -0.707106781187
                   0.577350269190   0.577350269190  -0.577350269190
0, 1253 2381.667871368214 11261.935857988892 4924.525886143058    2    0
         0, 1252   0.000000000000   0.707106781187   0.707106781187
                   0.577350269190   0.577350269190  -0.577350269190
         0, 1254  -0.000000000000  -0.707106781187  -0.707106781187
                   0.577350269190   0.577350269190  -0.577350269190
0, 1254 2802.920594696569 10763.118321752534 4846.961073235054    1    7
         0, 1253   0.000000000000   0.707106781187   0.707106781187
                   0.577350269190   0.577350269190  -0.577350269190
0, 1255 13015.649188082298 4128.912623695460 8961.152486977129    1    7
         0, 1256  -0.707106781187  -0.000000000000   0.707106781187
                   0.577350269190  -0.577350269190   0.577350269190
0, 1256 13455.186322768397 4646.126211206149 9038.828939801719    2    0
         0, 1255   0.707106781187   0.000000000000  -0.707106781187
                   0.577350269190  -0.577350269190   0.577350269190
         0, 1257  -0.707106781187  -0.000000000000   0.707106781187
                   0.577350269190  -0.577350269190   0.577350269190
0, 1257 13894.723457454496 5163.339798716837 9116.505392626308    2    0
         0, 1256   0.707106781187   0.000000000000  -0.707106781187
                   0.577350269190  -0.577350269190   0.577350269190
         0, 1258  -0.707106781187  -0.000000000000   0.707106781187
                   0.577350269190  -0.577350269190   0.577350269190
0, 1258 14334.260592140596 5680.553386227526 9194.181845450898    2    0
         0, 1257   0.707106781187   0.000000000000  -0.707106781187
                   0.577350269190  -0.577350269190   0.577350269190
         0, 1259  -0.707106781187  -0.000000000000   0.707106781187
                   0.577350269190  -0.577350269190   0.577350269190
0, 1259 14773.797726826695 6197.766973738215 9271.858298275487    1    7
         0, 1258   0.707106781187   0.000000000000  -0.707106781187
                   0.577350269190  -0.577350269190   0.577350269190
0, 1260 9509.353444660139 10388.502497546695 10871.746508646100    1    7
         0, 1261   0.000000000000   0.707106781187   0.707106781187
                   0.577350269190  -0.577350269190   0.577350269190
0, 1261 9702.482317349810 10013.873956828451 10303.989095238185    2    0
         0, 1260  -0.000000000000  -0.707106781187  -0.707106781187
                   0.577350269190  -0.577350269190   0.577350269190
         0, 1262   0.000000000000   0.707106781187   0.707106781187
                   0.577350269190  -0.577350269190   0.577350269190
0, 1262 9895.611190039481 9639.245416110209 9736.231681830270    2    0
         0, 1261  -0.000000000000  -0.707106781187  -0.707106781187
                   0.577350269190  -0.577350269190   0.577350269190
         0, 1263   0.000000000000   0.707106781187   0.707106781187
                   0.577350269190  -0.577350269190   0.577350269190
0, 1263 10088.740062729154 9264.616875391965 9168.474268422357    2    0
         0, 1262  -0.000000000000  -0.707106781187  -0.707106781187
                   0.577350269190  -0.577350269190   0.577350269190
         0, 1264   0.000000000000   0.707106781187   0.707106781187
                   0.577350269190  -0.577350269190   0.577350269190
0, 1264 10281.868935418825 8889.988334673722 8600.716855014442    1    7
         0, 1263  -0.000000000000  -0.707106781187  -0.707106781187
                   0.577350269190  -0.577350269190   0.577350269190
0, 1265 11319.977771678534 11536.712154272844 1488.625701919001    1    7
         0, 1266   0.707106781187   0.000000000000  -0.707106781187
                   0.577350269190  -0.577350269190   0.577350269190
0, 1266 10950.557984136814 11086.633601262096 1407.966936449973    2    0
         0, 1265  -0.707106781187  -0.000000000000   0.707106781187
                   0.577350269190  -0.577350269190   0.577350269190
         0, 1267   0.707106781187   0.000000000000  -0.707106781187
                   0.577350269190  -0.577350269190   0.577350269190
0, 1267 10581.138196595093 10636.555048251346 1327.308170980944    2    0
         0, 1266  -0.707106781187  -0.000000000000   0.707106781187
                   0.577350269190  -0.577350269190   0.577350269190
         0, 1268   0.707106781187   0.000000000000  -0.707106781187
                   0.577350269190  -0.577350269190   0.577350269190
0, 1268 10211.718409053374 10186.476495240599 1246.649405511915    2    0
         0, 1267  -0.707106781187  -0.000000000000   0.707106781187
                   0.577350269190  -0.577350269190   0.577350269190
         0, 1269   0.707106781187   0.000000000000  -0.707106781187
                   0.577350269190  -0.577350269190   0.577350269190
0, 1269 9842.298621511654 9736.397942229849 1165.990640042887    1    7
         0, 1268  -0.707106781187  -0.000000000000   0.707106781187
                   0.577350269190  -0.577350269190   0.577350269190
0, 1270 1322.836494390628 3240.138441776022 6781.880517725978    1    7
         0, 1271  -0.000000000000  -0.707106781187  -0.707106781187
                   0.577350269190  -0.577350269190   0.577350269190
0, 1271 1524.998489540018 3613.435425189478 6953.015505990044    2    0
         0, 1270   0.000000000000   0.707106781187   0.707106781187
                   0.577350269190  -0.577350269190   0.577350269190
         0, 1272  -0.000000000000  -0.707106781187  -0.707106781187
                   0.577350269190  -0.577350269190   0.577350269190
0, 1272 1727.160484689408 3986.732408602934 7124.150494254111    2    0
         0, 1271   0.000000000000   0.707106781187   0.707106781187
                   0.577350269190  -0.577350269190   0.577350269190
         0, 1273  -0.000000000000  -0.707106781187  -0.707106781187
                   0.577350269190  -0.577350269190   0.577350269190
0, 1273 1929.322479838798 4360.029392016390 7295.285482518176    2    0
         0, 1272   0.000000000000   0.707106781187   0.707106781187
                   0.577350269190  -0.577350269190   0.577350269190
         0, 1274  -0.000000000000  -0.707106781187  -0.707106781187
                   0.577350269190  -0.577350269190   0.577350269190
0, 1274 2131.484474988189 4733.326375429846 7466.420470782242    1    7
         0, 1273   0.000000000000   0.707106781187   0.707106781187
                   0.577350269190  -0.577350269190   0.577350269190
0, 1275 6779.131555051077 7541.509204755264 9483.293763091791    1    7
         0, 1276   0.000000000000   0.707106781187  -0.707106781187
                  -0.577350269190   0.577350269190   0.577350269190
0, 1276 7208.778649830163 7780.732294211484 9673.717768414657    2    0
         0, 1275  -0.000000000000  -0.707106781187   0.707106781187
                  -0.577350269190   0.577350269190   0.577350269190
         0, 1277   0.000000000000   0.707106781187  -0.707106781187
                  -0.577350269190   0.577350269190   0.577350269190
0, 1277 7638.425744609250 8019.955383667704 9864.141773737525    2    0
         0, 1276  -0.000000000000  -0.707106781187   0.707106781187
                  -0.577350269190   0.577350269190   0.577350269190
         0, 1278   0.000000000000   0.707106781187  -0.707106781187
                  -0.577350269190   0.577350269190   0.577350269190
0, 1278 8068.072839388336 8259.178473123924 10054.565779060391    2    0
         0, 1277  -0.000000000000  -0.707106781187   0.707106781187
                  -0.577350269190   0.577350269190   0.577350269190
         0, 1279   0.000000000000   0.707106781187  -0.707106781187
                  -0.577350269190   0.577350269190   0.577350269190
0, 1279 8497.719934167422 8498.401562580144 10244.989784383257    1    7
         0, 1278  -0.000000000000  -0.707106781187   0.707106781187
                  -0.577350269190   0.577350269190   0.577350269190
0, 1280 9334.393096038415 8657.442582125244 11874.702650891129    1    7
         0, 1281   0.707106781187  -0.707106781187   0.000000000000
                   0.577350269190   0.577350269190  -0.577350269190
0, 1281 8887.848071939194 9078.205240207111 11848.920284873775    2    0
         0, 1280  -0.707106781187   0.707106781187  -0.000000000000
                   0.577350269190   0.577350269190  -0.577350269190
         0, 1282   0.707106781187  -0.707106781187   0.000000000000
                   0.577350269190   0.577350269190  -0.577350269190
0, 1282 8441.303047839972 9498.967898288978 11823.137918856421    2    0
         0, 1281  -0.707106781187   0.707106781187  -0.000000000000
                   0.577350269190   0.577350269190  -0.577350269190
         0, 1283   0.707106781187  -0.707106781187   0.000000000000
                   0.577350269190   0.577350269190  -0.577350269190
0, 1283 7994.758023740751 9919.730556370843 11797.355552839066    2    0
         0, 1282  -0.707106781187   0.707106781187  -0.000000000000
                   0.577350269190   0.577350269190  -0.577350269190
         0, 1284   0.707106781187  -0.707106781187   0.000000000000
                   0.577350269190   0.577350269190  -0.577350269190
0, 1284 7548.212999641531 10340.493214452710 11771.573186821712    1    7
         0, 1283  -0.707106781187   0.707106781187  -0.000000000000
                   0.577350269190   0.577350269190  -0.577350269190
0, 1285 6584.764956674254 15524.592457349027 7357.101909256926    1    7
         0, 1286  -0.707106781187   0.707106781187  -0.000000000000
                   0.577350269190   0.577350269190   0.577350269190
0, 1286 7085.734065796843 15077.737241823828 7302.988015659536    2    0
         0, 1285   0.707106781187  -0.707106781187   0.000000000000
                   0.577350269190   0.577350269190   0.577350269190
         0, 1287  -0.707106781187   0.707106781187  -0.000000000000
                   0.577350269190   0.577350269190   0.577350269190
0, 1287 7586.703174919430 14630.882026298628 7248.874122062148    2    0
         0, 1286   0.707106781187  -0.707106781187   0.000000000000
                   0.577350269190   0.577350269190   0.577350269190
         0, 1288  -0.707106781187   0.707106781187  -0.000000000000
                   0.577350269190   0.577350269190   0.577350269190
0, 1288 8087.672284042019 14184.026810773430 7194.760228464758    2    0
         0, 1287   0.707106781187  -0.707106781187   0.000000000000
                   0.577350269190   0.577350269190   0.577350269190
         0, 1289  -0.707106781187   0.707106781187  -0.000000000000
                   0.577350269190   0.577350269190   0.577350269190
0, 1289 8588.641393164608 13737.171595248230 7140.646334867369    1    7
         0, 1288   0.707106781187  -0.707106781187   0.000000000000
                   0.577350269190   0.577350269190   0.577350269190
0, 1290 1342.153911886234   8.772457759188 6359.710514261598    1    7
         0, 1291  -0.000000000000  -0.707106781187   0.707106781187
                  -0.577350269190   0.577350269190   0.577350269190
0, 1291 1833.192899496030 164.598212246922 6694.923747383660    2    0
         0, 1290   0.000000000000   0.707106781187  -0.707106781187
                  -0.577350269190   0.577350269190   0.577350269190
         0, 1292  -0.000000000000  -0.707106781187   0.707106781187
                  -0.577350269190   0.577350269190   0.577350269190
0, 1292 2324.231887105826 320.423966734656 7030.136980505722    2    0
         0, 1291   0.000000000000   0.707106781187  -0.707106781187
                  -0.577350269190   0.577350269190   0.577350269190
         0, 1293  -0.000000000000  -0.707106781187   0.707106781187
                  -0.577350269190   0.577350269190   0.577350269190
0, 1293 2815.270874715621 476.249721222390 7365.350213627784    2    0
         0, 1292   0.000000000000   0.707106781187  -0.707106781187
                  -0.577350269190   0.577350269190   0.577350269190
         0, 1294  -0.000000000000  -0.707106781187   0.707106781187
                  -0.577350269190   0.577350269190   0.577350269190
0, 1294 3306.309862325417 632.075475710124 7700.563446749847    1    7
         0, 1293   0.000000000000   0.707106781187  -0.707106781187
                  -0.577350269190   0.577350269190   0.577350269190
0, 1295 493.140878523838 9605.568290981071 2205.406222116899    1    7
         0, 1296   0.707106781187   0.707106781187   0.000000000000
                  -0.577350269190   0.577350269190   0.577350269190
0, 1296 674.408316836938 9344.406333833793 2647.835617577277    2    0
         0, 1295  -0.707106781187  -0.707106781187  -0.000000000000
                  -0.577350269190   0.577350269190   0.577350269190
         0, 1297   0.707106781187   0.707106781187   0.000000000000
                  -0.577350269190   0.577350269190   0.577350269190
0, 1297 855.675755150038 9083.244376686516 3090.265013037654    2    0
         0, 1296  -0.707106781187  -0.707106781187  -0.000000000000
                  -0.577350269190   0.577350269190   0.577350269190
         0, 1298   0.707106781187   0.707106781187   0.000000000000
                  -0.577350269190   0.577350269190   0.577350269190
0, 1298 1036.943193463137 8822.082419539238 3532.694408498031    2    0
         0, 1297  -0.707106781187  -0.707106781187  -0.000000000000
                  -0.577350269190   0.577350269190   0.577350269190
         0, 1299   0.707106781187   0.707106781187   0.000000000000
                  -0.577350269190   0.577350269190   0.577350269190
0, 1299 1218.210631776237 8560.920462391961 3975.123803958409    1    7
         0, 1298  -0.707106781187  -0.707106781187  -0.000000000000
                  -0.577350269190   0.577350269190   0.577350269190
0, 1300 6024.406225376764 12553.650948408527 3711.359193211405    1    7
         0, 1301   0.707106781187   0.000000000000   0.707106781187
                   0.577350269190   0.577350269190  -0.577350269190
0, 1301 6387.177211477449 12189.037287452909 3709.516518356472    2    0
         0, 1300  -0.707106781187  -0.000000000000  -0.707106781187
                   0.577350269190   0.577350269190  -0.577350269190
         0, 1302   0.707106781187   0.000000000000   0.707106781187
                   0.577350269190   0.577350269190  -0.577350269190
0, 1302 6749.948197578135 11824.423626497291 3707.673843501540    2    0
         0, 1301  -0.707106781187  -0.000000000000  -0.707106781187
                   0.577350269190   0.577350269190  -0.577350269190
         0, 1303   0.707106781187   0.000000000000   0.707106781187
                   0.577350269190   0.577350269190  -0.577350269190
0, 1303 7112.719183678821 11459.809965541674 3705.831168646607    2    0
         0, 1302  -0.707106781187  -0.000000000000  -0.707106781187
                   0.577350269190   0.577350269190  -0.577350269190
         0, 1304   0.707106781187   0.000000000000   0.707106781187
                   0.577350269190   0.577350269190  -0.577350269190
0, 1304 7475.490169779506 11095.196304586056 3703.988493791675    1    7
         0, 1303  -0.707106781187  -0.000000000000  -0.707106781187
                   0.577350269190   0.577350269190  -0.577350269190
0, 1305 12146.740957901233 12125.351050624588 16047.544918277210    1    7
         0, 1306  -0.000000000000  -0.707106781187   0.707106781187
                  -0.577350269190   0.577350269190   0.577350269190
0, 1306 12146.058017015066 12574.003212223452 15598.209815792179    2    0
         0, 1305   0.000000000000   0.707106781187  -0.707106781187
                  -0.577350269190   0.577350269190   0.577350269190
         0, 1307  -0.000000000000  -0.707106781187   0.707106781187
                  -0.577350269190   0.577350269190   0.577350269190
0, 1307 12145.375076128899 13022.655373822317 15148.874713307147    2    0
         0, 1306   0.000000000000   0.707106781187  -0.707106781187
                  -0.577350269190   0.577350269190   0.577350269190
         0, 1308  -0.000000000000  -0.707106781187   0.707106781187
                  -0.577350269190   0.577350269190   0.577350269190
0, 1308 12144.692135242733 13471.307535421181 14699.539610822114    2    0
         0, 1307   0.000000000000   0.707106781187  -0.707106781187
                  -0.577350269190   0.577350269190   0.577350269190
         0, 1309  -0.000000000000  -0.707106781187   0.707106781187
                  -0.577350269190   0.577350269190   0.577350269190
0, 1309 12144.009194356566 13919.959697020047 14250.204508337083    1    7
         0, 1308   0.000000000000   0.707106781187  -0.707106781187
                  -0.577350269190   0.577350269190   0.577350269190
0, 1310 4858.920416443874 4801.886354934537 9494.177758440808    1    7
         0, 1311   0.000000000000   0.707106781187  -0.707106781187
                  -0.577350269190   0.577350269190   0.577350269190
0, 1311 4580.126446204871 4605.498080044181 9411.772063092161    2    0
         0, 1310  -0.000000000000  -0.707106781187   0.707106781187
                  -0.577350269190   0.577350269190   0.577350269190
         0, 1312   0.000000000000   0.707106781187  -0.707106781187
                  -0.577350269190   0.577350269190   0.577350269190
0, 1312 4301.332475965868 4409.109805153825 9329.366367743514    2    0
         0, 1311  -0.000000000000  -0.707106781187   0.707106781187
                  -0.577350269190   0.577350269190   0.577350269190
         0, 1313   0.000000000000   0.707106781187  -0.707106781187
                  -0.577350269190   0.577350269190   0.577350269190
0, 1313 4022.538505726866 4212.721530263469 9246.960672394867    2    0
         0, 1312  -0.000000000000  -0.707106781187   0.707106781187
                  -0.577350269190   0.577350269190   0.577350269190
         0, 1314   0.000000000000   0.707106781187  -0.707106781187
                  -0.577350269190   0.577350269190   0.577350269190
0, 1314 3743.744535487863 4016.333255373112 9164.554977046222    1    7
         0, 1313  -0.000000000000  -0.707106781187   0.707106781187
                  -0.577350269190   0.577350269190   0.577350269190
0, 1315 15106.829431362565 3248.178223803953 7476.147128367351    1    7
         0, 1316  -0.707106781187  -0.000000000000   0.707106781187
                   0.577350269190  -0.577350269190   0.577350269190
0, 1316 14659.711681312649 3280.910502566809 7955.997157180122    2    0
         0, 1315   0.707106781187   0.000000000000  -0.707106781187
                   0.577350269190  -0.577350269190   0.577350269190
         0, 1317  -0.707106781187  -0.000000000000   0.707106781187
                   0.577350269190  -0.577350269190   0.577350269190
0, 1317 14212.593931262734 3313.642781329665 8435.847185992894    2    0
         0, 1316   0.707106781187   0.000000000000  -0.707106781187
                   0.577350269190  -0.577350269190   0.577350269190
         0, 1318  -0.707106781187  -0.000000000000   0.707106781187
                   0.577350269190  -0.577350269190   0.577350269190
0, 1318 13765.476181212818 3346.375060092521 8915.697214805667    2    0
         0, 1317   0.707106781187   0.000000000000  -0.707106781187
                   0.577350269190  -0.577350269190   0.577350269190
         0, 1319  -0.707106781187  -0.000000000000   0.707106781187
                   0.577350269190  -0.577350269190   0.577350269190
0, 1319 13318.358431162902 3379.107338855377 9395.547243618437    1    7
         0, 1318   0.707106781187   0.000000000000  -0.707106781187
                   0.577350269190  -0.577350269190   0.577350269190
0, 1320 7726.323553989630 15543.890411452816 15846.081013024908    1    7
         0, 1321   0.707106781187   0.707106781187   0.000000000000
                  -0.577350269190   0.577350269190   0.577350269190
0, 1321 7431.282174161424 15617.290903569781 15477.639141079737    2    0
         0, 1320  -0.707106781187  -0.707106781187  -0.000000000000
                  -0.577350269190   0.577350269190   0.577350269190
         0, 1322   0.707106781187   0.707106781187   0.000000000000
                  -0.577350269190   0.577350269190   0.577350269190
0, 1322 7136.240794333219 15690.691395686748 15109.197269134565    2    0
         0, 1321  -0.707106781187  -0.707106781187  -0.000000000000
                  -0.577350269190   0.577350269190   0.577350269190
         0, 1323   0.707106781187   0.707106781187   0.000000000000
                  -0.577350269190   0.577350269190   0.577350269190
0, 1323 6841.199414505013 15764.091887803714 14740.755397189392    2    0
         0, 1322  -0.707106781187  -0.707106781187  -0.000000000000
                  -0.577350269190   0.577350269190   0.577350269190
         0, 1324   0.707106781187   0.707106781187   0.000000000000
                  -0.577350269190   0.577350269190   0.577350269190
0, 1324 6546.158034676808 15837.492379920681 14372.313525244221    1    7
         0, 1323  -0.707106781187  -0.707106781187  -0.000000000000
                  -0.577350269190   0.577350269190   0.577350269190
0, 1325 4217.611243195767 4600.961097517642 9394.412619127777    1    7
         0, 1326  -0.707106781187  -0.000000000000  -0.707106781187
                  -0.577350269190   0.577350269190   0.577350269190
0, 1326 4315.863108216565 5032.047923190868 9061.577658475348    2    0
         0, 1325   0.707106781187   0.000000000000   0.707106781187
                  -0.577350269190   0.577350269190   0.577350269190
         0, 1327  -0.707106781187  -0.000000000000  -0.707106781187
                  -0.577350269190   0.577350269190   0.577350269190
0, 1327 4414.114973237362 5463.134748864095 8728.742697822920    2    0
         0, 1326   0.707106781187   0.000000000000   0.707106781187
                  -0.577350269190   0.577350269190   0.577350269190
         0, 1328  -0.707106781187  -0.000000000000  -0.707106781187
                  -0.577350269190   0.577350269190   0.577350269190
0, 1328 4512.366838258160 5894.221574537321 8395.907737170490    2    0
         0, 1327   0.707106781187   0.000000000000   0.707106781187
                  -0.577350269190   0.577350269190   0.577350269190
         0, 1329  -0.707106781187  -0.000000000000  -0.707106781187
                  -0.577350269190   0.577350269190   0.577350269190
0, 1329 4610.618703278958 6325.308400210548 8063.072776518061    1    7
         0, 1328   0.707106781187   0.000000000000   0.707106781187
                  -0.577350269190   0.577350269190   0.577350269190
0, 1330 10181.146299504009 7619.512382117363 10637.928874354502    1    7
         0, 1331   0.000000000000   0.707106781187  -0.707106781187
                  -0.577350269190   0.577350269190   0.577350269190
0, 1331 10199.400928586876 7171.587907870125 11104.107977684607    2    0
         0, 1330  -0.000000000000  -0.707106781187   0.707106781187
                  -0.577350269190   0.577350269190   0.577350269190
         0, 1332   0.000000000000   0.707106781187  -0.707106781187
                  -0.577350269190   0.577350269190   0.577350269190
0, 1332 10217.655557669745 6723.663433622887 11570.287081014712    2    0
         0, 1331  -0.000000000000  -0.707106781187   0.707106781187
                  -0.577350269190   0.577350269190   0.577350269190
         0, 1333   0.000000000000   0.707106781187  -0.707106781187
                  -0.577350269190   0.577350269190   0.577350269190
0, 1333 10235.910186752611 6275.738959375650 12036.466184344818    2    0
         0, 1332  -0.000000000000  -0.707106781187   0.707106781187
                  -0.577350269190   0.577350269190   0.577350269190
         0, 1334   0.000000000000   0.707106781187  -0.707106781187
                  -0.577350269190   0.577350269190   0.577350269190
0, 1334 10254.164815835480 5827.814485128412 12502.645287674923    1    7
         0, 1333  -0.000000000000  -0.707106781187   0.707106781187
                  -0.577350269190   0.577350269190   0.577350269190
0, 1335 3205.510054091312 3052.537571034625 13865.824727298324    1    7
         0, 1336   0.707106781187  -0.707106781187   0.000000000000
                   0.577350269190   0.577350269190  -0.577350269190
0, 1336 2872.743653256826 3046.061408985004 13526.582164414218    2    0
         0, 1335  -0.707106781187   0.707106781187  -0.000000000000
                   0.577350269190   0.577350269190  -0.577350269190
         0, 1337   0.707106781187  -0.707106781187   0.000000000000
                   0.577350269190   0.577350269190  -0.577350269190
0, 1337 2539.977252422340 3039.585246935383 13187.339601530111    2    0
         0, 1336  -0.707106781187   0.707106781187  -0.000000000000
                   0.577350269190   0.577350269190  -0.577350269190
         0, 1338   0.707106781187  -0.707106781187   0.000000000000
                   0.577350269190   0.577350269190  -0.577350269190
0, 1338 2207.210851587854 3033.109084885762 12848.097038646003    2    0
         0, 1337  -0.707106781187   0.707106781187  -0.000000000000
                   0.577350269190   0.577350269190  -0.577350269190
         0, 1339   0.707106781187  -0.707106781187   0.000000000000
                   0.577350269190   0.577350269190  -0.577350269190
0, 1339 1874.444450753369 3026.632922836141 12508.854475761897    1    7
         0, 1338  -0.707106781187   0.707106781187  -0.000000000000
                   0.577350269190   0.577350269190  -0.577350269190
0, 1340 12531.220506701909 8608.964045479181 1181.166930586427    1    7
         0, 1341  -0.000000000000  -0.707106781187  -0.707106781187
                   0.577350269190   0.577350269190  -0.577350269190
0, 1341 12185.326479965717 8739.984370376464 966.293228747518    2    0
         0, 1340   0.000000000000   0.707106781187   0.707106781187
                   0.577350269190   0.577350269190  -0.577350269190
         0, 1342  -0.000000000000  -0.707106781187  -0.707106781187
                   0.577350269190   0.577350269190  -0.577350269190
0, 1342 11839.432453229527 8871.004695273747 751.419526908610    2    0
         0, 1341   0.000000000000   0.707106781187   0.707106781187
                   0.577350269190   0.577350269190  -0.577350269190
         0, 1343  -0.000000000000  -0.707106781187  -0.707106781187
                   0.577350269190   0.577350269190  -0.577350269190
0, 1343 11493.538426493335 9002.025020171030 536.545825069701    2    0
         0, 1342   0.000000000000   0.707106781187   0.707106781187
                   0.577350269190   0.577350269190  -0.577350269190
         0, 1344  -0.000000000000  -0.707106781187  -0.707106781187
                   0.577350269190   0.577350269190  -0.577350269190
0, 1344 11147.644399757144 9133.045345068313 321.672123230792    1    7
         0, 1343   0.000000000000   0.707106781187   0.707106781187
                   0.577350269190   0.577350269190  -0.577350269190
0, 1345 9366.713455067065 3889.543005626498 1034.287786534484    1    7
         0, 1346   0.707106781187   0.000000000000  -0.707106781187
                   0.577350269190  -0.577350269190   0.577350269190
0, 1346 9812.454097457872 4370.058150894954 1069.062289412133    2    0
         0, 1345  -0.707106781187  -0.000000000000   0.707106781187
                   0.577350269190  -0.577350269190   0.577350269190
         0, 1347   0.707106781187   0.000000000000  -0.707106781187
                   0.577350269190  -0.577350269190   0.577350269190
0, 1347 10258.194739848679 4850.573296163409 1103.836792289782    2    0
         0, 1346  -0.707106781187  -0.000000000000   0.707106781187
                   0.577350269190  -0.577350269190   0.577350269190
         0, 1348   0.707106781187   0.000000000000  -0.707106781187
                   0.577350269190  -0.577350269190   0.577350269190
0, 1348 10703.935382239486 5331.088441431865 1138.611295167431    2    0
         0, 1347  -0.707106781187  -0.000000000000   0.707106781187
                   0.577350269190  -0.577350269190   0.577350269190
         0, 1349   0.707106781187   0.000000000000  -0.707106781187
                   0.577350269190  -0.577350269190   0.577350269190
0, 1349 11149.676024630293 5811.603586700321 1173.385798045080    1    7
         0, 1348  -0.707106781187  -0.000000000000   0.707106781187
                   0.577350269190  -0.577350269190   0.577350269190
0, 1350 1077.649759538546 11231.523563449460 14455.137528419951    1    7
         0, 1351  -0.707106781187  -0.707106781187  -0.000000000000
                  -0.577350269190   0.577350269190   0.577350269190
0, 1351 1341.302276645364 11749.770293189329 14200.543315786899    2    0
         0, 1350   0.707106781187   0.707106781187   0.000000000000
                  -0.577350269190   0.577350269190   0.577350269190
         0, 1352  -0.707106781187  -0.707106781187  -0.000000000000
                  -0.577350269190   0.577350269190   0.577350269190
0, 1352 1604.954793752181 12268.017022929198 13945.949103153847    2    0
         0, 1351   0.707106781187   0.707106781187   0.000000000000
                  -0.577350269190   0.577350269190   0.577350269190
         0, 1353  -0.707106781187  -0.707106781187  -0.000000000000
                  -0.577350269190   0.577350269190   0.577350269190
0, 1353 1868.607310858998 12786.263752669067 13691.354890520797    2    0
         0, 1352   0.707106781187   0.707106781187   0.000000000000
                  -0.577350269190   0.577350269190   0.577350269190
         0, 1354  -0.707106781187  -0.707106781187  -0.000000000000
                  -0.577350269190   0.577350269190   0.577350269190
0, 1354 2132.259827965815 13304.510482408936 13436.760677887745    1    7
         0, 1353   0.707106781187   0.707106781187   0.000000000000
                  -0.577350269190   0.577350269190   0.577350269190
0, 1355 12930.112708214252 8893.128328151239 2168.231865601266    1    7
         0, 1356   0.000000000000   0.707106781187   0.707106781187
                   0.577350269190   0.577350269190  -0.577350269190
0, 1356 13369.992434710259 8856.546329150773 2571.529593096808    2    0
         0, 1355  -0.000000000000  -0.707106781187  -0.707106781187
                   0.577350269190   0.577350269190  -0.577350269190
         0, 1357   0.000000000000   0.707106781187   0.707106781187
                   0.577350269190   0.577350269190  -0.577350269190
0, 1357 13809.872161206265 8819.964330150309 2974.827320592350    2    0
         0, 1356  -0.000000000000  -0.707106781187  -0.707106781187
                   0.577350269190   0.577350269190  -0.577350269190
         0, 1358   0.000000000000   0.707106781187   0.707106781187
                   0.577350269190   0.577350269190  -0.577350269190
0, 1358 14249.751887702274 8783.382331149844 3378.125048087892    2    0
         0, 1357  -0.000000000000  -0.707106781187  -0.707106781187
                   0.577350269190   0.577350269190  -0.577350269190
         0, 1359   0.000000000000   0.707106781187   0.707106781187
                   0.577350269190   0.577350269190  -0.577350269190
0, 1359 14689.631614198281 8746.800332149378 3781.422775583434    1    7
         0, 1358  -0.000000000000  -0.707106781187  -0.707106781187
                   0.577350269190   0.577350269190  -0.577350269190
0, 1360 11669.317150870629 10418.643565690236 15399.566851620235    1    7
         0, 1361   0.707106781187   0.707106781187   0.000000000000
                   0.577350269190  -0.577350269190   0.577350269190
0, 1361 11645.993214241589 9926.038680973117 14930.285903532156    2    0
         0, 1360  -0.707106781187  -0.707106781187  -0.000000000000
                   0.577350269190  -0.577350269190   0.577350269190
         0, 1362   0.707106781187   0.707106781187   0.000000000000
                   0.577350269190  -0.577350269190   0.577350269190
0, 1362 11622.669277612549 9433.433796256000 14461.004955444079    2    0
         0, 1361  -0.707106781187  -0.707106781187  -0.000000000000
                   0.577350269190  -0.577350269190   0.577350269190
         0, 1363   0.707106781187   0.707106781187   0.000000000000
                   0.577350269190  -0.577350269190   0.577350269190
0, 1363 11599.345340983509 8940.828911538882 13991.724007356002    2    0
         0, 1362  -0.707106781187  -0.707106781187  -0.000000000000
                   0.577350269190  -0.577350269190   0.577350269190
         0, 1364   0.707106781187   0.707106781187   0.000000000000
                   0.577350269190  -0.577350269190   0.577350269190
0, 1364 11576.021404354467 8448.224026821765 13522.443059267924    1    7
         0, 1363  -0.707106781187  -0.707106781187  -0.000000000000
                   0.577350269190  -0.577350269190   0.577350269190
0, 1365 697.283169146456 5570.798861653980 10616.203676278707    1    7
         0, 1366  -0.707106781187   0.707106781187  -0.000000000000
                   0.577350269190   0.577350269190  -0.577350269190
0, 1366 920.734963191492 5632.716855111278 10901.573463781040    2    0
         0, 1365   0.707106781187  -0.707106781187   0.000000000000
                   0.577350269190   0.577350269190  -0.577350269190
         0, 1367  -0.707106781187   0.707106781187  -0.000000000000
                   0.577350269190   0.577350269190  -0.577350269190
0, 1367 1144.186757236528 5694.634848568576 11186.943251283376    2    0
         0, 1366   0.707106781187  -0.707106781187   0.000000000000
                   0.577350269190   0.577350269190  -0.577350269190
         0, 1368  -0.707106781187   0.707106781187  -0.000000000000
                   0.577350269190   0.577350269190  -0.577350269190
0, 1368 1367.638551281564 5756.552842025874 11472.313038785709    2    0
         0, 1367   0.707106781187  -0.707106781187   0.000000000000
                   0.577350269190   0.577350269190  -0.577350269190
         0, 1369  -0.707106781187   0.707106781187  -0.000000000000
                   0.577350269190   0.577350269190  -0.577350269190
0, 1369 1591.090345326601 5818.470835483172 11757.682826288044    1    7
         0, 1368   0.707106781187  -0.707106781187   0.000000000000
                   0.577350269190   0.577350269190  -0.577350269190
0, 1370 10601.963549764965 8638.405323206396 11550.529672973234    1    7
         0, 1371  -0.000000000000  -0.707106781187  -0.707106781187
                   0.577350269190   0.577350269190  -0.577350269190
0, 1371 10421.880847161434 9116.483353826417 11848.525000989725    2    0
         0, 1370   0.000000000000   0.707106781187   0.707106781187
                   0.577350269190   0.577350269190  -0.577350269190
         0, 1372  -0.000000000000  -0.707106781187  -0.707106781187
                   0.577350269190   0.577350269190  -0.577350269190
0, 1372 10241.798144557903 9594.561384446441 12146.520329006216    2    0
         0, 1371   0.000000000000   0.707106781187   0.707106781187
                   0.577350269190   0.577350269190  -0.577350269190
         0, 1373  -0.000000000000  -0.707106781187  -0.707106781187
                   0.577350269190   0.577350269190  -0.577350269190
0, 1373 10061.715441954371 10072.639415066462 12444.515657022706    2    0
         0, 1372   0.000000000000   0.707106781187   0.707106781187
                   0.577350269190   0.577350269190  -0.577350269190
         0, 1374  -0.000000000000  -0.707106781187  -0.707106781187
                   0.577350269190   0.577350269190  -0.577350269190
0, 1374 9881.632739350840 10550.717445686485 12742.510985039198    1    7
         0, 1373   0.000000000000   0.707106781187   0.707106781187
                   0.577350269190   0.577350269190  -0.577350269190
0, 1375 1558.749882930309 7458.178389057951 10194.781907526674    1    7
         0, 1376  -0.707106781187   0.707106781187  -0.000000000000
                   0.577350269190   0.577350269190   0.577350269190
0, 1376 1783.995032652179 7549.071065672546 9878.644081190210    2    0
         0, 1375   0.707106781187  -0.707106781187   0.000000000000
                   0.577350269190   0.577350269190   0.577350269190
         0, 1377  -0.707106781187   0.707106781187  -0.000000000000
                   0.577350269190   0.577350269190   0.577350269190
0, 1377 2009.240182374049 7639.963742287142 9562.506254853744    2    0
         0, 1376   0.707106781187  -0.707106781187   0.000000000000
                   0.577350269190   0.577350269190   0.577350269190
         0, 1378  -0.707106781187   0.707106781187  -0.000000000000
                   0.577350269190   0.577350269190   0.577350269190
0, 1378 2234.485332095918 7730.856418901737 9246.368428517280    2    0
         0, 1377   0.707106781187  -0.707106781187   0.000000000000
                   0.577350269190   0.577350269190   0.577350269190
         0, 1379  -0.707106781187   0.707106781187  -0.000000000000
                   0.577350269190   0.577350269190   0.577350269190
0, 1379 2459.730481817788 7821.749095516332 8930.230602180814    1    7
         0, 1378   0.707106781187  -0.707106781187   0.000000000000
                   0.577350269190   0.577350269190   0.577350269190
0, 1380 6788.854459639644 7685.476837543849 3354.634938830465    1    7
         0, 1381   0.707106781187   0.000000000000   0.707106781187
                   0.577350269190   0.577350269190  -0.577350269190
0, 1381 7073.912996559033 7243.552509172618 3197.769147378623    2    0
         0, 1380  -0.707106781187  -0.000000000000  -0.707106781187
                   0.577350269190   0.577350269190  -0.577350269190
         0, 1382   0.707106781187   0.000000000000   0.707106781187
                   0.577350269190   0.577350269190  -0.577350269190
0, 1382 7358.971533478421 6801.628180801386 3040.903355926780    2    0
         0, 1381  -0.707106781187  -0.000000000000  -0.707106781187
                   0.577350269190   0.577350269190  -0.577350269190
         0, 1383   0.707106781187   0.000000000000   0.707106781187
                   0.577350269190   0.577350269190  -0.577350269190
0, 1383 7644.030070397809 6359.703852430155 2884.037564474937    2    0
         0, 1382  -0.707106781187  -0.000000000000  -0.707106781187
                   0.577350269190   0.577350269190  -0.577350269190
         0, 1384   0.707106781187   0.000000000000   0.707106781187
                   0.577350269190   0.577350269190  -0.577350269190
0, 1384 7929.088607317198 5917.779524058924 2727.171773023094    1    7
         0, 1383  -0.707106781187  -0.000000000000  -0.707106781187
                   0.577350269190   0.577350269190  -0.577350269190
0, 1385 2935.812833362721 14175.635494926071 943.832004789617    1    7
         0, 1386   0.707106781187   0.707106781187   0.000000000000
                   0.577350269190  -0.577350269190   0.577350269190
0, 1386 3306.685455349056 14379.294275866234 776.618163743444    2    0
         0, 1385  -0.707106781187  -0.707106781187  -0.000000000000
                   0.577350269190  -0.577350269190   0.577350269190
         0, 1387   0.707106781187   0.707106781187   0.000000000000
                   0.577350269190  -0.577350269190   0.577350269190
0, 1387 3677.558077335391 14582.953056806395 609.404322697271    2    0
         0, 1386  -0.707106781187  -0.707106781187  -0.000000000000
                   0.577350269190  -0.577350269190   0.577350269190
         0, 1388   0.707106781187   0.707106781187   0.000000000000
                   0.577350269190  -0.577350269190   0.577350269190
0, 1388 4048.430699321727 14786.611837746557 442.190481651098    2    0
         0, 1387  -0.707106781187  -0.707106781187  -0.000000000000
                   0.577350269190  -0.577350269190   0.577350269190
         0, 1389   0.707106781187   0.707106781187   0.000000000000
                   0.577350269190  -0.577350269190   0.577350269190
0, 1389 4419.303321308062 14990.270618686720 274.976640604925    1    7
         0, 1388  -0.707106781187  -0.707106781187  -0.000000000000
                   0.577350269190  -0.577350269190   0.577350269190
0, 1390 168.589369320702 12407.322442101020 15628.557738023706    1    7
         0, 1391   0.707106781187   0.000000000000  -0.707106781187
                   0.577350269190   0.577350269190   0.577350269190
0, 1391 687.489555160601 12249.098228874223 15267.881765410604    2    0
         0, 1390  -0.707106781187  -0.000000000000   0.707106781187
                   0.577350269190   0.577350269190   0.577350269190
         0, 1392   0.707106781187   0.000000000000  -0.707106781187
                   0.577350269190   0.577350269190   0.577350269190
0, 1392 1206.389741000500 12090.874015647429 14907.205792797500    2    0
         0, 1391  -0.707106781187  -0.000000000000   0.707106781187
                   0.577350269190   0.577350269190   0.577350269190
         0, 1393   0.707106781187   0.000000000000  -0.707106781187
                   0.577350269190   0.577350269190   0.577350269190
0, 1393 1725.289926840399 11932.649802420632 14546.529820184398    2    0
         0, 1392  -0.707106781187  -0.000000000000   0.707106781187
                   0.577350269190   0.577350269190   0.577350269190
         0, 1394   0.707106781187   0.000000000000  -0.707106781187
                   0.577350269190   0.577350269190   0.577350269190
0, 1394 2244.190112680298 11774.425589193836 14185.853847571294    1    7
         0, 1393  -0.707106781187  -0.000000000000   0.707106781187
                   0.577350269190   0.577350269190   0.577350269190
0, 1395 9629.514986974809 8682.358508911684 7614.246903865296    1    7
         0, 1396   0.000000000000   0.707106781187  -0.707106781187
                  -0.577350269190   0.577350269190   0.577350269190
0, 1396 9723.669941260199 9167.497296218588 7223.263070843782    2    0
         0, 1395  -0.000000000000  -0.707106781187   0.707106781187
                  -0.577350269190   0.577350269190   0.577350269190
         0, 1397   0.000000000000   0.707106781187  -0.707106781187
                  -0.577350269190   0.577350269190   0.577350269190
0, 1397 9817.824895545587 9652.636083525491 6832.279237822268    2    0
         0, 1396  -0.000000000000  -0.707106781187   0.707106781187
                  -0.577350269190   0.577350269190   0.577350269190
         0, 1398   0.000000000000   0.707106781187  -0.707106781187
                  -0.577350269190   0.577350269190   0.577350269190
0, 1398 9911.979849830977 10137.774870832394 6441.295404800753    2    0
         0, 1397  -0.000000000000  -0.707106781187   0.707106781187
                  -0.577350269190   0.577350269190   0.577350269190
         0, 1399   0.000000000000   0.707106781187  -0.707106781187
                  -0.577350269190   0.577350269190   0.577350269190
0, 1399 10006.134804116366 10622.913658139298 6050.311571779239    1    7
         0, 1398  -0.000000000000  -0.707106781187   0.707106781187
                  -0.577350269190   0.577350269190   0.577350269190
0, 1400 10357.865625929619 1064.409421919856 11774.020664366702    1    7
         0, 1401   0.707106781187   0.000000000000  -0.707106781187
                   0.577350269190  -0.577350269190   0.577350269190
0, 1401 10873.563129113785 1533.260844008845 11727.174583271524    2    0
         0, 1400  -0.707106781187  -0.000000000000   0.707106781187
                   0.577350269190  -0.577350269190   0.577350269190
         0, 1402   0.707106781187   0.000000000000  -0.707106781187
                   0.577350269190  -0.577350269190   0.577350269190
0, 1402 11389.260632297952 2002.112266097834 11680.328502176348    2    0
         0, 1401  -0.707106781187  -0.000000000000   0.707106781187
                   0.577350269190  -0.577350269190   0.577350269190
         0, 1403   0.707106781187   0.000000000000  -0.707106781187
                   0.577350269190  -0.577350269190   0.577350269190
0, 1403 11904.958135482118 2470.963688186823 11633.482421081169    2    0
         0, 1402  -0.707106781187  -0.000000000000   0.707106781187
                   0.577350269190  -0.577350269190   0.577350269190
         0, 1404   0.707106781187   0.000000000000  -0.707106781187
                   0.577350269190  -0.577350269190   0.577350269190
0, 1404 12420.655638666285 2939.815110275812 11586.636339985993    1    7
         0, 1403  -0.707106781187  -0.000000000000   0.707106781187
                   0.577350269190  -0.577350269190   0.577350269190
0, 1405 8726.644924301487 4952.849931653954 14706.850516828978    1    7
         0, 1406   0.707106781187   0.000000000000  -0.707106781187
                   0.577350269190   0.577350269190   0.577350269190
0, 1406 8452.964729698264 5003.008109742111 14930.372533344043    2    0
         0, 1405  -0.707106781187  -0.000000000000   0.707106781187
                   0.577350269190   0.577350269190   0.577350269190
         0, 1407   0.707106781187   0.000000000000  -0.707106781187
                   0.577350269190   0.577350269190   0.577350269190
0, 1407 8179.284535095040 5053.166287830269 15153.894549859109    2    0
         0, 1406  -0.707106781187  -0.000000000000   0.707106781187
                   0.577350269190   0.577350269190   0.577350269190
         0, 1408   0.707106781187   0.000000000000  -0.707106781187
                   0.577350269190   0.577350269190   0.577350269190
0, 1408 7905.604340491817 5103.324465918426 15377.416566374175    2    0
         0, 1407  -0.707106781187  -0.000000000000   0.707106781187
                   0.577350269190   0.577350269190   0.577350269190
         0, 1409   0.707106781187   0.000000000000  -0.707106781187
                   0.577350269190   0.577350269190   0.577350269190
0, 1409 7631.924145888594 5153.482644006584 15600.938582889241    1    7
         0, 1408  -0.707106781187  -0.000000000000   0.707106781187
                   0.577350269190   0.577350269190   0.577350269190
0, 1410 3720.686282782242 4651.865987317824 7632.165095226880    1    7
         0, 1411   0.000000000000   0.707106781187   0.707106781187
                   0.577350269190  -0.577350269190   0.577350269190
0, 1411 3444.224919490037 4291.648927121950 7548.409398323210    2    0
         0, 1410  -0.000000000000  -0.707106781187  -0.707106781187
                   0.577350269190  -0.577350269190   0.577350269190
         0, 1412   0.000000000000   0.707106781187   0.707106781187
                   0.577350269190  -0.577350269190   0.577350269190
0, 1412 3167.763556197833 3931.431866926075 7464.653701419540    2    0
         0, 1411  -0.000000000000  -0.707106781187  -0.707106781187
                   0.577350269190  -0.577350269190   0.577350269190
         0, 1413   0.000000000000   0.707106781187   0.707106781187
                   0.577350269190  -0.577350269190   0.577350269190
0, 1413 2891.302192905629 3571.214806730201 7380.898004515870    2    0
         0, 1412  -0.000000000000  -0.707106781187  -0.707106781187
                   0.577350269190  -0.577350269190   0.577350269190
         0, 1414   0.000000000000   0.707106781187   0.707106781187
                   0.577350269190  -0.577350269190   0.577350269190
0, 1414 2614.840829613425 3210.997746534326 7297.142307612199    1    7
         0, 1413  -0.000000000000  -0.707106781187  -0.707106781187
                   0.577350269190  -0.577350269190   0.577350269190
0, 1415 4175.151582135604 13898.709170043943 5486.050404692030    1    7
         0, 1416   0.707106781187  -0.707106781187   0.000000000000
                   0.577350269190   0.577350269190   0.577350269190
0, 1416 3946.602690034771 13737.610263398241 5875.698203438566    2    0
         0, 1415  -0.707106781187   0.707106781187  -0.000000000000
                   0.577350269190   0.577350269190   0.577350269190
         0, 1417   0.707106781187  -0.707106781187   0.000000000000
                   0.577350269190   0.577350269190   0.577350269190
0, 1417 3718.053797933938 13576.511356752539 6265.346002185101    2    0
         0, 1416  -0.707106781187   0.707106781187  -0.000000000000
                   0.577350269190   0.577350269190   0.577350269190
         0, 1418   0.707106781187  -0.707106781187   0.000000000000
                   0.577350269190   0.577350269190   0.577350269190
0, 1418 3489.504905833105 13415.412450106835 6654.993800931637    2    0
         0, 1417  -0.707106781187   0.707106781187  -0.000000000000
                   0.577350269190   0.577350269190   0.577350269190
         0, 1419   0.707106781187  -0.707106781187   0.000000000000
                   0.577350269190   0.577350269190   0.577350269190
0, 1419 3260.956013732271 13254.313543461132 7044.641599678172    1    7
         0, 1418  -0.707106781187   0.707106781187  -0.000000000000
                   0.577350269190   0.577350269190   0.577350269190
0, 1420 9529.992100619053 14944.293998142850 3768.603815743653    1    7
         0, 1421  -0.707106781187  -0.707106781187  -0.000000000000
                  -0.577350269190   0.577350269190   0.577350269190
0, 1421 9694.998153540892 14746.484495118208 4131.419371690135    2    0
         0, 1420   0.707106781187   0.707106781187   0.000000000000
                  -0.577350269190   0.577350269190   0.577350269190
         0, 1422  -0.707106781187  -0.707106781187  -0.000000000000
                  -0.577350269190   0.577350269190   0.577350269190
0, 1422 9860.004206462731 14548.674992093565 4494.234927636615    2    0
         0, 1421   0.707106781187   0.707106781187   0.000000000000
                  -0.577350269190   0.577350269190   0.577350269190
         0, 1423  -0.707106781187  -0.707106781187  -0.000000000000
                  -0.577350269190   0.577350269190   0.577350269190
0, 1423 10025.010259384570 14350.865489068923 4857.050483583096    2    0
         0, 1422   0.707106781187   0.707106781187   0.000000000000
                  -0.577350269190   0.577350269190   0.577350269190
         0, 1424  -0.707106781187  -0.707106781187  -0.000000000000
                  -0.577350269190   0.577350269190   0.577350269190
0, 1424 10190.016312306409 14153.055986044281 5219.866039529577    1    7
         0, 1423   0.707106781187   0.707106781187   0.000000000000
                  -0.577350269190   0.577350269190   0.577350269190
0, 1425 2225.001129584638 2492.255589798354 10753.764666397050    1    7
         0, 1426   0.707106781187  -0.707106781187   0.000000000000
                   0.577350269190   0.577350269190  -0.577350269190
0, 1426 2547.462407592139 2198.228284998281 10782.198639604478    2    0
         0, 1425  -0.707106781187   0.707106781187  -0.000000000000
                   0.577350269190   0.577350269190  -0.577350269190
         0, 1427   0.707106781187  -0.707106781187   0.000000000000
                   0.577350269190   0.577350269190  -0.577350269190
0, 1427 2869.923685599641 1904.200980198207 10810.632612811907    2    0
         0, 1426  -0.707106781187   0.707106781187  -0.000000000000
                   0.577350269190   0.577350269190  -0.577350269190
         0, 1428   0.707106781187  -0.707106781187   0.000000000000
                   0.577350269190   0.577350269190  -0.577350269190
0, 1428 3192.384963607142 1610.173675398134 10839.066586019335    2    0
         0, 1427  -0.707106781187   0.707106781187  -0.000000000000
                   0.577350269190   0.577350269190  -0.577350269190
         0, 1429   0.707106781187  -0.707106781187   0.000000000000
                   0.577350269190   0.577350269190  -0.577350269190
0, 1429 3514.846241614644 1316.146370598061 10867.500559226763    1    7
         0, 1428  -0.707106781187   0.707106781187  -0.000000000000
                   0.577350269190   0.577350269190  -0.577350269190
0, 1430 8445.823991993417 12273.852380461623 5205.115096980608    1    7
         0, 1431  -0.707106781187  -0.000000000000  -0.707106781187
                  -0.577350269190   0.577350269190   0.577350269190
0, 1431 8059.698083737730 12106.237855343943 4986.603713842602    2    0
         0, 1430   0.707106781187   0.000000000000   0.707106781187
                  -0.577350269190   0.577350269190   0.577350269190
         0, 1432  -0.707106781187  -0.000000000000  -0.707106781187
                  -0.577350269190   0.577350269190   0.577350269190
0, 1432 7673.572175482042 11938.623330226261 4768.092330704595    2    0
         0, 1431   0.707106781187   0.000000000000   0.707106781187
                  -0.577350269190   0.577350269190   0.577350269190
         0, 1433  -0.707106781187  -0.000000000000  -0.707106781187
                  -0.577350269190   0.577350269190   0.577350269190
0, 1433 7287.446267226355 11771.008805108580 4549.580947566589    2    0
         0, 1432   0.707106781187   0.000000000000   0.707106781187
                  -0.577350269190   0.577350269190   0.577350269190
         0, 1434  -0.707106781187  -0.000000000000  -0.707106781187
                  -0.577350269190   0.577350269190   0.577350269190
0, 1434 6901.320358970668 11603.394279990900 4331.069564428582    1    7
         0, 1433   0.707106781187   0.000000000000   0.707106781187
                  -0.577350269190   0.577350269190   0.577350269190
0, 1435 8305.296487211232 13696.152007993573 6679.336367431051    1    7
         0, 1436   0.707106781187   0.000000000000   0.707106781187
                  -0.577350269190   0.577350269190   0.577350269190
0, 1436 8328.981858069370 13444.528944364736 6954.644801918025    2    0
         0, 1435  -0.707106781187  -0.000000000000  -0.707106781187
                  -0.577350269190   0.577350269190   0.577350269190
         0, 1437   0.707106781187   0.000000000000   0.707106781187
                  -0.577350269190   0.577350269190   0.577350269190
0, 1437 8352.667228927508 13192.905880735900 7229.953236404999    2    0
         0, 1436  -0.707106781187  -0.000000000000  -0.707106781187
                  -0.577350269190   0.577350269190   0.577350269190
         0, 1438   0.707106781187   0.000000000000   0.707106781187
                  -0.577350269190   0.577350269190   0.577350269190
0, 1438 8376.352599785645 12941.282817107065 7505.261670891973    2    0
         0, 1437  -0.707106781187  -0.000000000000  -0.707106781187
                  -0.577350269190   0.577350269190   0.577350269190
         0, 1439   0.707106781187   0.000000000000   0.707106781187
                  -0.577350269190   0.577350269190   0.577350269190
0, 1439 8400.037970643783 12689.659753478229 7780.570105378947    1    7
         0, 1438  -0.707106781187  -0.000000000000  -0.707106781187
                  -0.577350269190   0.577350269190   0.577350269190
0, 1440 3020.499647944084 14352.505158574249 7789.643170227018    1    7
         0, 1441   0.707106781187   0.000000000000  -0.707106781187
                   0.577350269190  -0.577350269190   0.577350269190
0, 1441 2692.858827019375 14060.651989980004 7825.430822557482    2    0
         0, 1440  -0.707106781187  -0.000000000000   0.707106781187
                   0.577350269190  -0.577350269190   0.577350269190
         0, 1442   0.707106781187   0.000000000000  -0.707106781187
                   0.577350269190  -0.577350269190   0.577350269190
0, 1442 2365.218006094665 13768.798821385757 7861.218474887946    2    0
         0, 1441  -0.707106781187  -0.000000000000   0.707106781187
                   0.577350269190  -0.577350269190   0.577350269190
         0, 1443   0.707106781187   0.000000000000  -0.707106781187
                   0.577350269190  -0.577350269190   0.577350269190
0, 1443 2037.577185169955 13476.945652791512 7897.006127218410    2    0
         0, 1442  -0.707106781187  -0.000000000000   0.707106781187
                   0.577350269190  -0.577350269190   0.577350269190
         0, 1444   0.707106781187   0.000000000000  -0.707106781187
                   0.577350269190  -0.577350269190   0.577350269190
0, 1444 1709.936364245245 13185.092484197266 7932.793779548874    1    7
         0, 1443  -0.707106781187  -0.000000000000   0.707106781187
                   0.577350269190  -0.577350269190   0.577350269190
0, 1445 11502.867209856495 910.609623163541 5761.966481186729    1    7
         0, 1446  -0.000000000000  -0.707106781187  -0.707106781187
                   0.577350269190   0.577350269190  -0.577350269190
0, 1446 11136.311116106743 871.348343163787 5356.149107437222    2    0
         0, 1445   0.000000000000   0.707106781187   0.707106781187
                   0.577350269190   0.577350269190  -0.577350269190
         0, 1447  -0.000000000000  -0.707106781187  -0.707106781187
                   0.577350269190   0.577350269190  -0.577350269190
0, 1447 10769.755022356991 832.087063164032 4950.331733687715    2    0
         0, 1446   0.000000000000   0.707106781187   0.707106781187
                   0.577350269190   0.577350269190  -0.577350269190
         0, 1448  -0.000000000000  -0.707106781187  -0.707106781187
                   0.577350269190   0.577350269190  -0.577350269190
0, 1448 10403.198928607237 792.825783164278 4544.514359938208    2    0
         0, 1447   0.000000000000   0.707106781187   0.707106781187
                   0.577350269190   0.577350269190  -0.577350269190
         0, 1449  -0.000000000000  -0.707106781187  -0.707106781187
                   0.577350269190   0.577350269190  -0.577350269190
0, 1449 10036.642834857485 753.564503164523 4138.696986188701    1    7
         0, 1448   0.000000000000   0.707106781187   0.707106781187
                   0.577350269190   0.577350269190  -0.577350269190
0, 1450 6173.584206058762 8705.266341717579 3978.232139231634    1    7
         0, 1451  -0.707106781187  -0.000000000000  -0.707106781187
                  -0.577350269190   0.577350269190   0.577350269190
0, 1451 6464.821622278741 8537.051898160764 4437.683999008428    2    0
         0, 1450   0.707106781187   0.000000000000   0.707106781187
                  -0.577350269190   0.577350269190   0.577350269190
         0, 1452  -0.707106781187  -0.000000000000  -0.707106781187
                  -0.577350269190   0.577350269190   0.577350269190
0, 1452 6756.059038498720 8368.837454603949 4897.135858785222    2    0
         0, 1451   0.707106781187   0.000000000000   0.707106781187
                  -0.577350269190   0.577350269190   0.577350269190
         0, 1453  -0.707106781187  -0.000000000000  -0.707106781187
                  -0.577350269190   0.577350269190   0.577350269190
0, 1453 7047.296454718698 8200.623011047135 5356.587718562016    2    0
         0, 1452   0.707106781187   0.000000000000   0.707106781187
                  -0.577350269190   0.577350269190   0.577350269190
         0, 1454  -0.707106781187  -0.000000000000  -0.707106781187
                  -0.577350269190   0.577350269190   0.577350269190
0, 1454 7338.533870938678 8032.408567490320 5816.039578338809    1    7
         0, 1453   0.707106781187   0.000000000000   0.707106781187
                  -0.577350269190   0.577350269190   0.577350269190
0, 1455 5527.907807116534 10057.069247608451 1539.604456226858    1    7
         0, 1456  -0.000000000000  -0.707106781187  -0.707106781187
                   0.577350269190   0.577350269190  -0.577350269190
0, 1456 5846.058286589252 10212.958146693638 2013.643834784763    2    0
         0, 1455   0.000000000000   0.707106781187   0.707106781187
                   0.577350269190   0.577350269190  -0.577350269190
         0, 1457  -0.000000000000  -0.707106781187  -0.707106781187
                   0.577350269190   0.577350269190  -0.577350269190
0, 1457 6164.208766061970 10368.847045778826 2487.683213342668    2    0
         0, 1456   0.000000000000   0.707106781187   0.707106781187
                   0.577350269190   0.577350269190  -0.577350269190
         0, 1458  -0.000000000000  -0.707106781187  -0.707106781187
                   0.577350269190   0.577350269190  -0.577350269190
0, 1458 6482.359245534688 10524.735944864013 2961.722591900573    2    0
         0, 1457   0.000000000000   0.707106781187   0.707106781187
                   0.577350269190   0.577350269190  -0.577350269190
         0, 1459  -0.000000000000  -0.707106781187  -0.707106781187
                   0.577350269190   0.577350269190  -0.577350269190
0, 1459 6800.509725007406 10680.624843949199 3435.761970458478    1    7
         0, 1458   0.000000000000   0.707106781187   0.707106781187
                   0.577350269190   0.577350269190  -0.577350269190
0, 1460 6874.803342707170 5948.484764655565 13391.626474684710    1    7
         0, 1461   0.707106781187  -0.707106781187   0.000000000000
                   0.577350269190   0.577350269190   0.577350269190
0, 1461 7126.305309882181 6190.819122971973 12897.790149193292    2    0
         0, 1460  -0.707106781187   0.707106781187  -0.000000000000
                   0.577350269190   0.577350269190   0.577350269190
         0, 1462   0.707106781187  -0.707106781187   0.000000000000
                   0.577350269190   0.577350269190   0.577350269190
0, 1462 7377.807277057192 6433.153481288382 12403.953823701871    2    0
         0, 1461  -0.707106781187   0.707106781187  -0.000000000000
                   0.577350269190   0.577350269190   0.577350269190
         0, 1463   0.707106781187  -0.707106781187   0.000000000000
                   0.577350269190   0.577350269190   0.577350269190
0, 1463 7629.309244232201 6675.487839604790 11910.117498210453    2    0
         0, 1462  -0.707106781187   0.707106781187  -0.000000000000
                   0.577350269190   0.577350269190   0.577350269190
         0, 1464   0.707106781187  -0.707106781187   0.000000000000
                   0.577350269190   0.577350269190   0.577350269190
0, 1464 7880.811211407212 6917.822197921198 11416.281172719035    1    7
         0, 1463  -0.707106781187   0.707106781187  -0.000000000000
                   0.577350269190   0.577350269190   0.577350269190
0, 1465 9681.590073387635 319.298902157406 9148.342124081371    1    7
         0, 1466  -0.000000000000  -0.707106781187   0.707106781187
                  -0.577350269190   0.577350269190   0.577350269190
0, 1466 9591.055821970567 678.943686051927 8698.163088769783    2    0
         0, 1465   0.000000000000   0.707106781187  -0.707106781187
                  -0.577350269190   0.577350269190   0.577350269190
         0, 1467  -0.000000000000  -0.707106781187   0.707106781187
                  -0.577350269190   0.577350269190   0.577350269190
0, 1467 9500.521570553499 1038.588469946447 8247.984053458194    2    0
         0, 1466   0.000000000000   0.707106781187  -0.707106781187
                  -0.577350269190   0.577350269190   0.577350269190
         0, 1468  -0.000000000000  -0.707106781187   0.707106781187
                  -0.577350269190   0.577350269190   0.577350269190
0, 1468 9409.987319136431 1398.233253840968 7797.805018146605    2    0
         0, 1467   0.000000000000   0.707106781187  -0.707106781187
                  -0.577350269190   0.577350269190   0.577350269190
         0, 1469  -0.000000000000  -0.707106781187   0.707106781187
                  -0.577350269190   0.577350269190   0.577350269190
0, 1469 9319.453067719362 1757.878037735489 7347.625982835016    1    7
         0, 1468   0.000000000000   0.707106781187  -0.707106781187
                  -0.577350269190   0.577350269190   0.577350269190
0, 1470 3052.400027469371 12758.130323779897 14422.059838673800    1    7
         0, 1471   0.707106781187   0.707106781187   0.000000000000
                   0.577350269190  -0.577350269190   0.577350269190
0, 1471 2651.895055395429 12547.820872918042 14612.255359885889    2    0
         0, 1470  -0.707106781187  -0.707106781187  -0.000000000000
                   0.577350269190  -0.577350269190   0.577350269190
         0, 1472   0.707106781187   0.707106781187   0.000000000000
                   0.577350269190  -0.577350269190   0.577350269190
0, 1472 2251.390083321488 12337.511422056188 14802.450881097975    2    0
         0, 1471  -0.707106781187  -0.707106781187  -0.000000000000
                   0.577350269190  -0.577350269190   0.577350269190
         0, 1473   0.707106781187   0.707106781187   0.000000000000
                   0.577350269190  -0.577350269190   0.577350269190
0, 1473 1850.885111247545 12127.201971194332 14992.646402310063    2    0
         0, 1472  -0.707106781187  -0.707106781187  -0.000000000000
                   0.577350269190  -0.577350269190   0.577350269190
         0, 1474   0.707106781187   0.707106781187   0.000000000000
                   0.577350269190  -0.577350269190   0.577350269190
0, 1474 1450.380139173604 11916.892520332478 15182.841923522150    1    7
         0, 1473  -0.707106781187  -0.707106781187  -0.000000000000
                   0.577350269190  -0.577350269190   0.577350269190
0, 1475 12735.388468575380 5417.809708843118 12029.272387811756    1    7
         0, 1476   0.707106781187   0.000000000000  -0.707106781187
                   0.577350269190  -0.577350269190   0.577350269190
0, 1476 12243.339595486173 5123.277989881023 12226.789541938868    2    0
         0, 1475  -0.707106781187  -0.000000000000   0.707106781187
                   0.577350269190  -0.577350269190   0.577350269190
         0, 1477   0.707106781187   0.000000000000  -0.707106781187
                   0.577350269190  -0.577350269190   0.577350269190
0, 1477 11751.290722396967 4828.746270918929 12424.306696065980    2    0
         0, 1476  -0.707106781187  -0.000000000000   0.707106781187
                   0.577350269190  -0.577350269190   0.577350269190
         0, 1478   0.707106781187   0.000000000000  -0.707106781187
                   0.577350269190  -0.577350269190   0.577350269190
0, 1478 11259.241849307760 4534.214551956835 12621.823850193092    2    0
         0, 1477  -0.707106781187  -0.000000000000   0.707106781187
                   0.577350269190  -0.577350269190   0.577350269190
         0, 1479   0.707106781187   0.000000000000  -0.707106781187
                   0.577350269190  -0.577350269190   0.577350269190
0, 1479 10767.192976218554 4239.682832994740 12819.341004320204    1    7
         0, 1478  -0.707106781187  -0.000000000000   0.707106781187
                   0.577350269190  -0.577350269190   0.577350269190
0, 1480 15774.312633914727 1688.327790557297 6323.211749443929    1    7
         0, 1481  -0.000000000000  -0.707106781187   0.707106781187
                   0.577350269190   0.577350269190   0.577350269190
0, 1481 15574.272523813277 1425.166708595429 6786.412941507248    2    0
         0, 1480   0.000000000000   0.707106781187  -0.707106781187
                   0.577350269190   0.577350269190   0.577350269190
         0, 1482  -0.000000000000  -0.707106781187   0.707106781187
                   0.577350269190   0.577350269190   0.577350269190
0, 1482 15374.232413711827 1162.005626633561 7249.614133570565    2    0
         0, 1481   0.000000000000   0.707106781187  -0.707106781187
                   0.577350269190   0.577350269190   0.577350269190
         0, 1483  -0.000000000000  -0.707106781187   0.707106781187
                   0.577350269190   0.577350269190   0.577350269190
0, 1483 15174.192303610376 898.844544671693 7712.815325633884    2    0
         0, 1482   0.000000000000   0.707106781187  -0.707106781187
                   0.577350269190   0.577350269190   0.577350269190
         0, 1484  -0.000000000000  -0.707106781187   0.707106781187
                   0.577350269190   0.577350269190   0.577350269190
0, 1484 14974.152193508926 635.683462709825 8176.016517697202    1    7
         0, 1483   0.000000000000   0.707106781187  -0.707106781187
                   0.577350269190   0.577350269190   0.577350269190
0, 1485 6660.830537729345 15886.074183102986 513.454730913454    1    7
         0, 1486  -0.707106781187  -0.000000000000  -0.707106781187
                  -0.577350269190   0.577350269190   0.577350269190
0, 1486 6186.737705101406 15476.204854387570 449.231227000932    2    0
         0, 1485   0.707106781187   0.000000000000   0.707106781187
                  -0.577350269190   0.577350269190   0.577350269190
         0, 1487  -0.707106781187  -0.000000000000  -0.707106781187
                  -0.577350269190   0.577350269190   0.577350269190
0, 1487 5712.644872473467 15066.335525672152 385.007723088411    2    0
         0, 1486   0.707106781187   0.000000000000   0.707106781187
                  -0.577350269190   0.577350269190   0.577350269190
         0, 1488  -0.707106781187  -0.000000000000  -0.707106781187
                  -0.577350269190   0.577350269190   0.577350269190
0, 1488 5238.552039845529 14656.466196956735 320.784219175890    2    0
         0, 1487   0.707106781187   0.000000000000   0.707106781187
                  -0.577350269190   0.577350269190   0.577350269190
         0, 1489  -0.707106781187  -0.000000000000  -0.707106781187
                  -0.577350269190   0.577350269190   0.577350269190
0, 1489 4764.459207217591 14246.596868241319 256.560715263368    1    7
         0, 1488   0.707106781187   0.000000000000   0.707106781187
                  -0.577350269190   0.577350269190   0.577350269190
0, 1490 4804.840395264812 8392.283275792401 15713.470572742564    1    7
         0, 1491  -0.000000000000  -0.707106781187  -0.707106781187
                   0.577350269190   0.577350269190  -0.577350269190
0, 1491 5112.335909054522 8063.239237349429 15691.922048089302    2    0
         0, 1490   0.000000000000   0.707106781187   0.707106781187
                   0.577350269190   0.577350269190  -0.577350269190
         0, 1492  -0.000000000000  -0.707106781187  -0.707106781187
                   0.577350269190   0.577350269190  -0.577350269190
0, 1492 5419.831422844232 7734.195198906456 15670.373523436039    2    0
         0, 1491   0.000000000000   0.707106781187   0.707106781187
                   0.577350269190   0.577350269190  -0.577350269190
         0, 1493  -0.000000000000  -0.707106781187  -0.707106781187
                   0.577350269190   0.577350269190  -0.577350269190
0, 1493 5727.326936633942 7405.151160463484 15648.824998782777    2    0
         0, 1492   0.000000000000   0.707106781187   0.707106781187
                   0.577350269190   0.577350269190  -0.577350269190
         0, 1494  -0.000000000000  -0.707106781187  -0.707106781187
                   0.577350269190   0.577350269190  -0.577350269190
0, 1494 6034.822450423651 7076.107122020512 15627.276474129516    1    7
         0, 1493   0.000000000000   0.707106781187   0.707106781187
                   0.577350269190   0.577350269190  -0.577350269190
0, 1495 749.644975987848 15213.461445070252 3725.767730461896    1    7
         0, 1496  -0.000000000000  -0.707106781187   0.707106781187
                  -0.577350269190   0.577350269190   0.577350269190
0, 1496 1142.239801666538 15094.164123877052 4237.659877333786    2    0
         0, 1495   0.000000000000   0.707106781187  -0.707106781187
                  -0.577350269190   0.577350269190   0.577350269190
         0, 1497  -0.000000000000  -0.707106781187   0.707106781187
                  -0.577350269190   0.577350269190   0.577350269190
0, 1497 1534.834627345228 14974.866802683851 4749.552024205677    2    0
         0, 1496   0.000000000000   0.707106781187  -0.707106781187
                  -0.577350269190   0.577350269190   0.577350269190
         0, 1498  -0.000000000000  -0.707106781187   0.707106781187
                  -0.577350269190   0.577350269190   0.577350269190
0, 1498 1927.429453023919 14855.569481490651 5261.444171077568    2    0
         0, 1497   0.000000000000   0.707106781187  -0.707106781187
                  -0.577350269190   0.577350269190   0.577350269190
         0, 1499  -0.000000000000  -0.707106781187   0.707106781187
                  -0.577350269190   0.577350269190   0.577350269190
0, 1499 2320.024278702609 14736.272160297451 5773.336317949459    1    7
         0, 1498   0.000000000000   0.707106781187  -0.707106781187
                  -0.577350269190   0.577350269190   0.577350269190
0, 1500 14760.710719172388 5551.791668430857 8608.389476528113    1    7
         0, 1501   0.707106781187  -0.707106781187   0.000000000000
                   0.577350269190   0.577350269190  -0.577350269190
0, 1501 14976.914912496182 5081.656589816575 8354.458591237626    2    0
         0, 1500  -0.707106781187   0.707106781187  -0.000000000000
                   0.577350269190   0.577350269190  -0.577350269190
         0, 1502   0.707106781187  -0.707106781187   0.000000000000
                   0.577350269190   0.577350269190  -0.577350269190
0, 1502 15193.119105819975 4611.521511202294 8100.527705947138    2    0
         0, 1501  -0.707106781187   0.707106781187  -0.000000000000
                   0.577350269190   0.577350269190  -0.577350269190
         0, 1503   0.707106781187  -0.707106781187   0.000000000000
                   0.577350269190   0.577350269190  -0.577350269190
0, 1503 15409.323299143769 4141.386432588013 7846.596820656650    2    0
         0, 1502  -0.707106781187   0.707106781187  -0.000000000000
                   0.577350269190   0.577350269190  -0.577350269190
         0, 1504   0.707106781187  -0.707106781187   0.000000000000
                   0.577350269190   0.577350269190  -0.577350269190
0, 1504 15625.527492467563 3671.251353973732 7592.665935366163    1    7
         0, 1503  -0.707106781187   0.707106781187  -0.000000000000
                   0.577350269190   0.577350269190  -0.577350269190
0, 1505 4109.364418347698 12957.625793938741 6533.854226297883    1    7
         0, 1506  -0.707106781187  -0.707106781187  -0.000000000000
                   0.577350269190  -0.577350269190   0.577350269190
0, 1506 4449.623606031877 13187.015896444997 6422.985141119959    2    0
         0, 1505   0.707106781187   0.707106781187   0.000000000000
                   0.577350269190  -0.577350269190   0.577350269190
         0, 1507  -0.707106781187  -0.707106781187  -0.000000000000
                   0.577350269190  -0.577350269190   0.577350269190
0, 1507 4789.882793716055 13416.405998951252 6312.116055942035    2    0
         0, 1506   0.707106781187   0.707106781187   0.000000000000
                   0.577350269190  -0.577350269190   0.577350269190
         0, 1508  -0.707106781187  -0.707106781187  -0.000000000000
                   0.577350269190  -0.577350269190   0.577350269190
0, 1508 5130.141981400234 13645.796101457507 6201.246970764112    2    0
         0, 1507   0.707106781187   0.707106781187   0.000000000000
                   0.577350269190  -0.577350269190   0.577350269190
         0, 1509  -0.707106781187  -0.707106781187  -0.000000000000
                   0.577350269190  -0.577350269190   0.577350269190
0, 1509 5470.401169084413 13875.186203963762 6090.377885586188    1    7
         0, 1508   0.707106781187   0.707106781187   0.000000000000
                   0.577350269190  -0.577350269190   0.577350269190
0, 1510 2948.795518671786 4361.800407965991 1798.332677489258    1    7
         0, 1511   0.000000000000   0.707106781187  -0.707106781187
                  -0.577350269190   0.577350269190   0.577350269190
0, 1511 3011.696675310362 4759.922400977422 1463.111841116404    2    0
         0, 1510  -0.000000000000  -0.707106781187   0.707106781187
                  -0.577350269190   0.577350269190   0.577350269190
         0, 1512   0.000000000000   0.707106781187  -0.707106781187
                  -0.577350269190   0.577350269190   0.577350269190
0, 1512 3074.597831948939 5158.044393988852 1127.891004743550    2    0
         0, 1511  -0.000000000000  -0.707106781187   0.707106781187
                  -0.577350269190   0.577350269190   0.577350269190
         0, 1513   0.000000000000   0.707106781187  -0.707106781187
                  -0.577350269190   0.577350269190   0.577350269190
0, 1513 3137.498988587515 5556.166387000281 792.670168370696    2    0
         0, 1512  -0.000000000000  -0.707106781187   0.707106781187
                  -0.577350269190   0.577350269190   0.577350269190
         0, 1514   0.000000000000   0.707106781187  -0.707106781187
                  -0.577350269190   0.577350269190   0.577350269190
0, 1514 3200.400145226091 5954.288380011712 457.449331997842    1    7
         0, 1513  -0.000000000000  -0.707106781187   0.707106781187
                  -0.577350269190   0.577350269190   0.577350269190
0, 1515 11053.763034719052 2578.767518567837 11307.798623324863    1    7
         0, 1516   0.707106781187   0.000000000000  -0.707106781187
                   0.577350269190   0.577350269190   0.577350269190
0, 1516 10952.574609354604 3039.312842370976 10948.441724886172    2    0
         0, 1515  -0.707106781187  -0.000000000000   0.707106781187
                   0.577350269190   0.577350269190   0.577350269190
         0, 1517   0.707106781187   0.000000000000  -0.707106781187
                   0.577350269190   0.577350269190   0.577350269190
0, 1517 10851.386183990156 3499.858166174115 10589.084826447481    2    0
         0, 1516  -0.707106781187  -0.000000000000   0.707106781187
                   0.577350269190   0.577350269190   0.577350269190
         0, 1518   0.707106781187   0.000000000000  -0.707106781187
                   0.577350269190   0.577350269190   0.577350269190
0, 1518 10750.197758625709 3960.403489977253 10229.727928008790    2    0
         0, 1517  -0.707106781187  -0.000000000000   0.707106781187
                   0.577350269190   0.577350269190   0.577350269190
         0, 1519   0.707106781187   0.000000000000  -0.707106781187
                   0.577350269190   0.577350269190   0.577350269190
0, 1519 10649.009333261263 4420.948813780391 9870.371029570098    1    7
         0, 1518  -0.707106781187  -0.000000000000   0.707106781187
                   0.577350269190   0.577350269190   0.577350269190
0, 1520 4956.297091897564 11317.126712594179 6755.935311784863    1    7
         0, 1521  -0.707106781187  -0.707106781187  -0.000000000000
                  -0.577350269190   0.577350269190   0.577350269190
0, 1521 5420.587121290519 11385.824705776100 7151.527347995897    2    0
         0, 1520   0.707106781187   0.707106781187   0.000000000000
                  -0.577350269190   0.577350269190   0.577350269190
         0, 1522  -0.707106781187  -0.707106781187  -0.000000000000
                  -0.577350269190   0.577350269190   0.577350269190
0, 1522 5884.877150683474 11454.522698958022 7547.119384206930    2    0
         0, 1521   0.707106781187   0.707106781187   0.000000000000
                  -0.577350269190   0.577350269190   0.577350269190
         0, 1523  -0.707106781187  -0.707106781187  -0.000000000000
                  -0.577350269190   0.577350269190   0.577350269190
0, 1523 6349.167180076428 11523.220692139943 7942.711420417963    2    0
         0, 1522   0.707106781187   0.707106781187   0.000000000000
                  -0.577350269190   0.577350269190   0.577350269190
         0, 1524  -0.707106781187  -0.707106781187  -0.000000000000
                  -0.577350269190   0.577350269190   0.577350269190
0, 1524 6813.457209469383 11591.918685321863 8338.303456628997    1    7
         0, 1523   0.707106781187   0.707106781187   0.000000000000
                  -0.577350269190   0.577350269190   0.577350269190
0, 1525 9093.157551697625 3200.733184176461 13323.848187447971    1    7
         0, 1526   0.707106781187   0.000000000000   0.707106781187
                   0.577350269190   0.577350269190  -0.577350269190
0, 1526 9134.596577088188 3474.664799793583 13639.218828455656    2    0
         0, 1525  -0.707106781187  -0.000000000000  -0.707106781187
                   0.577350269190   0.577350269190  -0.577350269190
         0, 1527   0.707106781187   0.000000000000   0.707106781187
                   0.577350269190   0.577350269190  -0.577350269190
0, 1527 9176.035602478751 3748.596415410705 13954.589469463341    2    0
         0, 1526  -0.707106781187  -0.000000000000  -0.707106781187
                   0.577350269190   0.577350269190  -0.577350269190
         0, 1528   0.707106781187   0.000000000000   0.707106781187
                   0.577350269190   0.577350269190  -0.577350269190
0, 1528 9217.474627869315 4022.528031027826 14269.960110471025    2    0
         0, 1527  -0.707106781187  -0.000000000000  -0.707106781187
                   0.577350269190   0.577350269190  -0.577350269190
         0, 1529   0.707106781187   0.000000000000   0.707106781187
                   0.577350269190   0.577350269190  -0.577350269190
0, 1529 9258.913653259877 4296.459646644947 14585.330751478710    1    7
         0, 1528  -0.707106781187  -0.000000000000  -0.707106781187
                   0.577350269190   0.577350269190  -0.577350269190
0, 1530 7423.379937666806 3227.410307645727 4101.854321337867    1    7
         0, 1531   0.707106781187  -0.707106781187   0.000000000000
                   0.577350269190   0.577350269190  -0.577350269190
0, 1531 7687.232015121462 2874.570662055896 4012.866753202693    2    0
         0, 1530  -0.707106781187   0.707106781187  -0.000000000000
                   0.577350269190   0.577350269190  -0.577350269190
         0, 1532   0.707106781187  -0.707106781187   0.000000000000
                   0.577350269190   0.577350269190  -0.577350269190
0, 1532 7951.084092576118 2521.731016466066 3923.879185067518    2    0
         0, 1531  -0.707106781187   0.707106781187  -0.000000000000
                   0.577350269190   0.577350269190  -0.577350269190
         0, 1533   0.707106781187  -0.707106781187   0.000000000000
                   0.577350269190   0.577350269190  -0.577350269190
0, 1533 8214.936170030775 2168.891370876235 3834.891616932344    2    0
         0, 1532  -0.707106781187   0.707106781187  -0.000000000000
                   0.577350269190   0.577350269190  -0.577350269190
         0, 1534   0.707106781187  -0.707106781187   0.000000000000
                   0.577350269190   0.577350269190  -0.577350269190
0, 1534 8478.788247485430 1816.051725286405 3745.904048797170    1    7
         0, 1533  -0.707106781187   0.707106781187  -0.000000000000
                   0.577350269190   0.577350269190  -0.577350269190
0, 1535 15071.878899535213 10492.361516088189 10297.623614763121    1    7
         0, 1536   0.707106781187   0.000000000000   0.707106781187
                  -0.577350269190   0.577350269190   0.577350269190
0, 1536 14988.036365029466 10016.545089824136 10689.597506521426    2    0
         0, 1535  -0.707106781187  -0.000000000000  -0.707106781187
                  -0.577350269190   0.577350269190   0.577350269190
         0, 1537   0.707106781187   0.000000000000   0.707106781187
                  -0.577350269190   0.577350269190   0.577350269190
0, 1537 14904.193830523720 9540.728663560083 11081.571398279732    2    0
         0, 1536  -0.707106781187  -0.000000000000  -0.707106781187
                  -0.577350269190   0.577350269190   0.577350269190
         0, 1538   0.707106781187   0.000000000000   0.707106781187
                  -0.577350269190   0.577350269190   0.577350269190
0, 1538 14820.351296017972 9064.912237296032 11473.545290038037    2    0
         0, 1537  -0.707106781187  -0.000000000000  -0.707106781187
                  -0.577350269190   0.577350269190   0.577350269190
         0, 1539   0.707106781187   0.000000000000   0.707106781187
                  -0.577350269190   0.577350269190   0.577350269190
0, 1539 14736.508761512225 8589.095811031979 11865.519181796342    1    7
         0, 1538  -0.707106781187  -0.000000000000  -0.707106781187
                  -0.577350269190   0.577350269190   0.577350269190
0, 1540 5530.562646266198 3659.633224026744 7658.220680252873    1    7
         0, 1541  -0.000000000000  -0.707106781187   0.707106781187
                   0.577350269190   0.577350269190   0.577350269190
0, 1541 5513.855442643556 3348.018850259327 7986.542257642933    2    0
         0, 1540   0.000000000000   0.707106781187  -0.707106781187
                   0.577350269190   0.577350269190   0.577350269190
         0, 1542  -0.000000000000  -0.707106781187   0.707106781187
                   0.577350269190   0.577350269190   0.577350269190
0, 1542 5497.148239020913 3036.404476491909 8314.863835032993    2    0
         0, 1541   0.000000000000   0.707106781187  -0.707106781187
                   0.577350269190   0.577350269190   0.577350269190
         0, 1543  -0.000000000000  -0.707106781187   0.707106781187
                   0.577350269190   0.577350269190   0.577350269190
0, 1543 5480.441035398270 2724.790102724492 8643.185412423054    2    0
         0, 1542   0.000000000000   0.707106781187  -0.707106781187
                   0.577350269190   0.577350269190   0.577350269190
         0, 1544  -0.000000000000  -0.707106781187   0.707106781187
                   0.577350269190   0.577350269190   0.577350269190
0, 1544 5463.733831775628 2413.175728957074 8971.506989813113    1    7
         0, 1543   0.000000000000   0.707106781187  -0.707106781187
                   0.577350269190   0.577350269190   0.577350269190
0, 1545 8869.961681926330 1677.797629375711 14911.374032610483    1    7
         0, 1546  -0.000000000000  -0.707106781187   0.707106781187
                   0.577350269190   0.577350269190   0.577350269190
0, 1546 9269.232016395606 1309.877282447037 14880.024045069882    2    0
         0, 1545   0.000000000000   0.707106781187  -0.707106781187
                   0.577350269190   0.577350269190   0.577350269190
         0, 1547  -0.000000000000  -0.707106781187   0.707106781187
                   0.577350269190   0.577350269190   0.577350269190
0, 1547 9668.502350864883 941.956935518362 14848.674057529281    2    0
         0, 1546   0.000000000000   0.707106781187  -0.707106781187
                   0.577350269190   0.577350269190   0.577350269190
         0, 1548  -0.000000000000  -0.707106781187   0.707106781187
                   0.577350269190   0.577350269190   0.577350269190
0, 1548 10067.772685334159 574.036588589687 14817.324069988679    2    0
         0, 1547   0.000000000000   0.707106781187  -0.707106781187
                   0.577350269190   0.577350269190   0.577350269190
         0, 1549  -0.000000000000  -0.707106781187   0.707106781187
                   0.577350269190   0.577350269190   0.577350269190
0, 1549 10467.043019803436 206.116241661012 14785.974082448078    1    7
         0, 1548   0.000000000000   0.707106781187  -0.707106781187
                   0.577350269190   0.577350269190   0.577350269190
0, 1550 3300.055500514208 3546.347514062846 4277.528603685087    1    7
         0, 1551  -0.707106781187   0.707106781187  -0.000000000000
                   0.577350269190   0.577350269190   0.577350269190
0, 1551 2862.402662905003 3872.127651787533 4389.401303569604    2    0
         0, 1550   0.707106781187  -0.707106781187   0.000000000000
                   0.577350269190   0.577350269190   0.577350269190
         0, 1552  -0.707106781187   0.707106781187  -0.000000000000
                   0.577350269190   0.577350269190   0.577350269190
0, 1552 2424.749825295798 4197.907789512221 4501.274003454121    2    0
         0, 1551   0.707106781187  -0.707106781187   0.000000000000
                   0.577350269190   0.577350269190   0.577350269190
         0, 1553  -0.707106781187   0.707106781187  -0.000000000000
                   0.577350269190   0.577350269190   0.577350269190
0, 1553 1987.096987686593 4523.687927236909 4613.146703338639    2    0
         0, 1552   0.707106781187  -0.707106781187   0.000000000000
                   0.577350269190   0.577350269190   0.577350269190
         0, 1554  -0.707106781187   0.707106781187  -0.000000000000
                   0.577350269190   0.577350269190   0.577350269190
0, 1554 1549.444150077388 4849.468064961597 4725.019403223156    1    7
         0, 1553   0.707106781187  -0.707106781187   0.000000000000
                   0.577350269190   0.577350269190   0.577350269190
0, 1555 5403.450957505982 6066.241746109275 4944.782988094396    1    7
         0, 1556  -0.000000000000  -0.707106781187   0.707106781187
                  -0.577350269190   0.577350269190   0.577350269190
0, 1556 5851.665047007040 6144.903439418182 5314.335384286548    2    0
         0, 1555   0.000000000000   0.707106781187  -0.707106781187
                  -0.577350269190   0.577350269190   0.577350269190
         0, 1557  -0.000000000000  -0.707106781187   0.707106781187
                  -0.577350269190   0.577350269190   0.577350269190
0, 1557 6299.879136508098 6223.565132727088 5683.887780478699    2    0
         0, 1556   0.000000000000   0.707106781187  -0.707106781187
                  -0.577350269190   0.577350269190   0.577350269190
         0, 1558  -0.000000000000  -0.707106781187   0.707106781187
                  -0.577350269190   0.577350269190   0.577350269190
0, 1558 6748.093226009155 6302.226826035994 6053.440176670851    2    0
         0, 1557   0.000000000000   0.707106781187  -0.707106781187
                  -0.577350269190   0.577350269190   0.577350269190
         0, 1559  -0.000000000000  -0.707106781187   0.707106781187
                  -0.577350269190   0.577350269190   0.577350269190
0, 1559 7196.307315510213 6380.888519344901 6422.992572863001    1    7
         0, 1558   0.000000000000   0.707106781187  -0.707106781187
                  -0.577350269190   0.577350269190   0.577350269190
0, 1560 1911.386177137274 3079.758154416845 12329.952809233922    1    7
         0, 1561  -0.707106781187  -0.000000000000  -0.707106781187
                   0.577350269190   0.577350269190  -0.577350269190
0, 1561 1525.026135690286 3286.396071952090 12150.230685322178    2    0
         0, 1560   0.707106781187   0.000000000000   0.707106781187
                   0.577350269190   0.577350269190  -0.577350269190
         0, 1562  -0.707106781187  -0.000000000000  -0.707106781187
                   0.577350269190   0.577350269190  -0.577350269190
0, 1562 1138.666094243297 3493.033989487335 11970.508561410436    2    0
         0, 1561   0.707106781187   0.000000000000   0.707106781187
                   0.577350269190   0.577350269190  -0.577350269190
         0, 1563  -0.707106781187  -0.000000000000  -0.707106781187
                   0.577350269190   0.577350269190  -0.577350269190
0, 1563 752.306052796309 3699.671907022579 11790.786437498691    2    0
         0, 1562   0.707106781187   0.000000000000   0.707106781187
                   0.577350269190   0.577350269190  -0.577350269190
         0, 1564  -0.707106781187  -0.000000000000  -0.707106781187
                   0.577350269190   0.577350269190  -0.577350269190
0, 1564 365.946011349321 3906.309824557824 11611.064313586949    1    7
         0, 1563   0.707106781187   0.000000000000   0.707106781187
                   0.577350269190   0.577350269190  -0.577350269190
0, 1565 7452.486416660722 8016.862810379349 4338.165289482237    1    7
         0, 1566   0.707106781187   0.000000000000   0.707106781187
                   0.577350269190   0.577350269190  -0.577350269190
0, 1566 7773.489023034642 8264.356551398665 4906.661636875472    2    0
         0, 1565  -0.707106781187  -0.000000000000  -0.707106781187
                   0.577350269190   0.577350269190  -0.577350269190
         0, 1567   0.707106781187   0.000000000000   0.707106781187
                   0.577350269190   0.577350269190  -0.577350269190
0, 1567 8094.491629408562 8511.850292417979 5475.157984268708    2    0
         0, 1566  -0.707106781187  -0.000000000000  -0.707106781187
                   0.577350269190   0.577350269190  -0.577350269190
         0, 1568   0.707106781187   0.000000000000   0.707106781187
                   0.577350269190   0.577350269190  -0.577350269190
0, 1568 8415.494235782482 8759.344033437294 6043.654331661943    2    0
         0, 1567  -0.707106781187  -0.000000000000  -0.707106781187
                   0.577350269190   0.577350269190  -0.577350269190
         0, 1569   0.707106781187   0.000000000000   0.707106781187
                   0.577350269190   0.577350269190  -0.577350269190
0, 1569 8736.496842156403 9006.837774456610 6612.150679055178    1    7
         0, 1568  -0.707106781187  -0.000000000000  -0.707106781187
                   0.577350269190   0.577350269190  -0.577350269190
0, 1570 12552.251279989277 13611.260868448191 6082.116286954927    1    7
         0, 1571   0.707106781187  -0.707106781187   0.000000000000
                   0.577350269190   0.577350269190  -0.577350269190
0, 1571 12851.431060326606 13827.439224542590 6597.474423386653    2    0
         0, 1570  -0.707106781187   0.707106781187  -0.000000000000
                   0.577350269190   0.577350269190  -0.577350269190
         0, 1572   0.707106781187  -0.707106781187   0.000000000000
                   0.577350269190   0.577350269190  -0.577350269190
0, 1572 13150.610840663932 14043.617580636987 7112.832559818378    2    0
         0, 1571  -0.707106781187   0.707106781187  -0.000000000000
                   0.577350269190   0.577350269190  -0.577350269190
         0, 1573   0.707106781187  -0.707106781187   0.000000000000
                   0.577350269190   0.577350269190  -0.577350269190
0, 1573 13449.790621001261 14259.795936731385 7628.190696250104    2    0
         0, 1572  -0.707106781187   0.707106781187  -0.000000000000
                   0.577350269190   0.577350269190  -0.577350269190
         0, 1574   0.707106781187  -0.707106781187   0.000000000000
                   0.577350269190   0.577350269190  -0.577350269190
0, 1574 13748.970401338589 14475.974292825784 8143.548832681830    1    7
         0, 1573  -0.707106781187   0.707106781187  -0.000000000000
                   0.577350269190   0.577350269190  -0.577350269190
0, 1575 5179.855896504103 15032.608692689000 1344.847923126995    1    7
         0, 1576   0.707106781187  -0.707106781187   0.000000000000
                   0.577350269190   0.577350269190   0.577350269190
0, 1576 5098.630979921059 14661.545329672828 1797.136202726211    2    0
         0, 1575  -0.707106781187   0.707106781187  -0.000000000000
                   0.577350269190   0.577350269190   0.577350269190
         0, 1577   0.707106781187  -0.707106781187   0.000000000000
                   0.577350269190   0.577350269190   0.577350269190
0, 1577 5017.406063338016 14290.481966656656 2249.424482325428    2    0
         0, 1576  -0.707106781187   0.707106781187  -0.000000000000
                   0.577350269190   0.577350269190   0.577350269190
         0, 1578   0.707106781187  -0.707106781187   0.000000000000
                   0.577350269190   0.577350269190   0.577350269190
0, 1578 4936.181146754971 13919.418603640483 2701.712761924643    2    0
         0, 1577  -0.707106781187   0.707106781187  -0.000000000000
                   0.577350269190   0.577350269190   0.577350269190
         0, 1579   0.707106781187  -0.707106781187   0.000000000000
                   0.577350269190   0.577350269190   0.577350269190
0, 1579 4854.956230171928 13548.355240624311 3154.001041523859    1    7
         0, 1578  -0.707106781187   0.707106781187  -0.000000000000
                   0.577350269190   0.577350269190   0.577350269190
0, 1580 2857.595573048925 8928.893563738840 1475.108015371366    1    7
         0, 1581  -0.707106781187  -0.000000000000   0.707106781187
                   0.577350269190   0.577350269190   0.577350269190
0, 1581 2482.823277592699 9543.369066920310 1235.404807646123    2    0
         0, 1580   0.707106781187   0.000000000000  -0.707106781187
                   0.577350269190   0.577350269190   0.577350269190
         0, 1582  -0.707106781187  -0.000000000000   0.707106781187
                   0.577350269190   0.577350269190   0.577350269190
0, 1582 2108.050982136473 10157.844570101779 995.701599920880    2    0
         0, 1581   0.707106781187   0.000000000000  -0.707106781187
                   0.577350269190   0.577350269190   0.577350269190
         0, 1583  -0.707106781187  -0.000000000000   0.707106781187
                   0.577350269190   0.577350269190   0.577350269190
0, 1583 1733.278686680247 10772.320073283248 755.998392195637    2    0
         0, 1582   0.707106781187   0.000000000000  -0.707106781187
                   0.577350269190   0.577350269190   0.577350269190
         0, 1584  -0.707106781187  -0.000000000000   0.707106781187
                   0.577350269190   0.577350269190   0.577350269190
0, 1584 1358.506391224021 11386.795576464716 516.295184470394    1    7
         0, 1583   0.707106781187   0.000000000000  -0.707106781187
                   0.577350269190   0.577350269190   0.577350269190
0, 1585 8651.673016088660 12631.744503025349 1915.344506264693    1    7
         0, 1586   0.000000000000   0.707106781187   0.707106781187
                   0.577350269190  -0.577350269190   0.577350269190
0, 1586 9077.296634162662 12962.335425601781 1820.311810767123    2    0
         0, 1585  -0.000000000000  -0.707106781187  -0.707106781187
                   0.577350269190  -0.577350269190   0.577350269190
         0, 1587   0.000000000000   0.707106781187   0.707106781187
                   0.577350269190  -0.577350269190   0.577350269190
0, 1587 9502.920252236663 13292.926348178211 1725.279115269552    2    0
         0, 1586  -0.000000000000  -0.707106781187  -0.707106781187
                   0.577350269190  -0.577350269190   0.577350269190
         0, 1588   0.000000000000   0.707106781187   0.707106781187
                   0.577350269190  -0.577350269190   0.577350269190
0, 1588 9928.543870310663 13623.517270754641 1630.246419771982    2    0
         0, 1587  -0.000000000000  -0.707106781187  -0.707106781187
                   0.577350269190  -0.577350269190   0.577350269190
         0, 1589   0.000000000000   0.707106781187   0.707106781187
                   0.577350269190  -0.577350269190   0.577350269190
0, 1589 10354.167488384664 13954.108193331072 1535.213724274412    1    7
         0, 1588  -0.000000000000  -0.707106781187  -0.707106781187
                   0.577350269190  -0.577350269190   0.577350269190
0, 1590 639.036244013555 6315.933243505858 4005.913453306394    1    7
         0, 1591  -0.000000000000  -0.707106781187  -0.707106781187
                   0.577350269190  -0.577350269190   0.577350269190
0, 1591 892.341103521644 6809.180371338983 4245.855721631431    2    0
         0, 1590   0.000000000000   0.707106781187   0.707106781187
                   0.577350269190  -0.577350269190   0.577350269190
         0, 1592  -0.000000000000  -0.707106781187  -0.707106781187
                   0.577350269190  -0.577350269190   0.577350269190
0, 1592 1145.645963029732 7302.427499172109 4485.797989956467    2    0
         0, 1591   0.000000000000   0.707106781187   0.707106781187
                   0.577350269190  -0.577350269190   0.577350269190
         0, 1593  -0.000000000000  -0.707106781187  -0.707106781187
                   0.577350269190  -0.577350269190   0.577350269190
0, 1593 1398.950822537821 7795.674627005234 4725.740258281503    2    0
         0, 1592   0.000000000000   0.707106781187   0.707106781187
                   0.577350269190  -0.577350269190   0.577350269190
         0, 1594  -0.000000000000  -0.707106781187  -0.707106781187
                   0.577350269190  -0.577350269190   0.577350269190
0, 1594 1652.255682045910 8288.921754838359 4965.682526606540    1    7
         0, 1593   0.000000000000   0.707106781187   0.707106781187
                   0.577350269190  -0.577350269190   0.577350269190
0, 1595 14263.740810984507 4088.051988180446 12502.291831722810    1    7
         0, 1596   0.707106781187   0.000000000000  -0.707106781187
                   0.577350269190  -0.577350269190   0.577350269190
0, 1596 13980.453110919476 4323.657090052040 13021.184633659437    2    0
         0, 1595  -0.707106781187  -0.000000000000   0.707106781187
                   0.577350269190  -0.577350269190   0.577350269190
         0, 1597   0.707106781187   0.000000000000  -0.707106781187
                   0.577350269190  -0.577350269190   0.577350269190
0, 1597 13697.165410854444 4559.262191923635 13540.077435596062    2    0
         0, 1596  -0.707106781187  -0.000000000000   0.707106781187
                   0.577350269190  -0.577350269190   0.577350269190
         0, 1598   0.707106781187   0.000000000000  -0.707106781187
                   0.577350269190  -0.577350269190   0.577350269190
0, 1598 13413.877710789413 4794.867293795231 14058.970237532689    2    0
         0, 1597  -0.707106781187  -0.000000000000   0.707106781187
                   0.577350269190  -0.577350269190   0.577350269190
         0, 1599   0.707106781187   0.000000000000  -0.707106781187
                   0.577350269190  -0.577350269190   0.577350269190
0, 1599 13130.590010724383 5030.472395666825 14577.863039469314    1    7
         0, 1598  -0.707106781187  -0.000000000000   0.707106781187
                   0.577350269190  -0.577350269190   0.577350269190
0, 1600 8110.226635482313 7834.298204964549 5511.178129186589    1    7
         0, 1601  -0.707106781187  -0.000000000000   0.707106781187
                   0.577350269190  -0.577350269190   0.577350269190
0, 1601 8091.259384522484 7351.880976125316 5047.728151307185    2    0
         0, 1600   0.707106781187   0.000000000000  -0.707106781187
                   0.577350269190  -0.577350269190   0.577350269190
         0, 1602  -0.707106781187  -0.000000000000   0.707106781187
                   0.577350269190  -0.577350269190   0.577350269190
0, 1602 8072.292133562655 6869.463747286083 4584.278173427781    2    0
         0, 1601   0.707106781187   0.000000000000  -0.707106781187
                   0.577350269190  -0.577350269190   0.577350269190
         0, 1603  -0.707106781187  -0.000000000000   0.707106781187
                   0.577350269190  -0.577350269190   0.577350269190
0, 1603 8053.324882602826 6387.046518446849 4120.828195548377    2    0
         0, 1602   0.707106781187   0.000000000000  -0.707106781187
                   0.577350269190  -0.577350269190   0.577350269190
         0, 1604  -0.707106781187  -0.000000000000   0.707106781187
                   0.577350269190  -0.577350269190   0.577350269190
0, 1604 8034.357631642997 5904.629289607617 3657.378217668973    1    7
         0, 1603   0.707106781187   0.000000000000  -0.707106781187
                   0.577350269190  -0.577350269190   0.577350269190
0, 1605 6762.370783170762 8220.245571847447 6744.087740134949    1    7
         0, 1606  -0.707106781187  -0.000000000000  -0.707106781187
                   0.577350269190   0.577350269190  -0.577350269190
0, 1606 6334.609266254945 8604.113084231780 6700.193735603464    2    0
         0, 1605   0.707106781187   0.000000000000   0.707106781187
                   0.577350269190   0.577350269190  -0.577350269190
         0, 1607  -0.707106781187  -0.000000000000  -0.707106781187
                   0.577350269190   0.577350269190  -0.577350269190
0, 1607 5906.847749339127 8987.980596616111 6656.299731071978    2    0
         0, 1606   0.707106781187   0.000000000000   0.707106781187
                   0.577350269190   0.577350269190  -0.577350269190
         0, 1608  -0.707106781187  -0.000000000000  -0.707106781187
                   0.577350269190   0.577350269190  -0.577350269190
0, 1608 5479.086232423310 9371.848109000444 6612.405726540494    2    0
         0, 1607   0.707106781187   0.000000000000   0.707106781187
                   0.577350269190   0.577350269190  -0.577350269190
         0, 1609  -0.707106781187  -0.000000000000  -0.707106781187
                   0.577350269190   0.577350269190  -0.577350269190
0, 1609 5051.324715507492 9755.715621384776 6568.511722009009    1    7
         0, 1608   0.707106781187   0.000000000000   0.707106781187
                   0.577350269190   0.577350269190  -0.577350269190
0, 1610 15615.897333751844 11771.162166704766 15618.059836331535    1    7
         0, 1611   0.707106781187   0.707106781187   0.000000000000
                  -0.577350269190   0.577350269190   0.577350269190
0, 1611 15307.930266567688 12037.120700328387 15044.134235523759    2    0
         0, 1610  -0.707106781187  -0.707106781187  -0.000000000000
                  -0.577350269190   0.577350269190   0.577350269190
         0, 1612   0.707106781187   0.707106781187   0.000000000000
                  -0.577350269190   0.577350269190   0.577350269190
0, 1612 14999.963199383534 12303.079233952007 14470.208634715984    2    0
         0, 1611  -0.707106781187  -0.707106781187  -0.000000000000
                  -0.577350269190   0.577350269190   0.577350269190
         0, 1613   0.707106781187   0.707106781187   0.000000000000
                  -0.577350269190   0.577350269190   0.577350269190
0, 1613 14691.996132199380 12569.037767575628 13896.283033908207    2    0
         0, 1612  -0.707106781187  -0.707106781187  -0.000000000000
                  -0.577350269190   0.577350269190   0.577350269190
         0, 1614   0.707106781187   0.707106781187   0.000000000000
                  -0.577350269190   0.577350269190   0.577350269190
0, 1614 14384.029065015224 12834.996301199250 13322.357433100431    1    7
         0, 1613  -0.707106781187  -0.707106781187  -0.000000000000
                  -0.577350269190   0.577350269190   0.577350269190
0, 1615 9159.689002104398 2519.979172240000 13188.662986137277    1    7
         0, 1616  -0.707106781187  -0.000000000000  -0.707106781187
                   0.577350269190   0.577350269190  -0.577350269190
0, 1616 8788.812769073582 2829.723427022914 13127.531007889374    2    0
         0, 1615   0.707106781187   0.000000000000   0.707106781187
                   0.577350269190   0.577350269190  -0.577350269190
         0, 1617  -0.707106781187  -0.000000000000  -0.707106781187
                   0.577350269190   0.577350269190  -0.577350269190
0, 1617 8417.936536042766 3139.467681805828 13066.399029641474    2    0
         0, 1616   0.707106781187   0.000000000000   0.707106781187
                   0.577350269190   0.577350269190  -0.577350269190
         0, 1618  -0.707106781187  -0.000000000000  -0.707106781187
                   0.577350269190   0.577350269190  -0.577350269190
0, 1618 8047.060303011951 3449.211936588743 13005.267051393572    2    0
         0, 1617   0.707106781187   0.000000000000   0.707106781187
                   0.577350269190   0.577350269190  -0.577350269190
         0, 1619  -0.707106781187  -0.000000000000  -0.707106781187
                   0.577350269190   0.577350269190  -0.577350269190
0, 1619 7676.184069981135 3758.956191371657 12944.135073145671    1    7
         0, 1618   0.707106781187   0.000000000000   0.707106781187
                   0.577350269190   0.577350269190  -0.577350269190
0, 1620 13674.663427266540 1734.327457415348 7726.479135474602    1    7
         0, 1621  -0.707106781187   0.707106781187  -0.000000000000
                   0.577350269190   0.577350269190  -0.577350269190
0, 1621 14013.157076148302 1986.204541792436 8316.849868733452    2    0
         0, 1620   0.707106781187  -0.707106781187   0.000000000000
                   0.577350269190   0.577350269190  -0.577350269190
         0, 1622  -0.707106781187   0.707106781187  -0.000000000000
                   0.577350269190   0.577350269190  -0.577350269190
0, 1622 14351.650725030064 2238.081626169525 8907.220601992303    2    0
         0, 1621   0.707106781187  -0.707106781187   0.000000000000
                   0.577350269190   0.577350269190  -0.577350269190
         0, 1623  -0.707106781187   0.707106781187  -0.000000000000
                   0.577350269190   0.577350269190  -0.577350269190
0, 1623 14690.144373911826 2489.958710546613 9497.591335251154    2    0
         0, 1622   0.707106781187  -0.707106781187   0.000000000000
                   0.577350269190   0.577350269190  -0.577350269190
         0, 1624  -0.707106781187   0.707106781187  -0.000000000000
                   0.577350269190   0.577350269190  -0.577350269190
0, 1624 15028.638022793588 2741.835794923702 10087.962068510005    1    7
         0, 1623   0.707106781187  -0.707106781187   0.000000000000
                   0.577350269190   0.577350269190  -0.577350269190
0, 1625 9010.006939285831 4587.811511919500 9975.924216762689    1    7
         0, 1626  -0.707106781187  -0.000000000000   0.707106781187
                   0.577350269190  -0.577350269190   0.577350269190
0, 1626 8609.600515437160 4441.379941987260 10229.899070679121    2    0
         0, 1625   0.707106781187   0.000000000000  -0.707106781187
                   0.577350269190  -0.577350269190   0.577350269190
         0, 1627  -0.707106781187  -0.000000000000   0.707106781187
                   0.577350269190  -0.577350269190   0.577350269190
0, 1627 8209.194091588488 4294.948372055020 10483.873924595553    2    0
         0, 1626   0.707106781187   0.000000000000  -0.707106781187
                   0.577350269190  -0.577350269190   0.577350269190
         0, 1628  -0.707106781187  -0.000000000000   0.707106781187
                   0.577350269190  -0.577350269190   0.577350269190
0, 1628 7808.787667739816 4148.516802122780 10737.848778511985    2    0
         0, 1627   0.707106781187   0.000000000000  -0.707106781187
                   0.577350269190  -0.577350269190   0.577350269190
         0, 1629  -0.707106781187  -0.000000000000   0.707106781187
                   0.577350269190  -0.577350269190   0.577350269190
0, 1629 7408.381243891145 4002.085232190540 10991.823632428417    1    7
         0, 1628   0.707106781187   0.000000000000  -0.707106781187
                   0.577350269190  -0.577350269190   0.577350269190
0, 1630 14537.341726811181 3763.963903385688 4997.161644175630    1    7
         0, 1631  -0.707106781187  -0.707106781187  -0.000000000000
                   0.577350269190  -0.577350269190   0.577350269190
0, 1631 14147.416753770814 3525.512237736053 5148.634951566361    2    0
         0, 1630   0.707106781187   0.707106781187   0.000000000000
                   0.577350269190  -0.577350269190   0.577350269190
         0, 1632  -0.707106781187  -0.707106781187  -0.000000000000
                   0.577350269190  -0.577350269190   0.577350269190
0, 1632 13757.491780730448 3287.060572086417 5300.108258957091    2    0
         0, 1631   0.707106781187   0.707106781187   0.000000000000
                   0.577350269190  -0.577350269190   0.577350269190
         0, 1633  -0.707106781187  -0.707106781187  -0.000000000000
                   0.577350269190  -0.577350269190   0.577350269190
0, 1633 13367.566807690082 3048.608906436782 5451.581566347822    2    0
         0, 1632   0.707106781187   0.707106781187   0.000000000000
                   0.577350269190  -0.577350269190   0.577350269190
         0, 1634  -0.707106781187  -0.707106781187  -0.000000000000
                   0.577350269190  -0.577350269190   0.577350269190
0, 1634 12977.641834649716 2810.157240787146 5603.054873738553    1    7
         0, 1633   0.707106781187   0.707106781187   0.000000000000
                   0.577350269190  -0.577350269190   0.577350269190
0, 1635 7977.532293597731 2935.537991998302 2614.947975594634    1    7
         0, 1636  -0.000000000000  -0.707106781187   0.707106781187
                  -0.577350269190   0.577350269190   0.577350269190
0, 1636 7588.817103968260 2809.655078911188 2352.115699052277    2    0
         0, 1635   0.000000000000   0.707106781187  -0.707106781187
                  -0.577350269190   0.577350269190   0.577350269190
         0, 1637  -0.000000000000  -0.707106781187   0.707106781187
                  -0.577350269190   0.577350269190   0.577350269190
0, 1637 7200.101914338788 2683.772165824073 2089.283422509920    2    0
         0, 1636   0.000000000000   0.707106781187  -0.707106781187
                  -0.577350269190   0.577350269190   0.577350269190
         0, 1638  -0.000000000000  -0.707106781187   0.707106781187
                  -0.577350269190   0.577350269190   0.577350269190
0, 1638 6811.386724709317 2557.889252736959 1826.451145967563    2    0
         0, 1637   0.000000000000   0.707106781187  -0.707106781187
                  -0.577350269190   0.577350269190   0.577350269190
         0, 1639  -0.000000000000  -0.707106781187   0.707106781187
                  -0.577350269190   0.577350269190   0.577350269190
0, 1639 6422.671535079846 2432.006339649844 1563.618869425206    1    7
         0, 1638   0.000000000000   0.707106781187  -0.707106781187
                  -0.577350269190   0.577350269190   0.577350269190
0, 1640 12801.280522273284 1241.139417880576 1801.571514132272    1    7
         0, 1641  -0.707106781187  -0.707106781187  -0.000000000000
                  -0.577350269190   0.577350269190   0.577350269190
0, 1641 13347.627614478781 1721.571988917265 1867.486035301080    2    0
         0, 1640   0.707106781187   0.707106781187   0.000000000000
                  -0.577350269190   0.577350269190   0.577350269190
         0, 1642  -0.707106781187  -0.707106781187  -0.000000000000
                  -0.577350269190   0.577350269190   0.577350269190
0, 1642 13893.974706684277 2202.004559953954 1933.400556469887    2    0
         0, 1641   0.707106781187   0.707106781187   0.000000000000
                  -0.577350269190   0.577350269190   0.577350269190
         0, 1643  -0.707106781187  -0.707106781187  -0.000000000000
                  -0.577350269190   0.577350269190   0.577350269190
0, 1643 14440.321798889774 2682.437130990644 1999.315077638695    2    0
         0, 1642   0.707106781187   0.707106781187   0.000000000000
                  -0.577350269190   0.577350269190   0.577350269190
         0, 1644  -0.707106781187  -0.707106781187  -0.000000000000
                  -0.577350269190   0.577350269190   0.577350269190
0, 1644 14986.668891095271 3162.869702027333 2065.229598807502    1    7
         0, 1643   0.707106781187   0.707106781187   0.000000000000
                  -0.577350269190   0.577350269190   0.577350269190
0, 1645 4928.664161219805 6493.908635655399 7716.751228449302    1    7
         0, 1646  -0.000000000000  -0.707106781187  -0.707106781187
                   0.577350269190   0.577350269190  -0.577350269190
0, 1646 5029.578336076006 6188.230258453785 7511.987026103890    2    0
         0, 1645   0.000000000000   0.707106781187   0.707106781187
                   0.577350269190   0.577350269190  -0.577350269190
         0, 1647  -0.000000000000  -0.707106781187  -0.707106781187
                   0.577350269190   0.577350269190  -0.577350269190
0, 1647 5130.492510932208 5882.551881252170 7307.222823758478    2    0
         0, 1646   0.000000000000   0.707106781187   0.707106781187
                   0.577350269190   0.577350269190  -0.577350269190
         0, 1648  -0.000000000000  -0.707106781187  -0.707106781187
                   0.577350269190   0.577350269190  -0.577350269190
0, 1648 5231.406685788409 5576.873504050557 7102.458621413065    2    0
         0, 1647   0.000000000000   0.707106781187   0.707106781187
                   0.577350269190   0.577350269190  -0.577350269190
         0, 1649  -0.000000000000  -0.707106781187  -0.707106781187
                   0.577350269190   0.577350269190  -0.577350269190
0, 1649 5332.320860644611 5271.195126848943 6897.694419067653    1    7
         0, 1648   0.000000000000   0.707106781187   0.707106781187
                   0.577350269190   0.577350269190  -0.577350269190
0, 1650 985.160884967792 612.417067950161 11074.748894807295    1    7
         0, 1651   0.707106781187  -0.707106781187   0.000000000000
                   0.577350269190   0.577350269190   0.577350269190
0, 1651 1333.773192304886 677.539229602346 10661.014425818015    2    0
         0, 1650  -0.707106781187   0.707106781187  -0.000000000000
                   0.577350269190   0.577350269190   0.577350269190
         0, 1652   0.707106781187  -0.707106781187   0.000000000000
                   0.577350269190   0.577350269190   0.577350269190
0, 1652 1682.385499641980 742.661391254531 10247.279956828737    2    0
         0, 1651  -0.707106781187   0.707106781187  -0.000000000000
                   0.577350269190   0.577350269190   0.577350269190
         0, 1653   0.707106781187  -0.707106781187   0.000000000000
                   0.577350269190   0.577350269190   0.577350269190
0, 1653 2030.997806979074 807.783552906716 9833.545487839458    2    0
         0, 1652  -0.707106781187   0.707106781187  -0.000000000000
                   0.577350269190   0.577350269190   0.577350269190
         0, 1654   0.707106781187  -0.707106781187   0.000000000000
                   0.577350269190   0.577350269190   0.577350269190
0, 1654 2379.610114316169 872.905714558901 9419.811018850180    1    7
         0, 1653  -0.707106781187   0.707106781187  -0.000000000000
                   0.577350269190   0.577350269190   0.577350269190
0, 1655 3145.567155218636 5737.032496577775 7166.267252995518    1    7
         0, 1656  -0.000000000000  -0.707106781187  -0.707106781187
                   0.577350269190   0.577350269190  -0.577350269190
0, 1656 2869.586671071996 5518.640945512349 6671.895217783454    2    0
         0, 1655   0.000000000000   0.707106781187   0.707106781187
                   0.577350269190   0.577350269190  -0.577350269190
         0, 1657  -0.000000000000  -0.707106781187  -0.707106781187
                   0.577350269190   0.577350269190  -0.577350269190
0, 1657 2593.606186925356 5300.249394446925 6177.523182571389    2    0
         0, 1656   0.000000000000   0.707106781187   0.707106781187
                   0.577350269190   0.577350269190  -0.577350269190
         0, 1658  -0.000000000000  -0.707106781187  -0.707106781187
                   0.577350269190   0.577350269190  -0.577350269190
0, 1658 2317.625702778716 5081.857843381500 5683.151147359324    2    0
         0, 1657   0.000000000000   0.707106781187   0.707106781187
                   0.577350269190   0.577350269190  -0.577350269190
         0, 1659  -0.000000000000  -0.707106781187  -0.707106781187
                   0.577350269190   0.577350269190  -0.577350269190
0, 1659 2041.645218632076 4863.466292316075 5188.779112147259    1    7
         0, 1658   0.000000000000   0.707106781187   0.707106781187
                   0.577350269190   0.577350269190  -0.577350269190
0, 1660 1422.239675394304 6893.536065568564 3577.345994273424    1    7
         0, 1661  -0.707106781187   0.707106781187  -0.000000000000
                   0.577350269190   0.577350269190   0.577350269190
0, 1661 1302.943710221027 6510.179310012175 4079.998715003090    2    0
         0, 1660   0.707106781187  -0.707106781187   0.000000000000
                   0.577350269190   0.577350269190   0.577350269190
         0, 1662  -0.707106781187   0.707106781187  -0.000000000000
                   0.577350269190   0.577350269190   0.577350269190
0, 1662 1183.647745047750 6126.822554455786 4582.651435732756    2    0
         0, 1661   0.707106781187  -0.707106781187   0.000000000000
                   0.577350269190   0.577350269190   0.577350269190
         0, 1663  -0.707106781187   0.707106781187  -0.000000000000
                   0.577350269190   0.577350269190   0.577350269190
0, 1663 1064.351779874473 5743.465798899397 5085.304156462422    2    0
         0, 1662   0.707106781187  -0.707106781187   0.000000000000
                   0.577350269190   0.577350269190   0.577350269190
         0, 1664  -0.707106781187   0.707106781187  -0.000000000000
                   0.577350269190   0.577350269190   0.577350269190
0, 1664 945.055814701196 5360.109043343007 5587.956877192088    1    7
         0, 1663   0.707106781187  -0.707106781187   0.000000000000
                   0.577350269190   0.577350269190   0.577350269190
0, 1665 5573.349035075121 9143.403999430022 6091.567393683606    1    7
         0, 1666   0.000000000000   0.707106781187  -0.707106781187
                   0.577350269190   0.577350269190   0.577350269190
0, 1666 5110.616461945313 9513.495743967846 6184.208222275591    2    0
         0, 1665  -0.000000000000  -0.707106781187   0.707106781187
                   0.577350269190   0.577350269190   0.577350269190
         0, 1667   0.000000000000   0.707106781187  -0.707106781187
                   0.577350269190   0.577350269190   0.577350269190
0, 1667 4647.883888815505 9883.587488505669 6276.849050867575    2    0
         0, 1666  -0.000000000000  -0.707106781187   0.707106781187
                   0.577350269190   0.577350269190   0.577350269190
         0, 1668   0.000000000000   0.707106781187  -0.707106781187
                   0.577350269190   0.577350269190   0.577350269190
0, 1668 4185.151315685697 10253.679233043493 6369.489879459559    2    0
         0, 1667  -0.000000000000  -0.707106781187   0.707106781187
                   0.577350269190   0.577350269190   0.577350269190
         0, 1669   0.000000000000   0.707106781187  -0.707106781187
                   0.577350269190   0.577350269190   0.577350269190
0, 1669 3722.418742555890 10623.770977581315 6462.130708051544    1    7
         0, 1668  -0.000000000000  -0.707106781187   0.707106781187
                   0.577350269190   0.577350269190   0.577350269190
0, 1670 11493.032833002017 5959.251898016370 10060.652393538163    1    7
         0, 1671  -0.707106781187  -0.000000000000   0.707106781187
                   0.577350269190   0.577350269190   0.577350269190
0, 1671 11786.587574115529 6043.041203990482 9683.308346450540    2    0
         0, 1670   0.707106781187   0.000000000000  -0.707106781187
                   0.577350269190   0.577350269190   0.577350269190
         0, 1672  -0.707106781187  -0.000000000000   0.707106781187
                   0.577350269190   0.577350269190   0.577350269190
0, 1672 12080.142315229039 6126.830509964594 9305.964299362917    2    0
         0, 1671   0.707106781187   0.000000000000  -0.707106781187
                   0.577350269190   0.577350269190   0.577350269190
         0, 1673  -0.707106781187  -0.000000000000   0.707106781187
                   0.577350269190   0.577350269190   0.577350269190
0, 1673 12373.697056342551 6210.619815938706 8928.620252275294    2    0
         0, 1672   0.707106781187   0.000000000000  -0.707106781187
                   0.577350269190   0.577350269190   0.577350269190
         0, 1674  -0.707106781187  -0.000000000000   0.707106781187
                   0.577350269190   0.577350269190   0.577350269190
0, 1674 12667.251797456061 6294.409121912818 8551.276205187671    1    7
         0, 1673   0.707106781187   0.000000000000  -0.707106781187
                   0.577350269190   0.577350269190   0.577350269190
0, 1675 14807.666693482768 12815.160522079410 2653.114302690353    1    7
         0, 1676   0.707106781187   0.000000000000   0.707106781187
                  -0.577350269190   0.577350269190   0.577350269190
0, 1676 14274.298039622368 12735.918141358039 2198.988029551324    2    0
         0, 1675  -0.707106781187  -0.000000000000  -0.707106781187
                  -0.577350269190   0.577350269190   0.577350269190
         0, 1677   0.707106781187   0.000000000000   0.707106781187
                  -0.577350269190   0.577350269190   0.577350269190
0, 1677 13740.929385761969 12656.675760636668 1744.861756412295    2    0
         0, 1676  -0.707106781187  -0.000000000000  -0.707106781187
                  -0.577350269190   0.577350269190   0.577350269190
         0, 1678   0.707106781187   0.000000000000   0.707106781187
                  -0.577350269190   0.577350269190   0.577350269190
0, 1678 13207.560731901569 12577.433379915297 1290.735483273266    2    0
         0, 1677  -0.707106781187  -0.000000000000  -0.707106781187
                  -0.577350269190   0.577350269190   0.577350269190
         0, 1679   0.707106781187   0.000000000000   0.707106781187
                  -0.577350269190   0.577350269190   0.577350269190
0, 1679 12674.192078041169 12498.190999193926 836.609210134237    1    7
         0, 1678  -0.707106781187  -0.000000000000  -0.707106781187
                  -0.577350269190   0.577350269190   0.577350269190
