dataFileVersion = 4
numFileSegments = 1
minCoordinates = [
 0.000000
 0.000000
 0.000000
 ]
maxCoordinates = [
 12048.192771
 12048.192771
 12048.192771
 ]
nodeCount = 720
dataDecompType = 2
dataDecompGeometry = [
 1
 1
 1
 ]

#
#  END OF DATA FILE PARAMETERS
#

domainDecomposition = 
# Dom_ID  Minimum XYZ bounds   Maximum XYZ bounds
  0  0.000000  0.000000  0.000000  12048.192771  12048.192771  12048.192771
nodalData =
# Primary lines: node_tag, x, y, z, num_arms, constraint
# Secondary lines: arm_tag, burgx, burgy, burgz, nx, ny, nz
0,    0 9790.093080458762 11369.178277009754 4904.762797388866    1    7
         0,    1   0.707106781187   0.707106781187   0.000000000000
                   0.577350269190  -0.577350269190   0.577350269190
0,    1 9314.150875777597 11456.532827961588 5468.059553021863    2    0
         0,    0  -0.707106781187  -0.707106781187  -0.000000000000
                   0.577350269190  -0.577350269190   0.577350269190
         0,    2   0.707106781187   0.707106781187   0.000000000000
                   0.577350269190  -0.577350269190   0.577350269190
0,    2 8838.208671096434 11543.887378913420 6031.356308654860    2    0
         0,    1  -0.707106781187  -0.707106781187  -0.000000000000
                   0.577350269190  -0.577350269190   0.577350269190
         0,    3   0.707106781187   0.707106781187   0.000000000000
                   0.577350269190  -0.577350269190   0.577350269190
0,    3 8362.266466415269 11631.241929865253 6594.653064287857    2    0
         0,    2  -0.707106781187  -0.707106781187  -0.000000000000
                   0.577350269190  -0.577350269190   0.577350269190
         0,    4   0.707106781187   0.707106781187   0.000000000000
                   0.577350269190  -0.577350269190   0.577350269190
0,    4 7886.324261734105 11718.596480817087 7157.949819920855    1    7
         0,    3  -0.707106781187  -0.707106781187  -0.000000000000
                   0.577350269190  -0.577350269190   0.577350269190
0,    5 2422.500985124477 1369.400342114769 8056.033895237007    1    7
         0,    6   0.707106781187   0.707106781187   0.000000000000
                   0.577350269190  -0.577350269190   0.577350269190
0,    6 2797.452097169495 1784.389470964551 8096.071912041771    2    0
         0,    5  -0.707106781187  -0.707106781187  -0.000000000000
                   0.577350269190  -0.577350269190   0.577350269190
         0,    7   0.707106781187   0.707106781187   0.000000000000
                   0.577350269190  -0.577350269190   0.577350269190
0,    7 3172.403209214512 2199.378599814333 8136.109928846535    2    0
         0,    6  -0.707106781187  -0.707106781187  -0.000000000000
                   0.577350269190  -0.577350269190   0.577350269190
         0,    8   0.707106781187   0.707106781187   0.000000000000
                   0.577350269190  -0.577350269190   0.577350269190
0,    8 3547.354321259530 2614.367728664115 8176.147945651299    2    0
         0,    7  -0.707106781187  -0.707106781187  -0.000000000000
                   0.577350269190  -0.577350269190   0.577350269190
         0,    9   0.707106781187   0.707106781187   0.000000000000
                   0.577350269190  -0.577350269190   0.577350269190
0,    9 3922.305433304547 3029.356857513897 8216.185962456064    1    7
         0,    8  -0.707106781187  -0.707106781187  -0.000000000000
                   0.577350269190  -0.577350269190   0.577350269190
0,   10 5978.088296719498 2342.321259172067 8532.306604552481    1    7
         0,   11   0.000000000000   0.707106781187  -0.707106781187
                  -0.577350269190   0.577350269190   0.577350269190
0,   11 6418.325513060970 2423.179840360994 8891.685239705026    2    0
         0,   10  -0.000000000000  -0.707106781187   0.707106781187
                  -0.577350269190   0.577350269190   0.577350269190
         0,   12   0.000000000000   0.707106781187  -0.707106781187
                  -0.577350269190   0.577350269190   0.577350269190
0,   12 6858.562729402442 2504.038421549921 9251.063874857571    2    0
         0,   11  -0.000000000000  -0.707106781187   0.707106781187
                  -0.577350269190   0.577350269190   0.577350269190
         0,   13   0.000000000000   0.707106781187  -0.707106781187
                  -0.577350269190   0.577350269190   0.577350269190
0,   13 7298.799945743915 2584.897002738848 9610.442510010116    2    0
         0,   12  -0.000000000000  -0.707106781187   0.707106781187
                  -0.577350269190   0.577350269190   0.577350269190
         0,   14   0.000000000000   0.707106781187  -0.707106781187
                  -0.577350269190   0.577350269190   0.577350269190
0,   14 7739.037162085387 2665.755583927775 9969.821145162661    1    7
         0,   13  -0.000000000000  -0.707106781187   0.707106781187
                  -0.577350269190   0.577350269190   0.577350269190
0,   15 1414.993617422276 1214.466587061634 10263.520718797699    1    7
         0,   16  -0.707106781187  -0.000000000000   0.707106781187
                   0.577350269190  -0.577350269190   0.577350269190
0,   16 1727.862248877063 1773.122336047714 10509.307836328993    2    0
         0,   15   0.707106781187   0.000000000000  -0.707106781187
                   0.577350269190  -0.577350269190   0.577350269190
         0,   17  -0.707106781187  -0.000000000000   0.707106781187
                   0.577350269190  -0.577350269190   0.577350269190
0,   17 2040.730880331849 2331.778085033794 10755.094953860287    2    0
         0,   16   0.707106781187   0.000000000000  -0.707106781187
                   0.577350269190  -0.577350269190   0.577350269190
         0,   18  -0.707106781187  -0.000000000000   0.707106781187
                   0.577350269190  -0.577350269190   0.577350269190
0,   18 2353.599511786636 2890.433834019874 11000.882071391579    2    0
         0,   17   0.707106781187   0.000000000000  -0.707106781187
                   0.577350269190  -0.577350269190   0.577350269190
         0,   19  -0.707106781187  -0.000000000000   0.707106781187
                   0.577350269190  -0.577350269190   0.577350269190
0,   19 2666.468143241422 3449.089583005954 11246.669188922873    1    7
         0,   18   0.707106781187   0.000000000000  -0.707106781187
                   0.577350269190  -0.577350269190   0.577350269190
0,   20 6716.583165048812 8416.998430249378 11183.341126986415    1    7
         0,   21   0.000000000000   0.707106781187   0.707106781187
                   0.577350269190  -0.577350269190   0.577350269190
0,   21 6310.833014788119 8097.629625359899 11269.722472357629    2    0
         0,   20  -0.000000000000  -0.707106781187  -0.707106781187
                   0.577350269190  -0.577350269190   0.577350269190
         0,   22   0.000000000000   0.707106781187   0.707106781187
                   0.577350269190  -0.577350269190   0.577350269190
0,   22 5905.082864527425 7778.260820470420 11356.103817728845    2    0
         0,   21  -0.000000000000  -0.707106781187  -0.707106781187
                   0.577350269190  -0.577350269190   0.577350269190
         0,   23   0.000000000000   0.707106781187   0.707106781187
                   0.577350269190  -0.577350269190   0.577350269190
0,   23 5499.332714266732 7458.892015580942 11442.485163100060    2    0
         0,   22  -0.000000000000  -0.707106781187  -0.707106781187
                   0.577350269190  -0.577350269190   0.577350269190
         0,   24   0.000000000000   0.707106781187   0.707106781187
                   0.577350269190  -0.577350269190   0.577350269190
0,   24 5093.582564006038 7139.523210691463 11528.866508471274    1    7
         0,   23  -0.000000000000  -0.707106781187  -0.707106781187
                   0.577350269190  -0.577350269190   0.577350269190
0,   25 253.962172517990 6135.383795966961 7108.949495945785    1    7
         0,   26   0.707106781187   0.707106781187   0.000000000000
                  -0.577350269190   0.577350269190   0.577350269190
0,   26 712.034415298461 6384.731416950327 7317.674117742891    2    0
         0,   25  -0.707106781187  -0.707106781187  -0.000000000000
                  -0.577350269190   0.577350269190   0.577350269190
         0,   27   0.707106781187   0.707106781187   0.000000000000
                  -0.577350269190   0.577350269190   0.577350269190
0,   27 1170.106658078933 6634.079037933692 7526.398739539997    2    0
         0,   26  -0.707106781187  -0.707106781187  -0.000000000000
                  -0.577350269190   0.577350269190   0.577350269190
         0,   28   0.707106781187   0.707106781187   0.000000000000
                  -0.577350269190   0.577350269190   0.577350269190
0,   28 1628.178900859405 6883.426658917058 7735.123361337103    2    0
         0,   27  -0.707106781187  -0.707106781187  -0.000000000000
                  -0.577350269190   0.577350269190   0.577350269190
         0,   29   0.707106781187   0.707106781187   0.000000000000
                  -0.577350269190   0.577350269190   0.577350269190
0,   29 2086.251143639877 7132.774279900425 7943.847983134209    1    7
         0,   28  -0.707106781187  -0.707106781187  -0.000000000000
                  -0.577350269190   0.577350269190   0.577350269190
0,   30 5714.322280807070 10299.727085943885 7279.854361783492    1    7
         0,   31   0.000000000000   0.707106781187  -0.707106781187
                   0.577350269190   0.577350269190   0.577350269190
0,   31 5428.228049761453 10646.854218744427 7218.821460028566    2    0
         0,   30  -0.000000000000  -0.707106781187   0.707106781187
                   0.577350269190   0.577350269190   0.577350269190
         0,   32   0.000000000000   0.707106781187  -0.707106781187
                   0.577350269190   0.577350269190   0.577350269190
0,   32 5142.133818715837 10993.981351544971 7157.788558273639    2    0
         0,   31  -0.000000000000  -0.707106781187   0.707106781187
                   0.577350269190   0.577350269190   0.577350269190
         0,   33   0.000000000000   0.707106781187  -0.707106781187
                   0.577350269190   0.577350269190   0.577350269190
0,   33 4856.039587670220 11341.108484345514 7096.755656518712    2    0
         0,   32  -0.000000000000  -0.707106781187   0.707106781187
                   0.577350269190   0.577350269190   0.577350269190
         0,   34   0.000000000000   0.707106781187  -0.707106781187
                   0.577350269190   0.577350269190   0.577350269190
0,   34 4569.945356624605 11688.235617146056 7035.722754763786    1    7
         0,   33  -0.000000000000  -0.707106781187   0.707106781187
                   0.577350269190   0.577350269190   0.577350269190
0,   35 5782.498947050549 9712.226133212795 188.512920451304    1    7
         0,   36   0.707106781187  -0.707106781187   0.000000000000
                   0.577350269190   0.577350269190   0.577350269190
0,   36 5711.437135115235 9413.432996048574 558.367869550838    2    0
         0,   35  -0.707106781187   0.707106781187  -0.000000000000
                   0.577350269190   0.577350269190   0.577350269190
         0,   37   0.707106781187  -0.707106781187   0.000000000000
                   0.577350269190   0.577350269190   0.577350269190
0,   37 5640.375323179920 9114.639858884355 928.222818650372    2    0
         0,   36  -0.707106781187   0.707106781187  -0.000000000000
                   0.577350269190   0.577350269190   0.577350269190
         0,   38   0.707106781187  -0.707106781187   0.000000000000
                   0.577350269190   0.577350269190   0.577350269190
0,   38 5569.313511244606 8815.846721720134 1298.077767749907    2    0
         0,   37  -0.707106781187   0.707106781187  -0.000000000000
                   0.577350269190   0.577350269190   0.577350269190
         0,   39   0.707106781187  -0.707106781187   0.000000000000
                   0.577350269190   0.577350269190   0.577350269190
0,   39 5498.251699309292 8517.053584555915 1667.932716849441    1    7
         0,   38  -0.707106781187   0.707106781187  -0.000000000000
                   0.577350269190   0.577350269190   0.577350269190
0,   40 8002.166193290061 2789.490229593357 5299.745067404151    1    7
         0,   41   0.707106781187  -0.707106781187   0.000000000000
                   0.577350269190   0.577350269190  -0.577350269190
0,   41 8503.548415621837 2803.901157697538 5815.538217840110    2    0
         0,   40  -0.707106781187   0.707106781187  -0.000000000000
                   0.577350269190   0.577350269190  -0.577350269190
         0,   42   0.707106781187  -0.707106781187   0.000000000000
                   0.577350269190   0.577350269190  -0.577350269190
0,   42 9004.930637953616 2818.312085801718 6331.331368276067    2    0
         0,   41  -0.707106781187   0.707106781187  -0.000000000000
                   0.577350269190   0.577350269190  -0.577350269190
         0,   43   0.707106781187  -0.707106781187   0.000000000000
                   0.577350269190   0.577350269190  -0.577350269190
0,   43 9506.312860285392 2832.723013905899 6847.124518712026    2    0
         0,   42  -0.707106781187   0.707106781187  -0.000000000000
                   0.577350269190   0.577350269190  -0.577350269190
         0,   44   0.707106781187  -0.707106781187   0.000000000000
                   0.577350269190   0.577350269190  -0.577350269190
0,   44 10007.695082617171 2847.133942010080 7362.917669147984    1    7
         0,   43  -0.707106781187   0.707106781187  -0.000000000000
                   0.577350269190   0.577350269190  -0.577350269190
0,   45 7703.418895197802 5805.490056561401 4388.578171182233    1    7
         0,   46  -0.000000000000  -0.707106781187   0.707106781187
                  -0.577350269190   0.577350269190   0.577350269190
0,   46 7428.113097901554 5450.234754629892 4468.527675817494    2    0
         0,   45   0.000000000000   0.707106781187  -0.707106781187
                  -0.577350269190   0.577350269190   0.577350269190
         0,   47  -0.000000000000  -0.707106781187   0.707106781187
                  -0.577350269190   0.577350269190   0.577350269190
0,   47 7152.807300605307 5094.979452698384 4548.477180452755    2    0
         0,   46   0.000000000000   0.707106781187  -0.707106781187
                  -0.577350269190   0.577350269190   0.577350269190
         0,   48  -0.000000000000  -0.707106781187   0.707106781187
                  -0.577350269190   0.577350269190   0.577350269190
0,   48 6877.501503309059 4739.724150766875 4628.426685088016    2    0
         0,   47   0.000000000000   0.707106781187  -0.707106781187
                  -0.577350269190   0.577350269190   0.577350269190
         0,   49  -0.000000000000  -0.707106781187   0.707106781187
                  -0.577350269190   0.577350269190   0.577350269190
0,   49 6602.195706012812 4384.468848835367 4708.376189723277    1    7
         0,   48   0.000000000000   0.707106781187  -0.707106781187
                  -0.577350269190   0.577350269190   0.577350269190
0,   50 10702.440196591508 5585.709014029714 4570.568525042256    1    7
         0,   51   0.000000000000   0.707106781187   0.707106781187
                   0.577350269190   0.577350269190  -0.577350269190
0,   51 10229.368289590395 5532.114794944575 4043.902398956004    2    0
         0,   50  -0.000000000000  -0.707106781187  -0.707106781187
                   0.577350269190   0.577350269190  -0.577350269190
         0,   52   0.000000000000   0.707106781187   0.707106781187
                   0.577350269190   0.577350269190  -0.577350269190
0,   52 9756.296382589282 5478.520575859437 3517.236272869753    2    0
         0,   51  -0.000000000000  -0.707106781187  -0.707106781187
                   0.577350269190   0.577350269190  -0.577350269190
         0,   53   0.000000000000   0.707106781187   0.707106781187
                   0.577350269190   0.577350269190  -0.577350269190
0,   53 9283.224475588169 5424.926356774297 2990.570146783501    2    0
         0,   52  -0.000000000000  -0.707106781187  -0.707106781187
                   0.577350269190   0.577350269190  -0.577350269190
         0,   54   0.000000000000   0.707106781187   0.707106781187
                   0.577350269190   0.577350269190  -0.577350269190
0,   54 8810.152568587057 5371.332137689158 2463.904020697250    1    7
         0,   53  -0.000000000000  -0.707106781187  -0.707106781187
                   0.577350269190   0.577350269190  -0.577350269190
0,   55 9972.655963338046 1869.804544016638 708.379926433823    1    7
         0,   56   0.707106781187  -0.707106781187   0.000000000000
                   0.577350269190   0.577350269190   0.577350269190
0,   56 9789.374624141179 1701.765198544226 1059.700611103102    2    0
         0,   55  -0.707106781187   0.707106781187  -0.000000000000
                   0.577350269190   0.577350269190   0.577350269190
         0,   57   0.707106781187  -0.707106781187   0.000000000000
                   0.577350269190   0.577350269190   0.577350269190
0,   57 9606.093284944312 1533.725853071814 1411.021295772381    2    0
         0,   56  -0.707106781187   0.707106781187  -0.000000000000
                   0.577350269190   0.577350269190   0.577350269190
         0,   58   0.707106781187  -0.707106781187   0.000000000000
                   0.577350269190   0.577350269190   0.577350269190
0,   58 9422.811945747446 1365.686507599402 1762.341980441660    2    0
         0,   57  -0.707106781187   0.707106781187  -0.000000000000
                   0.577350269190   0.577350269190   0.577350269190
         0,   59   0.707106781187  -0.707106781187   0.000000000000
                   0.577350269190   0.577350269190   0.577350269190
0,   59 9239.530606550577 1197.647162126990 2113.662665110939    1    7
         0,   58  -0.707106781187   0.707106781187  -0.000000000000
                   0.577350269190   0.577350269190   0.577350269190
0,   60 10219.550924156705 4700.107865676808 1926.194514591618    1    7
         0,   61  -0.707106781187  -0.000000000000  -0.707106781187
                  -0.577350269190   0.577350269190   0.577350269190
0,   61 9814.844967530915 4351.701234827083 1869.895188815552    2    0
         0,   60   0.707106781187   0.000000000000   0.707106781187
                  -0.577350269190   0.577350269190   0.577350269190
         0,   62  -0.707106781187  -0.000000000000  -0.707106781187
                  -0.577350269190   0.577350269190   0.577350269190
0,   62 9410.139010905123 4003.294603977358 1813.595863039485    2    0
         0,   61   0.707106781187   0.000000000000   0.707106781187
                  -0.577350269190   0.577350269190   0.577350269190
         0,   63  -0.707106781187  -0.000000000000  -0.707106781187
                  -0.577350269190   0.577350269190   0.577350269190
0,   63 9005.433054279332 3654.887973127634 1757.296537263419    2    0
         0,   62   0.707106781187   0.000000000000   0.707106781187
                  -0.577350269190   0.577350269190   0.577350269190
         0,   64  -0.707106781187  -0.000000000000  -0.707106781187
                  -0.577350269190   0.577350269190   0.577350269190
0,   64 8600.727097653540 3306.481342277909 1700.997211487352    1    7
         0,   63   0.707106781187   0.000000000000   0.707106781187
                  -0.577350269190   0.577350269190   0.577350269190
0,   65 3441.520242691506 3447.557247807443 1171.761376068800    1    7
         0,   66  -0.707106781187  -0.000000000000   0.707106781187
                   0.577350269190   0.577350269190   0.577350269190
0,   66 3437.620439058851 2975.907105531414 1647.311321977483    2    0
         0,   65   0.707106781187   0.000000000000  -0.707106781187
                   0.577350269190   0.577350269190   0.577350269190
         0,   67  -0.707106781187  -0.000000000000   0.707106781187
                   0.577350269190   0.577350269190   0.577350269190
0,   67 3433.720635426197 2504.256963255386 2122.861267886166    2    0
         0,   66   0.707106781187   0.000000000000  -0.707106781187
                   0.577350269190   0.577350269190   0.577350269190
         0,   68  -0.707106781187  -0.000000000000   0.707106781187
                   0.577350269190   0.577350269190   0.577350269190
0,   68 3429.820831793542 2032.606820979357 2598.411213794849    2    0
         0,   67   0.707106781187   0.000000000000  -0.707106781187
                   0.577350269190   0.577350269190   0.577350269190
         0,   69  -0.707106781187  -0.000000000000   0.707106781187
                   0.577350269190   0.577350269190   0.577350269190
0,   69 3425.921028160888 1560.956678703329 3073.961159703532    1    7
         0,   68   0.707106781187   0.000000000000  -0.707106781187
                   0.577350269190   0.577350269190   0.577350269190
0,   70 1794.072846372592 1225.288360748083 6436.286150142589    1    7
         0,   71   0.707106781187   0.000000000000   0.707106781187
                   0.577350269190   0.577350269190  -0.577350269190
0,   71 2237.898215608867 1071.548281716408 6726.371440347189    2    0
         0,   70  -0.707106781187  -0.000000000000  -0.707106781187
                   0.577350269190   0.577350269190  -0.577350269190
         0,   72   0.707106781187   0.000000000000   0.707106781187
                   0.577350269190   0.577350269190  -0.577350269190
0,   72 2681.723584845141 917.808202684733 7016.456730551788    2    0
         0,   71  -0.707106781187  -0.000000000000  -0.707106781187
                   0.577350269190   0.577350269190  -0.577350269190
         0,   73   0.707106781187   0.000000000000   0.707106781187
                   0.577350269190   0.577350269190  -0.577350269190
0,   73 3125.548954081416 764.068123653058 7306.542020756388    2    0
         0,   72  -0.707106781187  -0.000000000000  -0.707106781187
                   0.577350269190   0.577350269190  -0.577350269190
         0,   74   0.707106781187   0.000000000000   0.707106781187
                   0.577350269190   0.577350269190  -0.577350269190
0,   74 3569.374323317690 610.328044621383 7596.627310960987    1    7
         0,   73  -0.707106781187  -0.000000000000  -0.707106781187
                   0.577350269190   0.577350269190  -0.577350269190
0,   75 3563.457211699537 6777.643177140288 8570.984190200514    1    7
         0,   76  -0.707106781187  -0.000000000000  -0.707106781187
                  -0.577350269190   0.577350269190   0.577350269190
0,   76 3773.966897689032 6424.943464432172 9134.193588898124    2    0
         0,   75   0.707106781187   0.000000000000   0.707106781187
                  -0.577350269190   0.577350269190   0.577350269190
         0,   77  -0.707106781187  -0.000000000000  -0.707106781187
                  -0.577350269190   0.577350269190   0.577350269190
0,   77 3984.476583678527 6072.243751724057 9697.402987595735    2    0
         0,   76   0.707106781187   0.000000000000   0.707106781187
                  -0.577350269190   0.577350269190   0.577350269190
         0,   78  -0.707106781187  -0.000000000000  -0.707106781187
                  -0.577350269190   0.577350269190   0.577350269190
0,   78 4194.986269668022 5719.544039015942 10260.612386293345    2    0
         0,   77   0.707106781187   0.000000000000   0.707106781187
                  -0.577350269190   0.577350269190   0.577350269190
         0,   79  -0.707106781187  -0.000000000000  -0.707106781187
                  -0.577350269190   0.577350269190   0.577350269190
0,   79 4405.495955657517 5366.844326307826 10823.821784990956    1    7
         0,   78   0.707106781187   0.000000000000   0.707106781187
                  -0.577350269190   0.577350269190   0.577350269190
0,   80 1981.197127182080 4050.234696718707 3332.713044355945    1    7
         0,   81   0.707106781187  -0.707106781187   0.000000000000
                   0.577350269190   0.577350269190  -0.577350269190
0,   81 2264.299744636092 3657.873477403771 3223.454442495021    2    0
         0,   80  -0.707106781187   0.707106781187  -0.000000000000
                   0.577350269190   0.577350269190  -0.577350269190
         0,   82   0.707106781187  -0.707106781187   0.000000000000
                   0.577350269190   0.577350269190  -0.577350269190
0,   82 2547.402362090104 3265.512258088836 3114.195840634098    2    0
         0,   81  -0.707106781187   0.707106781187  -0.000000000000
                   0.577350269190   0.577350269190  -0.577350269190
         0,   83   0.707106781187  -0.707106781187   0.000000000000
                   0.577350269190   0.577350269190  -0.577350269190
0,   83 2830.504979544116 2873.151038773900 3004.937238773175    2    0
         0,   82  -0.707106781187   0.707106781187  -0.000000000000
                   0.577350269190   0.577350269190  -0.577350269190
         0,   84   0.707106781187  -0.707106781187   0.000000000000
                   0.577350269190   0.577350269190  -0.577350269190
0,   84 3113.607596998128 2480.789819458964 2895.678636912251    1    7
         0,   83  -0.707106781187   0.707106781187  -0.000000000000
                   0.577350269190   0.577350269190  -0.577350269190
0,   85 531.858819304542 6060.396352689286 6900.338395761907    1    7
         0,   86   0.000000000000   0.707106781187   0.707106781187
                   0.577350269190   0.577350269190  -0.577350269190
0,   86 844.341878811645 5438.167593130530 6590.592695710255    2    0
         0,   85  -0.000000000000  -0.707106781187  -0.707106781187
                   0.577350269190   0.577350269190  -0.577350269190
         0,   87   0.000000000000   0.707106781187   0.707106781187
                   0.577350269190   0.577350269190  -0.577350269190
0,   87 1156.824938318747 4815.938833571774 6280.846995658601    2    0
         0,   86  -0.000000000000  -0.707106781187  -0.707106781187
                   0.577350269190   0.577350269190  -0.577350269190
         0,   88   0.000000000000   0.707106781187   0.707106781187
                   0.577350269190   0.577350269190  -0.577350269190
0,   88 1469.307997825850 4193.710074013019 5971.101295606949    2    0
         0,   87  -0.000000000000  -0.707106781187  -0.707106781187
                   0.577350269190   0.577350269190  -0.577350269190
         0,   89   0.000000000000   0.707106781187   0.707106781187
                   0.577350269190   0.577350269190  -0.577350269190
0,   89 1781.791057332953 3571.481314454263 5661.355595555296    1    7
         0,   88  -0.000000000000  -0.707106781187  -0.707106781187
                   0.577350269190   0.577350269190  -0.577350269190
0,   90 1834.037488943308 11142.760164081577 1067.729409565627    1    7
         0,   91  -0.000000000000  -0.707106781187   0.707106781187
                   0.577350269190   0.577350269190   0.577350269190
0,   91 1515.487300323199 11142.470629932388 1386.569132334926    2    0
         0,   90   0.000000000000   0.707106781187  -0.707106781187
                   0.577350269190   0.577350269190   0.577350269190
         0,   92  -0.000000000000  -0.707106781187   0.707106781187
                   0.577350269190   0.577350269190   0.577350269190
0,   92 1196.937111703090 11142.181095783197 1705.408855104225    2    0
         0,   91   0.000000000000   0.707106781187  -0.707106781187
                   0.577350269190   0.577350269190   0.577350269190
         0,   93  -0.000000000000  -0.707106781187   0.707106781187
                   0.577350269190   0.577350269190   0.577350269190
0,   93 878.386923082981 11141.891561634007 2024.248577873525    2    0
         0,   92   0.000000000000   0.707106781187  -0.707106781187
                   0.577350269190   0.577350269190   0.577350269190
         0,   94  -0.000000000000  -0.707106781187   0.707106781187
                   0.577350269190   0.577350269190   0.577350269190
0,   94 559.836734462871 11141.602027484818 2343.088300642824    1    7
         0,   93   0.000000000000   0.707106781187  -0.707106781187
                   0.577350269190   0.577350269190   0.577350269190
0,   95 10539.636504880556 7869.905118685375 9600.111036634524    1    7
         0,   96   0.000000000000   0.707106781187  -0.707106781187
                  -0.577350269190   0.577350269190   0.577350269190
0,   96 10861.823538636258 8428.820154456362 9363.383034619239    2    0
         0,   95  -0.000000000000  -0.707106781187   0.707106781187
                  -0.577350269190   0.577350269190   0.577350269190
         0,   97   0.000000000000   0.707106781187  -0.707106781187
                  -0.577350269190   0.577350269190   0.577350269190
0,   97 11184.010572391961 8987.735190227348 9126.655032603954    2    0
         0,   96  -0.000000000000  -0.707106781187   0.707106781187
                  -0.577350269190   0.577350269190   0.577350269190
         0,   98   0.000000000000   0.707106781187  -0.707106781187
                  -0.577350269190   0.577350269190   0.577350269190
0,   98 11506.197606147662 9546.650225998334 8889.927030588669    2    0
         0,   97  -0.000000000000  -0.707106781187   0.707106781187
                  -0.577350269190   0.577350269190   0.577350269190
         0,   99   0.000000000000   0.707106781187  -0.707106781187
                  -0.577350269190   0.577350269190   0.577350269190
0,   99 11828.384639903365 10105.565261769321 8653.199028573385    1    7
         0,   98  -0.000000000000  -0.707106781187   0.707106781187
                  -0.577350269190   0.577350269190   0.577350269190
0,  100 3249.359621660464 6115.288279760617 5557.370681848318    1    7
         0,  101  -0.000000000000  -0.707106781187   0.707106781187
                   0.577350269190   0.577350269190   0.577350269190
0,  101 2779.011007696629 6275.418493058125 5867.589082514644    2    0
         0,  100   0.000000000000   0.707106781187  -0.707106781187
                   0.577350269190   0.577350269190   0.577350269190
         0,  102  -0.000000000000  -0.707106781187   0.707106781187
                   0.577350269190   0.577350269190   0.577350269190
0,  102 2308.662393732794 6435.548706355633 6177.807483180971    2    0
         0,  101   0.000000000000   0.707106781187  -0.707106781187
                   0.577350269190   0.577350269190   0.577350269190
         0,  103  -0.000000000000  -0.707106781187   0.707106781187
                   0.577350269190   0.577350269190   0.577350269190
0,  103 1838.313779768960 6595.678919653141 6488.025883847298    2    0
         0,  102   0.000000000000   0.707106781187  -0.707106781187
                   0.577350269190   0.577350269190   0.577350269190
         0,  104  -0.000000000000  -0.707106781187   0.707106781187
                   0.577350269190   0.577350269190   0.577350269190
0,  104 1367.965165805125 6755.809132950650 6798.244284513625    1    7
         0,  103   0.000000000000   0.707106781187  -0.707106781187
                   0.577350269190   0.577350269190   0.577350269190
0,  105 6083.525025557126 6566.779436494448 3626.713594328607    1    7
         0,  106   0.707106781187  -0.707106781187   0.000000000000
                   0.577350269190   0.577350269190  -0.577350269190
0,  106 5496.491411208598 7011.927788459986 3484.828331945616    2    0
         0,  105  -0.707106781187   0.707106781187  -0.000000000000
                   0.577350269190   0.577350269190  -0.577350269190
         0,  107   0.707106781187  -0.707106781187   0.000000000000
                   0.577350269190   0.577350269190  -0.577350269190
0,  107 4909.457796860070 7457.076140425524 3342.943069562627    2    0
         0,  106  -0.707106781187   0.707106781187  -0.000000000000
                   0.577350269190   0.577350269190  -0.577350269190
         0,  108   0.707106781187  -0.707106781187   0.000000000000
                   0.577350269190   0.577350269190  -0.577350269190
0,  108 4322.424182511540 7902.224492391062 3201.057807179636    2    0
         0,  107  -0.707106781187   0.707106781187  -0.000000000000
                   0.577350269190   0.577350269190  -0.577350269190
         0,  109   0.707106781187  -0.707106781187   0.000000000000
                   0.577350269190   0.577350269190  -0.577350269190
0,  109 3735.390568163013 8347.372844356601 3059.172544796646    1    7
         0,  108  -0.707106781187   0.707106781187  -0.000000000000
                   0.577350269190   0.577350269190  -0.577350269190
0,  110 4921.543633977442 2480.738050080621 5455.240560831208    1    7
         0,  111  -0.000000000000  -0.707106781187   0.707106781187
                   0.577350269190   0.577350269190   0.577350269190
0,  111 4982.243096889224 2826.128156644047 5049.150991356000    2    0
         0,  110   0.000000000000   0.707106781187  -0.707106781187
                   0.577350269190   0.577350269190   0.577350269190
         0,  112  -0.000000000000  -0.707106781187   0.707106781187
                   0.577350269190   0.577350269190   0.577350269190
0,  112 5042.942559801005 3171.518263207473 4643.061421880793    2    0
         0,  111   0.000000000000   0.707106781187  -0.707106781187
                   0.577350269190   0.577350269190   0.577350269190
         0,  113  -0.000000000000  -0.707106781187   0.707106781187
                   0.577350269190   0.577350269190   0.577350269190
0,  113 5103.642022712786 3516.908369770900 4236.971852405585    2    0
         0,  112   0.000000000000   0.707106781187  -0.707106781187
                   0.577350269190   0.577350269190   0.577350269190
         0,  114  -0.000000000000  -0.707106781187   0.707106781187
                   0.577350269190   0.577350269190   0.577350269190
0,  114 5164.341485624567 3862.298476334327 3830.882282930378    1    7
         0,  113   0.000000000000   0.707106781187  -0.707106781187
                   0.577350269190   0.577350269190   0.577350269190
0,  115 11528.211518782224 9242.255238060361 5836.366198046376    1    7
         0,  116   0.707106781187   0.000000000000  -0.707106781187
                   0.577350269190   0.577350269190   0.577350269190
0,  116 11058.010082046381 9732.811857488416 5816.011015354164    2    0
         0,  115  -0.707106781187  -0.000000000000   0.707106781187
                   0.577350269190   0.577350269190   0.577350269190
         0,  117   0.707106781187   0.000000000000  -0.707106781187
                   0.577350269190   0.577350269190   0.577350269190
0,  117 10587.808645310541 10223.368476916468 5795.655832661952    2    0
         0,  116  -0.707106781187  -0.000000000000   0.707106781187
                   0.577350269190   0.577350269190   0.577350269190
         0,  118   0.707106781187   0.000000000000  -0.707106781187
                   0.577350269190   0.577350269190   0.577350269190
0,  118 10117.607208574698 10713.925096344523 5775.300649969740    2    0
         0,  117  -0.707106781187  -0.000000000000   0.707106781187
                   0.577350269190   0.577350269190   0.577350269190
         0,  119   0.707106781187   0.000000000000  -0.707106781187
                   0.577350269190   0.577350269190   0.577350269190
0,  119 9647.405771838858 11204.481715772576 5754.945467277528    1    7
         0,  118  -0.707106781187  -0.000000000000   0.707106781187
                   0.577350269190   0.577350269190   0.577350269190
0,  120 9785.362663178825 8459.145423905371 10128.431888707089    1    7
         0,  121   0.000000000000   0.707106781187   0.707106781187
                   0.577350269190  -0.577350269190   0.577350269190
0,  121 9914.480648664085 8029.794816885236 9569.963296201695    2    0
         0,  120  -0.000000000000  -0.707106781187  -0.707106781187
                   0.577350269190  -0.577350269190   0.577350269190
         0,  122   0.000000000000   0.707106781187   0.707106781187
                   0.577350269190  -0.577350269190   0.577350269190
0,  122 10043.598634149344 7600.444209865102 9011.494703696300    2    0
         0,  121  -0.000000000000  -0.707106781187  -0.707106781187
                   0.577350269190  -0.577350269190   0.577350269190
         0,  123   0.000000000000   0.707106781187   0.707106781187
                   0.577350269190  -0.577350269190   0.577350269190
0,  123 10172.716619634604 7171.093602844968 8453.026111190906    2    0
         0,  122  -0.000000000000  -0.707106781187  -0.707106781187
                   0.577350269190  -0.577350269190   0.577350269190
         0,  124   0.000000000000   0.707106781187   0.707106781187
                   0.577350269190  -0.577350269190   0.577350269190
0,  124 10301.834605119864 6741.742995824833 7894.557518685512    1    7
         0,  123  -0.000000000000  -0.707106781187  -0.707106781187
                   0.577350269190  -0.577350269190   0.577350269190
0,  125 4678.448837534249 8578.683185405645 2171.365073545032    1    7
         0,  126   0.707106781187  -0.707106781187   0.000000000000
                   0.577350269190   0.577350269190   0.577350269190
0,  126 4254.657320091893 8672.387724509863 2501.452051883170    2    0
         0,  125  -0.707106781187   0.707106781187  -0.000000000000
                   0.577350269190   0.577350269190   0.577350269190
         0,  127   0.707106781187  -0.707106781187   0.000000000000
                   0.577350269190   0.577350269190   0.577350269190
0,  127 3830.865802649537 8766.092263614082 2831.539030221308    2    0
         0,  126  -0.707106781187   0.707106781187  -0.000000000000
                   0.577350269190   0.577350269190   0.577350269190
         0,  128   0.707106781187  -0.707106781187   0.000000000000
                   0.577350269190   0.577350269190   0.577350269190
0,  128 3407.074285207181 8859.796802718300 3161.626008559446    2    0
         0,  127  -0.707106781187   0.707106781187  -0.000000000000
                   0.577350269190   0.577350269190   0.577350269190
         0,  129   0.707106781187  -0.707106781187   0.000000000000
                   0.577350269190   0.577350269190   0.577350269190
0,  129 2983.282767764825 8953.501341822519 3491.712986897584    1    7
         0,  128  -0.707106781187   0.707106781187  -0.000000000000
                   0.577350269190   0.577350269190   0.577350269190
0,  130 3050.234825314285 8194.819425278731 1484.958956959822    1    7
         0,  131  -0.000000000000  -0.707106781187  -0.707106781187
                   0.577350269190  -0.577350269190   0.577350269190
0,  131 2630.071458446336 7680.937013022413 1391.239911571453    2    0
         0,  130   0.000000000000   0.707106781187   0.707106781187
                   0.577350269190  -0.577350269190   0.577350269190
         0,  132  -0.000000000000  -0.707106781187  -0.707106781187
                   0.577350269190  -0.577350269190   0.577350269190
0,  132 2209.908091578387 7167.054600766096 1297.520866183084    2    0
         0,  131   0.000000000000   0.707106781187   0.707106781187
                   0.577350269190  -0.577350269190   0.577350269190
         0,  133  -0.000000000000  -0.707106781187  -0.707106781187
                   0.577350269190  -0.577350269190   0.577350269190
0,  133 1789.744724710439 6653.172188509778 1203.801820794715    2    0
         0,  132   0.000000000000   0.707106781187   0.707106781187
                   0.577350269190  -0.577350269190   0.577350269190
         0,  134  -0.000000000000  -0.707106781187  -0.707106781187
                   0.577350269190  -0.577350269190   0.577350269190
0,  134 1369.581357842490 6139.289776253460 1110.082775406346    1    7
         0,  133   0.000000000000   0.707106781187   0.707106781187
                   0.577350269190  -0.577350269190   0.577350269190
0,  135 8859.329677371947 2783.393968936943 10330.254669449303    1    7
         0,  136   0.707106781187   0.000000000000   0.707106781187
                   0.577350269190   0.577350269190  -0.577350269190
0,  136 9504.951775618967 2456.508069204738 10648.990867964119    2    0
         0,  135  -0.707106781187  -0.000000000000  -0.707106781187
                   0.577350269190   0.577350269190  -0.577350269190
         0,  137   0.707106781187   0.000000000000   0.707106781187
                   0.577350269190   0.577350269190  -0.577350269190
0,  137 10150.573873865989 2129.622169472533 10967.727066478936    2    0
         0,  136  -0.707106781187  -0.000000000000  -0.707106781187
                   0.577350269190   0.577350269190  -0.577350269190
         0,  138   0.707106781187   0.000000000000   0.707106781187
                   0.577350269190   0.577350269190  -0.577350269190
0,  138 10796.195972113010 1802.736269740328 11286.463264993752    2    0
         0,  137  -0.707106781187  -0.000000000000  -0.707106781187
                   0.577350269190   0.577350269190  -0.577350269190
         0,  139   0.707106781187   0.000000000000   0.707106781187
                   0.577350269190   0.577350269190  -0.577350269190
0,  139 11441.818070360030 1475.850370008123 11605.199463508567    1    7
         0,  138  -0.707106781187  -0.000000000000  -0.707106781187
                   0.577350269190   0.577350269190  -0.577350269190
0,  140 8691.839411015728 9733.604966276534 11489.312263222304    1    7
         0,  141   0.000000000000   0.707106781187   0.707106781187
                   0.577350269190  -0.577350269190   0.577350269190
0,  141 8927.382459235334 9545.806945308674 11065.971194034837    2    0
         0,  140  -0.000000000000  -0.707106781187  -0.707106781187
                   0.577350269190  -0.577350269190   0.577350269190
         0,  142   0.000000000000   0.707106781187   0.707106781187
                   0.577350269190  -0.577350269190   0.577350269190
0,  142 9162.925507454938 9358.008924340811 10642.630124847370    2    0
         0,  141  -0.000000000000  -0.707106781187  -0.707106781187
                   0.577350269190  -0.577350269190   0.577350269190
         0,  143   0.000000000000   0.707106781187   0.707106781187
                   0.577350269190  -0.577350269190   0.577350269190
0,  143 9398.468555674544 9170.210903372950 10219.289055659903    2    0
         0,  142  -0.000000000000  -0.707106781187  -0.707106781187
                   0.577350269190  -0.577350269190   0.577350269190
         0,  144   0.000000000000   0.707106781187   0.707106781187
                   0.577350269190  -0.577350269190   0.577350269190
0,  144 9634.011603894149 8982.412882405088 9795.947986472436    1    7
         0,  143  -0.000000000000  -0.707106781187  -0.707106781187
                   0.577350269190  -0.577350269190   0.577350269190
0,  145 1048.045935570726 6880.192271789525 1737.630235709125    1    7
         0,  146  -0.000000000000  -0.707106781187  -0.707106781187
                   0.577350269190   0.577350269190  -0.577350269190
0,  146 1303.506060197901 7100.705544846568 2213.603633393344    2    0
         0,  145   0.000000000000   0.707106781187   0.707106781187
                   0.577350269190   0.577350269190  -0.577350269190
         0,  147  -0.000000000000  -0.707106781187  -0.707106781187
                   0.577350269190   0.577350269190  -0.577350269190
0,  147 1558.966184825077 7321.218817903611 2689.577031077562    2    0
         0,  146   0.000000000000   0.707106781187   0.707106781187
                   0.577350269190   0.577350269190  -0.577350269190
         0,  148  -0.000000000000  -0.707106781187  -0.707106781187
                   0.577350269190   0.577350269190  -0.577350269190
0,  148 1814.426309452253 7541.732090960653 3165.550428761781    2    0
         0,  147   0.000000000000   0.707106781187   0.707106781187
                   0.577350269190   0.577350269190  -0.577350269190
         0,  149  -0.000000000000  -0.707106781187  -0.707106781187
                   0.577350269190   0.577350269190  -0.577350269190
0,  149 2069.886434079429 7762.245364017696 3641.523826445999    1    7
         0,  148   0.000000000000   0.707106781187   0.707106781187
                   0.577350269190   0.577350269190  -0.577350269190
0,  150 6308.896265505359 7406.730438295468 9445.738863633936    1    7
         0,  151   0.707106781187   0.707106781187   0.000000000000
                   0.577350269190  -0.577350269190   0.577350269190
0,  151 5983.709935105500 6825.438051369009 9189.632807107337    2    0
         0,  150  -0.707106781187  -0.707106781187  -0.000000000000
                   0.577350269190  -0.577350269190   0.577350269190
         0,  152   0.707106781187   0.707106781187   0.000000000000
                   0.577350269190  -0.577350269190   0.577350269190
0,  152 5658.523604705641 6244.145664442551 8933.526750580737    2    0
         0,  151  -0.707106781187  -0.707106781187  -0.000000000000
                   0.577350269190  -0.577350269190   0.577350269190
         0,  153   0.707106781187   0.707106781187   0.000000000000
                   0.577350269190  -0.577350269190   0.577350269190
0,  153 5333.337274305783 5662.853277516093 8677.420694054137    2    0
         0,  152  -0.707106781187  -0.707106781187  -0.000000000000
                   0.577350269190  -0.577350269190   0.577350269190
         0,  154   0.707106781187   0.707106781187   0.000000000000
                   0.577350269190  -0.577350269190   0.577350269190
0,  154 5008.150943905924 5081.560890589634 8421.314637527537    1    7
         0,  153  -0.707106781187  -0.707106781187  -0.000000000000
                   0.577350269190  -0.577350269190   0.577350269190
0,  155 7913.757896059577 11226.660552118956 3047.849734971995    1    7
         0,  156   0.707106781187   0.000000000000   0.707106781187
                   0.577350269190   0.577350269190  -0.577350269190
0,  156 7483.107777003016 11201.404266430563 2591.943330227041    2    0
         0,  155  -0.707106781187  -0.000000000000  -0.707106781187
                   0.577350269190   0.577350269190  -0.577350269190
         0,  157   0.707106781187   0.000000000000   0.707106781187
                   0.577350269190   0.577350269190  -0.577350269190
0,  157 7052.457657946454 11176.147980742171 2136.036925482088    2    0
         0,  156  -0.707106781187  -0.000000000000  -0.707106781187
                   0.577350269190   0.577350269190  -0.577350269190
         0,  158   0.707106781187   0.000000000000   0.707106781187
                   0.577350269190   0.577350269190  -0.577350269190
0,  158 6621.807538889892 11150.891695053779 1680.130520737134    2    0
         0,  157  -0.707106781187  -0.000000000000  -0.707106781187
                   0.577350269190   0.577350269190  -0.577350269190
         0,  159   0.707106781187   0.000000000000   0.707106781187
                   0.577350269190   0.577350269190  -0.577350269190
0,  159 6191.157419833331 11125.635409365386 1224.224115992180    1    7
         0,  158  -0.707106781187  -0.000000000000  -0.707106781187
                   0.577350269190   0.577350269190  -0.577350269190
0,  160 7520.747022434985 4759.766364522469 9621.167854113011    1    7
         0,  161   0.707106781187   0.000000000000  -0.707106781187
                   0.577350269190   0.577350269190   0.577350269190
0,  161 7674.774714042341 4929.201095296087 9297.705431732038    2    0
         0,  160  -0.707106781187  -0.000000000000   0.707106781187
                   0.577350269190   0.577350269190   0.577350269190
         0,  162   0.707106781187   0.000000000000  -0.707106781187
                   0.577350269190   0.577350269190   0.577350269190
0,  162 7828.802405649696 5098.635826069706 8974.243009351065    2    0
         0,  161  -0.707106781187  -0.000000000000   0.707106781187
                   0.577350269190   0.577350269190   0.577350269190
         0,  163   0.707106781187   0.000000000000  -0.707106781187
                   0.577350269190   0.577350269190   0.577350269190
0,  163 7982.830097257051 5268.070556843324 8650.780586970091    2    0
         0,  162  -0.707106781187  -0.000000000000   0.707106781187
                   0.577350269190   0.577350269190   0.577350269190
         0,  164   0.707106781187   0.000000000000  -0.707106781187
                   0.577350269190   0.577350269190   0.577350269190
0,  164 8136.857788864406 5437.505287616942 8327.318164589118    1    7
         0,  163  -0.707106781187  -0.000000000000   0.707106781187
                   0.577350269190   0.577350269190   0.577350269190
0,  165 9112.948240837748 7731.845784377821 3262.528588652485    1    7
         0,  166  -0.000000000000  -0.707106781187   0.707106781187
                  -0.577350269190   0.577350269190   0.577350269190
0,  166 9589.019257142809 8208.969445088022 3261.475944247347    2    0
         0,  165   0.000000000000   0.707106781187  -0.707106781187
                  -0.577350269190   0.577350269190   0.577350269190
         0,  167  -0.000000000000  -0.707106781187   0.707106781187
                  -0.577350269190   0.577350269190   0.577350269190
0,  167 10065.090273447871 8686.093105798220 3260.423299842210    2    0
         0,  166   0.000000000000   0.707106781187  -0.707106781187
                  -0.577350269190   0.577350269190   0.577350269190
         0,  168  -0.000000000000  -0.707106781187   0.707106781187
                  -0.577350269190   0.577350269190   0.577350269190
0,  168 10541.161289752932 9163.216766508420 3259.370655437072    2    0
         0,  167   0.000000000000   0.707106781187  -0.707106781187
                  -0.577350269190   0.577350269190   0.577350269190
         0,  169  -0.000000000000  -0.707106781187   0.707106781187
                  -0.577350269190   0.577350269190   0.577350269190
0,  169 11017.232306057995 9640.340427218618 3258.318011031934    1    7
         0,  168   0.000000000000   0.707106781187  -0.707106781187
                  -0.577350269190   0.577350269190   0.577350269190
0,  170 5194.721401150090 4066.462918497345 9130.410242599062    1    7
         0,  171   0.707106781187   0.000000000000   0.707106781187
                  -0.577350269190   0.577350269190   0.577350269190
0,  171 5241.096204392488 4426.376603174713 8816.871361164092    2    0
         0,  170  -0.707106781187  -0.000000000000  -0.707106781187
                  -0.577350269190   0.577350269190   0.577350269190
         0,  172   0.707106781187   0.000000000000   0.707106781187
                  -0.577350269190   0.577350269190   0.577350269190
0,  172 5287.471007634887 4786.290287852081 8503.332479729122    2    0
         0,  171  -0.707106781187  -0.000000000000  -0.707106781187
                  -0.577350269190   0.577350269190   0.577350269190
         0,  173   0.707106781187   0.000000000000   0.707106781187
                  -0.577350269190   0.577350269190   0.577350269190
0,  173 5333.845810877285 5146.203972529449 8189.793598294154    2    0
         0,  172  -0.707106781187  -0.000000000000  -0.707106781187
                  -0.577350269190   0.577350269190   0.577350269190
         0,  174   0.707106781187   0.000000000000   0.707106781187
                  -0.577350269190   0.577350269190   0.577350269190
0,  174 5380.220614119684 5506.117657206816 7876.254716859184    1    7
         0,  173  -0.707106781187  -0.000000000000  -0.707106781187
                  -0.577350269190   0.577350269190   0.577350269190
0,  175 9752.650654680201 6280.622706479899 4927.001226676271    1    7
         0,  176  -0.707106781187  -0.707106781187  -0.000000000000
                  -0.577350269190   0.577350269190   0.577350269190
0,  176 9352.752809733298 6038.087044658936 4769.639043550330    2    0
         0,  175   0.707106781187   0.707106781187   0.000000000000
                  -0.577350269190   0.577350269190   0.577350269190
         0,  177  -0.707106781187  -0.707106781187  -0.000000000000
                  -0.577350269190   0.577350269190   0.577350269190
0,  177 8952.854964786397 5795.551382837974 4612.276860424389    2    0
         0,  176   0.707106781187   0.707106781187   0.000000000000
                  -0.577350269190   0.577350269190   0.577350269190
         0,  178  -0.707106781187  -0.707106781187  -0.000000000000
                  -0.577350269190   0.577350269190   0.577350269190
0,  178 8552.957119839493 5553.015721017012 4454.914677298450    2    0
         0,  177   0.707106781187   0.707106781187   0.000000000000
                  -0.577350269190   0.577350269190   0.577350269190
         0,  179  -0.707106781187  -0.707106781187  -0.000000000000
                  -0.577350269190   0.577350269190   0.577350269190
0,  179 8153.059274892590 5310.480059196050 4297.552494172509    1    7
         0,  178   0.707106781187   0.707106781187   0.000000000000
                  -0.577350269190   0.577350269190   0.577350269190
0,  180 10740.915258523788 2830.148153388208 10598.249074501768    1    7
         0,  181   0.707106781187   0.707106781187   0.000000000000
                   0.577350269190  -0.577350269190   0.577350269190
0,  181 10929.956839146625 2432.342898864390 10011.402239355111    2    0
         0,  180  -0.707106781187  -0.707106781187  -0.000000000000
                   0.577350269190  -0.577350269190   0.577350269190
         0,  182   0.707106781187   0.707106781187   0.000000000000
                   0.577350269190  -0.577350269190   0.577350269190
0,  182 11118.998419769463 2034.537644340572 9424.555404208455    2    0
         0,  181  -0.707106781187  -0.707106781187  -0.000000000000
                   0.577350269190  -0.577350269190   0.577350269190
         0,  183   0.707106781187   0.707106781187   0.000000000000
                   0.577350269190  -0.577350269190   0.577350269190
0,  183 11308.040000392302 1636.732389816754 8837.708569061801    2    0
         0,  182  -0.707106781187  -0.707106781187  -0.000000000000
                   0.577350269190  -0.577350269190   0.577350269190
         0,  184   0.707106781187   0.707106781187   0.000000000000
                   0.577350269190  -0.577350269190   0.577350269190
0,  184 11497.081581015140 1238.927135292935 8250.861733915144    1    7
         0,  183  -0.707106781187  -0.707106781187  -0.000000000000
                   0.577350269190  -0.577350269190   0.577350269190
0,  185 6791.130404333753 8819.447130398483 1391.429847156631    1    7
         0,  186   0.707106781187  -0.707106781187   0.000000000000
                   0.577350269190   0.577350269190  -0.577350269190
0,  186 6917.059579306064 8378.845459559581 1076.757351290041    2    0
         0,  185  -0.707106781187   0.707106781187  -0.000000000000
                   0.577350269190   0.577350269190  -0.577350269190
         0,  187   0.707106781187  -0.707106781187   0.000000000000
                   0.577350269190   0.577350269190  -0.577350269190
0,  187 7042.988754278374 7938.243788720681 762.084855423450    2    0
         0,  186  -0.707106781187   0.707106781187  -0.000000000000
                   0.577350269190   0.577350269190  -0.577350269190
         0,  188   0.707106781187  -0.707106781187   0.000000000000
                   0.577350269190   0.577350269190  -0.577350269190
0,  188 7168.917929250685 7497.642117881779 447.412359556859    2    0
         0,  187  -0.707106781187   0.707106781187  -0.000000000000
                   0.577350269190   0.577350269190  -0.577350269190
         0,  189   0.707106781187  -0.707106781187   0.000000000000
                   0.577350269190   0.577350269190  -0.577350269190
0,  189 7294.847104222996 7057.040447042878 132.739863690269    1    7
         0,  188  -0.707106781187   0.707106781187  -0.000000000000
                   0.577350269190   0.577350269190  -0.577350269190
0,  190 2930.633395266225 4604.427163373522 5395.474682599600    1    7
         0,  191   0.000000000000   0.707106781187   0.707106781187
                   0.577350269190  -0.577350269190   0.577350269190
0,  191 3462.112903999239 5106.145825752888 5365.713836245951    2    0
         0,  190  -0.000000000000  -0.707106781187  -0.707106781187
                   0.577350269190  -0.577350269190   0.577350269190
         0,  192   0.000000000000   0.707106781187   0.707106781187
                   0.577350269190  -0.577350269190   0.577350269190
0,  192 3993.592412732252 5607.864488132252 5335.952989892303    2    0
         0,  191  -0.000000000000  -0.707106781187  -0.707106781187
                   0.577350269190  -0.577350269190   0.577350269190
         0,  193   0.000000000000   0.707106781187   0.707106781187
                   0.577350269190  -0.577350269190   0.577350269190
0,  193 4525.071921465265 6109.583150511617 5306.192143538654    2    0
         0,  192  -0.000000000000  -0.707106781187  -0.707106781187
                   0.577350269190  -0.577350269190   0.577350269190
         0,  194   0.000000000000   0.707106781187   0.707106781187
                   0.577350269190  -0.577350269190   0.577350269190
0,  194 5056.551430198278 6611.301812890982 5276.431297185005    1    7
         0,  193  -0.000000000000  -0.707106781187  -0.707106781187
                   0.577350269190  -0.577350269190   0.577350269190
0,  195 8593.089424159461 2230.578510504753 12018.572956132939    1    7
         0,  196   0.707106781187   0.000000000000  -0.707106781187
                   0.577350269190  -0.577350269190   0.577350269190
0,  196 8855.503985267973 1978.111590891739 11503.691475411413    2    0
         0,  195  -0.707106781187  -0.000000000000   0.707106781187
                   0.577350269190  -0.577350269190   0.577350269190
         0,  197   0.707106781187   0.000000000000  -0.707106781187
                   0.577350269190  -0.577350269190   0.577350269190
0,  197 9117.918546376486 1725.644671278726 10988.809994689887    2    0
         0,  196  -0.707106781187  -0.000000000000   0.707106781187
                   0.577350269190  -0.577350269190   0.577350269190
         0,  198   0.707106781187   0.000000000000  -0.707106781187
                   0.577350269190  -0.577350269190   0.577350269190
0,  198 9380.333107484998 1473.177751665712 10473.928513968362    2    0
         0,  197  -0.707106781187  -0.000000000000   0.707106781187
                   0.577350269190  -0.577350269190   0.577350269190
         0,  199   0.707106781187   0.000000000000  -0.707106781187
                   0.577350269190  -0.577350269190   0.577350269190
0,  199 9642.747668593509 1220.710832052699 9959.047033246836    1    7
         0,  198  -0.707106781187  -0.000000000000   0.707106781187
                   0.577350269190  -0.577350269190   0.577350269190
0,  200 6775.134268546362 8037.440869360644 2259.061886081847    1    7
         0,  201  -0.000000000000  -0.707106781187   0.707106781187
                   0.577350269190   0.577350269190   0.577350269190
0,  201 7242.759440529547 7891.239107515021 1937.638475944285    2    0
         0,  200   0.000000000000   0.707106781187  -0.707106781187
                   0.577350269190   0.577350269190   0.577350269190
         0,  202  -0.000000000000  -0.707106781187   0.707106781187
                   0.577350269190   0.577350269190   0.577350269190
0,  202 7710.384612512731 7745.037345669399 1616.215065806723    2    0
         0,  201   0.000000000000   0.707106781187  -0.707106781187
                   0.577350269190   0.577350269190   0.577350269190
         0,  203  -0.000000000000  -0.707106781187   0.707106781187
                   0.577350269190   0.577350269190   0.577350269190
0,  203 8178.009784495915 7598.835583823777 1294.791655669162    2    0
         0,  202   0.000000000000   0.707106781187  -0.707106781187
                   0.577350269190   0.577350269190   0.577350269190
         0,  204  -0.000000000000  -0.707106781187   0.707106781187
                   0.577350269190   0.577350269190   0.577350269190
0,  204 8645.634956479100 7452.633821978154 973.368245531600    1    7
         0,  203   0.000000000000   0.707106781187  -0.707106781187
                   0.577350269190   0.577350269190   0.577350269190
0,  205 2538.630005545213 1671.842087027775 9775.137325100774    1    7
         0,  206   0.707106781187   0.000000000000  -0.707106781187
                   0.577350269190   0.577350269190   0.577350269190
0,  206 2915.364412420686 1761.536470145775 9308.708535107300    2    0
         0,  205  -0.707106781187  -0.000000000000   0.707106781187
                   0.577350269190   0.577350269190   0.577350269190
         0,  207   0.707106781187   0.000000000000  -0.707106781187
                   0.577350269190   0.577350269190   0.577350269190
0,  207 3292.098819296159 1851.230853263774 8842.279745113829    2    0
         0,  206  -0.707106781187  -0.000000000000   0.707106781187
                   0.577350269190   0.577350269190   0.577350269190
         0,  208   0.707106781187   0.000000000000  -0.707106781187
                   0.577350269190   0.577350269190   0.577350269190
0,  208 3668.833226171633 1940.925236381774 8375.850955120355    2    0
         0,  207  -0.707106781187  -0.000000000000   0.707106781187
                   0.577350269190   0.577350269190   0.577350269190
         0,  209   0.707106781187   0.000000000000  -0.707106781187
                   0.577350269190   0.577350269190   0.577350269190
0,  209 4045.567633047106 2030.619619499773 7909.422165126882    1    7
         0,  208  -0.707106781187  -0.000000000000   0.707106781187
                   0.577350269190   0.577350269190   0.577350269190
0,  210 8663.852340614507 1427.358597900429 1232.471629680238    1    7
         0,  211  -0.707106781187  -0.707106781187  -0.000000000000
                  -0.577350269190   0.577350269190   0.577350269190
0,  211 8113.278976768031 1170.141093054670 939.115770679522    2    0
         0,  210   0.707106781187   0.707106781187   0.000000000000
                  -0.577350269190   0.577350269190   0.577350269190
         0,  212  -0.707106781187  -0.707106781187  -0.000000000000
                  -0.577350269190   0.577350269190   0.577350269190
0,  212 7562.705612921555 912.923588208911 645.759911678805    2    0
         0,  211   0.707106781187   0.707106781187   0.000000000000
                  -0.577350269190   0.577350269190   0.577350269190
         0,  213  -0.707106781187  -0.707106781187  -0.000000000000
                  -0.577350269190   0.577350269190   0.577350269190
0,  213 7012.132249075079 655.706083363152 352.404052678088    2    0
         0,  212   0.707106781187   0.707106781187   0.000000000000
                  -0.577350269190   0.577350269190   0.577350269190
         0,  214  -0.707106781187  -0.707106781187  -0.000000000000
                  -0.577350269190   0.577350269190   0.577350269190
0,  214 6461.558885228604 398.488578517393  59.048193677371    1    7
         0,  213   0.707106781187   0.707106781187   0.000000000000
                  -0.577350269190   0.577350269190   0.577350269190
0,  215 10090.185090247494 3911.961640536261 10357.643359787773    1    7
         0,  216   0.707106781187   0.000000000000   0.707106781187
                  -0.577350269190   0.577350269190   0.577350269190
0,  216 9543.915586715611 3571.218612114154 10152.116884677998    2    0
         0,  215  -0.707106781187  -0.000000000000  -0.707106781187
                  -0.577350269190   0.577350269190   0.577350269190
         0,  217   0.707106781187   0.000000000000   0.707106781187
                  -0.577350269190   0.577350269190   0.577350269190
0,  217 8997.646083183728 3230.475583692047 9946.590409568222    2    0
         0,  216  -0.707106781187  -0.000000000000  -0.707106781187
                  -0.577350269190   0.577350269190   0.577350269190
         0,  218   0.707106781187   0.000000000000   0.707106781187
                  -0.577350269190   0.577350269190   0.577350269190
0,  218 8451.376579651846 2889.732555269939 9741.063934458447    2    0
         0,  217  -0.707106781187  -0.000000000000  -0.707106781187
                  -0.577350269190   0.577350269190   0.577350269190
         0,  219   0.707106781187   0.000000000000   0.707106781187
                  -0.577350269190   0.577350269190   0.577350269190
0,  219 7905.107076119963 2548.989526847832 9535.537459348672    1    7
         0,  218  -0.707106781187  -0.000000000000  -0.707106781187
                  -0.577350269190   0.577350269190   0.577350269190
0,  220 10871.601696439577 8103.277227498344 8780.192939856168    1    7
         0,  221  -0.707106781187  -0.000000000000  -0.707106781187
                  -0.577350269190   0.577350269190   0.577350269190
0,  221 10954.232114857954 8491.575556617552 8474.525029155335    2    0
         0,  220   0.707106781187   0.000000000000   0.707106781187
                  -0.577350269190   0.577350269190   0.577350269190
         0,  222  -0.707106781187  -0.000000000000  -0.707106781187
                  -0.577350269190   0.577350269190   0.577350269190
0,  222 11036.862533276331 8879.873885736763 8168.857118454504    2    0
         0,  221   0.707106781187   0.000000000000   0.707106781187
                  -0.577350269190   0.577350269190   0.577350269190
         0,  223  -0.707106781187  -0.000000000000  -0.707106781187
                  -0.577350269190   0.577350269190   0.577350269190
0,  223 11119.492951694709 9268.172214855971 7863.189207753671    2    0
         0,  222   0.707106781187   0.000000000000   0.707106781187
                  -0.577350269190   0.577350269190   0.577350269190
         0,  224  -0.707106781187  -0.000000000000  -0.707106781187
                  -0.577350269190   0.577350269190   0.577350269190
0,  224 11202.123370113086 9656.470543975181 7557.521297052839    1    7
         0,  223   0.707106781187   0.000000000000   0.707106781187
                  -0.577350269190   0.577350269190   0.577350269190
0,  225 2086.019332771746 3525.004755469616 6374.998298981288    1    7
         0,  226   0.707106781187  -0.707106781187   0.000000000000
                   0.577350269190   0.577350269190  -0.577350269190
0,  226 2513.572639774506 2947.940750378221 6225.487600892653    2    0
         0,  225  -0.707106781187   0.707106781187  -0.000000000000
                   0.577350269190   0.577350269190  -0.577350269190
         0,  227   0.707106781187  -0.707106781187   0.000000000000
                   0.577350269190   0.577350269190  -0.577350269190
0,  227 2941.125946777266 2370.876745286827 6075.976902804018    2    0
         0,  226  -0.707106781187   0.707106781187  -0.000000000000
                   0.577350269190   0.577350269190  -0.577350269190
         0,  228   0.707106781187  -0.707106781187   0.000000000000
                   0.577350269190   0.577350269190  -0.577350269190
0,  228 3368.679253780026 1793.812740195433 5926.466204715384    2    0
         0,  227  -0.707106781187   0.707106781187  -0.000000000000
                   0.577350269190   0.577350269190  -0.577350269190
         0,  229   0.707106781187  -0.707106781187   0.000000000000
                   0.577350269190   0.577350269190  -0.577350269190
0,  229 3796.232560782786 1216.748735104038 5776.955506626749    1    7
         0,  228  -0.707106781187   0.707106781187  -0.000000000000
                   0.577350269190   0.577350269190  -0.577350269190
0,  230 8761.869528779600 1784.797471635438 7159.037775297846    1    7
         0,  231  -0.000000000000  -0.707106781187  -0.707106781187
                   0.577350269190   0.577350269190  -0.577350269190
0,  231 9200.321970193951 1922.090394945373 7734.783140022131    2    0
         0,  230   0.000000000000   0.707106781187   0.707106781187
                   0.577350269190   0.577350269190  -0.577350269190
         0,  232  -0.000000000000  -0.707106781187  -0.707106781187
                   0.577350269190   0.577350269190  -0.577350269190
0,  232 9638.774411608301 2059.383318255308 8310.528504746417    2    0
         0,  231   0.000000000000   0.707106781187   0.707106781187
                   0.577350269190   0.577350269190  -0.577350269190
         0,  233  -0.000000000000  -0.707106781187  -0.707106781187
                   0.577350269190   0.577350269190  -0.577350269190
0,  233 10077.226853022650 2196.676241565244 8886.273869470702    2    0
         0,  232   0.000000000000   0.707106781187   0.707106781187
                   0.577350269190   0.577350269190  -0.577350269190
         0,  234  -0.000000000000  -0.707106781187  -0.707106781187
                   0.577350269190   0.577350269190  -0.577350269190
0,  234 10515.679294437001 2333.969164875180 9462.019234194988    1    7
         0,  233   0.000000000000   0.707106781187   0.707106781187
                   0.577350269190   0.577350269190  -0.577350269190
0,  235 8726.103947014475 10296.568824814771 6788.736556971849    1    7
         0,  236  -0.707106781187  -0.000000000000  -0.707106781187
                   0.577350269190   0.577350269190  -0.577350269190
0,  236 8576.984585679240 10682.490063441504 7025.538434263347    2    0
         0,  235   0.707106781187   0.000000000000   0.707106781187
                   0.577350269190   0.577350269190  -0.577350269190
         0,  237  -0.707106781187  -0.000000000000  -0.707106781187
                   0.577350269190   0.577350269190  -0.577350269190
0,  237 8427.865224344003 11068.411302068240 7262.340311554845    2    0
         0,  236   0.707106781187   0.000000000000   0.707106781187
                   0.577350269190   0.577350269190  -0.577350269190
         0,  238  -0.707106781187  -0.000000000000  -0.707106781187
                   0.577350269190   0.577350269190  -0.577350269190
0,  238 8278.745863008768 11454.332540694973 7499.142188846344    2    0
         0,  237   0.707106781187   0.000000000000   0.707106781187
                   0.577350269190   0.577350269190  -0.577350269190
         0,  239  -0.707106781187  -0.000000000000  -0.707106781187
                   0.577350269190   0.577350269190  -0.577350269190
0,  239 8129.626501673531 11840.253779321709 7735.944066137841    1    7
         0,  238   0.707106781187   0.000000000000   0.707106781187
                   0.577350269190   0.577350269190  -0.577350269190
0,  240 2423.878610205448 9447.352069595459 8733.656606660094    1    7
         0,  241   0.707106781187   0.000000000000   0.707106781187
                   0.577350269190   0.577350269190  -0.577350269190
0,  241 1924.314024238363 9788.078118251118 8574.818069348667    2    0
         0,  240  -0.707106781187  -0.000000000000  -0.707106781187
                   0.577350269190   0.577350269190  -0.577350269190
         0,  242   0.707106781187   0.000000000000   0.707106781187
                   0.577350269190   0.577350269190  -0.577350269190
0,  242 1424.749438271278 10128.804166906775 8415.979532037240    2    0
         0,  241  -0.707106781187  -0.000000000000  -0.707106781187
                   0.577350269190   0.577350269190  -0.577350269190
         0,  243   0.707106781187   0.000000000000   0.707106781187
                   0.577350269190   0.577350269190  -0.577350269190
0,  243 925.184852304193 10469.530215562434 8257.140994725814    2    0
         0,  242  -0.707106781187  -0.000000000000  -0.707106781187
                   0.577350269190   0.577350269190  -0.577350269190
         0,  244   0.707106781187   0.000000000000   0.707106781187
                   0.577350269190   0.577350269190  -0.577350269190
0,  244 425.620266337108 10810.256264218093 8098.302457414387    1    7
         0,  243  -0.707106781187  -0.000000000000  -0.707106781187
                   0.577350269190   0.577350269190  -0.577350269190
0,  245 1799.842421807668 10608.804028684459 6076.218173144165    1    7
         0,  246   0.707106781187   0.000000000000  -0.707106781187
                   0.577350269190  -0.577350269190   0.577350269190
0,  246 2360.233177955469 10914.599718971294 5821.623107283199    2    0
         0,  245  -0.707106781187  -0.000000000000   0.707106781187
                   0.577350269190  -0.577350269190   0.577350269190
         0,  247   0.707106781187   0.000000000000  -0.707106781187
                   0.577350269190  -0.577350269190   0.577350269190
0,  247 2920.623934103270 11220.395409258128 5567.028041422233    2    0
         0,  246  -0.707106781187  -0.000000000000   0.707106781187
                   0.577350269190  -0.577350269190   0.577350269190
         0,  248   0.707106781187   0.000000000000  -0.707106781187
                   0.577350269190  -0.577350269190   0.577350269190
0,  248 3481.014690251071 11526.191099544963 5312.432975561267    2    0
         0,  247  -0.707106781187  -0.000000000000   0.707106781187
                   0.577350269190  -0.577350269190   0.577350269190
         0,  249   0.707106781187   0.000000000000  -0.707106781187
                   0.577350269190  -0.577350269190   0.577350269190
0,  249 4041.405446398871 11831.986789831797 5057.837909700302    1    7
         0,  248  -0.707106781187  -0.000000000000   0.707106781187
                   0.577350269190  -0.577350269190   0.577350269190
0,  250 6007.243234971300 2080.574596114893 11502.704572624289    1    7
         0,  251   0.000000000000   0.707106781187   0.707106781187
                   0.577350269190  -0.577350269190   0.577350269190
0,  251 6395.643091132112 1983.478718992781 11017.208839341365    2    0
         0,  250  -0.000000000000  -0.707106781187  -0.707106781187
                   0.577350269190  -0.577350269190   0.577350269190
         0,  252   0.000000000000   0.707106781187   0.707106781187
                   0.577350269190  -0.577350269190   0.577350269190
0,  252 6784.042947292925 1886.382841870670 10531.713106058442    2    0
         0,  251  -0.000000000000  -0.707106781187  -0.707106781187
                   0.577350269190  -0.577350269190   0.577350269190
         0,  253   0.000000000000   0.707106781187   0.707106781187
                   0.577350269190  -0.577350269190   0.577350269190
0,  253 7172.442803453736 1789.286964748559 10046.217372775518    2    0
         0,  252  -0.000000000000  -0.707106781187  -0.707106781187
                   0.577350269190  -0.577350269190   0.577350269190
         0,  254   0.000000000000   0.707106781187   0.707106781187
                   0.577350269190  -0.577350269190   0.577350269190
0,  254 7560.842659614548 1692.191087626447 9560.721639492594    1    7
         0,  253  -0.000000000000  -0.707106781187  -0.707106781187
                   0.577350269190  -0.577350269190   0.577350269190
0,  255 8680.283618770272 7216.865734146490 11437.160088793044    1    7
         0,  256  -0.000000000000  -0.707106781187   0.707106781187
                  -0.577350269190   0.577350269190   0.577350269190
0,  256 8472.731844269381 7449.917785146426 10996.556263292217    2    0
         0,  255   0.000000000000   0.707106781187  -0.707106781187
                  -0.577350269190   0.577350269190   0.577350269190
         0,  257  -0.000000000000  -0.707106781187   0.707106781187
                  -0.577350269190   0.577350269190   0.577350269190
0,  257 8265.180069768492 7682.969836146362 10555.952437791391    2    0
         0,  256   0.000000000000   0.707106781187  -0.707106781187
                  -0.577350269190   0.577350269190   0.577350269190
         0,  258  -0.000000000000  -0.707106781187   0.707106781187
                  -0.577350269190   0.577350269190   0.577350269190
0,  258 8057.628295267601 7916.021887146298 10115.348612290563    2    0
         0,  257   0.000000000000   0.707106781187  -0.707106781187
                  -0.577350269190   0.577350269190   0.577350269190
         0,  259  -0.000000000000  -0.707106781187   0.707106781187
                  -0.577350269190   0.577350269190   0.577350269190
0,  259 7850.076520766710 8149.073938146234 9674.744786789737    1    7
         0,  258   0.000000000000   0.707106781187  -0.707106781187
                  -0.577350269190   0.577350269190   0.577350269190
0,  260 4134.037452669108 6611.716723135976 1530.535420780375    1    7
         0,  261  -0.707106781187   0.707106781187  -0.000000000000
                   0.577350269190   0.577350269190   0.577350269190
0,  261 4588.111901491275 6184.374096942951 1503.803598151235    2    0
         0,  260   0.707106781187  -0.707106781187   0.000000000000
                   0.577350269190   0.577350269190   0.577350269190
         0,  262  -0.707106781187   0.707106781187  -0.000000000000
                   0.577350269190   0.577350269190   0.577350269190
0,  262 5042.186350313441 5757.031470749926 1477.071775522094    2    0
         0,  261   0.707106781187  -0.707106781187   0.000000000000
                   0.577350269190   0.577350269190   0.577350269190
         0,  263  -0.707106781187   0.707106781187  -0.000000000000
                   0.577350269190   0.577350269190   0.577350269190
0,  263 5496.260799135607 5329.688844556900 1450.339952892953    2    0
         0,  262   0.707106781187  -0.707106781187   0.000000000000
                   0.577350269190   0.577350269190   0.577350269190
         0,  264  -0.707106781187   0.707106781187  -0.000000000000
                   0.577350269190   0.577350269190   0.577350269190
0,  264 5950.335247957773 4902.346218363876 1423.608130263812    1    7
         0,  263   0.707106781187  -0.707106781187   0.000000000000
                   0.577350269190   0.577350269190   0.577350269190
0,  265 4125.250187484827 6236.536458842418 7842.330930217795    1    7
         0,  266  -0.707106781187  -0.000000000000   0.707106781187
                   0.577350269190  -0.577350269190   0.577350269190
0,  266 3961.970527647537 5764.118120330341 7533.192251543008    2    0
         0,  265   0.707106781187   0.000000000000  -0.707106781187
                   0.577350269190  -0.577350269190   0.577350269190
         0,  267  -0.707106781187  -0.000000000000   0.707106781187
                   0.577350269190  -0.577350269190   0.577350269190
0,  267 3798.690867810247 5291.699781818264 7224.053572868222    2    0
         0,  266   0.707106781187   0.000000000000  -0.707106781187
                   0.577350269190  -0.577350269190   0.577350269190
         0,  268  -0.707106781187  -0.000000000000   0.707106781187
                   0.577350269190  -0.577350269190   0.577350269190
0,  268 3635.411207972957 4819.281443306189 6914.914894193435    2    0
         0,  267   0.707106781187   0.000000000000  -0.707106781187
                   0.577350269190  -0.577350269190   0.577350269190
         0,  269  -0.707106781187  -0.000000000000   0.707106781187
                   0.577350269190  -0.577350269190   0.577350269190
0,  269 3472.131548135667 4346.863104794111 6605.776215518648    1    7
         0,  268   0.707106781187   0.000000000000  -0.707106781187
                   0.577350269190  -0.577350269190   0.577350269190
0,  270 4155.554638008779 3397.373561325440 7455.054159308569    1    7
         0,  271  -0.707106781187  -0.000000000000   0.707106781187
                   0.577350269190   0.577350269190   0.577350269190
0,  271 4626.185058029629 3149.619410755506 7232.177889857654    2    0
         0,  270   0.707106781187   0.000000000000  -0.707106781187
                   0.577350269190   0.577350269190   0.577350269190
         0,  272  -0.707106781187  -0.000000000000   0.707106781187
                   0.577350269190   0.577350269190   0.577350269190
0,  272 5096.815478050478 2901.865260185572 7009.301620406738    2    0
         0,  271   0.707106781187   0.000000000000  -0.707106781187
                   0.577350269190   0.577350269190   0.577350269190
         0,  273  -0.707106781187  -0.000000000000   0.707106781187
                   0.577350269190   0.577350269190   0.577350269190
0,  273 5567.445898071328 2654.111109615638 6786.425350955823    2    0
         0,  272   0.707106781187   0.000000000000  -0.707106781187
                   0.577350269190   0.577350269190   0.577350269190
         0,  274  -0.707106781187  -0.000000000000   0.707106781187
                   0.577350269190   0.577350269190   0.577350269190
0,  274 6038.076318092177 2406.356959045704 6563.549081504907    1    7
         0,  273   0.707106781187   0.000000000000  -0.707106781187
                   0.577350269190   0.577350269190   0.577350269190
0,  275 5858.537680732529 5202.516514843375 2643.486461440001    1    7
         0,  276  -0.707106781187   0.707106781187  -0.000000000000
                   0.577350269190   0.577350269190   0.577350269190
0,  276 5507.104842281205 5471.389227326182 2726.046587408518    2    0
         0,  275   0.707106781187  -0.707106781187   0.000000000000
                   0.577350269190   0.577350269190   0.577350269190
         0,  277  -0.707106781187   0.707106781187  -0.000000000000
                   0.577350269190   0.577350269190   0.577350269190
0,  277 5155.672003829882 5740.261939808988 2808.606713377035    2    0
         0,  276   0.707106781187  -0.707106781187   0.000000000000
                   0.577350269190   0.577350269190   0.577350269190
         0,  278  -0.707106781187   0.707106781187  -0.000000000000
                   0.577350269190   0.577350269190   0.577350269190
0,  278 4804.239165378558 6009.134652291796 2891.166839345552    2    0
         0,  277   0.707106781187  -0.707106781187   0.000000000000
                   0.577350269190   0.577350269190   0.577350269190
         0,  279  -0.707106781187   0.707106781187  -0.000000000000
                   0.577350269190   0.577350269190   0.577350269190
0,  279 4452.806326927234 6278.007364774602 2973.726965314069    1    7
         0,  278   0.707106781187  -0.707106781187   0.000000000000
                   0.577350269190   0.577350269190   0.577350269190
0,  280 8727.726903316629 8341.588670261746 8074.045378800114    1    7
         0,  281   0.707106781187   0.707106781187   0.000000000000
                   0.577350269190  -0.577350269190   0.577350269190
0,  281 8501.324827134682 7961.686565084756 7920.545349805071    2    0
         0,  280  -0.707106781187  -0.707106781187  -0.000000000000
                   0.577350269190  -0.577350269190   0.577350269190
         0,  282   0.707106781187   0.707106781187   0.000000000000
                   0.577350269190  -0.577350269190   0.577350269190
0,  282 8274.922750952735 7581.784459907766 7767.045320810027    2    0
         0,  281  -0.707106781187  -0.707106781187  -0.000000000000
                   0.577350269190  -0.577350269190   0.577350269190
         0,  283   0.707106781187   0.707106781187   0.000000000000
                   0.577350269190  -0.577350269190   0.577350269190
0,  283 8048.520674770788 7201.882354730776 7613.545291814984    2    0
         0,  282  -0.707106781187  -0.707106781187  -0.000000000000
                   0.577350269190  -0.577350269190   0.577350269190
         0,  284   0.707106781187   0.707106781187   0.000000000000
                   0.577350269190  -0.577350269190   0.577350269190
0,  284 7822.118598588841 6821.980249553785 7460.045262819940    1    7
         0,  283  -0.707106781187  -0.707106781187  -0.000000000000
                   0.577350269190  -0.577350269190   0.577350269190
0,  285 7549.043513748864 4936.737276039082 6625.894179482494    1    7
         0,  286  -0.000000000000  -0.707106781187   0.707106781187
                   0.577350269190   0.577350269190   0.577350269190
0,  286 7031.779179531634 5088.024534758351 6991.871254980454    2    0
         0,  285   0.000000000000   0.707106781187  -0.707106781187
                   0.577350269190   0.577350269190   0.577350269190
         0,  287  -0.000000000000  -0.707106781187   0.707106781187
                   0.577350269190   0.577350269190   0.577350269190
0,  287 6514.514845314405 5239.311793477621 7357.848330478414    2    0
         0,  286   0.000000000000   0.707106781187  -0.707106781187
                   0.577350269190   0.577350269190   0.577350269190
         0,  288  -0.000000000000  -0.707106781187   0.707106781187
                   0.577350269190   0.577350269190   0.577350269190
0,  288 5997.250511097175 5390.599052196892 7723.825405976373    2    0
         0,  287   0.000000000000   0.707106781187  -0.707106781187
                   0.577350269190   0.577350269190   0.577350269190
         0,  289  -0.000000000000  -0.707106781187   0.707106781187
                   0.577350269190   0.577350269190   0.577350269190
0,  289 5479.986176879946 5541.886310916161 8089.802481474333    1    7
         0,  288   0.000000000000   0.707106781187  -0.707106781187
                   0.577350269190   0.577350269190   0.577350269190
0,  290 5830.051282581246 10031.400679120468 3433.774852154011    1    7
         0,  291   0.707106781187   0.000000000000  -0.707106781187
                   0.577350269190   0.577350269190   0.577350269190
0,  291 6040.672346991428 9538.710193100018 3715.844273764280    2    0
         0,  290  -0.707106781187  -0.000000000000   0.707106781187
                   0.577350269190   0.577350269190   0.577350269190
         0,  292   0.707106781187   0.000000000000  -0.707106781187
                   0.577350269190   0.577350269190   0.577350269190
0,  292 6251.293411401610 9046.019707079566 3997.913695374549    2    0
         0,  291  -0.707106781187  -0.000000000000   0.707106781187
                   0.577350269190   0.577350269190   0.577350269190
         0,  293   0.707106781187   0.000000000000  -0.707106781187
                   0.577350269190   0.577350269190   0.577350269190
0,  293 6461.914475811793 8553.329221059115 4279.983116984818    2    0
         0,  292  -0.707106781187  -0.000000000000   0.707106781187
                   0.577350269190   0.577350269190   0.577350269190
         0,  294   0.707106781187   0.000000000000  -0.707106781187
                   0.577350269190   0.577350269190   0.577350269190
0,  294 6672.535540221975 8060.638735038663 4562.052538595088    1    7
         0,  293  -0.707106781187  -0.000000000000   0.707106781187
                   0.577350269190   0.577350269190   0.577350269190
0,  295 1389.166995890034 768.142431034367 10354.724453844008    1    7
         0,  296  -0.000000000000  -0.707106781187   0.707106781187
                  -0.577350269190   0.577350269190   0.577350269190
0,  296 1403.618364090892 1115.218645103027 10022.099607976206    2    0
         0,  295   0.000000000000   0.707106781187  -0.707106781187
                  -0.577350269190   0.577350269190   0.577350269190
         0,  297  -0.000000000000  -0.707106781187   0.707106781187
                  -0.577350269190   0.577350269190   0.577350269190
0,  297 1418.069732291750 1462.294859171687 9689.474762108404    2    0
         0,  296   0.000000000000   0.707106781187  -0.707106781187
                  -0.577350269190   0.577350269190   0.577350269190
         0,  298  -0.000000000000  -0.707106781187   0.707106781187
                  -0.577350269190   0.577350269190   0.577350269190
0,  298 1432.521100492608 1809.371073240347 9356.849916240602    2    0
         0,  297   0.000000000000   0.707106781187  -0.707106781187
                  -0.577350269190   0.577350269190   0.577350269190
         0,  299  -0.000000000000  -0.707106781187   0.707106781187
                  -0.577350269190   0.577350269190   0.577350269190
0,  299 1446.972468693466 2156.447287309006 9024.225070372802    1    7
         0,  298   0.000000000000   0.707106781187  -0.707106781187
                  -0.577350269190   0.577350269190   0.577350269190
0,  300 4465.717477793838 1739.232260094394 3363.229271057008    1    7
         0,  301  -0.707106781187  -0.000000000000  -0.707106781187
                   0.577350269190   0.577350269190  -0.577350269190
0,  301 4300.499655250660 2237.858333779270 3696.637522198705    2    0
         0,  300   0.707106781187   0.000000000000   0.707106781187
                   0.577350269190   0.577350269190  -0.577350269190
         0,  302  -0.707106781187  -0.000000000000  -0.707106781187
                   0.577350269190   0.577350269190  -0.577350269190
0,  302 4135.281832707481 2736.484407464146 4030.045773340403    2    0
         0,  301   0.707106781187   0.000000000000   0.707106781187
                   0.577350269190   0.577350269190  -0.577350269190
         0,  303  -0.707106781187  -0.000000000000  -0.707106781187
                   0.577350269190   0.577350269190  -0.577350269190
0,  303 3970.064010164303 3235.110481149021 4363.454024482100    2    0
         0,  302   0.707106781187   0.000000000000   0.707106781187
                   0.577350269190   0.577350269190  -0.577350269190
         0,  304  -0.707106781187  -0.000000000000  -0.707106781187
                   0.577350269190   0.577350269190  -0.577350269190
0,  304 3804.846187621124 3733.736554833898 4696.862275623797    1    7
         0,  303   0.707106781187   0.000000000000   0.707106781187
                   0.577350269190   0.577350269190  -0.577350269190
0,  305 9064.442344265217 10335.710891341323 4120.511126502875    1    7
         0,  306   0.707106781187   0.000000000000   0.707106781187
                   0.577350269190   0.577350269190  -0.577350269190
0,  306 9336.907133012624 10308.079369596489 4365.344393505449    2    0
         0,  305  -0.707106781187  -0.000000000000  -0.707106781187
                   0.577350269190   0.577350269190  -0.577350269190
         0,  307   0.707106781187   0.000000000000   0.707106781187
                   0.577350269190   0.577350269190  -0.577350269190
0,  307 9609.371921760032 10280.447847851658 4610.177660508024    2    0
         0,  306  -0.707106781187  -0.000000000000  -0.707106781187
                   0.577350269190   0.577350269190  -0.577350269190
         0,  308   0.707106781187   0.000000000000   0.707106781187
                   0.577350269190   0.577350269190  -0.577350269190
0,  308 9881.836710507441 10252.816326106824 4855.010927510599    2    0
         0,  307  -0.707106781187  -0.000000000000  -0.707106781187
                   0.577350269190   0.577350269190  -0.577350269190
         0,  309   0.707106781187   0.000000000000   0.707106781187
                   0.577350269190   0.577350269190  -0.577350269190
0,  309 10154.301499254849 10225.184804361990 5099.844194513174    1    7
         0,  308  -0.707106781187  -0.000000000000  -0.707106781187
                   0.577350269190   0.577350269190  -0.577350269190
0,  310 1334.478135492307 3586.990046637193 11602.276924190915    1    7
         0,  311  -0.707106781187  -0.707106781187  -0.000000000000
                  -0.577350269190   0.577350269190   0.577350269190
0,  311 1558.756555470035 4141.652835110691 11271.892555695145    2    0
         0,  310   0.707106781187   0.707106781187   0.000000000000
                  -0.577350269190   0.577350269190   0.577350269190
         0,  312  -0.707106781187  -0.707106781187  -0.000000000000
                  -0.577350269190   0.577350269190   0.577350269190
0,  312 1783.034975447763 4696.315623584189 10941.508187199375    2    0
         0,  311   0.707106781187   0.707106781187   0.000000000000
                  -0.577350269190   0.577350269190   0.577350269190
         0,  313  -0.707106781187  -0.707106781187  -0.000000000000
                  -0.577350269190   0.577350269190   0.577350269190
0,  313 2007.313395425491 5250.978412057687 10611.123818703605    2    0
         0,  312   0.707106781187   0.707106781187   0.000000000000
                  -0.577350269190   0.577350269190   0.577350269190
         0,  314  -0.707106781187  -0.707106781187  -0.000000000000
                  -0.577350269190   0.577350269190   0.577350269190
0,  314 2231.591815403219 5805.641200531185 10280.739450207837    1    7
         0,  313   0.707106781187   0.707106781187   0.000000000000
                  -0.577350269190   0.577350269190   0.577350269190
0,  315 8881.285213513273 7355.817309935949 4849.284940725668    1    7
         0,  316  -0.000000000000  -0.707106781187  -0.707106781187
                   0.577350269190   0.577350269190  -0.577350269190
0,  316 8404.101874255774 7760.922303063246 4777.206594595466    2    0
         0,  315   0.000000000000   0.707106781187   0.707106781187
                   0.577350269190   0.577350269190  -0.577350269190
         0,  317  -0.000000000000  -0.707106781187  -0.707106781187
                   0.577350269190   0.577350269190  -0.577350269190
0,  317 7926.918534998275 8166.027296190542 4705.128248465264    2    0
         0,  316   0.000000000000   0.707106781187   0.707106781187
                   0.577350269190   0.577350269190  -0.577350269190
         0,  318  -0.000000000000  -0.707106781187  -0.707106781187
                   0.577350269190   0.577350269190  -0.577350269190
0,  318 7449.735195740776 8571.132289317839 4633.049902335061    2    0
         0,  317   0.000000000000   0.707106781187   0.707106781187
                   0.577350269190   0.577350269190  -0.577350269190
         0,  319  -0.000000000000  -0.707106781187  -0.707106781187
                   0.577350269190   0.577350269190  -0.577350269190
0,  319 6972.551856483278 8976.237282445136 4560.971556204860    1    7
         0,  318   0.000000000000   0.707106781187   0.707106781187
                   0.577350269190   0.577350269190  -0.577350269190
0,  320 2183.574443893207 5416.177981739350 1951.611664802322    1    7
         0,  321   0.707106781187   0.707106781187   0.000000000000
                   0.577350269190  -0.577350269190   0.577350269190
0,  321 2584.411860540882 5849.527529381291 1984.123795796588    2    0
         0,  320  -0.707106781187  -0.707106781187  -0.000000000000
                   0.577350269190  -0.577350269190   0.577350269190
         0,  322   0.707106781187   0.707106781187   0.000000000000
                   0.577350269190  -0.577350269190   0.577350269190
0,  322 2985.249277188556 6282.877077023232 2016.635926790854    2    0
         0,  321  -0.707106781187  -0.707106781187  -0.000000000000
                   0.577350269190  -0.577350269190   0.577350269190
         0,  323   0.707106781187   0.707106781187   0.000000000000
                   0.577350269190  -0.577350269190   0.577350269190
0,  323 3386.086693836231 6716.226624665173 2049.148057785120    2    0
         0,  322  -0.707106781187  -0.707106781187  -0.000000000000
                   0.577350269190  -0.577350269190   0.577350269190
         0,  324   0.707106781187   0.707106781187   0.000000000000
                   0.577350269190  -0.577350269190   0.577350269190
0,  324 3786.924110483907 7149.576172307115 2081.660188779386    1    7
         0,  323  -0.707106781187  -0.707106781187  -0.000000000000
                   0.577350269190  -0.577350269190   0.577350269190
0,  325 11932.792045818711 6681.484729650432 10334.309766171862    1    7
         0,  326  -0.707106781187   0.707106781187  -0.000000000000
                   0.577350269190   0.577350269190  -0.577350269190
0,  326 11575.587732771592 6689.103005589584 9984.723729063897    2    0
         0,  325   0.707106781187  -0.707106781187   0.000000000000
                   0.577350269190   0.577350269190  -0.577350269190
         0,  327  -0.707106781187   0.707106781187  -0.000000000000
                   0.577350269190   0.577350269190  -0.577350269190
0,  327 11218.383419724474 6696.721281528738 9635.137691955930    2    0
         0,  326   0.707106781187  -0.707106781187   0.000000000000
                   0.577350269190   0.577350269190  -0.577350269190
         0,  328  -0.707106781187   0.707106781187  -0.000000000000
                   0.577350269190   0.577350269190  -0.577350269190
0,  328 10861.179106677355 6704.339557467890 9285.551654847965    2    0
         0,  327   0.707106781187  -0.707106781187   0.000000000000
                   0.577350269190   0.577350269190  -0.577350269190
         0,  329  -0.707106781187   0.707106781187  -0.000000000000
                   0.577350269190   0.577350269190  -0.577350269190
0,  329 10503.974793630237 6711.957833407043 8935.965617739999    1    7
         0,  328   0.707106781187  -0.707106781187   0.000000000000
                   0.577350269190   0.577350269190  -0.577350269190
0,  330 5231.858939925983 3850.423638301584 2678.941206348232    1    7
         0,  331   0.707106781187   0.707106781187   0.000000000000
                  -0.577350269190   0.577350269190   0.577350269190
0,  331 5325.942748203898 4410.426972297981 2213.021680629751    2    0
         0,  330  -0.707106781187  -0.707106781187  -0.000000000000
                  -0.577350269190   0.577350269190   0.577350269190
         0,  332   0.707106781187   0.707106781187   0.000000000000
                  -0.577350269190   0.577350269190   0.577350269190
0,  332 5420.026556481814 4970.430306294377 1747.102154911270    2    0
         0,  331  -0.707106781187  -0.707106781187  -0.000000000000
                  -0.577350269190   0.577350269190   0.577350269190
         0,  333   0.707106781187   0.707106781187   0.000000000000
                  -0.577350269190   0.577350269190   0.577350269190
0,  333 5514.110364759729 5530.433640290774 1281.182629192789    2    0
         0,  332  -0.707106781187  -0.707106781187  -0.000000000000
                  -0.577350269190   0.577350269190   0.577350269190
         0,  334   0.707106781187   0.707106781187   0.000000000000
                  -0.577350269190   0.577350269190   0.577350269190
0,  334 5608.194173037644 6090.436974287170 815.263103474308    1    7
         0,  333  -0.707106781187  -0.707106781187  -0.000000000000
                  -0.577350269190   0.577350269190   0.577350269190
0,  335 4747.916139725639 2789.048260987202 2037.756408566399    1    7
         0,  336  -0.707106781187   0.707106781187  -0.000000000000
                   0.577350269190   0.577350269190  -0.577350269190
0,  336 5230.855200972079 2502.435685067996 2234.082893893633    2    0
         0,  335   0.707106781187  -0.707106781187   0.000000000000
                   0.577350269190   0.577350269190  -0.577350269190
         0,  337  -0.707106781187   0.707106781187  -0.000000000000
                   0.577350269190   0.577350269190  -0.577350269190
0,  337 5713.794262218517 2215.823109148791 2430.409379220867    2    0
         0,  336   0.707106781187  -0.707106781187   0.000000000000
                   0.577350269190   0.577350269190  -0.577350269190
         0,  338  -0.707106781187   0.707106781187  -0.000000000000
                   0.577350269190   0.577350269190  -0.577350269190
0,  338 6196.733323464957 1929.210533229586 2626.735864548101    2    0
         0,  337   0.707106781187  -0.707106781187   0.000000000000
                   0.577350269190   0.577350269190  -0.577350269190
         0,  339  -0.707106781187   0.707106781187  -0.000000000000
                   0.577350269190   0.577350269190  -0.577350269190
0,  339 6679.672384711395 1642.597957310381 2823.062349875335    1    7
         0,  338   0.707106781187  -0.707106781187   0.000000000000
                   0.577350269190   0.577350269190  -0.577350269190
0,  340 3722.607031640287 4702.953262589120 6149.246003921549    1    7
         0,  341  -0.707106781187  -0.707106781187  -0.000000000000
                   0.577350269190  -0.577350269190   0.577350269190
0,  341 3423.721368080775 4284.780454798604 6029.958859690546    2    0
         0,  340   0.707106781187   0.707106781187   0.000000000000
                   0.577350269190  -0.577350269190   0.577350269190
         0,  342  -0.707106781187  -0.707106781187  -0.000000000000
                   0.577350269190  -0.577350269190   0.577350269190
0,  342 3124.835704521263 3866.607647008088 5910.671715459543    2    0
         0,  341   0.707106781187   0.707106781187   0.000000000000
                   0.577350269190  -0.577350269190   0.577350269190
         0,  343  -0.707106781187  -0.707106781187  -0.000000000000
                   0.577350269190  -0.577350269190   0.577350269190
0,  343 2825.950040961751 3448.434839217573 5791.384571228539    2    0
         0,  342   0.707106781187   0.707106781187   0.000000000000
                   0.577350269190  -0.577350269190   0.577350269190
         0,  344  -0.707106781187  -0.707106781187  -0.000000000000
                   0.577350269190  -0.577350269190   0.577350269190
0,  344 2527.064377402239 3030.262031427057 5672.097426997536    1    7
         0,  343   0.707106781187   0.707106781187   0.000000000000
                   0.577350269190  -0.577350269190   0.577350269190
0,  345 2903.086737784895 4422.009254899038 10179.061270886959    1    7
         0,  346   0.707106781187   0.707106781187   0.000000000000
                  -0.577350269190   0.577350269190   0.577350269190
0,  346 2387.287903243569 3930.738317146101 10154.533374098572    2    0
         0,  345  -0.707106781187  -0.707106781187  -0.000000000000
                  -0.577350269190   0.577350269190   0.577350269190
         0,  347   0.707106781187   0.707106781187   0.000000000000
                  -0.577350269190   0.577350269190   0.577350269190
0,  347 1871.489068702244 3439.467379393163 10130.005477310184    2    0
         0,  346  -0.707106781187  -0.707106781187  -0.000000000000
                  -0.577350269190   0.577350269190   0.577350269190
         0,  348   0.707106781187   0.707106781187   0.000000000000
                  -0.577350269190   0.577350269190   0.577350269190
0,  348 1355.690234160918 2948.196441640226 10105.477580521794    2    0
         0,  347  -0.707106781187  -0.707106781187  -0.000000000000
                  -0.577350269190   0.577350269190   0.577350269190
         0,  349   0.707106781187   0.707106781187   0.000000000000
                  -0.577350269190   0.577350269190   0.577350269190
0,  349 839.891399619593 2456.925503887288 10080.949683733406    1    7
         0,  348  -0.707106781187  -0.707106781187  -0.000000000000
                  -0.577350269190   0.577350269190   0.577350269190
0,  350 6855.317006412195 9243.350718554027 2208.279962039412    1    7
         0,  351  -0.707106781187   0.707106781187  -0.000000000000
                   0.577350269190   0.577350269190   0.577350269190
0,  351 7310.186853780329 9188.786464599878 1807.974368625426    2    0
         0,  350   0.707106781187  -0.707106781187   0.000000000000
                   0.577350269190   0.577350269190   0.577350269190
         0,  352  -0.707106781187   0.707106781187  -0.000000000000
                   0.577350269190   0.577350269190   0.577350269190
0,  352 7765.056701148465 9134.222210645730 1407.668775211440    2    0
         0,  351   0.707106781187  -0.707106781187   0.000000000000
                   0.577350269190   0.577350269190   0.577350269190
         0,  353  -0.707106781187   0.707106781187  -0.000000000000
                   0.577350269190   0.577350269190   0.577350269190
0,  353 8219.926548516600 9079.657956691581 1007.363181797455    2    0
         0,  352   0.707106781187  -0.707106781187   0.000000000000
                   0.577350269190   0.577350269190   0.577350269190
         0,  354  -0.707106781187   0.707106781187  -0.000000000000
                   0.577350269190   0.577350269190   0.577350269190
0,  354 8674.796395884734 9025.093702737431 607.057588383469    1    7
         0,  353   0.707106781187  -0.707106781187   0.000000000000
                   0.577350269190   0.577350269190   0.577350269190
0,  355 3952.051677856113 10400.639511326377 5291.533296464417    1    7
         0,  356   0.000000000000   0.707106781187  -0.707106781187
                   0.577350269190   0.577350269190   0.577350269190
0,  356 4044.927190468838 10037.030946311374 5562.266348866696    2    0
         0,  355  -0.000000000000  -0.707106781187   0.707106781187
                   0.577350269190   0.577350269190   0.577350269190
         0,  357   0.000000000000   0.707106781187  -0.707106781187
                   0.577350269190   0.577350269190   0.577350269190
0,  357 4137.802703081563 9673.422381296368 5832.999401268975    2    0
         0,  356  -0.000000000000  -0.707106781187   0.707106781187
                   0.577350269190   0.577350269190   0.577350269190
         0,  358   0.000000000000   0.707106781187  -0.707106781187
                   0.577350269190   0.577350269190   0.577350269190
0,  358 4230.678215694288 9309.813816281365 6103.732453671254    2    0
         0,  357  -0.000000000000  -0.707106781187   0.707106781187
                   0.577350269190   0.577350269190   0.577350269190
         0,  359   0.000000000000   0.707106781187  -0.707106781187
                   0.577350269190   0.577350269190   0.577350269190
0,  359 4323.553728307013 8946.205251266359 6374.465506073533    1    7
         0,  358  -0.000000000000  -0.707106781187   0.707106781187
                   0.577350269190   0.577350269190   0.577350269190
0,  360 5270.440239292625 11125.086367579306 7170.752113227395    1    7
         0,  361  -0.000000000000  -0.707106781187  -0.707106781187
                   0.577350269190   0.577350269190  -0.577350269190
0,  361 5672.281833005369 10664.528789434507 7112.036128795339    2    0
         0,  360   0.000000000000   0.707106781187   0.707106781187
                   0.577350269190   0.577350269190  -0.577350269190
         0,  362  -0.000000000000  -0.707106781187  -0.707106781187
                   0.577350269190   0.577350269190  -0.577350269190
0,  362 6074.123426718113 10203.971211289709 7053.320144363284    2    0
         0,  361   0.000000000000   0.707106781187   0.707106781187
                   0.577350269190   0.577350269190  -0.577350269190
         0,  363  -0.000000000000  -0.707106781187  -0.707106781187
                   0.577350269190   0.577350269190  -0.577350269190
0,  363 6475.965020430856 9743.413633144908 6994.604159931228    2    0
         0,  362   0.000000000000   0.707106781187   0.707106781187
                   0.577350269190   0.577350269190  -0.577350269190
         0,  364  -0.000000000000  -0.707106781187  -0.707106781187
                   0.577350269190   0.577350269190  -0.577350269190
0,  364 6877.806614143599 9282.856055000109 6935.888175499173    1    7
         0,  363   0.000000000000   0.707106781187   0.707106781187
                   0.577350269190   0.577350269190  -0.577350269190
0,  365 5378.605982117521 5693.666492765327 1326.109339600967    1    7
         0,  366  -0.000000000000  -0.707106781187   0.707106781187
                  -0.577350269190   0.577350269190   0.577350269190
0,  366 5694.972978547511 6027.154186491247 1308.988642305038    2    0
         0,  365   0.000000000000   0.707106781187  -0.707106781187
                  -0.577350269190   0.577350269190   0.577350269190
         0,  367  -0.000000000000  -0.707106781187   0.707106781187
                  -0.577350269190   0.577350269190   0.577350269190
0,  367 6011.339974977500 6360.641880217167 1291.867945009107    2    0
         0,  366   0.000000000000   0.707106781187  -0.707106781187
                  -0.577350269190   0.577350269190   0.577350269190
         0,  368  -0.000000000000  -0.707106781187   0.707106781187
                  -0.577350269190   0.577350269190   0.577350269190
0,  368 6327.706971407490 6694.129573943085 1274.747247713178    2    0
         0,  367   0.000000000000   0.707106781187  -0.707106781187
                  -0.577350269190   0.577350269190   0.577350269190
         0,  369  -0.000000000000  -0.707106781187   0.707106781187
                  -0.577350269190   0.577350269190   0.577350269190
0,  369 6644.073967837479 7027.617267669005 1257.626550417248    1    7
         0,  368   0.000000000000   0.707106781187  -0.707106781187
                  -0.577350269190   0.577350269190   0.577350269190
0,  370 7007.393082272501 1974.192972967693 3450.153805575383    1    7
         0,  371   0.707106781187   0.000000000000   0.707106781187
                   0.577350269190   0.577350269190  -0.577350269190
0,  371 7242.398253977922 2205.790793329731 3916.756797642841    2    0
         0,  370  -0.707106781187  -0.000000000000  -0.707106781187
                   0.577350269190   0.577350269190  -0.577350269190
         0,  372   0.707106781187   0.000000000000   0.707106781187
                   0.577350269190   0.577350269190  -0.577350269190
0,  372 7477.403425683342 2437.388613691769 4383.359789710299    2    0
         0,  371  -0.707106781187  -0.000000000000  -0.707106781187
                   0.577350269190   0.577350269190  -0.577350269190
         0,  373   0.707106781187   0.000000000000   0.707106781187
                   0.577350269190   0.577350269190  -0.577350269190
0,  373 7712.408597388761 2668.986434053807 4849.962781777757    2    0
         0,  372  -0.707106781187  -0.000000000000  -0.707106781187
                   0.577350269190   0.577350269190  -0.577350269190
         0,  374   0.707106781187   0.000000000000   0.707106781187
                   0.577350269190   0.577350269190  -0.577350269190
0,  374 7947.413769094182 2900.584254415846 5316.565773845216    1    7
         0,  373  -0.707106781187  -0.000000000000  -0.707106781187
                   0.577350269190   0.577350269190  -0.577350269190
0,  375 9293.375634486547 5586.357900200901 3185.390132377332    1    7
         0,  376   0.707106781187   0.000000000000   0.707106781187
                   0.577350269190   0.577350269190  -0.577350269190
0,  376 9800.364029485616 5501.964967180874 3607.985594356374    2    0
         0,  375  -0.707106781187  -0.000000000000  -0.707106781187
                   0.577350269190   0.577350269190  -0.577350269190
         0,  377   0.707106781187   0.000000000000   0.707106781187
                   0.577350269190   0.577350269190  -0.577350269190
0,  377 10307.352424484687 5417.572034160848 4030.581056335417    2    0
         0,  376  -0.707106781187  -0.000000000000  -0.707106781187
                   0.577350269190   0.577350269190  -0.577350269190
         0,  378   0.707106781187   0.000000000000   0.707106781187
                   0.577350269190   0.577350269190  -0.577350269190
0,  378 10814.340819483756 5333.179101140820 4453.176518314460    2    0
         0,  377  -0.707106781187  -0.000000000000  -0.707106781187
                   0.577350269190   0.577350269190  -0.577350269190
         0,  379   0.707106781187   0.000000000000   0.707106781187
                   0.577350269190   0.577350269190  -0.577350269190
0,  379 11321.329214482825 5248.786168120794 4875.771980293503    1    7
         0,  378  -0.707106781187  -0.000000000000  -0.707106781187
                   0.577350269190   0.577350269190  -0.577350269190
0,  380 3034.783680693677 7630.608493782624 7658.408337432345    1    7
         0,  381   0.707106781187   0.707106781187   0.000000000000
                  -0.577350269190   0.577350269190   0.577350269190
0,  381 3317.926861379659 7929.198200549433 7642.961811351519    2    0
         0,  380  -0.707106781187  -0.707106781187  -0.000000000000
                  -0.577350269190   0.577350269190   0.577350269190
         0,  382   0.707106781187   0.707106781187   0.000000000000
                  -0.577350269190   0.577350269190   0.577350269190
0,  382 3601.070042065642 8227.787907316240 7627.515285270693    2    0
         0,  381  -0.707106781187  -0.707106781187  -0.000000000000
                  -0.577350269190   0.577350269190   0.577350269190
         0,  383   0.707106781187   0.707106781187   0.000000000000
                  -0.577350269190   0.577350269190   0.577350269190
0,  383 3884.213222751624 8526.377614083049 7612.068759189868    2    0
         0,  382  -0.707106781187  -0.707106781187  -0.000000000000
                  -0.577350269190   0.577350269190   0.577350269190
         0,  384   0.707106781187   0.707106781187   0.000000000000
                  -0.577350269190   0.577350269190   0.577350269190
0,  384 4167.356403437607 8824.967320849857 7596.622233109043    1    7
         0,  383  -0.707106781187  -0.707106781187  -0.000000000000
                  -0.577350269190   0.577350269190   0.577350269190
0,  385 5313.256165727264 9265.756144687120 9703.558444008167    1    7
         0,  386   0.000000000000   0.707106781187  -0.707106781187
                  -0.577350269190   0.577350269190   0.577350269190
0,  386 5543.529065683040 9169.483742120921 10030.103746530143    2    0
         0,  385  -0.000000000000  -0.707106781187   0.707106781187
                  -0.577350269190   0.577350269190   0.577350269190
         0,  387   0.000000000000   0.707106781187  -0.707106781187
                  -0.577350269190   0.577350269190   0.577350269190
0,  387 5773.801965638817 9073.211339554722 10356.649049052117    2    0
         0,  386  -0.000000000000  -0.707106781187   0.707106781187
                  -0.577350269190   0.577350269190   0.577350269190
         0,  388   0.000000000000   0.707106781187  -0.707106781187
                  -0.577350269190   0.577350269190   0.577350269190
0,  388 6004.074865594593 8976.938936988523 10683.194351574093    2    0
         0,  387  -0.000000000000  -0.707106781187   0.707106781187
                  -0.577350269190   0.577350269190   0.577350269190
         0,  389   0.000000000000   0.707106781187  -0.707106781187
                  -0.577350269190   0.577350269190   0.577350269190
0,  389 6234.347765550368 8880.666534422324 11009.739654096067    1    7
         0,  388  -0.000000000000  -0.707106781187   0.707106781187
                  -0.577350269190   0.577350269190   0.577350269190
0,  390 10504.830497571334 2638.058492955879 9082.416414874744    1    7
         0,  391   0.707106781187   0.000000000000  -0.707106781187
                   0.577350269190  -0.577350269190   0.577350269190
0,  391 10389.514546826867 2281.551987429381 8841.225860092713    2    0
         0,  390  -0.707106781187  -0.000000000000   0.707106781187
                   0.577350269190  -0.577350269190   0.577350269190
         0,  392   0.707106781187   0.000000000000  -0.707106781187
                   0.577350269190  -0.577350269190   0.577350269190
0,  392 10274.198596082402 1925.045481902884 8600.035305310683    2    0
         0,  391  -0.707106781187  -0.000000000000   0.707106781187
                   0.577350269190  -0.577350269190   0.577350269190
         0,  393   0.707106781187   0.000000000000  -0.707106781187
                   0.577350269190  -0.577350269190   0.577350269190
0,  393 10158.882645337935 1568.538976376387 8358.844750528651    2    0
         0,  392  -0.707106781187  -0.000000000000   0.707106781187
                   0.577350269190  -0.577350269190   0.577350269190
         0,  394   0.707106781187   0.000000000000  -0.707106781187
                   0.577350269190  -0.577350269190   0.577350269190
0,  394 10043.566694593468 1212.032470849890 8117.654195746622    1    7
         0,  393  -0.707106781187  -0.000000000000   0.707106781187
                   0.577350269190  -0.577350269190   0.577350269190
0,  395 6950.850815662704 11224.709423851511 11876.999148404362    1    7
         0,  396  -0.707106781187  -0.000000000000   0.707106781187
                   0.577350269190  -0.577350269190   0.577350269190
0,  396 7306.261945606170 11343.239761904708 11640.118356514093    2    0
         0,  395   0.707106781187   0.000000000000  -0.707106781187
                   0.577350269190  -0.577350269190   0.577350269190
         0,  397  -0.707106781187  -0.000000000000   0.707106781187
                   0.577350269190  -0.577350269190   0.577350269190
0,  397 7661.673075549637 11461.770099957903 11403.237564623822    2    0
         0,  396   0.707106781187   0.000000000000  -0.707106781187
                   0.577350269190  -0.577350269190   0.577350269190
         0,  398  -0.707106781187  -0.000000000000   0.707106781187
                   0.577350269190  -0.577350269190   0.577350269190
0,  398 8017.084205493104 11580.300438011100 11166.356772733550    2    0
         0,  397   0.707106781187   0.000000000000  -0.707106781187
                   0.577350269190  -0.577350269190   0.577350269190
         0,  399  -0.707106781187  -0.000000000000   0.707106781187
                   0.577350269190  -0.577350269190   0.577350269190
0,  399 8372.495335436570 11698.830776064297 10929.475980843281    1    7
         0,  398   0.707106781187   0.000000000000  -0.707106781187
                   0.577350269190  -0.577350269190   0.577350269190
0,  400 7553.124285442886 3892.853936014654 2512.192480231324    1    7
         0,  401   0.000000000000   0.707106781187   0.707106781187
                   0.577350269190  -0.577350269190   0.577350269190
0,  401 8047.409119621825 4096.147338526477 2221.201048564208    2    0
         0,  400  -0.000000000000  -0.707106781187  -0.707106781187
                   0.577350269190  -0.577350269190   0.577350269190
         0,  402   0.000000000000   0.707106781187   0.707106781187
                   0.577350269190  -0.577350269190   0.577350269190
0,  402 8541.693953800765 4299.440741038301 1930.209616897092    2    0
         0,  401  -0.000000000000  -0.707106781187  -0.707106781187
                   0.577350269190  -0.577350269190   0.577350269190
         0,  403   0.000000000000   0.707106781187   0.707106781187
                   0.577350269190  -0.577350269190   0.577350269190
0,  403 9035.978787979704 4502.734143550125 1639.218185229976    2    0
         0,  402  -0.000000000000  -0.707106781187  -0.707106781187
                   0.577350269190  -0.577350269190   0.577350269190
         0,  404   0.000000000000   0.707106781187   0.707106781187
                   0.577350269190  -0.577350269190   0.577350269190
0,  404 9530.263622158644 4706.027546061949 1348.226753562860    1    7
         0,  403  -0.000000000000  -0.707106781187  -0.707106781187
                   0.577350269190  -0.577350269190   0.577350269190
0,  405 6360.378917426095 11395.773751349838 6344.385183278313    1    7
         0,  406  -0.707106781187  -0.707106781187  -0.000000000000
                  -0.577350269190   0.577350269190   0.577350269190
0,  406 6134.834240207550 11517.078851125028 5997.535406284578    2    0
         0,  405   0.707106781187   0.707106781187   0.000000000000
                  -0.577350269190   0.577350269190   0.577350269190
         0,  407  -0.707106781187  -0.707106781187  -0.000000000000
                  -0.577350269190   0.577350269190   0.577350269190
0,  407 5909.289562989006 11638.383950900221 5650.685629290842    2    0
         0,  406   0.707106781187   0.707106781187   0.000000000000
                  -0.577350269190   0.577350269190   0.577350269190
         0,  408  -0.707106781187  -0.707106781187  -0.000000000000
                  -0.577350269190   0.577350269190   0.577350269190
0,  408 5683.744885770462 11759.689050675412 5303.835852297108    2    0
         0,  407   0.707106781187   0.707106781187   0.000000000000
                  -0.577350269190   0.577350269190   0.577350269190
         0,  409  -0.707106781187  -0.707106781187  -0.000000000000
                  -0.577350269190   0.577350269190   0.577350269190
0,  409 5458.200208551919 11880.994150450602 4956.986075303372    1    7
         0,  408   0.707106781187   0.707106781187   0.000000000000
                  -0.577350269190   0.577350269190   0.577350269190
0,  410 9051.249748319206 918.397202895102 6948.554612150700    1    7
         0,  411  -0.000000000000  -0.707106781187   0.707106781187
                  -0.577350269190   0.577350269190   0.577350269190
0,  411 9212.266913766187 1223.521668713307 6804.447311779477    2    0
         0,  410   0.000000000000   0.707106781187  -0.707106781187
                  -0.577350269190   0.577350269190   0.577350269190
         0,  412  -0.000000000000  -0.707106781187   0.707106781187
                  -0.577350269190   0.577350269190   0.577350269190
0,  412 9373.284079213170 1528.646134531513 6660.340011408254    2    0
         0,  411   0.000000000000   0.707106781187  -0.707106781187
                  -0.577350269190   0.577350269190   0.577350269190
         0,  413  -0.000000000000  -0.707106781187   0.707106781187
                  -0.577350269190   0.577350269190   0.577350269190
0,  413 9534.301244660151 1833.770600349718 6516.232711037032    2    0
         0,  412   0.000000000000   0.707106781187  -0.707106781187
                  -0.577350269190   0.577350269190   0.577350269190
         0,  414  -0.000000000000  -0.707106781187   0.707106781187
                  -0.577350269190   0.577350269190   0.577350269190
0,  414 9695.318410107135 2138.895066167924 6372.125410665808    1    7
         0,  413   0.000000000000   0.707106781187  -0.707106781187
                  -0.577350269190   0.577350269190   0.577350269190
0,  415 10044.201886040451 1309.482699296364 3875.416264543735    1    7
         0,  416  -0.000000000000  -0.707106781187   0.707106781187
                   0.577350269190   0.577350269190   0.577350269190
0,  416 9855.997953686832 1085.176887548224 4287.926008645492    2    0
         0,  415   0.000000000000   0.707106781187  -0.707106781187
                   0.577350269190   0.577350269190   0.577350269190
         0,  417  -0.000000000000  -0.707106781187   0.707106781187
                   0.577350269190   0.577350269190   0.577350269190
0,  417 9667.794021333215 860.871075800084 4700.435752747251    2    0
         0,  416   0.000000000000   0.707106781187  -0.707106781187
                   0.577350269190   0.577350269190   0.577350269190
         0,  418  -0.000000000000  -0.707106781187   0.707106781187
                   0.577350269190   0.577350269190   0.577350269190
0,  418 9479.590088979596 636.565264051944 5112.945496849009    2    0
         0,  417   0.000000000000   0.707106781187  -0.707106781187
                   0.577350269190   0.577350269190   0.577350269190
         0,  419  -0.000000000000  -0.707106781187   0.707106781187
                   0.577350269190   0.577350269190   0.577350269190
0,  419 9291.386156625978 412.259452303805 5525.455240950767    1    7
         0,  418   0.000000000000   0.707106781187  -0.707106781187
                   0.577350269190   0.577350269190   0.577350269190
0,  420 8376.414837819633 9186.770311537355 8293.412038189314    1    7
         0,  421  -0.707106781187  -0.707106781187  -0.000000000000
                  -0.577350269190   0.577350269190   0.577350269190
0,  421 8191.469805318978 8669.494787715377 8625.742529510635    2    0
         0,  420   0.707106781187   0.707106781187   0.000000000000
                  -0.577350269190   0.577350269190   0.577350269190
         0,  422  -0.707106781187  -0.707106781187  -0.000000000000
                  -0.577350269190   0.577350269190   0.577350269190
0,  422 8006.524772818323 8152.219263893400 8958.073020831958    2    0
         0,  421   0.707106781187   0.707106781187   0.000000000000
                  -0.577350269190   0.577350269190   0.577350269190
         0,  423  -0.707106781187  -0.707106781187  -0.000000000000
                  -0.577350269190   0.577350269190   0.577350269190
0,  423 7821.579740317668 7634.943740071423 9290.403512153280    2    0
         0,  422   0.707106781187   0.707106781187   0.000000000000
                  -0.577350269190   0.577350269190   0.577350269190
         0,  424  -0.707106781187  -0.707106781187  -0.000000000000
                  -0.577350269190   0.577350269190   0.577350269190
0,  424 7636.634707817013 7117.668216249445 9622.734003474601    1    7
         0,  423   0.707106781187   0.707106781187   0.000000000000
                  -0.577350269190   0.577350269190   0.577350269190
0,  425 8941.578515651081 512.351873914217 3362.238071854033    1    7
         0,  426  -0.707106781187  -0.000000000000  -0.707106781187
                  -0.577350269190   0.577350269190   0.577350269190
0,  426 9162.424409645735 908.422459170433 3187.013380592472    2    0
         0,  425   0.707106781187   0.000000000000   0.707106781187
                  -0.577350269190   0.577350269190   0.577350269190
         0,  427  -0.707106781187  -0.000000000000  -0.707106781187
                  -0.577350269190   0.577350269190   0.577350269190
0,  427 9383.270303640391 1304.493044426648 3011.788689330911    2    0
         0,  426   0.707106781187   0.000000000000   0.707106781187
                  -0.577350269190   0.577350269190   0.577350269190
         0,  428  -0.707106781187  -0.000000000000  -0.707106781187
                  -0.577350269190   0.577350269190   0.577350269190
0,  428 9604.116197635045 1700.563629682864 2836.563998069350    2    0
         0,  427   0.707106781187   0.000000000000   0.707106781187
                  -0.577350269190   0.577350269190   0.577350269190
         0,  429  -0.707106781187  -0.000000000000  -0.707106781187
                  -0.577350269190   0.577350269190   0.577350269190
0,  429 9824.962091629701 2096.634214939080 2661.339306807789    1    7
         0,  428   0.707106781187   0.000000000000   0.707106781187
                  -0.577350269190   0.577350269190   0.577350269190
0,  430  52.512992687425 7122.709682588084 8895.640174183596    1    7
         0,  431   0.707106781187   0.000000000000  -0.707106781187
                   0.577350269190  -0.577350269190   0.577350269190
0,  431 147.253700024431 6647.631436647282 8325.821220905787    2    0
         0,  430  -0.707106781187  -0.000000000000   0.707106781187
                   0.577350269190  -0.577350269190   0.577350269190
         0,  432   0.707106781187   0.000000000000  -0.707106781187
                   0.577350269190  -0.577350269190   0.577350269190
0,  432 241.994407361437 6172.553190706481 7756.002267627980    2    0
         0,  431  -0.707106781187  -0.000000000000   0.707106781187
                   0.577350269190  -0.577350269190   0.577350269190
         0,  433   0.707106781187   0.000000000000  -0.707106781187
                   0.577350269190  -0.577350269190   0.577350269190
0,  433 336.735114698444 5697.474944765680 7186.183314350172    2    0
         0,  432  -0.707106781187  -0.000000000000   0.707106781187
                   0.577350269190  -0.577350269190   0.577350269190
         0,  434   0.707106781187   0.000000000000  -0.707106781187
                   0.577350269190  -0.577350269190   0.577350269190
0,  434 431.475822035450 5222.396698824878 6616.364361072363    1    7
         0,  433  -0.707106781187  -0.000000000000   0.707106781187
                   0.577350269190  -0.577350269190   0.577350269190
0,  435 10021.721656840138 8486.877565384098 2373.301694345876    1    7
         0,  436  -0.707106781187  -0.000000000000  -0.707106781187
                  -0.577350269190   0.577350269190   0.577350269190
0,  436 10236.390620321594 8186.045965206181 2888.802258005248    2    0
         0,  435   0.707106781187   0.000000000000   0.707106781187
                  -0.577350269190   0.577350269190   0.577350269190
         0,  437  -0.707106781187  -0.000000000000  -0.707106781187
                  -0.577350269190   0.577350269190   0.577350269190
0,  437 10451.059583803049 7885.214365028263 3404.302821664621    2    0
         0,  436   0.707106781187   0.000000000000   0.707106781187
                  -0.577350269190   0.577350269190   0.577350269190
         0,  438  -0.707106781187  -0.000000000000  -0.707106781187
                  -0.577350269190   0.577350269190   0.577350269190
0,  438 10665.728547284503 7584.382764850347 3919.803385323993    2    0
         0,  437   0.707106781187   0.000000000000   0.707106781187
                  -0.577350269190   0.577350269190   0.577350269190
         0,  439  -0.707106781187  -0.000000000000  -0.707106781187
                  -0.577350269190   0.577350269190   0.577350269190
0,  439 10880.397510765959 7283.551164672429 4435.303948983366    1    7
         0,  438   0.707106781187   0.000000000000   0.707106781187
                  -0.577350269190   0.577350269190   0.577350269190
0,  440 2911.878297518187 6926.987593867826 5984.748230317480    1    7
         0,  441   0.707106781187   0.707106781187   0.000000000000
                   0.577350269190  -0.577350269190   0.577350269190
0,  441 3488.786718446466 7005.463889221915 5486.316104743290    2    0
         0,  440  -0.707106781187  -0.707106781187  -0.000000000000
                   0.577350269190  -0.577350269190   0.577350269190
         0,  442   0.707106781187   0.707106781187   0.000000000000
                   0.577350269190  -0.577350269190   0.577350269190
0,  442 4065.695139374746 7083.940184576003 4987.883979169099    2    0
         0,  441  -0.707106781187  -0.707106781187  -0.000000000000
                   0.577350269190  -0.577350269190   0.577350269190
         0,  443   0.707106781187   0.707106781187   0.000000000000
                   0.577350269190  -0.577350269190   0.577350269190
0,  443 4642.603560303025 7162.416479930092 4489.451853594907    2    0
         0,  442  -0.707106781187  -0.707106781187  -0.000000000000
                   0.577350269190  -0.577350269190   0.577350269190
         0,  444   0.707106781187   0.707106781187   0.000000000000
                   0.577350269190  -0.577350269190   0.577350269190
0,  444 5219.511981231304 7240.892775284180 3991.019728020717    1    7
         0,  443  -0.707106781187  -0.707106781187  -0.000000000000
                   0.577350269190  -0.577350269190   0.577350269190
0,  445 3208.374159831074 873.154035639221 3919.297172348668    1    7
         0,  446   0.000000000000   0.707106781187   0.707106781187
                   0.577350269190   0.577350269190  -0.577350269190
0,  446 2916.583803174845 1311.397094829012 4065.749874882230    2    0
         0,  445  -0.000000000000  -0.707106781187  -0.707106781187
                   0.577350269190   0.577350269190  -0.577350269190
         0,  447   0.000000000000   0.707106781187   0.707106781187
                   0.577350269190   0.577350269190  -0.577350269190
0,  447 2624.793446518615 1749.640154018803 4212.202577415791    2    0
         0,  446  -0.000000000000  -0.707106781187  -0.707106781187
                   0.577350269190   0.577350269190  -0.577350269190
         0,  448   0.000000000000   0.707106781187   0.707106781187
                   0.577350269190   0.577350269190  -0.577350269190
0,  448 2333.003089862386 2187.883213208594 4358.655279949352    2    0
         0,  447  -0.000000000000  -0.707106781187  -0.707106781187
                   0.577350269190   0.577350269190  -0.577350269190
         0,  449   0.000000000000   0.707106781187   0.707106781187
                   0.577350269190   0.577350269190  -0.577350269190
0,  449 2041.212733206156 2626.126272398385 4505.107982482914    1    7
         0,  448  -0.000000000000  -0.707106781187  -0.707106781187
                   0.577350269190   0.577350269190  -0.577350269190
0,  450 10792.748352359775 3266.323567499888 5042.296017535645    1    7
         0,  451   0.000000000000   0.707106781187   0.707106781187
                   0.577350269190  -0.577350269190   0.577350269190
0,  451 11103.214568261694 3523.022778993626 4988.529013127465    2    0
         0,  450  -0.000000000000  -0.707106781187  -0.707106781187
                   0.577350269190  -0.577350269190   0.577350269190
         0,  452   0.000000000000   0.707106781187   0.707106781187
                   0.577350269190  -0.577350269190   0.577350269190
0,  452 11413.680784163611 3779.721990487365 4934.762008719285    2    0
         0,  451  -0.000000000000  -0.707106781187  -0.707106781187
                   0.577350269190  -0.577350269190   0.577350269190
         0,  453   0.000000000000   0.707106781187   0.707106781187
                   0.577350269190  -0.577350269190   0.577350269190
0,  453 11724.147000065530 4036.421201981103 4880.995004311106    2    0
         0,  452  -0.000000000000  -0.707106781187  -0.707106781187
                   0.577350269190  -0.577350269190   0.577350269190
         0,  454   0.000000000000   0.707106781187   0.707106781187
                   0.577350269190  -0.577350269190   0.577350269190
0,  454 12034.613215967447 4293.120413474841 4827.227999902925    1    7
         0,  453  -0.000000000000  -0.707106781187  -0.707106781187
                   0.577350269190  -0.577350269190   0.577350269190
0,  455 12021.463967690741 8693.743406514212 6077.937761024644    1    7
         0,  456   0.707106781187   0.000000000000  -0.707106781187
                   0.577350269190   0.577350269190   0.577350269190
0,  456 11770.698312870782 8485.303040450521 6537.143781908293    2    0
         0,  455  -0.707106781187  -0.000000000000   0.707106781187
                   0.577350269190   0.577350269190   0.577350269190
         0,  457   0.707106781187   0.000000000000  -0.707106781187
                   0.577350269190   0.577350269190   0.577350269190
0,  457 11519.932658050824 8276.862674386830 6996.349802791943    2    0
         0,  456  -0.707106781187  -0.000000000000   0.707106781187
                   0.577350269190   0.577350269190   0.577350269190
         0,  458   0.707106781187   0.000000000000  -0.707106781187
                   0.577350269190   0.577350269190   0.577350269190
0,  458 11269.167003230865 8068.422308323139 7455.555823675592    2    0
         0,  457  -0.707106781187  -0.000000000000   0.707106781187
                   0.577350269190   0.577350269190   0.577350269190
         0,  459   0.707106781187   0.000000000000  -0.707106781187
                   0.577350269190   0.577350269190   0.577350269190
0,  459 11018.401348410907 7859.981942259448 7914.761844559242    1    7
         0,  458  -0.707106781187  -0.000000000000   0.707106781187
                   0.577350269190   0.577350269190   0.577350269190
0,  460 5493.888223144112 3311.505570849852 5013.371200582640    1    7
         0,  461  -0.000000000000  -0.707106781187  -0.707106781187
                   0.577350269190   0.577350269190  -0.577350269190
0,  461 5741.947314964051 2822.664766578857 4772.589488131583    2    0
         0,  460   0.000000000000   0.707106781187   0.707106781187
                   0.577350269190   0.577350269190  -0.577350269190
         0,  462  -0.000000000000  -0.707106781187  -0.707106781187
                   0.577350269190   0.577350269190  -0.577350269190
0,  462 5990.006406783989 2333.823962307862 4531.807775680527    2    0
         0,  461   0.000000000000   0.707106781187   0.707106781187
                   0.577350269190   0.577350269190  -0.577350269190
         0,  463  -0.000000000000  -0.707106781187  -0.707106781187
                   0.577350269190   0.577350269190  -0.577350269190
0,  463 6238.065498603928 1844.983158036867 4291.026063229470    2    0
         0,  462   0.000000000000   0.707106781187   0.707106781187
                   0.577350269190   0.577350269190  -0.577350269190
         0,  464  -0.000000000000  -0.707106781187  -0.707106781187
                   0.577350269190   0.577350269190  -0.577350269190
0,  464 6486.124590423867 1356.142353765872 4050.244350778414    1    7
         0,  463   0.000000000000   0.707106781187   0.707106781187
                   0.577350269190   0.577350269190  -0.577350269190
0,  465 193.724242473457 4822.701183307123 7763.708424383217    1    7
         0,  466   0.707106781187   0.000000000000   0.707106781187
                  -0.577350269190   0.577350269190   0.577350269190
0,  466 464.719692635706 5174.858099323734 7682.546958528856    2    0
         0,  465  -0.707106781187  -0.000000000000  -0.707106781187
                  -0.577350269190   0.577350269190   0.577350269190
         0,  467   0.707106781187   0.000000000000   0.707106781187
                  -0.577350269190   0.577350269190   0.577350269190
0,  467 735.715142797956 5527.015015340345 7601.385492674494    2    0
         0,  466  -0.707106781187  -0.000000000000  -0.707106781187
                  -0.577350269190   0.577350269190   0.577350269190
         0,  468   0.707106781187   0.000000000000   0.707106781187
                  -0.577350269190   0.577350269190   0.577350269190
0,  468 1006.710592960206 5879.171931356956 7520.224026820134    2    0
         0,  467  -0.707106781187  -0.000000000000  -0.707106781187
                  -0.577350269190   0.577350269190   0.577350269190
         0,  469   0.707106781187   0.000000000000   0.707106781187
                  -0.577350269190   0.577350269190   0.577350269190
0,  469 1277.706043122455 6231.328847373567 7439.062560965773    1    7
         0,  468  -0.707106781187  -0.000000000000  -0.707106781187
                  -0.577350269190   0.577350269190   0.577350269190
0,  470 11606.640631065082 8211.371885895725 5244.436307476642    1    7
         0,  471   0.707106781187   0.000000000000  -0.707106781187
                   0.577350269190  -0.577350269190   0.577350269190
0,  471 11300.796585726936 8493.441822320347 5832.350289239411    2    0
         0,  470  -0.707106781187  -0.000000000000   0.707106781187
                   0.577350269190  -0.577350269190   0.577350269190
         0,  472   0.707106781187   0.000000000000  -0.707106781187
                   0.577350269190  -0.577350269190   0.577350269190
0,  472 10994.952540388787 8775.511758744968 6420.264271002179    2    0
         0,  471  -0.707106781187  -0.000000000000   0.707106781187
                   0.577350269190  -0.577350269190   0.577350269190
         0,  473   0.707106781187   0.000000000000  -0.707106781187
                   0.577350269190  -0.577350269190   0.577350269190
0,  473 10689.108495050641 9057.581695169589 7008.178252764948    2    0
         0,  472  -0.707106781187  -0.000000000000   0.707106781187
                   0.577350269190  -0.577350269190   0.577350269190
         0,  474   0.707106781187   0.000000000000  -0.707106781187
                   0.577350269190  -0.577350269190   0.577350269190
0,  474 10383.264449712493 9339.651631594212 7596.092234527717    1    7
         0,  473  -0.707106781187  -0.000000000000   0.707106781187
                   0.577350269190  -0.577350269190   0.577350269190
0,  475 4171.164131701538 3696.352818823169 11049.282713320979    1    7
         0,  476  -0.707106781187   0.707106781187  -0.000000000000
                   0.577350269190   0.577350269190  -0.577350269190
0,  476 3733.635140394172 3868.047999131836 10783.448902322280    2    0
         0,  475   0.707106781187  -0.707106781187   0.000000000000
                   0.577350269190   0.577350269190  -0.577350269190
         0,  477  -0.707106781187   0.707106781187  -0.000000000000
                   0.577350269190   0.577350269190  -0.577350269190
0,  477 3296.106149086805 4039.743179440503 10517.615091323580    2    0
         0,  476   0.707106781187  -0.707106781187   0.000000000000
                   0.577350269190   0.577350269190  -0.577350269190
         0,  478  -0.707106781187   0.707106781187  -0.000000000000
                   0.577350269190   0.577350269190  -0.577350269190
0,  478 2858.577157779438 4211.438359749171 10251.781280324880    2    0
         0,  477   0.707106781187  -0.707106781187   0.000000000000
                   0.577350269190   0.577350269190  -0.577350269190
         0,  479  -0.707106781187   0.707106781187  -0.000000000000
                   0.577350269190   0.577350269190  -0.577350269190
0,  479 2421.048166472071 4383.133540057837 9985.947469326180    1    7
         0,  478   0.707106781187  -0.707106781187   0.000000000000
                   0.577350269190   0.577350269190  -0.577350269190
0,  480 6659.100862416054 8190.725605639152 4793.378504826905    1    7
         0,  481   0.707106781187   0.707106781187   0.000000000000
                   0.577350269190  -0.577350269190   0.577350269190
0,  481 6853.053606778490 7961.354554748547 4370.054709573864    2    0
         0,  480  -0.707106781187  -0.707106781187  -0.000000000000
                   0.577350269190  -0.577350269190   0.577350269190
         0,  482   0.707106781187   0.707106781187   0.000000000000
                   0.577350269190  -0.577350269190   0.577350269190
0,  482 7047.006351140925 7731.983503857942 3946.730914320824    2    0
         0,  481  -0.707106781187  -0.707106781187  -0.000000000000
                   0.577350269190  -0.577350269190   0.577350269190
         0,  483   0.707106781187   0.707106781187   0.000000000000
                   0.577350269190  -0.577350269190   0.577350269190
0,  483 7240.959095503361 7502.612452967338 3523.407119067783    2    0
         0,  482  -0.707106781187  -0.707106781187  -0.000000000000
                   0.577350269190  -0.577350269190   0.577350269190
         0,  484   0.707106781187   0.707106781187   0.000000000000
                   0.577350269190  -0.577350269190   0.577350269190
0,  484 7434.911839865797 7273.241402076733 3100.083323814742    1    7
         0,  483  -0.707106781187  -0.707106781187  -0.000000000000
                   0.577350269190  -0.577350269190   0.577350269190
0,  485 2930.522159211457 10450.917872426971 3084.758635809287    1    7
         0,  486   0.000000000000   0.707106781187  -0.707106781187
                   0.577350269190   0.577350269190   0.577350269190
0,  486 2617.420014494971 10474.647936354640 3374.130716598102    2    0
         0,  485  -0.000000000000  -0.707106781187   0.707106781187
                   0.577350269190   0.577350269190   0.577350269190
         0,  487   0.000000000000   0.707106781187  -0.707106781187
                   0.577350269190   0.577350269190   0.577350269190
0,  487 2304.317869778486 10498.378000282311 3663.502797386918    2    0
         0,  486  -0.000000000000  -0.707106781187   0.707106781187
                   0.577350269190   0.577350269190   0.577350269190
         0,  488   0.000000000000   0.707106781187  -0.707106781187
                   0.577350269190   0.577350269190   0.577350269190
0,  488 1991.215725062000 10522.108064209981 3952.874878175734    2    0
         0,  487  -0.000000000000  -0.707106781187   0.707106781187
                   0.577350269190   0.577350269190   0.577350269190
         0,  489   0.000000000000   0.707106781187  -0.707106781187
                   0.577350269190   0.577350269190   0.577350269190
0,  489 1678.113580345515 10545.838128137651 4242.246958964550    1    7
         0,  488  -0.000000000000  -0.707106781187   0.707106781187
                   0.577350269190   0.577350269190   0.577350269190
0,  490 9757.981947849334 5577.922152084645 6775.746633104548    1    7
         0,  491  -0.707106781187   0.707106781187  -0.000000000000
                   0.577350269190   0.577350269190  -0.577350269190
0,  491 9394.483989590048 5446.087770806306 6280.414293566922    2    0
         0,  490   0.707106781187  -0.707106781187   0.000000000000
                   0.577350269190   0.577350269190  -0.577350269190
         0,  492  -0.707106781187   0.707106781187  -0.000000000000
                   0.577350269190   0.577350269190  -0.577350269190
0,  492 9030.986031330762 5314.253389527968 5785.081954029298    2    0
         0,  491   0.707106781187  -0.707106781187   0.000000000000
                   0.577350269190   0.577350269190  -0.577350269190
         0,  493  -0.707106781187   0.707106781187  -0.000000000000
                   0.577350269190   0.577350269190  -0.577350269190
0,  493 8667.488073071474 5182.419008249629 5289.749614491672    2    0
         0,  492   0.707106781187  -0.707106781187   0.000000000000
                   0.577350269190   0.577350269190  -0.577350269190
         0,  494  -0.707106781187   0.707106781187  -0.000000000000
                   0.577350269190   0.577350269190  -0.577350269190
0,  494 8303.990114812188 5050.584626971290 4794.417274954048    1    7
         0,  493   0.707106781187  -0.707106781187   0.000000000000
                   0.577350269190   0.577350269190  -0.577350269190
0,  495 8195.007262185187 8972.991876744360 9396.171313701141    1    7
         0,  496  -0.707106781187  -0.000000000000   0.707106781187
                   0.577350269190  -0.577350269190   0.577350269190
0,  496 8692.133856479939 9499.595380676896 9425.648223338927    2    0
         0,  495   0.707106781187   0.000000000000  -0.707106781187
                   0.577350269190  -0.577350269190   0.577350269190
         0,  497  -0.707106781187  -0.000000000000   0.707106781187
                   0.577350269190  -0.577350269190   0.577350269190
0,  497 9189.260450774691 10026.198884609434 9455.125132976711    2    0
         0,  496   0.707106781187   0.000000000000  -0.707106781187
                   0.577350269190  -0.577350269190   0.577350269190
         0,  498  -0.707106781187  -0.000000000000   0.707106781187
                   0.577350269190  -0.577350269190   0.577350269190
0,  498 9686.387045069441 10552.802388541972 9484.602042614497    2    0
         0,  497   0.707106781187   0.000000000000  -0.707106781187
                   0.577350269190  -0.577350269190   0.577350269190
         0,  499  -0.707106781187  -0.000000000000   0.707106781187
                   0.577350269190  -0.577350269190   0.577350269190
0,  499 10183.513639364193 11079.405892474508 9514.078952252283    1    7
         0,  498   0.707106781187   0.000000000000  -0.707106781187
                   0.577350269190  -0.577350269190   0.577350269190
0,  500 1813.024202928629 7184.309317859756 11585.991524117113    1    7
         0,  501  -0.000000000000  -0.707106781187   0.707106781187
                  -0.577350269190   0.577350269190   0.577350269190
0,  501 1650.074658027155 7445.528190575794 11161.823106499602    2    0
         0,  500   0.000000000000   0.707106781187  -0.707106781187
                  -0.577350269190   0.577350269190   0.577350269190
         0,  502  -0.000000000000  -0.707106781187   0.707106781187
                  -0.577350269190   0.577350269190   0.577350269190
0,  502 1487.125113125681 7706.747063291831 10737.654688882090    2    0
         0,  501   0.000000000000   0.707106781187  -0.707106781187
                  -0.577350269190   0.577350269190   0.577350269190
         0,  503  -0.000000000000  -0.707106781187   0.707106781187
                  -0.577350269190   0.577350269190   0.577350269190
0,  503 1324.175568224207 7967.965936007869 10313.486271264577    2    0
         0,  502   0.000000000000   0.707106781187  -0.707106781187
                  -0.577350269190   0.577350269190   0.577350269190
         0,  504  -0.000000000000  -0.707106781187   0.707106781187
                  -0.577350269190   0.577350269190   0.577350269190
0,  504 1161.226023322733 8229.184808723907 9889.317853647066    1    7
         0,  503   0.000000000000   0.707106781187  -0.707106781187
                  -0.577350269190   0.577350269190   0.577350269190
0,  505 2414.268114223557 3853.542669586282 735.620240265199    1    7
         0,  506   0.707106781187   0.707106781187   0.000000000000
                   0.577350269190  -0.577350269190   0.577350269190
0,  506 1913.877710326677 3558.793586573265 941.261561149062    2    0
         0,  505  -0.707106781187  -0.707106781187  -0.000000000000
                   0.577350269190  -0.577350269190   0.577350269190
         0,  507   0.707106781187   0.707106781187   0.000000000000
                   0.577350269190  -0.577350269190   0.577350269190
0,  507 1413.487306429796 3264.044503560248 1146.902882032925    2    0
         0,  506  -0.707106781187  -0.707106781187  -0.000000000000
                   0.577350269190  -0.577350269190   0.577350269190
         0,  508   0.707106781187   0.707106781187   0.000000000000
                   0.577350269190  -0.577350269190   0.577350269190
0,  508 913.096902532916 2969.295420547231 1352.544202916788    2    0
         0,  507  -0.707106781187  -0.707106781187  -0.000000000000
                   0.577350269190  -0.577350269190   0.577350269190
         0,  509   0.707106781187   0.707106781187   0.000000000000
                   0.577350269190  -0.577350269190   0.577350269190
0,  509 412.706498636036 2674.546337534213 1558.185523800651    1    7
         0,  508  -0.707106781187  -0.707106781187  -0.000000000000
                   0.577350269190  -0.577350269190   0.577350269190
0,  510 4628.343741453579 762.104164924053 1187.152231867774    1    7
         0,  511   0.707106781187   0.000000000000  -0.707106781187
                   0.577350269190   0.577350269190   0.577350269190
0,  511 4314.697014819187 723.085123979315 1539.817999446906    2    0
         0,  510  -0.707106781187  -0.000000000000   0.707106781187
                   0.577350269190   0.577350269190   0.577350269190
         0,  512   0.707106781187   0.000000000000  -0.707106781187
                   0.577350269190   0.577350269190   0.577350269190
0,  512 4001.050288184793 684.066083034576 1892.483767026037    2    0
         0,  511  -0.707106781187  -0.000000000000   0.707106781187
                   0.577350269190   0.577350269190   0.577350269190
         0,  513   0.707106781187   0.000000000000  -0.707106781187
                   0.577350269190   0.577350269190   0.577350269190
0,  513 3687.403561550401 645.047042089838 2245.149534605169    2    0
         0,  512  -0.707106781187  -0.000000000000   0.707106781187
                   0.577350269190   0.577350269190   0.577350269190
         0,  514   0.707106781187   0.000000000000  -0.707106781187
                   0.577350269190   0.577350269190   0.577350269190
0,  514 3373.756834916007 606.028001145099 2597.815302184300    1    7
         0,  513  -0.707106781187  -0.000000000000   0.707106781187
                   0.577350269190   0.577350269190   0.577350269190
0,  515 7926.846188528454 2254.559953408182 3079.845486273165    1    7
         0,  516   0.000000000000   0.707106781187   0.707106781187
                   0.577350269190   0.577350269190  -0.577350269190
0,  516 8100.537593105668 2543.979830165071 3542.956767607267    2    0
         0,  515  -0.000000000000  -0.707106781187  -0.707106781187
                   0.577350269190   0.577350269190  -0.577350269190
         0,  517   0.000000000000   0.707106781187   0.707106781187
                   0.577350269190   0.577350269190  -0.577350269190
0,  517 8274.228997682882 2833.399706921959 4006.068048941370    2    0
         0,  516  -0.000000000000  -0.707106781187  -0.707106781187
                   0.577350269190   0.577350269190  -0.577350269190
         0,  518   0.000000000000   0.707106781187   0.707106781187
                   0.577350269190   0.577350269190  -0.577350269190
0,  518 8447.920402260095 3122.819583678849 4469.179330275472    2    0
         0,  517  -0.000000000000  -0.707106781187  -0.707106781187
                   0.577350269190   0.577350269190  -0.577350269190
         0,  519   0.000000000000   0.707106781187   0.707106781187
                   0.577350269190   0.577350269190  -0.577350269190
0,  519 8621.611806837309 3412.239460435737 4932.290611609575    1    7
         0,  518  -0.000000000000  -0.707106781187  -0.707106781187
                   0.577350269190   0.577350269190  -0.577350269190
0,  520  18.505227283062 2956.784237419181 10518.827356028714    1    7
         0,  521   0.000000000000   0.707106781187   0.707106781187
                   0.577350269190   0.577350269190  -0.577350269190
0,  521 244.809191274585 2504.457062148860 10292.804144749916    2    0
         0,  520  -0.000000000000  -0.707106781187  -0.707106781187
                   0.577350269190   0.577350269190  -0.577350269190
         0,  522   0.000000000000   0.707106781187   0.707106781187
                   0.577350269190   0.577350269190  -0.577350269190
0,  522 471.113155266107 2052.129886878539 10066.780933471116    2    0
         0,  521  -0.000000000000  -0.707106781187  -0.707106781187
                   0.577350269190   0.577350269190  -0.577350269190
         0,  523   0.000000000000   0.707106781187   0.707106781187
                   0.577350269190   0.577350269190  -0.577350269190
0,  523 697.417119257630 1599.802711608217 9840.757722192318    2    0
         0,  522  -0.000000000000  -0.707106781187  -0.707106781187
                   0.577350269190   0.577350269190  -0.577350269190
         0,  524   0.000000000000   0.707106781187   0.707106781187
                   0.577350269190   0.577350269190  -0.577350269190
0,  524 923.721083249153 1147.475536337896 9614.734510913520    1    7
         0,  523  -0.000000000000  -0.707106781187  -0.707106781187
                   0.577350269190   0.577350269190  -0.577350269190
0,  525 6706.752720202675 3452.960478699544 5154.926043965233    1    7
         0,  526   0.707106781187  -0.707106781187   0.000000000000
                   0.577350269190   0.577350269190  -0.577350269190
0,  526 6310.503276382541 3873.428809921158 5179.144931366713    2    0
         0,  525  -0.707106781187   0.707106781187  -0.000000000000
                   0.577350269190   0.577350269190  -0.577350269190
         0,  527   0.707106781187  -0.707106781187   0.000000000000
                   0.577350269190   0.577350269190  -0.577350269190
0,  527 5914.253832562407 4293.897141142771 5203.363818768193    2    0
         0,  526  -0.707106781187   0.707106781187  -0.000000000000
                   0.577350269190   0.577350269190  -0.577350269190
         0,  528   0.707106781187  -0.707106781187   0.000000000000
                   0.577350269190   0.577350269190  -0.577350269190
0,  528 5518.004388742273 4714.365472364385 5227.582706169672    2    0
         0,  527  -0.707106781187   0.707106781187  -0.000000000000
                   0.577350269190   0.577350269190  -0.577350269190
         0,  529   0.707106781187  -0.707106781187   0.000000000000
                   0.577350269190   0.577350269190  -0.577350269190
0,  529 5121.754944922139 5134.833803585998 5251.801593571151    1    7
         0,  528  -0.707106781187   0.707106781187  -0.000000000000
                   0.577350269190   0.577350269190  -0.577350269190
0,  530 2751.647870973239 4946.483950546017 2987.394361093330    1    7
         0,  531  -0.000000000000  -0.707106781187  -0.707106781187
                   0.577350269190   0.577350269190  -0.577350269190
0,  531 3121.422906693831 4554.955544492828 2965.640990760734    2    0
         0,  530   0.000000000000   0.707106781187   0.707106781187
                   0.577350269190   0.577350269190  -0.577350269190
         0,  532  -0.000000000000  -0.707106781187  -0.707106781187
                   0.577350269190   0.577350269190  -0.577350269190
0,  532 3491.197942414424 4163.427138439640 2943.887620428137    2    0
         0,  531   0.000000000000   0.707106781187   0.707106781187
                   0.577350269190   0.577350269190  -0.577350269190
         0,  533  -0.000000000000  -0.707106781187  -0.707106781187
                   0.577350269190   0.577350269190  -0.577350269190
0,  533 3860.972978135017 3771.898732386451 2922.134250095541    2    0
         0,  532   0.000000000000   0.707106781187   0.707106781187
                   0.577350269190   0.577350269190  -0.577350269190
         0,  534  -0.000000000000  -0.707106781187  -0.707106781187
                   0.577350269190   0.577350269190  -0.577350269190
0,  534 4230.748013855609 3380.370326333262 2900.380879762945    1    7
         0,  533   0.000000000000   0.707106781187   0.707106781187
                   0.577350269190   0.577350269190  -0.577350269190
0,  535 716.504023475747 5056.789494908720 7710.886423011931    1    7
         0,  536  -0.707106781187  -0.707106781187  -0.000000000000
                   0.577350269190  -0.577350269190   0.577350269190
0,  536 681.994979558140 5325.172829252586 8013.778801273404    2    0
         0,  535   0.707106781187   0.707106781187   0.000000000000
                   0.577350269190  -0.577350269190   0.577350269190
         0,  537  -0.707106781187  -0.707106781187  -0.000000000000
                   0.577350269190  -0.577350269190   0.577350269190
0,  537 647.485935640532 5593.556163596451 8316.671179534877    2    0
         0,  536   0.707106781187   0.707106781187   0.000000000000
                   0.577350269190  -0.577350269190   0.577350269190
         0,  538  -0.707106781187  -0.707106781187  -0.000000000000
                   0.577350269190  -0.577350269190   0.577350269190
0,  538 612.976891722925 5861.939497940317 8619.563557796349    2    0
         0,  537   0.707106781187   0.707106781187   0.000000000000
                   0.577350269190  -0.577350269190   0.577350269190
         0,  539  -0.707106781187  -0.707106781187  -0.000000000000
                   0.577350269190  -0.577350269190   0.577350269190
0,  539 578.467847805318 6130.322832284182 8922.455936057822    1    7
         0,  538   0.707106781187   0.707106781187   0.000000000000
                   0.577350269190  -0.577350269190   0.577350269190
0,  540 1587.493173807000 11176.083707103335  94.279532052326    1    7
         0,  541  -0.000000000000  -0.707106781187   0.707106781187
                  -0.577350269190   0.577350269190   0.577350269190
0,  541 1727.921481283378 10849.867533083318 560.924013548720    2    0
         0,  540   0.000000000000   0.707106781187  -0.707106781187
                  -0.577350269190   0.577350269190   0.577350269190
         0,  542  -0.000000000000  -0.707106781187   0.707106781187
                  -0.577350269190   0.577350269190   0.577350269190
0,  542 1868.349788759755 10523.651359063302 1027.568495045114    2    0
         0,  541   0.000000000000   0.707106781187  -0.707106781187
                  -0.577350269190   0.577350269190   0.577350269190
         0,  543  -0.000000000000  -0.707106781187   0.707106781187
                  -0.577350269190   0.577350269190   0.577350269190
0,  543 2008.778096236133 10197.435185043285 1494.212976541508    2    0
         0,  542   0.000000000000   0.707106781187  -0.707106781187
                  -0.577350269190   0.577350269190   0.577350269190
         0,  544  -0.000000000000  -0.707106781187   0.707106781187
                  -0.577350269190   0.577350269190   0.577350269190
0,  544 2149.206403712511 9871.219011023270 1960.857458037902    1    7
         0,  543   0.000000000000   0.707106781187  -0.707106781187
                  -0.577350269190   0.577350269190   0.577350269190
0,  545 1285.618973774900 8258.626736327760 2513.940931322383    1    7
         0,  546  -0.000000000000  -0.707106781187   0.707106781187
                   0.577350269190   0.577350269190   0.577350269190
0,  546 1392.430880716353 7740.693929782296 2925.061830926395    2    0
         0,  545   0.000000000000   0.707106781187  -0.707106781187
                   0.577350269190   0.577350269190   0.577350269190
         0,  547  -0.000000000000  -0.707106781187   0.707106781187
                   0.577350269190   0.577350269190   0.577350269190
0,  547 1499.242787657806 7222.761123236831 3336.182730530406    2    0
         0,  546   0.000000000000   0.707106781187  -0.707106781187
                   0.577350269190   0.577350269190   0.577350269190
         0,  548  -0.000000000000  -0.707106781187   0.707106781187
                   0.577350269190   0.577350269190   0.577350269190
0,  548 1606.054694599259 6704.828316691367 3747.303630134417    2    0
         0,  547   0.000000000000   0.707106781187  -0.707106781187
                   0.577350269190   0.577350269190   0.577350269190
         0,  549  -0.000000000000  -0.707106781187   0.707106781187
                   0.577350269190   0.577350269190   0.577350269190
0,  549 1712.866601540712 6186.895510145902 4158.424529738430    1    7
         0,  548   0.000000000000   0.707106781187  -0.707106781187
                   0.577350269190   0.577350269190   0.577350269190
0,  550 10423.544023072323  46.026887754703 10440.347528777387    1    7
         0,  551  -0.000000000000  -0.707106781187   0.707106781187
                   0.577350269190   0.577350269190   0.577350269190
0,  551 10109.088800404848 631.209779010824 10169.619860188741    2    0
         0,  550   0.000000000000   0.707106781187  -0.707106781187
                   0.577350269190   0.577350269190   0.577350269190
         0,  552  -0.000000000000  -0.707106781187   0.707106781187
                   0.577350269190   0.577350269190   0.577350269190
0,  552 9794.633577737373 1216.392670266944 9898.892191600096    2    0
         0,  551   0.000000000000   0.707106781187  -0.707106781187
                   0.577350269190   0.577350269190   0.577350269190
         0,  553  -0.000000000000  -0.707106781187   0.707106781187
                   0.577350269190   0.577350269190   0.577350269190
0,  553 9480.178355069898 1801.575561523065 9628.164523011450    2    0
         0,  552   0.000000000000   0.707106781187  -0.707106781187
                   0.577350269190   0.577350269190   0.577350269190
         0,  554  -0.000000000000  -0.707106781187   0.707106781187
                   0.577350269190   0.577350269190   0.577350269190
0,  554 9165.723132402425 2386.758452779186 9357.436854422804    1    7
         0,  553   0.000000000000   0.707106781187  -0.707106781187
                   0.577350269190   0.577350269190   0.577350269190
0,  555 9326.903194386532 10624.554952999475 2488.769001552002    1    7
         0,  556  -0.707106781187  -0.000000000000   0.707106781187
                   0.577350269190   0.577350269190   0.577350269190
0,  556 9311.043535638777 10075.403803981013 3053.779809318220    2    0
         0,  555   0.707106781187   0.000000000000  -0.707106781187
                   0.577350269190   0.577350269190   0.577350269190
         0,  557  -0.707106781187  -0.000000000000   0.707106781187
                   0.577350269190   0.577350269190   0.577350269190
0,  557 9295.183876891020 9526.252654962551 3618.790617084438    2    0
         0,  556   0.707106781187   0.000000000000  -0.707106781187
                   0.577350269190   0.577350269190   0.577350269190
         0,  558  -0.707106781187  -0.000000000000   0.707106781187
                   0.577350269190   0.577350269190   0.577350269190
0,  558 9279.324218143265 8977.101505944087 4183.801424850656    2    0
         0,  557   0.707106781187   0.000000000000  -0.707106781187
                   0.577350269190   0.577350269190   0.577350269190
         0,  559  -0.707106781187  -0.000000000000   0.707106781187
                   0.577350269190   0.577350269190   0.577350269190
0,  559 9263.464559395510 8427.950356925625 4748.812232616874    1    7
         0,  558   0.707106781187   0.000000000000  -0.707106781187
                   0.577350269190   0.577350269190   0.577350269190
0,  560 6967.017338233451 11889.802742875907 5139.598723721791    1    7
         0,  561   0.000000000000   0.707106781187   0.707106781187
                   0.577350269190   0.577350269190  -0.577350269190
0,  561 7092.615832039821 11457.318327894707 4832.712802546963    2    0
         0,  560  -0.000000000000  -0.707106781187  -0.707106781187
                   0.577350269190   0.577350269190  -0.577350269190
         0,  562   0.000000000000   0.707106781187   0.707106781187
                   0.577350269190   0.577350269190  -0.577350269190
0,  562 7218.214325846190 11024.833912913509 4525.826881372133    2    0
         0,  561  -0.000000000000  -0.707106781187  -0.707106781187
                   0.577350269190   0.577350269190  -0.577350269190
         0,  563   0.000000000000   0.707106781187   0.707106781187
                   0.577350269190   0.577350269190  -0.577350269190
0,  563 7343.812819652560 10592.349497932311 4218.940960197305    2    0
         0,  562  -0.000000000000  -0.707106781187  -0.707106781187
                   0.577350269190   0.577350269190  -0.577350269190
         0,  564   0.000000000000   0.707106781187   0.707106781187
                   0.577350269190   0.577350269190  -0.577350269190
0,  564 7469.411313458931 10159.865082951112 3912.055039022476    1    7
         0,  563  -0.000000000000  -0.707106781187  -0.707106781187
                   0.577350269190   0.577350269190  -0.577350269190
0,  565 9513.418997896719 6481.222410804239 3706.985844585339    1    7
         0,  566   0.707106781187  -0.707106781187   0.000000000000
                   0.577350269190   0.577350269190   0.577350269190
0,  566 9549.598185343924 6796.060488040725 3355.968579901647    2    0
         0,  565  -0.707106781187   0.707106781187  -0.000000000000
                   0.577350269190   0.577350269190   0.577350269190
         0,  567   0.707106781187  -0.707106781187   0.000000000000
                   0.577350269190   0.577350269190   0.577350269190
0,  567 9585.777372791130 7110.898565277212 3004.951315217955    2    0
         0,  566  -0.707106781187   0.707106781187  -0.000000000000
                   0.577350269190   0.577350269190   0.577350269190
         0,  568   0.707106781187  -0.707106781187   0.000000000000
                   0.577350269190   0.577350269190   0.577350269190
0,  568 9621.956560238335 7425.736642513698 2653.934050534263    2    0
         0,  567  -0.707106781187   0.707106781187  -0.000000000000
                   0.577350269190   0.577350269190   0.577350269190
         0,  569   0.707106781187  -0.707106781187   0.000000000000
                   0.577350269190   0.577350269190   0.577350269190
0,  569 9658.135747685541 7740.574719750184 2302.916785850572    1    7
         0,  568  -0.707106781187   0.707106781187  -0.000000000000
                   0.577350269190   0.577350269190   0.577350269190
0,  570 1134.768831696840 2245.429944433195 5307.554330469248    1    7
         0,  571  -0.707106781187  -0.000000000000   0.707106781187
                   0.577350269190  -0.577350269190   0.577350269190
0,  571 1082.239919032091 1759.436727797080 4874.090026497882    2    0
         0,  570   0.707106781187   0.000000000000  -0.707106781187
                   0.577350269190  -0.577350269190   0.577350269190
         0,  572  -0.707106781187  -0.000000000000   0.707106781187
                   0.577350269190  -0.577350269190   0.577350269190
0,  572 1029.711006367342 1273.443511160965 4440.625722526516    2    0
         0,  571   0.707106781187   0.000000000000  -0.707106781187
                   0.577350269190  -0.577350269190   0.577350269190
         0,  573  -0.707106781187  -0.000000000000   0.707106781187
                   0.577350269190  -0.577350269190   0.577350269190
0,  573 977.182093702594 787.450294524849 4007.161418555150    2    0
         0,  572   0.707106781187   0.000000000000  -0.707106781187
                   0.577350269190  -0.577350269190   0.577350269190
         0,  574  -0.707106781187  -0.000000000000   0.707106781187
                   0.577350269190  -0.577350269190   0.577350269190
0,  574 924.653181037845 301.457077888735 3573.697114583783    1    7
         0,  573   0.707106781187   0.000000000000  -0.707106781187
                   0.577350269190  -0.577350269190   0.577350269190
0,  575 7523.151848992964 8535.381695850489 9332.462343789488    1    7
         0,  576   0.707106781187  -0.707106781187   0.000000000000
                   0.577350269190   0.577350269190   0.577350269190
0,  576 7941.665540665094 8531.817235539527 8917.513112428318    2    0
         0,  575  -0.707106781187   0.707106781187  -0.000000000000
                   0.577350269190   0.577350269190   0.577350269190
         0,  577   0.707106781187  -0.707106781187   0.000000000000
                   0.577350269190   0.577350269190   0.577350269190
0,  577 8360.179232337225 8528.252775228568 8502.563881067148    2    0
         0,  576  -0.707106781187   0.707106781187  -0.000000000000
                   0.577350269190   0.577350269190   0.577350269190
         0,  578   0.707106781187  -0.707106781187   0.000000000000
                   0.577350269190   0.577350269190   0.577350269190
0,  578 8778.692924009356 8524.688314917606 8087.614649705978    2    0
         0,  577  -0.707106781187   0.707106781187  -0.000000000000
                   0.577350269190   0.577350269190   0.577350269190
         0,  579   0.707106781187  -0.707106781187   0.000000000000
                   0.577350269190   0.577350269190   0.577350269190
0,  579 9197.206615681487 8521.123854606647 7672.665418344808    1    7
         0,  578  -0.707106781187   0.707106781187  -0.000000000000
                   0.577350269190   0.577350269190   0.577350269190
0,  580 6656.014950410224 2859.581315223343 1390.337119740852    1    7
         0,  581   0.707106781187   0.000000000000   0.707106781187
                  -0.577350269190   0.577350269190   0.577350269190
0,  581 6865.910672030832 2475.933695252225 1983.880461332578    2    0
         0,  580  -0.707106781187  -0.000000000000  -0.707106781187
                  -0.577350269190   0.577350269190   0.577350269190
         0,  582   0.707106781187   0.000000000000   0.707106781187
                  -0.577350269190   0.577350269190   0.577350269190
0,  582 7075.806393651441 2092.286075281107 2577.423802924305    2    0
         0,  581  -0.707106781187  -0.000000000000  -0.707106781187
                  -0.577350269190   0.577350269190   0.577350269190
         0,  583   0.707106781187   0.000000000000   0.707106781187
                  -0.577350269190   0.577350269190   0.577350269190
0,  583 7285.702115272049 1708.638455309988 3170.967144516032    2    0
         0,  582  -0.707106781187  -0.000000000000  -0.707106781187
                  -0.577350269190   0.577350269190   0.577350269190
         0,  584   0.707106781187   0.000000000000   0.707106781187
                  -0.577350269190   0.577350269190   0.577350269190
0,  584 7495.597836892658 1324.990835338870 3764.510486107759    1    7
         0,  583  -0.707106781187  -0.000000000000  -0.707106781187
                  -0.577350269190   0.577350269190   0.577350269190
0,  585 6082.372500903298 11959.378822000612 1352.194861834972    1    7
         0,  586  -0.707106781187  -0.707106781187  -0.000000000000
                   0.577350269190  -0.577350269190   0.577350269190
0,  586 6096.953707684436 11646.670765918381 1024.905598971603    2    0
         0,  585   0.707106781187   0.707106781187   0.000000000000
                   0.577350269190  -0.577350269190   0.577350269190
         0,  587  -0.707106781187  -0.707106781187  -0.000000000000
                   0.577350269190  -0.577350269190   0.577350269190
0,  587 6111.534914465576 11333.962709836151 697.616336108233    2    0
         0,  586   0.707106781187   0.707106781187   0.000000000000
                   0.577350269190  -0.577350269190   0.577350269190
         0,  588  -0.707106781187  -0.707106781187  -0.000000000000
                   0.577350269190  -0.577350269190   0.577350269190
0,  588 6126.116121246714 11021.254653753920 370.327073244864    2    0
         0,  587   0.707106781187   0.707106781187   0.000000000000
                   0.577350269190  -0.577350269190   0.577350269190
         0,  589  -0.707106781187  -0.707106781187  -0.000000000000
                   0.577350269190  -0.577350269190   0.577350269190
0,  589 6140.697328027853 10708.546597671690  43.037810381495    1    7
         0,  588   0.707106781187   0.707106781187   0.000000000000
                   0.577350269190  -0.577350269190   0.577350269190
0,  590 9223.542029260054 6497.778257330187 6464.054535962853    1    7
         0,  591   0.707106781187   0.000000000000   0.707106781187
                  -0.577350269190   0.577350269190   0.577350269190
0,  591 9616.397690143995 6477.547365965521 6877.141088211460    2    0
         0,  590  -0.707106781187  -0.000000000000  -0.707106781187
                  -0.577350269190   0.577350269190   0.577350269190
         0,  592   0.707106781187   0.000000000000   0.707106781187
                  -0.577350269190   0.577350269190   0.577350269190
0,  592 10009.253351027935 6457.316474600856 7290.227640460066    2    0
         0,  591  -0.707106781187  -0.000000000000  -0.707106781187
                  -0.577350269190   0.577350269190   0.577350269190
         0,  593   0.707106781187   0.000000000000   0.707106781187
                  -0.577350269190   0.577350269190   0.577350269190
0,  593 10402.109011911878 6437.085583236190 7703.314192708673    2    0
         0,  592  -0.707106781187  -0.000000000000  -0.707106781187
                  -0.577350269190   0.577350269190   0.577350269190
         0,  594   0.707106781187   0.000000000000   0.707106781187
                  -0.577350269190   0.577350269190   0.577350269190
0,  594 10794.964672795819 6416.854691871526 8116.400744957280    1    7
         0,  593  -0.707106781187  -0.000000000000  -0.707106781187
                  -0.577350269190   0.577350269190   0.577350269190
0,  595 6094.960110795418 4414.529245993916 8188.197243805103    1    7
         0,  596   0.707106781187  -0.707106781187   0.000000000000
                   0.577350269190   0.577350269190   0.577350269190
0,  596 6544.238309181315 4108.514281513286 8044.934009899835    2    0
         0,  595  -0.707106781187   0.707106781187  -0.000000000000
                   0.577350269190   0.577350269190   0.577350269190
         0,  597   0.707106781187  -0.707106781187   0.000000000000
                   0.577350269190   0.577350269190   0.577350269190
0,  597 6993.516507567213 3802.499317032657 7901.670775994568    2    0
         0,  596  -0.707106781187   0.707106781187  -0.000000000000
                   0.577350269190   0.577350269190   0.577350269190
         0,  598   0.707106781187  -0.707106781187   0.000000000000
                   0.577350269190   0.577350269190   0.577350269190
0,  598 7442.794705953111 3496.484352552027 7758.407542089299    2    0
         0,  597  -0.707106781187   0.707106781187  -0.000000000000
                   0.577350269190   0.577350269190   0.577350269190
         0,  599   0.707106781187  -0.707106781187   0.000000000000
                   0.577350269190   0.577350269190   0.577350269190
0,  599 7892.072904339008 3190.469388071398 7615.144308184031    1    7
         0,  598  -0.707106781187   0.707106781187  -0.000000000000
                   0.577350269190   0.577350269190   0.577350269190
0,  600 7094.750792817197 3537.978140789568 9553.444089615250    1    7
         0,  601  -0.000000000000  -0.707106781187   0.707106781187
                  -0.577350269190   0.577350269190   0.577350269190
0,  601 7129.383029175288 3293.589370491027 9832.465096271882    2    0
         0,  600   0.000000000000   0.707106781187  -0.707106781187
                  -0.577350269190   0.577350269190   0.577350269190
         0,  602  -0.000000000000  -0.707106781187   0.707106781187
                  -0.577350269190   0.577350269190   0.577350269190
0,  602 7164.015265533380 3049.200600192487 10111.486102928513    2    0
         0,  601   0.000000000000   0.707106781187  -0.707106781187
                  -0.577350269190   0.577350269190   0.577350269190
         0,  603  -0.000000000000  -0.707106781187   0.707106781187
                  -0.577350269190   0.577350269190   0.577350269190
0,  603 7198.647501891472 2804.811829893947 10390.507109585145    2    0
         0,  602   0.000000000000   0.707106781187  -0.707106781187
                  -0.577350269190   0.577350269190   0.577350269190
         0,  604  -0.000000000000  -0.707106781187   0.707106781187
                  -0.577350269190   0.577350269190   0.577350269190
0,  604 7233.279738249563 2560.423059595407 10669.528116241778    1    7
         0,  603   0.000000000000   0.707106781187  -0.707106781187
                  -0.577350269190   0.577350269190   0.577350269190
0,  605 7215.300763868245 4513.051300375326 6890.419311370416    1    7
         0,  606  -0.000000000000  -0.707106781187  -0.707106781187
                   0.577350269190  -0.577350269190   0.577350269190
0,  606 6909.486668850989 4677.148379346800 7360.330485359145    2    0
         0,  605   0.000000000000   0.707106781187   0.707106781187
                   0.577350269190  -0.577350269190   0.577350269190
         0,  607  -0.000000000000  -0.707106781187  -0.707106781187
                   0.577350269190  -0.577350269190   0.577350269190
0,  607 6603.672573833735 4841.245458318273 7830.241659347874    2    0
         0,  606   0.000000000000   0.707106781187   0.707106781187
                   0.577350269190  -0.577350269190   0.577350269190
         0,  608  -0.000000000000  -0.707106781187  -0.707106781187
                   0.577350269190  -0.577350269190   0.577350269190
0,  608 6297.858478816479 5005.342537289746 8300.152833336602    2    0
         0,  607   0.000000000000   0.707106781187   0.707106781187
                   0.577350269190  -0.577350269190   0.577350269190
         0,  609  -0.000000000000  -0.707106781187  -0.707106781187
                   0.577350269190  -0.577350269190   0.577350269190
0,  609 5992.044383799223 5169.439616261220 8770.064007325331    1    7
         0,  608   0.000000000000   0.707106781187   0.707106781187
                   0.577350269190  -0.577350269190   0.577350269190
0,  610 9709.674114474850 11864.516947523549 4466.165100603664    1    7
         0,  611   0.707106781187   0.000000000000  -0.707106781187
                   0.577350269190  -0.577350269190   0.577350269190
0,  611 9117.673434932396 11621.519367939924 4815.168200562492    2    0
         0,  610  -0.707106781187  -0.000000000000   0.707106781187
                   0.577350269190  -0.577350269190   0.577350269190
         0,  612   0.707106781187   0.000000000000  -0.707106781187
                   0.577350269190  -0.577350269190   0.577350269190
0,  612 8525.672755389944 11378.521788356298 5164.171300521321    2    0
         0,  611  -0.707106781187  -0.000000000000   0.707106781187
                   0.577350269190  -0.577350269190   0.577350269190
         0,  613   0.707106781187   0.000000000000  -0.707106781187
                   0.577350269190  -0.577350269190   0.577350269190
0,  613 7933.672075847490 11135.524208772675 5513.174400480149    2    0
         0,  612  -0.707106781187  -0.000000000000   0.707106781187
                   0.577350269190  -0.577350269190   0.577350269190
         0,  614   0.707106781187   0.000000000000  -0.707106781187
                   0.577350269190  -0.577350269190   0.577350269190
0,  614 7341.671396305037 10892.526629189049 5862.177500438977    1    7
         0,  613  -0.707106781187  -0.000000000000   0.707106781187
                   0.577350269190  -0.577350269190   0.577350269190
0,  615 9954.354899528153 6187.394818897251 5879.170512279461    1    7
         0,  616  -0.707106781187  -0.000000000000  -0.707106781187
                   0.577350269190   0.577350269190  -0.577350269190
0,  616 9508.643731294591 6226.049502316338 5472.114027464985    2    0
         0,  615   0.707106781187   0.000000000000   0.707106781187
                   0.577350269190   0.577350269190  -0.577350269190
         0,  617  -0.707106781187  -0.000000000000  -0.707106781187
                   0.577350269190   0.577350269190  -0.577350269190
0,  617 9062.932563061029 6264.704185735423 5065.057542650509    2    0
         0,  616   0.707106781187   0.000000000000   0.707106781187
                   0.577350269190   0.577350269190  -0.577350269190
         0,  618  -0.707106781187  -0.000000000000  -0.707106781187
                   0.577350269190   0.577350269190  -0.577350269190
0,  618 8617.221394827468 6303.358869154510 4658.001057836034    2    0
         0,  617   0.707106781187   0.000000000000   0.707106781187
                   0.577350269190   0.577350269190  -0.577350269190
         0,  619  -0.707106781187  -0.000000000000  -0.707106781187
                   0.577350269190   0.577350269190  -0.577350269190
0,  619 8171.510226593905 6342.013552573596 4250.944573021558    1    7
         0,  618   0.707106781187   0.000000000000   0.707106781187
                   0.577350269190   0.577350269190  -0.577350269190
0,  620 4341.233116961773 7110.174954468475 1713.997342630826    1    7
         0,  621   0.000000000000   0.707106781187   0.707106781187
                   0.577350269190  -0.577350269190   0.577350269190
0,  621 4605.715773645438 7518.074803245853 1857.414534724539    2    0
         0,  620  -0.000000000000  -0.707106781187  -0.707106781187
                   0.577350269190  -0.577350269190   0.577350269190
         0,  622   0.000000000000   0.707106781187   0.707106781187
                   0.577350269190  -0.577350269190   0.577350269190
0,  622 4870.198430329103 7925.974652023232 2000.831726818252    2    0
         0,  621  -0.000000000000  -0.707106781187  -0.707106781187
                   0.577350269190  -0.577350269190   0.577350269190
         0,  623   0.000000000000   0.707106781187   0.707106781187
                   0.577350269190  -0.577350269190   0.577350269190
0,  623 5134.681087012768 8333.874500800610 2144.248918911965    2    0
         0,  622  -0.000000000000  -0.707106781187  -0.707106781187
                   0.577350269190  -0.577350269190   0.577350269190
         0,  624   0.000000000000   0.707106781187   0.707106781187
                   0.577350269190  -0.577350269190   0.577350269190
0,  624 5399.163743696433 8741.774349577989 2287.666111005678    1    7
         0,  623  -0.000000000000  -0.707106781187  -0.707106781187
                   0.577350269190  -0.577350269190   0.577350269190
0,  625 3371.420169637707 9218.355038028096 10896.368441840299    1    7
         0,  626  -0.707106781187  -0.000000000000  -0.707106781187
                   0.577350269190   0.577350269190  -0.577350269190
0,  626 3069.311950131557 9547.475706481968 10923.380890788021    2    0
         0,  625   0.707106781187   0.000000000000   0.707106781187
                   0.577350269190   0.577350269190  -0.577350269190
         0,  627  -0.707106781187  -0.000000000000  -0.707106781187
                   0.577350269190   0.577350269190  -0.577350269190
0,  627 2767.203730625407 9876.596374935842 10950.393339735743    2    0
         0,  626   0.707106781187   0.000000000000   0.707106781187
                   0.577350269190   0.577350269190  -0.577350269190
         0,  628  -0.707106781187  -0.000000000000  -0.707106781187
                   0.577350269190   0.577350269190  -0.577350269190
0,  628 2465.095511119257 10205.717043389714 10977.405788683465    2    0
         0,  627   0.707106781187   0.000000000000   0.707106781187
                   0.577350269190   0.577350269190  -0.577350269190
         0,  629  -0.707106781187  -0.000000000000  -0.707106781187
                   0.577350269190   0.577350269190  -0.577350269190
0,  629 2162.987291613107 10534.837711843586 11004.418237631189    1    7
         0,  628   0.707106781187   0.000000000000   0.707106781187
                   0.577350269190   0.577350269190  -0.577350269190
0,  630 8031.277082629979 10749.717288921405 4463.007291903651    1    7
         0,  631  -0.707106781187   0.707106781187  -0.000000000000
                   0.577350269190   0.577350269190   0.577350269190
0,  631 8305.993007422769 10406.480120469723 4531.528535562545    2    0
         0,  630   0.707106781187  -0.707106781187   0.000000000000
                   0.577350269190   0.577350269190   0.577350269190
         0,  632  -0.707106781187   0.707106781187  -0.000000000000
                   0.577350269190   0.577350269190   0.577350269190
0,  632 8580.708932215557 10063.242952018041 4600.049779221438    2    0
         0,  631   0.707106781187  -0.707106781187   0.000000000000
                   0.577350269190   0.577350269190   0.577350269190
         0,  633  -0.707106781187   0.707106781187  -0.000000000000
                   0.577350269190   0.577350269190   0.577350269190
0,  633 8855.424857008345 9720.005783566357 4668.571022880333    2    0
         0,  632   0.707106781187  -0.707106781187   0.000000000000
                   0.577350269190   0.577350269190   0.577350269190
         0,  634  -0.707106781187   0.707106781187  -0.000000000000
                   0.577350269190   0.577350269190   0.577350269190
0,  634 9130.140781801134 9376.768615114675 4737.092266539226    1    7
         0,  633   0.707106781187  -0.707106781187   0.000000000000
                   0.577350269190   0.577350269190   0.577350269190
0,  635 8194.867710903292 8645.309215238512 5814.486051712659    1    7
         0,  636   0.707106781187  -0.707106781187   0.000000000000
                   0.577350269190   0.577350269190  -0.577350269190
0,  636 8404.814799164338 8896.901005539114 6276.024930274307    2    0
         0,  635  -0.707106781187   0.707106781187  -0.000000000000
                   0.577350269190   0.577350269190  -0.577350269190
         0,  637   0.707106781187  -0.707106781187   0.000000000000
                   0.577350269190   0.577350269190  -0.577350269190
0,  637 8614.761887425386 9148.492795839715 6737.563808835955    2    0
         0,  636  -0.707106781187   0.707106781187  -0.000000000000
                   0.577350269190   0.577350269190  -0.577350269190
         0,  638   0.707106781187  -0.707106781187   0.000000000000
                   0.577350269190   0.577350269190  -0.577350269190
0,  638 8824.708975686432 9400.084586140316 7199.102687397602    2    0
         0,  637  -0.707106781187   0.707106781187  -0.000000000000
                   0.577350269190   0.577350269190  -0.577350269190
         0,  639   0.707106781187  -0.707106781187   0.000000000000
                   0.577350269190   0.577350269190  -0.577350269190
0,  639 9034.656063947479 9651.676376440917 7660.641565959250    1    7
         0,  638  -0.707106781187   0.707106781187  -0.000000000000
                   0.577350269190   0.577350269190  -0.577350269190
0,  640 10625.051814155424 9742.748421430191 1952.000584434860    1    7
         0,  641  -0.707106781187  -0.707106781187  -0.000000000000
                  -0.577350269190   0.577350269190   0.577350269190
0,  641 10259.674453632553 9585.349894697725 1744.021750644454    2    0
         0,  640   0.707106781187   0.707106781187   0.000000000000
                  -0.577350269190   0.577350269190   0.577350269190
         0,  642  -0.707106781187  -0.707106781187  -0.000000000000
                  -0.577350269190   0.577350269190   0.577350269190
0,  642 9894.297093109682 9427.951367965259 1536.042916854049    2    0
         0,  641   0.707106781187   0.707106781187   0.000000000000
                  -0.577350269190   0.577350269190   0.577350269190
         0,  643  -0.707106781187  -0.707106781187  -0.000000000000
                  -0.577350269190   0.577350269190   0.577350269190
0,  643 9528.919732586812 9270.552841232795 1328.064083063643    2    0
         0,  642   0.707106781187   0.707106781187   0.000000000000
                  -0.577350269190   0.577350269190   0.577350269190
         0,  644  -0.707106781187  -0.707106781187  -0.000000000000
                  -0.577350269190   0.577350269190   0.577350269190
0,  644 9163.542372063939 9113.154314500329 1120.085249273238    1    7
         0,  643   0.707106781187   0.707106781187   0.000000000000
                  -0.577350269190   0.577350269190   0.577350269190
0,  645 1383.758247264644 9416.683043840660 5353.989675801746    1    7
         0,  646  -0.707106781187  -0.000000000000   0.707106781187
                   0.577350269190   0.577350269190   0.577350269190
0,  646 1100.974113922782 10024.614060711634 5028.842792272633    2    0
         0,  645   0.707106781187   0.000000000000  -0.707106781187
                   0.577350269190   0.577350269190   0.577350269190
         0,  647  -0.707106781187  -0.000000000000   0.707106781187
                   0.577350269190   0.577350269190   0.577350269190
0,  647 818.189980580920 10632.545077582608 4703.695908743520    2    0
         0,  646   0.707106781187   0.000000000000  -0.707106781187
                   0.577350269190   0.577350269190   0.577350269190
         0,  648  -0.707106781187  -0.000000000000   0.707106781187
                   0.577350269190   0.577350269190   0.577350269190
0,  648 535.405847239059 11240.476094453583 4378.549025214406    2    0
         0,  647   0.707106781187   0.000000000000  -0.707106781187
                   0.577350269190   0.577350269190   0.577350269190
         0,  649  -0.707106781187  -0.000000000000   0.707106781187
                   0.577350269190   0.577350269190   0.577350269190
0,  649 252.621713897197 11848.407111324559 4053.402141685294    1    7
         0,  648   0.707106781187   0.000000000000  -0.707106781187
                   0.577350269190   0.577350269190   0.577350269190
0,  650 5759.432766052930 5557.074058514105 7668.635217666933    1    7
         0,  651  -0.000000000000  -0.707106781187  -0.707106781187
                   0.577350269190  -0.577350269190   0.577350269190
0,  651 5344.456960046169 4928.425941339228 7454.962906498818    2    0
         0,  650   0.000000000000   0.707106781187   0.707106781187
                   0.577350269190  -0.577350269190   0.577350269190
         0,  652  -0.000000000000  -0.707106781187  -0.707106781187
                   0.577350269190  -0.577350269190   0.577350269190
0,  652 4929.481154039409 4299.777824164352 7241.290595330702    2    0
         0,  651   0.000000000000   0.707106781187   0.707106781187
                   0.577350269190  -0.577350269190   0.577350269190
         0,  653  -0.000000000000  -0.707106781187  -0.707106781187
                   0.577350269190  -0.577350269190   0.577350269190
0,  653 4514.505348032649 3671.129706989476 7027.618284162585    2    0
         0,  652   0.000000000000   0.707106781187   0.707106781187
                   0.577350269190  -0.577350269190   0.577350269190
         0,  654  -0.000000000000  -0.707106781187  -0.707106781187
                   0.577350269190  -0.577350269190   0.577350269190
0,  654 4099.529542025888 3042.481589814600 6813.945972994469    1    7
         0,  653   0.000000000000   0.707106781187   0.707106781187
                   0.577350269190  -0.577350269190   0.577350269190
0,  655 6529.837944547924 9199.615842638626 5159.182976254302    1    7
         0,  656  -0.000000000000  -0.707106781187  -0.707106781187
                   0.577350269190  -0.577350269190   0.577350269190
0,  656 6829.144417565224 9752.876598018742 5413.137258617118    2    0
         0,  655   0.000000000000   0.707106781187   0.707106781187
                   0.577350269190  -0.577350269190   0.577350269190
         0,  657  -0.000000000000  -0.707106781187  -0.707106781187
                   0.577350269190  -0.577350269190   0.577350269190
0,  657 7128.450890582524 10306.137353398857 5667.091540979934    2    0
         0,  656   0.000000000000   0.707106781187   0.707106781187
                   0.577350269190  -0.577350269190   0.577350269190
         0,  658  -0.000000000000  -0.707106781187  -0.707106781187
                   0.577350269190  -0.577350269190   0.577350269190
0,  658 7427.757363599823 10859.398108778973 5921.045823342750    2    0
         0,  657   0.000000000000   0.707106781187   0.707106781187
                   0.577350269190  -0.577350269190   0.577350269190
         0,  659  -0.000000000000  -0.707106781187  -0.707106781187
                   0.577350269190  -0.577350269190   0.577350269190
0,  659 7727.063836617123 11412.658864159090 6175.000105705565    1    7
         0,  658   0.000000000000   0.707106781187   0.707106781187
                   0.577350269190  -0.577350269190   0.577350269190
0,  660 3893.534341541661 2934.986156832034 2472.061321291604    1    7
         0,  661  -0.707106781187  -0.000000000000   0.707106781187
                   0.577350269190   0.577350269190   0.577350269190
0,  661 4435.736456019964 2545.016968969013 2319.828394676322    2    0
         0,  660   0.707106781187   0.000000000000  -0.707106781187
                   0.577350269190   0.577350269190   0.577350269190
         0,  662  -0.707106781187  -0.000000000000   0.707106781187
                   0.577350269190   0.577350269190   0.577350269190
0,  662 4977.938570498267 2155.047781105992 2167.595468061041    2    0
         0,  661   0.707106781187   0.000000000000  -0.707106781187
                   0.577350269190   0.577350269190   0.577350269190
         0,  663  -0.707106781187  -0.000000000000   0.707106781187
                   0.577350269190   0.577350269190   0.577350269190
0,  663 5520.140684976570 1765.078593242970 2015.362541445759    2    0
         0,  662   0.707106781187   0.000000000000  -0.707106781187
                   0.577350269190   0.577350269190   0.577350269190
         0,  664  -0.707106781187  -0.000000000000   0.707106781187
                   0.577350269190   0.577350269190   0.577350269190
0,  664 6062.342799454873 1375.109405379949 1863.129614830478    1    7
         0,  663   0.707106781187   0.000000000000  -0.707106781187
                   0.577350269190   0.577350269190   0.577350269190
0,  665 9769.541836446115 2915.587720778939 1019.937093701259    1    7
         0,  666  -0.707106781187  -0.707106781187  -0.000000000000
                  -0.577350269190   0.577350269190   0.577350269190
0,  666 10223.846210668245 2935.408209022610 1454.420979679718    2    0
         0,  665   0.707106781187   0.707106781187   0.000000000000
                  -0.577350269190   0.577350269190   0.577350269190
         0,  667  -0.707106781187  -0.707106781187  -0.000000000000
                  -0.577350269190   0.577350269190   0.577350269190
0,  667 10678.150584890376 2955.228697266282 1888.904865658177    2    0
         0,  666   0.707106781187   0.707106781187   0.000000000000
                  -0.577350269190   0.577350269190   0.577350269190
         0,  668  -0.707106781187  -0.707106781187  -0.000000000000
                  -0.577350269190   0.577350269190   0.577350269190
0,  668 11132.454959112505 2975.049185509954 2323.388751636635    2    0
         0,  667   0.707106781187   0.707106781187   0.000000000000
                  -0.577350269190   0.577350269190   0.577350269190
         0,  669  -0.707106781187  -0.707106781187  -0.000000000000
                  -0.577350269190   0.577350269190   0.577350269190
0,  669 11586.759333334636 2994.869673753625 2757.872637615094    1    7
         0,  668   0.707106781187   0.707106781187   0.000000000000
                  -0.577350269190   0.577350269190   0.577350269190
0,  670 3749.568646244763 2066.110708635993 3273.796601806236    1    7
         0,  671  -0.707106781187   0.707106781187  -0.000000000000
                   0.577350269190   0.577350269190   0.577350269190
0,  671 3611.456480629895 2522.205963291305 2955.813512765792    2    0
         0,  670   0.707106781187  -0.707106781187   0.000000000000
                   0.577350269190   0.577350269190   0.577350269190
         0,  672  -0.707106781187   0.707106781187  -0.000000000000
                   0.577350269190   0.577350269190   0.577350269190
0,  672 3473.344315015027 2978.301217946616 2637.830423725349    2    0
         0,  671   0.707106781187  -0.707106781187   0.000000000000
                   0.577350269190   0.577350269190   0.577350269190
         0,  673  -0.707106781187   0.707106781187  -0.000000000000
                   0.577350269190   0.577350269190   0.577350269190
0,  673 3335.232149400159 3434.396472601928 2319.847334684906    2    0
         0,  672   0.707106781187  -0.707106781187   0.000000000000
                   0.577350269190   0.577350269190   0.577350269190
         0,  674  -0.707106781187   0.707106781187  -0.000000000000
                   0.577350269190   0.577350269190   0.577350269190
0,  674 3197.119983785291 3890.491727257239 2001.864245644462    1    7
         0,  673   0.707106781187  -0.707106781187   0.000000000000
                   0.577350269190   0.577350269190   0.577350269190
0,  675 4092.304629492914 871.621348035917 6655.592147223282    1    7
         0,  676   0.707106781187   0.000000000000   0.707106781187
                   0.577350269190   0.577350269190  -0.577350269190
0,  676 3766.023431002441 785.907662052240 6243.597262749133    2    0
         0,  675  -0.707106781187  -0.000000000000  -0.707106781187
                   0.577350269190   0.577350269190  -0.577350269190
         0,  677   0.707106781187   0.000000000000   0.707106781187
                   0.577350269190   0.577350269190  -0.577350269190
0,  677 3439.742232511968 700.193976068564 5831.602378274984    2    0
         0,  676  -0.707106781187  -0.000000000000  -0.707106781187
                   0.577350269190   0.577350269190  -0.577350269190
         0,  678   0.707106781187   0.000000000000   0.707106781187
                   0.577350269190   0.577350269190  -0.577350269190
0,  678 3113.461034021495 614.480290084888 5419.607493800835    2    0
         0,  677  -0.707106781187  -0.000000000000  -0.707106781187
                   0.577350269190   0.577350269190  -0.577350269190
         0,  679   0.707106781187   0.000000000000   0.707106781187
                   0.577350269190   0.577350269190  -0.577350269190
0,  679 2787.179835531022 528.766604101212 5007.612609326686    1    7
         0,  678  -0.707106781187  -0.000000000000  -0.707106781187
                   0.577350269190   0.577350269190  -0.577350269190
0,  680 6961.714949222503 2910.768490935507 2992.829348027057    1    7
         0,  681   0.707106781187   0.000000000000  -0.707106781187
                   0.577350269190  -0.577350269190   0.577350269190
0,  681 6470.253440329012 2467.409953712688 3040.932319697730    2    0
         0,  680  -0.707106781187  -0.000000000000   0.707106781187
                   0.577350269190  -0.577350269190   0.577350269190
         0,  682   0.707106781187   0.000000000000  -0.707106781187
                   0.577350269190  -0.577350269190   0.577350269190
0,  682 5978.791931435519 2024.051416489869 3089.035291368403    2    0
         0,  681  -0.707106781187  -0.000000000000   0.707106781187
                   0.577350269190  -0.577350269190   0.577350269190
         0,  683   0.707106781187   0.000000000000  -0.707106781187
                   0.577350269190  -0.577350269190   0.577350269190
0,  683 5487.330422542027 1580.692879267050 3137.138263039076    2    0
         0,  682  -0.707106781187  -0.000000000000   0.707106781187
                   0.577350269190  -0.577350269190   0.577350269190
         0,  684   0.707106781187   0.000000000000  -0.707106781187
                   0.577350269190  -0.577350269190   0.577350269190
0,  684 4995.868913648535 1137.334342044231 3185.241234709749    1    7
         0,  683  -0.707106781187  -0.000000000000   0.707106781187
                   0.577350269190  -0.577350269190   0.577350269190
0,  685 9900.600684941090 9238.664684128236 11878.419826003026    1    7
         0,  686  -0.707106781187  -0.000000000000  -0.707106781187
                  -0.577350269190   0.577350269190   0.577350269190
0,  686 10089.425781843089 9689.090252687512 11616.819354345749    2    0
         0,  685   0.707106781187   0.000000000000   0.707106781187
                  -0.577350269190   0.577350269190   0.577350269190
         0,  687  -0.707106781187  -0.000000000000  -0.707106781187
                  -0.577350269190   0.577350269190   0.577350269190
0,  687 10278.250878745088 10139.515821246789 11355.218882688472    2    0
         0,  686   0.707106781187   0.000000000000   0.707106781187
                  -0.577350269190   0.577350269190   0.577350269190
         0,  688  -0.707106781187  -0.000000000000  -0.707106781187
                  -0.577350269190   0.577350269190   0.577350269190
0,  688 10467.075975647087 10589.941389806065 11093.618411031195    2    0
         0,  687   0.707106781187   0.000000000000   0.707106781187
                  -0.577350269190   0.577350269190   0.577350269190
         0,  689  -0.707106781187  -0.000000000000  -0.707106781187
                  -0.577350269190   0.577350269190   0.577350269190
0,  689 10655.901072549086 11040.366958365341 10832.017939373918    1    7
         0,  688   0.707106781187   0.000000000000   0.707106781187
                  -0.577350269190   0.577350269190   0.577350269190
0,  690 2196.596135804718 1521.580188817095 3966.344923724516    1    7
         0,  691  -0.707106781187   0.707106781187  -0.000000000000
                   0.577350269190   0.577350269190  -0.577350269190
0,  691 1838.025542848713 1773.012329151758 3859.206471103174    2    0
         0,  690   0.707106781187  -0.707106781187   0.000000000000
                   0.577350269190   0.577350269190  -0.577350269190
         0,  692  -0.707106781187   0.707106781187  -0.000000000000
                   0.577350269190   0.577350269190  -0.577350269190
0,  692 1479.454949892709 2024.444469486421 3752.068018481833    2    0
         0,  691   0.707106781187  -0.707106781187   0.000000000000
                   0.577350269190   0.577350269190  -0.577350269190
         0,  693  -0.707106781187   0.707106781187  -0.000000000000
                   0.577350269190   0.577350269190  -0.577350269190
0,  693 1120.884356936705 2275.876609821083 3644.929565860491    2    0
         0,  692   0.707106781187  -0.707106781187   0.000000000000
                   0.577350269190   0.577350269190  -0.577350269190
         0,  694  -0.707106781187   0.707106781187  -0.000000000000
                   0.577350269190   0.577350269190  -0.577350269190
0,  694 762.313763980701 2527.308750155746 3537.791113239150    1    7
         0,  693   0.707106781187  -0.707106781187   0.000000000000
                   0.577350269190   0.577350269190  -0.577350269190
0,  695 10303.429693853304 8091.324204603903 5997.550763640684    1    7
         0,  696  -0.707106781187  -0.707106781187  -0.000000000000
                  -0.577350269190   0.577350269190   0.577350269190
0,  696 10120.059606849309 7660.445198692732 6245.059682547859    2    0
         0,  695   0.707106781187   0.707106781187   0.000000000000
                  -0.577350269190   0.577350269190   0.577350269190
         0,  697  -0.707106781187  -0.707106781187  -0.000000000000
                  -0.577350269190   0.577350269190   0.577350269190
0,  697 9936.689519845313 7229.566192781562 6492.568601455034    2    0
         0,  696   0.707106781187   0.707106781187   0.000000000000
                  -0.577350269190   0.577350269190   0.577350269190
         0,  698  -0.707106781187  -0.707106781187  -0.000000000000
                  -0.577350269190   0.577350269190   0.577350269190
0,  698 9753.319432841317 6798.687186870391 6740.077520362209    2    0
         0,  697   0.707106781187   0.707106781187   0.000000000000
                  -0.577350269190   0.577350269190   0.577350269190
         0,  699  -0.707106781187  -0.707106781187  -0.000000000000
                  -0.577350269190   0.577350269190   0.577350269190
0,  699 9569.949345837322 6367.808180959220 6987.586439269384    1    7
         0,  698   0.707106781187   0.707106781187   0.000000000000
                  -0.577350269190   0.577350269190   0.577350269190
0,  700 2635.382748453317 10397.499240828967 6023.387565073070    1    7
         0,  701  -0.707106781187   0.707106781187  -0.000000000000
                   0.577350269190   0.577350269190   0.577350269190
0,  701 2425.807111762405 10172.525969206878 6457.936473386070    2    0
         0,  700   0.707106781187  -0.707106781187   0.000000000000
                   0.577350269190   0.577350269190   0.577350269190
         0,  702  -0.707106781187   0.707106781187  -0.000000000000
                   0.577350269190   0.577350269190   0.577350269190
0,  702 2216.231475071493 9947.552697584790 6892.485381699072    2    0
         0,  701   0.707106781187  -0.707106781187   0.000000000000
                   0.577350269190   0.577350269190   0.577350269190
         0,  703  -0.707106781187   0.707106781187  -0.000000000000
                   0.577350269190   0.577350269190   0.577350269190
0,  703 2006.655838380581 9722.579425962700 7327.034290012072    2    0
         0,  702   0.707106781187  -0.707106781187   0.000000000000
                   0.577350269190   0.577350269190   0.577350269190
         0,  704  -0.707106781187   0.707106781187  -0.000000000000
                   0.577350269190   0.577350269190   0.577350269190
0,  704 1797.080201689669 9497.606154340610 7761.583198325074    1    7
         0,  703   0.707106781187  -0.707106781187   0.000000000000
                   0.577350269190   0.577350269190   0.577350269190
0,  705 3915.447091269975 5094.299332772748 9429.857965079053    1    7
         0,  706  -0.000000000000  -0.707106781187   0.707106781187
                   0.577350269190   0.577350269190   0.577350269190
0,  706 4290.849304918390 5003.343068295663 9145.412015907723    2    0
         0,  705   0.000000000000   0.707106781187  -0.707106781187
                   0.577350269190   0.577350269190   0.577350269190
         0,  707  -0.000000000000  -0.707106781187   0.707106781187
                   0.577350269190   0.577350269190   0.577350269190
0,  707 4666.251518566803 4912.386803818578 8860.966066736393    2    0
         0,  706   0.000000000000   0.707106781187  -0.707106781187
                   0.577350269190   0.577350269190   0.577350269190
         0,  708  -0.000000000000  -0.707106781187   0.707106781187
                   0.577350269190   0.577350269190   0.577350269190
0,  708 5041.653732215218 4821.430539341493 8576.520117565065    2    0
         0,  707   0.000000000000   0.707106781187  -0.707106781187
                   0.577350269190   0.577350269190   0.577350269190
         0,  709  -0.000000000000  -0.707106781187   0.707106781187
                   0.577350269190   0.577350269190   0.577350269190
0,  709 5417.055945863632 4730.474274864408 8292.074168393736    1    7
         0,  708   0.000000000000   0.707106781187  -0.707106781187
                   0.577350269190   0.577350269190   0.577350269190
0,  710 10912.074812851248 3010.237457938226 9621.334410939173    1    7
         0,  711  -0.707106781187  -0.000000000000   0.707106781187
                   0.577350269190   0.577350269190   0.577350269190
0,  711 11026.718736335075 2567.703728037756 9949.224217355817    2    0
         0,  710   0.707106781187   0.000000000000  -0.707106781187
                   0.577350269190   0.577350269190   0.577350269190
         0,  712  -0.707106781187  -0.000000000000   0.707106781187
                   0.577350269190   0.577350269190   0.577350269190
0,  712 11141.362659818900 2125.169998137286 10277.114023772459    2    0
         0,  711   0.707106781187   0.000000000000  -0.707106781187
                   0.577350269190   0.577350269190   0.577350269190
         0,  713  -0.707106781187  -0.000000000000   0.707106781187
                   0.577350269190   0.577350269190   0.577350269190
0,  713 11256.006583302727 1682.636268236816 10605.003830189104    2    0
         0,  712   0.707106781187   0.000000000000  -0.707106781187
                   0.577350269190   0.577350269190   0.577350269190
         0,  714  -0.707106781187  -0.000000000000   0.707106781187
                   0.577350269190   0.577350269190   0.577350269190
0,  714 11370.650506786555 1240.102538336346 10932.893636605746    1    7
         0,  713   0.707106781187   0.000000000000  -0.707106781187
                   0.577350269190   0.577350269190   0.577350269190
0,  715 10289.193993819154 3314.372020043677 4646.405514664567    1    7
         0,  716  -0.707106781187  -0.000000000000  -0.707106781187
                  -0.577350269190   0.577350269190   0.577350269190
0,  716 10141.564124410028 2963.425705962958 4849.721959336161    2    0
         0,  715   0.707106781187   0.000000000000   0.707106781187
                  -0.577350269190   0.577350269190   0.577350269190
         0,  717  -0.707106781187  -0.000000000000  -0.707106781187
                  -0.577350269190   0.577350269190   0.577350269190
0,  717 9993.934255000902 2612.479391882239 5053.038404007754    2    0
         0,  716   0.707106781187   0.000000000000   0.707106781187
                  -0.577350269190   0.577350269190   0.577350269190
         0,  718  -0.707106781187  -0.000000000000  -0.707106781187
                  -0.577350269190   0.577350269190   0.577350269190
0,  718 9846.304385591777 2261.533077801520 5256.354848679348    2    0
         0,  717   0.707106781187   0.000000000000   0.707106781187
                  -0.577350269190   0.577350269190   0.577350269190
         0,  719  -0.707106781187  -0.000000000000  -0.707106781187
                  -0.577350269190   0.577350269190   0.577350269190
0,  719 9698.674516182653 1910.586763720801 5459.671293350943    1    7
         0,  718   0.707106781187   0.000000000000   0.707106781187
                  -0.577350269190   0.577350269190   0.577350269190
